Effect/ymir work/effect/affect/dark.mse	d:/ymir work/effect/affect/dark.mse	1
Effect/ymir work/effect/background/big_resource copy.dds	d:/ymir work/effect/background/big_resource copy.dds	1
Effect/ymir work/effect/monster/halfsplash.dds	d:/ymir work/effect/monster/halfsplash.dds	1
Effect/ymir work/effect/monster2/redd_human_sattack_boom.mse	d:/ymir work/effect/monster2/redd_human_sattack_boom.mse	1
Effect/ymir work/effect/affect/damagevalue/damage_1.mse	d:/ymir work/effect/affect/damagevalue/damage_1.mse	1
Effect/ymir work/effect/background/greatstone.dds	d:/ymir work/effect/background/greatstone.dds	1
Effect/ymir work/effect/hit/blow_poison/poison_body_3.mse	d:/ymir work/effect/hit/blow_poison/poison_body_3.mse	1
Effect/ymir work/effect/affect/3spot.dds	d:/ymir work/effect/affect/3spot.dds	1
Effect/ymir work/effect/etc/fall/waterwheel_big.mse	d:/ymir work/effect/etc/fall/waterwheel_big.mse	1
Effect/ymir work/effect/affect/damagevalue/damage_crit_pen_8.dds	d:/ymir work/effect/affect/damagevalue/damage_crit_pen_8.dds	1
Effect/ymir work/effect/etc/guild_war_flag/guild_flag.dds	d:/ymir work/effect/etc/guild_war_flag/guild_flag.dds	1
Effect/ymir work/effect/affect/dark_loop.mse	d:/ymir work/effect/affect/dark_loop.mse	1
Effect/ymir work/effect/background/des_fragment.dds	d:/ymir work/effect/background/des_fragment.dds	1
Effect/ymir work/effect/affect/damagevalue/damage_crit_pen_1.dds	d:/ymir work/effect/affect/damagevalue/damage_crit_pen_1.dds	1
Effect/ymir work/effect/monster2/fire_king_24.mse	d:/ymir work/effect/monster2/fire_king_24.mse	1
Effect/ymir work/effect/etc/fishing/drop.dds	d:/ymir work/effect/etc/fishing/drop.dds	1
Effect/ymir work/effect/hit/blow_3/15-starsmall.dds	d:/ymir work/effect/hit/blow_3/15-starsmall.dds	1
Effect/ymir work/effect/affect/damagevalue/critical.mse	d:/ymir work/effect/affect/damagevalue/critical.mse	1
Effect/ymir work/effect/monster2/stonepiece_1 copy.dds	d:/ymir work/effect/monster2/stonepiece_1 copy.dds	1
Effect/ymir work/effect/monster2/mob_blow1.mse	d:/ymir work/effect/monster2/mob_blow1.mse	1
Effect/ymir work/effect/affect/poison_loop.mse	d:/ymir work/effect/affect/poison_loop.mse	1
Effect/ymir work/effect/affect/damagevalue/damage_1.dds	d:/ymir work/effect/affect/damagevalue/damage_1.dds	1
Effect/ymir work/effect/etc/emoticon/money_1.dds	d:/ymir work/effect/etc/emoticon/money_1.dds	1
Effect/ymir work/effect/monster2/w_impact3_2.mse	d:/ymir work/effect/monster2/w_impact3_2.mse	1
Effect/ymir work/effect/monster2/redd_0003.dds	d:/ymir work/effect/monster2/redd_0003.dds	1
Effect/ymir work/effect/etc/compass/comround.dds	d:/ymir work/effect/etc/compass/comround.dds	1
Effect/ymir work/effect/monster/yong_gwon_pa copy.dds	d:/ymir work/effect/monster/yong_gwon_pa copy.dds	1
Effect/ymir work/effect/etc/emoticon/happy.dds	d:/ymir work/effect/etc/emoticon/happy.dds	1
Effect/ymir work/effect/etc/compete/ready_k.dds	d:/ymir work/effect/etc/compete/ready_k.dds	1
Effect/ymir work/effect/affect/fact_attack.mse	d:/ymir work/effect/affect/fact_attack.mse	1
Effect/ymir work/effect/background/metinstone_loop_2.mse	d:/ymir work/effect/background/metinstone_loop_2.mse	1
Effect/ymir work/effect/monster2/snakevalley_knight03_s1_blow.mse	d:/ymir work/effect/monster2/snakevalley_knight03_s1_blow.mse	1
Effect/ymir work/effect/affect/damagevalue/target_7.dds	d:/ymir work/effect/affect/damagevalue/target_7.dds	1
Effect/ymir work/effect/monster2/12_dog_s3_blow.mse	d:/ymir work/effect/monster2/12_dog_s3_blow.mse	1
Effect/ymir work/effect/etc/christmas_tree/tree_2s.mse	d:/ymir work/effect/etc/christmas_tree/tree_2s.mse	1
Effect/ymir work/effect/affect/palsy_loop.mse	d:/ymir work/effect/affect/palsy_loop.mse	1
Effect/ymir work/effect/affect/damagevalue/burn_8.dds	d:/ymir work/effect/affect/damagevalue/burn_8.dds	1
Effect/ymir work/effect/etc/!.mse	d:/ymir work/effect/etc/!.mse	1
Effect/ymir work/effect/etc/gathering/ga_spirit_tri.mse	d:/ymir work/effect/etc/gathering/ga_spirit_tri.mse	1
Effect/ymir work/effect/monster2/ent_trent_blow.mse	d:/ymir work/effect/monster2/ent_trent_blow.mse	1
Effect/ymir work/effect/affect/stone.dds	d:/ymir work/effect/affect/stone.dds	1
Effect/ymir work/effect/monster2/earth_magic_s1_fire.mse	d:/ymir work/effect/monster2/earth_magic_s1_fire.mse	1
Effect/ymir work/effect/etc/firecracker/firecracker_4.msf	d:/ymir work/effect/etc/firecracker/firecracker_4.msf	1
Effect/ymir work/effect/monster2/redd_sattack2.mse	d:/ymir work/effect/monster2/redd_sattack2.mse	1
Effect/ymir work/effect/affect/fast_run.mse	d:/ymir work/effect/affect/fast_run.mse	1
Effect/ymir work/effect/monster2/goblin_boss_s2_boom.mse	d:/ymir work/effect/monster2/goblin_boss_s2_boom.mse	1
Effect/ymir work/effect/etc/click/pc_click_glow_select.mse	d:/ymir work/effect/etc/click/pc_click_glow_select.mse	1
Effect/ymir work/effect/etc/appear_die/monster_die.mse	d:/ymir work/effect/etc/appear_die/monster_die.mse	1
Effect/ymir work/effect/affect/damagevalue/damage_crit_pen_7.dds	d:/ymir work/effect/affect/damagevalue/damage_crit_pen_7.dds	1
Effect/ymir work/effect/etc/fishing/float.tga	d:/ymir work/effect/etc/fishing/float.tga	1
Effect/ymir work/effect/affect/damagevalue/damage_4.dds	d:/ymir work/effect/affect/damagevalue/damage_4.dds	1
Effect/ymir work/effect/affect/polsy copy.dds	d:/ymir work/effect/affect/polsy copy.dds	1
Effect/ymir work/effect/monster/milgyo_founder_20_loop.mse	d:/ymir work/effect/monster/milgyo_founder_20_loop.mse	1
Effect/ymir work/effect/monster2/defense_pwan_loop_fire6.mse	d:/ymir work/effect/monster2/defense_pwan_loop_fire6.mse	1
Effect/ymir work/effect/monster/evil_eye_20_throw.mse	d:/ymir work/effect/monster/evil_eye_20_throw.mse	1
Effect/ymir work/effect/affect/silent.dds	d:/ymir work/effect/affect/silent.dds	1
Effect/ymir work/effect/monster2/12_mon_s1_impact.mse	d:/ymir work/effect/monster2/12_mon_s1_impact.mse	1
Effect/ymir work/effect/etc/gathering/ga_center_small_blue.mse	d:/ymir work/effect/etc/gathering/ga_center_small_blue.mse	1
Effect/ymir work/effect/affect/damagevalue/damage_crit_6.dds	d:/ymir work/effect/affect/damagevalue/damage_crit_6.dds	1
Effect/ymir work/effect/monster2/element_soul_s1_spin03.mse	d:/ymir work/effect/monster2/element_soul_s1_spin03.mse	1
Effect/ymir work/effect/etc/direction/direction_yellow.mse	d:/ymir work/effect/etc/direction/direction_yellow.mse	1
Effect/ymir work/effect/etc/gathering/ga_chips_small.dds	d:/ymir work/effect/etc/gathering/ga_chips_small.dds	1
Effect/ymir work/effect/affect/silent_loop.mse	d:/ymir work/effect/affect/silent_loop.mse	1
Effect/ymir work/effect/monster2/12zi_horse_ice.dds	d:/ymir work/effect/monster2/12zi_horse_ice.dds	1
Effect/ymir work/effect/affect/damagevalue/damage_crit_9.dds	d:/ymir work/effect/affect/damagevalue/damage_crit_9.dds	1
Effect/ymir work/effect/affect/damagevalue/damage_5.dds	d:/ymir work/effect/affect/damagevalue/damage_5.dds	1
Effect/ymir work/effect/hit/blow_1/1.mse	d:/ymir work/effect/hit/blow_1/1.mse	1
Effect/ymir work/effect/etc/fishing/fishing_fail.mse	d:/ymir work/effect/etc/fishing/fishing_fail.mse	1
Effect/ymir work/effect/affect/damagevalue/damage.mse	d:/ymir work/effect/affect/damagevalue/damage.mse	1
Effect/ymir work/effect/affect/damagevalue/target_crit.mse	d:/ymir work/effect/affect/damagevalue/target_crit.mse	1
Effect/ymir work/effect/monster2/redd_0006.dds	d:/ymir work/effect/monster2/redd_0006.dds	1
Effect/ymir work/effect/affect/silentblack.dds	d:/ymir work/effect/affect/silentblack.dds	1
Effect/ymir work/effect/etc/stun/stum_inter_pasthit.dds	d:/ymir work/effect/etc/stun/stum_inter_pasthit.dds	1
Effect/ymir work/effect/affect/z.dds	d:/ymir work/effect/affect/z.dds	1
Effect/ymir work/effect/monster2/w_redd_human_sattack1_start.mse	d:/ymir work/effect/monster2/w_redd_human_sattack1_start.mse	1
Effect/ymir work/effect/monster2/smhgate_flower_08.mse	d:/ymir work/effect/monster2/smhgate_flower_08.mse	1
Effect/ymir work/effect/affect/damagevalue/target_pen_4.dds	d:/ymir work/effect/affect/damagevalue/target_pen_4.dds	1
Effect/ymir work/effect/affect/damagevalue/poison_7.dds	d:/ymir work/effect/affect/damagevalue/poison_7.dds	1
Effect/ymir work/effect/monster2/spell2_1.dds	d:/ymir work/effect/monster2/spell2_1.dds	1
Effect/ymir work/effect/monster/orc_magician_20_1_blow.mse	d:/ymir work/effect/monster/orc_magician_20_1_blow.mse	1
Effect/ymir work/effect/affect/sleep_loop.mse	d:/ymir work/effect/affect/sleep_loop.mse	1
Effect/ymir work/effect/monster2/smh_thorn_01.dds	d:/ymir work/effect/monster2/smh_thorn_01.dds	1
Effect/ymir work/effect/monster2/defense_medusa_s3_arrow.mse	d:/ymir work/effect/monster2/defense_medusa_s3_arrow.mse	1
Effect/ymir work/effect/etc/direction/direction_red.mse	d:/ymir work/effect/etc/direction/direction_red.mse	1
Effect/ymir work/effect/affect/slow.dds	d:/ymir work/effect/affect/slow.dds	1
Effect/ymir work/effect/affect/slow.mse	d:/ymir work/effect/affect/slow.mse	1
Effect/ymir work/effect/etc/emoticon/money_1.mse	d:/ymir work/effect/etc/emoticon/money_1.mse	1
Effect/ymir work/effect/affect/damagevalue/poison.mse	d:/ymir work/effect/affect/damagevalue/poison.mse	1
Effect/ymir work/effect/monster2/snake_regen.mse	d:/ymir work/effect/monster2/snake_regen.mse	1
Effect/ymir work/effect/affect/damagevalue/damage_6.dds	d:/ymir work/effect/affect/damagevalue/damage_6.dds	1
Effect/ymir work/effect/monster2/12_rotation_2.dds	d:/ymir work/effect/monster2/12_rotation_2.dds	1
Effect/ymir work/effect/monster2/smhgate_flower_leaf_7.dds	d:/ymir work/effect/monster2/smhgate_flower_leaf_7.dds	1
Effect/ymir work/effect/affect/damagevalue/burn_3.dds	d:/ymir work/effect/affect/damagevalue/burn_3.dds	1
Effect/ymir work/effect/affect/stone_loop.mse	d:/ymir work/effect/affect/stone_loop.mse	1
Effect/ymir work/effect/affect/damagevalue/damage_9.dds	d:/ymir work/effect/affect/damagevalue/damage_9.dds	1
Effect/ymir work/effect/etc/gathering/gathering_tri.mde	d:/ymir work/effect/etc/gathering/gathering_tri.mde	1
Effect/ymir work/effect/monster2/12_a06_na1_arrow.msf	d:/ymir work/effect/monster2/12_a06_na1_arrow.msf	1
Effect/ymir work/effect/etc/emoticon/love_s.mse	d:/ymir work/effect/etc/emoticon/love_s.mse	1
Effect/ymir work/effect/affect/damagevalue/damage_pen_3.dds	d:/ymir work/effect/affect/damagevalue/damage_pen_3.dds	1
Effect/ymir work/effect/hit/blow_flame/flame_blow.mse	d:/ymir work/effect/hit/blow_flame/flame_blow.mse	1
Effect/ymir work/effect/etc/click/click_select_big.tga	d:/ymir work/effect/etc/click/click_select_big.tga	1
Effect/ymir work/effect/affect/web.dds	d:/ymir work/effect/affect/web.dds	1
Effect/ymir work/effect/affect/web.mse	d:/ymir work/effect/affect/web.mse	1
Effect/ymir work/effect/affect/damagevalue/target_crit_pen_6.dds	d:/ymir work/effect/affect/damagevalue/target_crit_pen_6.dds	1
Effect/ymir work/effect/affect/damagevalue/burn.mse	d:/ymir work/effect/affect/damagevalue/burn.mse	1
Effect/ymir work/effect/monster2/goblin_boss_s1_blow.mse	d:/ymir work/effect/monster2/goblin_boss_s1_blow.mse	1
Effect/ymir work/effect/affect/damagevalue/burn_9.dds	d:/ymir work/effect/affect/damagevalue/burn_9.dds	1
Effect/ymir work/effect/etc/!.tga	d:/ymir work/effect/etc/!.tga	1
Effect/ymir work/effect/affect/damagevalue/burn_0.dds	d:/ymir work/effect/affect/damagevalue/burn_0.dds	1
Effect/ymir work/effect/monster2/12_mou_s3_drop.mse	d:/ymir work/effect/monster2/12_mou_s3_drop.mse	1
Effect/ymir work/effect/monster/ice_snow_monster_20_throw.mse	d:/ymir work/effect/monster/ice_snow_monster_20_throw.mse	1
Effect/ymir work/effect/affect/damagevalue/poison_8.dds	d:/ymir work/effect/affect/damagevalue/poison_8.dds	1
Effect/ymir work/effect/background/metinstone_splash.mde	d:/ymir work/effect/background/metinstone_splash.mde	1
Effect/ymir work/effect/etc/firecracker/firecracker_6.mse	d:/ymir work/effect/etc/firecracker/firecracker_6.mse	1
Effect/ymir work/effect/affect/damagevalue/damage_crit_0.dds	d:/ymir work/effect/affect/damagevalue/damage_crit_0.dds	1
Effect/ymir work/effect/etc/fall/fall_smoke.dds	d:/ymir work/effect/etc/fall/fall_smoke.dds	1
Effect/ymir work/effect/monster2/naga_maze_n1_throw.mse	d:/ymir work/effect/monster2/naga_maze_n1_throw.mse	1
Effect/ymir work/effect/affect/damagevalue/burn_1.dds	d:/ymir work/effect/affect/damagevalue/burn_1.dds	1
Effect/ymir work/effect/etc/christmas_tree/banzzak.dds	d:/ymir work/effect/etc/christmas_tree/banzzak.dds	1
Effect/ymir work/effect/monster2/smoke2_ice1.mse	d:/ymir work/effect/monster2/smoke2_ice1.mse	1
Effect/ymir work/effect/affect/damagevalue/nontarget_3.dds	d:/ymir work/effect/affect/damagevalue/nontarget_3.dds	1
Effect/ymir work/effect/hit/blow_3/15.mse	d:/ymir work/effect/hit/blow_3/15.mse	1
Effect/ymir work/effect/affect/damagevalue/burn_2.dds	d:/ymir work/effect/affect/damagevalue/burn_2.dds	1
Effect/ymir work/effect/affect/damagevalue/burn_4.dds	d:/ymir work/effect/affect/damagevalue/burn_4.dds	1
Effect/ymir work/effect/monster/17_2.dds	d:/ymir work/effect/monster/17_2.dds	1
Effect/ymir work/effect/affect/damagevalue/burn_5.dds	d:/ymir work/effect/affect/damagevalue/burn_5.dds	1
Effect/ymir work/effect/affect/damagevalue/nontarget_6.dds	d:/ymir work/effect/affect/damagevalue/nontarget_6.dds	1
Effect/ymir work/effect/affect/damagevalue/damage_crit_7.dds	d:/ymir work/effect/affect/damagevalue/damage_crit_7.dds	1
Effect/ymir work/effect/background/metinstone_loop_4_orange.mse	d:/ymir work/effect/background/metinstone_loop_4_orange.mse	1
Effect/ymir work/effect/affect/damagevalue/burn_6.dds	d:/ymir work/effect/affect/damagevalue/burn_6.dds	1
Effect/ymir work/effect/monster2/mash_ray1_1.mde	d:/ymir work/effect/monster2/mash_ray1_1.mde	1
Effect/ymir work/effect/background/metinstone_01.dds	d:/ymir work/effect/background/metinstone_01.dds	1
Effect/ymir work/effect/monster2/w_ent_black.mse	d:/ymir work/effect/monster2/w_ent_black.mse	1
Effect/ymir work/effect/etc/empire/empire_a.mse	d:/ymir work/effect/etc/empire/empire_a.mse	1
Effect/ymir work/effect/etc/levelup_2/2.mse	d:/ymir work/effect/etc/levelup_2/2.mse	1
Effect/ymir work/effect/etc/emoticon/fish.mse	d:/ymir work/effect/etc/emoticon/fish.mse	1
Effect/ymir work/effect/affect/damagevalue/burn_7.dds	d:/ymir work/effect/affect/damagevalue/burn_7.dds	1
Effect/ymir work/effect/background/volcano_biglongsmoke.mse	d:/ymir work/effect/background/volcano_biglongsmoke.mse	1
Effect/ymir work/effect/etc/compete/start_k.dds	d:/ymir work/effect/etc/compete/start_k.dds	1
Effect/ymir work/effect/affect/damagevalue/critical.dds	d:/ymir work/effect/affect/damagevalue/critical.dds	1
Effect/ymir work/effect/background/lens_violet_twril.dds	d:/ymir work/effect/background/lens_violet_twril.dds	1
Effect/ymir work/effect/monster2/snakevalley_knight02_s1_impact.mde	d:/ymir work/effect/monster2/snakevalley_knight02_s1_impact.mde	1
Effect/ymir work/effect/etc/stun/2-star.dds	d:/ymir work/effect/etc/stun/2-star.dds	1
Effect/ymir work/effect/affect/damagevalue/critical_original.mse	d:/ymir work/effect/affect/damagevalue/critical_original.mse	1
Effect/ymir work/effect/etc/myshop/2-starsmall.dds	d:/ymir work/effect/etc/myshop/2-starsmall.dds	1
Effect/ymir work/effect/monster2/east_boss_s2_blow.mse	d:/ymir work/effect/monster2/east_boss_s2_blow.mse	1
Effect/ymir work/effect/background/metinstone_loop_4_blue.mse	d:/ymir work/effect/background/metinstone_loop_4_blue.mse	1
Effect/ymir work/effect/affect/damagevalue/damage_crit_5.dds	d:/ymir work/effect/affect/damagevalue/damage_crit_5.dds	1
Effect/ymir work/effect/monster/spider_king_20_1_throw.mse	d:/ymir work/effect/monster/spider_king_20_1_throw.mse	1
Effect/ymir work/effect/etc/boss_effect/boss.tga	d:/ymir work/effect/etc/boss_effect/boss.tga	1
Effect/ymir work/effect/etc/compete/number.mse	d:/ymir work/effect/etc/compete/number.mse	1
Effect/ymir work/effect/etc/gathering/ga_spirit_red.mse	d:/ymir work/effect/etc/gathering/ga_spirit_red.mse	1
Effect/ymir work/effect/monster/doughnut.dds	d:/ymir work/effect/monster/doughnut.dds	1
Effect/ymir work/effect/etc/compete/dae.dds	d:/ymir work/effect/etc/compete/dae.dds	1
Effect/ymir work/effect/affect/damagevalue/damage_0.dds	d:/ymir work/effect/affect/damagevalue/damage_0.dds	1
Effect/ymir work/effect/monster2/smhgate_flower_leaf.dds	d:/ymir work/effect/monster2/smhgate_flower_leaf.dds	1
Effect/ymir work/effect/monster2/east_mage_n1_throw.mse	d:/ymir work/effect/monster2/east_mage_n1_throw.mse	1
Effect/ymir work/effect/monster2/12zi_monkey_sa01_impact02.mde	d:/ymir work/effect/monster2/12zi_monkey_sa01_impact02.mde	1
Effect/ymir work/effect/affect/damagevalue/damage_2.dds	d:/ymir work/effect/affect/damagevalue/damage_2.dds	1
Effect/ymir work/effect/monster/spider_king_20_1_throw.msf	d:/ymir work/effect/monster/spider_king_20_1_throw.msf	1
Effect/ymir work/effect/etc/firecracker/firecracker_1.mse	d:/ymir work/effect/etc/firecracker/firecracker_1.mse	1
Effect/ymir work/effect/etc/click/click_glow_select_big copy.dds	d:/ymir work/effect/etc/click/click_glow_select_big copy.dds	1
Effect/ymir work/effect/monster2/defense_naga_n2_impact.mse	d:/ymir work/effect/monster2/defense_naga_n2_impact.mse	1
Effect/ymir work/effect/background/metinstone_loop_2_purple.mse	d:/ymir work/effect/background/metinstone_loop_2_purple.mse	1
Effect/ymir work/effect/background/lens_violet_twril.tga	d:/ymir work/effect/background/lens_violet_twril.tga	1
Effect/ymir work/effect/background/resource_1.mde	d:/ymir work/effect/background/resource_1.mde	1
Effect/ymir work/effect/background/metinstone_loop_4_yellow.mse	d:/ymir work/effect/background/metinstone_loop_4_yellow.mse	1
Effect/ymir work/effect/affect/damagevalue/damage_3.dds	d:/ymir work/effect/affect/damagevalue/damage_3.dds	1
Effect/ymir work/effect/etc/click/pc_click_glow_select_big.mse	d:/ymir work/effect/etc/click/pc_click_glow_select_big.mse	1
Effect/ymir work/effect/monster2/fire_dragon_step.mse	d:/ymir work/effect/monster2/fire_dragon_step.mse	1
Effect/ymir work/effect/monster/milgyo_founder_20_blow.mse	d:/ymir work/effect/monster/milgyo_founder_20_blow.mse	1
Effect/ymir work/effect/affect/damagevalue/damage_7.dds	d:/ymir work/effect/affect/damagevalue/damage_7.dds	1
Effect/ymir work/effect/monster2/whitedragon_s_pawn_n2_blow.mse	d:/ymir work/effect/monster2/whitedragon_s_pawn_n2_blow.mse	1
Effect/ymir work/effect/etc/gathering/ga_piece_red_smallest.msf	d:/ymir work/effect/etc/gathering/ga_piece_red_smallest.msf	1
Effect/ymir work/effect/monster2/12_she_s3_recall.mse	d:/ymir work/effect/monster2/12_she_s3_recall.mse	1
Effect/ymir work/effect/etc/gathering/dust copy.dds	d:/ymir work/effect/etc/gathering/dust copy.dds	1
Effect/ymir work/effect/etc/emoticon/buld.dds	d:/ymir work/effect/etc/emoticon/buld.dds	1
Effect/ymir work/effect/etc/click/click.dds	d:/ymir work/effect/etc/click/click.dds	1
Effect/ymir work/effect/affect/damagevalue/damage_crit_pen_2.dds	d:/ymir work/effect/affect/damagevalue/damage_crit_pen_2.dds	1
Effect/ymir work/effect/monster2/12_dog_s3_drop.mse	d:/ymir work/effect/monster2/12_dog_s3_drop.mse	1
Effect/ymir work/effect/monster2/ent_trent_fly.msf	d:/ymir work/effect/monster2/ent_trent_fly.msf	1
Effect/ymir work/effect/affect/damagevalue/damage_8.dds	d:/ymir work/effect/affect/damagevalue/damage_8.dds	1
Effect/ymir work/effect/affect/damagevalue/damage_crit_1.dds	d:/ymir work/effect/affect/damagevalue/damage_crit_1.dds	1
Effect/ymir work/effect/background/metinstone_loop_4.mse	d:/ymir work/effect/background/metinstone_loop_4.mse	1
Effect/ymir work/effect/monster2/12_dog_s1_head.mse	d:/ymir work/effect/monster2/12_dog_s1_head.mse	1
Effect/ymir work/effect/monster2/12_dra_s1_throw.mse	d:/ymir work/effect/monster2/12_dra_s1_throw.mse	1
Effect/ymir work/effect/monster2/mob_hide1.mse	d:/ymir work/effect/monster2/mob_hide1.mse	1
Effect/ymir work/effect/affect/damagevalue/damage_crit_2.dds	d:/ymir work/effect/affect/damagevalue/damage_crit_2.dds	1
Effect/ymir work/effect/etc/compass/appear_middle.mde	d:/ymir work/effect/etc/compass/appear_middle.mde	1
Effect/ymir work/effect/monster2/12_she_s1_throw.mse	d:/ymir work/effect/monster2/12_she_s1_throw.mse	1
Effect/ymir work/effect/affect/damagevalue/damage_crit_3.dds	d:/ymir work/effect/affect/damagevalue/damage_crit_3.dds	1
Effect/ymir work/effect/monster2/12_rbt_s03_drop.mse	d:/ymir work/effect/monster2/12_rbt_s03_drop.mse	1
Effect/ymir work/effect/affect/damagevalue/target_pen_6.dds	d:/ymir work/effect/affect/damagevalue/target_pen_6.dds	1
Effect/ymir work/effect/monster2/whitedragon_boss2_s2_making.mse	d:/ymir work/effect/monster2/whitedragon_boss2_s2_making.mse	1
Effect/ymir work/effect/monster2/empire_zhang_s1_impect.mse	d:/ymir work/effect/monster2/empire_zhang_s1_impect.mse	1
Effect/ymir work/effect/affect/damagevalue/damage_crit_4.dds	d:/ymir work/effect/affect/damagevalue/damage_crit_4.dds	1
Effect/ymir work/effect/affect/damagevalue/damage_crit_8.dds	d:/ymir work/effect/affect/damagevalue/damage_crit_8.dds	1
Effect/ymir work/effect/monster2/12zi_003.dds	d:/ymir work/effect/monster2/12zi_003.dds	1
Effect/ymir work/effect/background/fb3.dds	d:/ymir work/effect/background/fb3.dds	1
Effect/ymir work/effect/monster2/12_a04_na1_spin.mse	d:/ymir work/effect/monster2/12_a04_na1_spin.mse	1
Effect/ymir work/effect/etc/click/2.mde	d:/ymir work/effect/etc/click/2.mde	1
Effect/ymir work/effect/monster2/defense_soul_n1_throw.msf	d:/ymir work/effect/monster2/defense_soul_n1_throw.msf	1
Effect/ymir work/effect/monster/yellow_tigerman_24.mse	d:/ymir work/effect/monster/yellow_tigerman_24.mse	1
Effect/ymir work/effect/affect/damagevalue/damage_crit_pen_0.dds	d:/ymir work/effect/affect/damagevalue/damage_crit_pen_0.dds	1
Effect/ymir work/effect/etc/click/npc_click_select_big.mse	d:/ymir work/effect/etc/click/npc_click_select_big.mse	1
Effect/ymir work/effect/etc/key/key_loop.mse	d:/ymir work/effect/etc/key/key_loop.mse	1
Effect/ymir work/effect/affect/damagevalue/damage_crit_pen_3.dds	d:/ymir work/effect/affect/damagevalue/damage_crit_pen_3.dds	1
Effect/ymir work/effect/monster2/icecrystal_valley_s_pawn_n1.mse	d:/ymir work/effect/monster2/icecrystal_valley_s_pawn_n1.mse	1
Effect/ymir work/effect/affect/damagevalue/nontarget.mse	d:/ymir work/effect/affect/damagevalue/nontarget.mse	1
Effect/ymir work/effect/background/resourcegate_resource.mde	d:/ymir work/effect/background/resourcegate_resource.mde	1
Effect/ymir work/effect/affect/damagevalue/target_pen_0.dds	d:/ymir work/effect/affect/damagevalue/target_pen_0.dds	1
Effect/ymir work/effect/affect/damagevalue/damage_crit_pen_4.dds	d:/ymir work/effect/affect/damagevalue/damage_crit_pen_4.dds	1
Effect/ymir work/effect/monster2/impact_water2.mse	d:/ymir work/effect/monster2/impact_water2.mse	1
Effect/ymir work/effect/affect/damagevalue/damage_crit_pen_5.dds	d:/ymir work/effect/affect/damagevalue/damage_crit_pen_5.dds	1
Effect/ymir work/effect/etc/firecracker/firecracker_5.mse	d:/ymir work/effect/etc/firecracker/firecracker_5.mse	1
Effect/ymir work/effect/monster/white_sphere.dds	d:/ymir work/effect/monster/white_sphere.dds	1
Effect/ymir work/effect/etc/christmas_tree/christmas_etc.dds	d:/ymir work/effect/etc/christmas_tree/christmas_etc.dds	1
Effect/ymir work/effect/affect/damagevalue/damage_crit_pen_6.dds	d:/ymir work/effect/affect/damagevalue/damage_crit_pen_6.dds	1
Effect/ymir work/effect/etc/emoticon/money.mse	d:/ymir work/effect/etc/emoticon/money.mse	1
Effect/ymir work/effect/affect/damagevalue/damage_crit_pen_9.dds	d:/ymir work/effect/affect/damagevalue/damage_crit_pen_9.dds	1
Effect/ymir work/effect/monster2/whitedragon_s_knight_n1.msf	d:/ymir work/effect/monster2/whitedragon_s_knight_n1.msf	1
Effect/ymir work/effect/affect/damagevalue/damage_miss.dds	d:/ymir work/effect/affect/damagevalue/damage_miss.dds	1
Effect/ymir work/effect/etc/gathering/ga_center copy.dds	d:/ymir work/effect/etc/gathering/ga_center copy.dds	1
Effect/ymir work/effect/background/metinstone_splash.mse	d:/ymir work/effect/background/metinstone_splash.mse	1
Effect/ymir work/effect/etc/gathering/ga_center_small_yellow.mse	d:/ymir work/effect/etc/gathering/ga_center_small_yellow.mse	1
Effect/ymir work/effect/monster2/element_soul_n1_boom05.mse	d:/ymir work/effect/monster2/element_soul_n1_boom05.mse	1
Effect/ymir work/effect/affect/damagevalue/target_1.dds	d:/ymir work/effect/affect/damagevalue/target_1.dds	1
Effect/ymir work/effect/affect/damagevalue/damage_pen_0.dds	d:/ymir work/effect/affect/damagevalue/damage_pen_0.dds	1
Effect/ymir work/effect/etc/ox/success.mse	d:/ymir work/effect/etc/ox/success.mse	1
Effect/ymir work/effect/background/metinstone_loop_4_whitepurple.mse	d:/ymir work/effect/background/metinstone_loop_4_whitepurple.mse	1
Effect/ymir work/effect/affect/damagevalue/damage_pen_1.dds	d:/ymir work/effect/affect/damagevalue/damage_pen_1.dds	1
Effect/ymir work/effect/monster2/12_dog_s1_smoke.mse	d:/ymir work/effect/monster2/12_dog_s1_smoke.mse	1
Effect/ymir work/effect/monster2/12_tiger_s3_drop.mse	d:/ymir work/effect/monster2/12_tiger_s3_drop.mse	1
Effect/ymir work/effect/etc/emoticon/rain2.dds	d:/ymir work/effect/etc/emoticon/rain2.dds	1
Effect/ymir work/effect/affect/damagevalue/damage_pen_2.dds	d:/ymir work/effect/affect/damagevalue/damage_pen_2.dds	1
Effect/ymir work/effect/monster2/12_pig_s3_blow2.mse	d:/ymir work/effect/monster2/12_pig_s3_blow2.mse	1
Effect/ymir work/effect/affect/damagevalue/damage_pen_4.dds	d:/ymir work/effect/affect/damagevalue/damage_pen_4.dds	1
Effect/ymir work/effect/etc/dropitem/dropitem.mse	d:/ymir work/effect/etc/dropitem/dropitem.mse	1
Effect/ymir work/effect/etc/gathering/ga_energy_center_red.dds	d:/ymir work/effect/etc/gathering/ga_energy_center_red.dds	1
Effect/ymir work/effect/affect/damagevalue/damage_pen_5.dds	d:/ymir work/effect/affect/damagevalue/damage_pen_5.dds	1
Effect/ymir work/effect/monster2/leafspray.dds	d:/ymir work/effect/monster2/leafspray.dds	1
Effect/ymir work/effect/etc/gathering/ga_piece_yellow_small.msf	d:/ymir work/effect/etc/gathering/ga_piece_yellow_small.msf	1
Effect/ymir work/effect/monster2/12_cow_s1_blow.mse	d:/ymir work/effect/monster2/12_cow_s1_blow.mse	1
Effect/ymir work/effect/background/metinstone_loop_4_whitered.mse	d:/ymir work/effect/background/metinstone_loop_4_whitered.mse	1
Effect/ymir work/effect/background/fire_general_obj_lamp.mse	d:/ymir work/effect/background/fire_general_obj_lamp.mse	1
Effect/ymir work/effect/affect/damagevalue/damage_pen_6.dds	d:/ymir work/effect/affect/damagevalue/damage_pen_6.dds	1
Effect/ymir work/effect/affect/damagevalue/damage_pen_7.dds	d:/ymir work/effect/affect/damagevalue/damage_pen_7.dds	1
Effect/ymir work/effect/monster2/whitedragon_boss_s2_blow.mse	d:/ymir work/effect/monster2/whitedragon_boss_s2_blow.mse	1
Effect/ymir work/effect/monster2/impact5.mde	d:/ymir work/effect/monster2/impact5.mde	1
Effect/ymir work/effect/background/metinstone_drop.mse	d:/ymir work/effect/background/metinstone_drop.mse	1
Effect/ymir work/effect/background/warpgate02.mse	d:/ymir work/effect/background/warpgate02.mse	1
Effect/ymir work/effect/affect/damagevalue/damage_pen_8.dds	d:/ymir work/effect/affect/damagevalue/damage_pen_8.dds	1
Effect/ymir work/effect/affect/damagevalue/damage_pen_9.dds	d:/ymir work/effect/affect/damagevalue/damage_pen_9.dds	1
Effect/ymir work/effect/monster/skeleton_magician_20_1_chest.mse	d:/ymir work/effect/monster/skeleton_magician_20_1_chest.mse	1
Effect/ymir work/effect/affect/damagevalue/miss.mse	d:/ymir work/effect/affect/damagevalue/miss.mse	1
Effect/ymir work/effect/background/magmabublea.mse	d:/ymir work/effect/background/magmabublea.mse	1
Effect/ymir work/effect/affect/damagevalue/nontarget_0.dds	d:/ymir work/effect/affect/damagevalue/nontarget_0.dds	1
Effect/ymir work/effect/monster2/12_a.dds	d:/ymir work/effect/monster2/12_a.dds	1
Effect/ymir work/effect/affect/damagevalue/poison_0.dds	d:/ymir work/effect/affect/damagevalue/poison_0.dds	1
Effect/ymir work/effect/monster2/impact_dirt1.mse	d:/ymir work/effect/monster2/impact_dirt1.mse	1
Effect/ymir work/effect/etc/firecracker/firecracker_w.dds	d:/ymir work/effect/etc/firecracker/firecracker_w.dds	1
Effect/ymir work/effect/affect/damagevalue/nontarget_1.dds	d:/ymir work/effect/affect/damagevalue/nontarget_1.dds	1
Effect/ymir work/effect/etc/gathering/ga_center_continue.dds	d:/ymir work/effect/etc/gathering/ga_center_continue.dds	1
Effect/ymir work/effect/background/resource_1.mse	d:/ymir work/effect/background/resource_1.mse	1
Effect/ymir work/effect/affect/damagevalue/nontarget_2.dds	d:/ymir work/effect/affect/damagevalue/nontarget_2.dds	1
Effect/ymir work/effect/etc/gathering/ga_spirit_paticle_2.mse	d:/ymir work/effect/etc/gathering/ga_spirit_paticle_2.mse	1
Effect/ymir work/effect/monster2/12_a06_na2_blow.mse	d:/ymir work/effect/monster2/12_a06_na2_blow.mse	1
Effect/ymir work/effect/affect/damagevalue/nontarget_4.dds	d:/ymir work/effect/affect/damagevalue/nontarget_4.dds	1
Effect/ymir work/effect/affect/damagevalue/target_crit_pen_2.dds	d:/ymir work/effect/affect/damagevalue/target_crit_pen_2.dds	1
Effect/ymir work/effect/etc/gathering/ga_energy_tri copy.dds	d:/ymir work/effect/etc/gathering/ga_energy_tri copy.dds	1
Effect/ymir work/effect/background/fire_ob-b1-013-lamp02.mde	d:/ymir work/effect/background/fire_ob-b1-013-lamp02.mde	1
Effect/ymir work/effect/affect/damagevalue/nontarget_5.dds	d:/ymir work/effect/affect/damagevalue/nontarget_5.dds	1
Effect/ymir work/effect/affect/damagevalue/nontarget_7.dds	d:/ymir work/effect/affect/damagevalue/nontarget_7.dds	1
Effect/ymir work/effect/monster2/whitedragon_boss2_s2_blow.mse	d:/ymir work/effect/monster2/whitedragon_boss2_s2_blow.mse	1
Effect/ymir work/effect/etc/stun/stunwave copy.dds	d:/ymir work/effect/etc/stun/stunwave copy.dds	1
Effect/ymir work/effect/monster2/smhgate_flower_06.mse	d:/ymir work/effect/monster2/smhgate_flower_06.mse	1
Effect/ymir work/effect/affect/damagevalue/nontarget_8.dds	d:/ymir work/effect/affect/damagevalue/nontarget_8.dds	1
Effect/ymir work/effect/etc/crystal/crystal.dds	d:/ymir work/effect/etc/crystal/crystal.dds	1
Effect/ymir work/effect/affect/damagevalue/nontarget_9.dds	d:/ymir work/effect/affect/damagevalue/nontarget_9.dds	1
Effect/ymir work/effect/background/youn_gi.dds	d:/ymir work/effect/background/youn_gi.dds	1
Effect/ymir work/effect/monster2/flame.dds	d:/ymir work/effect/monster2/flame.dds	1
Effect/ymir work/effect/background/gatein.dds	d:/ymir work/effect/background/gatein.dds	1
Effect/ymir work/effect/affect/damagevalue/poison_1.dds	d:/ymir work/effect/affect/damagevalue/poison_1.dds	1
Effect/ymir work/effect/etc/emoticon/love_s.dds	d:/ymir work/effect/etc/emoticon/love_s.dds	1
Effect/ymir work/effect/affect/damagevalue/poison_2.dds	d:/ymir work/effect/affect/damagevalue/poison_2.dds	1
Effect/ymir work/effect/affect/damagevalue/poison_3.dds	d:/ymir work/effect/affect/damagevalue/poison_3.dds	1
Effect/ymir work/effect/affect/damagevalue/poison_4.dds	d:/ymir work/effect/affect/damagevalue/poison_4.dds	1
Effect/ymir work/effect/etc/recuperation/sp_ring.dds	d:/ymir work/effect/etc/recuperation/sp_ring.dds	1
Effect/ymir work/effect/etc/forked_load/rotation of rsotation of 3.dds	d:/ymir work/effect/etc/forked_load/rotation of rsotation of 3.dds	1
Effect/ymir work/effect/affect/damagevalue/poison_5.dds	d:/ymir work/effect/affect/damagevalue/poison_5.dds	1
Effect/ymir work/effect/hit/blow_2/14 line.dds	d:/ymir work/effect/hit/blow_2/14 line.dds	1
Effect/ymir work/effect/etc/dust/dust.dds	d:/ymir work/effect/etc/dust/dust.dds	1
Effect/ymir work/effect/background/metinstone_loop_1.mse	d:/ymir work/effect/background/metinstone_loop_1.mse	1
Effect/ymir work/effect/affect/damagevalue/poison_6.dds	d:/ymir work/effect/affect/damagevalue/poison_6.dds	1
Effect/ymir work/effect/monster2/maze_gmagic_n1_boom.mse	d:/ymir work/effect/monster2/maze_gmagic_n1_boom.mse	1
Effect/ymir work/effect/etc/gathering/ga_center_small_yellow.dds	d:/ymir work/effect/etc/gathering/ga_center_small_yellow.dds	1
Effect/ymir work/effect/etc/firecracker/firecracker_5.msf	d:/ymir work/effect/etc/firecracker/firecracker_5.msf	1
Effect/ymir work/effect/background/sparrow.tga	d:/ymir work/effect/background/sparrow.tga	1
Effect/ymir work/effect/affect/damagevalue/poison_9.dds	d:/ymir work/effect/affect/damagevalue/poison_9.dds	1
Effect/ymir work/effect/monster2/smh_king_s3_poison.mse	d:/ymir work/effect/monster2/smh_king_s3_poison.mse	1
Effect/ymir work/effect/background/resource_group.mse	d:/ymir work/effect/background/resource_group.mse	1
Effect/ymir work/effect/monster2/12_a05_na1_making.mse	d:/ymir work/effect/monster2/12_a05_na1_making.mse	1
Effect/ymir work/effect/monster2/12_she_n1_throw.mse	d:/ymir work/effect/monster2/12_she_n1_throw.mse	1
Effect/ymir work/effect/affect/damagevalue/poison_backup.mse	d:/ymir work/effect/affect/damagevalue/poison_backup.mse	1
Effect/ymir work/effect/affect/damagevalue/target.mse	d:/ymir work/effect/affect/damagevalue/target.mse	1
Effect/ymir work/effect/background/metinstone_loop_3_orange.mse	d:/ymir work/effect/background/metinstone_loop_3_orange.mse	1
Effect/ymir work/effect/etc/gathering/ga_piece_blue_small.msf	d:/ymir work/effect/etc/gathering/ga_piece_blue_small.msf	1
Effect/ymir work/effect/monster2/spell1_1.dds	d:/ymir work/effect/monster2/spell1_1.dds	1
Effect/ymir work/effect/affect/damagevalue/target_crit_pen_9.dds	d:/ymir work/effect/affect/damagevalue/target_crit_pen_9.dds	1
Effect/ymir work/effect/affect/damagevalue/target_0.dds	d:/ymir work/effect/affect/damagevalue/target_0.dds	1
Effect/ymir work/effect/affect/damagevalue/target_2.dds	d:/ymir work/effect/affect/damagevalue/target_2.dds	1
Effect/ymir work/effect/hit/blow_2/14.dds	d:/ymir work/effect/hit/blow_2/14.dds	1
Effect/ymir work/effect/monster2/12_dra_s3_blow.mse	d:/ymir work/effect/monster2/12_dra_s3_blow.mse	1
Effect/ymir work/effect/monster2/snakevalley_knight_s1_impact.mse	d:/ymir work/effect/monster2/snakevalley_knight_s1_impact.mse	1
Effect/ymir work/effect/affect/damagevalue/target_3.dds	d:/ymir work/effect/affect/damagevalue/target_3.dds	1
Effect/ymir work/effect/monster2/12_dra_s2_bead.mse	d:/ymir work/effect/monster2/12_dra_s2_bead.mse	1
Effect/ymir work/effect/affect/damagevalue/target_4.dds	d:/ymir work/effect/affect/damagevalue/target_4.dds	1
Effect/ymir work/effect/affect/damagevalue/target_5.dds	d:/ymir work/effect/affect/damagevalue/target_5.dds	1
Effect/ymir work/effect/monster2/goblin_boss_s3_start.mse	d:/ymir work/effect/monster2/goblin_boss_s3_start.mse	1
Effect/ymir work/effect/background/warpgate2.mde	d:/ymir work/effect/background/warpgate2.mde	1
Effect/ymir work/effect/etc/recuperation/drugup_green.mse	d:/ymir work/effect/etc/recuperation/drugup_green.mse	1
Effect/ymir work/effect/etc/follow/follow_loop.mse	d:/ymir work/effect/etc/follow/follow_loop.mse	1
Effect/ymir work/effect/etc/dust/dust.mse	d:/ymir work/effect/etc/dust/dust.mse	1
Effect/ymir work/effect/affect/damagevalue/target_6.dds	d:/ymir work/effect/affect/damagevalue/target_6.dds	1
Effect/ymir work/effect/etc/click/untitled-1 copy.dds	d:/ymir work/effect/etc/click/untitled-1 copy.dds	1
Effect/ymir work/effect/monster2/thunder boss_05.mse	d:/ymir work/effect/monster2/thunder boss_05.mse	1
Effect/ymir work/effect/affect/damagevalue/target_8.dds	d:/ymir work/effect/affect/damagevalue/target_8.dds	1
Effect/ymir work/effect/etc/follow/flag.dds	d:/ymir work/effect/etc/follow/flag.dds	1
Effect/ymir work/effect/affect/damagevalue/target_crit_pen_8.dds	d:/ymir work/effect/affect/damagevalue/target_crit_pen_8.dds	1
Effect/ymir work/effect/affect/damagevalue/target_9.dds	d:/ymir work/effect/affect/damagevalue/target_9.dds	1
Effect/ymir work/effect/affect/damagevalue/target_crit_0.dds	d:/ymir work/effect/affect/damagevalue/target_crit_0.dds	1
Effect/ymir work/effect/hit/blow_1/linbfrontline copy.dds	d:/ymir work/effect/hit/blow_1/linbfrontline copy.dds	1
Effect/ymir work/effect/monster2/goblin_southboss_s2_boom.mse	d:/ymir work/effect/monster2/goblin_southboss_s2_boom.mse	1
Effect/ymir work/effect/affect/damagevalue/target_crit_1.dds	d:/ymir work/effect/affect/damagevalue/target_crit_1.dds	1
Effect/ymir work/effect/monster2/fire_light01_16.dds	d:/ymir work/effect/monster2/fire_light01_16.dds	1
Effect/ymir work/effect/monster2/element_pawn_n1_blow03.mse	d:/ymir work/effect/monster2/element_pawn_n1_blow03.mse	1
Effect/ymir work/effect/monster2/12_hor_s2_blow.mse	d:/ymir work/effect/monster2/12_hor_s2_blow.mse	1
Effect/ymir work/effect/affect/damagevalue/target_crit_2.dds	d:/ymir work/effect/affect/damagevalue/target_crit_2.dds	1
Effect/ymir work/effect/monster2/12_skele_m_fire_rotate.dds	d:/ymir work/effect/monster2/12_skele_m_fire_rotate.dds	1
Effect/ymir work/effect/background/warpgate3.mde	d:/ymir work/effect/background/warpgate3.mde	1
Effect/ymir work/effect/affect/damagevalue/target_crit_3.dds	d:/ymir work/effect/affect/damagevalue/target_crit_3.dds	1
Effect/ymir work/effect/affect/damagevalue/target_crit_4.dds	d:/ymir work/effect/affect/damagevalue/target_crit_4.dds	1
Effect/ymir work/effect/monster2/occupation_chonjo.mse	d:/ymir work/effect/monster2/occupation_chonjo.mse	1
Effect/ymir work/effect/affect/damagevalue/target_miss.dds	d:/ymir work/effect/affect/damagevalue/target_miss.dds	1
Effect/ymir work/effect/hit/blow_electric/light_1_weapon.mse	d:/ymir work/effect/hit/blow_electric/light_1_weapon.mse	1
Effect/ymir work/effect/background/metinstone_loop_2_whitepurple.mse	d:/ymir work/effect/background/metinstone_loop_2_whitepurple.mse	1
Effect/ymir work/effect/affect/damagevalue/target_crit_5.dds	d:/ymir work/effect/affect/damagevalue/target_crit_5.dds	1
Effect/ymir work/effect/etc/firecracker/firecracker_2.mse	d:/ymir work/effect/etc/firecracker/firecracker_2.mse	1
Effect/ymir work/effect/affect/damagevalue/target_crit_6.dds	d:/ymir work/effect/affect/damagevalue/target_crit_6.dds	1
Effect/ymir work/effect/background/resource_2.mde	d:/ymir work/effect/background/resource_2.mde	1
Effect/ymir work/effect/affect/damagevalue/target_crit_7.dds	d:/ymir work/effect/affect/damagevalue/target_crit_7.dds	1
Effect/ymir work/effect/hit/blow_3/15_star.dds	d:/ymir work/effect/hit/blow_3/15_star.dds	1
Effect/ymir work/effect/monster2/tornado5.dds	d:/ymir work/effect/monster2/tornado5.dds	1
Effect/ymir work/effect/monster2/okey_npc_02.mse	d:/ymir work/effect/monster2/okey_npc_02.mse	1
Effect/ymir work/effect/monster2/impact6.mse	d:/ymir work/effect/monster2/impact6.mse	1
Effect/ymir work/effect/affect/damagevalue/target_crit_8.dds	d:/ymir work/effect/affect/damagevalue/target_crit_8.dds	1
Effect/ymir work/effect/hit/blow_1/yeongi.dds	d:/ymir work/effect/hit/blow_1/yeongi.dds	1
Effect/ymir work/effect/background/fire_ob-b1-013-lamp02.mse	d:/ymir work/effect/background/fire_ob-b1-013-lamp02.mse	1
Effect/ymir work/effect/affect/damagevalue/target_crit_9.dds	d:/ymir work/effect/affect/damagevalue/target_crit_9.dds	1
Effect/ymir work/effect/background/metinstone_loop_1_whitepurple.mse	d:/ymir work/effect/background/metinstone_loop_1_whitepurple.mse	1
Effect/ymir work/effect/background/metinstone_loop_1_orange.mse	d:/ymir work/effect/background/metinstone_loop_1_orange.mse	1
Effect/ymir work/effect/etc/myshop/2.dds	d:/ymir work/effect/etc/myshop/2.dds	1
Effect/ymir work/effect/affect/damagevalue/target_crit_miss.dds	d:/ymir work/effect/affect/damagevalue/target_crit_miss.dds	1
Effect/ymir work/effect/affect/damagevalue/target_crit_pen.mse	d:/ymir work/effect/affect/damagevalue/target_crit_pen.mse	1
Effect/ymir work/effect/monster2/redburn.dds	d:/ymir work/effect/monster2/redburn.dds	1
Effect/ymir work/effect/affect/damagevalue/target_crit_pen_0.dds	d:/ymir work/effect/affect/damagevalue/target_crit_pen_0.dds	1
Effect/ymir work/effect/etc/firecracker/firecracker_2.msf	d:/ymir work/effect/etc/firecracker/firecracker_2.msf	1
Effect/ymir work/effect/etc/compete/8.dds	d:/ymir work/effect/etc/compete/8.dds	1
Effect/ymir work/effect/etc/firecracker/firecracker_fly.mse	d:/ymir work/effect/etc/firecracker/firecracker_fly.mse	1
Effect/ymir work/effect/affect/damagevalue/target_crit_pen_1.dds	d:/ymir work/effect/affect/damagevalue/target_crit_pen_1.dds	1
Effect/ymir work/effect/affect/damagevalue/target_crit_pen_3.dds	d:/ymir work/effect/affect/damagevalue/target_crit_pen_3.dds	1
Effect/ymir work/effect/background/fb1.dds	d:/ymir work/effect/background/fb1.dds	1
Effect/ymir work/effect/hit/blow_poison/w_ring.dds	d:/ymir work/effect/hit/blow_poison/w_ring.dds	1
Effect/ymir work/effect/monster2/blast1.mse	d:/ymir work/effect/monster2/blast1.mse	1
Effect/ymir work/effect/etc/click/click_select_big.mde	d:/ymir work/effect/etc/click/click_select_big.mde	1
Effect/ymir work/effect/etc/masic_camp/masic_camp_vanish.mse	d:/ymir work/effect/etc/masic_camp/masic_camp_vanish.mse	1
Effect/ymir work/effect/hit/blow_poison/bleeding_loop.mse	d:/ymir work/effect/hit/blow_poison/bleeding_loop.mse	1
Effect/ymir work/effect/affect/damagevalue/target_crit_pen_4.dds	d:/ymir work/effect/affect/damagevalue/target_crit_pen_4.dds	1
Effect/ymir work/effect/etc/gathering/ga_energy_1.dds	d:/ymir work/effect/etc/gathering/ga_energy_1.dds	1
Effect/ymir work/effect/affect/damagevalue/target_crit_pen_5.dds	d:/ymir work/effect/affect/damagevalue/target_crit_pen_5.dds	1
Effect/ymir work/effect/affect/damagevalue/target_crit_pen_7.dds	d:/ymir work/effect/affect/damagevalue/target_crit_pen_7.dds	1
Effect/ymir work/effect/hit/blow_electric/light_3_weapon.mse	d:/ymir work/effect/hit/blow_electric/light_3_weapon.mse	1
Effect/ymir work/effect/affect/damagevalue/target_miss.mse	d:/ymir work/effect/affect/damagevalue/target_miss.mse	1
Effect/ymir work/effect/monster/skeleton_magician_20_2_throw.mse	d:/ymir work/effect/monster/skeleton_magician_20_2_throw.mse	1
Effect/ymir work/effect/background/splash.jpg	d:/ymir work/effect/background/splash.jpg	1
Effect/ymir work/effect/monster2/mob_show1.mse	d:/ymir work/effect/monster2/mob_show1.mse	1
Effect/ymir work/effect/background/fire_ob-12-03gate06.mse	d:/ymir work/effect/background/fire_ob-12-03gate06.mse	1
Effect/ymir work/effect/affect/damagevalue/target_pen.mse	d:/ymir work/effect/affect/damagevalue/target_pen.mse	1
Effect/ymir work/effect/etc/christmas_tree/tree_1s.mse	d:/ymir work/effect/etc/christmas_tree/tree_1s.mse	1
Effect/ymir work/effect/monster2/impact3_2.mse	d:/ymir work/effect/monster2/impact3_2.mse	1
Effect/ymir work/effect/hit/blow_1/blow_1_low_center.mse	d:/ymir work/effect/hit/blow_1/blow_1_low_center.mse	1
Effect/ymir work/effect/monster/fire.dds	d:/ymir work/effect/monster/fire.dds	1
Effect/ymir work/effect/monster/yonggwonpabig.mde	d:/ymir work/effect/monster/yonggwonpabig.mde	1
Effect/ymir work/effect/etc/emoticon/sorry_1.dds	d:/ymir work/effect/etc/emoticon/sorry_1.dds	1
Effect/ymir work/effect/affect/damagevalue/target_pen_1.dds	d:/ymir work/effect/affect/damagevalue/target_pen_1.dds	1
Effect/ymir work/effect/etc/emoticon/buld2.dds	d:/ymir work/effect/etc/emoticon/buld2.dds	1
Effect/ymir work/effect/etc/gathering/ga_center_small_blue.dds	d:/ymir work/effect/etc/gathering/ga_center_small_blue.dds	1
Effect/ymir work/effect/affect/damagevalue/target_pen_2.dds	d:/ymir work/effect/affect/damagevalue/target_pen_2.dds	1
Effect/ymir work/effect/monster2/12_tiger_s1_blow.mse	d:/ymir work/effect/monster2/12_tiger_s1_blow.mse	1
Effect/ymir work/effect/etc/click/pvp_click_select.mse	d:/ymir work/effect/etc/click/pvp_click_select.mse	1
Effect/ymir work/effect/monster2/12_pig_s3_making.mse	d:/ymir work/effect/monster2/12_pig_s3_making.mse	1
Effect/ymir work/effect/monster2/pveboss_sa2_go.mse	d:/ymir work/effect/monster2/pveboss_sa2_go.mse	1
Effect/ymir work/effect/affect/damagevalue/target_pen_3.dds	d:/ymir work/effect/affect/damagevalue/target_pen_3.dds	1
Effect/ymir work/effect/etc/guild_war_flag/ground_flag_red.mse	d:/ymir work/effect/etc/guild_war_flag/ground_flag_red.mse	1
Effect/ymir work/effect/monster2/12_mon_s1_making.mse	d:/ymir work/effect/monster2/12_mon_s1_making.mse	1
Effect/ymir work/effect/monster2/12_tex_crack_01_1.dds	d:/ymir work/effect/monster2/12_tex_crack_01_1.dds	1
Effect/ymir work/effect/affect/damagevalue/target_pen_5.dds	d:/ymir work/effect/affect/damagevalue/target_pen_5.dds	1
Effect/ymir work/effect/affect/damagevalue/target_pen_7.dds	d:/ymir work/effect/affect/damagevalue/target_pen_7.dds	1
Effect/ymir work/effect/hit/blow_poison/ls1_1 copy.dds	d:/ymir work/effect/hit/blow_poison/ls1_1 copy.dds	1
Effect/ymir work/effect/monster2/light_emissive4.mse	d:/ymir work/effect/monster2/light_emissive4.mse	1
Effect/ymir work/effect/background/resourcegate_resource.tga	d:/ymir work/effect/background/resourcegate_resource.tga	1
Effect/ymir work/effect/monster2/defense_mini_n1_throw.mse	d:/ymir work/effect/monster2/defense_mini_n1_throw.mse	1
Effect/ymir work/effect/affect/damagevalue/target_pen_8.dds	d:/ymir work/effect/affect/damagevalue/target_pen_8.dds	1
Effect/ymir work/effect/hit/blow_electric/light_1_body.mse	d:/ymir work/effect/hit/blow_electric/light_1_body.mse	1
Effect/ymir work/effect/background/wargate3_1stone.mde	d:/ymir work/effect/background/wargate3_1stone.mde	1
Effect/ymir work/effect/affect/damagevalue/target_pen_9.dds	d:/ymir work/effect/affect/damagevalue/target_pen_9.dds	1
Effect/ymir work/effect/background/fire_ob-11-05-bonelight_01.mse	d:/ymir work/effect/background/fire_ob-11-05-bonelight_01.mse	1
Effect/ymir work/effect/background/big_resource copy.tga	d:/ymir work/effect/background/big_resource copy.tga	1
Effect/ymir work/effect/monster2/element_soul_s1_blow05.mse	d:/ymir work/effect/monster2/element_soul_s1_blow05.mse	1
Effect/ymir work/effect/background/upline.dds	d:/ymir work/effect/background/upline.dds	1
Effect/ymir work/effect/etc/gathering/ga_piece_red.mse	d:/ymir work/effect/etc/gathering/ga_piece_red.mse	1
Effect/ymir work/effect/background/buble.dds	d:/ymir work/effect/background/buble.dds	1
Effect/ymir work/effect/background/chip.dds	d:/ymir work/effect/background/chip.dds	1
Effect/ymir work/effect/monster2/redd_statue_making.mse	d:/ymir work/effect/monster2/redd_statue_making.mse	1
Effect/ymir work/effect/etc/click/click_glow_select copy.dds	d:/ymir work/effect/etc/click/click_glow_select copy.dds	1
Effect/ymir work/effect/background/crash.dds	d:/ymir work/effect/background/crash.dds	1
Effect/ymir work/effect/monster2/12_tex_tornado1.dds	d:/ymir work/effect/monster2/12_tex_tornado1.dds	1
Effect/ymir work/effect/etc/ready/ready.dds	d:/ymir work/effect/etc/ready/ready.dds	1
Effect/ymir work/effect/etc/fishing/fishing_fail.mde	d:/ymir work/effect/etc/fishing/fishing_fail.mde	1
Effect/ymir work/effect/background/detail_lens.dds	d:/ymir work/effect/background/detail_lens.dds	1
Effect/ymir work/effect/background/eunju.dds	d:/ymir work/effect/background/eunju.dds	1
Effect/ymir work/effect/background/f1.dds	d:/ymir work/effect/background/f1.dds	1
Effect/ymir work/effect/etc/click/click_select.tga	d:/ymir work/effect/etc/click/click_select.tga	1
Effect/ymir work/effect/monster2/bottom_o.dds	d:/ymir work/effect/monster2/bottom_o.dds	1
Effect/ymir work/effect/background/metinstone_loop_4_aqua.mse	d:/ymir work/effect/background/metinstone_loop_4_aqua.mse	1
Effect/ymir work/effect/hit/blow_poison/poison_weapon_2.mse	d:/ymir work/effect/hit/blow_poison/poison_weapon_2.mse	1
Effect/ymir work/effect/monster/skeleton_magician_fire_rotate copy.dds	d:/ymir work/effect/monster/skeleton_magician_fire_rotate copy.dds	1
Effect/ymir work/effect/monster2/pveboss_sa1_making.mse	d:/ymir work/effect/monster2/pveboss_sa1_making.mse	1
Effect/ymir work/effect/monster2/mob_blow2.mse	d:/ymir work/effect/monster2/mob_blow2.mse	1
Effect/ymir work/effect/monster2/earth_king_s1_blow.mse	d:/ymir work/effect/monster2/earth_king_s1_blow.mse	1
Effect/ymir work/effect/background/f2.dds	d:/ymir work/effect/background/f2.dds	1
Effect/ymir work/effect/hit/blow_ice/icedumy.mde	d:/ymir work/effect/hit/blow_ice/icedumy.mde	1
Effect/ymir work/effect/background/stone.dds	d:/ymir work/effect/background/stone.dds	1
Effect/ymir work/effect/background/f3.dds	d:/ymir work/effect/background/f3.dds	1
Effect/ymir work/effect/etc/direction/direction_land.mse	d:/ymir work/effect/etc/direction/direction_land.mse	1
Effect/ymir work/effect/background/fb2.dds	d:/ymir work/effect/background/fb2.dds	1
Effect/ymir work/effect/background/splash.dds	d:/ymir work/effect/background/splash.dds	1
Effect/ymir work/effect/background/metinstone_loop_1_blue.mse	d:/ymir work/effect/background/metinstone_loop_1_blue.mse	1
Effect/ymir work/effect/background/fire_general_obj_campfire.mse	d:/ymir work/effect/background/fire_general_obj_campfire.mse	1
Effect/ymir work/effect/monster/mine_edge.dds	d:/ymir work/effect/monster/mine_edge.dds	1
Effect/ymir work/effect/monster2/tornado_dirt2.dds	d:/ymir work/effect/monster2/tornado_dirt2.dds	1
Effect/ymir work/effect/background/fire_general_obj_charcoal.mse	d:/ymir work/effect/background/fire_general_obj_charcoal.mse	1
Effect/ymir work/effect/background/fire_general_obj_lamp.mde	d:/ymir work/effect/background/fire_general_obj_lamp.mde	1
Effect/ymir work/effect/monster2/12_a03_arrow_01.mde	d:/ymir work/effect/monster2/12_a03_arrow_01.mde	1
Effect/ymir work/effect/hit/blow_flame/yeongi.dds	d:/ymir work/effect/hit/blow_flame/yeongi.dds	1
Effect/ymir work/effect/etc/emoticon/happy_1.dds	d:/ymir work/effect/etc/emoticon/happy_1.dds	1
Effect/ymir work/effect/hit/blow_poison/poison_blow_2.mse	d:/ymir work/effect/hit/blow_poison/poison_blow_2.mse	1
Effect/ymir work/effect/monster/yeongi.dds	d:/ymir work/effect/monster/yeongi.dds	1
Effect/ymir work/effect/hit/blow_flame/flame.dds	d:/ymir work/effect/hit/blow_flame/flame.dds	1
Effect/ymir work/effect/background/fire_ob-11-02-stonelight01.mse	d:/ymir work/effect/background/fire_ob-11-02-stonelight01.mse	1
Effect/ymir work/effect/etc/empire/empire_b_256.dds	d:/ymir work/effect/etc/empire/empire_b_256.dds	1
Effect/ymir work/effect/background/fire_obj-0010.mse	d:/ymir work/effect/background/fire_obj-0010.mse	1
Effect/ymir work/effect/monster2/redd_human_laser_end.dds	d:/ymir work/effect/monster2/redd_human_laser_end.dds	1
Effect/ymir work/effect/background/magamsteama.mse	d:/ymir work/effect/background/magamsteama.mse	1
Effect/ymir work/effect/background/glitter_bottom.mse	d:/ymir work/effect/background/glitter_bottom.mse	1
Effect/ymir work/effect/monster2/w_impact_poison1_1.mse	d:/ymir work/effect/monster2/w_impact_poison1_1.mse	1
Effect/ymir work/effect/monster2/smh_magic_n1_throw.msf	d:/ymir work/effect/monster2/smh_magic_n1_throw.msf	1
Effect/ymir work/effect/background/glitter_small.mse	d:/ymir work/effect/background/glitter_small.mse	1
Effect/ymir work/effect/background/metinstone_laser.mse	d:/ymir work/effect/background/metinstone_laser.mse	1
Effect/ymir work/effect/background/half_ring_rainbow_line.dds	d:/ymir work/effect/background/half_ring_rainbow_line.dds	1
Effect/ymir work/effect/background/lens_green.dds	d:/ymir work/effect/background/lens_green.dds	1
Effect/ymir work/effect/background/metinstone_blow.mse	d:/ymir work/effect/background/metinstone_blow.mse	1
Effect/ymir work/effect/monster2/12_hor_s3_making.mse	d:/ymir work/effect/monster2/12_hor_s3_making.mse	1
Effect/ymir work/effect/background/metinstone_crash.mse	d:/ymir work/effect/background/metinstone_crash.mse	1
Effect/ymir work/effect/hit/critical_frunze.mse	d:/ymir work/effect/hit/critical_frunze.mse	1
Effect/ymir work/effect/monster/milgyo_founder_20_throw.mse	d:/ymir work/effect/monster/milgyo_founder_20_throw.mse	1
Effect/ymir work/effect/monster2/12_mou_s2_move.mse	d:/ymir work/effect/monster2/12_mou_s2_move.mse	1
Effect/ymir work/effect/etc/fishing/new_floa_alphat.dds	d:/ymir work/effect/etc/fishing/new_floa_alphat.dds	1
Effect/ymir work/effect/monster2/element_soul_s1_blow06.mse	d:/ymir work/effect/monster2/element_soul_s1_blow06.mse	1
Effect/ymir work/effect/etc/levelup_2/2.dds	d:/ymir work/effect/etc/levelup_2/2.dds	1
Effect/ymir work/effect/background/metinstone_decline_.mse	d:/ymir work/effect/background/metinstone_decline_.mse	1
Effect/ymir work/effect/monster2/12_rotation_3.dds	d:/ymir work/effect/monster2/12_rotation_3.dds	1
Effect/ymir work/effect/background/metinstone_loop_1_aqua.mse	d:/ymir work/effect/background/metinstone_loop_1_aqua.mse	1
Effect/ymir work/effect/background/metinstone_loop_1_pink.mse	d:/ymir work/effect/background/metinstone_loop_1_pink.mse	1
Effect/ymir work/effect/monster/skeleton_magician_20_1_throw.msf	d:/ymir work/effect/monster/skeleton_magician_20_1_throw.msf	1
Effect/ymir work/effect/etc/compass/vanish_round copy.dds	d:/ymir work/effect/etc/compass/vanish_round copy.dds	1
Effect/ymir work/effect/background/metinstone_loop_1_purple.mse	d:/ymir work/effect/background/metinstone_loop_1_purple.mse	1
Effect/ymir work/effect/background/volcano_blacksmoke.mse	d:/ymir work/effect/background/volcano_blacksmoke.mse	1
Effect/ymir work/effect/background/metinstone_loop_1_whitered.mse	d:/ymir work/effect/background/metinstone_loop_1_whitered.mse	1
Effect/ymir work/effect/background/metinstone_loop_1_yellow.mse	d:/ymir work/effect/background/metinstone_loop_1_yellow.mse	1
Effect/ymir work/effect/etc/levelup_2/2.mde	d:/ymir work/effect/etc/levelup_2/2.mde	1
Effect/ymir work/effect/etc/crystal/crystal.jpg	d:/ymir work/effect/etc/crystal/crystal.jpg	1
Effect/ymir work/effect/background/metinstone_loop_2_aqua.mse	d:/ymir work/effect/background/metinstone_loop_2_aqua.mse	1
Effect/ymir work/effect/hit/critical2.mse	d:/ymir work/effect/hit/critical2.mse	1
Effect/ymir work/effect/monster2/smh_magic_n1_throw.mse	d:/ymir work/effect/monster2/smh_magic_n1_throw.mse	1
Effect/ymir work/effect/etc/firecracker/paing_i.mde	d:/ymir work/effect/etc/firecracker/paing_i.mde	1
Effect/ymir work/effect/etc/stun/stun.dds	d:/ymir work/effect/etc/stun/stun.dds	1
Effect/ymir work/effect/background/metinstone_loop_2_blue.mse	d:/ymir work/effect/background/metinstone_loop_2_blue.mse	1
Effect/ymir work/effect/etc/crystal/banzzak.dds	d:/ymir work/effect/etc/crystal/banzzak.dds	1
Effect/ymir work/effect/etc/gathering/ga_piece_red.dds	d:/ymir work/effect/etc/gathering/ga_piece_red.dds	1
Effect/ymir work/effect/background/metinstone_loop_2_orange.mse	d:/ymir work/effect/background/metinstone_loop_2_orange.mse	1
Effect/ymir work/effect/etc/compete/3.dds	d:/ymir work/effect/etc/compete/3.dds	1
Effect/ymir work/effect/etc/gathering/ga_piece_blue.dds	d:/ymir work/effect/etc/gathering/ga_piece_blue.dds	1
Effect/ymir work/effect/background/metinstone_loop_2_pink.mse	d:/ymir work/effect/background/metinstone_loop_2_pink.mse	1
Effect/ymir work/effect/hit/gwantong.mse	d:/ymir work/effect/hit/gwantong.mse	1
Effect/ymir work/effect/etc/fall/fall_lowpivot.mde	d:/ymir work/effect/etc/fall/fall_lowpivot.mde	1
Effect/ymir work/effect/monster2/12_pc_damage_elec_01.mse	d:/ymir work/effect/monster2/12_pc_damage_elec_01.mse	1
Effect/ymir work/effect/etc/gathering/ga_energy_tri copy.jpg	d:/ymir work/effect/etc/gathering/ga_energy_tri copy.jpg	1
Effect/ymir work/effect/background/metinstone_loop_2_whitered.mse	d:/ymir work/effect/background/metinstone_loop_2_whitered.mse	1
Effect/ymir work/effect/background/metinstone_loop_2_yellow.mse	d:/ymir work/effect/background/metinstone_loop_2_yellow.mse	1
Effect/ymir work/effect/monster2/east_boss_s1_blow.mse	d:/ymir work/effect/monster2/east_boss_s1_blow.mse	1
Effect/ymir work/effect/etc/emoticon/gloom.mse	d:/ymir work/effect/etc/emoticon/gloom.mse	1
Effect/ymir work/effect/hit/blow_1/w_ring.dds	d:/ymir work/effect/hit/blow_1/w_ring.dds	1
Effect/ymir work/effect/etc/click/mob_click_select_big.mse	d:/ymir work/effect/etc/click/mob_click_select_big.mse	1
Effect/ymir work/effect/background/metinstone_loop_3.mse	d:/ymir work/effect/background/metinstone_loop_3.mse	1
Effect/ymir work/effect/background/metinstone_loop_3_aqua.mse	d:/ymir work/effect/background/metinstone_loop_3_aqua.mse	1
Effect/ymir work/effect/background/metinstone_loop_3_blue.mse	d:/ymir work/effect/background/metinstone_loop_3_blue.mse	1
Effect/ymir work/effect/background/metinstone_loop_3_pink.mse	d:/ymir work/effect/background/metinstone_loop_3_pink.mse	1
Effect/ymir work/effect/background/metinstone_loop_3_purple.mse	d:/ymir work/effect/background/metinstone_loop_3_purple.mse	1
Effect/ymir work/effect/etc/fall/fall_smoke_bottom.dds	d:/ymir work/effect/etc/fall/fall_smoke_bottom.dds	1
Effect/ymir work/effect/etc/appear_die/77.dds	d:/ymir work/effect/etc/appear_die/77.dds	1
Effect/ymir work/effect/hit/blow_4/14 line.dds	d:/ymir work/effect/hit/blow_4/14 line.dds	1
Effect/ymir work/effect/monster/skeleton_magician_20_2_throw.msf	d:/ymir work/effect/monster/skeleton_magician_20_2_throw.msf	1
Effect/ymir work/effect/monster2/12_she_s3_blow.mse	d:/ymir work/effect/monster2/12_she_s3_blow.mse	1
Effect/ymir work/effect/background/metinstone_loop_3_whitepurple.mse	d:/ymir work/effect/background/metinstone_loop_3_whitepurple.mse	1
Effect/ymir work/effect/monster2/spin.mde	d:/ymir work/effect/monster2/spin.mde	1
Effect/ymir work/effect/background/metinstone_loop_3_whitered.mse	d:/ymir work/effect/background/metinstone_loop_3_whitered.mse	1
Effect/ymir work/effect/etc/myshop/2.jpg	d:/ymir work/effect/etc/myshop/2.jpg	1
Effect/ymir work/effect/etc/fishing/new_float.dds	d:/ymir work/effect/etc/fishing/new_float.dds	1
Effect/ymir work/effect/monster2/snaketemple_s_knight_n1_blow.mse	d:/ymir work/effect/monster2/snaketemple_s_knight_n1_blow.mse	1
Effect/ymir work/effect/background/metinstone_loop_3_yellow.mse	d:/ymir work/effect/background/metinstone_loop_3_yellow.mse	1
Effect/ymir work/effect/etc/firecracker/firecracker_xmas.mse	d:/ymir work/effect/etc/firecracker/firecracker_xmas.mse	1
Effect/ymir work/effect/etc/click/mob_click_glow_select_big.mse	d:/ymir work/effect/etc/click/mob_click_glow_select_big.mse	1
Effect/ymir work/effect/etc/ox/spot.dds	d:/ymir work/effect/etc/ox/spot.dds	1
Effect/ymir work/effect/monster2/secret_boss_s2_blow.mse	d:/ymir work/effect/monster2/secret_boss_s2_blow.mse	1
Effect/ymir work/effect/background/metinstone_loop_4_pink.mse	d:/ymir work/effect/background/metinstone_loop_4_pink.mse	1
Effect/ymir work/effect/background/metinstone_loop_4_purple.mse	d:/ymir work/effect/background/metinstone_loop_4_purple.mse	1
Effect/ymir work/effect/monster2/fire_ghost_boom_small.mse	d:/ymir work/effect/monster2/fire_ghost_boom_small.mse	1
Effect/ymir work/effect/monster2/element_soul_n1_throw05.mse	d:/ymir work/effect/monster2/element_soul_n1_throw05.mse	1
Effect/ymir work/effect/monster2/defense_pwan_loop_fire2.mse	d:/ymir work/effect/monster2/defense_pwan_loop_fire2.mse	1
Effect/ymir work/effect/etc/empire/empire_b.mse	d:/ymir work/effect/etc/empire/empire_b.mse	1
Effect/ymir work/effect/etc/compete/start.dds	d:/ymir work/effect/etc/compete/start.dds	1
Effect/ymir work/effect/background/mine_edge copy.dds	d:/ymir work/effect/background/mine_edge copy.dds	1
Effect/ymir work/effect/monster2/naga_archer_n1_throw.msf	d:/ymir work/effect/monster2/naga_archer_n1_throw.msf	1
Effect/ymir work/effect/hit/water_smoke01.dds	d:/ymir work/effect/hit/water_smoke01.dds	1
Effect/ymir work/effect/background/polsy copy.dds	d:/ymir work/effect/background/polsy copy.dds	1
Effect/ymir work/effect/monster2/w_redd_human_sattack_start.mse	d:/ymir work/effect/monster2/w_redd_human_sattack_start.mse	1
Effect/ymir work/effect/monster2/redd_statue_throw_laser2.mse	d:/ymir work/effect/monster2/redd_statue_throw_laser2.mse	1
Effect/ymir work/effect/monster2/defense_medusa_s3_making.mse	d:/ymir work/effect/monster2/defense_medusa_s3_making.mse	1
Effect/ymir work/effect/background/resource.mse	d:/ymir work/effect/background/resource.mse	1
Effect/ymir work/effect/etc/follow/follow copy_2.dds	d:/ymir work/effect/etc/follow/follow copy_2.dds	1
Effect/ymir work/effect/etc/dig/dig.mse	d:/ymir work/effect/etc/dig/dig.mse	1
Effect/ymir work/effect/background/resource_2.mse	d:/ymir work/effect/background/resource_2.mse	1
Effect/ymir work/effect/monster2/12_pig_s2_blow.mse	d:/ymir work/effect/monster2/12_pig_s2_blow.mse	1
Effect/ymir work/effect/hit/blow_poison/poison_body_2.mse	d:/ymir work/effect/hit/blow_poison/poison_body_2.mse	1
Effect/ymir work/effect/monster2/th_impact_green.mse	d:/ymir work/effect/monster2/th_impact_green.mse	1
Effect/ymir work/effect/monster2/smhgate_boss_s1_cross.dds	d:/ymir work/effect/monster2/smhgate_boss_s1_cross.dds	1
Effect/ymir work/effect/background/resource_3.mde	d:/ymir work/effect/background/resource_3.mde	1
Effect/ymir work/effect/background/resource_3.mse	d:/ymir work/effect/background/resource_3.mse	1
Effect/ymir work/effect/monster2/smh_king_n1_throw.msf	d:/ymir work/effect/monster2/smh_king_n1_throw.msf	1
Effect/ymir work/effect/etc/fall/fall.mde	d:/ymir work/effect/etc/fall/fall.mde	1
Effect/ymir work/effect/etc/gathering/ga_piece_blue_big.msf	d:/ymir work/effect/etc/gathering/ga_piece_blue_big.msf	1
Effect/ymir work/effect/monster2/smhgate_boss_s3_blow.mse	d:/ymir work/effect/monster2/smhgate_boss_s3_blow.mse	1
Effect/ymir work/effect/background/resource_4.mde	d:/ymir work/effect/background/resource_4.mde	1
Effect/ymir work/effect/monster2/element_soul_s1_blow03.mse	d:/ymir work/effect/monster2/element_soul_s1_blow03.mse	1
Effect/ymir work/effect/background/resource_4.mse	d:/ymir work/effect/background/resource_4.mse	1
Effect/ymir work/effect/background/resource_big.mde	d:/ymir work/effect/background/resource_big.mde	1
Effect/ymir work/effect/monster2/12_pig_s2_making.mse	d:/ymir work/effect/monster2/12_pig_s2_making.mse	1
Effect/ymir work/effect/background/resource_big.mse	d:/ymir work/effect/background/resource_big.mse	1
Effect/ymir work/effect/monster2/impact1.mse	d:/ymir work/effect/monster2/impact1.mse	1
Effect/ymir work/effect/etc/emoticon/boom.dds	d:/ymir work/effect/etc/emoticon/boom.dds	1
Effect/ymir work/effect/etc/direction/direction_green.mse	d:/ymir work/effect/etc/direction/direction_green.mse	1
Effect/ymir work/effect/etc/firecracker/christmas_merry.dds	d:/ymir work/effect/etc/firecracker/christmas_merry.dds	1
Effect/ymir work/effect/background/resource_middle.mde	d:/ymir work/effect/background/resource_middle.mde	1
Effect/ymir work/effect/monster/chip.dds	d:/ymir work/effect/monster/chip.dds	1
Effect/ymir work/effect/background/resourcegate_resource.dds	d:/ymir work/effect/background/resourcegate_resource.dds	1
Effect/ymir work/effect/monster2/snake_head_01.mse	d:/ymir work/effect/monster2/snake_head_01.mse	1
Effect/ymir work/effect/background/resourcegate_resource.jpg	d:/ymir work/effect/background/resourcegate_resource.jpg	1
Effect/ymir work/effect/background/spread copy.dds	d:/ymir work/effect/background/spread copy.dds	1
Effect/ymir work/effect/background/resourcegate_resourceblue.dds	d:/ymir work/effect/background/resourcegate_resourceblue.dds	1
Effect/ymir work/effect/etc/select_character/charm.dds	d:/ymir work/effect/etc/select_character/charm.dds	1
Effect/ymir work/effect/background/resourcegate_resourceblue.tga	d:/ymir work/effect/background/resourcegate_resourceblue.tga	1
Effect/ymir work/effect/background/silent.dds	d:/ymir work/effect/background/silent.dds	1
Effect/ymir work/effect/hit/blow_electric/2.dds	d:/ymir work/effect/hit/blow_electric/2.dds	1
Effect/ymir work/effect/etc/crystal/crystal.mde	d:/ymir work/effect/etc/crystal/crystal.mde	1
Effect/ymir work/effect/background/slow.dds	d:/ymir work/effect/background/slow.dds	1
Effect/ymir work/effect/monster2/12_dra_n1_throw.mse	d:/ymir work/effect/monster2/12_dra_n1_throw.mse	1
Effect/ymir work/effect/etc/myshop/2.mde	d:/ymir work/effect/etc/myshop/2.mde	1
Effect/ymir work/effect/monster2/w_mob_hide3.mse	d:/ymir work/effect/monster2/w_mob_hide3.mse	1
Effect/ymir work/effect/etc/fishing/fishing_cancel.mde	d:/ymir work/effect/etc/fishing/fishing_cancel.mde	1
Effect/ymir work/effect/background/sparrow.dds	d:/ymir work/effect/background/sparrow.dds	1
Effect/ymir work/effect/etc/direction/direction.dds	d:/ymir work/effect/etc/direction/direction.dds	1
Effect/ymir work/effect/etc/click/click_select_vertical.dds	d:/ymir work/effect/etc/click/click_select_vertical.dds	1
Effect/ymir work/effect/monster/milgyo_monster_20_1_throw.mse	d:/ymir work/effect/monster/milgyo_monster_20_1_throw.mse	1
Effect/ymir work/effect/monster2/fire_tiger_25.mse	d:/ymir work/effect/monster2/fire_tiger_25.mse	1
Effect/ymir work/effect/etc/fishing/fishing_catch.mde	d:/ymir work/effect/etc/fishing/fishing_catch.mde	1
Effect/ymir work/effect/etc/appear_die/1111.dds	d:/ymir work/effect/etc/appear_die/1111.dds	1
Effect/ymir work/effect/background/sparrow.mde	d:/ymir work/effect/background/sparrow.mde	1
Effect/ymir work/effect/hit/blow_flame/flame_loop.mse	d:/ymir work/effect/hit/blow_flame/flame_loop.mse	1
Effect/ymir work/effect/monster2/empire_cao_s1_impect.mde	d:/ymir work/effect/monster2/empire_cao_s1_impect.mde	1
Effect/ymir work/effect/background/sparrow.mse	d:/ymir work/effect/background/sparrow.mse	1
Effect/ymir work/effect/hit/blow_ice/ice_1_weapon.mse	d:/ymir work/effect/hit/blow_ice/ice_1_weapon.mse	1
Effect/ymir work/effect/monster2/12_dra_s1_making2.mse	d:/ymir work/effect/monster2/12_dra_s1_making2.mse	1
Effect/ymir work/effect/background/splash_1.dds	d:/ymir work/effect/background/splash_1.dds	1
Effect/ymir work/effect/etc/guild_war_flag/flag_red.mse	d:/ymir work/effect/etc/guild_war_flag/flag_red.mse	1
Effect/ymir work/effect/background/stonepiece_1.dds	d:/ymir work/effect/background/stonepiece_1.dds	1
Effect/ymir work/effect/monster2/defense_soul_s1_throw.mse	d:/ymir work/effect/monster2/defense_soul_s1_throw.mse	1
Effect/ymir work/effect/hit/blow_electric/half_ring_rainbow_line.dds	d:/ymir work/effect/hit/blow_electric/half_ring_rainbow_line.dds	1
Effect/ymir work/effect/background/stonepiece_2.dds	d:/ymir work/effect/background/stonepiece_2.dds	1
Effect/ymir work/effect/monster2/ent_trent_fly.mse	d:/ymir work/effect/monster2/ent_trent_fly.mse	1
Effect/ymir work/effect/etc/gathering/sp_sura.msf	d:/ymir work/effect/etc/gathering/sp_sura.msf	1
Effect/ymir work/effect/background/stonepiece_3.dds	d:/ymir work/effect/background/stonepiece_3.dds	1
Effect/ymir work/effect/background/tent_01_lamp.mse	d:/ymir work/effect/background/tent_01_lamp.mse	1
Effect/ymir work/effect/monster2/defense_pwan_loop_fire5.mse	d:/ymir work/effect/monster2/defense_pwan_loop_fire5.mse	1
Effect/ymir work/effect/background/tent_ss_lamp.mse	d:/ymir work/effect/background/tent_ss_lamp.mse	1
Effect/ymir work/effect/monster2/12_chi_s2_making.mse	d:/ymir work/effect/monster2/12_chi_s2_making.mse	1
Effect/ymir work/effect/background/torch.mse	d:/ymir work/effect/background/torch.mse	1
Effect/ymir work/effect/background/volcano_bigsmoke.mse	d:/ymir work/effect/background/volcano_bigsmoke.mse	1
Effect/ymir work/effect/background/volcano_greatsmoke.mse	d:/ymir work/effect/background/volcano_greatsmoke.mse	1
Effect/ymir work/effect/background/volcano_smallsmoke.mse	d:/ymir work/effect/background/volcano_smallsmoke.mse	1
Effect/ymir work/effect/monster2/smhgate_boss_s2_blow.mse	d:/ymir work/effect/monster2/smhgate_boss_s2_blow.mse	1
Effect/ymir work/effect/etc/firecracker/firecracker_6.msf	d:/ymir work/effect/etc/firecracker/firecracker_6.msf	1
Effect/ymir work/effect/monster2/12_a04_na2_blow.mse	d:/ymir work/effect/monster2/12_a04_na2_blow.mse	1
Effect/ymir work/effect/background/volcano_whitesmoke.mse	d:/ymir work/effect/background/volcano_whitesmoke.mse	1
Effect/ymir work/effect/background/volcanostone.dds	d:/ymir work/effect/background/volcanostone.dds	1
Effect/ymir work/effect/monster2/tornado_dirt1.mse	d:/ymir work/effect/monster2/tornado_dirt1.mse	1
Effect/ymir work/effect/background/warpgate01.mse	d:/ymir work/effect/background/warpgate01.mse	1
Effect/ymir work/effect/hit/blow_electric/6.dds	d:/ymir work/effect/hit/blow_electric/6.dds	1
Effect/ymir work/effect/background/warpgate02_1.mse	d:/ymir work/effect/background/warpgate02_1.mse	1
Effect/ymir work/effect/etc/gathering/ga_energy_center_yellow.dds	d:/ymir work/effect/etc/gathering/ga_energy_center_yellow.dds	1
Effect/ymir work/effect/monster2/12_sna_s3_drop.mse	d:/ymir work/effect/monster2/12_sna_s3_drop.mse	1
Effect/ymir work/effect/background/warpgate03.mse	d:/ymir work/effect/background/warpgate03.mse	1
Effect/ymir work/effect/background/warpgate03_1.mse	d:/ymir work/effect/background/warpgate03_1.mse	1
Effect/ymir work/effect/hit/blow_ice/ice_1_blow.mse	d:/ymir work/effect/hit/blow_ice/ice_1_blow.mse	1
Effect/ymir work/effect/monster2/whitedragonvalley_snow_01.dds	d:/ymir work/effect/monster2/whitedragonvalley_snow_01.dds	1
Effect/ymir work/effect/etc/key/chip.dds	d:/ymir work/effect/etc/key/chip.dds	1
Effect/ymir work/effect/monster2/12_chi_s1_impact01.mse	d:/ymir work/effect/monster2/12_chi_s1_impact01.mse	1
Effect/ymir work/effect/etc/compass/appear_small.mde	d:/ymir work/effect/etc/compass/appear_small.mde	1
Effect/ymir work/effect/background/warpgate1.mde	d:/ymir work/effect/background/warpgate1.mde	1
Effect/ymir work/effect/monster/palbang_spin.dds	d:/ymir work/effect/monster/palbang_spin.dds	1
Effect/ymir work/effect/etc/emoticon/question.dds	d:/ymir work/effect/etc/emoticon/question.dds	1
Effect/ymir work/effect/background/warpgate2_1stone.mde	d:/ymir work/effect/background/warpgate2_1stone.mde	1
Effect/ymir work/effect/etc/compete/1.dds	d:/ymir work/effect/etc/compete/1.dds	1
Effect/ymir work/effect/monster2/east_mage_n1_blow.mse	d:/ymir work/effect/monster2/east_mage_n1_blow.mse	1
Effect/ymir work/effect/monster/fox_ninetail_25.mse	d:/ymir work/effect/monster/fox_ninetail_25.mse	1
Effect/ymir work/effect/monster2/12_rbt_s03_windstorm.mse	d:/ymir work/effect/monster2/12_rbt_s03_windstorm.mse	1
Effect/ymir work/effect/background/web.dds	d:/ymir work/effect/background/web.dds	1
Effect/ymir work/effect/hit/blow_electric/light_blow.mse	d:/ymir work/effect/hit/blow_electric/light_blow.mse	1
Effect/ymir work/effect/monster2/th_impact_yellow.mse	d:/ymir work/effect/monster2/th_impact_yellow.mse	1
Effect/ymir work/effect/background/z.dds	d:/ymir work/effect/background/z.dds	1
Effect/ymir work/effect/monster2/12_tiger_s2_blow1.mse	d:/ymir work/effect/monster2/12_tiger_s2_blow1.mse	1
Effect/ymir work/effect/etc/back.mse	d:/ymir work/effect/etc/back.mse	1
Effect/ymir work/effect/monster2/12_rotation.dds	d:/ymir work/effect/monster2/12_rotation.dds	1
Effect/ymir work/effect/monster2/fury1.mde	d:/ymir work/effect/monster2/fury1.mde	1
Effect/ymir work/effect/monster2/defense_medusa_s3_drop.mse	d:/ymir work/effect/monster2/defense_medusa_s3_drop.mse	1
Effect/ymir work/effect/etc/compete/7.dds	d:/ymir work/effect/etc/compete/7.dds	1
Effect/ymir work/effect/etc/back.tga	d:/ymir work/effect/etc/back.tga	1
Effect/ymir work/effect/monster2/12_dra_n1_throw_02.mse	d:/ymir work/effect/monster2/12_dra_n1_throw_02.mse	1
Effect/ymir work/effect/etc/compete/start.mse	d:/ymir work/effect/etc/compete/start.mse	1
Effect/ymir work/effect/monster/f3.dds	d:/ymir work/effect/monster/f3.dds	1
Effect/ymir work/effect/etc/appear_die/appearbluecircle.dds	d:/ymir work/effect/etc/appear_die/appearbluecircle.dds	1
Effect/ymir work/effect/etc/appear_die/dust copy.dds	d:/ymir work/effect/etc/appear_die/dust copy.dds	1
Effect/ymir work/effect/etc/appear_die/monster_appear.mse	d:/ymir work/effect/etc/appear_die/monster_appear.mse	1
Effect/ymir work/effect/etc/levelup_1/level_up.mse	d:/ymir work/effect/etc/levelup_1/level_up.mse	1
Effect/ymir work/effect/hit/critical.mse	d:/ymir work/effect/hit/critical.mse	1
Effect/ymir work/effect/monster2/snake_laser02.mse	d:/ymir work/effect/monster2/snake_laser02.mse	1
Effect/ymir work/effect/etc/boss_effect/boss.mse	d:/ymir work/effect/etc/boss_effect/boss.mse	1
Effect/ymir work/effect/etc/christmas_tree/chip.dds	d:/ymir work/effect/etc/christmas_tree/chip.dds	1
Effect/ymir work/effect/monster2/12_cow_s1_stone2.mde	d:/ymir work/effect/monster2/12_cow_s1_stone2.mde	1
Effect/ymir work/effect/etc/recuperation/drugup_red.mse	d:/ymir work/effect/etc/recuperation/drugup_red.mse	1
Effect/ymir work/effect/hit/blow_poison/poison_loop.mse	d:/ymir work/effect/hit/blow_poison/poison_loop.mse	1
Effect/ymir work/effect/monster2/12_chi_s3_drop.mse	d:/ymir work/effect/monster2/12_chi_s3_drop.mse	1
Effect/ymir work/effect/etc/christmas_tree/christmas_star.dds	d:/ymir work/effect/etc/christmas_tree/christmas_star.dds	1
Effect/ymir work/effect/etc/fishing/throw.mde	d:/ymir work/effect/etc/fishing/throw.mde	1
Effect/ymir work/effect/monster/ls1_1 copy.dds	d:/ymir work/effect/monster/ls1_1 copy.dds	1
Effect/ymir work/effect/monster2/defense_medusa_n1_blow.mse	d:/ymir work/effect/monster2/defense_medusa_n1_blow.mse	1
Effect/ymir work/effect/hit/blow_1/half_ring_rainbow_line.dds	d:/ymir work/effect/hit/blow_1/half_ring_rainbow_line.dds	1
Effect/ymir work/effect/etc/christmas_tree/detail_lens.dds	d:/ymir work/effect/etc/christmas_tree/detail_lens.dds	1
Effect/ymir work/effect/hit/blow_1/line_ring_rainbow copy.dds	d:/ymir work/effect/hit/blow_1/line_ring_rainbow copy.dds	1
Effect/ymir work/effect/etc/fall/fall_2.dds	d:/ymir work/effect/etc/fall/fall_2.dds	1
Effect/ymir work/effect/monster2/defense_naga_n2_impact.mde	d:/ymir work/effect/monster2/defense_naga_n2_impact.mde	1
Effect/ymir work/effect/etc/christmas_tree/half_ring_rainbow_line.dds	d:/ymir work/effect/etc/christmas_tree/half_ring_rainbow_line.dds	1
Effect/ymir work/effect/etc/click/yy.dds	d:/ymir work/effect/etc/click/yy.dds	1
Effect/ymir work/effect/etc/fishing/fishing_wait.mde	d:/ymir work/effect/etc/fishing/fishing_wait.mde	1
Effect/ymir work/effect/etc/fishing/float.dds	d:/ymir work/effect/etc/fishing/float.dds	1
Effect/ymir work/effect/etc/christmas_tree/line_ring_copy.dds	d:/ymir work/effect/etc/christmas_tree/line_ring_copy.dds	1
Effect/ymir work/effect/etc/gathering/ga_center_small_red.mse	d:/ymir work/effect/etc/gathering/ga_center_small_red.mse	1
Effect/ymir work/effect/etc/firecracker/paing_i.mse	d:/ymir work/effect/etc/firecracker/paing_i.mse	1
Effect/ymir work/effect/etc/christmas_tree/tree_3s.mse	d:/ymir work/effect/etc/christmas_tree/tree_3s.mse	1
Effect/ymir work/effect/monster2/maze_boss_s2_blow.mse	d:/ymir work/effect/monster2/maze_boss_s2_blow.mse	1
Effect/ymir work/effect/etc/guild_war_flag/ground_flag_blue.mse	d:/ymir work/effect/etc/guild_war_flag/ground_flag_blue.mse	1
Effect/ymir work/effect/etc/christmas_tree/youn_gi.dds	d:/ymir work/effect/etc/christmas_tree/youn_gi.dds	1
Effect/ymir work/effect/monster2/redblack1.mse	d:/ymir work/effect/monster2/redblack1.mse	1
Effect/ymir work/effect/etc/click/click.jpg	d:/ymir work/effect/etc/click/click.jpg	1
Effect/ymir work/effect/etc/levelup_2/2-star.dds	d:/ymir work/effect/etc/levelup_2/2-star.dds	1
Effect/ymir work/effect/etc/click/click.mse	d:/ymir work/effect/etc/click/click.mse	1
Effect/ymir work/effect/etc/click/click_glow_select copy.jpg	d:/ymir work/effect/etc/click/click_glow_select copy.jpg	1
Effect/ymir work/effect/monster/ice_snow_golem_20_blow.mse	d:/ymir work/effect/monster/ice_snow_golem_20_blow.mse	1
Effect/ymir work/effect/etc/click/click_glow_select.mde	d:/ymir work/effect/etc/click/click_glow_select.mde	1
Effect/ymir work/effect/etc/click/click_glow_select.mse	d:/ymir work/effect/etc/click/click_glow_select.mse	1
Effect/ymir work/effect/monster/bou_20_1_throw.mse	d:/ymir work/effect/monster/bou_20_1_throw.mse	1
Effect/ymir work/effect/monster2/element_soul_n1_throw04.msf	d:/ymir work/effect/monster2/element_soul_n1_throw04.msf	1
Effect/ymir work/effect/etc/gathering/ga_energy_4.dds	d:/ymir work/effect/etc/gathering/ga_energy_4.dds	1
Effect/ymir work/effect/monster2/redd_fly_attack1.mse	d:/ymir work/effect/monster2/redd_fly_attack1.mse	1
Effect/ymir work/effect/etc/click/click_glow_select_big copy.jpg	d:/ymir work/effect/etc/click/click_glow_select_big copy.jpg	1
Effect/ymir work/effect/monster2/goblin_eastboss_n2_making.mse	d:/ymir work/effect/monster2/goblin_eastboss_n2_making.mse	1
Effect/ymir work/effect/monster2/empire_cao_s1_blow.mse	d:/ymir work/effect/monster2/empire_cao_s1_blow.mse	1
Effect/ymir work/effect/monster2/12_tex_crack_02_1.dds	d:/ymir work/effect/monster2/12_tex_crack_02_1.dds	1
Effect/ymir work/effect/etc/click/click_glow_select_big.mde	d:/ymir work/effect/etc/click/click_glow_select_big.mde	1
Effect/ymir work/effect/hit/blow_ice/ice_3_weapon.mse	d:/ymir work/effect/hit/blow_ice/ice_3_weapon.mse	1
Effect/ymir work/effect/etc/click/click_glow_select_big.mse	d:/ymir work/effect/etc/click/click_glow_select_big.mse	1
Effect/ymir work/effect/etc/click/click_glow_select_vertical copy.dds	d:/ymir work/effect/etc/click/click_glow_select_vertical copy.dds	1
Effect/ymir work/effect/monster2/defense_start_breath.mse	d:/ymir work/effect/monster2/defense_start_breath.mse	1
Effect/ymir work/effect/etc/click/pvp_click_glow_select.mse	d:/ymir work/effect/etc/click/pvp_click_glow_select.mse	1
Effect/ymir work/effect/etc/click/click_glow_select_vertical copy.jpg	d:/ymir work/effect/etc/click/click_glow_select_vertical copy.jpg	1
Effect/ymir work/effect/monster2/goblin_southboss_s2_blow.mse	d:/ymir work/effect/monster2/goblin_southboss_s2_blow.mse	1
Effect/ymir work/effect/monster2/goblin_knight_s1_blow.mse	d:/ymir work/effect/monster2/goblin_knight_s1_blow.mse	1
Effect/ymir work/effect/etc/firecracker/firecracker.dds	d:/ymir work/effect/etc/firecracker/firecracker.dds	1
Effect/ymir work/effect/etc/compete/6.dds	d:/ymir work/effect/etc/compete/6.dds	1
Effect/ymir work/effect/monster2/whitedragon_knight02_s1_blow.mse	d:/ymir work/effect/monster2/whitedragon_knight02_s1_blow.mse	1
Effect/ymir work/effect/monster2/defense_boss_s2_wood.dds	d:/ymir work/effect/monster2/defense_boss_s2_wood.dds	1
Effect/ymir work/effect/etc/click/click_select.dds	d:/ymir work/effect/etc/click/click_select.dds	1
Effect/ymir work/effect/monster2/smhgate_flower_leaf_4.dds	d:/ymir work/effect/monster2/smhgate_flower_leaf_4.dds	1
Effect/ymir work/effect/etc/fall/waterwheel_small.mse	d:/ymir work/effect/etc/fall/waterwheel_small.mse	1
Effect/ymir work/effect/monster2/tornado1_blue.mse	d:/ymir work/effect/monster2/tornado1_blue.mse	1
Effect/ymir work/effect/etc/click/click_select.jpg	d:/ymir work/effect/etc/click/click_select.jpg	1
Effect/ymir work/effect/monster/gwi_geom_first_spark.dds	d:/ymir work/effect/monster/gwi_geom_first_spark.dds	1
Effect/ymir work/effect/etc/compete/ready_2.dds	d:/ymir work/effect/etc/compete/ready_2.dds	1
Effect/ymir work/effect/etc/select_character/backsomke.dds	d:/ymir work/effect/etc/select_character/backsomke.dds	1
Effect/ymir work/effect/monster2/12_she_s1_making.mse	d:/ymir work/effect/monster2/12_she_s1_making.mse	1
Effect/ymir work/effect/monster2/redd_meteo_circle.mse	d:/ymir work/effect/monster2/redd_meteo_circle.mse	1
Effect/ymir work/effect/etc/follow/flag.tga	d:/ymir work/effect/etc/follow/flag.tga	1
Effect/ymir work/effect/etc/click/click_select.mde	d:/ymir work/effect/etc/click/click_select.mde	1
Effect/ymir work/effect/etc/compete/9.dds	d:/ymir work/effect/etc/compete/9.dds	1
Effect/ymir work/effect/etc/emoticon/sweat_back.dds	d:/ymir work/effect/etc/emoticon/sweat_back.dds	1
Effect/ymir work/effect/etc/click/click_select.mse	d:/ymir work/effect/etc/click/click_select.mse	1
Effect/ymir work/effect/etc/click/click_select_big.dds	d:/ymir work/effect/etc/click/click_select_big.dds	1
Effect/ymir work/effect/etc/click/click_select_big.mse	d:/ymir work/effect/etc/click/click_select_big.mse	1
Effect/ymir work/effect/etc/click/click_select_vertical.tga	d:/ymir work/effect/etc/click/click_select_vertical.tga	1
Effect/ymir work/effect/etc/click/mob_click_glow_select.mse	d:/ymir work/effect/etc/click/mob_click_glow_select.mse	1
Effect/ymir work/effect/monster2/smh_magic_s1_fire.mse	d:/ymir work/effect/monster2/smh_magic_s1_fire.mse	1
Effect/ymir work/effect/monster2/redd_moojuk_green.mse	d:/ymir work/effect/monster2/redd_moojuk_green.mse	1
Effect/ymir work/effect/etc/emoticon/sweat.mse	d:/ymir work/effect/etc/emoticon/sweat.mse	1
Effect/ymir work/effect/etc/click/mob_click_select.mse	d:/ymir work/effect/etc/click/mob_click_select.mse	1
Effect/ymir work/effect/etc/click/npc_click_glow_select.mse	d:/ymir work/effect/etc/click/npc_click_glow_select.mse	1
Effect/ymir work/effect/etc/fishing/fishing_fail_sw.mde	d:/ymir work/effect/etc/fishing/fishing_fail_sw.mde	1
Effect/ymir work/effect/etc/click/npc_click_glow_select_big.mse	d:/ymir work/effect/etc/click/npc_click_glow_select_big.mse	1
Effect/ymir work/effect/monster2/fireball.dds	d:/ymir work/effect/monster2/fireball.dds	1
Effect/ymir work/effect/monster2/defense_boss_s2_ice.mse	d:/ymir work/effect/monster2/defense_boss_s2_ice.mse	1
Effect/ymir work/effect/etc/crystal/crystal.mse	d:/ymir work/effect/etc/crystal/crystal.mse	1
Effect/ymir work/effect/monster2/redblack3.mse	d:/ymir work/effect/monster2/redblack3.mse	1
Effect/ymir work/effect/etc/click/npc_click_select.mse	d:/ymir work/effect/etc/click/npc_click_select.mse	1
Effect/ymir work/effect/etc/click/pc_click_select.mse	d:/ymir work/effect/etc/click/pc_click_select.mse	1
Effect/ymir work/effect/etc/click/pc_click_select_big.mse	d:/ymir work/effect/etc/click/pc_click_select_big.mse	1
Effect/ymir work/effect/etc/levelup_1/levelupenuri4 copy_red.dds	d:/ymir work/effect/etc/levelup_1/levelupenuri4 copy_red.dds	1
Effect/ymir work/effect/etc/click/pvp_click_glow_select_big.mse	d:/ymir work/effect/etc/click/pvp_click_glow_select_big.mse	1
Effect/ymir work/effect/monster2/12_a05_burn_01.dds	d:/ymir work/effect/monster2/12_a05_burn_01.dds	1
Effect/ymir work/effect/monster/splitlife_akkan_combat4.dds	d:/ymir work/effect/monster/splitlife_akkan_combat4.dds	1
Effect/ymir work/effect/monster2/east_mage_n1_making.mse	d:/ymir work/effect/monster2/east_mage_n1_making.mse	1
Effect/ymir work/effect/etc/click/pvp_click_select_big.mse	d:/ymir work/effect/etc/click/pvp_click_select_big.mse	1
Effect/ymir work/effect/hit/blow_electric/line_ring_copy.dds	d:/ymir work/effect/hit/blow_electric/line_ring_copy.dds	1
Effect/ymir work/effect/etc/click/untitled-1 copy.jpg	d:/ymir work/effect/etc/click/untitled-1 copy.jpg	1
Effect/ymir work/effect/hit/blow_1/smoke.dds	d:/ymir work/effect/hit/blow_1/smoke.dds	1
Effect/ymir work/effect/etc/click/up.dds	d:/ymir work/effect/etc/click/up.dds	1
Effect/ymir work/effect/etc/click/vclick.dds	d:/ymir work/effect/etc/click/vclick.dds	1
Effect/ymir work/effect/monster2/12_dra_s1_throw2.mse	d:/ymir work/effect/monster2/12_dra_s1_throw2.mse	1
Effect/ymir work/effect/monster2/mash_ray1_2.mde	d:/ymir work/effect/monster2/mash_ray1_2.mde	1
Effect/ymir work/effect/etc/compass/appear_large.mde	d:/ymir work/effect/etc/compass/appear_large.mde	1
Effect/ymir work/effect/etc/compass/appear_large.mse	d:/ymir work/effect/etc/compass/appear_large.mse	1
Effect/ymir work/effect/monster2/smhgate_metinstone_loop.mse	d:/ymir work/effect/monster2/smhgate_metinstone_loop.mse	1
Effect/ymir work/effect/etc/compass/appear_middle.mse	d:/ymir work/effect/etc/compass/appear_middle.mse	1
Effect/ymir work/effect/monster/milgyo_monster_20_1_throw.msf	d:/ymir work/effect/monster/milgyo_monster_20_1_throw.msf	1
Effect/ymir work/effect/etc/dropitem/cross.dds	d:/ymir work/effect/etc/dropitem/cross.dds	1
Effect/ymir work/effect/etc/compass/appear_small.mse	d:/ymir work/effect/etc/compass/appear_small.mse	1
Effect/ymir work/effect/monster2/12_pc_cant_01.mse	d:/ymir work/effect/monster2/12_pc_cant_01.mse	1
Effect/ymir work/effect/etc/skillup/skillup_2.mse	d:/ymir work/effect/etc/skillup/skillup_2.mse	1
Effect/ymir work/effect/etc/direction/direction.mde	d:/ymir work/effect/etc/direction/direction.mde	1
Effect/ymir work/effect/etc/compass/compass copy.dds	d:/ymir work/effect/etc/compass/compass copy.dds	1
Effect/ymir work/effect/etc/compass/compass copy.tga	d:/ymir work/effect/etc/compass/compass copy.tga	1
Effect/ymir work/effect/etc/compete/0.dds	d:/ymir work/effect/etc/compete/0.dds	1
Effect/ymir work/effect/etc/compete/2.dds	d:/ymir work/effect/etc/compete/2.dds	1
Effect/ymir work/effect/monster2/snaketemple_s_knight_s1_throw.msf	d:/ymir work/effect/monster2/snaketemple_s_knight_s1_throw.msf	1
Effect/ymir work/effect/etc/compete/4.dds	d:/ymir work/effect/etc/compete/4.dds	1
Effect/ymir work/effect/etc/compete/5.dds	d:/ymir work/effect/etc/compete/5.dds	1
Effect/ymir work/effect/etc/emoticon/sweat.dds	d:/ymir work/effect/etc/emoticon/sweat.dds	1
Effect/ymir work/effect/etc/compete/dae.mse	d:/ymir work/effect/etc/compete/dae.mse	1
Effect/ymir work/effect/hit/blow_flame/flame_loop_w.mse	d:/ymir work/effect/hit/blow_flame/flame_loop_w.mse	1
Effect/ymir work/effect/etc/compete/ready.mse	d:/ymir work/effect/etc/compete/ready.mse	1
Effect/ymir work/effect/etc/recuperation/upellipse.dds	d:/ymir work/effect/etc/recuperation/upellipse.dds	1
Effect/ymir work/effect/monster2/whitedragon_boss2_s2_defence.mde	d:/ymir work/effect/monster2/whitedragon_boss2_s2_defence.mde	1
Effect/ymir work/effect/etc/dig/dust copy.dds	d:/ymir work/effect/etc/dig/dust copy.dds	1
Effect/ymir work/effect/etc/direction/direction_land.mde	d:/ymir work/effect/etc/direction/direction_land.mde	1
Effect/ymir work/effect/monster2/12_she_s3_making.mse	d:/ymir work/effect/monster2/12_she_s3_making.mse	1
Effect/ymir work/effect/etc/dust/running_dust.mse	d:/ymir work/effect/etc/dust/running_dust.mse	1
Effect/ymir work/effect/monster2/maze_boss_s3_blow.mse	d:/ymir work/effect/monster2/maze_boss_s3_blow.mse	1
Effect/ymir work/effect/etc/dust/running_stop.mse	d:/ymir work/effect/etc/dust/running_stop.mse	1
Effect/ymir work/effect/etc/ox/x.mse	d:/ymir work/effect/etc/ox/x.mse	1
Effect/ymir work/effect/monster/misterious_diseased_host_25.mse	d:/ymir work/effect/monster/misterious_diseased_host_25.mse	1
Effect/ymir work/effect/monster2/redd_sattack2_boom.mse	d:/ymir work/effect/monster2/redd_sattack2_boom.mse	1
Effect/ymir work/effect/monster2/12zi_monkey_sa01_impact01.mde	d:/ymir work/effect/monster2/12zi_monkey_sa01_impact01.mde	1
Effect/ymir work/effect/etc/emoticon/!.dds	d:/ymir work/effect/etc/emoticon/!.dds	1
Effect/ymir work/effect/monster/skeleton_god_25.mse	d:/ymir work/effect/monster/skeleton_god_25.mse	1
Effect/ymir work/effect/monster2/redd_cash_01.mse	d:/ymir work/effect/monster2/redd_cash_01.mse	1
Effect/ymir work/effect/etc/emoticon/!_mix_back.mse	d:/ymir work/effect/etc/emoticon/!_mix_back.mse	1
Effect/ymir work/effect/etc/gathering/ga_piece_yellow_small2.msf	d:/ymir work/effect/etc/gathering/ga_piece_yellow_small2.msf	1
Effect/ymir work/effect/hit/14-1.dds	d:/ymir work/effect/hit/14-1.dds	1
Effect/ymir work/effect/etc/emoticon/aha.dds	d:/ymir work/effect/etc/emoticon/aha.dds	1
Effect/ymir work/effect/monster2/snake_restriction.mse	d:/ymir work/effect/monster2/snake_restriction.mse	1
Effect/ymir work/effect/etc/emoticon/aha.mse	d:/ymir work/effect/etc/emoticon/aha.mse	1
Effect/ymir work/effect/monster/ice copy.dds	d:/ymir work/effect/monster/ice copy.dds	1
Effect/ymir work/effect/monster2/12_a05_na1_blow.mse	d:/ymir work/effect/monster2/12_a05_na1_blow.mse	1
Effect/ymir work/effect/monster2/ray_blue1.mse	d:/ymir work/effect/monster2/ray_blue1.mse	1
Effect/ymir work/effect/etc/fishing/fishing_wait_react.mde	d:/ymir work/effect/etc/fishing/fishing_wait_react.mde	1
Effect/ymir work/effect/etc/emoticon/aha_back.dds	d:/ymir work/effect/etc/emoticon/aha_back.dds	1
Effect/ymir work/effect/etc/emoticon/angry.mse	d:/ymir work/effect/etc/emoticon/angry.mse	1
Effect/ymir work/effect/etc/emoticon/back.dds	d:/ymir work/effect/etc/emoticon/back.dds	1
Effect/ymir work/effect/monster/circle.dds	d:/ymir work/effect/monster/circle.dds	1
Effect/ymir work/effect/etc/emoticon/boom1.dds	d:/ymir work/effect/etc/emoticon/boom1.dds	1
Effect/ymir work/effect/monster2/12_mou_s1_spin.mde	d:/ymir work/effect/monster2/12_mou_s1_spin.mde	1
Effect/ymir work/effect/etc/gathering/ga_piece_wine.mse	d:/ymir work/effect/etc/gathering/ga_piece_wine.mse	1
Effect/ymir work/effect/etc/forked_load/victory.mse	d:/ymir work/effect/etc/forked_load/victory.mse	1
Effect/ymir work/effect/etc/emoticon/fish.dds	d:/ymir work/effect/etc/emoticon/fish.dds	1
Effect/ymir work/effect/monster2/12_a01_na1_boom.mse	d:/ymir work/effect/monster2/12_a01_na1_boom.mse	1
Effect/ymir work/effect/monster2/goblin_southboss_s1_blow.mse	d:/ymir work/effect/monster2/goblin_southboss_s1_blow.mse	1
Effect/ymir work/effect/etc/emoticon/fish2.dds	d:/ymir work/effect/etc/emoticon/fish2.dds	1
Effect/ymir work/effect/etc/emoticon/fish3.dds	d:/ymir work/effect/etc/emoticon/fish3.dds	1
Effect/ymir work/effect/monster2/12_shelter_out_03.mse	d:/ymir work/effect/monster2/12_shelter_out_03.mse	1
Effect/ymir work/effect/etc/emoticon/happy.mse	d:/ymir work/effect/etc/emoticon/happy.mse	1
Effect/ymir work/effect/hit/blow_poison/hobubottom.dds	d:/ymir work/effect/hit/blow_poison/hobubottom.dds	1
Effect/ymir work/effect/monster2/12_pc_cant_02.dds	d:/ymir work/effect/monster2/12_pc_cant_02.dds	1
Effect/ymir work/effect/etc/emoticon/love_l.mse	d:/ymir work/effect/etc/emoticon/love_l.mse	1
Effect/ymir work/effect/etc/emoticon/question.mse	d:/ymir work/effect/etc/emoticon/question.mse	1
Effect/ymir work/effect/etc/gathering/ga_spirit_green.mse	d:/ymir work/effect/etc/gathering/ga_spirit_green.mse	1
Effect/ymir work/effect/etc/emoticon/rain.dds	d:/ymir work/effect/etc/emoticon/rain.dds	1
Effect/ymir work/effect/monster2/snakevalley_s_knight_n_boom.mse	d:/ymir work/effect/monster2/snakevalley_s_knight_n_boom.mse	1
Effect/ymir work/effect/monster2/occupy_05.dds	d:/ymir work/effect/monster2/occupy_05.dds	1
Effect/ymir work/effect/hit/blow_electric/light_weapon.mse	d:/ymir work/effect/hit/blow_electric/light_weapon.mse	1
Effect/ymir work/effect/etc/firecracker/firecracker_3.msf	d:/ymir work/effect/etc/firecracker/firecracker_3.msf	1
Effect/ymir work/effect/hit/blow_1/linblow1enuri4 copy_blue.dds	d:/ymir work/effect/hit/blow_1/linblow1enuri4 copy_blue.dds	1
Effect/ymir work/effect/etc/emoticon/rain1.dds	d:/ymir work/effect/etc/emoticon/rain1.dds	1
Effect/ymir work/effect/monster2/12_a01_na1_arrow.msf	d:/ymir work/effect/monster2/12_a01_na1_arrow.msf	1
Effect/ymir work/effect/monster/16-bottom.dds	d:/ymir work/effect/monster/16-bottom.dds	1
Effect/ymir work/effect/monster2/12_sna_s3_arrow.mse	d:/ymir work/effect/monster2/12_sna_s3_arrow.mse	1
Effect/ymir work/effect/etc/fishing/fishing_cancel.mse	d:/ymir work/effect/etc/fishing/fishing_cancel.mse	1
Effect/ymir work/effect/etc/emoticon/sorry.dds	d:/ymir work/effect/etc/emoticon/sorry.dds	1
Effect/ymir work/effect/etc/emoticon/sorry.mse	d:/ymir work/effect/etc/emoticon/sorry.mse	1
Effect/ymir work/effect/monster2/whitedragon_defence_01.dds	d:/ymir work/effect/monster2/whitedragon_defence_01.dds	1
Effect/ymir work/effect/etc/empire/empire_a_256.dds	d:/ymir work/effect/etc/empire/empire_a_256.dds	1
Effect/ymir work/effect/monster2/element_soul_n1_throw06.msf	d:/ymir work/effect/monster2/element_soul_n1_throw06.msf	1
Effect/ymir work/effect/etc/empire/empire_c.mse	d:/ymir work/effect/etc/empire/empire_c.mse	1
Effect/ymir work/effect/etc/empire/empire_c_256.dds	d:/ymir work/effect/etc/empire/empire_c_256.dds	1
Effect/ymir work/effect/monster2/redd_moojuk.mse	d:/ymir work/effect/monster2/redd_moojuk.mse	1
Effect/ymir work/effect/etc/fall/fall_2.tga	d:/ymir work/effect/etc/fall/fall_2.tga	1
Effect/ymir work/effect/etc/fall/fall_7.mse	d:/ymir work/effect/etc/fall/fall_7.mse	1
Effect/ymir work/effect/etc/fall/waterwheel_big.mde	d:/ymir work/effect/etc/fall/waterwheel_big.mde	1
Effect/ymir work/effect/monster/black_mine_edge.dds	d:/ymir work/effect/monster/black_mine_edge.dds	1
Effect/ymir work/effect/etc/fall/waterwheel_small.mde	d:/ymir work/effect/etc/fall/waterwheel_small.mde	1
Effect/ymir work/effect/hit/blow_2/14-1.dds	d:/ymir work/effect/hit/blow_2/14-1.dds	1
Effect/ymir work/effect/etc/firecracker/find_out.mse	d:/ymir work/effect/etc/firecracker/find_out.mse	1
Effect/ymir work/effect/etc/firecracker/firecracker.mde	d:/ymir work/effect/etc/firecracker/firecracker.mde	1
Effect/ymir work/effect/monster2/burn_01.dds	d:/ymir work/effect/monster2/burn_01.dds	1
Effect/ymir work/effect/etc/firecracker/firecracker_1.msf	d:/ymir work/effect/etc/firecracker/firecracker_1.msf	1
Effect/ymir work/effect/etc/firecracker/firecracker_3.mse	d:/ymir work/effect/etc/firecracker/firecracker_3.mse	1
Effect/ymir work/effect/etc/firecracker/firecracker_4.mse	d:/ymir work/effect/etc/firecracker/firecracker_4.mse	1
Effect/ymir work/effect/monster/chaos_ghost_20_1_blow.mse	d:/ymir work/effect/monster/chaos_ghost_20_1_blow.mse	1
Effect/ymir work/effect/etc/firecracker/firecracker_xmas.msf	d:/ymir work/effect/etc/firecracker/firecracker_xmas.msf	1
Effect/ymir work/effect/monster2/12_a05_na1_arrow.msf	d:/ymir work/effect/monster2/12_a05_na1_arrow.msf	1
Effect/ymir work/effect/monster2/th_impact_blue.mse	d:/ymir work/effect/monster2/th_impact_blue.mse	1
Effect/ymir work/effect/etc/firecracker/newyear_firecracker.mse	d:/ymir work/effect/etc/firecracker/newyear_firecracker.mse	1
Effect/ymir work/effect/monster2/smh_king_s1_end.mse	d:/ymir work/effect/monster2/smh_king_s1_end.mse	1
Effect/ymir work/effect/etc/firecracker/paing_i.dds	d:/ymir work/effect/etc/firecracker/paing_i.dds	1
Effect/ymir work/effect/monster/skeleton_god_24_1.mse	d:/ymir work/effect/monster/skeleton_god_24_1.mse	1
Effect/ymir work/effect/etc/fishing/fishing_catch.mse	d:/ymir work/effect/etc/fishing/fishing_catch.mse	1
Effect/ymir work/effect/etc/gathering/ga_piece_yellow.mse	d:/ymir work/effect/etc/gathering/ga_piece_yellow.mse	1
Effect/ymir work/effect/etc/fishing/fishing_fail_sw.mse	d:/ymir work/effect/etc/fishing/fishing_fail_sw.mse	1
Effect/ymir work/effect/monster2/redd_sattack1_smoke2.mse	d:/ymir work/effect/monster2/redd_sattack1_smoke2.mse	1
Effect/ymir work/effect/monster2/occupy_02.dds	d:/ymir work/effect/monster2/occupy_02.dds	1
Effect/ymir work/effect/etc/fishing/fishing_wait.mse	d:/ymir work/effect/etc/fishing/fishing_wait.mse	1
Effect/ymir work/effect/monster2/spider_king_24.mse	d:/ymir work/effect/monster2/spider_king_24.mse	1
Effect/ymir work/effect/monster2/luck_sh_s2_throw.mse	d:/ymir work/effect/monster2/luck_sh_s2_throw.mse	1
Effect/ymir work/effect/etc/fishing/fishing_wait_react.mse	d:/ymir work/effect/etc/fishing/fishing_wait_react.mse	1
Effect/ymir work/effect/etc/fishing/throw.mse	d:/ymir work/effect/etc/fishing/throw.mse	1
Effect/ymir work/effect/etc/fishing/wave.dds	d:/ymir work/effect/etc/fishing/wave.dds	1
Effect/ymir work/effect/etc/follow/flag_1.mde	d:/ymir work/effect/etc/follow/flag_1.mde	1
Effect/ymir work/effect/monster2/luck_sh_s2_blow.mse	d:/ymir work/effect/monster2/luck_sh_s2_blow.mse	1
Effect/ymir work/effect/etc/follow/flag_loop.mse	d:/ymir work/effect/etc/follow/flag_loop.mse	1
Effect/ymir work/effect/monster2/whitedragon_boss2_s3_making_hand.mse	d:/ymir work/effect/monster2/whitedragon_boss2_s3_making_hand.mse	1
Effect/ymir work/effect/etc/follow/follow copy.dds	d:/ymir work/effect/etc/follow/follow copy.dds	1
Effect/ymir work/effect/etc/forked_load/sa_za_hu_inter_pasthit6.dds	d:/ymir work/effect/etc/forked_load/sa_za_hu_inter_pasthit6.dds	1
Effect/ymir work/effect/etc/forked_load/victory.dds	d:/ymir work/effect/etc/forked_load/victory.dds	1
Effect/ymir work/effect/etc/gathering/hp_warrior.msf	d:/ymir work/effect/etc/gathering/hp_warrior.msf	1
Effect/ymir work/effect/etc/gathering/ga.mse	d:/ymir work/effect/etc/gathering/ga.mse	1
Effect/ymir work/effect/etc/gathering/ga_center.mse	d:/ymir work/effect/etc/gathering/ga_center.mse	1
Effect/ymir work/effect/hit/blow_1/1.dds	d:/ymir work/effect/hit/blow_1/1.dds	1
Effect/ymir work/effect/etc/gathering/ga_center_small_blue_warrior.mse	d:/ymir work/effect/etc/gathering/ga_center_small_blue_warrior.mse	1
Effect/ymir work/effect/etc/gathering/ga_piece_blue_warrior_small.msf	d:/ymir work/effect/etc/gathering/ga_piece_blue_warrior_small.msf	1
Effect/ymir work/effect/monster/orc_fire copy.dds	d:/ymir work/effect/monster/orc_fire copy.dds	1
Effect/ymir work/effect/monster/milgyo_monster_20_1_blow.mse	d:/ymir work/effect/monster/milgyo_monster_20_1_blow.mse	1
Effect/ymir work/effect/etc/gathering/ga_center_small_red.dds	d:/ymir work/effect/etc/gathering/ga_center_small_red.dds	1
Effect/ymir work/effect/etc/levelup_1/rotation of untitled-2 copy.dds	d:/ymir work/effect/etc/levelup_1/rotation of untitled-2 copy.dds	1
Effect/ymir work/effect/etc/gathering/ga_center_small_red_warrior.mse	d:/ymir work/effect/etc/gathering/ga_center_small_red_warrior.mse	1
Effect/ymir work/effect/monster2/12_rbt_s01_wind.mse	d:/ymir work/effect/monster2/12_rbt_s01_wind.mse	1
Effect/ymir work/effect/etc/gathering/ga_chips copy.dds	d:/ymir work/effect/etc/gathering/ga_chips copy.dds	1
Effect/ymir work/effect/etc/gathering/ga_energy copy.dds	d:/ymir work/effect/etc/gathering/ga_energy copy.dds	1
Effect/ymir work/effect/etc/gathering/ga_energy copy.jpg	d:/ymir work/effect/etc/gathering/ga_energy copy.jpg	1
Effect/ymir work/effect/monster2/earth_general_s1_blow.mse	d:/ymir work/effect/monster2/earth_general_s1_blow.mse	1
Effect/ymir work/effect/etc/gathering/ga_energy_center.dds	d:/ymir work/effect/etc/gathering/ga_energy_center.dds	1
Effect/ymir work/effect/etc/gathering/ga_energy_center_blue.dds	d:/ymir work/effect/etc/gathering/ga_energy_center_blue.dds	1
Effect/ymir work/effect/etc/gathering/ga_piece_blue.mse	d:/ymir work/effect/etc/gathering/ga_piece_blue.mse	1
Effect/ymir work/effect/etc/gathering/ga_piece_blue_warrior.mse	d:/ymir work/effect/etc/gathering/ga_piece_blue_warrior.mse	1
Effect/ymir work/effect/etc/gathering/ga_piece_red_big.msf	d:/ymir work/effect/etc/gathering/ga_piece_red_big.msf	1
Effect/ymir work/effect/hit/blow_flame/flame_weapon.mse	d:/ymir work/effect/hit/blow_flame/flame_weapon.mse	1
Effect/ymir work/effect/monster2/snake_circle_snake.mse	d:/ymir work/effect/monster2/snake_circle_snake.mse	1
Effect/ymir work/effect/etc/gathering/ga_piece_red_small.msf	d:/ymir work/effect/etc/gathering/ga_piece_red_small.msf	1
Effect/ymir work/effect/etc/gathering/ga_piece_wine.dds	d:/ymir work/effect/etc/gathering/ga_piece_wine.dds	1
Effect/ymir work/effect/monster/orc_lord_24.mse	d:/ymir work/effect/monster/orc_lord_24.mse	1
Effect/ymir work/effect/monster2/goblin_northboss_s2_making.mse	d:/ymir work/effect/monster2/goblin_northboss_s2_making.mse	1
Effect/ymir work/effect/etc/gathering/ga_piece_yellow.dds	d:/ymir work/effect/etc/gathering/ga_piece_yellow.dds	1
Effect/ymir work/effect/etc/gathering/ga_piece_yellow2.mse	d:/ymir work/effect/etc/gathering/ga_piece_yellow2.mse	1
Effect/ymir work/effect/monster2/snake_circle_snake.mde	d:/ymir work/effect/monster2/snake_circle_snake.mde	1
Effect/ymir work/effect/etc/gathering/ga_spirit.mse	d:/ymir work/effect/etc/gathering/ga_spirit.mse	1
Effect/ymir work/effect/etc/gathering/ga_spirit_blue.mse	d:/ymir work/effect/etc/gathering/ga_spirit_blue.mse	1
Effect/ymir work/effect/etc/gathering/ga_spirit_orange.mse	d:/ymir work/effect/etc/gathering/ga_spirit_orange.mse	1
Effect/ymir work/effect/monster2/12_chi_s2_blow.mse	d:/ymir work/effect/monster2/12_chi_s2_blow.mse	1
Effect/ymir work/effect/hit/blow_electric/light_2_blow.mse	d:/ymir work/effect/hit/blow_electric/light_2_blow.mse	1
Effect/ymir work/effect/etc/gathering/ga_spirit_paticle_1.mse	d:/ymir work/effect/etc/gathering/ga_spirit_paticle_1.mse	1
Effect/ymir work/effect/etc/gathering/ga_spirit_paticle_3.mse	d:/ymir work/effect/etc/gathering/ga_spirit_paticle_3.mse	1
Effect/ymir work/effect/etc/gathering/ga_spirit_tri_violet.mse	d:/ymir work/effect/etc/gathering/ga_spirit_tri_violet.mse	1
Effect/ymir work/effect/monster2/smhgate_flower_leaf_6.dds	d:/ymir work/effect/monster2/smhgate_flower_leaf_6.dds	1
Effect/ymir work/effect/etc/gathering/ga_spirit_yellow.mse	d:/ymir work/effect/etc/gathering/ga_spirit_yellow.mse	1
Effect/ymir work/effect/etc/gathering/gathering.mde	d:/ymir work/effect/etc/gathering/gathering.mde	1
Effect/ymir work/effect/monster2/redd_shelter_05_old.dds	d:/ymir work/effect/monster2/redd_shelter_05_old.dds	1
Effect/ymir work/effect/hit/blow_1/blow_1.mse	d:/ymir work/effect/hit/blow_1/blow_1.mse	1
Effect/ymir work/effect/monster2/12_cow_s2_blow.mse	d:/ymir work/effect/monster2/12_cow_s2_blow.mse	1
Effect/ymir work/effect/etc/gathering/hp_sura.msf	d:/ymir work/effect/etc/gathering/hp_sura.msf	1
Effect/ymir work/effect/etc/gathering/monster_die.mse	d:/ymir work/effect/etc/gathering/monster_die.mse	1
Effect/ymir work/effect/monster/bou_20_1_weapon.mse	d:/ymir work/effect/monster/bou_20_1_weapon.mse	1
Effect/ymir work/effect/etc/gathering/sp_warrior.msf	d:/ymir work/effect/etc/gathering/sp_warrior.msf	1
Effect/ymir work/effect/monster/spider_king_20_1_blow.mse	d:/ymir work/effect/monster/spider_king_20_1_blow.mse	1
Effect/ymir work/effect/etc/gathering/star.dds	d:/ymir work/effect/etc/gathering/star.dds	1
Effect/ymir work/effect/etc/guild_war_flag/flag_blue.mde	d:/ymir work/effect/etc/guild_war_flag/flag_blue.mde	1
Effect/ymir work/effect/monster2/12_mou_s3_spin.mde	d:/ymir work/effect/monster2/12_mou_s3_spin.mde	1
Effect/ymir work/effect/etc/guild_war_flag/flag_blue.mse	d:/ymir work/effect/etc/guild_war_flag/flag_blue.mse	1
Effect/ymir work/effect/hit/percent_damage3.mse	d:/ymir work/effect/hit/percent_damage3.mse	1
Effect/ymir work/effect/etc/guild_war_flag/flag_red.mde	d:/ymir work/effect/etc/guild_war_flag/flag_red.mde	1
Effect/ymir work/effect/etc/guild_war_flag/flag_yellow.mde	d:/ymir work/effect/etc/guild_war_flag/flag_yellow.mde	1
Effect/ymir work/effect/hit/blow_ice/resourcegate_resourceblue.dds	d:/ymir work/effect/hit/blow_ice/resourcegate_resourceblue.dds	1
Effect/ymir work/effect/etc/guild_war_flag/flag_yellow.mse	d:/ymir work/effect/etc/guild_war_flag/flag_yellow.mse	1
Effect/ymir work/effect/etc/guild_war_flag/ground_flag_yellow.mse	d:/ymir work/effect/etc/guild_war_flag/ground_flag_yellow.mse	1
Effect/ymir work/effect/etc/key/key.dds	d:/ymir work/effect/etc/key/key.dds	1
Effect/ymir work/effect/monster/recycle_monster_20_1_throw.mse	d:/ymir work/effect/monster/recycle_monster_20_1_throw.mse	1
Effect/ymir work/effect/etc/key/key.mde	d:/ymir work/effect/etc/key/key.mde	1
Effect/ymir work/effect/etc/key/key.tga	d:/ymir work/effect/etc/key/key.tga	1
Effect/ymir work/effect/etc/key/spread copy.dds	d:/ymir work/effect/etc/key/spread copy.dds	1
Effect/ymir work/effect/monster2/12_dra_s2_throw.mse	d:/ymir work/effect/monster2/12_dra_s2_throw.mse	1
Effect/ymir work/effect/etc/levelup_1/bottom_o copy.dds	d:/ymir work/effect/etc/levelup_1/bottom_o copy.dds	1
Effect/ymir work/effect/etc/levelup_1/e.mde	d:/ymir work/effect/etc/levelup_1/e.mde	1
Effect/ymir work/effect/etc/levelup_1/levelupenuri4 copy_red.jpg	d:/ymir work/effect/etc/levelup_1/levelupenuri4 copy_red.jpg	1
Effect/ymir work/effect/hit/blow_poison/poison_body_1.mse	d:/ymir work/effect/hit/blow_poison/poison_body_1.mse	1
Effect/ymir work/effect/monster2/12_cow_s2_impact01.mde	d:/ymir work/effect/monster2/12_cow_s2_impact01.mde	1
Effect/ymir work/effect/etc/levelup_1/untitled-2 copy.jpg	d:/ymir work/effect/etc/levelup_1/untitled-2 copy.jpg	1
Effect/ymir work/effect/etc/levelup_2/2-1.dds	d:/ymir work/effect/etc/levelup_2/2-1.dds	1
Effect/ymir work/effect/monster2/white_burn.dds	d:/ymir work/effect/monster2/white_burn.dds	1
Effect/ymir work/effect/etc/levelup_2/2-starsmall.dds	d:/ymir work/effect/etc/levelup_2/2-starsmall.dds	1
Effect/ymir work/effect/hit/water_smoke02.dds	d:/ymir work/effect/hit/water_smoke02.dds	1
Effect/ymir work/effect/monster2/thunder boss_03.mse	d:/ymir work/effect/monster2/thunder boss_03.mse	1
Effect/ymir work/effect/monster/lens_orange.dds	d:/ymir work/effect/monster/lens_orange.dds	1
Effect/ymir work/effect/etc/levelup_2/2.jpg	d:/ymir work/effect/etc/levelup_2/2.jpg	1
Effect/ymir work/effect/monster2/redd_moojuk_blue.mse	d:/ymir work/effect/monster2/redd_moojuk_blue.mse	1
Effect/ymir work/effect/monster2/okey_npc_01.mse	d:/ymir work/effect/monster2/okey_npc_01.mse	1
Effect/ymir work/effect/etc/masic_camp/masic_camp.dds	d:/ymir work/effect/etc/masic_camp/masic_camp.dds	1
Effect/ymir work/effect/monster2/12_tex_spin_02.dds	d:/ymir work/effect/monster2/12_tex_spin_02.dds	1
Effect/ymir work/effect/etc/masic_camp/masic_camp.jpg	d:/ymir work/effect/etc/masic_camp/masic_camp.jpg	1
Effect/ymir work/effect/monster2/smh_circle_large.mse	d:/ymir work/effect/monster2/smh_circle_large.mse	1
Effect/ymir work/effect/monster2/redd_stone02.dds	d:/ymir work/effect/monster2/redd_stone02.dds	1
Effect/ymir work/effect/monster/yellow_tigerman_24_1.mse	d:/ymir work/effect/monster/yellow_tigerman_24_1.mse	1
Effect/ymir work/effect/etc/masic_camp/masic_camp_loop.mse	d:/ymir work/effect/etc/masic_camp/masic_camp_loop.mse	1
Effect/ymir work/effect/monster2/defense_boss_s2_crack.mde	d:/ymir work/effect/monster2/defense_boss_s2_crack.mde	1
Effect/ymir work/effect/etc/money/money.dds	d:/ymir work/effect/etc/money/money.dds	1
Effect/ymir work/effect/etc/money/money.mde	d:/ymir work/effect/etc/money/money.mde	1
Effect/ymir work/effect/monster2/whitedragon_npc_ice.mse	d:/ymir work/effect/monster2/whitedragon_npc_ice.mse	1
Effect/ymir work/effect/etc/money/money.mse	d:/ymir work/effect/etc/money/money.mse	1
Effect/ymir work/effect/monster/17_1.dds	d:/ymir work/effect/monster/17_1.dds	1
Effect/ymir work/effect/etc/money/money.tga	d:/ymir work/effect/etc/money/money.tga	1
Effect/ymir work/effect/monster2/goblin_knight_s1_start.mse	d:/ymir work/effect/monster2/goblin_knight_s1_start.mse	1
Effect/ymir work/effect/etc/select_character/backlight.dds	d:/ymir work/effect/etc/select_character/backlight.dds	1
Effect/ymir work/effect/etc/money/monround_1.dds	d:/ymir work/effect/etc/money/monround_1.dds	1
Effect/ymir work/effect/etc/myshop/2-1.dds	d:/ymir work/effect/etc/myshop/2-1.dds	1
Effect/ymir work/effect/etc/myshop/2-star.dds	d:/ymir work/effect/etc/myshop/2-star.dds	1
Effect/ymir work/effect/etc/myshop/2.mse	d:/ymir work/effect/etc/myshop/2.mse	1
Effect/ymir work/effect/monster2/12_pig_s3_shield.mse	d:/ymir work/effect/monster2/12_pig_s3_shield.mse	1
Effect/ymir work/effect/etc/ox/crow.dds	d:/ymir work/effect/etc/ox/crow.dds	1
Effect/ymir work/effect/etc/ox/fail.mse	d:/ymir work/effect/etc/ox/fail.mse	1
Effect/ymir work/effect/etc/ox/o.dds	d:/ymir work/effect/etc/ox/o.dds	1
Effect/ymir work/effect/etc/ox/o.mse	d:/ymir work/effect/etc/ox/o.mse	1
Effect/ymir work/effect/monster2/smh_thorn_01.mde	d:/ymir work/effect/monster2/smh_thorn_01.mde	1
Effect/ymir work/effect/etc/ox/x.dds	d:/ymir work/effect/etc/ox/x.dds	1
Effect/ymir work/effect/etc/ready/ready.mse	d:/ymir work/effect/etc/ready/ready.mse	1
Effect/ymir work/effect/hit/blow_1/6.dds	d:/ymir work/effect/hit/blow_1/6.dds	1
Effect/ymir work/effect/monster2/element_soul_n1_boom04.mse	d:/ymir work/effect/monster2/element_soul_n1_boom04.mse	1
Effect/ymir work/effect/etc/recuperation/drugup_blue.mse	d:/ymir work/effect/etc/recuperation/drugup_blue.mse	1
Effect/ymir work/effect/etc/recuperation/drugup_purple.mse	d:/ymir work/effect/etc/recuperation/drugup_purple.mse	1
Effect/ymir work/effect/etc/recuperation/drugup_small.mde	d:/ymir work/effect/etc/recuperation/drugup_small.mde	1
Effect/ymir work/effect/etc/recuperation/hp_ring.dds	d:/ymir work/effect/etc/recuperation/hp_ring.dds	1
Effect/ymir work/effect/etc/recuperation/upellipse.jpg	d:/ymir work/effect/etc/recuperation/upellipse.jpg	1
Effect/ymir work/effect/etc/select_character/gi_geom.dds	d:/ymir work/effect/etc/select_character/gi_geom.dds	1
Effect/ymir work/effect/monster2/element_soul_s1_spin02.mse	d:/ymir work/effect/monster2/element_soul_s1_spin02.mse	1
Effect/ymir work/effect/monster/hlaf_blur.dds	d:/ymir work/effect/monster/hlaf_blur.dds	1
Effect/ymir work/effect/monster2/smhgate_flower_01.mse	d:/ymir work/effect/monster2/smhgate_flower_01.mse	1
Effect/ymir work/effect/etc/select_character/select_character.mse	d:/ymir work/effect/etc/select_character/select_character.mse	1
Effect/ymir work/effect/etc/skillup/aroundcylinder copy.dds	d:/ymir work/effect/etc/skillup/aroundcylinder copy.dds	1
Effect/ymir work/effect/monster2/12_hor_s3_blow.mse	d:/ymir work/effect/monster2/12_hor_s3_blow.mse	1
Effect/ymir work/effect/etc/skillup/skillaround.dds	d:/ymir work/effect/etc/skillup/skillaround.dds	1
Effect/ymir work/effect/etc/skillup/skillup_1.mse	d:/ymir work/effect/etc/skillup/skillup_1.mse	1
Effect/ymir work/effect/etc/skillup/skillup_3.mse	d:/ymir work/effect/etc/skillup/skillup_3.mse	1
Effect/ymir work/effect/etc/skillup/twinbuble copy.dds	d:/ymir work/effect/etc/skillup/twinbuble copy.dds	1
Effect/ymir work/effect/etc/stun/2-starsmall.dds	d:/ymir work/effect/etc/stun/2-starsmall.dds	1
Effect/ymir work/effect/monster2/12_pig_s3_blow.mse	d:/ymir work/effect/monster2/12_pig_s3_blow.mse	1
Effect/ymir work/effect/etc/stun/none.dds	d:/ymir work/effect/etc/stun/none.dds	1
Effect/ymir work/effect/monster/recycle_monster_20_1_throw.msf	d:/ymir work/effect/monster/recycle_monster_20_1_throw.msf	1
Effect/ymir work/effect/etc/stun/stun.mse	d:/ymir work/effect/etc/stun/stun.mse	1
Effect/ymir work/effect/monster2/smh_general_s1_blow.mse	d:/ymir work/effect/monster2/smh_general_s1_blow.mse	1
Effect/ymir work/effect/monster2/maze_boss_s3_end.mse	d:/ymir work/effect/monster2/maze_boss_s3_end.mse	1
Effect/ymir work/effect/etc/stun/stun_loop.mse	d:/ymir work/effect/etc/stun/stun_loop.mse	1
Effect/ymir work/effect/monster2/tornado_poison1.mse	d:/ymir work/effect/monster2/tornado_poison1.mse	1
Effect/ymir work/effect/monster2/spider_queen_24.mse	d:/ymir work/effect/monster2/spider_queen_24.mse	1
Effect/ymir work/effect/monster2/snaketemple_boss_s3_making.mse	d:/ymir work/effect/monster2/snaketemple_boss_s3_making.mse	1
Effect/ymir work/effect/hit/water_light01.dds	d:/ymir work/effect/hit/water_light01.dds	1
Effect/ymir work/effect/hit/14 line.dds	d:/ymir work/effect/hit/14 line.dds	1
Effect/ymir work/effect/monster2/tornado2.dds	d:/ymir work/effect/monster2/tornado2.dds	1
Effect/ymir work/effect/monster2/redd_human_sattack1.mse	d:/ymir work/effect/monster2/redd_human_sattack1.mse	1
Effect/ymir work/effect/hit/14.dds	d:/ymir work/effect/hit/14.dds	1
Effect/ymir work/effect/hit/gwantong2.mse	d:/ymir work/effect/hit/gwantong2.mse	1
Effect/ymir work/effect/hit/gyeonggong_boom.mse	d:/ymir work/effect/hit/gyeonggong_boom.mse	1
Effect/ymir work/effect/monster2/12_she_n1_boom.mse	d:/ymir work/effect/monster2/12_she_n1_boom.mse	1
Effect/ymir work/effect/hit/gyeonggong_boom_02.dds	d:/ymir work/effect/hit/gyeonggong_boom_02.dds	1
Effect/ymir work/effect/monster2/12_dra_s2_drop.mse	d:/ymir work/effect/monster2/12_dra_s2_drop.mse	1
Effect/ymir work/effect/hit/gyeonggong_boom_horse.mse	d:/ymir work/effect/hit/gyeonggong_boom_horse.mse	1
Effect/ymir work/effect/hit/hwayeom_loop_1.mse	d:/ymir work/effect/hit/hwayeom_loop_1.mse	1
Effect/ymir work/effect/monster/white_energy copy.dds	d:/ymir work/effect/monster/white_energy copy.dds	1
Effect/ymir work/effect/monster/flash_of_lighting.dds	d:/ymir work/effect/monster/flash_of_lighting.dds	1
Effect/ymir work/effect/monster2/impact11.mse	d:/ymir work/effect/monster2/impact11.mse	1
Effect/ymir work/effect/monster/skeleton_god_24.mse	d:/ymir work/effect/monster/skeleton_god_24.mse	1
Effect/ymir work/effect/hit/percent_damage1.mse	d:/ymir work/effect/hit/percent_damage1.mse	1
Effect/ymir work/effect/hit/percent_damage2.mse	d:/ymir work/effect/hit/percent_damage2.mse	1
Effect/ymir work/effect/hit/water_breathe01.dds	d:/ymir work/effect/hit/water_breathe01.dds	1
Effect/ymir work/effect/monster/fragment.dds	d:/ymir work/effect/monster/fragment.dds	1
Effect/ymir work/effect/monster2/tornado9.dds	d:/ymir work/effect/monster2/tornado9.dds	1
Effect/ymir work/effect/hit/water_icestone1.dds	d:/ymir work/effect/hit/water_icestone1.dds	1
Effect/ymir work/effect/hit/water_light03.dds	d:/ymir work/effect/hit/water_light03.dds	1
Effect/ymir work/effect/monster2/impact6_ice.mse	d:/ymir work/effect/monster2/impact6_ice.mse	1
Effect/ymir work/effect/hit/water_light05.dds	d:/ymir work/effect/hit/water_light05.dds	1
Effect/ymir work/effect/monster2/12_a02_na1_blow.mse	d:/ymir work/effect/monster2/12_a02_na1_blow.mse	1
Effect/ymir work/effect/hit/blow_1/1.mde	d:/ymir work/effect/hit/blow_1/1.mde	1
Effect/ymir work/effect/hit/blow_1/2.dds	d:/ymir work/effect/hit/blow_1/2.dds	1
Effect/ymir work/effect/hit/blow_1/3.dds	d:/ymir work/effect/hit/blow_1/3.dds	1
Effect/ymir work/effect/hit/blow_1/4.dds	d:/ymir work/effect/hit/blow_1/4.dds	1
Effect/ymir work/effect/monster2/defense_pwan_n1_blow1.mse	d:/ymir work/effect/monster2/defense_pwan_n1_blow1.mse	1
Effect/ymir work/effect/hit/blow_1/5.dds	d:/ymir work/effect/hit/blow_1/5.dds	1
Effect/ymir work/effect/monster2/12_a04_na1_blow.mse	d:/ymir work/effect/monster2/12_a04_na1_blow.mse	1
Effect/ymir work/effect/monster2/tornado2.mse	d:/ymir work/effect/monster2/tornado2.mse	1
Effect/ymir work/effect/monster2/defense_naga_s1_spin1.mse	d:/ymir work/effect/monster2/defense_naga_s1_spin1.mse	1
Effect/ymir work/effect/hit/blow_flame/flame_2_body.mse	d:/ymir work/effect/hit/blow_flame/flame_2_body.mse	1
Effect/ymir work/effect/monster/ice_snow_witch.mse	d:/ymir work/effect/monster/ice_snow_witch.mse	1
Effect/ymir work/effect/hit/blow_1/7-2.dds	d:/ymir work/effect/hit/blow_1/7-2.dds	1
Effect/ymir work/effect/hit/blow_electric/light_1_blow.mse	d:/ymir work/effect/hit/blow_electric/light_1_blow.mse	1
Effect/ymir work/effect/hit/blow_1/blow_1_low.mse	d:/ymir work/effect/hit/blow_1/blow_1_low.mse	1
Effect/ymir work/effect/hit/blow_1/blow_1_low_center2.mse	d:/ymir work/effect/hit/blow_1/blow_1_low_center2.mse	1
Effect/ymir work/effect/hit/blow_1/line_ring_copy.dds	d:/ymir work/effect/hit/blow_1/line_ring_copy.dds	1
Effect/ymir work/effect/hit/blow_1/line_ring_rainbow.dds	d:/ymir work/effect/hit/blow_1/line_ring_rainbow.dds	1
Effect/ymir work/effect/hit/blow_1/linrpiece copy.dds	d:/ymir work/effect/hit/blow_1/linrpiece copy.dds	1
Effect/ymir work/effect/monster/14.dds	d:/ymir work/effect/monster/14.dds	1
Effect/ymir work/effect/monster2/w_yellow_tigerman_25_1.mse	d:/ymir work/effect/monster2/w_yellow_tigerman_25_1.mse	1
Effect/ymir work/effect/hit/blow_1/linrpoint copy.dds	d:/ymir work/effect/hit/blow_1/linrpoint copy.dds	1
Effect/ymir work/effect/hit/blow_1/linrspark copy.dds	d:/ymir work/effect/hit/blow_1/linrspark copy.dds	1
Effect/ymir work/effect/monster2/smhgate_flower_03.mse	d:/ymir work/effect/monster2/smhgate_flower_03.mse	1
Effect/ymir work/effect/hit/blow_1/ring_rainbow copy.dds	d:/ymir work/effect/hit/blow_1/ring_rainbow copy.dds	1
Effect/ymir work/effect/hit/blow_1/ring_rainbow_line.dds	d:/ymir work/effect/hit/blow_1/ring_rainbow_line.dds	1
Effect/ymir work/effect/monster2/12zi_002_stone2.dds	d:/ymir work/effect/monster2/12zi_002_stone2.dds	1
Effect/ymir work/effect/hit/blow_1/youn_gi.dds	d:/ymir work/effect/hit/blow_1/youn_gi.dds	1
Effect/ymir work/effect/hit/blow_2/14.mse	d:/ymir work/effect/hit/blow_2/14.mse	1
Effect/ymir work/effect/monster2/maze_gmagic_n1_making.mse	d:/ymir work/effect/monster2/maze_gmagic_n1_making.mse	1
Effect/ymir work/effect/hit/blow_3/15-1.dds	d:/ymir work/effect/hit/blow_3/15-1.dds	1
Effect/ymir work/effect/hit/blow_3/15-center.dds	d:/ymir work/effect/hit/blow_3/15-center.dds	1
Effect/ymir work/effect/monster2/12_she_s2_blow.mse	d:/ymir work/effect/monster2/12_she_s2_blow.mse	1
Effect/ymir work/effect/hit/blow_3/15.dds	d:/ymir work/effect/hit/blow_3/15.dds	1
Effect/ymir work/effect/hit/blow_4/15.dds	d:/ymir work/effect/hit/blow_4/15.dds	1
Effect/ymir work/effect/hit/blow_4/blow_4_ref.mse	d:/ymir work/effect/hit/blow_4/blow_4_ref.mse	1
Effect/ymir work/effect/hit/blow_electric/1.dds	d:/ymir work/effect/hit/blow_electric/1.dds	1
Effect/ymir work/effect/monster2/element_soul_s1_spin04.mse	d:/ymir work/effect/monster2/element_soul_s1_spin04.mse	1
Effect/ymir work/effect/hit/blow_flame/line_ring_copy.dds	d:/ymir work/effect/hit/blow_flame/line_ring_copy.dds	1
Effect/ymir work/effect/hit/blow_electric/3.dds	d:/ymir work/effect/hit/blow_electric/3.dds	1
Effect/ymir work/effect/hit/blow_electric/4.dds	d:/ymir work/effect/hit/blow_electric/4.dds	1
Effect/ymir work/effect/hit/blow_electric/5.dds	d:/ymir work/effect/hit/blow_electric/5.dds	1
Effect/ymir work/effect/hit/blow_electric/light_2_body.mse	d:/ymir work/effect/hit/blow_electric/light_2_body.mse	1
Effect/ymir work/effect/hit/blow_electric/light_2_weapon.mse	d:/ymir work/effect/hit/blow_electric/light_2_weapon.mse	1
Effect/ymir work/effect/hit/blow_electric/light_3_blow.mse	d:/ymir work/effect/hit/blow_electric/light_3_blow.mse	1
Effect/ymir work/effect/monster2/12_mou_s1_end.mse	d:/ymir work/effect/monster2/12_mou_s1_end.mse	1
Effect/ymir work/effect/hit/blow_electric/light_3_body.mse	d:/ymir work/effect/hit/blow_electric/light_3_body.mse	1
Effect/ymir work/effect/hit/blow_electric/light_body.mse	d:/ymir work/effect/hit/blow_electric/light_body.mse	1
Effect/ymir work/effect/hit/blow_electric/yeongi.dds	d:/ymir work/effect/hit/blow_electric/yeongi.dds	1
Effect/ymir work/effect/monster/3.dds	d:/ymir work/effect/monster/3.dds	1
Effect/ymir work/effect/monster/ice_snow_monster_20_blow.mse	d:/ymir work/effect/monster/ice_snow_monster_20_blow.mse	1
Effect/ymir work/effect/monster2/rotation of gihyeol_spash.dds	d:/ymir work/effect/monster2/rotation of gihyeol_spash.dds	1
Effect/ymir work/effect/hit/blow_flame/7-2.dds	d:/ymir work/effect/hit/blow_flame/7-2.dds	1
Effect/ymir work/effect/hit/blow_flame/flame_1_blow.mse	d:/ymir work/effect/hit/blow_flame/flame_1_blow.mse	1
Effect/ymir work/effect/hit/blow_flame/flame_1_body.mse	d:/ymir work/effect/hit/blow_flame/flame_1_body.mse	1
Effect/ymir work/effect/hit/blow_flame/flame_1_weapon.mse	d:/ymir work/effect/hit/blow_flame/flame_1_weapon.mse	1
Effect/ymir work/effect/monster2/redblack.mse	d:/ymir work/effect/monster2/redblack.mse	1
Effect/ymir work/effect/hit/blow_flame/flame_2_blow.mse	d:/ymir work/effect/hit/blow_flame/flame_2_blow.mse	1
Effect/ymir work/effect/monster2/spell1.mse	d:/ymir work/effect/monster2/spell1.mse	1
Effect/ymir work/effect/hit/blow_flame/flame_2_weapon.mse	d:/ymir work/effect/hit/blow_flame/flame_2_weapon.mse	1
Effect/ymir work/effect/hit/blow_flame/flame_3_blow.mse	d:/ymir work/effect/hit/blow_flame/flame_3_blow.mse	1
Effect/ymir work/effect/monster2/12_she_s1_blow.mse	d:/ymir work/effect/monster2/12_she_s1_blow.mse	1
Effect/ymir work/effect/monster2/gatein_16.dds	d:/ymir work/effect/monster2/gatein_16.dds	1
Effect/ymir work/effect/hit/blow_flame/flame_3_body.mse	d:/ymir work/effect/hit/blow_flame/flame_3_body.mse	1
Effect/ymir work/effect/hit/blow_flame/flame_3_weapon.mse	d:/ymir work/effect/hit/blow_flame/flame_3_weapon.mse	1
Effect/ymir work/effect/hit/blow_flame/flame_body.mse	d:/ymir work/effect/hit/blow_flame/flame_body.mse	1
Effect/ymir work/effect/monster2/12_mou_s1_blow.mse	d:/ymir work/effect/monster2/12_mou_s1_blow.mse	1
Effect/ymir work/effect/hit/blow_flame/half_ring_rainbow_line.dds	d:/ymir work/effect/hit/blow_flame/half_ring_rainbow_line.dds	1
Effect/ymir work/effect/monster2/smh_boss_s2_making.mse	d:/ymir work/effect/monster2/smh_boss_s2_making.mse	1
Effect/ymir work/effect/monster2/impact_poison1.mse	d:/ymir work/effect/monster2/impact_poison1.mse	1
Effect/ymir work/effect/hit/blow_ice/ice_1_body.mse	d:/ymir work/effect/hit/blow_ice/ice_1_body.mse	1
Effect/ymir work/effect/hit/blow_ice/ice_2_blow.mse	d:/ymir work/effect/hit/blow_ice/ice_2_blow.mse	1
Effect/ymir work/effect/monster2/ent_elder_s1.mse	d:/ymir work/effect/monster2/ent_elder_s1.mse	1
Effect/ymir work/effect/hit/blow_ice/ice_2_body.mse	d:/ymir work/effect/hit/blow_ice/ice_2_body.mse	1
Effect/ymir work/effect/monster2/whitedragon_mount_wait1.mse	d:/ymir work/effect/monster2/whitedragon_mount_wait1.mse	1
Effect/ymir work/effect/hit/blow_ice/ice_2_weapon.mse	d:/ymir work/effect/hit/blow_ice/ice_2_weapon.mse	1
Effect/ymir work/effect/hit/blow_ice/ice_3_blow.mse	d:/ymir work/effect/hit/blow_ice/ice_3_blow.mse	1
Effect/ymir work/effect/hit/blow_ice/ice_3_body.mse	d:/ymir work/effect/hit/blow_ice/ice_3_body.mse	1
Effect/ymir work/effect/hit/blow_ice/icedumy.dds	d:/ymir work/effect/hit/blow_ice/icedumy.dds	1
Effect/ymir work/effect/monster2/12_mon_s3_drop.mse	d:/ymir work/effect/monster2/12_mon_s3_drop.mse	1
Effect/ymir work/effect/hit/blow_ice/iceparticle.mse	d:/ymir work/effect/hit/blow_ice/iceparticle.mse	1
Effect/ymir work/effect/hit/blow_ice/icepoll.dds	d:/ymir work/effect/hit/blow_ice/icepoll.dds	1
Effect/ymir work/effect/hit/blow_poison/fire.dds	d:/ymir work/effect/hit/blow_poison/fire.dds	1
Effect/ymir work/effect/monster2/th_impact_purple.mse	d:/ymir work/effect/monster2/th_impact_purple.mse	1
Effect/ymir work/effect/monster2/snaketemple_boss_s1_blow.mse	d:/ymir work/effect/monster2/snaketemple_boss_s1_blow.mse	1
Effect/ymir work/effect/hit/blow_poison/poison_blow_1.mse	d:/ymir work/effect/hit/blow_poison/poison_blow_1.mse	1
Effect/ymir work/effect/hit/blow_poison/poison_blow_3.mse	d:/ymir work/effect/hit/blow_poison/poison_blow_3.mse	1
Effect/ymir work/effect/hit/blow_poison/poison_weapon_1.mse	d:/ymir work/effect/hit/blow_poison/poison_weapon_1.mse	1
Effect/ymir work/effect/monster/gupae_20_2.mse	d:/ymir work/effect/monster/gupae_20_2.mse	1
Effect/ymir work/effect/monster2/redd_statue.dds	d:/ymir work/effect/monster2/redd_statue.dds	1
Effect/ymir work/effect/monster/2.dds	d:/ymir work/effect/monster/2.dds	1
Effect/ymir work/effect/hit/blow_poison/poison_weapon_3.mse	d:/ymir work/effect/hit/blow_poison/poison_weapon_3.mse	1
Effect/ymir work/effect/hit/blow_poison/shamandust.dds	d:/ymir work/effect/hit/blow_poison/shamandust.dds	1
Effect/ymir work/effect/hit/blow_poison/shwe_ryoung _ji_core_edge copy_1.dds	d:/ymir work/effect/hit/blow_poison/shwe_ryoung _ji_core_edge copy_1.dds	1
Effect/ymir work/effect/monster/1.dds	d:/ymir work/effect/monster/1.dds	1
Effect/ymir work/effect/monster/17_3.dds	d:/ymir work/effect/monster/17_3.dds	1
Effect/ymir work/effect/monster/gihyeol_spash.dds	d:/ymir work/effect/monster/gihyeol_spash.dds	1
Effect/ymir work/effect/monster/blueburn.dds	d:/ymir work/effect/monster/blueburn.dds	1
Effect/ymir work/effect/monster/bottom.dds	d:/ymir work/effect/monster/bottom.dds	1
Effect/ymir work/effect/monster2/12_hor_s1_impact.mse	d:/ymir work/effect/monster2/12_hor_s1_impact.mse	1
Effect/ymir work/effect/monster/bottom_under.dds	d:/ymir work/effect/monster/bottom_under.dds	1
Effect/ymir work/effect/monster/bou_20_1_throw.msf	d:/ymir work/effect/monster/bou_20_1_throw.msf	1
Effect/ymir work/effect/monster/chaos_ghost_20_1_throw.mse	d:/ymir work/effect/monster/chaos_ghost_20_1_throw.mse	1
Effect/ymir work/effect/monster2/snakevalley_knight_s1_blow.mse	d:/ymir work/effect/monster2/snakevalley_knight_s1_blow.mse	1
Effect/ymir work/effect/monster/chaos_ghost_20_1_throw.msf	d:/ymir work/effect/monster/chaos_ghost_20_1_throw.msf	1
Effect/ymir work/effect/monster/chuheun_20.mse	d:/ymir work/effect/monster/chuheun_20.mse	1
Effect/ymir work/effect/monster2/fire_ghost_fireball.msf	d:/ymir work/effect/monster2/fire_ghost_fireball.msf	1
Effect/ymir work/effect/monster/cobweb.dds	d:/ymir work/effect/monster/cobweb.dds	1
Effect/ymir work/effect/monster/cold_smoke.dds	d:/ymir work/effect/monster/cold_smoke.dds	1
Effect/ymir work/effect/monster2/12zi_001.dds	d:/ymir work/effect/monster2/12zi_001.dds	1
Effect/ymir work/effect/monster/cure.dds	d:/ymir work/effect/monster/cure.dds	1
Effect/ymir work/effect/monster/evil_eye_20_blow.mse	d:/ymir work/effect/monster/evil_eye_20_blow.mse	1
Effect/ymir work/effect/monster/evil_eye_20_throw.msf	d:/ymir work/effect/monster/evil_eye_20_throw.msf	1
Effect/ymir work/effect/monster/f1.dds	d:/ymir work/effect/monster/f1.dds	1
Effect/ymir work/effect/monster/fox_ninetail_24.mse	d:/ymir work/effect/monster/fox_ninetail_24.mse	1
Effect/ymir work/effect/monster2/12_a02_na1_blow2.mse	d:/ymir work/effect/monster2/12_a02_na1_blow2.mse	1
Effect/ymir work/effect/monster/gwi_geom_bright.dds	d:/ymir work/effect/monster/gwi_geom_bright.dds	1
Effect/ymir work/effect/monster/milgyo_founder_24.mse	d:/ymir work/effect/monster/milgyo_founder_24.mse	1
Effect/ymir work/effect/monster/half_ring_rainbow_line.dds	d:/ymir work/effect/monster/half_ring_rainbow_line.dds	1
Effect/ymir work/effect/monster/ice_snow_monster_20_throw.msf	d:/ymir work/effect/monster/ice_snow_monster_20_throw.msf	1
Effect/ymir work/effect/monster2/12_a06_na1_blow.mse	d:/ymir work/effect/monster2/12_a06_na1_blow.mse	1
Effect/ymir work/effect/monster/ls1_1.dds	d:/ymir work/effect/monster/ls1_1.dds	1
Effect/ymir work/effect/monster/maenghwan_20_2_stun.mse	d:/ymir work/effect/monster/maenghwan_20_2_stun.mse	1
Effect/ymir work/effect/monster2/blast2_blue.mse	d:/ymir work/effect/monster2/blast2_blue.mse	1
Effect/ymir work/effect/monster2/12_sna_n1_throw.mse	d:/ymir work/effect/monster2/12_sna_n1_throw.mse	1
Effect/ymir work/effect/monster/meonji.dds	d:/ymir work/effect/monster/meonji.dds	1
Effect/ymir work/effect/monster2/whitedragon_circle_ice.dds	d:/ymir work/effect/monster2/whitedragon_circle_ice.dds	1
Effect/ymir work/effect/monster2/redd_statue_throw_laser.mse	d:/ymir work/effect/monster2/redd_statue_throw_laser.mse	1
Effect/ymir work/effect/monster/milgyo_founder_20_hand.mse	d:/ymir work/effect/monster/milgyo_founder_20_hand.mse	1
Effect/ymir work/effect/monster2/snake_laser_boom_01.mse	d:/ymir work/effect/monster2/snake_laser_boom_01.mse	1
Effect/ymir work/effect/monster2/12_tiger_s2_blow.mse	d:/ymir work/effect/monster2/12_tiger_s2_blow.mse	1
Effect/ymir work/effect/monster/milgyo_founder_20_throw.msf	d:/ymir work/effect/monster/milgyo_founder_20_throw.msf	1
Effect/ymir work/effect/monster/milgyo_founder_25.mse	d:/ymir work/effect/monster/milgyo_founder_25.mse	1
Effect/ymir work/effect/monster/milgyo_monster_20_1_hand.mse	d:/ymir work/effect/monster/milgyo_monster_20_1_hand.mse	1
Effect/ymir work/effect/monster/misterious_diseased_host.mse	d:/ymir work/effect/monster/misterious_diseased_host.mse	1
Effect/ymir work/effect/monster2/12_mon_s2_blow.mse	d:/ymir work/effect/monster2/12_mon_s2_blow.mse	1
Effect/ymir work/effect/monster2/defense_medusa_s3_arrow.dds	d:/ymir work/effect/monster2/defense_medusa_s3_arrow.dds	1
Effect/ymir work/effect/monster/misterious_diseased_host_24.mse	d:/ymir work/effect/monster/misterious_diseased_host_24.mse	1
Effect/ymir work/effect/monster/muyeong_red.dds	d:/ymir work/effect/monster/muyeong_red.dds	1
Effect/ymir work/effect/monster/noejeon_light.dds	d:/ymir work/effect/monster/noejeon_light.dds	1
Effect/ymir work/effect/monster/nwegeomsplash.dds	d:/ymir work/effect/monster/nwegeomsplash.dds	1
Effect/ymir work/effect/monster2/snakevalley_knight02_s1_impact.mse	d:/ymir work/effect/monster2/snakevalley_knight02_s1_impact.mse	1
Effect/ymir work/effect/monster/orc_magician_20_1_weapon.mse	d:/ymir work/effect/monster/orc_magician_20_1_weapon.mse	1
Effect/ymir work/effect/monster/palbang_spin_round.dds	d:/ymir work/effect/monster/palbang_spin_round.dds	1
Effect/ymir work/effect/monster/recycle_monster_20_1_blow.mse	d:/ymir work/effect/monster/recycle_monster_20_1_blow.mse	1
Effect/ymir work/effect/monster2/thunder boss_01.mse	d:/ymir work/effect/monster2/thunder boss_01.mse	1
Effect/ymir work/effect/monster2/smh_circle_thorn.mse	d:/ymir work/effect/monster2/smh_circle_thorn.mse	1
Effect/ymir work/effect/monster/recycle_monster_20_1_hand.mse	d:/ymir work/effect/monster/recycle_monster_20_1_hand.mse	1
Effect/ymir work/effect/monster2/12_b.dds	d:/ymir work/effect/monster2/12_b.dds	1
Effect/ymir work/effect/monster/redburn.dds	d:/ymir work/effect/monster/redburn.dds	1
Effect/ymir work/effect/monster/round.dds	d:/ymir work/effect/monster/round.dds	1
Effect/ymir work/effect/monster2/12_a02_na1_making.mse	d:/ymir work/effect/monster2/12_a02_na1_making.mse	1
Effect/ymir work/effect/monster/shamandust.dds	d:/ymir work/effect/monster/shamandust.dds	1
Effect/ymir work/effect/monster/skeleton_king_24.mse	d:/ymir work/effect/monster/skeleton_king_24.mse	1
Effect/ymir work/effect/monster/skeleton_magician_20_1_recuperation.mse	d:/ymir work/effect/monster/skeleton_magician_20_1_recuperation.mse	1
Effect/ymir work/effect/monster2/smoke.dds	d:/ymir work/effect/monster2/smoke.dds	1
Effect/ymir work/effect/monster/skeleton_magician_20_1_throw.mse	d:/ymir work/effect/monster/skeleton_magician_20_1_throw.mse	1
Effect/ymir work/effect/monster/skeleton_magician_20_2_weapon.mse	d:/ymir work/effect/monster/skeleton_magician_20_2_weapon.mse	1
Effect/ymir work/effect/monster/skeleton_magician_smake.dds	d:/ymir work/effect/monster/skeleton_magician_smake.dds	1
Effect/ymir work/effect/monster2/impact7_blue1.mse	d:/ymir work/effect/monster2/impact7_blue1.mse	1
Effect/ymir work/effect/monster/small_stone.dds	d:/ymir work/effect/monster/small_stone.dds	1
Effect/ymir work/effect/monster/sohwanland_splash.dds	d:/ymir work/effect/monster/sohwanland_splash.dds	1
Effect/ymir work/effect/monster/w_star.dds	d:/ymir work/effect/monster/w_star.dds	1
Effect/ymir work/effect/monster2/snaketemple_boss_s1_making.mse	d:/ymir work/effect/monster2/snaketemple_boss_s1_making.mse	1
Effect/ymir work/effect/monster2/smhgate_metinstone_moojuk_not.mse	d:/ymir work/effect/monster2/smhgate_metinstone_moojuk_not.mse	1
Effect/ymir work/effect/monster2/12_a01_na1_arrow.mse	d:/ymir work/effect/monster2/12_a01_na1_arrow.mse	1
Effect/ymir work/effect/monster2/smh_boss_s3_poison.mse	d:/ymir work/effect/monster2/smh_boss_s3_poison.mse	1
Effect/ymir work/effect/monster2/12_a02_na1_arrow.msf	d:/ymir work/effect/monster2/12_a02_na1_arrow.msf	1
Effect/ymir work/effect/monster2/w_impact3.mse	d:/ymir work/effect/monster2/w_impact3.mse	1
Effect/ymir work/effect/monster2/12_a02_na1_boom.mse	d:/ymir work/effect/monster2/12_a02_na1_boom.mse	1
Effect/ymir work/effect/monster2/12_dra_n1_elec.msf	d:/ymir work/effect/monster2/12_dra_n1_elec.msf	1
Effect/ymir work/effect/monster2/12_a03_arrow01.dds	d:/ymir work/effect/monster2/12_a03_arrow01.dds	1
Effect/ymir work/effect/monster2/thunder boss_07.mse	d:/ymir work/effect/monster2/thunder boss_07.mse	1
Effect/ymir work/effect/monster2/12_a03_na1_arrow.mse	d:/ymir work/effect/monster2/12_a03_na1_arrow.mse	1
Effect/ymir work/effect/monster2/smhgate_flower_blow.mse	d:/ymir work/effect/monster2/smhgate_flower_blow.mse	1
Effect/ymir work/effect/monster2/12_rbt_s02_blow.mse	d:/ymir work/effect/monster2/12_rbt_s02_blow.mse	1
Effect/ymir work/effect/monster2/12_a03_na1_arrow.msf	d:/ymir work/effect/monster2/12_a03_na1_arrow.msf	1
Effect/ymir work/effect/monster2/12_a04_na1_arrow.msf	d:/ymir work/effect/monster2/12_a04_na1_arrow.msf	1
Effect/ymir work/effect/monster2/12_tex_crack_03_1.dds	d:/ymir work/effect/monster2/12_tex_crack_03_1.dds	1
Effect/ymir work/effect/monster2/12_a04_na2_spin.mse	d:/ymir work/effect/monster2/12_a04_na2_spin.mse	1
Effect/ymir work/effect/monster2/12_a04_spin_01.mde	d:/ymir work/effect/monster2/12_a04_spin_01.mde	1
Effect/ymir work/effect/monster2/12_a06_na1_boom.mse	d:/ymir work/effect/monster2/12_a06_na1_boom.mse	1
Effect/ymir work/effect/monster2/12_a06_na1_making.mse	d:/ymir work/effect/monster2/12_a06_na1_making.mse	1
Effect/ymir work/effect/monster2/snakevalley_s_knight_s1.msf	d:/ymir work/effect/monster2/snakevalley_s_knight_s1.msf	1
Effect/ymir work/effect/monster2/element_soul_s1_spin06.mse	d:/ymir work/effect/monster2/element_soul_s1_spin06.mse	1
Effect/ymir work/effect/monster2/12_a06_na2_arrow.msf	d:/ymir work/effect/monster2/12_a06_na2_arrow.msf	1
Effect/ymir work/effect/monster2/whitedragon_boss2_s3_circle.mse	d:/ymir work/effect/monster2/whitedragon_boss2_s3_circle.mse	1
Effect/ymir work/effect/monster2/12_chi_s2_recall.mse	d:/ymir work/effect/monster2/12_chi_s2_recall.mse	1
Effect/ymir work/effect/monster2/12_chi_s3_blow.mse	d:/ymir work/effect/monster2/12_chi_s3_blow.mse	1
Effect/ymir work/effect/monster2/defense_boss_s2_crack_i.mde	d:/ymir work/effect/monster2/defense_boss_s2_crack_i.mde	1
Effect/ymir work/effect/monster2/12_hor_s3_drop.mse	d:/ymir work/effect/monster2/12_hor_s3_drop.mse	1
Effect/ymir work/effect/monster2/12_chi_s3_making.mse	d:/ymir work/effect/monster2/12_chi_s3_making.mse	1
Effect/ymir work/effect/monster2/12_cow_s1_stone.mde	d:/ymir work/effect/monster2/12_cow_s1_stone.mde	1
Effect/ymir work/effect/monster2/element_pawn_n1_blow05.mse	d:/ymir work/effect/monster2/element_pawn_n1_blow05.mse	1
Effect/ymir work/effect/monster2/12_cow_s2_impact01.mse	d:/ymir work/effect/monster2/12_cow_s2_impact01.mse	1
Effect/ymir work/effect/monster2/12_cow_s3_blow.mse	d:/ymir work/effect/monster2/12_cow_s3_blow.mse	1
Effect/ymir work/effect/monster2/goblin_northboss_s1_blow2.mse	d:/ymir work/effect/monster2/goblin_northboss_s1_blow2.mse	1
Effect/ymir work/effect/monster2/12_cow_s3_making.mse	d:/ymir work/effect/monster2/12_cow_s3_making.mse	1
Effect/ymir work/effect/monster2/12_cow_s3_stone.mse	d:/ymir work/effect/monster2/12_cow_s3_stone.mse	1
Effect/ymir work/effect/monster2/12_dog_s2_blow.mse	d:/ymir work/effect/monster2/12_dog_s2_blow.mse	1
Effect/ymir work/effect/monster2/12_dog_s3_making.mse	d:/ymir work/effect/monster2/12_dog_s3_making.mse	1
Effect/ymir work/effect/monster2/goblin_southboss_n1_throw.msf	d:/ymir work/effect/monster2/goblin_southboss_n1_throw.msf	1
Effect/ymir work/effect/monster2/12_dra_n1_making.mse	d:/ymir work/effect/monster2/12_dra_n1_making.mse	1
Effect/ymir work/effect/monster2/12_dra_s1_blow.mse	d:/ymir work/effect/monster2/12_dra_s1_blow.mse	1
Effect/ymir work/effect/monster2/12_tex_ice01.dds	d:/ymir work/effect/monster2/12_tex_ice01.dds	1
Effect/ymir work/effect/monster2/12_dra_s1_making.mse	d:/ymir work/effect/monster2/12_dra_s1_making.mse	1
Effect/ymir work/effect/monster2/12_egg_03.dds	d:/ymir work/effect/monster2/12_egg_03.dds	1
Effect/ymir work/effect/monster2/12_tex_stone.dds	d:/ymir work/effect/monster2/12_tex_stone.dds	1
Effect/ymir work/effect/monster2/12_hor_s1_blow.mse	d:/ymir work/effect/monster2/12_hor_s1_blow.mse	1
Effect/ymir work/effect/monster2/12_hor_s1_ice.mde	d:/ymir work/effect/monster2/12_hor_s1_ice.mde	1
Effect/ymir work/effect/monster2/12_hor_s1_ice.mse	d:/ymir work/effect/monster2/12_hor_s1_ice.mse	1
Effect/ymir work/effect/monster2/12_hor_s2_blow2.mse	d:/ymir work/effect/monster2/12_hor_s2_blow2.mse	1
Effect/ymir work/effect/monster2/smhgate_metinstone_moojuk.mse	d:/ymir work/effect/monster2/smhgate_metinstone_moojuk.mse	1
Effect/ymir work/effect/monster2/12_jumagap_loop.dds	d:/ymir work/effect/monster2/12_jumagap_loop.dds	1
Effect/ymir work/effect/monster2/12_mon_s1_blow.mse	d:/ymir work/effect/monster2/12_mon_s1_blow.mse	1
Effect/ymir work/effect/monster2/redd_statue_ball.dds	d:/ymir work/effect/monster2/redd_statue_ball.dds	1
Effect/ymir work/effect/monster2/12_mon_s2_impact.mse	d:/ymir work/effect/monster2/12_mon_s2_impact.mse	1
Effect/ymir work/effect/monster2/12_she_n1_throw_01.mse	d:/ymir work/effect/monster2/12_she_n1_throw_01.mse	1
Effect/ymir work/effect/monster2/whitedragon_s_knight_n1.mse	d:/ymir work/effect/monster2/whitedragon_s_knight_n1.mse	1
Effect/ymir work/effect/monster2/12_mou_s1_spin.mse	d:/ymir work/effect/monster2/12_mou_s1_spin.mse	1
Effect/ymir work/effect/monster2/12_mou_s1_start.mse	d:/ymir work/effect/monster2/12_mou_s1_start.mse	1
Effect/ymir work/effect/monster2/12_mou_s2_end.mse	d:/ymir work/effect/monster2/12_mou_s2_end.mse	1
Effect/ymir work/effect/monster2/12_mou_s3_blow.mse	d:/ymir work/effect/monster2/12_mou_s3_blow.mse	1
Effect/ymir work/effect/monster2/whitedragonvalley_boss_s2_blow.mse	d:/ymir work/effect/monster2/whitedragonvalley_boss_s2_blow.mse	1
Effect/ymir work/effect/monster2/12_mou_s3_spin.mse	d:/ymir work/effect/monster2/12_mou_s3_spin.mse	1
Effect/ymir work/effect/monster2/12_muyeong_red.dds	d:/ymir work/effect/monster2/12_muyeong_red.dds	1
Effect/ymir work/effect/monster2/maze_boss_s3_start.mse	d:/ymir work/effect/monster2/maze_boss_s3_start.mse	1
Effect/ymir work/effect/monster2/12_pig_s1_spin.mse	d:/ymir work/effect/monster2/12_pig_s1_spin.mse	1
Effect/ymir work/effect/monster2/12_rbt_n1_wind.mse	d:/ymir work/effect/monster2/12_rbt_n1_wind.mse	1
Effect/ymir work/effect/monster2/12_rbt_n2_wind.mse	d:/ymir work/effect/monster2/12_rbt_n2_wind.mse	1
Effect/ymir work/effect/monster2/12_rbt_s03_wind.mse	d:/ymir work/effect/monster2/12_rbt_s03_wind.mse	1
Effect/ymir work/effect/monster2/12_she_n1_elec.msf	d:/ymir work/effect/monster2/12_she_n1_elec.msf	1
Effect/ymir work/effect/monster2/12_she_n1_making.mse	d:/ymir work/effect/monster2/12_she_n1_making.mse	1
Effect/ymir work/effect/monster2/yellowred1.mse	d:/ymir work/effect/monster2/yellowred1.mse	1
Effect/ymir work/effect/monster2/element_soul_n1_throw05.msf	d:/ymir work/effect/monster2/element_soul_n1_throw05.msf	1
Effect/ymir work/effect/monster2/12_she_s2_smoke.mse	d:/ymir work/effect/monster2/12_she_s2_smoke.mse	1
Effect/ymir work/effect/monster2/12_shelter_in_01.mse	d:/ymir work/effect/monster2/12_shelter_in_01.mse	1
Effect/ymir work/effect/monster2/12_shelter_in_02.mse	d:/ymir work/effect/monster2/12_shelter_in_02.mse	1
Effect/ymir work/effect/monster2/12_shelter_out_01.mse	d:/ymir work/effect/monster2/12_shelter_out_01.mse	1
Effect/ymir work/effect/monster2/12zi_tex_arrow01.mde	d:/ymir work/effect/monster2/12zi_tex_arrow01.mde	1
Effect/ymir work/effect/monster2/12_shelter_out_02.mse	d:/ymir work/effect/monster2/12_shelter_out_02.mse	1
Effect/ymir work/effect/monster2/12_sna_n1_blow.mse	d:/ymir work/effect/monster2/12_sna_n1_blow.mse	1
Effect/ymir work/effect/monster2/12_sna_n2_arrow.mse	d:/ymir work/effect/monster2/12_sna_n2_arrow.mse	1
Effect/ymir work/effect/monster2/12_sna_n2_arrow.msf	d:/ymir work/effect/monster2/12_sna_n2_arrow.msf	1
Effect/ymir work/effect/monster2/12_sna_s1_arrow.mse	d:/ymir work/effect/monster2/12_sna_s1_arrow.mse	1
Effect/ymir work/effect/monster2/12_sna_s1_arrow.msf	d:/ymir work/effect/monster2/12_sna_s1_arrow.msf	1
Effect/ymir work/effect/monster2/12_sna_s2_blow.mse	d:/ymir work/effect/monster2/12_sna_s2_blow.mse	1
Effect/ymir work/effect/monster2/defense_medusa_s1_arrow.mse	d:/ymir work/effect/monster2/defense_medusa_s1_arrow.mse	1
Effect/ymir work/effect/monster2/12_sna_s3_making.mse	d:/ymir work/effect/monster2/12_sna_s3_making.mse	1
Effect/ymir work/effect/monster2/12_tex_ball.dds	d:/ymir work/effect/monster2/12_tex_ball.dds	1
Effect/ymir work/effect/monster2/goblin_southboss_n1_throw.mse	d:/ymir work/effect/monster2/goblin_southboss_n1_throw.mse	1
Effect/ymir work/effect/monster2/12_tex_egg_02.dds	d:/ymir work/effect/monster2/12_tex_egg_02.dds	1
Effect/ymir work/effect/monster2/12_tex_spin.dds	d:/ymir work/effect/monster2/12_tex_spin.dds	1
Effect/ymir work/effect/monster2/12_tex_tornado3.dds	d:/ymir work/effect/monster2/12_tex_tornado3.dds	1
Effect/ymir work/effect/monster2/naga_maze_n1_throw.msf	d:/ymir work/effect/monster2/naga_maze_n1_throw.msf	1
Effect/ymir work/effect/monster2/12_tex_wind.dds	d:/ymir work/effect/monster2/12_tex_wind.dds	1
Effect/ymir work/effect/monster2/snakevalley_knight_s1_impact.mde	d:/ymir work/effect/monster2/snakevalley_knight_s1_impact.mde	1
Effect/ymir work/effect/monster2/12_tiger_s2_blow2.mse	d:/ymir work/effect/monster2/12_tiger_s2_blow2.mse	1
Effect/ymir work/effect/monster2/12_tiger_s3_blow.mse	d:/ymir work/effect/monster2/12_tiger_s3_blow.mse	1
Effect/ymir work/effect/monster2/maze_g_boss_s1_start.mse	d:/ymir work/effect/monster2/maze_g_boss_s1_start.mse	1
Effect/ymir work/effect/monster2/12_tiger_s3_making.mse	d:/ymir work/effect/monster2/12_tiger_s3_making.mse	1
Effect/ymir work/effect/monster2/redd_meteo_circle_blue.mse	d:/ymir work/effect/monster2/redd_meteo_circle_blue.mse	1
Effect/ymir work/effect/monster2/12_warpgate_01.mse	d:/ymir work/effect/monster2/12_warpgate_01.mse	1
Effect/ymir work/effect/monster2/12_wgate_0004.dds	d:/ymir work/effect/monster2/12_wgate_0004.dds	1
Effect/ymir work/effect/monster2/12zi_002_stone.dds	d:/ymir work/effect/monster2/12zi_002_stone.dds	1
Effect/ymir work/effect/monster2/12zi_004.dds	d:/ymir work/effect/monster2/12zi_004.dds	1
Effect/ymir work/effect/monster2/12zi_005.dds	d:/ymir work/effect/monster2/12zi_005.dds	1
Effect/ymir work/effect/monster2/12zi_chicken_sa01_impact01.mde	d:/ymir work/effect/monster2/12zi_chicken_sa01_impact01.mde	1
Effect/ymir work/effect/monster2/12zi_dogw_01.dds	d:/ymir work/effect/monster2/12zi_dogw_01.dds	1
Effect/ymir work/effect/monster2/12zi_horse_sa01_impact01.mde	d:/ymir work/effect/monster2/12zi_horse_sa01_impact01.mde	1
Effect/ymir work/effect/monster2/w_impact_poison1.mse	d:/ymir work/effect/monster2/w_impact_poison1.mse	1
Effect/ymir work/effect/monster2/goblin_magician_s1_start.mse	d:/ymir work/effect/monster2/goblin_magician_s1_start.mse	1
Effect/ymir work/effect/monster2/12zi_tex_arrow01_3.dds	d:/ymir work/effect/monster2/12zi_tex_arrow01_3.dds	1
Effect/ymir work/effect/monster2/12zi_tex_arrow02.dds	d:/ymir work/effect/monster2/12zi_tex_arrow02.dds	1
Effect/ymir work/effect/monster2/snaketemple_boss_s3_blow.mse	d:/ymir work/effect/monster2/snaketemple_boss_s3_blow.mse	1
Effect/ymir work/effect/monster2/12zi_tex_bead01.dds	d:/ymir work/effect/monster2/12zi_tex_bead01.dds	1
Effect/ymir work/effect/monster2/12zi_whead.mde	d:/ymir work/effect/monster2/12zi_whead.mde	1
Effect/ymir work/effect/monster2/12zi_wolfhead.dds	d:/ymir work/effect/monster2/12zi_wolfhead.dds	1
Effect/ymir work/effect/monster2/redd_statue_boom_1.mse	d:/ymir work/effect/monster2/redd_statue_boom_1.mse	1
Effect/ymir work/effect/monster2/12zi_wolfhead_2.dds	d:/ymir work/effect/monster2/12zi_wolfhead_2.dds	1
Effect/ymir work/effect/monster2/7-2.dds	d:/ymir work/effect/monster2/7-2.dds	1
Effect/ymir work/effect/monster2/back_blast1.mse	d:/ymir work/effect/monster2/back_blast1.mse	1
Effect/ymir work/effect/monster2/black_mine_edge.dds	d:/ymir work/effect/monster2/black_mine_edge.dds	1
Effect/ymir work/effect/monster2/blacksm_01.mse	d:/ymir work/effect/monster2/blacksm_01.mse	1
Effect/ymir work/effect/monster2/blacksm_02.mse	d:/ymir work/effect/monster2/blacksm_02.mse	1
Effect/ymir work/effect/monster2/blacksm_03.mse	d:/ymir work/effect/monster2/blacksm_03.mse	1
Effect/ymir work/effect/monster2/blast2.mse	d:/ymir work/effect/monster2/blast2.mse	1
Effect/ymir work/effect/monster2/boom1.dds	d:/ymir work/effect/monster2/boom1.dds	1
Effect/ymir work/effect/monster2/boom2.dds	d:/ymir work/effect/monster2/boom2.dds	1
Effect/ymir work/effect/monster2/boom3.dds	d:/ymir work/effect/monster2/boom3.dds	1
Effect/ymir work/effect/monster2/casting2.mse	d:/ymir work/effect/monster2/casting2.mse	1
Effect/ymir work/effect/monster2/daepo_na_01.mse	d:/ymir work/effect/monster2/daepo_na_01.mse	1
Effect/ymir work/effect/monster2/daepo_na_02_boom.mse	d:/ymir work/effect/monster2/daepo_na_02_boom.mse	1
Effect/ymir work/effect/monster2/defense_boss_s1_blow.mse	d:/ymir work/effect/monster2/defense_boss_s1_blow.mse	1
Effect/ymir work/effect/monster2/defense_boss_s1_drop.mse	d:/ymir work/effect/monster2/defense_boss_s1_drop.mse	1
Effect/ymir work/effect/monster2/defense_boss_s2_crack_w.mde	d:/ymir work/effect/monster2/defense_boss_s2_crack_w.mde	1
Effect/ymir work/effect/monster2/tornado1.mse	d:/ymir work/effect/monster2/tornado1.mse	1
Effect/ymir work/effect/monster2/defense_boss_s2_crack_w2.mde	d:/ymir work/effect/monster2/defense_boss_s2_crack_w2.mde	1
Effect/ymir work/effect/monster2/defense_boss_s2_ice.mde	d:/ymir work/effect/monster2/defense_boss_s2_ice.mde	1
Effect/ymir work/effect/monster2/defense_boss_s2_impact.mse	d:/ymir work/effect/monster2/defense_boss_s2_impact.mse	1
Effect/ymir work/effect/monster2/defense_boss_s2_smoke.mse	d:/ymir work/effect/monster2/defense_boss_s2_smoke.mse	1
Effect/ymir work/effect/monster2/defense_boss_s2_smoke_2.mse	d:/ymir work/effect/monster2/defense_boss_s2_smoke_2.mse	1
Effect/ymir work/effect/monster2/defense_medusa_n2_arrow.mse	d:/ymir work/effect/monster2/defense_medusa_n2_arrow.mse	1
Effect/ymir work/effect/monster2/defense_medusa_n2_arrow.msf	d:/ymir work/effect/monster2/defense_medusa_n2_arrow.msf	1
Effect/ymir work/effect/monster2/defense_medusa_s1_arrow.msf	d:/ymir work/effect/monster2/defense_medusa_s1_arrow.msf	1
Effect/ymir work/effect/monster2/defense_medusa_s3_drop.msf	d:/ymir work/effect/monster2/defense_medusa_s3_drop.msf	1
Effect/ymir work/effect/monster2/defense_mini_laser.mse	d:/ymir work/effect/monster2/defense_mini_laser.mse	1
Effect/ymir work/effect/monster2/defense_mini_lazer_direction_2.mde	d:/ymir work/effect/monster2/defense_mini_lazer_direction_2.mde	1
Effect/ymir work/effect/monster2/defense_mini_n1_boom.mse	d:/ymir work/effect/monster2/defense_mini_n1_boom.mse	1
Effect/ymir work/effect/monster2/whitedragon_boss2_s1_blow.mse	d:/ymir work/effect/monster2/whitedragon_boss2_s1_blow.mse	1
Effect/ymir work/effect/monster2/defense_mini_n1_throw.msf	d:/ymir work/effect/monster2/defense_mini_n1_throw.msf	1
Effect/ymir work/effect/monster2/defense_naga_n1_impact.mde	d:/ymir work/effect/monster2/defense_naga_n1_impact.mde	1
Effect/ymir work/effect/monster2/defense_naga_n1_impact.mse	d:/ymir work/effect/monster2/defense_naga_n1_impact.mse	1
Effect/ymir work/effect/monster2/defense_naga_s1_blow.mse	d:/ymir work/effect/monster2/defense_naga_s1_blow.mse	1
Effect/ymir work/effect/monster2/defense_pwan_loop_fire.mse	d:/ymir work/effect/monster2/defense_pwan_loop_fire.mse	1
Effect/ymir work/effect/monster2/defense_pwan_loop_fire3.mse	d:/ymir work/effect/monster2/defense_pwan_loop_fire3.mse	1
Effect/ymir work/effect/monster2/goblin_westboss_s2_blow.mse	d:/ymir work/effect/monster2/goblin_westboss_s2_blow.mse	1
Effect/ymir work/effect/monster2/defense_pwan_loop_fire4.mse	d:/ymir work/effect/monster2/defense_pwan_loop_fire4.mse	1
Effect/ymir work/effect/monster2/defense_soul_n1_throw.mse	d:/ymir work/effect/monster2/defense_soul_n1_throw.mse	1
Effect/ymir work/effect/monster2/defense_soul_s1_spin1.mse	d:/ymir work/effect/monster2/defense_soul_s1_spin1.mse	1
Effect/ymir work/effect/monster2/defense_soul_s1_throw.msf	d:/ymir work/effect/monster2/defense_soul_s1_throw.msf	1
Effect/ymir work/effect/monster2/earth_king_s1_blow2.mse	d:/ymir work/effect/monster2/earth_king_s1_blow2.mse	1
Effect/ymir work/effect/monster2/earth_king_s1_making.mse	d:/ymir work/effect/monster2/earth_king_s1_making.mse	1
Effect/ymir work/effect/monster2/yeongi.dds	d:/ymir work/effect/monster2/yeongi.dds	1
Effect/ymir work/effect/monster2/earth_king_s2_making.mse	d:/ymir work/effect/monster2/earth_king_s2_making.mse	1
Effect/ymir work/effect/monster2/occupation_sinsoo.mse	d:/ymir work/effect/monster2/occupation_sinsoo.mse	1
Effect/ymir work/effect/monster2/earth_knight_s1_blow.mse	d:/ymir work/effect/monster2/earth_knight_s1_blow.mse	1
Effect/ymir work/effect/monster2/earth_magic_s1_throw.msf	d:/ymir work/effect/monster2/earth_magic_s1_throw.msf	1
Effect/ymir work/effect/monster2/earth_soldier2_s1_blow.mse	d:/ymir work/effect/monster2/earth_soldier2_s1_blow.mse	1
Effect/ymir work/effect/monster2/east_mage_n1_throw.msf	d:/ymir work/effect/monster2/east_mage_n1_throw.msf	1
Effect/ymir work/effect/monster2/trent_magic_throw.msf	d:/ymir work/effect/monster2/trent_magic_throw.msf	1
Effect/ymir work/effect/monster2/element_pawn_n1_blow02.mse	d:/ymir work/effect/monster2/element_pawn_n1_blow02.mse	1
Effect/ymir work/effect/monster2/element_pawn_n1_blow04.mse	d:/ymir work/effect/monster2/element_pawn_n1_blow04.mse	1
Effect/ymir work/effect/monster2/element_pawn_n1_blow06.mse	d:/ymir work/effect/monster2/element_pawn_n1_blow06.mse	1
Effect/ymir work/effect/monster2/element_soul_n1_boom02.mse	d:/ymir work/effect/monster2/element_soul_n1_boom02.mse	1
Effect/ymir work/effect/monster2/element_soul_n1_boom03.mse	d:/ymir work/effect/monster2/element_soul_n1_boom03.mse	1
Effect/ymir work/effect/monster2/smoke_14.dds	d:/ymir work/effect/monster2/smoke_14.dds	1
Effect/ymir work/effect/monster2/element_soul_n1_boom06.mse	d:/ymir work/effect/monster2/element_soul_n1_boom06.mse	1
Effect/ymir work/effect/monster2/snaketemple_boss_s2_blow.mse	d:/ymir work/effect/monster2/snaketemple_boss_s2_blow.mse	1
Effect/ymir work/effect/monster2/element_soul_n1_throw02.mse	d:/ymir work/effect/monster2/element_soul_n1_throw02.mse	1
Effect/ymir work/effect/monster2/element_soul_n1_throw02.msf	d:/ymir work/effect/monster2/element_soul_n1_throw02.msf	1
Effect/ymir work/effect/monster2/leaf.dds	d:/ymir work/effect/monster2/leaf.dds	1
Effect/ymir work/effect/monster2/element_soul_n1_throw03.mse	d:/ymir work/effect/monster2/element_soul_n1_throw03.mse	1
Effect/ymir work/effect/monster2/element_soul_n1_throw03.msf	d:/ymir work/effect/monster2/element_soul_n1_throw03.msf	1
Effect/ymir work/effect/monster2/element_soul_n1_throw04.mse	d:/ymir work/effect/monster2/element_soul_n1_throw04.mse	1
Effect/ymir work/effect/monster2/element_soul_n1_throw06.mse	d:/ymir work/effect/monster2/element_soul_n1_throw06.mse	1
Effect/ymir work/effect/monster2/spell1_2.dds	d:/ymir work/effect/monster2/spell1_2.dds	1
Effect/ymir work/effect/monster2/element_soul_s1_blow02.mse	d:/ymir work/effect/monster2/element_soul_s1_blow02.mse	1
Effect/ymir work/effect/monster2/element_soul_s1_blow04.mse	d:/ymir work/effect/monster2/element_soul_s1_blow04.mse	1
Effect/ymir work/effect/monster2/element_soul_s1_spin05.mse	d:/ymir work/effect/monster2/element_soul_s1_spin05.mse	1
Effect/ymir work/effect/monster2/empire_cao_s1_blow_small.mse	d:/ymir work/effect/monster2/empire_cao_s1_blow_small.mse	1
Effect/ymir work/effect/monster2/empire_cao_s1_impect.mse	d:/ymir work/effect/monster2/empire_cao_s1_impect.mse	1
Effect/ymir work/effect/monster2/empire_zhang_s1_impect.mde	d:/ymir work/effect/monster2/empire_zhang_s1_impect.mde	1
Effect/ymir work/effect/monster2/empire_zhang_s1_spin.mse	d:/ymir work/effect/monster2/empire_zhang_s1_spin.mse	1
Effect/ymir work/effect/monster2/empire_zhang_s2_blow.mse	d:/ymir work/effect/monster2/empire_zhang_s2_blow.mse	1
Effect/ymir work/effect/monster2/empire_zhanglu_s1_making.mse	d:/ymir work/effect/monster2/empire_zhanglu_s1_making.mse	1
Effect/ymir work/effect/monster2/ent_black.mse	d:/ymir work/effect/monster2/ent_black.mse	1
Effect/ymir work/effect/monster2/ent_elder_s2.mse	d:/ymir work/effect/monster2/ent_elder_s2.mse	1
Effect/ymir work/effect/monster2/ent_elder_s3.mse	d:/ymir work/effect/monster2/ent_elder_s3.mse	1
Effect/ymir work/effect/monster2/ent_elder_s4.mse	d:/ymir work/effect/monster2/ent_elder_s4.mse	1
Effect/ymir work/effect/monster2/ent_elder_step.mse	d:/ymir work/effect/monster2/ent_elder_step.mse	1
Effect/ymir work/effect/monster2/ent_hu_a1_blow.mse	d:/ymir work/effect/monster2/ent_hu_a1_blow.mse	1
Effect/ymir work/effect/monster2/fire_ghost_fireball.mse	d:/ymir work/effect/monster2/fire_ghost_fireball.mse	1
Effect/ymir work/effect/monster2/ent_hu_a1_fly.mse	d:/ymir work/effect/monster2/ent_hu_a1_fly.mse	1
Effect/ymir work/effect/monster2/gas_emission1.mse	d:/ymir work/effect/monster2/gas_emission1.mse	1
Effect/ymir work/effect/monster2/ent_hu_a1_fly.msf	d:/ymir work/effect/monster2/ent_hu_a1_fly.msf	1
Effect/ymir work/effect/monster2/ent_hu_a2.mse	d:/ymir work/effect/monster2/ent_hu_a2.mse	1
Effect/ymir work/effect/monster2/ent_hu_a2_fly.msf	d:/ymir work/effect/monster2/ent_hu_a2_fly.msf	1
Effect/ymir work/effect/monster2/fire_dragon_breathe.mse	d:/ymir work/effect/monster2/fire_dragon_breathe.mse	1
Effect/ymir work/effect/monster2/fire_dragon_strike.mse	d:/ymir work/effect/monster2/fire_dragon_strike.mse	1
Effect/ymir work/effect/monster2/fire_ghost_body.mse	d:/ymir work/effect/monster2/fire_ghost_body.mse	1
Effect/ymir work/effect/monster2/fire_ghost_boom.mse	d:/ymir work/effect/monster2/fire_ghost_boom.mse	1
Effect/ymir work/effect/monster2/fire_ghost_firebal_small.mse	d:/ymir work/effect/monster2/fire_ghost_firebal_small.mse	1
Effect/ymir work/effect/monster2/fire_king_24_1.mse	d:/ymir work/effect/monster2/fire_king_24_1.mse	1
Effect/ymir work/effect/monster2/smh_king_n1_throw.mse	d:/ymir work/effect/monster2/smh_king_n1_throw.mse	1
Effect/ymir work/effect/monster2/fire_man_strike.mse	d:/ymir work/effect/monster2/fire_man_strike.mse	1
Effect/ymir work/effect/monster2/fire_red1.mse	d:/ymir work/effect/monster2/fire_red1.mse	1
Effect/ymir work/effect/monster2/fire_tiger_24.mse	d:/ymir work/effect/monster2/fire_tiger_24.mse	1
Effect/ymir work/effect/monster2/gatein.dds	d:/ymir work/effect/monster2/gatein.dds	1
Effect/ymir work/effect/monster2/giant_desert_turtle_24.mse	d:/ymir work/effect/monster2/giant_desert_turtle_24.mse	1
Effect/ymir work/effect/monster2/giant_desert_turtle_25.mse	d:/ymir work/effect/monster2/giant_desert_turtle_25.mse	1
Effect/ymir work/effect/monster2/w_smoke1.mse	d:/ymir work/effect/monster2/w_smoke1.mse	1
Effect/ymir work/effect/monster2/goblin_boss_s2_blow.mse	d:/ymir work/effect/monster2/goblin_boss_s2_blow.mse	1
Effect/ymir work/effect/monster2/smoke2_2.mse	d:/ymir work/effect/monster2/smoke2_2.mse	1
Effect/ymir work/effect/monster2/goblin_boss_s3_blow.mse	d:/ymir work/effect/monster2/goblin_boss_s3_blow.mse	1
Effect/ymir work/effect/monster2/goblin_eastboss_n1_making.mse	d:/ymir work/effect/monster2/goblin_eastboss_n1_making.mse	1
Effect/ymir work/effect/monster2/goblin_eastboss_n1_throw.mse	d:/ymir work/effect/monster2/goblin_eastboss_n1_throw.mse	1
Effect/ymir work/effect/monster2/goblin_eastboss_n1_throw.msf	d:/ymir work/effect/monster2/goblin_eastboss_n1_throw.msf	1
Effect/ymir work/effect/monster2/goblin_eastboss_s1_blow.mse	d:/ymir work/effect/monster2/goblin_eastboss_s1_blow.mse	1
Effect/ymir work/effect/monster2/goblin_eastboss_s2_blow.mse	d:/ymir work/effect/monster2/goblin_eastboss_s2_blow.mse	1
Effect/ymir work/effect/monster2/goblin_eastboss_s2_boom.mse	d:/ymir work/effect/monster2/goblin_eastboss_s2_boom.mse	1
Effect/ymir work/effect/monster2/tornado1.dds	d:/ymir work/effect/monster2/tornado1.dds	1
Effect/ymir work/effect/monster2/goblin_eastboss_s2_boom.msf	d:/ymir work/effect/monster2/goblin_eastboss_s2_boom.msf	1
Effect/ymir work/effect/monster2/goblin_magician_n1_making.mse	d:/ymir work/effect/monster2/goblin_magician_n1_making.mse	1
Effect/ymir work/effect/monster2/goblin_magician_n1_throw.mse	d:/ymir work/effect/monster2/goblin_magician_n1_throw.mse	1
Effect/ymir work/effect/monster2/goblin_magician_n1_throw.msf	d:/ymir work/effect/monster2/goblin_magician_n1_throw.msf	1
Effect/ymir work/effect/monster2/goblin_northboss_s1_blow.mse	d:/ymir work/effect/monster2/goblin_northboss_s1_blow.mse	1
Effect/ymir work/effect/monster2/goblin_northboss_s1_target.mse	d:/ymir work/effect/monster2/goblin_northboss_s1_target.mse	1
Effect/ymir work/effect/monster2/goblin_northboss_s2_blow.mse	d:/ymir work/effect/monster2/goblin_northboss_s2_blow.mse	1
Effect/ymir work/effect/monster2/redd_moojuk.mde	d:/ymir work/effect/monster2/redd_moojuk.mde	1
Effect/ymir work/effect/monster2/redd_human_sattack_end.mse	d:/ymir work/effect/monster2/redd_human_sattack_end.mse	1
Effect/ymir work/effect/monster2/goblin_southboss_n2_making.mse	d:/ymir work/effect/monster2/goblin_southboss_n2_making.mse	1
Effect/ymir work/effect/monster2/goblin_southboss_s2_boom.msf	d:/ymir work/effect/monster2/goblin_southboss_s2_boom.msf	1
Effect/ymir work/effect/monster2/goblin_southboss_s2_boom_elec.mse	d:/ymir work/effect/monster2/goblin_southboss_s2_boom_elec.mse	1
Effect/ymir work/effect/monster2/goblin_westboss_s1_blow.mde	d:/ymir work/effect/monster2/goblin_westboss_s1_blow.mde	1
Effect/ymir work/effect/monster2/goblin_westboss_s1_blow.mse	d:/ymir work/effect/monster2/goblin_westboss_s1_blow.mse	1
Effect/ymir work/effect/monster2/goblin_westboss_s1_blow2.mde	d:/ymir work/effect/monster2/goblin_westboss_s1_blow2.mde	1
Effect/ymir work/effect/monster2/goblin_westboss_s1_blow2.mse	d:/ymir work/effect/monster2/goblin_westboss_s1_blow2.mse	1
Effect/ymir work/effect/monster2/goblin_westboss_s2_making.mse	d:/ymir work/effect/monster2/goblin_westboss_s2_making.mse	1
Effect/ymir work/effect/monster2/redd_shelter_04_old.dds	d:/ymir work/effect/monster2/redd_shelter_04_old.dds	1
Effect/ymir work/effect/monster2/gwi_geom_bright.dds	d:/ymir work/effect/monster2/gwi_geom_bright.dds	1
Effect/ymir work/effect/monster2/half_ring_rainbow_line.dds	d:/ymir work/effect/monster2/half_ring_rainbow_line.dds	1
Effect/ymir work/effect/monster2/hell_god_s1_blow.mse	d:/ymir work/effect/monster2/hell_god_s1_blow.mse	1
Effect/ymir work/effect/monster2/ice_boom1.mse	d:/ymir work/effect/monster2/ice_boom1.mse	1
Effect/ymir work/effect/monster2/icecrystal_valley_s_pawn_n1.msf	d:/ymir work/effect/monster2/icecrystal_valley_s_pawn_n1.msf	1
Effect/ymir work/effect/monster2/icecrystal_valley_s_pawn_n1_arrow.mde	d:/ymir work/effect/monster2/icecrystal_valley_s_pawn_n1_arrow.mde	1
Effect/ymir work/effect/monster2/impact1.dds	d:/ymir work/effect/monster2/impact1.dds	1
Effect/ymir work/effect/monster2/impact1.mde	d:/ymir work/effect/monster2/impact1.mde	1
Effect/ymir work/effect/monster2/impact10_red.mse	d:/ymir work/effect/monster2/impact10_red.mse	1
Effect/ymir work/effect/monster2/impact2.dds	d:/ymir work/effect/monster2/impact2.dds	1
Effect/ymir work/effect/monster2/impact2.mde	d:/ymir work/effect/monster2/impact2.mde	1
Effect/ymir work/effect/monster2/impact2.mse	d:/ymir work/effect/monster2/impact2.mse	1
Effect/ymir work/effect/monster2/impact2_small.mse	d:/ymir work/effect/monster2/impact2_small.mse	1
Effect/ymir work/effect/monster2/w_redd_human_sattack1.mse	d:/ymir work/effect/monster2/w_redd_human_sattack1.mse	1
Effect/ymir work/effect/monster2/impact2_small_blue.mse	d:/ymir work/effect/monster2/impact2_small_blue.mse	1
Effect/ymir work/effect/monster2/impact3.dds	d:/ymir work/effect/monster2/impact3.dds	1
Effect/ymir work/effect/monster2/impact3.mde	d:/ymir work/effect/monster2/impact3.mde	1
Effect/ymir work/effect/monster2/impact3.mse	d:/ymir work/effect/monster2/impact3.mse	1
Effect/ymir work/effect/monster2/impact4.mse	d:/ymir work/effect/monster2/impact4.mse	1
Effect/ymir work/effect/monster2/impact5.mse	d:/ymir work/effect/monster2/impact5.mse	1
Effect/ymir work/effect/monster2/impact5_ice1.mse	d:/ymir work/effect/monster2/impact5_ice1.mse	1
Effect/ymir work/effect/monster2/spark.dds	d:/ymir work/effect/monster2/spark.dds	1
Effect/ymir work/effect/monster2/impact6.mde	d:/ymir work/effect/monster2/impact6.mde	1
Effect/ymir work/effect/monster2/impact7.mse	d:/ymir work/effect/monster2/impact7.mse	1
Effect/ymir work/effect/monster2/impact9_blue.mse	d:/ymir work/effect/monster2/impact9_blue.mse	1
Effect/ymir work/effect/monster2/w_redd_human_sattack_end.mse	d:/ymir work/effect/monster2/w_redd_human_sattack_end.mse	1
Effect/ymir work/effect/monster2/impact9_red.mse	d:/ymir work/effect/monster2/impact9_red.mse	1
Effect/ymir work/effect/monster2/impact_water1.mse	d:/ymir work/effect/monster2/impact_water1.mse	1
Effect/ymir work/effect/monster2/whitedragon_boss2_s3_blow.mse	d:/ymir work/effect/monster2/whitedragon_boss2_s3_blow.mse	1
Effect/ymir work/effect/monster2/jumagap_spark.dds	d:/ymir work/effect/monster2/jumagap_spark.dds	1
Effect/ymir work/effect/monster2/leaf_2.dds	d:/ymir work/effect/monster2/leaf_2.dds	1
Effect/ymir work/effect/monster2/line_ring_copy.dds	d:/ymir work/effect/monster2/line_ring_copy.dds	1
Effect/ymir work/effect/monster2/smhgate_flower_02.mse	d:/ymir work/effect/monster2/smhgate_flower_02.mse	1
Effect/ymir work/effect/monster2/luck_sh_n1_throw.mse	d:/ymir work/effect/monster2/luck_sh_n1_throw.mse	1
Effect/ymir work/effect/monster2/smh_king_n1_fire.mse	d:/ymir work/effect/monster2/smh_king_n1_fire.mse	1
Effect/ymir work/effect/monster2/luck_sh_s1_blow.mse	d:/ymir work/effect/monster2/luck_sh_s1_blow.mse	1
Effect/ymir work/effect/monster2/luck_sh_s1_blow_02.mse	d:/ymir work/effect/monster2/luck_sh_s1_blow_02.mse	1
Effect/ymir work/effect/monster2/luck_sh_s2_making.mse	d:/ymir work/effect/monster2/luck_sh_s2_making.mse	1
Effect/ymir work/effect/monster2/mash_spell1_1.mde	d:/ymir work/effect/monster2/mash_spell1_1.mde	1
Effect/ymir work/effect/monster2/mash_spell1_2.mde	d:/ymir work/effect/monster2/mash_spell1_2.mde	1
Effect/ymir work/effect/monster2/mash_trunk1.mde	d:/ymir work/effect/monster2/mash_trunk1.mde	1
Effect/ymir work/effect/monster2/maze_boss_s1_blow.mse	d:/ymir work/effect/monster2/maze_boss_s1_blow.mse	1
Effect/ymir work/effect/monster2/maze_g_boss_s1_blow.mse	d:/ymir work/effect/monster2/maze_g_boss_s1_blow.mse	1
Effect/ymir work/effect/monster2/maze_gmagic_n1.msf	d:/ymir work/effect/monster2/maze_gmagic_n1.msf	1
Effect/ymir work/effect/monster2/maze_gmagic_n1_throw.mse	d:/ymir work/effect/monster2/maze_gmagic_n1_throw.mse	1
Effect/ymir work/effect/monster2/mob_hide2.mse	d:/ymir work/effect/monster2/mob_hide2.mse	1
Effect/ymir work/effect/monster2/mob_hide3.mse	d:/ymir work/effect/monster2/mob_hide3.mse	1
Effect/ymir work/effect/monster2/naga_archer_n1_boom.mse	d:/ymir work/effect/monster2/naga_archer_n1_boom.mse	1
Effect/ymir work/effect/monster2/naga_archer_n1_throw.mse	d:/ymir work/effect/monster2/naga_archer_n1_throw.mse	1
Effect/ymir work/effect/monster2/redd_statue_throw.mse	d:/ymir work/effect/monster2/redd_statue_throw.mse	1
Effect/ymir work/effect/monster2/naga_maze_n1_boom.mse	d:/ymir work/effect/monster2/naga_maze_n1_boom.mse	1
Effect/ymir work/effect/monster2/naga_maze_n1_making.mse	d:/ymir work/effect/monster2/naga_maze_n1_making.mse	1
Effect/ymir work/effect/monster2/npc_turtle_01.mse	d:/ymir work/effect/monster2/npc_turtle_01.mse	1
Effect/ymir work/effect/monster2/npc_turtle_awake.mse	d:/ymir work/effect/monster2/npc_turtle_awake.mse	1
Effect/ymir work/effect/monster2/occupation_jinno.mse	d:/ymir work/effect/monster2/occupation_jinno.mse	1
Effect/ymir work/effect/monster2/occupation_no.mse	d:/ymir work/effect/monster2/occupation_no.mse	1
Effect/ymir work/effect/monster2/occupy_01.dds	d:/ymir work/effect/monster2/occupy_01.dds	1
Effect/ymir work/effect/monster2/occupy_04.dds	d:/ymir work/effect/monster2/occupy_04.dds	1
Effect/ymir work/effect/monster2/poison_redblack.mse	d:/ymir work/effect/monster2/poison_redblack.mse	1
Effect/ymir work/effect/monster2/pveboss_na2_fire.mse	d:/ymir work/effect/monster2/pveboss_na2_fire.mse	1
Effect/ymir work/effect/monster2/pveboss_sa1_spin.mse	d:/ymir work/effect/monster2/pveboss_sa1_spin.mse	1
Effect/ymir work/effect/monster2/secret_boss_s1_sword.mse	d:/ymir work/effect/monster2/secret_boss_s1_sword.mse	1
Effect/ymir work/effect/monster2/pveboss_sa2_making.mse	d:/ymir work/effect/monster2/pveboss_sa2_making.mse	1
Effect/ymir work/effect/monster2/pveboss_sa2_smoke.mse	d:/ymir work/effect/monster2/pveboss_sa2_smoke.mse	1
Effect/ymir work/effect/monster2/pveboss_sa2_spin.mse	d:/ymir work/effect/monster2/pveboss_sa2_spin.mse	1
Effect/ymir work/effect/monster2/redblack4.mse	d:/ymir work/effect/monster2/redblack4.mse	1
Effect/ymir work/effect/monster2/red_boom1.mse	d:/ymir work/effect/monster2/red_boom1.mse	1
Effect/ymir work/effect/monster2/redblack2.mse	d:/ymir work/effect/monster2/redblack2.mse	1
Effect/ymir work/effect/monster2/whitedragon_s_knight_n1_blow.mse	d:/ymir work/effect/monster2/whitedragon_s_knight_n1_blow.mse	1
Effect/ymir work/effect/monster2/redd_0001.dds	d:/ymir work/effect/monster2/redd_0001.dds	1
Effect/ymir work/effect/monster2/redd_0002.dds	d:/ymir work/effect/monster2/redd_0002.dds	1
Effect/ymir work/effect/monster2/redd_0004.dds	d:/ymir work/effect/monster2/redd_0004.dds	1
Effect/ymir work/effect/monster2/smhgate_flower_04.mse	d:/ymir work/effect/monster2/smhgate_flower_04.mse	1
Effect/ymir work/effect/monster2/redd_0005.dds	d:/ymir work/effect/monster2/redd_0005.dds	1
Effect/ymir work/effect/monster2/redd_crack_001.dds	d:/ymir work/effect/monster2/redd_crack_001.dds	1
Effect/ymir work/effect/monster2/redd_fly_attack2.mse	d:/ymir work/effect/monster2/redd_fly_attack2.mse	1
Effect/ymir work/effect/monster2/redd_human_laser.dds	d:/ymir work/effect/monster2/redd_human_laser.dds	1
Effect/ymir work/effect/monster2/redd_human_sattack1_palbang.dds	d:/ymir work/effect/monster2/redd_human_sattack1_palbang.dds	1
Effect/ymir work/effect/monster2/redd_human_sattack1_start.mse	d:/ymir work/effect/monster2/redd_human_sattack1_start.mse	1
Effect/ymir work/effect/monster2/redd_human_sattack_start.mse	d:/ymir work/effect/monster2/redd_human_sattack_start.mse	1
Effect/ymir work/effect/monster2/redd_meteo.mse	d:/ymir work/effect/monster2/redd_meteo.mse	1
Effect/ymir work/effect/monster2/redd_sattack.mse	d:/ymir work/effect/monster2/redd_sattack.mse	1
Effect/ymir work/effect/monster2/redd_sattack1.mse	d:/ymir work/effect/monster2/redd_sattack1.mse	1
Effect/ymir work/effect/monster2/redd_sattack1_smoke.mse	d:/ymir work/effect/monster2/redd_sattack1_smoke.mse	1
Effect/ymir work/effect/monster2/whitedragon_ground_ice.mse	d:/ymir work/effect/monster2/whitedragon_ground_ice.mse	1
Effect/ymir work/effect/monster2/redd_sheild02.mde	d:/ymir work/effect/monster2/redd_sheild02.mde	1
Effect/ymir work/effect/monster2/redd_shelter_01.dds	d:/ymir work/effect/monster2/redd_shelter_01.dds	1
Effect/ymir work/effect/monster2/redd_shelter_01.mse	d:/ymir work/effect/monster2/redd_shelter_01.mse	1
Effect/ymir work/effect/monster2/redd_shelter_02_blue.mse	d:/ymir work/effect/monster2/redd_shelter_02_blue.mse	1
Effect/ymir work/effect/monster2/redd_shelter_04.dds	d:/ymir work/effect/monster2/redd_shelter_04.dds	1
Effect/ymir work/effect/monster2/redd_shelter_05.dds	d:/ymir work/effect/monster2/redd_shelter_05.dds	1
Effect/ymir work/effect/monster2/redd_shield_01.dds	d:/ymir work/effect/monster2/redd_shield_01.dds	1
Effect/ymir work/effect/monster2/redd_smorke_02.dds	d:/ymir work/effect/monster2/redd_smorke_02.dds	1
Effect/ymir work/effect/monster2/redd_statue_throw.msf	d:/ymir work/effect/monster2/redd_statue_throw.msf	1
Effect/ymir work/effect/monster2/redd_stone01.dds	d:/ymir work/effect/monster2/redd_stone01.dds	1
Effect/ymir work/effect/monster2/redd_stone03.dds	d:/ymir work/effect/monster2/redd_stone03.dds	1
Effect/ymir work/effect/monster2/reflect.dds	d:/ymir work/effect/monster2/reflect.dds	1
Effect/ymir work/effect/monster2/ring01.dds	d:/ymir work/effect/monster2/ring01.dds	1
Effect/ymir work/effect/monster2/rotation_01.dds	d:/ymir work/effect/monster2/rotation_01.dds	1
Effect/ymir work/effect/monster2/secret_boss_s1_blow.mse	d:/ymir work/effect/monster2/secret_boss_s1_blow.mse	1
Effect/ymir work/effect/monster2/secret_circle_stone.mse	d:/ymir work/effect/monster2/secret_circle_stone.mse	1
Effect/ymir work/effect/monster2/smh_boss_s2_fire.mse	d:/ymir work/effect/monster2/smh_boss_s2_fire.mse	1
Effect/ymir work/effect/monster2/smh_boss_s3_drop.mse	d:/ymir work/effect/monster2/smh_boss_s3_drop.mse	1
Effect/ymir work/effect/monster2/smh_circle_small.mse	d:/ymir work/effect/monster2/smh_circle_small.mse	1
Effect/ymir work/effect/monster2/smh_drop_01.dds	d:/ymir work/effect/monster2/smh_drop_01.dds	1
Effect/ymir work/effect/monster2/smh_king_s1_start.mse	d:/ymir work/effect/monster2/smh_king_s1_start.mse	1
Effect/ymir work/effect/monster2/smh_king_s2_fire.mse	d:/ymir work/effect/monster2/smh_king_s2_fire.mse	1
Effect/ymir work/effect/monster2/smh_king_s2_making.mse	d:/ymir work/effect/monster2/smh_king_s2_making.mse	1
Effect/ymir work/effect/monster2/smh_king_s3_drop.mse	d:/ymir work/effect/monster2/smh_king_s3_drop.mse	1
Effect/ymir work/effect/monster2/smh_magic_n1_making.mse	d:/ymir work/effect/monster2/smh_magic_n1_making.mse	1
Effect/ymir work/effect/monster2/smhgate_boss_s1_blow.mse	d:/ymir work/effect/monster2/smhgate_boss_s1_blow.mse	1
Effect/ymir work/effect/monster2/smhgate_boss_s1_making.mse	d:/ymir work/effect/monster2/smhgate_boss_s1_making.mse	1
Effect/ymir work/effect/monster2/smhgate_boss_s2_making.mse	d:/ymir work/effect/monster2/smhgate_boss_s2_making.mse	1
Effect/ymir work/effect/monster2/smhgate_circle_attack.mse	d:/ymir work/effect/monster2/smhgate_circle_attack.mse	1
Effect/ymir work/effect/monster2/smhgate_circle_buff.mse	d:/ymir work/effect/monster2/smhgate_circle_buff.mse	1
Effect/ymir work/effect/monster2/smhgate_flower_05.mse	d:/ymir work/effect/monster2/smhgate_flower_05.mse	1
Effect/ymir work/effect/monster2/smhgate_flower_07.mse	d:/ymir work/effect/monster2/smhgate_flower_07.mse	1
Effect/ymir work/effect/monster2/smhgate_flower_blow_make.mse	d:/ymir work/effect/monster2/smhgate_flower_blow_make.mse	1
Effect/ymir work/effect/monster2/smhgate_flower_buff.mse	d:/ymir work/effect/monster2/smhgate_flower_buff.mse	1
Effect/ymir work/effect/monster2/smhgate_flower_buff_01.dds	d:/ymir work/effect/monster2/smhgate_flower_buff_01.dds	1
Effect/ymir work/effect/monster2/smhgate_flower_buff_02.dds	d:/ymir work/effect/monster2/smhgate_flower_buff_02.dds	1
Effect/ymir work/effect/monster2/smhgate_flower_buff_02.mse	d:/ymir work/effect/monster2/smhgate_flower_buff_02.mse	1
Effect/ymir work/effect/monster2/smhgate_flower_leaf_2.dds	d:/ymir work/effect/monster2/smhgate_flower_leaf_2.dds	1
Effect/ymir work/effect/monster2/smhgate_flower_leaf_3.dds	d:/ymir work/effect/monster2/smhgate_flower_leaf_3.dds	1
Effect/ymir work/effect/monster2/smhgate_flower_leaf_5.dds	d:/ymir work/effect/monster2/smhgate_flower_leaf_5.dds	1
Effect/ymir work/effect/monster2/smhgate_metinstone_moojuk.mde	d:/ymir work/effect/monster2/smhgate_metinstone_moojuk.mde	1
Effect/ymir work/effect/monster2/smhgate_metinstone_sword.dds	d:/ymir work/effect/monster2/smhgate_metinstone_sword.dds	1
Effect/ymir work/effect/monster2/smhgate_metinstone_sword.mde	d:/ymir work/effect/monster2/smhgate_metinstone_sword.mde	1
Effect/ymir work/effect/monster2/smoke01.dds	d:/ymir work/effect/monster2/smoke01.dds	1
Effect/ymir work/effect/monster2/smoke1.mse	d:/ymir work/effect/monster2/smoke1.mse	1
Effect/ymir work/effect/monster2/smoke2.mse	d:/ymir work/effect/monster2/smoke2.mse	1
Effect/ymir work/effect/monster2/smoke3.mse	d:/ymir work/effect/monster2/smoke3.mse	1
Effect/ymir work/effect/monster2/smoke_02.dds	d:/ymir work/effect/monster2/smoke_02.dds	1
Effect/ymir work/effect/monster2/smoke_dirt1.dds	d:/ymir work/effect/monster2/smoke_dirt1.dds	1
Effect/ymir work/effect/monster2/smoke_dirt1.mse	d:/ymir work/effect/monster2/smoke_dirt1.mse	1
Effect/ymir work/effect/monster2/smoke_dust.dds	d:/ymir work/effect/monster2/smoke_dust.dds	1
Effect/ymir work/effect/monster2/smoke_ske_magician_smake.dds	d:/ymir work/effect/monster2/smoke_ske_magician_smake.dds	1
Effect/ymir work/effect/monster2/snake_head_02.mse	d:/ymir work/effect/monster2/snake_head_02.mse	1
Effect/ymir work/effect/monster2/snake_head_03.mse	d:/ymir work/effect/monster2/snake_head_03.mse	1
Effect/ymir work/effect/monster2/snake_head_04.mse	d:/ymir work/effect/monster2/snake_head_04.mse	1
Effect/ymir work/effect/monster2/snake_laser01.mse	d:/ymir work/effect/monster2/snake_laser01.mse	1
Effect/ymir work/effect/monster2/snake_laser03.mse	d:/ymir work/effect/monster2/snake_laser03.mse	1
Effect/ymir work/effect/monster2/whitedragon_knight01_s1_blow.mse	d:/ymir work/effect/monster2/whitedragon_knight01_s1_blow.mse	1
Effect/ymir work/effect/monster2/snake_laser04.mse	d:/ymir work/effect/monster2/snake_laser04.mse	1
Effect/ymir work/effect/monster2/snake_restriction.mde	d:/ymir work/effect/monster2/snake_restriction.mde	1
Effect/ymir work/effect/monster2/snaketemple_boss_s1_snake01.dds	d:/ymir work/effect/monster2/snaketemple_boss_s1_snake01.dds	1
Effect/ymir work/effect/monster2/snaketemple_boss_s1_snake01.mde	d:/ymir work/effect/monster2/snaketemple_boss_s1_snake01.mde	1
Effect/ymir work/effect/monster2/snaketemple_boss_s3_wave.mde	d:/ymir work/effect/monster2/snaketemple_boss_s3_wave.mde	1
Effect/ymir work/effect/monster2/snakevalley_knight02_s1_blow.mse	d:/ymir work/effect/monster2/snakevalley_knight02_s1_blow.mse	1
Effect/ymir work/effect/monster2/snaketemple_knight01_s1_blow.mse	d:/ymir work/effect/monster2/snaketemple_knight01_s1_blow.mse	1
Effect/ymir work/effect/monster2/snaketemple_knight01_s1_making.mse	d:/ymir work/effect/monster2/snaketemple_knight01_s1_making.mse	1
Effect/ymir work/effect/monster2/snaketemple_knight02_s1_making.mse	d:/ymir work/effect/monster2/snaketemple_knight02_s1_making.mse	1
Effect/ymir work/effect/monster2/snaketemple_knight03_s1_blow.mse	d:/ymir work/effect/monster2/snaketemple_knight03_s1_blow.mse	1
Effect/ymir work/effect/monster2/snaketemple_s_knight_s2_blow.mse	d:/ymir work/effect/monster2/snaketemple_s_knight_s2_blow.mse	1
Effect/ymir work/effect/monster2/snaketemple_s_knight_s1_boom.mse	d:/ymir work/effect/monster2/snaketemple_s_knight_s1_boom.mse	1
Effect/ymir work/effect/monster2/snaketemple_s_knight_s1_making.mse	d:/ymir work/effect/monster2/snaketemple_s_knight_s1_making.mse	1
Effect/ymir work/effect/monster2/snaketemple_s_knight_s2_making.mse	d:/ymir work/effect/monster2/snaketemple_s_knight_s2_making.mse	1
Effect/ymir work/effect/monster2/snakevalley_boss_s1_blow.mse	d:/ymir work/effect/monster2/snakevalley_boss_s1_blow.mse	1
Effect/ymir work/effect/monster2/snakevalley_boss_s2_blow.mse	d:/ymir work/effect/monster2/snakevalley_boss_s2_blow.mse	1
Effect/ymir work/effect/monster2/snakevalley_knight03_s1_impact.mde	d:/ymir work/effect/monster2/snakevalley_knight03_s1_impact.mde	1
Effect/ymir work/effect/monster2/snakevalley_s_knight_n.mse	d:/ymir work/effect/monster2/snakevalley_s_knight_n.mse	1
Effect/ymir work/effect/monster2/whitedragon_boss_s1_blow.mse	d:/ymir work/effect/monster2/whitedragon_boss_s1_blow.mse	1
Effect/ymir work/effect/monster2/snakevalley_s_knight_n.msf	d:/ymir work/effect/monster2/snakevalley_s_knight_n.msf	1
Effect/ymir work/effect/monster2/snakevalley_s_knight_n_blow.mse	d:/ymir work/effect/monster2/snakevalley_s_knight_n_blow.mse	1
Effect/ymir work/effect/monster2/spell2.mse	d:/ymir work/effect/monster2/spell2.mse	1
Effect/ymir work/effect/monster2/spell2_2.dds	d:/ymir work/effect/monster2/spell2_2.dds	1
Effect/ymir work/effect/monster2/spider_king_25.mse	d:/ymir work/effect/monster2/spider_king_25.mse	1
Effect/ymir work/effect/monster2/spider_king_25_1.mse	d:/ymir work/effect/monster2/spider_king_25_1.mse	1
Effect/ymir work/effect/monster2/stonepiece_2 copy.dds	d:/ymir work/effect/monster2/stonepiece_2 copy.dds	1
Effect/ymir work/effect/monster2/stonepiece_3 copy.dds	d:/ymir work/effect/monster2/stonepiece_3 copy.dds	1
Effect/ymir work/effect/monster2/w_yellow_tigerman_25.mse	d:/ymir work/effect/monster2/w_yellow_tigerman_25.mse	1
Effect/ymir work/effect/monster2/th_impact.dds	d:/ymir work/effect/monster2/th_impact.dds	1
Effect/ymir work/effect/monster2/th_impact_black.mse	d:/ymir work/effect/monster2/th_impact_black.mse	1
Effect/ymir work/effect/monster2/th_impact_red.mse	d:/ymir work/effect/monster2/th_impact_red.mse	1
Effect/ymir work/effect/monster2/th_spark.dds	d:/ymir work/effect/monster2/th_spark.dds	1
Effect/ymir work/effect/monster2/thunder boss.msf	d:/ymir work/effect/monster2/thunder boss.msf	1
Effect/ymir work/effect/monster2/thunder boss_02.mse	d:/ymir work/effect/monster2/thunder boss_02.mse	1
Effect/ymir work/effect/monster2/thunder boss_04.mse	d:/ymir work/effect/monster2/thunder boss_04.mse	1
Effect/ymir work/effect/monster2/thunder boss_06.mse	d:/ymir work/effect/monster2/thunder boss_06.mse	1
Effect/ymir work/effect/monster2/thunder boss_08.mse	d:/ymir work/effect/monster2/thunder boss_08.mse	1
Effect/ymir work/effect/monster2/thunder boss_09.mse	d:/ymir work/effect/monster2/thunder boss_09.mse	1
Effect/ymir work/effect/monster2/tornado8.dds	d:/ymir work/effect/monster2/tornado8.dds	1
Effect/ymir work/effect/monster2/thunder boss_10.mse	d:/ymir work/effect/monster2/thunder boss_10.mse	1
Effect/ymir work/effect/monster2/tornado3.dds	d:/ymir work/effect/monster2/tornado3.dds	1
Effect/ymir work/effect/monster2/tornado4.dds	d:/ymir work/effect/monster2/tornado4.dds	1
Effect/ymir work/effect/monster2/tornado6.dds	d:/ymir work/effect/monster2/tornado6.dds	1
Effect/ymir work/effect/monster2/tornado7.dds	d:/ymir work/effect/monster2/tornado7.dds	1
Effect/ymir work/effect/monster2/tornado_dirt1.dds	d:/ymir work/effect/monster2/tornado_dirt1.dds	1
Effect/ymir work/effect/monster2/trunk1_fly.msf	d:/ymir work/effect/monster2/trunk1_fly.msf	1
Effect/ymir work/effect/monster2/w_blast2.mse	d:/ymir work/effect/monster2/w_blast2.mse	1
Effect/ymir work/effect/monster2/w_ent_elder_s3.mse	d:/ymir work/effect/monster2/w_ent_elder_s3.mse	1
Effect/ymir work/effect/monster2/w_ent_elder_s3_1.mse	d:/ymir work/effect/monster2/w_ent_elder_s3_1.mse	1
Effect/ymir work/effect/monster2/w_ent_elder_s4.mse	d:/ymir work/effect/monster2/w_ent_elder_s4.mse	1
Effect/ymir work/effect/monster2/w_fire_red1.mse	d:/ymir work/effect/monster2/w_fire_red1.mse	1
Effect/ymir work/effect/monster2/w_impact4.mse	d:/ymir work/effect/monster2/w_impact4.mse	1
Effect/ymir work/effect/monster2/w_redblack.mse	d:/ymir work/effect/monster2/w_redblack.mse	1
Effect/ymir work/effect/monster2/w_redblack1.mse	d:/ymir work/effect/monster2/w_redblack1.mse	1
Effect/ymir work/effect/monster2/w_redblack2.mse	d:/ymir work/effect/monster2/w_redblack2.mse	1
Effect/ymir work/effect/monster2/w_redblack4.mse	d:/ymir work/effect/monster2/w_redblack4.mse	1
Effect/ymir work/effect/monster2/w_redd_human_sattack_boom.mse	d:/ymir work/effect/monster2/w_redd_human_sattack_boom.mse	1
Effect/ymir work/effect/monster2/w_yellow_tigerman_24.mse	d:/ymir work/effect/monster2/w_yellow_tigerman_24.mse	1
Effect/ymir work/effect/monster2/w_yellow_tigerman_24_1.mse	d:/ymir work/effect/monster2/w_yellow_tigerman_24_1.mse	1
Effect/ymir work/effect/monster2/white_energy copy.dds	d:/ymir work/effect/monster2/white_energy copy.dds	1
Effect/ymir work/effect/monster2/whiteblue1.mse	d:/ymir work/effect/monster2/whiteblue1.mse	1
Effect/ymir work/effect/monster2/whiteblue1_great.mse	d:/ymir work/effect/monster2/whiteblue1_great.mse	1
Effect/ymir work/effect/monster2/whiteblue1_small.mse	d:/ymir work/effect/monster2/whiteblue1_small.mse	1
Effect/ymir work/effect/monster2/whiteblue1_x.mse	d:/ymir work/effect/monster2/whiteblue1_x.mse	1
Effect/ymir work/effect/monster2/whitedragon_boss2_s1_circle.mse	d:/ymir work/effect/monster2/whitedragon_boss2_s1_circle.mse	1
Effect/ymir work/effect/monster2/whitedragon_boss2_s1_drop.mse	d:/ymir work/effect/monster2/whitedragon_boss2_s1_drop.mse	1
Effect/ymir work/effect/monster2/whitedragon_boss2_s1_making.mse	d:/ymir work/effect/monster2/whitedragon_boss2_s1_making.mse	1
Effect/ymir work/effect/monster2/whitedragon_boss2_spawn2.mse	d:/ymir work/effect/monster2/whitedragon_boss2_spawn2.mse	1
Effect/ymir work/effect/monster2/whitedragon_boss2_spawn_blow.mse	d:/ymir work/effect/monster2/whitedragon_boss2_spawn_blow.mse	1
Effect/ymir work/effect/monster2/whitedragon_circle_ice.mse	d:/ymir work/effect/monster2/whitedragon_circle_ice.mse	1
Effect/ymir work/effect/monster2/whitedragon_ground_ice.mde	d:/ymir work/effect/monster2/whitedragon_ground_ice.mde	1
Effect/ymir work/effect/monster2/whitedragon_ice_01.dds	d:/ymir work/effect/monster2/whitedragon_ice_01.dds	1
Effect/ymir work/effect/monster2/whitedragon_knight03_s1_blow.mse	d:/ymir work/effect/monster2/whitedragon_knight03_s1_blow.mse	1
Effect/ymir work/effect/monster2/whitedragon_s_knight_n1_boom.mse	d:/ymir work/effect/monster2/whitedragon_s_knight_n1_boom.mse	1
Effect/ymir work/effect/monster2/whitedragon_s_knight_n2.msf	d:/ymir work/effect/monster2/whitedragon_s_knight_n2.msf	1
Effect/ymir work/effect/monster2/whitedragon_s_knight_n2_blow.mse	d:/ymir work/effect/monster2/whitedragon_s_knight_n2_blow.mse	1
Effect/ymir work/effect/monster2/whitedragonvalley_boss_s1_blow.mse	d:/ymir work/effect/monster2/whitedragonvalley_boss_s1_blow.mse	1
Effect/ymir work/effect/monster2/whitedragonvalley_boss_s2.mde	d:/ymir work/effect/monster2/whitedragonvalley_boss_s2.mde	1
Effect/ymir work/effect/monster2/whitedragonvalley_boss_s2_impact.mse	d:/ymir work/effect/monster2/whitedragonvalley_boss_s2_impact.mse	1
Effect/ymir work/effect/monster2/whitedragonvalley_knight01_s1_blow.mse	d:/ymir work/effect/monster2/whitedragonvalley_knight01_s1_blow.mse	1
Effect/ymir work/effect/monster2/whitedragonvalley_knight01_s2_blow.mse	d:/ymir work/effect/monster2/whitedragonvalley_knight01_s2_blow.mse	1
Effect/ymir work/effect/monster2/yellowred1_great.mse	d:/ymir work/effect/monster2/yellowred1_great.mse	1
Effect/ymir work/effect/monster2/yellowred1_x.mse	d:/ymir work/effect/monster2/yellowred1_x.mse	1
Effect/ymir work/effect/monster2/yut_npc_01.mse	d:/ymir work/effect/monster2/yut_npc_01.mse	1
