ETC/ymir work/ui/skill/common/affect/fishmind.sub	d:/ymir work/ui/skill/common/affect/fishmind.sub	1
ETC/ymir work/environment/a3.msenv	d:/ymir work/environment/a3.msenv	1
ETC/ymir work/special/water/05.dds	d:/ymir work/special/water/05.dds	1
ETC/ymir work/ui/skill/sura/hwayeom_02.sub	d:/ymir work/ui/skill/sura/hwayeom_02.sub	1
ETC/ymir work/ui/game/affectshower/71028.sub	d:/ymir work/ui/game/affectshower/71028.sub	1
ETC/ymir work/bin/icon/face/assassin_m.tga	d:/ymir work/bin/icon/face/assassin_m.tga	1
ETC/ymir work/bin/icon/face/assassin_w.tga	d:/ymir work/bin/icon/face/assassin_w.tga	1
ETC/ymir work/shader/invert.fx	d:/ymir work/shader/invert.fx	1
ETC/ymir work/ui/game/taskbar/system_button_01.sub	d:/ymir work/ui/game/taskbar/system_button_01.sub	1
ETC/ymir work/bin/icon/face/sura_w.tga	d:/ymir work/bin/icon/face/sura_w.tga	1
ETC/ymir work/ui/skill/common/guild/pi.sub	d:/ymir work/ui/skill/common/guild/pi.sub	1
ETC/ymir work/bin/icon/face/sura_m.tga	d:/ymir work/bin/icon/face/sura_m.tga	1
ETC/ymir work/ui/skill/sura/heuksin_04.sub	d:/ymir work/ui/skill/sura/heuksin_04.sub	1
ETC/ymir work/ui/switchbot/delete_attr_03.sub	d:/ymir work/ui/switchbot/delete_attr_03.sub	1
ETC/ymir work/ui/game/949_windows/tab_3.sub	d:/ymir work/ui/game/949_windows/tab_3.sub	1
ETC/ymir work/ui/game/advanced_game_options/search_bg.png	d:/ymir work/ui/game/advanced_game_options/search_bg.png	1
ETC/ymir work/ui/pattern/titlebar_center.tga	d:/ymir work/ui/pattern/titlebar_center.tga	1
ETC/ymir work/environment/map_n_flame_01.msenv	d:/ymir work/environment/map_n_flame_01.msenv	1
ETC/ymir work/ui/chat/chattingoption_dropdown_large_middle.sub	d:/ymir work/ui/chat/chattingoption_dropdown_large_middle.sub	1
ETC/ymir work/ui/game/privatesearch/whisper_2.tga	d:/ymir work/ui/game/privatesearch/whisper_2.tga	1
ETC/ymir work/ui/game/advanced_game_options/subcat_3.png	d:/ymir work/ui/game/advanced_game_options/subcat_3.png	1
ETC/ymir work/ui/game/flag/br.tga	d:/ymir work/ui/game/flag/br.tga	1
ETC/ymir work/bin/icon/face/shaman_m.tga	d:/ymir work/bin/icon/face/shaman_m.tga	1
ETC/ymir work/ui/intro/public_intro/face/face_sura_w_01.sub	d:/ymir work/ui/intro/public_intro/face/face_sura_w_01.sub	1
ETC/ymir work/ui/game/privatesearch/icon_8.tga	d:/ymir work/ui/game/privatesearch/icon_8.tga	1
ETC/ymir work/bin/icon/face/shaman_w.tga	d:/ymir work/bin/icon/face/shaman_w.tga	1
ETC/ymir work/ui/game/949_windows/label_ext_item1.sub	d:/ymir work/ui/game/949_windows/label_ext_item1.sub	1
ETC/ymir work/ui/game/windows/messenger_whisper_02.sub	d:/ymir work/ui/game/windows/messenger_whisper_02.sub	1
ETC/ymir work/ui/game/quest/questicon/level_14.sub	d:/ymir work/ui/game/quest/questicon/level_14.sub	1
ETC/ymir work/bin/icon/face/warrior_m.tga	d:/ymir work/bin/icon/face/warrior_m.tga	1
ETC/ymir work/bin/icon/face/warrior_w.tga	d:/ymir work/bin/icon/face/warrior_w.tga	1
ETC/ymir work/special/lava/24.dds	d:/ymir work/special/lava/24.dds	1
ETC/ymir work/environment/moonlight04.msenv	d:/ymir work/environment/moonlight04.msenv	1
ETC/ymir work/bin/icon/face/wolfman_m.tga	d:/ymir work/bin/icon/face/wolfman_m.tga	1
ETC/ymir work/ui/public/slotactiveeffect/slot2/04.sub	d:/ymir work/ui/public/slotactiveeffect/slot2/04.sub	1
ETC/ymir work/ui/scrollbar/scrollbar_middle_bottom.tga	d:/ymir work/ui/scrollbar/scrollbar_middle_bottom.tga	1
ETC/ymir work/environment/monkeydungeon.msenv	d:/ymir work/environment/monkeydungeon.msenv	1
ETC/ymir work/effect/etc/myshop/2-1.dds	d:/ymir work/effect/etc/myshop/2-1.dds	1
ETC/ymir work/environment/clouds_zone01.tga	d:/ymir work/environment/clouds_zone01.tga	1
ETC/ymir work/special/water/23.dds	d:/ymir work/special/water/23.dds	1
ETC/ymir work/ui/game/costume_button_02.tga	d:/ymir work/ui/game/costume_button_02.tga	1
ETC/ymir work/ui/chat/chattingoption_sub_small_1_bg.sub	d:/ymir work/ui/chat/chattingoption_sub_small_1_bg.sub	1
ETC/ymir work/special/lava/19.dds	d:/ymir work/special/lava/19.dds	1
ETC/ymir work/special/water/01.dds	d:/ymir work/special/water/01.dds	1
ETC/ymir work/ui/game/taskbar/0.sub	d:/ymir work/ui/game/taskbar/0.sub	1
ETC/ymir work/environment/milgyo.msenv	d:/ymir work/environment/milgyo.msenv	1
ETC/ymir work/ui/game/mission/btn_reward_down.png	d:/ymir work/ui/game/mission/btn_reward_down.png	1
ETC/ymir work/environment/flare5.dds	d:/ymir work/environment/flare5.dds	1
ETC/ymir work/ui/game/affectshower/50821.sub	d:/ymir work/ui/game/affectshower/50821.sub	1
ETC/ymir work/ui/skill/warrior/noegeom_03.sub	d:/ymir work/ui/skill/warrior/noegeom_03.sub	1
ETC/ymir work/ui/game/privatesearch/search_2.tga	d:/ymir work/ui/game/privatesearch/search_2.tga	1
ETC/ymir work/ui/icon/face/warrior_m.tga	d:/ymir work/ui/icon/face/warrior_m.tga	1
ETC/ymir work/effect/etc/myshop/2-star.dds	d:/ymir work/effect/etc/myshop/2-star.dds	1
ETC/ymir work/ui/atlas/metin2_map_trent02/atlas.sub	d:/ymir work/ui/atlas/metin2_map_trent02/atlas.sub	1
ETC/ymir work/ui/game/taskbar/system_button_02.sub	d:/ymir work/ui/game/taskbar/system_button_02.sub	1
ETC/ymir work/ui/game/taskbar/rampage_01/08.sub	d:/ymir work/ui/game/taskbar/rampage_01/08.sub	1
ETC/ymir work/effect/etc/myshop/2-starsmall.dds	d:/ymir work/effect/etc/myshop/2-starsmall.dds	1
ETC/ymir work/environment/sunflare.dds	d:/ymir work/environment/sunflare.dds	1
ETC/ymir work/ui/public/slotactiveeffect/slot3/00.sub	d:/ymir work/ui/public/slotactiveeffect/slot3/00.sub	1
ETC/ymir work/ui/game/affectshower/guild_bonus.tga	d:/ymir work/ui/game/affectshower/guild_bonus.tga	1
ETC/ymir work/ui/game/936_guild/tab_3.sub	d:/ymir work/ui/game/936_guild/tab_3.sub	1
ETC/ymir work/ui/sandik_env_2.tga	d:/ymir work/ui/sandik_env_2.tga	1
ETC/ymir work/ui/skill/assassin/seomgwang_02.sub	d:/ymir work/ui/skill/assassin/seomgwang_02.sub	1
ETC/ymir work/ui/game/offlineshop/time_slot.tga	d:/ymir work/ui/game/offlineshop/time_slot.tga	1
ETC/ymir work/environment/flare3.dds	d:/ymir work/environment/flare3.dds	1
ETC/ymir work/ui/intro/loading/20.sub	d:/ymir work/ui/intro/loading/20.sub	1
ETC/ymir work/environment/desert_02.msenv	d:/ymir work/environment/desert_02.msenv	1
ETC/ymir work/effect/etc/myshop/2.dds	d:/ymir work/effect/etc/myshop/2.dds	1
ETC/ymir work/ui/game/event_calendar/icons/mini_gui/exp_event.tga	d:/ymir work/ui/game/event_calendar/icons/mini_gui/exp_event.tga	1
ETC/ymir work/ui/public/slotactiveeffect/slot2/09.sub	d:/ymir work/ui/public/slotactiveeffect/slot2/09.sub	1
ETC/ymir work/ui/atlas/metin2_map_dark_dragon/atlas.sub	d:/ymir work/ui/atlas/metin2_map_dark_dragon/atlas.sub	1
ETC/ymir work/ui/skill/sura/yonggwon_03.sub	d:/ymir work/ui/skill/sura/yonggwon_03.sub	1
ETC/ymir work/effect/etc/myshop/2.jpg	d:/ymir work/effect/etc/myshop/2.jpg	1
ETC/ymir work/effect/etc/myshop/2.mde	d:/ymir work/effect/etc/myshop/2.mde	1
ETC/ymir work/ui/intro/public_intro/face/face_sura_m_01.sub	d:/ymir work/ui/intro/public_intro/face/face_sura_m_01.sub	1
ETC/ymir work/environment/blackout.dds	d:/ymir work/environment/blackout.dds	1
ETC/ymir work/special/water/15.dds	d:/ymir work/special/water/15.dds	1
ETC/ymir work/ui/game/privatesearch/class_image2.tga	d:/ymir work/ui/game/privatesearch/class_image2.tga	1
ETC/ymir work/effect/etc/myshop/2.mse	d:/ymir work/effect/etc/myshop/2.mse	1
ETC/ymir work/ui/atlas/metin2_map_t4/atlas.sub	d:/ymir work/ui/atlas/metin2_map_t4/atlas.sub	1
ETC/ymir work/ui/public/scrollbar_thin_up_button_01.sub	d:/ymir work/ui/public/scrollbar_thin_up_button_01.sub	1
ETC/ymir work/environment/a1.msenv	d:/ymir work/environment/a1.msenv	1
ETC/ymir work/ui/intro/loading/23.sub	d:/ymir work/ui/intro/loading/23.sub	1
ETC/ymir work/ui/game/privatesearch/private_last_next_btn_01.sub	d:/ymir work/ui/game/privatesearch/private_last_next_btn_01.sub	1
ETC/ymir work/environment/trent.msenv	d:/ymir work/environment/trent.msenv	1
ETC/ymir work/ui/game/questboard/level_15.tga	d:/ymir work/ui/game/questboard/level_15.tga	1
ETC/ymir work/ui/game/quest/questicon/level_06.sub	d:/ymir work/ui/game/quest/questicon/level_06.sub	1
ETC/ymir work/environment/a2.msenv	d:/ymir work/environment/a2.msenv	1
ETC/ymir work/environment/c2.msenv	d:/ymir work/environment/c2.msenv	1
ETC/ymir work/ui/game/questboard/bak_gen1.tga	d:/ymir work/ui/game/questboard/bak_gen1.tga	1
ETC/ymir work/ui/intro/loading/16.sub	d:/ymir work/ui/intro/loading/16.sub	1
ETC/ymir work/ui/game/offlineshop/time_slot - kopya.tga	d:/ymir work/ui/game/offlineshop/time_slot - kopya.tga	1
ETC/ymir work/ui/game/949_mapname/c1.tga	d:/ymir work/ui/game/949_mapname/c1.tga	1
ETC/ymir work/environment/b1.msenv	d:/ymir work/environment/b1.msenv	1
ETC/ymir work/ui/game/936_guild/tab_2.sub	d:/ymir work/ui/game/936_guild/tab_2.sub	1
ETC/ymir work/ui/game/guild/tab_5.sub	d:/ymir work/ui/game/guild/tab_5.sub	1
ETC/ymir work/ui/game/dungeon/isrevived.sub	d:/ymir work/ui/game/dungeon/isrevived.sub	1
ETC/ymir work/ui/game/questboard/5126.tga	d:/ymir work/ui/game/questboard/5126.tga	1
ETC/ymir work/special/water/07.dds	d:/ymir work/special/water/07.dds	1
ETC/ymir work/ui/pattern/chatlogwindow_titlebar_left.tga	d:/ymir work/ui/pattern/chatlogwindow_titlebar_left.tga	1
ETC/ymir work/ui/game/mission/btn_delete_down.png	d:/ymir work/ui/game/mission/btn_delete_down.png	1
ETC/ymir work/ui/pattern/myshop/paper/p_paper_right.tga	d:/ymir work/ui/pattern/myshop/paper/p_paper_right.tga	1
ETC/ymir work/shader/outline.fx	d:/ymir work/shader/outline.fx	1
ETC/ymir work/ui/skill/shaman/jeungryeok_02.sub	d:/ymir work/ui/skill/shaman/jeungryeok_02.sub	1
ETC/ymir work/environment/b2.msenv	d:/ymir work/environment/b2.msenv	1
ETC/ymir work/ui/atlas/metin2_map_snake_temple_03_atlas.dds	d:/ymir work/ui/atlas/metin2_map_snake_temple_03_atlas.dds	1
ETC/ymir work/ui/inventory_refresh_btn.tga	d:/ymir work/ui/inventory_refresh_btn.tga	1
ETC/ymir work/ui/cursor/cursor_chair.sub	d:/ymir work/ui/cursor/cursor_chair.sub	1
ETC/ymir work/ui/switchbot/save_attr_03.sub	d:/ymir work/ui/switchbot/save_attr_03.sub	1
ETC/ymir work/ui/game/flag/de.tga	d:/ymir work/ui/game/flag/de.tga	1
ETC/ymir work/environment/b3.msenv	d:/ymir work/environment/b3.msenv	1
ETC/ymir work/environment/battle_guild01.msenv	d:/ymir work/environment/battle_guild01.msenv	1
ETC/ymir work/ui/skill/assassin/gigung_01.sub	d:/ymir work/ui/skill/assassin/gigung_01.sub	1
ETC/ymir work/ui/bk_env_2.tga	d:/ymir work/ui/bk_env_2.tga	1
ETC/ymir work/ui/public/public_intro_btn/prev_btn_02.sub	d:/ymir work/ui/public/public_intro_btn/prev_btn_02.sub	1
ETC/ymir work/environment/flare2.dds	d:/ymir work/environment/flare2.dds	1
ETC/ymir work/ui/game/12zi/element/fire.sub	d:/ymir work/ui/game/12zi/element/fire.sub	1
ETC/ymir work/ui/public/slotfinishcooltimeeffect/05.sub	d:/ymir work/ui/public/slotfinishcooltimeeffect/05.sub	1
ETC/ymir work/ui/game/advanced_game_options/toggle_unselected.png	d:/ymir work/ui/game/advanced_game_options/toggle_unselected.png	1
ETC/ymir work/ui/game/questboard/1068.tga	d:/ymir work/ui/game/questboard/1068.tga	1
ETC/ymir work/ui/skill/common/guild/him.sub	d:/ymir work/ui/skill/common/guild/him.sub	1
ETC/ymir work/special/lava/03.dds	d:/ymir work/special/lava/03.dds	1
ETC/ymir work/ui/public/scrollbar_thin_down_button_02.sub	d:/ymir work/ui/public/scrollbar_thin_down_button_02.sub	1
ETC/ymir work/environment/c1.msenv	d:/ymir work/environment/c1.msenv	1
ETC/ymir work/ui/game/advanced_game_options/arrow_up.png	d:/ymir work/ui/game/advanced_game_options/arrow_up.png	1
ETC/ymir work/ui/game/advanced_game_options/search_btn_x_2.png	d:/ymir work/ui/game/advanced_game_options/search_btn_x_2.png	1
ETC/ymir work/ui/skill/passive/p_byeorak_03.sub	d:/ymir work/ui/skill/passive/p_byeorak_03.sub	1
ETC/ymir work/ui/minimap/minimap_scaledown_over.sub	d:/ymir work/ui/minimap/minimap_scaledown_over.sub	1
ETC/ymir work/ui/public/number/5.sub	d:/ymir work/ui/public/number/5.sub	1
ETC/ymir work/ui/search/assassin_m_hover.png	d:/ymir work/ui/search/assassin_m_hover.png	1
ETC/ymir work/environment/c3.msenv	d:/ymir work/environment/c3.msenv	1
ETC/ymir work/ui/pattern/myshop/ice/p_ice_right_top.tga	d:/ymir work/ui/pattern/myshop/ice/p_ice_right_top.tga	1
ETC/ymir work/ui/skill/assassin/eunhyeong_04.sub	d:/ymir work/ui/skill/assassin/eunhyeong_04.sub	1
ETC/ymir work/ui/game/questboard/2031.tga	d:/ymir work/ui/game/questboard/2031.tga	1
ETC/ymir work/environment/t1.msenv	d:/ymir work/environment/t1.msenv	1
ETC/ymir work/ui/game/936_windows/tab_2.sub	d:/ymir work/ui/game/936_windows/tab_2.sub	1
ETC/ymir work/environment/clouds_zone02.tga	d:/ymir work/environment/clouds_zone02.tga	1
ETC/ymir work/environment/clouds_zone05.tga	d:/ymir work/environment/clouds_zone05.tga	1
ETC/ymir work/shader/gray.fx	d:/ymir work/shader/gray.fx	1
ETC/ymir work/ui/game/taskbar/rampage_01/11.sub	d:/ymir work/ui/game/taskbar/rampage_01/11.sub	1
ETC/ymir work/ui/chat/titlebar_chat_middle.tga	d:/ymir work/ui/chat/titlebar_chat_middle.tga	1
ETC/ymir work/environment/skipia_dungeon.msenv	d:/ymir work/environment/skipia_dungeon.msenv	1
ETC/ymir work/ui/public/minimize_button_02.sub	d:/ymir work/ui/public/minimize_button_02.sub	1
ETC/ymir work/ui/public/minimize_empty_button_02.sub	d:/ymir work/ui/public/minimize_empty_button_02.sub	1
ETC/ymir work/ui/game/questboard/wolf.tga	d:/ymir work/ui/game/questboard/wolf.tga	1
ETC/ymir work/ui/skill/warrior/geompung_02.sub	d:/ymir work/ui/skill/warrior/geompung_02.sub	1
ETC/ymir work/environment/dark.msenv	d:/ymir work/environment/dark.msenv	1
ETC/ymir work/environment/flare1.dds	d:/ymir work/environment/flare1.dds	1
ETC/ymir work/ui/game/936_windows/title_skill.sub	d:/ymir work/ui/game/936_windows/title_skill.sub	1
ETC/ymir work/environment/monkeydungeon_03.msenv	d:/ymir work/environment/monkeydungeon_03.msenv	1
ETC/ymir work/ui/game/affectshower/50817.sub	d:/ymir work/ui/game/affectshower/50817.sub	1
ETC/ymir work/ui/game/advanced_game_options/subcat_2.png	d:/ymir work/ui/game/advanced_game_options/subcat_2.png	1
ETC/ymir work/ui/skill/sura/jumagap_04.sub	d:/ymir work/ui/skill/sura/jumagap_04.sub	1
ETC/ymir work/ui/game/event_calendar/icons/mini_gui/double_mission_book_event.tga	d:/ymir work/ui/game/event_calendar/icons/mini_gui/double_mission_book_event.tga	1
ETC/ymir work/environment/map_dd_teste.msenv	d:/ymir work/environment/map_dd_teste.msenv	1
ETC/ymir work/ui/game/949_mapname/devil1_7f.tga	d:/ymir work/ui/game/949_mapname/devil1_7f.tga	1
ETC/ymir work/ui/game/questboard/1305.tga	d:/ymir work/ui/game/questboard/1305.tga	1
ETC/ymir work/environment/flare4.dds	d:/ymir work/environment/flare4.dds	1
ETC/ymir work/ui/game/taskbar/mouse_button_move_and_attack_03.sub	d:/ymir work/ui/game/taskbar/mouse_button_move_and_attack_03.sub	1
ETC/ymir work/ui/game/event_calendar/blue_bg.tga	d:/ymir work/ui/game/event_calendar/blue_bg.tga	1
ETC/ymir work/ui/game/privatesearch/delete.tga	d:/ymir work/ui/game/privatesearch/delete.tga	1
ETC/ymir work/environment/flare6.dds	d:/ymir work/environment/flare6.dds	1
ETC/ymir work/environment/map_b_fielddungeo.msenv	d:/ymir work/environment/map_b_fielddungeo.msenv	1
ETC/ymir work/environment/map_dd.msenv	d:/ymir work/environment/map_dd.msenv	1
ETC/ymir work/ui/game/quest/questicon/level_17.sub	d:/ymir work/ui/game/quest/questicon/level_17.sub	1
ETC/ymir work/ui/atlas/map_n_snowm_01/atlas.sub	d:/ymir work/ui/atlas/map_n_snowm_01/atlas.sub	1
ETC/ymir work/environment/map_n_desert_01.msenv	d:/ymir work/environment/map_n_desert_01.msenv	1
ETC/ymir work/ui/game/949_guild/tab_6.sub	d:/ymir work/ui/game/949_guild/tab_6.sub	1
ETC/ymir work/environment/t2.msenv	d:/ymir work/environment/t2.msenv	1
ETC/ymir work/environment/monkeydungeon_02.msenv	d:/ymir work/environment/monkeydungeon_02.msenv	1
ETC/ymir work/ui/skill/common/support/fishing.sub	d:/ymir work/ui/skill/common/support/fishing.sub	1
ETC/ymir work/ui/intro/949_select/name_warrior.sub	d:/ymir work/ui/intro/949_select/name_warrior.sub	1
ETC/ymir work/ui/game/949_windows/title_status.sub	d:/ymir work/ui/game/949_windows/title_status.sub	1
ETC/ymir work/environment/moon.dds	d:/ymir work/environment/moon.dds	1
ETC/ymir work/ui/game/affectshower/39017.sub	d:/ymir work/ui/game/affectshower/39017.sub	1
ETC/ymir work/ui/game/windows/tab_button_large_02.sub	d:/ymir work/ui/game/windows/tab_button_large_02.sub	1
ETC/ymir work/ui/skill/warrior/geomgyeong_03.sub	d:/ymir work/ui/skill/warrior/geomgyeong_03.sub	1
ETC/ymir work/environment/moonlight05.msenv	d:/ymir work/environment/moonlight05.msenv	1
ETC/ymir work/ui/game/privatesearch/slot_1_1.tga	d:/ymir work/ui/game/privatesearch/slot_1_1.tga	1
ETC/ymir work/special/lava/22.dds	d:/ymir work/special/lava/22.dds	1
ETC/ymir work/ui/pattern/horsestate/31.dds	d:/ymir work/ui/pattern/horsestate/31.dds	1
ETC/ymir work/environment/n-snowm01.msenv	d:/ymir work/environment/n-snowm01.msenv	1
ETC/ymir work/environment/resources_zon.msenv	d:/ymir work/environment/resources_zon.msenv	1
ETC/ymir work/ui/search/slot64_hover.png	d:/ymir work/ui/search/slot64_hover.png	1
ETC/ymir work/ui/skill/assassin/sangong_02.sub	d:/ymir work/ui/skill/assassin/sangong_02.sub	1
ETC/ymir work/environment/snowm02.msenv	d:/ymir work/environment/snowm02.msenv	1
ETC/ymir work/ui/tunga/login/logo.tga	d:/ymir work/ui/tunga/login/logo.tga	1
ETC/ymir work/ui/game/questboard/level_19.tga	d:/ymir work/ui/game/questboard/level_19.tga	1
ETC/ymir work/ui/game/questboard/2313.tga	d:/ymir work/ui/game/questboard/2313.tga	1
ETC/ymir work/ui/game/offlineshop/money_check_1.tga	d:/ymir work/ui/game/offlineshop/money_check_1.tga	1
ETC/ymir work/ui/game/event_calendar/icons/mini_gui/whell_of_fortune_event.tga	d:/ymir work/ui/game/event_calendar/icons/mini_gui/whell_of_fortune_event.tga	1
ETC/ymir work/ui/game/windows/emotion_slap.sub	d:/ymir work/ui/game/windows/emotion_slap.sub	1
ETC/ymir work/environment/spiderdungeon.msenv	d:/ymir work/environment/spiderdungeon.msenv	1
ETC/ymir work/ui/game/questboard/1136.tga	d:/ymir work/ui/game/questboard/1136.tga	1
ETC/ymir work/ui/game/advanced_game_options/category_icons/game.png	d:/ymir work/ui/game/advanced_game_options/category_icons/game.png	1
ETC/ymir work/ui/game/dungeon/killallmonster.sub	d:/ymir work/ui/game/dungeon/killallmonster.sub	1
ETC/ymir work/ui/intro/public_intro/face/face_shaman_m_01.sub	d:/ymir work/ui/intro/public_intro/face/face_shaman_m_01.sub	1
ETC/ymir work/ui/skill/shaman/bipabu_04.sub	d:/ymir work/ui/skill/shaman/bipabu_04.sub	1
ETC/ymir work/environment/sungzi.msenv	d:/ymir work/environment/sungzi.msenv	1
ETC/ymir work/environment/trent02.msenv	d:/ymir work/environment/trent02.msenv	1
ETC/ymir work/ui/atlas/metin2_map_dawnmist_dungeon_01.dds	d:/ymir work/ui/atlas/metin2_map_dawnmist_dungeon_01.dds	1
ETC/ymir work/ui/atlas/map_b2/atlas.sub	d:/ymir work/ui/atlas/map_b2/atlas.sub	1
ETC/ymir work/shader/atlas_spotlight.fx	d:/ymir work/shader/atlas_spotlight.fx	1
ETC/ymir work/ui/skill/shaman/kwaesok_03.sub	d:/ymir work/ui/skill/shaman/kwaesok_03.sub	1
ETC/ymir work/ui/game/936_windows/label_uppt.sub	d:/ymir work/ui/game/936_windows/label_uppt.sub	1
ETC/ymir work/shader/pixelate.fx	d:/ymir work/shader/pixelate.fx	1
ETC/ymir work/ui/game/advanced_game_options/search_btn_x_1.png	d:/ymir work/ui/game/advanced_game_options/search_btn_x_1.png	1
ETC/ymir work/ui/pattern/myshop/ice/p_ice_right_bottom.tga	d:/ymir work/ui/pattern/myshop/ice/p_ice_right_bottom.tga	1
ETC/ymir work/ui/offlineshop/design.dds	d:/ymir work/ui/offlineshop/design.dds	1
ETC/ymir work/ui/game/taskbar/community_button_01.sub	d:/ymir work/ui/game/taskbar/community_button_01.sub	1
ETC/ymir work/ui/skill/assassin/seomjeon_02.sub	d:/ymir work/ui/skill/assassin/seomjeon_02.sub	1
ETC/ymir work/shader/ui_blur.fx	d:/ymir work/shader/ui_blur.fx	1
ETC/ymir work/ui/game/windows/messenger_add_friend_02.sub	d:/ymir work/ui/game/windows/messenger_add_friend_02.sub	1
ETC/ymir work/ui/cursor/cursor_buy.sub	d:/ymir work/ui/cursor/cursor_buy.sub	1
ETC/ymir work/ui/game/questboard/o_gung.tga	d:/ymir work/ui/game/questboard/o_gung.tga	1
ETC/ymir work/ui/game/949_windows/label_skill_support.sub	d:/ymir work/ui/game/949_windows/label_skill_support.sub	1
ETC/ymir work/ui/intro/public_intro/face/face_assassin_m_02.sub	d:/ymir work/ui/intro/public_intro/face/face_assassin_m_02.sub	1
ETC/ymir work/shader/water.fx	d:/ymir work/shader/water.fx	1
ETC/ymir work/ui/search/submenu2.png	d:/ymir work/ui/search/submenu2.png	1
ETC/ymir work/ui/game/taskbar/quickslot_button_board.sub	d:/ymir work/ui/game/taskbar/quickslot_button_board.sub	1
ETC/ymir work/ui/minimap/whitemark.sub	d:/ymir work/ui/minimap/whitemark.sub	1
ETC/ymir work/shader/wave.fx	d:/ymir work/shader/wave.fx	1
ETC/ymir work/ui/game/dungeon/exist.sub	d:/ymir work/ui/game/dungeon/exist.sub	1
ETC/ymir work/ui/game/windows/btn_plus_up.sub	d:/ymir work/ui/game/windows/btn_plus_up.sub	1
ETC/ymir work/special/compas.dds	d:/ymir work/special/compas.dds	1
ETC/ymir work/ui/search/shirt.dds	d:/ymir work/ui/search/shirt.dds	1
ETC/ymir work/ui/skill/assassin/amseup_02.sub	d:/ymir work/ui/skill/assassin/amseup_02.sub	1
ETC/ymir work/ui/game/taskbar/mouse_button_auto_attack_03.sub	d:/ymir work/ui/game/taskbar/mouse_button_auto_attack_03.sub	1
ETC/ymir work/ui/game/windows/party_state_berserker_03.sub	d:/ymir work/ui/game/windows/party_state_berserker_03.sub	1
ETC/ymir work/special/error.tga	d:/ymir work/special/error.tga	1
ETC/ymir work/ui/pattern/myshop/fire/p_fire_right_bottom.tga	d:/ymir work/ui/pattern/myshop/fire/p_fire_right_bottom.tga	1
ETC/ymir work/ui/game/offlineshop/lock_slot_1.tga	d:/ymir work/ui/game/offlineshop/lock_slot_1.tga	1
ETC/ymir work/ui/game/advanced_game_options/scrollbar/scroll_top.tga	d:/ymir work/ui/game/advanced_game_options/scrollbar/scroll_top.tga	1
ETC/ymir work/special/fog.tga	d:/ymir work/special/fog.tga	1
ETC/ymir work/special/pcblockeralpha.dds	d:/ymir work/special/pcblockeralpha.dds	1
ETC/ymir work/ui/skill/shaman/kwaesok_02.sub	d:/ymir work/ui/skill/shaman/kwaesok_02.sub	1
ETC/ymir work/special/shadow.dds	d:/ymir work/special/shadow.dds	1
ETC/ymir work/special/snow.dds	d:/ymir work/special/snow.dds	1
ETC/ymir work/ui/game/guild/tab_3.sub	d:/ymir work/ui/game/guild/tab_3.sub	1
ETC/ymir work/ui/game/windows/party_state_skill_master_03.sub	d:/ymir work/ui/game/windows/party_state_skill_master_03.sub	1
ETC/ymir work/special/spheremap.jpg	d:/ymir work/special/spheremap.jpg	1
ETC/ymir work/ui/game/flag/ro.tga	d:/ymir work/ui/game/flag/ro.tga	1
ETC/ymir work/ui/public/slotactiveeffect/slot2/12.sub	d:/ymir work/ui/public/slotactiveeffect/slot2/12.sub	1
ETC/ymir work/ui/game/affectshower/27866.sub	d:/ymir work/ui/game/affectshower/27866.sub	1
ETC/ymir work/ui/game/guild/gauge.sub	d:/ymir work/ui/game/guild/gauge.sub	1
ETC/ymir work/special/spheremap01.jpg	d:/ymir work/special/spheremap01.jpg	1
ETC/ymir work/ui/skill/assassin/gyeonggong_01.sub	d:/ymir work/ui/skill/assassin/gyeonggong_01.sub	1
ETC/ymir work/ui/public/small_button_01.sub	d:/ymir work/ui/public/small_button_01.sub	1
ETC/ymir work/special/white.dds	d:/ymir work/special/white.dds	1
ETC/ymir work/ui/skill/sura/jumagap_01.sub	d:/ymir work/ui/skill/sura/jumagap_01.sub	1
ETC/ymir work/ui/pattern/horsestate/30.dds	d:/ymir work/ui/pattern/horsestate/30.dds	1
ETC/ymir work/ui/sandik_env_1.tga	d:/ymir work/ui/sandik_env_1.tga	1
ETC/ymir work/ui/game/affectshower/27880.sub	d:/ymir work/ui/game/affectshower/27880.sub	1
ETC/ymir work/ui/game/privatesearch/up_0.tga	d:/ymir work/ui/game/privatesearch/up_0.tga	1
ETC/ymir work/ui/chat/chattingoption_dropdown_small_middle.sub	d:/ymir work/ui/chat/chattingoption_dropdown_small_middle.sub	1
ETC/ymir work/special/lava/01.dds	d:/ymir work/special/lava/01.dds	1
ETC/ymir work/ui/pattern/horsestate/12.dds	d:/ymir work/ui/pattern/horsestate/12.dds	1
ETC/ymir work/special/lava/02.dds	d:/ymir work/special/lava/02.dds	1
ETC/ymir work/ui/game/dungeon/bonusexperience.sub	d:/ymir work/ui/game/dungeon/bonusexperience.sub	1
ETC/ymir work/ui/game/questboard/1133.tga	d:/ymir work/ui/game/questboard/1133.tga	1
ETC/ymir work/special/lava/04.dds	d:/ymir work/special/lava/04.dds	1
ETC/ymir work/ui/minimap/mini_waypoint08.sub	d:/ymir work/ui/minimap/mini_waypoint08.sub	1
ETC/ymir work/special/lava/05.dds	d:/ymir work/special/lava/05.dds	1
ETC/ymir work/ui/intro/loading/10.sub	d:/ymir work/ui/intro/loading/10.sub	1
ETC/ymir work/ui/skill/assassin/gigung_04.sub	d:/ymir work/ui/skill/assassin/gigung_04.sub	1
ETC/ymir work/special/lava/06.dds	d:/ymir work/special/lava/06.dds	1
ETC/ymir work/ui/skill/passive/p_yeonsa_01.sub	d:/ymir work/ui/skill/passive/p_yeonsa_01.sub	1
ETC/ymir work/special/lava/07.dds	d:/ymir work/special/lava/07.dds	1
ETC/ymir work/ui/game/windows/tab_button_large_half_03.sub	d:/ymir work/ui/game/windows/tab_button_large_half_03.sub	1
ETC/ymir work/ui/offlineshop/lock.dds	d:/ymir work/ui/offlineshop/lock.dds	1
ETC/ymir work/ui/pattern/board_corner_leftbottom.tga	d:/ymir work/ui/pattern/board_corner_leftbottom.tga	1
ETC/ymir work/special/lava/08.dds	d:/ymir work/special/lava/08.dds	1
ETC/ymir work/ui/game/questboard/mil_chu.tga	d:/ymir work/ui/game/questboard/mil_chu.tga	1
ETC/ymir work/special/lava/09.dds	d:/ymir work/special/lava/09.dds	1
ETC/ymir work/ui/pattern/myshop/wing/p_wing_right_bottom.tga	d:/ymir work/ui/pattern/myshop/wing/p_wing_right_bottom.tga	1
ETC/ymir work/ui/game/949_mapname/devil1_3f.tga	d:/ymir work/ui/game/949_mapname/devil1_3f.tga	1
ETC/ymir work/ui/game/privatesearch/icon_0.tga	d:/ymir work/ui/game/privatesearch/icon_0.tga	1
ETC/ymir work/ui/search/search_btn1.png	d:/ymir work/ui/search/search_btn1.png	1
ETC/ymir work/special/lava/10.dds	d:/ymir work/special/lava/10.dds	1
ETC/ymir work/ui/pattern/horizontalbar_center.tga	d:/ymir work/ui/pattern/horizontalbar_center.tga	1
ETC/ymir work/special/lava/11.dds	d:/ymir work/special/lava/11.dds	1
ETC/ymir work/ui/skill/shaman/paeryong_04.sub	d:/ymir work/ui/skill/shaman/paeryong_04.sub	1
ETC/ymir work/ui/skill/common/support/tongsol.sub	d:/ymir work/ui/skill/common/support/tongsol.sub	1
ETC/ymir work/ui/skill/sura/gwigeom_03.sub	d:/ymir work/ui/skill/sura/gwigeom_03.sub	1
ETC/ymir work/ui/game/privatesearch/icon_2.tga	d:/ymir work/ui/game/privatesearch/icon_2.tga	1
ETC/ymir work/special/lava/12.dds	d:/ymir work/special/lava/12.dds	1
ETC/ymir work/ui/chat/titlebar_chat_right.tga	d:/ymir work/ui/chat/titlebar_chat_right.tga	1
ETC/ymir work/ui/chat/chatmenutab_drag.tga	d:/ymir work/ui/chat/chatmenutab_drag.tga	1
ETC/ymir work/ui/game/offlineshop/new_offline_shop_3.tga	d:/ymir work/ui/game/offlineshop/new_offline_shop_3.tga	1
ETC/ymir work/special/lava/13.dds	d:/ymir work/special/lava/13.dds	1
ETC/ymir work/special/lava/14.dds	d:/ymir work/special/lava/14.dds	1
ETC/ymir work/ui/game/12zi/element/elect.sub	d:/ymir work/ui/game/12zi/element/elect.sub	1
ETC/ymir work/ui/offlineshop/edit_btn3.png	d:/ymir work/ui/offlineshop/edit_btn3.png	1
ETC/ymir work/ui/skill/passive/p_yongpa_03.sub	d:/ymir work/ui/skill/passive/p_yongpa_03.sub	1
ETC/ymir work/ui/game/questboard/level_08.tga	d:/ymir work/ui/game/questboard/level_08.tga	1
ETC/ymir work/ui/game/offlineshop/refresh_big_0.tga	d:/ymir work/ui/game/offlineshop/refresh_big_0.tga	1
ETC/ymir work/ui/public/public_intro_btn/150x35_selectbtn_03.sub	d:/ymir work/ui/public/public_intro_btn/150x35_selectbtn_03.sub	1
ETC/ymir work/ui/dungeon.dds	d:/ymir work/ui/dungeon.dds	1
ETC/ymir work/ui/public/scrollbar_thin_middle_button_01.sub	d:/ymir work/ui/public/scrollbar_thin_middle_button_01.sub	1
ETC/ymir work/special/lava/15.dds	d:/ymir work/special/lava/15.dds	1
ETC/ymir work/special/lava/16.dds	d:/ymir work/special/lava/16.dds	1
ETC/ymir work/special/water/12.dds	d:/ymir work/special/water/12.dds	1
ETC/ymir work/ui/game/taskbar/rampage_01/10.sub	d:/ymir work/ui/game/taskbar/rampage_01/10.sub	1
ETC/ymir work/ui/scrollbar/scrollbar_middle.tga	d:/ymir work/ui/scrollbar/scrollbar_middle.tga	1
ETC/ymir work/special/lava/17.dds	d:/ymir work/special/lava/17.dds	1
ETC/ymir work/ui/atlas/metin2_map_spiderdungeon_02_atlas.dds	d:/ymir work/ui/atlas/metin2_map_spiderdungeon_02_atlas.dds	1
ETC/ymir work/special/lava/18.dds	d:/ymir work/special/lava/18.dds	1
ETC/ymir work/ui/936_windows.dds	d:/ymir work/ui/936_windows.dds	1
ETC/ymir work/special/lava/20.dds	d:/ymir work/special/lava/20.dds	1
ETC/ymir work/ui/tas_env_2.tga	d:/ymir work/ui/tas_env_2.tga	1
ETC/ymir work/special/lava/21.dds	d:/ymir work/special/lava/21.dds	1
ETC/ymir work/ui/pattern/thinboardgold/thinboard_corner_rightbottom_gold.tga	d:/ymir work/ui/pattern/thinboardgold/thinboard_corner_rightbottom_gold.tga	1
ETC/ymir work/ui/game/taskbar/character_button_02.sub	d:/ymir work/ui/game/taskbar/character_button_02.sub	1
ETC/ymir work/ui/game/windows/party_menu_close_02.sub	d:/ymir work/ui/game/windows/party_menu_close_02.sub	1
ETC/ymir work/ui/intro/public_intro/face/face_assassin_m_01.sub	d:/ymir work/ui/intro/public_intro/face/face_assassin_m_01.sub	1
ETC/ymir work/ui/game/windows/party_state_buffer_01.sub	d:/ymir work/ui/game/windows/party_state_buffer_01.sub	1
ETC/ymir work/special/lava/23.dds	d:/ymir work/special/lava/23.dds	1
ETC/ymir work/ui/public/public_intro_btn/150x35_createbtn_03.sub	d:/ymir work/ui/public/public_intro_btn/150x35_createbtn_03.sub	1
ETC/ymir work/ui/tunga/login/language/flag_tr_norm.tga	d:/ymir work/ui/tunga/login/language/flag_tr_norm.tga	1
ETC/ymir work/special/lava/25.dds	d:/ymir work/special/lava/25.dds	1
ETC/ymir work/ui/chat/chattingoption_dropdown_arrow_02.sub	d:/ymir work/ui/chat/chattingoption_dropdown_arrow_02.sub	1
ETC/ymir work/ui/game/affectshower/27884.sub	d:/ymir work/ui/game/affectshower/27884.sub	1
ETC/ymir work/ui/game/936_windows/label_skill_low.sub	d:/ymir work/ui/game/936_windows/label_skill_low.sub	1
ETC/ymir work/ui/game/offlineshop/decoration.dds	d:/ymir work/ui/game/offlineshop/decoration.dds	1
ETC/ymir work/ui/public/scrollbar_small_thin_down_button_03.sub	d:/ymir work/ui/public/scrollbar_small_thin_down_button_03.sub	1
ETC/ymir work/ui/pattern/gauge_red.tga	d:/ymir work/ui/pattern/gauge_red.tga	1
ETC/ymir work/ui/public/public_intro_btn/start_btn_01.sub	d:/ymir work/ui/public/public_intro_btn/start_btn_01.sub	1
ETC/ymir work/special/lava/26.dds	d:/ymir work/special/lava/26.dds	1
ETC/ymir work/special/lava/27.dds	d:/ymir work/special/lava/27.dds	1
ETC/ymir work/ui/game/12zi/element/ice.sub	d:/ymir work/ui/game/12zi/element/ice.sub	1
ETC/ymir work/special/water/09.dds	d:/ymir work/special/water/09.dds	1
ETC/ymir work/ui/pattern/myshop/wing/p_wing_right.tga	d:/ymir work/ui/pattern/myshop/wing/p_wing_right.tga	1
ETC/ymir work/special/lava/28.dds	d:/ymir work/special/lava/28.dds	1
ETC/ymir work/ui/game/affectshower/27109.sub	d:/ymir work/ui/game/affectshower/27109.sub	1
ETC/ymir work/ui/game/taskbar/send_chat_button_01.sub	d:/ymir work/ui/game/taskbar/send_chat_button_01.sub	1
ETC/ymir work/special/lava/29.dds	d:/ymir work/special/lava/29.dds	1
ETC/ymir work/ui/game/refine/checkbox.tga	d:/ymir work/ui/game/refine/checkbox.tga	1
ETC/ymir work/ui/skill/assassin/gungsin_03.sub	d:/ymir work/ui/skill/assassin/gungsin_03.sub	1
ETC/ymir work/ui/skill/common/affect/exp_bonus.sub	d:/ymir work/ui/skill/common/affect/exp_bonus.sub	1
ETC/ymir work/ui/game/949_windows/label_ext.sub	d:/ymir work/ui/game/949_windows/label_ext.sub	1
ETC/ymir work/special/lava/30.dds	d:/ymir work/special/lava/30.dds	1
ETC/ymir work/ui/game/myshop_deco/select_btn_01.sub	d:/ymir work/ui/game/myshop_deco/select_btn_01.sub	1
ETC/ymir work/ui/game/936_mapname/a1.tga	d:/ymir work/ui/game/936_mapname/a1.tga	1
ETC/ymir work/special/water/02.dds	d:/ymir work/special/water/02.dds	1
ETC/ymir work/ui/skill/assassin/hwajo_01.sub	d:/ymir work/ui/skill/assassin/hwajo_01.sub	1
ETC/ymir work/special/water/03.dds	d:/ymir work/special/water/03.dds	1
ETC/ymir work/ui/chat/chattingoption_enter_btn_03.sub	d:/ymir work/ui/chat/chattingoption_enter_btn_03.sub	1
ETC/ymir work/ui/pattern/gauge_slot_left.tga	d:/ymir work/ui/pattern/gauge_slot_left.tga	1
ETC/ymir work/special/water/20.dds	d:/ymir work/special/water/20.dds	1
ETC/ymir work/ui/game/windows/party_state_skill_master_01.sub	d:/ymir work/ui/game/windows/party_state_skill_master_01.sub	1
ETC/ymir work/special/water/04.dds	d:/ymir work/special/water/04.dds	1
ETC/ymir work/ui/game/offlineshop/right_direction_1.tga	d:/ymir work/ui/game/offlineshop/right_direction_1.tga	1
ETC/ymir work/special/water/06.dds	d:/ymir work/special/water/06.dds	1
ETC/ymir work/ui/pattern/thinboardcircle/thinboard_line_left_circle.tga	d:/ymir work/ui/pattern/thinboardcircle/thinboard_line_left_circle.tga	1
ETC/ymir work/special/water/08.dds	d:/ymir work/special/water/08.dds	1
ETC/ymir work/ui/game/936_mapname/a3.tga	d:/ymir work/ui/game/936_mapname/a3.tga	1
ETC/ymir work/ui/game/taskbar/rampage_01/13.sub	d:/ymir work/ui/game/taskbar/rampage_01/13.sub	1
ETC/ymir work/special/water/10.dds	d:/ymir work/special/water/10.dds	1
ETC/ymir work/ui/pattern/myshop/wing/p_wing_bottom.tga	d:/ymir work/ui/pattern/myshop/wing/p_wing_bottom.tga	1
ETC/ymir work/ui/pattern/hpgauge/03.tga	d:/ymir work/ui/pattern/hpgauge/03.tga	1
ETC/ymir work/special/water/11.dds	d:/ymir work/special/water/11.dds	1
ETC/ymir work/special/water/13.dds	d:/ymir work/special/water/13.dds	1
ETC/ymir work/ui/game/936_mapname/frame1.tga	d:/ymir work/ui/game/936_mapname/frame1.tga	1
ETC/ymir work/ui/pattern/myshop/paper/p_paper_left.tga	d:/ymir work/ui/pattern/myshop/paper/p_paper_left.tga	1
ETC/ymir work/ui/atlas/metin2_map_whitdragonvalley_atlas.dds	d:/ymir work/ui/atlas/metin2_map_whitdragonvalley_atlas.dds	1
ETC/ymir work/ui/public/parameter_slot_06.sub	d:/ymir work/ui/public/parameter_slot_06.sub	1
ETC/ymir work/ui/public/public_intro_btn/shape2_btn_01.sub	d:/ymir work/ui/public/public_intro_btn/shape2_btn_01.sub	1
ETC/ymir work/ui/game/flag/it.tga	d:/ymir work/ui/game/flag/it.tga	1
ETC/ymir work/special/water/14.dds	d:/ymir work/special/water/14.dds	1
ETC/ymir work/ui/game/questboard/2158.tga	d:/ymir work/ui/game/questboard/2158.tga	1
ETC/ymir work/ui/public/scrollbar_middle_button_01.sub	d:/ymir work/ui/public/scrollbar_middle_button_01.sub	1
ETC/ymir work/ui/game/949_windows/tab_1.sub	d:/ymir work/ui/game/949_windows/tab_1.sub	1
ETC/ymir work/special/water/16.dds	d:/ymir work/special/water/16.dds	1
ETC/ymir work/ui/pattern/hpgauge/04.tga	d:/ymir work/ui/pattern/hpgauge/04.tga	1
ETC/ymir work/ui/game/949_windows/label_skill_middle.sub	d:/ymir work/ui/game/949_windows/label_skill_middle.sub	1
ETC/ymir work/special/water/17.dds	d:/ymir work/special/water/17.dds	1
ETC/ymir work/ui/game/936_windows/tab_1.sub	d:/ymir work/ui/game/936_windows/tab_1.sub	1
ETC/ymir work/ui/game/windows/party_state_defender_02.sub	d:/ymir work/ui/game/windows/party_state_defender_02.sub	1
ETC/ymir work/ui/intro/loading/08.sub	d:/ymir work/ui/intro/loading/08.sub	1
ETC/ymir work/ui/game/mission/scrollbar_ex/scroll_top.tga	d:/ymir work/ui/game/mission/scrollbar_ex/scroll_top.tga	1
ETC/ymir work/ui/icon/face/wolf_m.tga	d:/ymir work/ui/icon/face/wolf_m.tga	1
ETC/ymir work/ui/game/affectshower/27881.sub	d:/ymir work/ui/game/affectshower/27881.sub	1
ETC/ymir work/ui/game/taskbar/send_chat_button_02.sub	d:/ymir work/ui/game/taskbar/send_chat_button_02.sub	1
ETC/ymir work/special/water/18.dds	d:/ymir work/special/water/18.dds	1
ETC/ymir work/ui/game/936_mapname/b1.tga	d:/ymir work/ui/game/936_mapname/b1.tga	1
ETC/ymir work/ui/game/questboard/2303.tga	d:/ymir work/ui/game/questboard/2303.tga	1
ETC/ymir work/ui/chat/chat_linebar_left.tga	d:/ymir work/ui/chat/chat_linebar_left.tga	1
ETC/ymir work/ui/tunga/login/language/flag_en_down.tga	d:/ymir work/ui/tunga/login/language/flag_en_down.tga	1
ETC/ymir work/special/water/19.dds	d:/ymir work/special/water/19.dds	1
ETC/ymir work/ui/pattern/stgauge/02.tga	d:/ymir work/ui/pattern/stgauge/02.tga	1
ETC/ymir work/ui/skill/common/horse/charge.sub	d:/ymir work/ui/skill/common/horse/charge.sub	1
ETC/ymir work/special/water/21.dds	d:/ymir work/special/water/21.dds	1
ETC/ymir work/ui/game/949_windows/label_cur_exp.sub	d:/ymir work/ui/game/949_windows/label_cur_exp.sub	1
ETC/ymir work/ui/pattern/myshop/ice/p_ice_left.tga	d:/ymir work/ui/pattern/myshop/ice/p_ice_left.tga	1
ETC/ymir work/special/water/22.dds	d:/ymir work/special/water/22.dds	1
ETC/ymir work/special/water/24.dds	d:/ymir work/special/water/24.dds	1
ETC/ymir work/special/water/25.dds	d:/ymir work/special/water/25.dds	1
ETC/ymir work/special/water/26.dds	d:/ymir work/special/water/26.dds	1
ETC/ymir work/ui/intro/public_intro/face/face_warrior_w_02.sub	d:/ymir work/ui/intro/public_intro/face/face_warrior_w_02.sub	1
ETC/ymir work/ui/inventory/eqtabclosed_1.tga	d:/ymir work/ui/inventory/eqtabclosed_1.tga	1
ETC/ymir work/ui/game/936_windows/label_skill_weapon.sub	d:/ymir work/ui/game/936_windows/label_skill_weapon.sub	1
ETC/ymir work/special/water/27.dds	d:/ymir work/special/water/27.dds	1
ETC/ymir work/ui/public/public_intro_btn/150x35_createbtn_02.sub	d:/ymir work/ui/public/public_intro_btn/150x35_createbtn_02.sub	1
ETC/ymir work/ui/game/privatesearch/up.tga	d:/ymir work/ui/game/privatesearch/up.tga	1
ETC/ymir work/ui/switchbot/delete_attr_01.sub	d:/ymir work/ui/switchbot/delete_attr_01.sub	1
ETC/ymir work/special/water/28.dds	d:/ymir work/special/water/28.dds	1
ETC/ymir work/ui/game/affectshower/71027.sub	d:/ymir work/ui/game/affectshower/71027.sub	1
ETC/ymir work/special/water/29.dds	d:/ymir work/special/water/29.dds	1
ETC/ymir work/ui/game/windows/party_state_tanker_01.sub	d:/ymir work/ui/game/windows/party_state_tanker_01.sub	1
ETC/ymir work/special/water/30.dds	d:/ymir work/special/water/30.dds	1
ETC/ymir work/ui/12zi.dds	d:/ymir work/ui/12zi.dds	1
ETC/ymir work/ui/game/offlineshop/history_shop_1.tga	d:/ymir work/ui/game/offlineshop/history_shop_1.tga	1
ETC/ymir work/ui/936_guild.dds	d:/ymir work/ui/936_guild.dds	1
ETC/ymir work/ui/public/parameter_slot_04.sub	d:/ymir work/ui/public/parameter_slot_04.sub	1
ETC/ymir work/ui/game/taskbar/f2.sub	d:/ymir work/ui/game/taskbar/f2.sub	1
ETC/ymir work/ui/936_introempire.dds	d:/ymir work/ui/936_introempire.dds	1
ETC/ymir work/ui/game/taskbar/quickslot_upbutton_03.sub	d:/ymir work/ui/game/taskbar/quickslot_upbutton_03.sub	1
ETC/ymir work/ui/game/costume_button_01.tga	d:/ymir work/ui/game/costume_button_01.tga	1
ETC/ymir work/ui/936_intrologin.dds	d:/ymir work/ui/936_intrologin.dds	1
ETC/ymir work/ui/skill/warrior/jeongwi_04.sub	d:/ymir work/ui/skill/warrior/jeongwi_04.sub	1
ETC/ymir work/ui/atlas/metin2_map_snake_temple_03/atlas.sub	d:/ymir work/ui/atlas/metin2_map_snake_temple_03/atlas.sub	1
ETC/ymir work/ui/pattern/myshop/ice/p_ice_right.tga	d:/ymir work/ui/pattern/myshop/ice/p_ice_right.tga	1
ETC/ymir work/ui/936_introselect.dds	d:/ymir work/ui/936_introselect.dds	1
ETC/ymir work/ui/atlas/metin2_map_n_flame_01/atlas.sub	d:/ymir work/ui/atlas/metin2_map_n_flame_01/atlas.sub	1
ETC/ymir work/ui/public/public_intro_btn/150x35_selectbtn_01.sub	d:/ymir work/ui/public/public_intro_btn/150x35_selectbtn_01.sub	1
ETC/ymir work/ui/949_guild.dds	d:/ymir work/ui/949_guild.dds	1
ETC/ymir work/ui/atlas/metin2_map_skipia_dungeon_02_atlas.dds	d:/ymir work/ui/atlas/metin2_map_skipia_dungeon_02_atlas.dds	1
ETC/ymir work/ui/949_introempire.dds	d:/ymir work/ui/949_introempire.dds	1
ETC/ymir work/ui/game/toggle_switch/special/bg.png	d:/ymir work/ui/game/toggle_switch/special/bg.png	1
ETC/ymir work/ui/game/949_mapname/a1.tga	d:/ymir work/ui/game/949_mapname/a1.tga	1
ETC/ymir work/ui/game/windows/party_state_tanker_02.sub	d:/ymir work/ui/game/windows/party_state_tanker_02.sub	1
ETC/ymir work/ui/949_intrologin.dds	d:/ymir work/ui/949_intrologin.dds	1
ETC/ymir work/ui/game/taskbar/chat_button_02.sub	d:/ymir work/ui/game/taskbar/chat_button_02.sub	1
ETC/ymir work/ui/refresh_small_button_02.sub	d:/ymir work/ui/refresh_small_button_02.sub	1
ETC/ymir work/ui/chat/chattingoption_dropdown_small_bottom.sub	d:/ymir work/ui/chat/chattingoption_dropdown_small_bottom.sub	1
ETC/ymir work/ui/949_introselect.dds	d:/ymir work/ui/949_introselect.dds	1
ETC/ymir work/ui/game/mission/delete_btn_0.tga	d:/ymir work/ui/game/mission/delete_btn_0.tga	1
ETC/ymir work/ui/search_button_hover.tga	d:/ymir work/ui/search_button_hover.tga	1
ETC/ymir work/ui/949_windows.dds	d:/ymir work/ui/949_windows.dds	1
ETC/ymir work/ui/skill/sura/swaeryeong_01.sub	d:/ymir work/ui/skill/sura/swaeryeong_01.sub	1
ETC/ymir work/ui/game/privatesearch/money.tga	d:/ymir work/ui/game/privatesearch/money.tga	1
ETC/ymir work/ui/skill/warrior/daejin_02.sub	d:/ymir work/ui/skill/warrior/daejin_02.sub	1
ETC/ymir work/ui/game/advanced_game_options/scrollbar/scroll_mid.tga	d:/ymir work/ui/game/advanced_game_options/scrollbar/scroll_mid.tga	1
ETC/ymir work/ui/game/mission/scrollbar_ex/scrollbar_top.tga	d:/ymir work/ui/game/mission/scrollbar_ex/scrollbar_top.tga	1
ETC/ymir work/ui/bk_env_1.tga	d:/ymir work/ui/bk_env_1.tga	1
ETC/ymir work/ui/game/questboard/1301.tga	d:/ymir work/ui/game/questboard/1301.tga	1
ETC/ymir work/ui/game/event_calendar/icons/mini_gui/bonus_event.tga	d:/ymir work/ui/game/event_calendar/icons/mini_gui/bonus_event.tga	1
ETC/ymir work/ui/game/windows/party_menu_open_02.sub	d:/ymir work/ui/game/windows/party_menu_open_02.sub	1
ETC/ymir work/ui/pattern/myshop/ribon/p_ribon_left_bottom.tga	d:/ymir work/ui/pattern/myshop/ribon/p_ribon_left_bottom.tga	1
ETC/ymir work/ui/bk_env_3.tga	d:/ymir work/ui/bk_env_3.tga	1
ETC/ymir work/ui/game/949_mapname/guild1.tga	d:/ymir work/ui/game/949_mapname/guild1.tga	1
ETC/ymir work/ui/chattingoption.dds	d:/ymir work/ui/chattingoption.dds	1
ETC/ymir work/ui/game/taskbar/inventory_button_02.sub	d:/ymir work/ui/game/taskbar/inventory_button_02.sub	1
ETC/ymir work/ui/game/949_mapname/devil1_5f.tga	d:/ymir work/ui/game/949_mapname/devil1_5f.tga	1
ETC/ymir work/ui/public/slotfinishcooltimeeffect/09.sub	d:/ymir work/ui/public/slotfinishcooltimeeffect/09.sub	1
ETC/ymir work/ui/game/offlineshop/scrollbar/scrollbar_middle_topscale.tga	d:/ymir work/ui/game/offlineshop/scrollbar/scrollbar_middle_topscale.tga	1
ETC/ymir work/ui/cursor.dds	d:/ymir work/ui/cursor.dds	1
ETC/ymir work/ui/gemshop_001.dds	d:/ymir work/ui/gemshop_001.dds	1
ETC/ymir work/ui/public/slotactiveeffect/slot2/05.sub	d:/ymir work/ui/public/slotactiveeffect/slot2/05.sub	1
ETC/ymir work/ui/pattern/thinboardcircle/thinboard_corner_righttop_circle.tga	d:/ymir work/ui/pattern/thinboardcircle/thinboard_corner_righttop_circle.tga	1
ETC/ymir work/ui/guild.dds	d:/ymir work/ui/guild.dds	1
ETC/ymir work/ui/public/xsmall_button_03.sub	d:/ymir work/ui/public/xsmall_button_03.sub	1
ETC/ymir work/ui/atlas/metin2_map_spiderdungeon_03/atlas.sub	d:/ymir work/ui/atlas/metin2_map_spiderdungeon_03/atlas.sub	1
ETC/ymir work/ui/game/taskbar/exp_gauge.sub	d:/ymir work/ui/game/taskbar/exp_gauge.sub	1
ETC/ymir work/ui/game/questboard/936.tga	d:/ymir work/ui/game/questboard/936.tga	1
ETC/ymir work/ui/game/windows/party_state_leader_03.sub	d:/ymir work/ui/game/windows/party_state_leader_03.sub	1
ETC/ymir work/ui/introempire.dds	d:/ymir work/ui/introempire.dds	1
ETC/ymir work/ui/introloading.dds	d:/ymir work/ui/introloading.dds	1
ETC/ymir work/ui/intrologin.dds	d:/ymir work/ui/intrologin.dds	1
ETC/ymir work/ui/public/public_intro_btn/select_btn_03.sub	d:/ymir work/ui/public/public_intro_btn/select_btn_03.sub	1
ETC/ymir work/ui/chat/btn_hide01_over.tga	d:/ymir work/ui/chat/btn_hide01_over.tga	1
ETC/ymir work/ui/game/windows/party_skill_warp_02.sub	d:/ymir work/ui/game/windows/party_skill_warp_02.sub	1
ETC/ymir work/ui/introselect.dds	d:/ymir work/ui/introselect.dds	1
ETC/ymir work/ui/metinqueue.dds	d:/ymir work/ui/metinqueue.dds	1
ETC/ymir work/ui/offlineshop/offline_btn8.png	d:/ymir work/ui/offlineshop/offline_btn8.png	1
ETC/ymir work/ui/skill/shaman/hosin_04.sub	d:/ymir work/ui/skill/shaman/hosin_04.sub	1
ETC/ymir work/ui/scrollbar/scrollbar_middle_top.tga	d:/ymir work/ui/scrollbar/scrollbar_middle_top.tga	1
ETC/ymir work/ui/minimap.dds	d:/ymir work/ui/minimap.dds	1
ETC/ymir work/ui/public/public_intro_btn/sex_w_btn_02.sub	d:/ymir work/ui/public/public_intro_btn/sex_w_btn_02.sub	1
ETC/ymir work/ui/minimap_camera.dds	d:/ymir work/ui/minimap_camera.dds	1
ETC/ymir work/ui/game/taskbar/mouse_button_move_02.sub	d:/ymir work/ui/game/taskbar/mouse_button_move_02.sub	1
ETC/ymir work/ui/minimap_image_filter.dds	d:/ymir work/ui/minimap_image_filter.dds	1
ETC/ymir work/ui/game/taskbar/f4.sub	d:/ymir work/ui/game/taskbar/f4.sub	1
ETC/ymir work/ui/public.dds	d:/ymir work/ui/public.dds	1
ETC/ymir work/ui/public_affectshower.dds	d:/ymir work/ui/public_affectshower.dds	1
ETC/ymir work/ui/privatesearch/private_leftslothalfimg.sub	d:/ymir work/ui/privatesearch/private_leftslothalfimg.sub	1
ETC/ymir work/ui/game/advanced_game_options/search_btn_x_0.png	d:/ymir work/ui/game/advanced_game_options/search_btn_x_0.png	1
ETC/ymir work/ui/public_effect.dds	d:/ymir work/ui/public_effect.dds	1
ETC/ymir work/ui/public_intro.dds	d:/ymir work/ui/public_intro.dds	1
ETC/ymir work/ui/game/windows/emotion_kiss.sub	d:/ymir work/ui/game/windows/emotion_kiss.sub	1
ETC/ymir work/ui/pattern/ime/5.tga	d:/ymir work/ui/pattern/ime/5.tga	1
ETC/ymir work/ui/skill/sura/tusok_01.sub	d:/ymir work/ui/skill/sura/tusok_01.sub	1
ETC/ymir work/ui/intro/loading/11.sub	d:/ymir work/ui/intro/loading/11.sub	1
ETC/ymir work/ui/skillwarrior.dds	d:/ymir work/ui/skillwarrior.dds	1
ETC/ymir work/ui/public_store_001.dds	d:/ymir work/ui/public_store_001.dds	1
ETC/ymir work/ui/game/quest/questicon/level_18.sub	d:/ymir work/ui/game/quest/questicon/level_18.sub	1
ETC/ymir work/ui/quest.dds	d:/ymir work/ui/quest.dds	1
ETC/ymir work/ui/game/949_mapname/devil1_8f.tga	d:/ymir work/ui/game/949_mapname/devil1_8f.tga	1
ETC/ymir work/ui/refresh_small_button_01.sub	d:/ymir work/ui/refresh_small_button_01.sub	1
ETC/ymir work/ui/game/936_mapname/c3.tga	d:/ymir work/ui/game/936_mapname/c3.tga	1
ETC/ymir work/ui/atlas/metin2_map_c3_atlas.dds	d:/ymir work/ui/atlas/metin2_map_c3_atlas.dds	1
ETC/ymir work/ui/game/advanced_game_options/btn_search_1.png	d:/ymir work/ui/game/advanced_game_options/btn_search_1.png	1
ETC/ymir work/ui/game/guild/notice_mark.sub	d:/ymir work/ui/game/guild/notice_mark.sub	1
ETC/ymir work/ui/refresh_small_button_03.sub	d:/ymir work/ui/refresh_small_button_03.sub	1
ETC/ymir work/ui/refresh_small_button_04.sub	d:/ymir work/ui/refresh_small_button_04.sub	1
ETC/ymir work/ui/sandik_env_3.tga	d:/ymir work/ui/sandik_env_3.tga	1
ETC/ymir work/ui/public/close_button_03.sub	d:/ymir work/ui/public/close_button_03.sub	1
ETC/ymir work/ui/search/trash1.png	d:/ymir work/ui/search/trash1.png	1
ETC/ymir work/ui/game/taskbar/send_chat_button_03.sub	d:/ymir work/ui/game/taskbar/send_chat_button_03.sub	1
ETC/ymir work/ui/game/advanced_game_options/btn_cat_2.png	d:/ymir work/ui/game/advanced_game_options/btn_cat_2.png	1
ETC/ymir work/ui/intro/public_intro/name/name_sura_small.sub	d:/ymir work/ui/intro/public_intro/name/name_sura_small.sub	1
ETC/ymir work/ui/game/privatesearch/private_first_prev_btn_01.sub	d:/ymir work/ui/game/privatesearch/private_first_prev_btn_01.sub	1
ETC/ymir work/ui/offlineshop/offline_btn4.png	d:/ymir work/ui/offlineshop/offline_btn4.png	1
ETC/ymir work/ui/search_button.tga	d:/ymir work/ui/search_button.tga	1
ETC/ymir work/ui/public/slotactiveeffect/slot2/03.sub	d:/ymir work/ui/public/slotactiveeffect/slot2/03.sub	1
ETC/ymir work/ui/seperator.tga	d:/ymir work/ui/seperator.tga	1
ETC/ymir work/ui/skillassassin.dds	d:/ymir work/ui/skillassassin.dds	1
ETC/ymir work/ui/public/number/2.sub	d:/ymir work/ui/public/number/2.sub	1
ETC/ymir work/ui/skillcommon.dds	d:/ymir work/ui/skillcommon.dds	1
ETC/ymir work/ui/public/slotactiveeffect/slot3/05.sub	d:/ymir work/ui/public/slotactiveeffect/slot3/05.sub	1
ETC/ymir work/ui/skillshaman.dds	d:/ymir work/ui/skillshaman.dds	1
ETC/ymir work/ui/pattern/ime/corner_leftbottom.tga	d:/ymir work/ui/pattern/ime/corner_leftbottom.tga	1
ETC/ymir work/ui/skillsura.dds	d:/ymir work/ui/skillsura.dds	1
ETC/ymir work/ui/atlas/metin2_map_b3_atlas.dds	d:/ymir work/ui/atlas/metin2_map_b3_atlas.dds	1
ETC/ymir work/ui/chat/btn_option01_over.tga	d:/ymir work/ui/chat/btn_option01_over.tga	1
ETC/ymir work/ui/tab_menu_01.tga	d:/ymir work/ui/tab_menu_01.tga	1
ETC/ymir work/ui/game/event_calendar/black_bg.tga	d:/ymir work/ui/game/event_calendar/black_bg.tga	1
ETC/ymir work/ui/game/privatesearch/filter_input.tga	d:/ymir work/ui/game/privatesearch/filter_input.tga	1
ETC/ymir work/ui/tab_menu_02.tga	d:/ymir work/ui/tab_menu_02.tga	1
ETC/ymir work/ui/game/949_mapname/devil1_6f.tga	d:/ymir work/ui/game/949_mapname/devil1_6f.tga	1
ETC/ymir work/ui/tas_env_1.tga	d:/ymir work/ui/tas_env_1.tga	1
ETC/ymir work/ui/tas_env_3.tga	d:/ymir work/ui/tas_env_3.tga	1
ETC/ymir work/ui/game/949_mapname/monkey1.tga	d:/ymir work/ui/game/949_mapname/monkey1.tga	1
ETC/ymir work/ui/game/windows/tab_button_middle_02.sub	d:/ymir work/ui/game/windows/tab_button_middle_02.sub	1
ETC/ymir work/ui/taskbar.tga	d:/ymir work/ui/taskbar.tga	1
ETC/ymir work/ui/game/offlineshop/money_check_0.tga	d:/ymir work/ui/game/offlineshop/money_check_0.tga	1
ETC/ymir work/ui/pattern/board_base.tga	d:/ymir work/ui/pattern/board_base.tga	1
ETC/ymir work/ui/windows.dds	d:/ymir work/ui/windows.dds	1
ETC/ymir work/ui/yuk_env_1.tga	d:/ymir work/ui/yuk_env_1.tga	1
ETC/ymir work/ui/chat/chatmenutab_line.tga	d:/ymir work/ui/chat/chatmenutab_line.tga	1
ETC/ymir work/ui/game/windows/tab_button_large_01.sub	d:/ymir work/ui/game/windows/tab_button_large_01.sub	1
ETC/ymir work/ui/public/xsmall_button_01.sub	d:/ymir work/ui/public/xsmall_button_01.sub	1
ETC/ymir work/ui/game/flag/uk.tga	d:/ymir work/ui/game/flag/uk.tga	1
ETC/ymir work/ui/game/936_windows/title_status.sub	d:/ymir work/ui/game/936_windows/title_status.sub	1
ETC/ymir work/ui/pattern/spgauge/01.tga	d:/ymir work/ui/pattern/spgauge/01.tga	1
ETC/ymir work/ui/yuk_env_2.tga	d:/ymir work/ui/yuk_env_2.tga	1
ETC/ymir work/ui/atlas/metin2_map_dark_dragon_atlas.dds	d:/ymir work/ui/atlas/metin2_map_dark_dragon_atlas.dds	1
ETC/ymir work/ui/yuk_env_3.tga	d:/ymir work/ui/yuk_env_3.tga	1
ETC/ymir work/ui/skill/warrior/gigongcham_03.sub	d:/ymir work/ui/skill/warrior/gigongcham_03.sub	1
ETC/ymir work/ui/atlas/map_n_snowm_01_atlas.dds	d:/ymir work/ui/atlas/map_n_snowm_01_atlas.dds	1
ETC/ymir work/ui/game/taskbar/f1.sub	d:/ymir work/ui/game/taskbar/f1.sub	1
ETC/ymir work/ui/public/public_intro_btn/cancel_btn_03.sub	d:/ymir work/ui/public/public_intro_btn/cancel_btn_03.sub	1
ETC/ymir work/ui/public/public_intro_btn/minus_btn_01.sub	d:/ymir work/ui/public/public_intro_btn/minus_btn_01.sub	1
ETC/ymir work/ui/atlas/map_n_threeway_atlas.dds	d:/ymir work/ui/atlas/map_n_threeway_atlas.dds	1
ETC/ymir work/ui/game/questboard/level_05.tga	d:/ymir work/ui/game/questboard/level_05.tga	1
ETC/ymir work/ui/game/dungeon/notexist.sub	d:/ymir work/ui/game/dungeon/notexist.sub	1
ETC/ymir work/ui/atlas/metin2_map_a1_atlas.dds	d:/ymir work/ui/atlas/metin2_map_a1_atlas.dds	1
ETC/ymir work/ui/skill/sura/maryeong_02.sub	d:/ymir work/ui/skill/sura/maryeong_02.sub	1
ETC/ymir work/ui/atlas/metin2_map_a3_atlas.dds	d:/ymir work/ui/atlas/metin2_map_a3_atlas.dds	1
ETC/ymir work/ui/atlas/metin2_map_b1_atlas.dds	d:/ymir work/ui/atlas/metin2_map_b1_atlas.dds	1
ETC/ymir work/ui/skill/common/support/polymorph.sub	d:/ymir work/ui/skill/common/support/polymorph.sub	1
ETC/ymir work/ui/pattern/spgauge/06.tga	d:/ymir work/ui/pattern/spgauge/06.tga	1
ETC/ymir work/ui/game/taskbar/community_button_03.sub	d:/ymir work/ui/game/taskbar/community_button_03.sub	1
ETC/ymir work/ui/game/offlineshop/decoration_1.tga	d:/ymir work/ui/game/offlineshop/decoration_1.tga	1
ETC/ymir work/ui/game/949_mapname/devil1_2f.tga	d:/ymir work/ui/game/949_mapname/devil1_2f.tga	1
ETC/ymir work/ui/game/taskbar/character_button_03.sub	d:/ymir work/ui/game/taskbar/character_button_03.sub	1
ETC/ymir work/ui/game/event_calendar/empty.tga	d:/ymir work/ui/game/event_calendar/empty.tga	1
ETC/ymir work/ui/atlas/metin2_map_c1_atlas.dds	d:/ymir work/ui/atlas/metin2_map_c1_atlas.dds	1
ETC/ymir work/ui/game/936_windows/label_ext.sub	d:/ymir work/ui/game/936_windows/label_ext.sub	1
ETC/ymir work/ui/skill/shaman/byeorak_04.sub	d:/ymir work/ui/skill/shaman/byeorak_04.sub	1
ETC/ymir work/ui/atlas/metin2_map_capedragonhead_atlas.dds	d:/ymir work/ui/atlas/metin2_map_capedragonhead_atlas.dds	1
ETC/ymir work/ui/game/949_mapname/b1.tga	d:/ymir work/ui/game/949_mapname/b1.tga	1
ETC/ymir work/ui/atlas/metin2_map_milgyo_atlas.dds	d:/ymir work/ui/atlas/metin2_map_milgyo_atlas.dds	1
ETC/ymir work/ui/atlas/metin2_map_mine_atlas.dds	d:/ymir work/ui/atlas/metin2_map_mine_atlas.dds	1
ETC/ymir work/ui/atlas/metin2_map_n_desert_01_atlas.dds	d:/ymir work/ui/atlas/metin2_map_n_desert_01_atlas.dds	1
ETC/ymir work/ui/minimap/mini_waypoint01.sub	d:/ymir work/ui/minimap/mini_waypoint01.sub	1
ETC/ymir work/ui/atlas/metin2_map_n_flame_01_atlas.dds	d:/ymir work/ui/atlas/metin2_map_n_flame_01_atlas.dds	1
ETC/ymir work/ui/skill/assassin/gyeonggong_02.sub	d:/ymir work/ui/skill/assassin/gyeonggong_02.sub	1
ETC/ymir work/ui/skill/warrior/noegeom_04.sub	d:/ymir work/ui/skill/warrior/noegeom_04.sub	1
ETC/ymir work/ui/game/advanced_game_options/sliderbar_cursor.png	d:/ymir work/ui/game/advanced_game_options/sliderbar_cursor.png	1
ETC/ymir work/ui/skill/sura/geomhwan_02.sub	d:/ymir work/ui/skill/sura/geomhwan_02.sub	1
ETC/ymir work/ui/game/mission/scrollbar_ex/scrollbar_bottom.tga	d:/ymir work/ui/game/mission/scrollbar_ex/scrollbar_bottom.tga	1
ETC/ymir work/ui/atlas/metin2_map_otherworld_01_atlas.dds	d:/ymir work/ui/atlas/metin2_map_otherworld_01_atlas.dds	1
ETC/ymir work/ui/game/taskbar/ignore_button_01.sub	d:/ymir work/ui/game/taskbar/ignore_button_01.sub	1
ETC/ymir work/ui/game/questboard/level_26.tga	d:/ymir work/ui/game/questboard/level_26.tga	1
ETC/ymir work/ui/atlas/metin2_map_skipia_dungeon_01_atlas.dds	d:/ymir work/ui/atlas/metin2_map_skipia_dungeon_01_atlas.dds	1
ETC/ymir work/ui/atlas/metin2_map_spiderdungeon_03_atlas.dds	d:/ymir work/ui/atlas/metin2_map_spiderdungeon_03_atlas.dds	1
ETC/ymir work/ui/game/questboard/1104.tga	d:/ymir work/ui/game/questboard/1104.tga	1
ETC/ymir work/ui/game/myshop_deco/model_view_title.sub	d:/ymir work/ui/game/myshop_deco/model_view_title.sub	1
ETC/ymir work/ui/search/pagination_btn2.png	d:/ymir work/ui/search/pagination_btn2.png	1
ETC/ymir work/ui/atlas/metin2_map_trent02_atlas.dds	d:/ymir work/ui/atlas/metin2_map_trent02_atlas.dds	1
ETC/ymir work/ui/atlas/map_a2/atlas.sub	d:/ymir work/ui/atlas/map_a2/atlas.sub	1
ETC/ymir work/ui/game/936_guild/tab_1.sub	d:/ymir work/ui/game/936_guild/tab_1.sub	1
ETC/ymir work/ui/atlas/map_c2/atlas.sub	d:/ymir work/ui/atlas/map_c2/atlas.sub	1
ETC/ymir work/ui/game/949_mapname/devil1_1f.tga	d:/ymir work/ui/game/949_mapname/devil1_1f.tga	1
ETC/ymir work/ui/public/number2/4.sub	d:/ymir work/ui/public/number2/4.sub	1
ETC/ymir work/ui/chat/chattingoption_dropdown_large_bg.sub	d:/ymir work/ui/chat/chattingoption_dropdown_large_bg.sub	1
ETC/ymir work/ui/chat/chattingoption_bottom_button_03.sub	d:/ymir work/ui/chat/chattingoption_bottom_button_03.sub	1
ETC/ymir work/ui/intro/login/copyright.sub	d:/ymir work/ui/intro/login/copyright.sub	1
ETC/ymir work/ui/atlas/map_n_threeway/atlas.sub	d:/ymir work/ui/atlas/map_n_threeway/atlas.sub	1
ETC/ymir work/ui/game/windows/messenger_whisper_04.sub	d:/ymir work/ui/game/windows/messenger_whisper_04.sub	1
ETC/ymir work/ui/atlas/metin2_map_milgyo/atlas.sub	d:/ymir work/ui/atlas/metin2_map_milgyo/atlas.sub	1
ETC/ymir work/ui/game/privatesearch/private_pagenumber_00.sub	d:/ymir work/ui/game/privatesearch/private_pagenumber_00.sub	1
ETC/ymir work/ui/public/scrollbar_thin_middle_button_02.sub	d:/ymir work/ui/public/scrollbar_thin_middle_button_02.sub	1
ETC/ymir work/ui/game/privatesearch/ascending.tga	d:/ymir work/ui/game/privatesearch/ascending.tga	1
ETC/ymir work/ui/atlas/metin2_map_a1/atlas.sub	d:/ymir work/ui/atlas/metin2_map_a1/atlas.sub	1
ETC/ymir work/ui/atlas/metin2_map_a3/atlas.sub	d:/ymir work/ui/atlas/metin2_map_a3/atlas.sub	1
ETC/ymir work/ui/search/sword.dds	d:/ymir work/ui/search/sword.dds	1
ETC/ymir work/ui/offlineshop/locked_slot2.png	d:/ymir work/ui/offlineshop/locked_slot2.png	1
ETC/ymir work/ui/game/dungeon/complete.sub	d:/ymir work/ui/game/dungeon/complete.sub	1
ETC/ymir work/ui/chat/chatmenutab_default.tga	d:/ymir work/ui/chat/chatmenutab_default.tga	1
ETC/ymir work/ui/pattern/ime/7.tga	d:/ymir work/ui/pattern/ime/7.tga	1
ETC/ymir work/ui/game/questboard/level_12.tga	d:/ymir work/ui/game/questboard/level_12.tga	1
ETC/ymir work/ui/game/taskbar/g.sub	d:/ymir work/ui/game/taskbar/g.sub	1
ETC/ymir work/ui/atlas/metin2_map_b1/atlas.sub	d:/ymir work/ui/atlas/metin2_map_b1/atlas.sub	1
ETC/ymir work/ui/pattern/hpgauge/05.tga	d:/ymir work/ui/pattern/hpgauge/05.tga	1
ETC/ymir work/ui/game/taskbar/3.sub	d:/ymir work/ui/game/taskbar/3.sub	1
ETC/ymir work/ui/skill/shaman/pokroe_01.sub	d:/ymir work/ui/skill/shaman/pokroe_01.sub	1
ETC/ymir work/ui/skill/sura/hwayeom_03.sub	d:/ymir work/ui/skill/sura/hwayeom_03.sub	1
ETC/ymir work/ui/atlas/metin2_map_b3/atlas.sub	d:/ymir work/ui/atlas/metin2_map_b3/atlas.sub	1
ETC/ymir work/ui/atlas/metin2_map_c1/atlas.sub	d:/ymir work/ui/atlas/metin2_map_c1/atlas.sub	1
ETC/ymir work/ui/game/taskbar/mouse_button_attack_03.sub	d:/ymir work/ui/game/taskbar/mouse_button_attack_03.sub	1
ETC/ymir work/ui/search/sura_w.png	d:/ymir work/ui/search/sura_w.png	1
ETC/ymir work/ui/atlas/metin2_map_c3/atlas.sub	d:/ymir work/ui/atlas/metin2_map_c3/atlas.sub	1
ETC/ymir work/ui/scrollbar/scrollbar_top.tga	d:/ymir work/ui/scrollbar/scrollbar_top.tga	1
ETC/ymir work/ui/skill/sura/pabeop_03.sub	d:/ymir work/ui/skill/sura/pabeop_03.sub	1
ETC/ymir work/ui/atlas/metin2_map_dawnmist_dungeon_01/atlas.sub	d:/ymir work/ui/atlas/metin2_map_dawnmist_dungeon_01/atlas.sub	1
ETC/ymir work/ui/search/slot96_hover.png	d:/ymir work/ui/search/slot96_hover.png	1
ETC/ymir work/ui/game/questboard/2062.tga	d:/ymir work/ui/game/questboard/2062.tga	1
ETC/ymir work/ui/skill/assassin/gwangyeok_01.sub	d:/ymir work/ui/skill/assassin/gwangyeok_01.sub	1
ETC/ymir work/ui/game/privatesearch/icon_6.tga	d:/ymir work/ui/game/privatesearch/icon_6.tga	1
ETC/ymir work/ui/game/936_windows/label_skill_active.sub	d:/ymir work/ui/game/936_windows/label_skill_active.sub	1
ETC/ymir work/ui/cursor/cursor_vsize.sub	d:/ymir work/ui/cursor/cursor_vsize.sub	1
ETC/ymir work/ui/atlas/metin2_map_guild_01/atlas.sub	d:/ymir work/ui/atlas/metin2_map_guild_01/atlas.sub	1
ETC/ymir work/ui/atlas/metin2_map_guild_02/atlas.sub	d:/ymir work/ui/atlas/metin2_map_guild_02/atlas.sub	1
ETC/ymir work/ui/game/936_windows/tab_3.sub	d:/ymir work/ui/game/936_windows/tab_3.sub	1
ETC/ymir work/ui/game/advanced_game_options/category_icons/sound.png	d:/ymir work/ui/game/advanced_game_options/category_icons/sound.png	1
ETC/ymir work/ui/atlas/metin2_map_guild_03/atlas.sub	d:/ymir work/ui/atlas/metin2_map_guild_03/atlas.sub	1
ETC/ymir work/ui/atlas/metin2_map_mine/atlas.sub	d:/ymir work/ui/atlas/metin2_map_mine/atlas.sub	1
ETC/ymir work/ui/skill/shaman/byeorak_03.sub	d:/ymir work/ui/skill/shaman/byeorak_03.sub	1
ETC/ymir work/ui/atlas/metin2_map_n_desert_01/atlas.sub	d:/ymir work/ui/atlas/metin2_map_n_desert_01/atlas.sub	1
ETC/ymir work/ui/game/questboard/ung_chuk.tga	d:/ymir work/ui/game/questboard/ung_chuk.tga	1
ETC/ymir work/ui/game/949_windows/label_std.sub	d:/ymir work/ui/game/949_windows/label_std.sub	1
ETC/ymir work/ui/search/submenu1.png	d:/ymir work/ui/search/submenu1.png	1
ETC/ymir work/ui/atlas/metin2_map_otherworld_01/atlas.sub	d:/ymir work/ui/atlas/metin2_map_otherworld_01/atlas.sub	1
ETC/ymir work/ui/atlas/metin2_map_skipia_dungeon_02/atlas.sub	d:/ymir work/ui/atlas/metin2_map_skipia_dungeon_02/atlas.sub	1
ETC/ymir work/ui/game/949_mapname/devil1_9f.tga	d:/ymir work/ui/game/949_mapname/devil1_9f.tga	1
ETC/ymir work/ui/atlas/metin2_map_t2/atlas.sub	d:/ymir work/ui/atlas/metin2_map_t2/atlas.sub	1
ETC/ymir work/ui/game/taskbar/mouse_button_metin_farm_02.sub	d:/ymir work/ui/game/taskbar/mouse_button_metin_farm_02.sub	1
ETC/ymir work/ui/intro/public_intro/name/name_warrior_small.sub	d:/ymir work/ui/intro/public_intro/name/name_warrior_small.sub	1
ETC/ymir work/ui/atlas/metin2_map_spiderdungeon_02/atlas.sub	d:/ymir work/ui/atlas/metin2_map_spiderdungeon_02/atlas.sub	1
ETC/ymir work/ui/game/advanced_game_options/scrollbar/scrollbar_bottom.tga	d:/ymir work/ui/game/advanced_game_options/scrollbar/scrollbar_bottom.tga	1
ETC/ymir work/ui/tunga/login/language/flag_hu_norm.tga	d:/ymir work/ui/tunga/login/language/flag_hu_norm.tga	1
ETC/ymir work/ui/game/questboard/2205.tga	d:/ymir work/ui/game/questboard/2205.tga	1
ETC/ymir work/ui/atlas/metin2_map_t1/atlas.sub	d:/ymir work/ui/atlas/metin2_map_t1/atlas.sub	1
ETC/ymir work/ui/skill/passive/p_tanhwan_01.sub	d:/ymir work/ui/skill/passive/p_tanhwan_01.sub	1
ETC/ymir work/ui/atlas/metin2_map_t3/atlas.sub	d:/ymir work/ui/atlas/metin2_map_t3/atlas.sub	1
ETC/ymir work/ui/atlas/metin2_map_trent/atlas.sub	d:/ymir work/ui/atlas/metin2_map_trent/atlas.sub	1
ETC/ymir work/ui/game/windows/messenger_add_friend_03.sub	d:/ymir work/ui/game/windows/messenger_add_friend_03.sub	1
ETC/ymir work/ui/game/offlineshop/real_time.tga	d:/ymir work/ui/game/offlineshop/real_time.tga	1
ETC/ymir work/ui/chat/btn_addtab01_default.tga	d:/ymir work/ui/chat/btn_addtab01_default.tga	1
ETC/ymir work/ui/game/flag/us.tga	d:/ymir work/ui/game/flag/us.tga	1
ETC/ymir work/ui/chat/chattingoption_dropdown_arrow_01.sub	d:/ymir work/ui/chat/chattingoption_dropdown_arrow_01.sub	1
ETC/ymir work/ui/chat/btn_addtab01_down.tga	d:/ymir work/ui/chat/btn_addtab01_down.tga	1
ETC/ymir work/ui/game/affectshower/50823.sub	d:/ymir work/ui/game/affectshower/50823.sub	1
ETC/ymir work/ui/chat/btn_addtab01_over.tga	d:/ymir work/ui/chat/btn_addtab01_over.tga	1
ETC/ymir work/ui/game/affectshower/27883.sub	d:/ymir work/ui/game/affectshower/27883.sub	1
ETC/ymir work/ui/chat/btn_hide01_default.tga	d:/ymir work/ui/chat/btn_hide01_default.tga	1
ETC/ymir work/ui/game/questboard/5123.tga	d:/ymir work/ui/game/questboard/5123.tga	1
ETC/ymir work/ui/chat/btn_hide01_down.tga	d:/ymir work/ui/chat/btn_hide01_down.tga	1
ETC/ymir work/ui/game/advanced_game_options/radio_unselected.png	d:/ymir work/ui/game/advanced_game_options/radio_unselected.png	1
ETC/ymir work/ui/pattern/horsestate/13.dds	d:/ymir work/ui/pattern/horsestate/13.dds	1
ETC/ymir work/ui/game/949_mapname/c2.tga	d:/ymir work/ui/game/949_mapname/c2.tga	1
ETC/ymir work/ui/intro/949_select/name_assassin.sub	d:/ymir work/ui/intro/949_select/name_assassin.sub	1
ETC/ymir work/ui/game/offlineshop/log_open_1.tga	d:/ymir work/ui/game/offlineshop/log_open_1.tga	1
ETC/ymir work/ui/skill/assassin/gigung_02.sub	d:/ymir work/ui/skill/assassin/gigung_02.sub	1
ETC/ymir work/ui/chat/btn_option01_default.tga	d:/ymir work/ui/chat/btn_option01_default.tga	1
ETC/ymir work/ui/chat/btn_option01_down.tga	d:/ymir work/ui/chat/btn_option01_down.tga	1
ETC/ymir work/ui/chat/chat_linebar_right.tga	d:/ymir work/ui/chat/chat_linebar_right.tga	1
ETC/ymir work/ui/chat/chatmenutab_down.tga	d:/ymir work/ui/chat/chatmenutab_down.tga	1
ETC/ymir work/ui/public/slotactiveeffect/slot3/12.sub	d:/ymir work/ui/public/slotactiveeffect/slot3/12.sub	1
ETC/ymir work/ui/game/mission/btn_reward_hover.png	d:/ymir work/ui/game/mission/btn_reward_hover.png	1
ETC/ymir work/ui/chat/chattingoption_bottom_button_01.sub	d:/ymir work/ui/chat/chattingoption_bottom_button_01.sub	1
ETC/ymir work/ui/game/949_mapname/a2.tga	d:/ymir work/ui/game/949_mapname/a2.tga	1
ETC/ymir work/ui/game/affectshower/39020.sub	d:/ymir work/ui/game/affectshower/39020.sub	1
ETC/ymir work/ui/loading_ani/06.tga	d:/ymir work/ui/loading_ani/06.tga	1
ETC/ymir work/ui/skill/shaman/boho_04.sub	d:/ymir work/ui/skill/shaman/boho_04.sub	1
ETC/ymir work/ui/tunga/login/discord_btn_default.dds	d:/ymir work/ui/tunga/login/discord_btn_default.dds	1
ETC/ymir work/ui/chat/chattingoption_bottom_button_02.sub	d:/ymir work/ui/chat/chattingoption_bottom_button_02.sub	1
ETC/ymir work/ui/chat/chattingoption_check_box_off.sub	d:/ymir work/ui/chat/chattingoption_check_box_off.sub	1
ETC/ymir work/ui/chat/chattingoption_menu_bg.sub	d:/ymir work/ui/chat/chattingoption_menu_bg.sub	1
ETC/ymir work/ui/game/949_windows/label_std_item2.sub	d:/ymir work/ui/game/949_windows/label_std_item2.sub	1
ETC/ymir work/ui/game/taskbar/7.sub	d:/ymir work/ui/game/taskbar/7.sub	1
ETC/ymir work/ui/intro/select/dragon_left_button_03.sub	d:/ymir work/ui/intro/select/dragon_left_button_03.sub	1
ETC/ymir work/ui/chat/chattingoption_check_box_on.sub	d:/ymir work/ui/chat/chattingoption_check_box_on.sub	1
ETC/ymir work/ui/chat/chattingoption_dropdown_arrow_03.sub	d:/ymir work/ui/chat/chattingoption_dropdown_arrow_03.sub	1
ETC/ymir work/ui/game/affectshower/50814.sub	d:/ymir work/ui/game/affectshower/50814.sub	1
ETC/ymir work/ui/chat/chattingoption_dropdown_large_bottom.sub	d:/ymir work/ui/chat/chattingoption_dropdown_large_bottom.sub	1
ETC/ymir work/ui/skill/assassin/yeonsa_04.sub	d:/ymir work/ui/skill/assassin/yeonsa_04.sub	1
ETC/ymir work/ui/game/privatesearch/slot_2_1.tga	d:/ymir work/ui/game/privatesearch/slot_2_1.tga	1
ETC/ymir work/ui/skill/common/guild/gongganidong.sub	d:/ymir work/ui/skill/common/guild/gongganidong.sub	1
ETC/ymir work/ui/chat/chattingoption_dropdown_large_over.sub	d:/ymir work/ui/chat/chattingoption_dropdown_large_over.sub	1
ETC/ymir work/ui/game/windows/box_face.sub	d:/ymir work/ui/game/windows/box_face.sub	1
ETC/ymir work/ui/game/windows/btn_bigplus_up.sub	d:/ymir work/ui/game/windows/btn_bigplus_up.sub	1
ETC/ymir work/ui/game/flag/hu.tga	d:/ymir work/ui/game/flag/hu.tga	1
ETC/ymir work/ui/chat/chattingoption_dropdown_large_top.sub	d:/ymir work/ui/chat/chattingoption_dropdown_large_top.sub	1
ETC/ymir work/ui/chat/chattingoption_dropdown_small_bg.sub	d:/ymir work/ui/chat/chattingoption_dropdown_small_bg.sub	1
ETC/ymir work/ui/chat/chattingoption_enter_btn_01.sub	d:/ymir work/ui/chat/chattingoption_enter_btn_01.sub	1
ETC/ymir work/ui/game/taskbar/mouse_button_move_and_attack_02.sub	d:/ymir work/ui/game/taskbar/mouse_button_move_and_attack_02.sub	1
ETC/ymir work/ui/chat/chattingoption_dropdown_small_over.sub	d:/ymir work/ui/chat/chattingoption_dropdown_small_over.sub	1
ETC/ymir work/ui/game/windows/party_state_skill_master_02.sub	d:/ymir work/ui/game/windows/party_state_skill_master_02.sub	1
ETC/ymir work/ui/pattern/ime/corner_rightbottom.tga	d:/ymir work/ui/pattern/ime/corner_rightbottom.tga	1
ETC/ymir work/ui/game/offlineshop/close_shop_1.tga	d:/ymir work/ui/game/offlineshop/close_shop_1.tga	1
ETC/ymir work/ui/game/privatesearch/button_01.tga	d:/ymir work/ui/game/privatesearch/button_01.tga	1
ETC/ymir work/ui/chat/chattingoption_dropdown_small_top.sub	d:/ymir work/ui/chat/chattingoption_dropdown_small_top.sub	1
ETC/ymir work/ui/chat/chattingoption_enter_btn_02.sub	d:/ymir work/ui/chat/chattingoption_enter_btn_02.sub	1
ETC/ymir work/ui/public/scrollbar_small_thin_down_button_01.sub	d:/ymir work/ui/public/scrollbar_small_thin_down_button_01.sub	1
ETC/ymir work/ui/game/affectshower/50822.sub	d:/ymir work/ui/game/affectshower/50822.sub	1
ETC/ymir work/ui/game/questboard/1004.tga	d:/ymir work/ui/game/questboard/1004.tga	1
ETC/ymir work/ui/offlineshop/locked_slot3.png	d:/ymir work/ui/offlineshop/locked_slot3.png	1
ETC/ymir work/ui/game/949_mapname/b3.tga	d:/ymir work/ui/game/949_mapname/b3.tga	1
ETC/ymir work/ui/game/offlineshop/slot - kopya.tga	d:/ymir work/ui/game/offlineshop/slot - kopya.tga	1
ETC/ymir work/ui/game/windows/tab_button_middle_03.sub	d:/ymir work/ui/game/windows/tab_button_middle_03.sub	1
ETC/ymir work/ui/chat/chattingoption_sub_large_bg.sub	d:/ymir work/ui/chat/chattingoption_sub_large_bg.sub	1
ETC/ymir work/ui/game/costume_button_03.tga	d:/ymir work/ui/game/costume_button_03.tga	1
ETC/ymir work/ui/game/privatesearch/clear_button_2.tga	d:/ymir work/ui/game/privatesearch/clear_button_2.tga	1
ETC/ymir work/ui/chat/chattingoption_sub_small_2_bg.sub	d:/ymir work/ui/chat/chattingoption_sub_small_2_bg.sub	1
ETC/ymir work/ui/game/guild/refresh_button_03.sub	d:/ymir work/ui/game/guild/refresh_button_03.sub	1
ETC/ymir work/ui/public/slotactiveeffect/slot2/10.sub	d:/ymir work/ui/public/slotactiveeffect/slot2/10.sub	1
ETC/ymir work/ui/skill/assassin/gyeonggong_03.sub	d:/ymir work/ui/skill/assassin/gyeonggong_03.sub	1
ETC/ymir work/ui/chat/titlebar_chat_left.tga	d:/ymir work/ui/chat/titlebar_chat_left.tga	1
ETC/ymir work/ui/game/windows/tab_button_small_02.sub	d:/ymir work/ui/game/windows/tab_button_small_02.sub	1
ETC/ymir work/ui/cursor/cursor.sub	d:/ymir work/ui/cursor/cursor.sub	1
ETC/ymir work/ui/game/privatesearch/private_leftslotimg.sub	d:/ymir work/ui/game/privatesearch/private_leftslotimg.sub	1
ETC/ymir work/ui/cursor/cursor_attack.sub	d:/ymir work/ui/cursor/cursor_attack.sub	1
ETC/ymir work/ui/game/949_windows/label_skill_low.sub	d:/ymir work/ui/game/949_windows/label_skill_low.sub	1
ETC/ymir work/ui/public/public_intro_btn/88x47_btn.sub	d:/ymir work/ui/public/public_intro_btn/88x47_btn.sub	1
ETC/ymir work/ui/cursor/cursor_camera_rotate.sub	d:/ymir work/ui/cursor/cursor_camera_rotate.sub	1
ETC/ymir work/ui/cursor/cursor_door.sub	d:/ymir work/ui/cursor/cursor_door.sub	1
ETC/ymir work/ui/intro/public_intro/face/face_sura_m_02.sub	d:/ymir work/ui/intro/public_intro/face/face_sura_m_02.sub	1
ETC/ymir work/ui/game/taskbar/send_whisper_button_03.sub	d:/ymir work/ui/game/taskbar/send_whisper_button_03.sub	1
ETC/ymir work/ui/game/event_calendar/icons/double_metin_loot_event.tga	d:/ymir work/ui/game/event_calendar/icons/double_metin_loot_event.tga	1
ETC/ymir work/ui/cursor/cursor_hsize.sub	d:/ymir work/ui/cursor/cursor_hsize.sub	1
ETC/ymir work/ui/search/spark.dds	d:/ymir work/ui/search/spark.dds	1
ETC/ymir work/ui/game/offlineshop/new_offline_shop_1.tga	d:/ymir work/ui/game/offlineshop/new_offline_shop_1.tga	1
ETC/ymir work/ui/cursor/cursor_hvsize.sub	d:/ymir work/ui/cursor/cursor_hvsize.sub	1
ETC/ymir work/ui/game/949_guild/tab_1.sub	d:/ymir work/ui/game/949_guild/tab_1.sub	1
ETC/ymir work/ui/game/privatesearch/private_first_prev_btn_02.sub	d:/ymir work/ui/game/privatesearch/private_first_prev_btn_02.sub	1
ETC/ymir work/ui/public/slotactiveeffect/slot2/01.sub	d:/ymir work/ui/public/slotactiveeffect/slot2/01.sub	1
ETC/ymir work/ui/game/quest/questicon/level_05.sub	d:/ymir work/ui/game/quest/questicon/level_05.sub	1
ETC/ymir work/ui/cursor/cursor_no.sub	d:/ymir work/ui/cursor/cursor_no.sub	1
ETC/ymir work/ui/public/minimize_empty_button_01.sub	d:/ymir work/ui/public/minimize_empty_button_01.sub	1
ETC/ymir work/ui/cursor/cursor_pick.sub	d:/ymir work/ui/cursor/cursor_pick.sub	1
ETC/ymir work/ui/cursor/cursor_sell.sub	d:/ymir work/ui/cursor/cursor_sell.sub	1
ETC/ymir work/ui/cursor/cursor_talk.sub	d:/ymir work/ui/cursor/cursor_talk.sub	1
ETC/ymir work/ui/game/12zi/element/dark.sub	d:/ymir work/ui/game/12zi/element/dark.sub	1
ETC/ymir work/ui/game/12zi/element/earth.sub	d:/ymir work/ui/game/12zi/element/earth.sub	1
ETC/ymir work/ui/skill/common/affect/paralysis.sub	d:/ymir work/ui/skill/common/affect/paralysis.sub	1
ETC/ymir work/ui/switchbot/btn_small_03.sub	d:/ymir work/ui/switchbot/btn_small_03.sub	1
ETC/ymir work/ui/intro/select/background_alpha.sub	d:/ymir work/ui/intro/select/background_alpha.sub	1
ETC/ymir work/ui/game/privatesearch/button_02.tga	d:/ymir work/ui/game/privatesearch/button_02.tga	1
ETC/ymir work/ui/public/slotactiveeffect/slot3/04.sub	d:/ymir work/ui/public/slotactiveeffect/slot3/04.sub	1
ETC/ymir work/ui/game/12zi/element/wind.sub	d:/ymir work/ui/game/12zi/element/wind.sub	1
ETC/ymir work/ui/pattern/negative_frame1.tga	d:/ymir work/ui/pattern/negative_frame1.tga	1
ETC/ymir work/ui/game/936_guild/tab_4.sub	d:/ymir work/ui/game/936_guild/tab_4.sub	1
ETC/ymir work/ui/game/936_guild/tab_5.sub	d:/ymir work/ui/game/936_guild/tab_5.sub	1
ETC/ymir work/ui/game/affectshower/27879.sub	d:/ymir work/ui/game/affectshower/27879.sub	1
ETC/ymir work/ui/game/936_guild/tab_6.sub	d:/ymir work/ui/game/936_guild/tab_6.sub	1
ETC/ymir work/ui/game/936_mapname/a2.tga	d:/ymir work/ui/game/936_mapname/a2.tga	1
ETC/ymir work/ui/minimap/targetmark02.sub	d:/ymir work/ui/minimap/targetmark02.sub	1
ETC/ymir work/ui/game/949_windows/label_skill_weapon.sub	d:/ymir work/ui/game/949_windows/label_skill_weapon.sub	1
ETC/ymir work/ui/game/949_mapname/a3.tga	d:/ymir work/ui/game/949_mapname/a3.tga	1
ETC/ymir work/ui/public/slot_base.sub	d:/ymir work/ui/public/slot_base.sub	1
ETC/ymir work/ui/game/questboard/1303.tga	d:/ymir work/ui/game/questboard/1303.tga	1
ETC/ymir work/ui/game/936_mapname/b2.tga	d:/ymir work/ui/game/936_mapname/b2.tga	1
ETC/ymir work/ui/game/windows/tab_button_large_half_01.sub	d:/ymir work/ui/game/windows/tab_button_large_half_01.sub	1
ETC/ymir work/ui/game/936_mapname/b3.tga	d:/ymir work/ui/game/936_mapname/b3.tga	1
ETC/ymir work/ui/game/privatesearch/private_leftslothalfimg.sub	d:/ymir work/ui/game/privatesearch/private_leftslothalfimg.sub	1
ETC/ymir work/ui/game/936_mapname/c1.tga	d:/ymir work/ui/game/936_mapname/c1.tga	1
ETC/ymir work/ui/game/advanced_game_options/category_icons/environment.png	d:/ymir work/ui/game/advanced_game_options/category_icons/environment.png	1
ETC/ymir work/ui/game/936_mapname/c2.tga	d:/ymir work/ui/game/936_mapname/c2.tga	1
ETC/ymir work/ui/game/affectshower/27870.sub	d:/ymir work/ui/game/affectshower/27870.sub	1
ETC/ymir work/ui/pattern/horsestate/00.dds	d:/ymir work/ui/pattern/horsestate/00.dds	1
ETC/ymir work/ui/game/936_windows/label_std.sub	d:/ymir work/ui/game/936_windows/label_std.sub	1
ETC/ymir work/ui/game/936_mapname/desert1.tga	d:/ymir work/ui/game/936_mapname/desert1.tga	1
ETC/ymir work/ui/game/936_mapname/milgyo.tga	d:/ymir work/ui/game/936_mapname/milgyo.tga	1
ETC/ymir work/ui/minimap/targetmark01.sub	d:/ymir work/ui/minimap/targetmark01.sub	1
ETC/ymir work/ui/game/affectshower/71045.sub	d:/ymir work/ui/game/affectshower/71045.sub	1
ETC/ymir work/ui/game/windows/messenger_delete_01.sub	d:/ymir work/ui/game/windows/messenger_delete_01.sub	1
ETC/ymir work/ui/game/taskbar/mouse_button_camera_02.sub	d:/ymir work/ui/game/taskbar/mouse_button_camera_02.sub	1
ETC/ymir work/ui/game/936_mapname/snow1.tga	d:/ymir work/ui/game/936_mapname/snow1.tga	1
ETC/ymir work/ui/game/event_calendar/icons/halloween_event.tga	d:/ymir work/ui/game/event_calendar/icons/halloween_event.tga	1
ETC/ymir work/ui/game/questboard/1061.tga	d:/ymir work/ui/game/questboard/1061.tga	1
ETC/ymir work/ui/game/936_windows/label_std_item1.sub	d:/ymir work/ui/game/936_windows/label_std_item1.sub	1
ETC/ymir work/ui/game/936_mapname/spider1.tga	d:/ymir work/ui/game/936_mapname/spider1.tga	1
ETC/ymir work/ui/game/936_mapname/trent.tga	d:/ymir work/ui/game/936_mapname/trent.tga	1
ETC/ymir work/ui/search/buy_selected_btn3.png	d:/ymir work/ui/search/buy_selected_btn3.png	1
ETC/ymir work/ui/intro/public_intro/face/face_assassin_w_01.sub	d:/ymir work/ui/intro/public_intro/face/face_assassin_w_01.sub	1
ETC/ymir work/ui/game/offlineshop/ok_0.tga	d:/ymir work/ui/game/offlineshop/ok_0.tga	1
ETC/ymir work/ui/game/936_mapname/trent02.tga	d:/ymir work/ui/game/936_mapname/trent02.tga	1
ETC/ymir work/ui/game/privatesearch/button_03.tga	d:/ymir work/ui/game/privatesearch/button_03.tga	1
ETC/ymir work/ui/pattern/lovepoint/04.dds	d:/ymir work/ui/pattern/lovepoint/04.dds	1
ETC/ymir work/ui/pattern/myshop/fire/p_fire_right.tga	d:/ymir work/ui/pattern/myshop/fire/p_fire_right.tga	1
ETC/ymir work/ui/game/936_windows/label_cur_exp.sub	d:/ymir work/ui/game/936_windows/label_cur_exp.sub	1
ETC/ymir work/ui/game/936_windows/label_ext_item1.sub	d:/ymir work/ui/game/936_windows/label_ext_item1.sub	1
ETC/ymir work/ui/game/936_windows/label_ext_item2.sub	d:/ymir work/ui/game/936_windows/label_ext_item2.sub	1
ETC/ymir work/ui/game/936_windows/label_last_exp.sub	d:/ymir work/ui/game/936_windows/label_last_exp.sub	1
ETC/ymir work/ui/game/949_windows/label_level.sub	d:/ymir work/ui/game/949_windows/label_level.sub	1
ETC/ymir work/ui/tunga/login/discord_btn_down.dds	d:/ymir work/ui/tunga/login/discord_btn_down.dds	1
ETC/ymir work/ui/game/936_windows/label_level.sub	d:/ymir work/ui/game/936_windows/label_level.sub	1
ETC/ymir work/ui/game/windows/btn_plus_over.sub	d:/ymir work/ui/game/windows/btn_plus_over.sub	1
ETC/ymir work/ui/offlineshop/offline_btn5.png	d:/ymir work/ui/offlineshop/offline_btn5.png	1
ETC/ymir work/ui/game/936_windows/label_skill_high.sub	d:/ymir work/ui/game/936_windows/label_skill_high.sub	1
ETC/ymir work/ui/game/mission/mission_0.png	d:/ymir work/ui/game/mission/mission_0.png	1
ETC/ymir work/ui/game/936_windows/label_skill_middle.sub	d:/ymir work/ui/game/936_windows/label_skill_middle.sub	1
ETC/ymir work/ui/game/936_windows/label_skill_passive.sub	d:/ymir work/ui/game/936_windows/label_skill_passive.sub	1
ETC/ymir work/ui/game/event_calendar/icons/mini_gui/double_boss_loot_event.tga	d:/ymir work/ui/game/event_calendar/icons/mini_gui/double_boss_loot_event.tga	1
ETC/ymir work/ui/game/936_windows/label_skill_support.sub	d:/ymir work/ui/game/936_windows/label_skill_support.sub	1
ETC/ymir work/ui/game/936_windows/label_std_item2.sub	d:/ymir work/ui/game/936_windows/label_std_item2.sub	1
ETC/ymir work/ui/game/questboard/934.tga	d:/ymir work/ui/game/questboard/934.tga	1
ETC/ymir work/ui/game/936_windows/tab_4.sub	d:/ymir work/ui/game/936_windows/tab_4.sub	1
ETC/ymir work/ui/pattern/myshop/ribon/p_ribon_left_top.tga	d:/ymir work/ui/pattern/myshop/ribon/p_ribon_left_top.tga	1
ETC/ymir work/ui/tunga/login/ch_btn_down.dds	d:/ymir work/ui/tunga/login/ch_btn_down.dds	1
ETC/ymir work/ui/game/mission/item_red.tga	d:/ymir work/ui/game/mission/item_red.tga	1
ETC/ymir work/ui/intro/empire/empireareaflag_c.sub	d:/ymir work/ui/intro/empire/empireareaflag_c.sub	1
ETC/ymir work/ui/game/questboard/757.tga	d:/ymir work/ui/game/questboard/757.tga	1
ETC/ymir work/ui/game/949_guild/tab_2.sub	d:/ymir work/ui/game/949_guild/tab_2.sub	1
ETC/ymir work/ui/game/949_guild/tab_3.sub	d:/ymir work/ui/game/949_guild/tab_3.sub	1
ETC/ymir work/ui/game/questboard/1070.tga	d:/ymir work/ui/game/questboard/1070.tga	1
ETC/ymir work/ui/game/949_guild/tab_4.sub	d:/ymir work/ui/game/949_guild/tab_4.sub	1
ETC/ymir work/ui/game/privatesearch/search_button_hover.tga	d:/ymir work/ui/game/privatesearch/search_button_hover.tga	1
ETC/ymir work/ui/game/949_guild/tab_5.sub	d:/ymir work/ui/game/949_guild/tab_5.sub	1
ETC/ymir work/ui/game/949_mapname/b2.tga	d:/ymir work/ui/game/949_mapname/b2.tga	1
ETC/ymir work/ui/skill/warrior/gihyeol_03.sub	d:/ymir work/ui/skill/warrior/gihyeol_03.sub	1
ETC/ymir work/ui/pattern/chat_bar_left.tga	d:/ymir work/ui/pattern/chat_bar_left.tga	1
ETC/ymir work/ui/game/questboard/level_01.tga	d:/ymir work/ui/game/questboard/level_01.tga	1
ETC/ymir work/ui/pattern/thinboard_corner_lefttop.tga	d:/ymir work/ui/pattern/thinboard_corner_lefttop.tga	1
ETC/ymir work/ui/game/949_mapname/c3.tga	d:/ymir work/ui/game/949_mapname/c3.tga	1
ETC/ymir work/ui/game/questboard/ung_tu.tga	d:/ymir work/ui/game/questboard/ung_tu.tga	1
ETC/ymir work/ui/game/questboard/1101.tga	d:/ymir work/ui/game/questboard/1101.tga	1
ETC/ymir work/ui/game/949_mapname/desert1.tga	d:/ymir work/ui/game/949_mapname/desert1.tga	1
ETC/ymir work/ui/game/949_mapname/devil1_4f.tga	d:/ymir work/ui/game/949_mapname/devil1_4f.tga	1
ETC/ymir work/ui/public/slotactiveeffect/05.sub	d:/ymir work/ui/public/slotactiveeffect/05.sub	1
ETC/ymir work/ui/game/questboard/1107.tga	d:/ymir work/ui/game/questboard/1107.tga	1
ETC/ymir work/ui/public/public_intro_btn/shape2_btn_02.sub	d:/ymir work/ui/public/public_intro_btn/shape2_btn_02.sub	1
ETC/ymir work/ui/game/949_mapname/devil1_title.tga	d:/ymir work/ui/game/949_mapname/devil1_title.tga	1
ETC/ymir work/ui/game/taskbar/mouse_button_metin_farm_01.sub	d:/ymir work/ui/game/taskbar/mouse_button_metin_farm_01.sub	1
ETC/ymir work/ui/game/949_mapname/frame1.tga	d:/ymir work/ui/game/949_mapname/frame1.tga	1
ETC/ymir work/ui/game/offlineshop/new_offline_shop_1 - kopya.tga	d:/ymir work/ui/game/offlineshop/new_offline_shop_1 - kopya.tga	1
ETC/ymir work/ui/game/949_mapname/guild2.tga	d:/ymir work/ui/game/949_mapname/guild2.tga	1
ETC/ymir work/ui/game/949_mapname/guild3.tga	d:/ymir work/ui/game/949_mapname/guild3.tga	1
ETC/ymir work/ui/game/windows/metin_slot_silver.sub	d:/ymir work/ui/game/windows/metin_slot_silver.sub	1
ETC/ymir work/ui/game/949_mapname/milgyo.tga	d:/ymir work/ui/game/949_mapname/milgyo.tga	1
ETC/ymir work/ui/game/949_mapname/monkey2.tga	d:/ymir work/ui/game/949_mapname/monkey2.tga	1
ETC/ymir work/ui/game/949_mapname/monkey3.tga	d:/ymir work/ui/game/949_mapname/monkey3.tga	1
ETC/ymir work/ui/game/questboard/2311.tga	d:/ymir work/ui/game/questboard/2311.tga	1
ETC/ymir work/ui/game/949_mapname/snow1.tga	d:/ymir work/ui/game/949_mapname/snow1.tga	1
ETC/ymir work/ui/game/quest/questicon/level_13.sub	d:/ymir work/ui/game/quest/questicon/level_13.sub	1
ETC/ymir work/ui/intro/select/dragon_right_button_01.sub	d:/ymir work/ui/intro/select/dragon_right_button_01.sub	1
ETC/ymir work/ui/switchbot/save_attr_01.sub	d:/ymir work/ui/switchbot/save_attr_01.sub	1
ETC/ymir work/ui/game/949_mapname/trent.tga	d:/ymir work/ui/game/949_mapname/trent.tga	1
ETC/ymir work/ui/pattern/stgauge/03.tga	d:/ymir work/ui/pattern/stgauge/03.tga	1
ETC/ymir work/ui/tunga/login/language/flag_it_over.tga	d:/ymir work/ui/tunga/login/language/flag_it_over.tga	1
ETC/ymir work/ui/game/949_windows/label_ext_item2.sub	d:/ymir work/ui/game/949_windows/label_ext_item2.sub	1
ETC/ymir work/ui/pattern/myshop/paper/p_paper_left_bottom.tga	d:/ymir work/ui/pattern/myshop/paper/p_paper_left_bottom.tga	1
ETC/ymir work/ui/game/949_windows/label_last_exp.sub	d:/ymir work/ui/game/949_windows/label_last_exp.sub	1
ETC/ymir work/ui/public/big_button_03.sub	d:/ymir work/ui/public/big_button_03.sub	1
ETC/ymir work/ui/game/949_windows/label_skill_active.sub	d:/ymir work/ui/game/949_windows/label_skill_active.sub	1
ETC/ymir work/ui/game/949_windows/label_skill_high.sub	d:/ymir work/ui/game/949_windows/label_skill_high.sub	1
ETC/ymir work/ui/skill/common/affect/marriage_fast.sub	d:/ymir work/ui/skill/common/affect/marriage_fast.sub	1
ETC/ymir work/ui/game/toggle_switch/bg.png	d:/ymir work/ui/game/toggle_switch/bg.png	1
ETC/ymir work/ui/game/dungeon/elapsedtime.sub	d:/ymir work/ui/game/dungeon/elapsedtime.sub	1
ETC/ymir work/ui/game/949_windows/label_skill_passive.sub	d:/ymir work/ui/game/949_windows/label_skill_passive.sub	1
ETC/ymir work/ui/game/949_windows/label_std_item1.sub	d:/ymir work/ui/game/949_windows/label_std_item1.sub	1
ETC/ymir work/ui/pattern/horizontalbar_right.tga	d:/ymir work/ui/pattern/horizontalbar_right.tga	1
ETC/ymir work/ui/game/949_windows/label_uppt.sub	d:/ymir work/ui/game/949_windows/label_uppt.sub	1
ETC/ymir work/ui/game/quest/questicon/level_16.sub	d:/ymir work/ui/game/quest/questicon/level_16.sub	1
ETC/ymir work/ui/skill/warrior/geomgyeong_01.sub	d:/ymir work/ui/skill/warrior/geomgyeong_01.sub	1
ETC/ymir work/ui/public/xlarge_thin_button_02.sub	d:/ymir work/ui/public/xlarge_thin_button_02.sub	1
ETC/ymir work/ui/game/myshop_deco/select_btn_03.sub	d:/ymir work/ui/game/myshop_deco/select_btn_03.sub	1
ETC/ymir work/ui/game/advanced_game_options/btn_search_3.png	d:/ymir work/ui/game/advanced_game_options/btn_search_3.png	1
ETC/ymir work/ui/game/windows/face_warrior.sub	d:/ymir work/ui/game/windows/face_warrior.sub	1
ETC/ymir work/ui/game/949_windows/tab_2.sub	d:/ymir work/ui/game/949_windows/tab_2.sub	1
ETC/ymir work/ui/game/949_windows/tab_4.sub	d:/ymir work/ui/game/949_windows/tab_4.sub	1
ETC/ymir work/ui/game/taskbar/rampage_01/01.sub	d:/ymir work/ui/game/taskbar/rampage_01/01.sub	1
ETC/ymir work/ui/game/advanced_game_options/sliderbar.png	d:/ymir work/ui/game/advanced_game_options/sliderbar.png	1
ETC/ymir work/ui/game/privatesearch/list.tga	d:/ymir work/ui/game/privatesearch/list.tga	1
ETC/ymir work/ui/skill/assassin/eunhyeong_01.sub	d:/ymir work/ui/skill/assassin/eunhyeong_01.sub	1
ETC/ymir work/ui/game/949_windows/title_skill.sub	d:/ymir work/ui/game/949_windows/title_skill.sub	1
ETC/ymir work/ui/game/advanced_game_options/arrow_down.png	d:/ymir work/ui/game/advanced_game_options/arrow_down.png	1
ETC/ymir work/ui/game/privatesearch/down_0.tga	d:/ymir work/ui/game/privatesearch/down_0.tga	1
ETC/ymir work/ui/game/advanced_game_options/background.png	d:/ymir work/ui/game/advanced_game_options/background.png	1
ETC/ymir work/ui/search/tree_connect.png	d:/ymir work/ui/search/tree_connect.png	1
ETC/ymir work/ui/skill/sura/pabeop_01.sub	d:/ymir work/ui/skill/sura/pabeop_01.sub	1
ETC/ymir work/ui/game/advanced_game_options/btn_0.png	d:/ymir work/ui/game/advanced_game_options/btn_0.png	1
ETC/ymir work/ui/game/advanced_game_options/subcat_1.png	d:/ymir work/ui/game/advanced_game_options/subcat_1.png	1
ETC/ymir work/ui/game/advanced_game_options/btn_1.png	d:/ymir work/ui/game/advanced_game_options/btn_1.png	1
ETC/ymir work/ui/game/affectshower/premium_icon.tga	d:/ymir work/ui/game/affectshower/premium_icon.tga	1
ETC/ymir work/ui/game/questboard/1066.tga	d:/ymir work/ui/game/questboard/1066.tga	1
ETC/ymir work/ui/game/advanced_game_options/btn_2.png	d:/ymir work/ui/game/advanced_game_options/btn_2.png	1
ETC/ymir work/ui/minimap/guildarea01.sub	d:/ymir work/ui/minimap/guildarea01.sub	1
ETC/ymir work/ui/game/mission/reward_btn_0.tga	d:/ymir work/ui/game/mission/reward_btn_0.tga	1
ETC/ymir work/ui/game/advanced_game_options/btn_cat_1.png	d:/ymir work/ui/game/advanced_game_options/btn_cat_1.png	1
ETC/ymir work/ui/game/advanced_game_options/btn_cat_3.png	d:/ymir work/ui/game/advanced_game_options/btn_cat_3.png	1
ETC/ymir work/ui/game/advanced_game_options/btn_search_2.png	d:/ymir work/ui/game/advanced_game_options/btn_search_2.png	1
ETC/ymir work/ui/game/affectshower/71030.sub	d:/ymir work/ui/game/affectshower/71030.sub	1
ETC/ymir work/ui/game/event_calendar/icons/double_mission_book_event.tga	d:/ymir work/ui/game/event_calendar/icons/double_mission_book_event.tga	1
ETC/ymir work/ui/game/advanced_game_options/option_title.png	d:/ymir work/ui/game/advanced_game_options/option_title.png	1
ETC/ymir work/ui/public/slotactiveeffect/07.sub	d:/ymir work/ui/public/slotactiveeffect/07.sub	1
ETC/ymir work/ui/game/offlineshop/left_direction_0.tga	d:/ymir work/ui/game/offlineshop/left_direction_0.tga	1
ETC/ymir work/ui/skill/warrior/palbang_02.sub	d:/ymir work/ui/skill/warrior/palbang_02.sub	1
ETC/ymir work/ui/game/windows/party_state_buffer_03.sub	d:/ymir work/ui/game/windows/party_state_buffer_03.sub	1
ETC/ymir work/ui/game/advanced_game_options/radio_selected.png	d:/ymir work/ui/game/advanced_game_options/radio_selected.png	1
ETC/ymir work/ui/game/questboard/bak_gen2.tga	d:/ymir work/ui/game/questboard/bak_gen2.tga	1
ETC/ymir work/ui/game/advanced_game_options/toggle_hover.png	d:/ymir work/ui/game/advanced_game_options/toggle_hover.png	1
ETC/ymir work/ui/game/advanced_game_options/toggle_selected.png	d:/ymir work/ui/game/advanced_game_options/toggle_selected.png	1
ETC/ymir work/ui/game/advanced_game_options/category_icons/interface.png	d:/ymir work/ui/game/advanced_game_options/category_icons/interface.png	1
ETC/ymir work/ui/game/advanced_game_options/scrollbar/middle_big.png	d:/ymir work/ui/game/advanced_game_options/scrollbar/middle_big.png	1
ETC/ymir work/ui/game/mission/delete_btn_2.tga	d:/ymir work/ui/game/mission/delete_btn_2.tga	1
ETC/ymir work/ui/offlineshop/offline_btn1.png	d:/ymir work/ui/offlineshop/offline_btn1.png	1
ETC/ymir work/ui/game/advanced_game_options/scrollbar/scroll_bottom.tga	d:/ymir work/ui/game/advanced_game_options/scrollbar/scroll_bottom.tga	1
ETC/ymir work/ui/game/windows/messenger_add_friend_04.sub	d:/ymir work/ui/game/windows/messenger_add_friend_04.sub	1
ETC/ymir work/ui/game/quest/questicon/level_21.sub	d:/ymir work/ui/game/quest/questicon/level_21.sub	1
ETC/ymir work/ui/game/advanced_game_options/scrollbar/scrollbar_bg_big.png	d:/ymir work/ui/game/advanced_game_options/scrollbar/scrollbar_bg_big.png	1
ETC/ymir work/ui/intro/loading/19.sub	d:/ymir work/ui/intro/loading/19.sub	1
ETC/ymir work/ui/game/advanced_game_options/scrollbar/scrollbar_mid.tga	d:/ymir work/ui/game/advanced_game_options/scrollbar/scrollbar_mid.tga	1
ETC/ymir work/ui/game/advanced_game_options/scrollbar/scrollbar_scale.tga	d:/ymir work/ui/game/advanced_game_options/scrollbar/scrollbar_scale.tga	1
ETC/ymir work/ui/search/filter_btn3.png	d:/ymir work/ui/search/filter_btn3.png	1
ETC/ymir work/ui/game/affectshower/51002.sub	d:/ymir work/ui/game/affectshower/51002.sub	1
ETC/ymir work/ui/game/advanced_game_options/scrollbar/scrollbar_top.tga	d:/ymir work/ui/game/advanced_game_options/scrollbar/scrollbar_top.tga	1
ETC/ymir work/ui/game/taskbar/ignore_button_03.sub	d:/ymir work/ui/game/taskbar/ignore_button_03.sub	1
ETC/ymir work/ui/game/event_calendar/icons/mini_gui/dungeon_ticket_loot_event.tga	d:/ymir work/ui/game/event_calendar/icons/mini_gui/dungeon_ticket_loot_event.tga	1
ETC/ymir work/ui/icon/face/assassin_w.tga	d:/ymir work/ui/icon/face/assassin_w.tga	1
ETC/ymir work/ui/game/quest/questicon/level_23.sub	d:/ymir work/ui/game/quest/questicon/level_23.sub	1
ETC/ymir work/ui/game/event_calendar/icons/mini_gui/tournament_event.tga	d:/ymir work/ui/game/event_calendar/icons/mini_gui/tournament_event.tga	1
ETC/ymir work/ui/game/affectshower/27105.sub	d:/ymir work/ui/game/affectshower/27105.sub	1
ETC/ymir work/ui/game/affectshower/27868.sub	d:/ymir work/ui/game/affectshower/27868.sub	1
ETC/ymir work/ui/game/affectshower/27873.sub	d:/ymir work/ui/game/affectshower/27873.sub	1
ETC/ymir work/ui/game/affectshower/27885.sub	d:/ymir work/ui/game/affectshower/27885.sub	1
ETC/ymir work/ui/game/affectshower/27886.sub	d:/ymir work/ui/game/affectshower/27886.sub	1
ETC/ymir work/ui/game/questboard/sigwi.tga	d:/ymir work/ui/game/questboard/sigwi.tga	1
ETC/ymir work/ui/game/affectshower/27887.sub	d:/ymir work/ui/game/affectshower/27887.sub	1
ETC/ymir work/ui/game/windows/btn_plus_down.sub	d:/ymir work/ui/game/windows/btn_plus_down.sub	1
ETC/ymir work/ui/game/offlineshop/time_0.tga	d:/ymir work/ui/game/offlineshop/time_0.tga	1
ETC/ymir work/ui/search/warrior_m.png	d:/ymir work/ui/search/warrior_m.png	1
ETC/ymir work/ui/game/affectshower/39018.sub	d:/ymir work/ui/game/affectshower/39018.sub	1
ETC/ymir work/ui/switchbot/btn_small_02.sub	d:/ymir work/ui/switchbot/btn_small_02.sub	1
ETC/ymir work/ui/game/affectshower/39019.sub	d:/ymir work/ui/game/affectshower/39019.sub	1
ETC/ymir work/ui/game/offlineshop/slot.tga	d:/ymir work/ui/game/offlineshop/slot.tga	1
ETC/ymir work/ui/game/event_calendar/icons/mini_gui/money_drop_event.tga	d:/ymir work/ui/game/event_calendar/icons/mini_gui/money_drop_event.tga	1
ETC/ymir work/ui/pattern/horsestate/21.dds	d:/ymir work/ui/pattern/horsestate/21.dds	1
ETC/ymir work/ui/game/affectshower/39024.sub	d:/ymir work/ui/game/affectshower/39024.sub	1
ETC/ymir work/ui/skill/shaman/noejeon_01.sub	d:/ymir work/ui/skill/shaman/noejeon_01.sub	1
ETC/ymir work/ui/game/windows/party_affect_increasearea_150.sub	d:/ymir work/ui/game/windows/party_affect_increasearea_150.sub	1
ETC/ymir work/ui/game/windows/face_shaman_rampage.sub	d:/ymir work/ui/game/windows/face_shaman_rampage.sub	1
ETC/ymir work/ui/game/affectshower/39025.sub	d:/ymir work/ui/game/affectshower/39025.sub	1
ETC/ymir work/ui/game/affectshower/50813.sub	d:/ymir work/ui/game/affectshower/50813.sub	1
ETC/ymir work/ui/public/number/4.sub	d:/ymir work/ui/public/number/4.sub	1
ETC/ymir work/ui/game/affectshower/50818.sub	d:/ymir work/ui/game/affectshower/50818.sub	1
ETC/ymir work/ui/game/affectshower/50819.sub	d:/ymir work/ui/game/affectshower/50819.sub	1
ETC/ymir work/ui/switchbot/load_attr_03.sub	d:/ymir work/ui/switchbot/load_attr_03.sub	1
ETC/ymir work/ui/game/taskbar/mouse_button_move_03.sub	d:/ymir work/ui/game/taskbar/mouse_button_move_03.sub	1
ETC/ymir work/ui/game/affectshower/50820.sub	d:/ymir work/ui/game/affectshower/50820.sub	1
ETC/ymir work/ui/game/affectshower/50824.sub	d:/ymir work/ui/game/affectshower/50824.sub	1
ETC/ymir work/ui/search/menu1.png	d:/ymir work/ui/search/menu1.png	1
ETC/ymir work/ui/game/affectshower/50825.sub	d:/ymir work/ui/game/affectshower/50825.sub	1
ETC/ymir work/ui/game/affectshower/50826.sub	d:/ymir work/ui/game/affectshower/50826.sub	1
ETC/ymir work/ui/skill/warrior/palbang_03.sub	d:/ymir work/ui/skill/warrior/palbang_03.sub	1
ETC/ymir work/ui/game/taskbar/6.sub	d:/ymir work/ui/game/taskbar/6.sub	1
ETC/ymir work/ui/game/windows/money_icon.tga	d:/ymir work/ui/game/windows/money_icon.tga	1
ETC/ymir work/ui/game/questboard/1003.tga	d:/ymir work/ui/game/questboard/1003.tga	1
ETC/ymir work/ui/game/taskbar/open_chat_log_button_01.sub	d:/ymir work/ui/game/taskbar/open_chat_log_button_01.sub	1
ETC/ymir work/ui/game/affectshower/71029.sub	d:/ymir work/ui/game/affectshower/71029.sub	1
ETC/ymir work/ui/game/affectshower/71044.sub	d:/ymir work/ui/game/affectshower/71044.sub	1
ETC/ymir work/ui/game/privatesearch/icon_3.tga	d:/ymir work/ui/game/privatesearch/icon_3.tga	1
ETC/ymir work/ui/game/affectshower/no_exp.tga	d:/ymir work/ui/game/affectshower/no_exp.tga	1
ETC/ymir work/ui/game/mission/mission_1.png	d:/ymir work/ui/game/mission/mission_1.png	1
ETC/ymir work/ui/tunga/login/web_btn_over.dds	d:/ymir work/ui/tunga/login/web_btn_over.dds	1
ETC/ymir work/ui/game/dungeon/destroystone.sub	d:/ymir work/ui/game/dungeon/destroystone.sub	1
ETC/ymir work/ui/game/windows/emotion_clap.sub	d:/ymir work/ui/game/windows/emotion_clap.sub	1
ETC/ymir work/ui/skill/shaman/paeryong_02.sub	d:/ymir work/ui/skill/shaman/paeryong_02.sub	1
ETC/ymir work/ui/game/dungeon/findhiddenplace.sub	d:/ymir work/ui/game/dungeon/findhiddenplace.sub	1
ETC/ymir work/ui/game/dungeon/killmonster.sub	d:/ymir work/ui/game/dungeon/killmonster.sub	1
ETC/ymir work/ui/game/dungeon/rescuecount.sub	d:/ymir work/ui/game/dungeon/rescuecount.sub	1
ETC/ymir work/ui/tunga/login/language/flag_pt_down.tga	d:/ymir work/ui/tunga/login/language/flag_pt_down.tga	1
ETC/ymir work/ui/skill/sura/heuksin_03.sub	d:/ymir work/ui/skill/sura/heuksin_03.sub	1
ETC/ymir work/ui/game/dungeon/usepotion.sub	d:/ymir work/ui/game/dungeon/usepotion.sub	1
ETC/ymir work/ui/game/toggle_switch/special/unchecked.png	d:/ymir work/ui/game/toggle_switch/special/unchecked.png	1
ETC/ymir work/ui/skill/assassin/gigung_03.sub	d:/ymir work/ui/skill/assassin/gigung_03.sub	1
ETC/ymir work/ui/game/event_calendar/board.tga	d:/ymir work/ui/game/event_calendar/board.tga	1
ETC/ymir work/ui/pattern/myshop/ribon/p_ribon_bottom.tga	d:/ymir work/ui/pattern/myshop/ribon/p_ribon_bottom.tga	1
ETC/ymir work/ui/game/event_calendar/today_bg.tga	d:/ymir work/ui/game/event_calendar/today_bg.tga	1
ETC/ymir work/ui/game/windows/party_state_leader_01.sub	d:/ymir work/ui/game/windows/party_state_leader_01.sub	1
ETC/ymir work/ui/game/event_calendar/icons/bonus_event.tga	d:/ymir work/ui/game/event_calendar/icons/bonus_event.tga	1
ETC/ymir work/ui/game/windows/messenger_guild_01.sub	d:/ymir work/ui/game/windows/messenger_guild_01.sub	1
ETC/ymir work/ui/search/sura_m.png	d:/ymir work/ui/search/sura_m.png	1
ETC/ymir work/ui/game/event_calendar/icons/double_boss_loot_event.tga	d:/ymir work/ui/game/event_calendar/icons/double_boss_loot_event.tga	1
ETC/ymir work/ui/game/offlineshop/ok_1.tga	d:/ymir work/ui/game/offlineshop/ok_1.tga	1
ETC/ymir work/ui/pattern/thinboard_corner_righttop.tga	d:/ymir work/ui/pattern/thinboard_corner_righttop.tga	1
ETC/ymir work/ui/game/taskbar/quickslot_upbutton_01.sub	d:/ymir work/ui/game/taskbar/quickslot_upbutton_01.sub	1
ETC/ymir work/ui/game/event_calendar/icons/dungeon_cooldown_event.tga	d:/ymir work/ui/game/event_calendar/icons/dungeon_cooldown_event.tga	1
ETC/ymir work/ui/game/offlineshop/right_direction_0.tga	d:/ymir work/ui/game/offlineshop/right_direction_0.tga	1
ETC/ymir work/ui/game/event_calendar/icons/dungeon_ticket_loot_event.tga	d:/ymir work/ui/game/event_calendar/icons/dungeon_ticket_loot_event.tga	1
ETC/ymir work/ui/game/questboard/wild_boar.tga	d:/ymir work/ui/game/questboard/wild_boar.tga	1
ETC/ymir work/ui/search/clear_btn3.png	d:/ymir work/ui/search/clear_btn3.png	1
ETC/ymir work/ui/game/taskbar/mall_button_03.tga	d:/ymir work/ui/game/taskbar/mall_button_03.tga	1
ETC/ymir work/ui/game/event_calendar/icons/empire_war_event.tga	d:/ymir work/ui/game/event_calendar/icons/empire_war_event.tga	1
ETC/ymir work/ui/game/event_calendar/icons/exp_event.tga	d:/ymir work/ui/game/event_calendar/icons/exp_event.tga	1
ETC/ymir work/ui/game/event_calendar/icons/mini_gui/dungeon_cooldown_event.tga	d:/ymir work/ui/game/event_calendar/icons/mini_gui/dungeon_cooldown_event.tga	1
ETC/ymir work/ui/game/privatesearch/up_1.tga	d:/ymir work/ui/game/privatesearch/up_1.tga	1
ETC/ymir work/ui/game/event_calendar/icons/item_drop_event.tga	d:/ymir work/ui/game/event_calendar/icons/item_drop_event.tga	1
ETC/ymir work/ui/game/event_calendar/icons/money_drop_event.tga	d:/ymir work/ui/game/event_calendar/icons/money_drop_event.tga	1
ETC/ymir work/ui/game/event_calendar/icons/moonlight_event.tga	d:/ymir work/ui/game/event_calendar/icons/moonlight_event.tga	1
ETC/ymir work/ui/skill/common/support/chultong.sub	d:/ymir work/ui/skill/common/support/chultong.sub	1
ETC/ymir work/ui/game/event_calendar/icons/npc_search.tga	d:/ymir work/ui/game/event_calendar/icons/npc_search.tga	1
ETC/ymir work/ui/game/event_calendar/icons/tournament_event.tga	d:/ymir work/ui/game/event_calendar/icons/tournament_event.tga	1
ETC/ymir work/ui/game/event_calendar/icons/whell_of_fortune_event.tga	d:/ymir work/ui/game/event_calendar/icons/whell_of_fortune_event.tga	1
ETC/ymir work/ui/game/windows/btn_minus_over.sub	d:/ymir work/ui/game/windows/btn_minus_over.sub	1
ETC/ymir work/ui/public/slotfinishcooltimeeffect/07.sub	d:/ymir work/ui/public/slotfinishcooltimeeffect/07.sub	1
ETC/ymir work/ui/game/event_calendar/icons/mini_gui/double_metin_loot_event.tga	d:/ymir work/ui/game/event_calendar/icons/mini_gui/double_metin_loot_event.tga	1
ETC/ymir work/ui/game/event_calendar/icons/mini_gui/empire_war_event.tga	d:/ymir work/ui/game/event_calendar/icons/mini_gui/empire_war_event.tga	1
ETC/ymir work/ui/skill/common/support/summon.sub	d:/ymir work/ui/skill/common/support/summon.sub	1
ETC/ymir work/ui/minimap/minimap_scaleup_down.sub	d:/ymir work/ui/minimap/minimap_scaleup_down.sub	1
ETC/ymir work/ui/game/event_calendar/icons/mini_gui/halloween_event.tga	d:/ymir work/ui/game/event_calendar/icons/mini_gui/halloween_event.tga	1
ETC/ymir work/ui/game/privatesearch/login.tga	d:/ymir work/ui/game/privatesearch/login.tga	1
ETC/ymir work/ui/intro/public_intro/face/face_warrior_w_01.sub	d:/ymir work/ui/intro/public_intro/face/face_warrior_w_01.sub	1
ETC/ymir work/ui/game/offlineshop/refresh_1.tga	d:/ymir work/ui/game/offlineshop/refresh_1.tga	1
ETC/ymir work/ui/game/privatesearch/whisper_1.tga	d:/ymir work/ui/game/privatesearch/whisper_1.tga	1
ETC/ymir work/ui/game/event_calendar/icons/mini_gui/item_drop_event.tga	d:/ymir work/ui/game/event_calendar/icons/mini_gui/item_drop_event.tga	1
ETC/ymir work/ui/minimap/mini_waypoint02.sub	d:/ymir work/ui/minimap/mini_waypoint02.sub	1
ETC/ymir work/ui/game/taskbar/mouse_button_camera_01.sub	d:/ymir work/ui/game/taskbar/mouse_button_camera_01.sub	1
ETC/ymir work/ui/game/questboard/2032.tga	d:/ymir work/ui/game/questboard/2032.tga	1
ETC/ymir work/ui/game/event_calendar/icons/mini_gui/moonlight_event.tga	d:/ymir work/ui/game/event_calendar/icons/mini_gui/moonlight_event.tga	1
ETC/ymir work/ui/minimap/waypoint13.sub	d:/ymir work/ui/minimap/waypoint13.sub	1
ETC/ymir work/ui/game/taskbar/8.sub	d:/ymir work/ui/game/taskbar/8.sub	1
ETC/ymir work/ui/game/event_calendar/icons/mini_gui/npc_search.tga	d:/ymir work/ui/game/event_calendar/icons/mini_gui/npc_search.tga	1
ETC/ymir work/ui/game/questboard/2034.tga	d:/ymir work/ui/game/questboard/2034.tga	1
ETC/ymir work/ui/skill/sura/tusok_04.sub	d:/ymir work/ui/skill/sura/tusok_04.sub	1
ETC/ymir work/ui/pattern/border_a_top.tga	d:/ymir work/ui/pattern/border_a_top.tga	1
ETC/ymir work/ui/public/number/6.sub	d:/ymir work/ui/public/number/6.sub	1
ETC/ymir work/ui/game/flag/cz.tga	d:/ymir work/ui/game/flag/cz.tga	1
ETC/ymir work/ui/game/flag/en.tga	d:/ymir work/ui/game/flag/en.tga	1
ETC/ymir work/ui/skill/assassin/yeonsa_03.sub	d:/ymir work/ui/skill/assassin/yeonsa_03.sub	1
ETC/ymir work/ui/game/privatesearch/filter_03.tga	d:/ymir work/ui/game/privatesearch/filter_03.tga	1
ETC/ymir work/ui/game/flag/es.tga	d:/ymir work/ui/game/flag/es.tga	1
ETC/ymir work/ui/skill/passive/p_byeorak_02.sub	d:/ymir work/ui/skill/passive/p_byeorak_02.sub	1
ETC/ymir work/ui/game/windows/messenger_mobile_01.sub	d:/ymir work/ui/game/windows/messenger_mobile_01.sub	1
ETC/ymir work/ui/intro/select/right_button_02.sub	d:/ymir work/ui/intro/select/right_button_02.sub	1
ETC/ymir work/ui/game/questboard/932.tga	d:/ymir work/ui/game/questboard/932.tga	1
ETC/ymir work/ui/game/flag/eu.tga	d:/ymir work/ui/game/flag/eu.tga	1
ETC/ymir work/ui/pattern/gauge_slot_center.tga	d:/ymir work/ui/pattern/gauge_slot_center.tga	1
ETC/ymir work/ui/game/offlineshop/time_2.tga	d:/ymir work/ui/game/offlineshop/time_2.tga	1
ETC/ymir work/ui/game/flag/fr.tga	d:/ymir work/ui/game/flag/fr.tga	1
ETC/ymir work/ui/icon/face/warrior_w.tga	d:/ymir work/ui/icon/face/warrior_w.tga	1
ETC/ymir work/ui/game/windows/party_affect_attackgrade.sub	d:/ymir work/ui/game/windows/party_affect_attackgrade.sub	1
ETC/ymir work/ui/game/flag/kr.tga	d:/ymir work/ui/game/flag/kr.tga	1
ETC/ymir work/ui/game/flag/pl.tga	d:/ymir work/ui/game/flag/pl.tga	1
ETC/ymir work/ui/intro/empire/empirearea_c.sub	d:/ymir work/ui/intro/empire/empirearea_c.sub	1
ETC/ymir work/ui/game/flag/pt.tga	d:/ymir work/ui/game/flag/pt.tga	1
ETC/ymir work/ui/game/flag/sg.tga	d:/ymir work/ui/game/flag/sg.tga	1
ETC/ymir work/ui/game/flag/tr.tga	d:/ymir work/ui/game/flag/tr.tga	1
ETC/ymir work/ui/skill/warrior/tanhwan_01.sub	d:/ymir work/ui/skill/warrior/tanhwan_01.sub	1
ETC/ymir work/ui/game/guild/refresh_button_01.sub	d:/ymir work/ui/game/guild/refresh_button_01.sub	1
ETC/ymir work/ui/skill/sura/gongpo_02.sub	d:/ymir work/ui/skill/sura/gongpo_02.sub	1
ETC/ymir work/ui/game/guild/refresh_button_02.sub	d:/ymir work/ui/game/guild/refresh_button_02.sub	1
ETC/ymir work/ui/game/mission/delete_btn_1.tga	d:/ymir work/ui/game/mission/delete_btn_1.tga	1
ETC/ymir work/ui/game/taskbar/quickslot_downbutton_01.sub	d:/ymir work/ui/game/taskbar/quickslot_downbutton_01.sub	1
ETC/ymir work/ui/search/arrow.png	d:/ymir work/ui/search/arrow.png	1
ETC/ymir work/ui/game/guild/tab_1.sub	d:/ymir work/ui/game/guild/tab_1.sub	1
ETC/ymir work/ui/game/guild/tab_2.sub	d:/ymir work/ui/game/guild/tab_2.sub	1
ETC/ymir work/ui/game/guild/tab_4.sub	d:/ymir work/ui/game/guild/tab_4.sub	1
ETC/ymir work/ui/skill/passive/p_amseup_03.sub	d:/ymir work/ui/skill/passive/p_amseup_03.sub	1
ETC/ymir work/ui/game/guild/tab_6.sub	d:/ymir work/ui/game/guild/tab_6.sub	1
ETC/ymir work/ui/public/parameter_slot_03.sub	d:/ymir work/ui/public/parameter_slot_03.sub	1
ETC/ymir work/ui/game/taskbar/mall_button_02.tga	d:/ymir work/ui/game/taskbar/mall_button_02.tga	1
ETC/ymir work/ui/game/windows/btn_minus_up.sub	d:/ymir work/ui/game/windows/btn_minus_up.sub	1
ETC/ymir work/ui/intro/loading/02.sub	d:/ymir work/ui/intro/loading/02.sub	1
ETC/ymir work/ui/game/mission/bg.tga	d:/ymir work/ui/game/mission/bg.tga	1
ETC/ymir work/ui/game/mission/btn_delete_hover.png	d:/ymir work/ui/game/mission/btn_delete_hover.png	1
ETC/ymir work/ui/public/slotfinishcooltimeeffect/00.sub	d:/ymir work/ui/public/slotfinishcooltimeeffect/00.sub	1
ETC/ymir work/ui/game/mission/btn_delete_normal.png	d:/ymir work/ui/game/mission/btn_delete_normal.png	1
ETC/ymir work/ui/public/scrollbar_small_thin_up_button_03.sub	d:/ymir work/ui/public/scrollbar_small_thin_up_button_03.sub	1
ETC/ymir work/ui/skill/sura/swaeryeong_02.sub	d:/ymir work/ui/skill/sura/swaeryeong_02.sub	1
ETC/ymir work/ui/game/mission/btn_reward_normal.png	d:/ymir work/ui/game/mission/btn_reward_normal.png	1
ETC/ymir work/ui/game/windows/skill_direction_sign.sub	d:/ymir work/ui/game/windows/skill_direction_sign.sub	1
ETC/ymir work/ui/search/slot96_sold.png	d:/ymir work/ui/search/slot96_sold.png	1
ETC/ymir work/ui/game/offlineshop/scrollbar/scrollbar_middle_top.tga	d:/ymir work/ui/game/offlineshop/scrollbar/scrollbar_middle_top.tga	1
ETC/ymir work/ui/game/mission/item.tga	d:/ymir work/ui/game/mission/item.tga	1
ETC/ymir work/ui/skill/passive/p_geomhwan_03.sub	d:/ymir work/ui/skill/passive/p_geomhwan_03.sub	1
ETC/ymir work/ui/public/public_intro_btn/start_btn_03.sub	d:/ymir work/ui/public/public_intro_btn/start_btn_03.sub	1
ETC/ymir work/ui/skill/shaman/boho_03.sub	d:/ymir work/ui/skill/shaman/boho_03.sub	1
ETC/ymir work/ui/game/mission/item_green.tga	d:/ymir work/ui/game/mission/item_green.tga	1
ETC/ymir work/ui/game/mission/mission_2.png	d:/ymir work/ui/game/mission/mission_2.png	1
ETC/ymir work/ui/game/windows/sliderbar.sub	d:/ymir work/ui/game/windows/sliderbar.sub	1
ETC/ymir work/ui/minimap/waypoint14.sub	d:/ymir work/ui/minimap/waypoint14.sub	1
ETC/ymir work/ui/game/mission/reward_btn_1.tga	d:/ymir work/ui/game/mission/reward_btn_1.tga	1
ETC/ymir work/ui/game/mission/reward_btn_2.tga	d:/ymir work/ui/game/mission/reward_btn_2.tga	1
ETC/ymir work/ui/skill/assassin/charyun_04.sub	d:/ymir work/ui/skill/assassin/charyun_04.sub	1
ETC/ymir work/ui/game/mission/scrollbar_ex/scroll_bottom.tga	d:/ymir work/ui/game/mission/scrollbar_ex/scroll_bottom.tga	1
ETC/ymir work/ui/game/offlineshop/remove_history_0.tga	d:/ymir work/ui/game/offlineshop/remove_history_0.tga	1
ETC/ymir work/ui/public/xlarge_button_02.sub	d:/ymir work/ui/public/xlarge_button_02.sub	1
ETC/ymir work/ui/game/mission/scrollbar_ex/scroll_mid.tga	d:/ymir work/ui/game/mission/scrollbar_ex/scroll_mid.tga	1
ETC/ymir work/ui/pattern/thinboard_line_bottom.tga	d:/ymir work/ui/pattern/thinboard_line_bottom.tga	1
ETC/ymir work/ui/game/questboard/level_28.tga	d:/ymir work/ui/game/questboard/level_28.tga	1
ETC/ymir work/ui/game/mission/scrollbar_ex/scrollbar_mid.tga	d:/ymir work/ui/game/mission/scrollbar_ex/scrollbar_mid.tga	1
ETC/ymir work/ui/public/slotactiveeffect/slot3/08.sub	d:/ymir work/ui/public/slotactiveeffect/slot3/08.sub	1
ETC/ymir work/ui/game/mission/scrollbar_ex/scrollbar_scale.tga	d:/ymir work/ui/game/mission/scrollbar_ex/scrollbar_scale.tga	1
ETC/ymir work/ui/skill/sura/maryeong_01.sub	d:/ymir work/ui/skill/sura/maryeong_01.sub	1
ETC/ymir work/ui/scrollbar/scrollbar_middle_bottomscale.tga	d:/ymir work/ui/scrollbar/scrollbar_middle_bottomscale.tga	1
ETC/ymir work/ui/public/small_thin_button_02.sub	d:/ymir work/ui/public/small_thin_button_02.sub	1
ETC/ymir work/ui/public/number/8.sub	d:/ymir work/ui/public/number/8.sub	1
ETC/ymir work/ui/game/myshop_deco/model_view_bg.sub	d:/ymir work/ui/game/myshop_deco/model_view_bg.sub	1
ETC/ymir work/ui/game/myshop_deco/select_btn_02.sub	d:/ymir work/ui/game/myshop_deco/select_btn_02.sub	1
ETC/ymir work/ui/intro/loading/05.sub	d:/ymir work/ui/intro/loading/05.sub	1
ETC/ymir work/ui/game/questboard/huk_inf.tga	d:/ymir work/ui/game/questboard/huk_inf.tga	1
ETC/ymir work/ui/game/offlineshop/cancel_0.tga	d:/ymir work/ui/game/offlineshop/cancel_0.tga	1
ETC/ymir work/ui/intro/public_intro/face/face_shaman_w_01.sub	d:/ymir work/ui/intro/public_intro/face/face_shaman_w_01.sub	1
ETC/ymir work/ui/pattern/thinboardgold/thinboard_corner_lefttop_gold.tga	d:/ymir work/ui/pattern/thinboardgold/thinboard_corner_lefttop_gold.tga	1
ETC/ymir work/ui/game/offlineshop/shop_refresh_0.tga	d:/ymir work/ui/game/offlineshop/shop_refresh_0.tga	1
ETC/ymir work/ui/game/offlineshop/cancel_1.tga	d:/ymir work/ui/game/offlineshop/cancel_1.tga	1
ETC/ymir work/ui/game/offlineshop/close_0.tga	d:/ymir work/ui/game/offlineshop/close_0.tga	1
ETC/ymir work/ui/pattern/thinboard_line_left.tga	d:/ymir work/ui/pattern/thinboard_line_left.tga	1
ETC/ymir work/ui/game/offlineshop/close_1.tga	d:/ymir work/ui/game/offlineshop/close_1.tga	1
ETC/ymir work/ui/game/offlineshop/close_shop_0.tga	d:/ymir work/ui/game/offlineshop/close_shop_0.tga	1
ETC/ymir work/ui/game/offlineshop/decoration_0.tga	d:/ymir work/ui/game/offlineshop/decoration_0.tga	1
ETC/ymir work/ui/search/slot32_sold.png	d:/ymir work/ui/search/slot32_sold.png	1
ETC/ymir work/ui/skill/common/support/riding_04.sub	d:/ymir work/ui/skill/common/support/riding_04.sub	1
ETC/ymir work/ui/game/offlineshop/eyes.tga	d:/ymir work/ui/game/offlineshop/eyes.tga	1
ETC/ymir work/ui/game/offlineshop/history_shop_0.tga	d:/ymir work/ui/game/offlineshop/history_shop_0.tga	1
ETC/ymir work/ui/game/offlineshop/left_direction_1.tga	d:/ymir work/ui/game/offlineshop/left_direction_1.tga	1
ETC/ymir work/ui/game/offlineshop/lock_0.tga	d:/ymir work/ui/game/offlineshop/lock_0.tga	1
ETC/ymir work/ui/game/offlineshop/lock_1.tga	d:/ymir work/ui/game/offlineshop/lock_1.tga	1
ETC/ymir work/ui/game/questboard/o_jang.tga	d:/ymir work/ui/game/questboard/o_jang.tga	1
ETC/ymir work/ui/game/offlineshop/lock_slot_0.tga	d:/ymir work/ui/game/offlineshop/lock_slot_0.tga	1
ETC/ymir work/ui/game/offlineshop/log_clear_0.tga	d:/ymir work/ui/game/offlineshop/log_clear_0.tga	1
ETC/ymir work/ui/game/offlineshop/log_clear_1.tga	d:/ymir work/ui/game/offlineshop/log_clear_1.tga	1
ETC/ymir work/ui/game/windows/btn_mail_up.sub	d:/ymir work/ui/game/windows/btn_mail_up.sub	1
ETC/ymir work/ui/game/windows/sliderbar_cursor.sub	d:/ymir work/ui/game/windows/sliderbar_cursor.sub	1
ETC/ymir work/ui/game/offlineshop/log_open_0.tga	d:/ymir work/ui/game/offlineshop/log_open_0.tga	1
ETC/ymir work/ui/game/offlineshop/logs_table.tga	d:/ymir work/ui/game/offlineshop/logs_table.tga	1
ETC/ymir work/ui/game/windows/emotion_cheers_2.sub	d:/ymir work/ui/game/windows/emotion_cheers_2.sub	1
ETC/ymir work/ui/game/offlineshop/new_offline_shop_2 - kopya.tga	d:/ymir work/ui/game/offlineshop/new_offline_shop_2 - kopya.tga	1
ETC/ymir work/ui/game/questboard/level_25.tga	d:/ymir work/ui/game/questboard/level_25.tga	1
ETC/ymir work/ui/game/offlineshop/new_offline_shop_2.tga	d:/ymir work/ui/game/offlineshop/new_offline_shop_2.tga	1
ETC/ymir work/ui/public/number/1.sub	d:/ymir work/ui/public/number/1.sub	1
ETC/ymir work/ui/game/offlineshop/new_offline_shop_3 - kopya.tga	d:/ymir work/ui/game/offlineshop/new_offline_shop_3 - kopya.tga	1
ETC/ymir work/ui/minimap/mini_waypoint12.sub	d:/ymir work/ui/minimap/mini_waypoint12.sub	1
ETC/ymir work/ui/game/taskbar/rampage_01/05.sub	d:/ymir work/ui/game/taskbar/rampage_01/05.sub	1
ETC/ymir work/ui/game/offlineshop/refresh_0.tga	d:/ymir work/ui/game/offlineshop/refresh_0.tga	1
ETC/ymir work/ui/public/public_intro_btn/sex_m_btn_02.sub	d:/ymir work/ui/public/public_intro_btn/sex_m_btn_02.sub	1
ETC/ymir work/ui/game/offlineshop/refresh_big_1.tga	d:/ymir work/ui/game/offlineshop/refresh_big_1.tga	1
ETC/ymir work/ui/game/windows/emotion_cheers_1.sub	d:/ymir work/ui/game/windows/emotion_cheers_1.sub	1
ETC/ymir work/ui/search/menu3.png	d:/ymir work/ui/search/menu3.png	1
ETC/ymir work/ui/intro/select/dragon_right_button_03.sub	d:/ymir work/ui/intro/select/dragon_right_button_03.sub	1
ETC/ymir work/ui/public/slotactiveeffect/11.sub	d:/ymir work/ui/public/slotactiveeffect/11.sub	1
ETC/ymir work/ui/skill/passive/p_geomhwan_01.sub	d:/ymir work/ui/skill/passive/p_geomhwan_01.sub	1
ETC/ymir work/ui/tunga/login/language/flag_hu_down.tga	d:/ymir work/ui/tunga/login/language/flag_hu_down.tga	1
ETC/ymir work/ui/game/questboard/1102.tga	d:/ymir work/ui/game/questboard/1102.tga	1
ETC/ymir work/ui/game/offlineshop/remove_history_1.tga	d:/ymir work/ui/game/offlineshop/remove_history_1.tga	1
ETC/ymir work/ui/game/quest/questicon/level_08.sub	d:/ymir work/ui/game/quest/questicon/level_08.sub	1
ETC/ymir work/ui/game/offlineshop/shop_refresh_1.tga	d:/ymir work/ui/game/offlineshop/shop_refresh_1.tga	1
ETC/ymir work/ui/game/offlineshop/time.tga	d:/ymir work/ui/game/offlineshop/time.tga	1
ETC/ymir work/ui/intro/loading/15.sub	d:/ymir work/ui/intro/loading/15.sub	1
ETC/ymir work/ui/game/offlineshop/time_1.tga	d:/ymir work/ui/game/offlineshop/time_1.tga	1
ETC/ymir work/ui/pattern/myshop/ribon/p_ribon_left.tga	d:/ymir work/ui/pattern/myshop/ribon/p_ribon_left.tga	1
ETC/ymir work/ui/game/offlineshop/scrollbar/scrollbar_bottom.tga	d:/ymir work/ui/game/offlineshop/scrollbar/scrollbar_bottom.tga	1
ETC/ymir work/ui/game/taskbar/p.sub	d:/ymir work/ui/game/taskbar/p.sub	1
ETC/ymir work/ui/intro/public_intro/face/face_warrior_m_01.sub	d:/ymir work/ui/intro/public_intro/face/face_warrior_m_01.sub	1
ETC/ymir work/ui/game/offlineshop/scrollbar/scrollbar_middle.tga	d:/ymir work/ui/game/offlineshop/scrollbar/scrollbar_middle.tga	1
ETC/ymir work/ui/game/offlineshop/scrollbar/scrollbar_middle_bottom.tga	d:/ymir work/ui/game/offlineshop/scrollbar/scrollbar_middle_bottom.tga	1
ETC/ymir work/ui/game/offlineshop/scrollbar/scrollbar_middle_bottomscale.tga	d:/ymir work/ui/game/offlineshop/scrollbar/scrollbar_middle_bottomscale.tga	1
ETC/ymir work/ui/game/taskbar/exp_gauge_point.sub	d:/ymir work/ui/game/taskbar/exp_gauge_point.sub	1
ETC/ymir work/ui/public/public_intro_btn/cancel_btn_01.sub	d:/ymir work/ui/public/public_intro_btn/cancel_btn_01.sub	1
ETC/ymir work/ui/game/privatesearch/private_prev_btn_02.sub	d:/ymir work/ui/game/privatesearch/private_prev_btn_02.sub	1
ETC/ymir work/ui/game/offlineshop/scrollbar/scrollbar_middle_middle.tga	d:/ymir work/ui/game/offlineshop/scrollbar/scrollbar_middle_middle.tga	1
ETC/ymir work/ui/game/offlineshop/scrollbar/scrollbar_top.tga	d:/ymir work/ui/game/offlineshop/scrollbar/scrollbar_top.tga	1
ETC/ymir work/ui/intro/empire/background/empire_jinno.sub	d:/ymir work/ui/intro/empire/background/empire_jinno.sub	1
ETC/ymir work/ui/game/privatesearch/class_image.tga	d:/ymir work/ui/game/privatesearch/class_image.tga	1
ETC/ymir work/ui/game/taskbar/send_whisper_button_02.sub	d:/ymir work/ui/game/taskbar/send_whisper_button_02.sub	1
ETC/ymir work/ui/game/privatesearch/clear_button_1.tga	d:/ymir work/ui/game/privatesearch/clear_button_1.tga	1
ETC/ymir work/ui/game/privatesearch/descending.tga	d:/ymir work/ui/game/privatesearch/descending.tga	1
ETC/ymir work/ui/game/privatesearch/down.tga	d:/ymir work/ui/game/privatesearch/down.tga	1
ETC/ymir work/ui/game/privatesearch/down_1.tga	d:/ymir work/ui/game/privatesearch/down_1.tga	1
ETC/ymir work/ui/game/privatesearch/filter_01.tga	d:/ymir work/ui/game/privatesearch/filter_01.tga	1
ETC/ymir work/ui/game/privatesearch/filter_02.tga	d:/ymir work/ui/game/privatesearch/filter_02.tga	1
ETC/ymir work/ui/game/privatesearch/home_0.tga	d:/ymir work/ui/game/privatesearch/home_0.tga	1
ETC/ymir work/ui/game/privatesearch/home_1.tga	d:/ymir work/ui/game/privatesearch/home_1.tga	1
ETC/ymir work/ui/game/privatesearch/private_mainboxleftbottom.sub	d:/ymir work/ui/game/privatesearch/private_mainboxleftbottom.sub	1
ETC/ymir work/ui/search/filter_btn1.png	d:/ymir work/ui/search/filter_btn1.png	1
ETC/ymir work/ui/game/privatesearch/icon_1.tga	d:/ymir work/ui/game/privatesearch/icon_1.tga	1
ETC/ymir work/ui/offlineshop/teleport.dds	d:/ymir work/ui/offlineshop/teleport.dds	1
ETC/ymir work/ui/game/privatesearch/icon_10.tga	d:/ymir work/ui/game/privatesearch/icon_10.tga	1
ETC/ymir work/ui/public/slotfinishcooltimeeffect/06.sub	d:/ymir work/ui/public/slotfinishcooltimeeffect/06.sub	1
ETC/ymir work/ui/game/privatesearch/icon_4.tga	d:/ymir work/ui/game/privatesearch/icon_4.tga	1
ETC/ymir work/ui/skill/shaman/yongpa_03.sub	d:/ymir work/ui/skill/shaman/yongpa_03.sub	1
ETC/ymir work/ui/game/privatesearch/icon_5.tga	d:/ymir work/ui/game/privatesearch/icon_5.tga	1
ETC/ymir work/ui/game/quest/questicon/level_11.sub	d:/ymir work/ui/game/quest/questicon/level_11.sub	1
ETC/ymir work/ui/game/privatesearch/icon_7.tga	d:/ymir work/ui/game/privatesearch/icon_7.tga	1
ETC/ymir work/ui/game/privatesearch/private_findbuttonimg01.sub	d:/ymir work/ui/game/privatesearch/private_findbuttonimg01.sub	1
ETC/ymir work/ui/game/privatesearch/icon_9.tga	d:/ymir work/ui/game/privatesearch/icon_9.tga	1
ETC/ymir work/ui/game/privatesearch/mailbox.tga	d:/ymir work/ui/game/privatesearch/mailbox.tga	1
ETC/ymir work/ui/pattern/myshop/fire/p_fire_top.tga	d:/ymir work/ui/pattern/myshop/fire/p_fire_top.tga	1
ETC/ymir work/ui/game/privatesearch/mailbox_hov.tga	d:/ymir work/ui/game/privatesearch/mailbox_hov.tga	1
ETC/ymir work/ui/public/number/9.sub	d:/ymir work/ui/public/number/9.sub	1
ETC/ymir work/ui/game/questboard/1064.tga	d:/ymir work/ui/game/questboard/1064.tga	1
ETC/ymir work/ui/game/privatesearch/name_slot.dds	d:/ymir work/ui/game/privatesearch/name_slot.dds	1
ETC/ymir work/ui/game/privatesearch/private_leftcenterimg.tga	d:/ymir work/ui/game/privatesearch/private_leftcenterimg.tga	1
ETC/ymir work/ui/game/privatesearch/private_bottomcenterimg.tga	d:/ymir work/ui/game/privatesearch/private_bottomcenterimg.tga	1
ETC/ymir work/ui/game/privatesearch/search_2.dds	d:/ymir work/ui/game/privatesearch/search_2.dds	1
ETC/ymir work/ui/game/privatesearch/private_centerimg.tga	d:/ymir work/ui/game/privatesearch/private_centerimg.tga	1
ETC/ymir work/ui/game/privatesearch/private_checkboximg.sub	d:/ymir work/ui/game/privatesearch/private_checkboximg.sub	1
ETC/ymir work/ui/skill/common/guild/gaho.sub	d:/ymir work/ui/skill/common/guild/gaho.sub	1
ETC/ymir work/ui/game/privatesearch/private_findbuttonimg02.sub	d:/ymir work/ui/game/privatesearch/private_findbuttonimg02.sub	1
ETC/ymir work/ui/game/privatesearch/private_findbuttonimg03.sub	d:/ymir work/ui/game/privatesearch/private_findbuttonimg03.sub	1
ETC/ymir work/ui/public/number2/colon.sub	d:/ymir work/ui/public/number2/colon.sub	1
ETC/ymir work/ui/game/questboard/o_jol.tga	d:/ymir work/ui/game/questboard/o_jol.tga	1
ETC/ymir work/ui/game/privatesearch/private_goldslot.sub	d:/ymir work/ui/game/privatesearch/private_goldslot.sub	1
ETC/ymir work/ui/game/privatesearch/private_last_next_btn_02.sub	d:/ymir work/ui/game/privatesearch/private_last_next_btn_02.sub	1
ETC/ymir work/ui/game/privatesearch/private_leftnameimg.sub	d:/ymir work/ui/game/privatesearch/private_leftnameimg.sub	1
ETC/ymir work/ui/game/taskbar/1.sub	d:/ymir work/ui/game/taskbar/1.sub	1
ETC/ymir work/ui/game/privatesearch/private_mainboxlefttop.sub	d:/ymir work/ui/game/privatesearch/private_mainboxlefttop.sub	1
ETC/ymir work/ui/game/privatesearch/private_mainboxrightbottom.sub	d:/ymir work/ui/game/privatesearch/private_mainboxrightbottom.sub	1
ETC/ymir work/ui/skill/shaman/hosin_02.sub	d:/ymir work/ui/skill/shaman/hosin_02.sub	1
ETC/ymir work/ui/intro/empire/atlas.sub	d:/ymir work/ui/intro/empire/atlas.sub	1
ETC/ymir work/ui/intro/loading/21.sub	d:/ymir work/ui/intro/loading/21.sub	1
ETC/ymir work/ui/game/privatesearch/private_mainboxrighttop.sub	d:/ymir work/ui/game/privatesearch/private_mainboxrighttop.sub	1
ETC/ymir work/ui/inventory/1new_equipmentbg.tga	d:/ymir work/ui/inventory/1new_equipmentbg.tga	1
ETC/ymir work/ui/skill/warrior/palbang_01.sub	d:/ymir work/ui/skill/warrior/palbang_01.sub	1
ETC/ymir work/ui/skill/common/support/language3.sub	d:/ymir work/ui/skill/common/support/language3.sub	1
ETC/ymir work/ui/game/questboard/1131.tga	d:/ymir work/ui/game/questboard/1131.tga	1
ETC/ymir work/ui/game/privatesearch/private_next_btn_01.sub	d:/ymir work/ui/game/privatesearch/private_next_btn_01.sub	1
ETC/ymir work/ui/game/privatesearch/private_next_btn_02.sub	d:/ymir work/ui/game/privatesearch/private_next_btn_02.sub	1
ETC/ymir work/ui/skill/shaman/pokroe_02.sub	d:/ymir work/ui/skill/shaman/pokroe_02.sub	1
ETC/ymir work/ui/game/questboard/mil_jip.tga	d:/ymir work/ui/game/questboard/mil_jip.tga	1
ETC/ymir work/ui/game/privatesearch/private_pagenumber_01.sub	d:/ymir work/ui/game/privatesearch/private_pagenumber_01.sub	1
ETC/ymir work/ui/public/slot_cover_button_01.sub	d:/ymir work/ui/public/slot_cover_button_01.sub	1
ETC/ymir work/ui/game/privatesearch/private_pagenumber_02.sub	d:/ymir work/ui/game/privatesearch/private_pagenumber_02.sub	1
ETC/ymir work/ui/game/privatesearch/private_prev_btn_01.sub	d:/ymir work/ui/game/privatesearch/private_prev_btn_01.sub	1
ETC/ymir work/ui/game/windows/face_assassin.sub	d:/ymir work/ui/game/windows/face_assassin.sub	1
ETC/ymir work/ui/game/privatesearch/private_rightcenterimg.tga	d:/ymir work/ui/game/privatesearch/private_rightcenterimg.tga	1
ETC/ymir work/ui/gemshop/gemshop_gemicon.sub	d:/ymir work/ui/gemshop/gemshop_gemicon.sub	1
ETC/ymir work/ui/game/privatesearch/private_topcenterimg.tga	d:/ymir work/ui/game/privatesearch/private_topcenterimg.tga	1
ETC/ymir work/ui/game/privatesearch/search_1.dds	d:/ymir work/ui/game/privatesearch/search_1.dds	1
ETC/ymir work/ui/pattern/board_line_bottom.tga	d:/ymir work/ui/pattern/board_line_bottom.tga	1
ETC/ymir work/ui/skill/common/support/combo.sub	d:/ymir work/ui/skill/common/support/combo.sub	1
ETC/ymir work/ui/game/privatesearch/search_1.tga	d:/ymir work/ui/game/privatesearch/search_1.tga	1
ETC/ymir work/ui/game/windows/messenger_mobile_04.sub	d:/ymir work/ui/game/windows/messenger_mobile_04.sub	1
ETC/ymir work/ui/game/privatesearch/search_3.dds	d:/ymir work/ui/game/privatesearch/search_3.dds	1
ETC/ymir work/ui/game/privatesearch/search_button.tga	d:/ymir work/ui/game/privatesearch/search_button.tga	1
ETC/ymir work/ui/game/privatesearch/slot_1_0.tga	d:/ymir work/ui/game/privatesearch/slot_1_0.tga	1
ETC/ymir work/ui/game/privatesearch/slot_2_0.tga	d:/ymir work/ui/game/privatesearch/slot_2_0.tga	1
ETC/ymir work/ui/minimap/mini_waypoint11.sub	d:/ymir work/ui/minimap/mini_waypoint11.sub	1
ETC/ymir work/ui/game/privatesearch/slot_3_0.tga	d:/ymir work/ui/game/privatesearch/slot_3_0.tga	1
ETC/ymir work/ui/game/taskbar/mall_button_01.tga	d:/ymir work/ui/game/taskbar/mall_button_01.tga	1
ETC/ymir work/ui/game/questboard/huk_dol.tga	d:/ymir work/ui/game/questboard/huk_dol.tga	1
ETC/ymir work/ui/public/public_intro_btn/descphase_btn.sub	d:/ymir work/ui/public/public_intro_btn/descphase_btn.sub	1
ETC/ymir work/ui/game/privatesearch/slot_3_1.tga	d:/ymir work/ui/game/privatesearch/slot_3_1.tga	1
ETC/ymir work/ui/pattern/myshop/ribon/p_ribon_right_top.tga	d:/ymir work/ui/pattern/myshop/ribon/p_ribon_right_top.tga	1
ETC/ymir work/ui/game/privatesearch/star.tga	d:/ymir work/ui/game/privatesearch/star.tga	1
ETC/ymir work/ui/game/windows/party_exit_03.sub	d:/ymir work/ui/game/windows/party_exit_03.sub	1
ETC/ymir work/ui/game/privatesearch/star1.tga	d:/ymir work/ui/game/privatesearch/star1.tga	1
ETC/ymir work/ui/game/privatesearch/star2.tga	d:/ymir work/ui/game/privatesearch/star2.tga	1
ETC/ymir work/ui/skill/warrior/deli_03.sub	d:/ymir work/ui/skill/warrior/deli_03.sub	1
ETC/ymir work/ui/pattern/gauge_blue.tga	d:/ymir work/ui/pattern/gauge_blue.tga	1
ETC/ymir work/ui/search/horse.dds	d:/ymir work/ui/search/horse.dds	1
ETC/ymir work/ui/game/privatesearch/wiki_0.tga	d:/ymir work/ui/game/privatesearch/wiki_0.tga	1
ETC/ymir work/ui/game/privatesearch/wiki_1.tga	d:/ymir work/ui/game/privatesearch/wiki_1.tga	1
ETC/ymir work/ui/game/questboard/2204.tga	d:/ymir work/ui/game/questboard/2204.tga	1
ETC/ymir work/ui/game/privatesearch/www.mmoforum.org.tr.py	d:/ymir work/ui/game/privatesearch/www.mmoforum.org.tr.py	1
ETC/ymir work/ui/game/windows/btn_bigplus_down.sub	d:/ymir work/ui/game/windows/btn_bigplus_down.sub	1
ETC/ymir work/ui/game/quest/slot_base.sub	d:/ymir work/ui/game/quest/slot_base.sub	1
ETC/ymir work/ui/game/windows/party_state_attacker_02.sub	d:/ymir work/ui/game/windows/party_state_attacker_02.sub	1
ETC/ymir work/ui/game/questboard/2201.tga	d:/ymir work/ui/game/questboard/2201.tga	1
ETC/ymir work/ui/skill/passive/p_gigongcham_02.sub	d:/ymir work/ui/skill/passive/p_gigongcham_02.sub	1
ETC/ymir work/ui/game/questboard/456.tga	d:/ymir work/ui/game/questboard/456.tga	1
ETC/ymir work/ui/game/quest/slot_button_02.sub	d:/ymir work/ui/game/quest/slot_button_02.sub	1
ETC/ymir work/ui/skill/passive/p_geomhwan_02.sub	d:/ymir work/ui/skill/passive/p_geomhwan_02.sub	1
ETC/ymir work/ui/public/number/7.sub	d:/ymir work/ui/public/number/7.sub	1
ETC/ymir work/ui/game/quest/slot_button_03.sub	d:/ymir work/ui/game/quest/slot_button_03.sub	1
ETC/ymir work/ui/game/quest/questicon/level_07.sub	d:/ymir work/ui/game/quest/questicon/level_07.sub	1
ETC/ymir work/ui/game/quest/questicon/level_09.sub	d:/ymir work/ui/game/quest/questicon/level_09.sub	1
ETC/ymir work/ui/public/public_intro_btn/addcharacter_btn_01.sub	d:/ymir work/ui/public/public_intro_btn/addcharacter_btn_01.sub	1
ETC/ymir work/ui/skill/shaman/bipabu_01.sub	d:/ymir work/ui/skill/shaman/bipabu_01.sub	1
ETC/ymir work/ui/game/taskbar/rampage_01/04.sub	d:/ymir work/ui/game/taskbar/rampage_01/04.sub	1
ETC/ymir work/ui/game/quest/questicon/level_10.sub	d:/ymir work/ui/game/quest/questicon/level_10.sub	1
ETC/ymir work/ui/game/questboard/bear.tga	d:/ymir work/ui/game/questboard/bear.tga	1
ETC/ymir work/ui/search/pagination_btn1.png	d:/ymir work/ui/search/pagination_btn1.png	1
ETC/ymir work/ui/game/quest/questicon/level_12.sub	d:/ymir work/ui/game/quest/questicon/level_12.sub	1
ETC/ymir work/ui/pattern/taskbar_base.tga	d:/ymir work/ui/pattern/taskbar_base.tga	1
ETC/ymir work/ui/game/quest/questicon/level_15.sub	d:/ymir work/ui/game/quest/questicon/level_15.sub	1
ETC/ymir work/ui/public/middle_button_01.sub	d:/ymir work/ui/public/middle_button_01.sub	1
ETC/ymir work/ui/game/quest/questicon/level_19.sub	d:/ymir work/ui/game/quest/questicon/level_19.sub	1
ETC/ymir work/ui/game/taskbar/mouse_button_camera_03.sub	d:/ymir work/ui/game/taskbar/mouse_button_camera_03.sub	1
ETC/ymir work/ui/public/horizontalcandidateboard.sub	d:/ymir work/ui/public/horizontalcandidateboard.sub	1
ETC/ymir work/ui/game/quest/questicon/level_20.sub	d:/ymir work/ui/game/quest/questicon/level_20.sub	1
ETC/ymir work/ui/public/scrollbar_up_button_01.sub	d:/ymir work/ui/public/scrollbar_up_button_01.sub	1
ETC/ymir work/ui/skill/sura/tusok_02.sub	d:/ymir work/ui/skill/sura/tusok_02.sub	1
ETC/ymir work/ui/game/taskbar/mouse_button_skill_02.sub	d:/ymir work/ui/game/taskbar/mouse_button_skill_02.sub	1
ETC/ymir work/ui/game/quest/questicon/level_22.sub	d:/ymir work/ui/game/quest/questicon/level_22.sub	1
ETC/ymir work/ui/skill/common/affect/att_bonus.sub	d:/ymir work/ui/skill/common/affect/att_bonus.sub	1
ETC/ymir work/ui/skill/sura/yonggwon_01.sub	d:/ymir work/ui/skill/sura/yonggwon_01.sub	1
ETC/ymir work/ui/game/questboard/level_23.tga	d:/ymir work/ui/game/questboard/level_23.tga	1
ETC/ymir work/ui/skill/sura/geomhwan_01.sub	d:/ymir work/ui/skill/sura/geomhwan_01.sub	1
ETC/ymir work/ui/game/quest/questicon/level_24.sub	d:/ymir work/ui/game/quest/questicon/level_24.sub	1
ETC/ymir work/ui/game/quest/questicon/level_25.sub	d:/ymir work/ui/game/quest/questicon/level_25.sub	1
ETC/ymir work/ui/game/quest/questicon/level_26.sub	d:/ymir work/ui/game/quest/questicon/level_26.sub	1
ETC/ymir work/ui/game/quest/questicon/level_27.sub	d:/ymir work/ui/game/quest/questicon/level_27.sub	1
ETC/ymir work/ui/game/quest/questicon/level_28.sub	d:/ymir work/ui/game/quest/questicon/level_28.sub	1
ETC/ymir work/ui/public/public_intro_btn/racename_btn.sub	d:/ymir work/ui/public/public_intro_btn/racename_btn.sub	1
ETC/ymir work/ui/game/questboard/1001.tga	d:/ymir work/ui/game/questboard/1001.tga	1
ETC/ymir work/ui/skill/common/affect/powerfulstrike.sub	d:/ymir work/ui/skill/common/affect/powerfulstrike.sub	1
ETC/ymir work/ui/skill/assassin/sangong_04.sub	d:/ymir work/ui/skill/assassin/sangong_04.sub	1
ETC/ymir work/ui/public/scrollbar_thin_down_button_03.sub	d:/ymir work/ui/public/scrollbar_thin_down_button_03.sub	1
ETC/ymir work/ui/game/questboard/1002.tga	d:/ymir work/ui/game/questboard/1002.tga	1
ETC/ymir work/ui/game/questboard/1063.tga	d:/ymir work/ui/game/questboard/1063.tga	1
ETC/ymir work/ui/game/questboard/1065.tga	d:/ymir work/ui/game/questboard/1065.tga	1
ETC/ymir work/ui/game/questboard/1069.tga	d:/ymir work/ui/game/questboard/1069.tga	1
ETC/ymir work/ui/game/questboard/1071.tga	d:/ymir work/ui/game/questboard/1071.tga	1
ETC/ymir work/ui/skill/assassin/gwangyeok_04.sub	d:/ymir work/ui/skill/assassin/gwangyeok_04.sub	1
ETC/ymir work/ui/game/questboard/1105.tga	d:/ymir work/ui/game/questboard/1105.tga	1
ETC/ymir work/ui/game/questboard/1106.tga	d:/ymir work/ui/game/questboard/1106.tga	1
ETC/ymir work/ui/game/questboard/1132.tga	d:/ymir work/ui/game/questboard/1132.tga	1
ETC/ymir work/ui/game/questboard/1135.tga	d:/ymir work/ui/game/questboard/1135.tga	1
ETC/ymir work/ui/game/questboard/1137.tga	d:/ymir work/ui/game/questboard/1137.tga	1
ETC/ymir work/ui/game/questboard/2033.tga	d:/ymir work/ui/game/questboard/2033.tga	1
ETC/ymir work/ui/game/questboard/2061.tga	d:/ymir work/ui/game/questboard/2061.tga	1
ETC/ymir work/ui/game/questboard/2063.tga	d:/ymir work/ui/game/questboard/2063.tga	1
ETC/ymir work/ui/public/slotactiveeffect/slot2/08.sub	d:/ymir work/ui/public/slotactiveeffect/slot2/08.sub	1
ETC/ymir work/ui/game/questboard/2106.tga	d:/ymir work/ui/game/questboard/2106.tga	1
ETC/ymir work/ui/minimap/minimap_scaledown_default.sub	d:/ymir work/ui/minimap/minimap_scaledown_default.sub	1
ETC/ymir work/ui/pattern/myshop/ribon/p_ribon_top.tga	d:/ymir work/ui/pattern/myshop/ribon/p_ribon_top.tga	1
ETC/ymir work/ui/game/questboard/2131.tga	d:/ymir work/ui/game/questboard/2131.tga	1
ETC/ymir work/ui/intro/empire/background/empire_sinsu.jpg	d:/ymir work/ui/intro/empire/background/empire_sinsu.jpg	1
ETC/ymir work/ui/skill/assassin/yeonsa_02.sub	d:/ymir work/ui/skill/assassin/yeonsa_02.sub	1
ETC/ymir work/ui/game/questboard/2202.tga	d:/ymir work/ui/game/questboard/2202.tga	1
ETC/ymir work/ui/game/questboard/2301.tga	d:/ymir work/ui/game/questboard/2301.tga	1
ETC/ymir work/ui/game/questboard/2302.tga	d:/ymir work/ui/game/questboard/2302.tga	1
ETC/ymir work/ui/game/questboard/2304.tga	d:/ymir work/ui/game/questboard/2304.tga	1
ETC/ymir work/ui/game/questboard/2305.tga	d:/ymir work/ui/game/questboard/2305.tga	1
ETC/ymir work/ui/game/questboard/2312.tga	d:/ymir work/ui/game/questboard/2312.tga	1
ETC/ymir work/ui/minimap/mini_waypoint09.sub	d:/ymir work/ui/minimap/mini_waypoint09.sub	1
ETC/ymir work/ui/game/questboard/2314.tga	d:/ymir work/ui/game/questboard/2314.tga	1
ETC/ymir work/ui/game/questboard/2315.tga	d:/ymir work/ui/game/questboard/2315.tga	1
ETC/ymir work/ui/game/taskbar/4.sub	d:/ymir work/ui/game/taskbar/4.sub	1
ETC/ymir work/ui/game/questboard/402.tga	d:/ymir work/ui/game/questboard/402.tga	1
ETC/ymir work/ui/game/questboard/5124.tga	d:/ymir work/ui/game/questboard/5124.tga	1
ETC/ymir work/ui/minimap/minimap_close_down.sub	d:/ymir work/ui/minimap/minimap_close_down.sub	1
ETC/ymir work/ui/game/questboard/5125.tga	d:/ymir work/ui/game/questboard/5125.tga	1
ETC/ymir work/ui/game/questboard/756.tga	d:/ymir work/ui/game/questboard/756.tga	1
ETC/ymir work/ui/public/slot_cover_button_03.sub	d:/ymir work/ui/public/slot_cover_button_03.sub	1
ETC/ymir work/ui/skill/warrior/samyeon_02.sub	d:/ymir work/ui/skill/warrior/samyeon_02.sub	1
ETC/ymir work/ui/game/questboard/776.tga	d:/ymir work/ui/game/questboard/776.tga	1
ETC/ymir work/ui/game/taskbar/mouse_button_attack_02.sub	d:/ymir work/ui/game/taskbar/mouse_button_attack_02.sub	1
ETC/ymir work/ui/inventory/eqtabopen_2.tga	d:/ymir work/ui/inventory/eqtabopen_2.tga	1
ETC/ymir work/ui/game/questboard/777.tga	d:/ymir work/ui/game/questboard/777.tga	1
ETC/ymir work/ui/game/questboard/935.tga	d:/ymir work/ui/game/questboard/935.tga	1
ETC/ymir work/ui/tunga/login/wiki_btn_default.dds	d:/ymir work/ui/tunga/login/wiki_btn_default.dds	1
ETC/ymir work/ui/game/questboard/937.tga	d:/ymir work/ui/game/questboard/937.tga	1
ETC/ymir work/ui/search/clear_btn1.png	d:/ymir work/ui/search/clear_btn1.png	1
ETC/ymir work/ui/game/questboard/bak_gung.tga	d:/ymir work/ui/game/questboard/bak_gung.tga	1
ETC/ymir work/ui/skill/common/support/language1.sub	d:/ymir work/ui/skill/common/support/language1.sub	1
ETC/ymir work/ui/game/taskbar/rampage_01/15.sub	d:/ymir work/ui/game/taskbar/rampage_01/15.sub	1
ETC/ymir work/ui/intro/public_intro/name/name_shaman_small.sub	d:/ymir work/ui/intro/public_intro/name/name_shaman_small.sub	1
ETC/ymir work/ui/game/questboard/bak_inf.tga	d:/ymir work/ui/game/questboard/bak_inf.tga	1
ETC/ymir work/ui/game/questboard/dog.tga	d:/ymir work/ui/game/questboard/dog.tga	1
ETC/ymir work/ui/skill/sura/swaeryeong_03.sub	d:/ymir work/ui/skill/sura/swaeryeong_03.sub	1
ETC/ymir work/ui/game/questboard/gwoijil.tga	d:/ymir work/ui/game/questboard/gwoijil.tga	1
ETC/ymir work/ui/pattern/gauge_purple.tga	d:/ymir work/ui/pattern/gauge_purple.tga	1
ETC/ymir work/ui/game/windows/money_icon.sub	d:/ymir work/ui/game/windows/money_icon.sub	1
ETC/ymir work/ui/game/windows/party_skill_warp_01.sub	d:/ymir work/ui/game/windows/party_skill_warp_01.sub	1
ETC/ymir work/ui/tunga/login/instagram_button.tga	d:/ymir work/ui/tunga/login/instagram_button.tga	1
ETC/ymir work/ui/game/toggle_switch/special/checked.png	d:/ymir work/ui/game/toggle_switch/special/checked.png	1
ETC/ymir work/ui/search/sash.dds	d:/ymir work/ui/search/sash.dds	1
ETC/ymir work/ui/pattern/thinboardcircle/thinboard_corner_rightbottom_circle.tga	d:/ymir work/ui/pattern/thinboardcircle/thinboard_corner_rightbottom_circle.tga	1
ETC/ymir work/ui/game/windows/messenger_list_open.sub	d:/ymir work/ui/game/windows/messenger_list_open.sub	1
ETC/ymir work/ui/game/questboard/huk_gen1.tga	d:/ymir work/ui/game/questboard/huk_gen1.tga	1
ETC/ymir work/ui/game/questboard/huk_gen2.tga	d:/ymir work/ui/game/questboard/huk_gen2.tga	1
ETC/ymir work/ui/game/questboard/level_02.tga	d:/ymir work/ui/game/questboard/level_02.tga	1
ETC/ymir work/ui/game/taskbar/chat_button_01.sub	d:/ymir work/ui/game/taskbar/chat_button_01.sub	1
ETC/ymir work/ui/game/questboard/level_16.tga	d:/ymir work/ui/game/questboard/level_16.tga	1
ETC/ymir work/ui/game/questboard/level_20.tga	d:/ymir work/ui/game/questboard/level_20.tga	1
ETC/ymir work/ui/pattern/myshop/ice/p_ice_bottom.tga	d:/ymir work/ui/pattern/myshop/ice/p_ice_bottom.tga	1
ETC/ymir work/ui/game/questboard/level_21.tga	d:/ymir work/ui/game/questboard/level_21.tga	1
ETC/ymir work/ui/pattern/board_line_top.tga	d:/ymir work/ui/pattern/board_line_top.tga	1
ETC/ymir work/ui/public/number2/8.sub	d:/ymir work/ui/public/number2/8.sub	1
ETC/ymir work/ui/game/questboard/level_24.tga	d:/ymir work/ui/game/questboard/level_24.tga	1
ETC/ymir work/ui/pattern/thinboardcircle/thinboard_line_bottom_circle.tga	d:/ymir work/ui/pattern/thinboardcircle/thinboard_line_bottom_circle.tga	1
ETC/ymir work/ui/game/questboard/level_27.tga	d:/ymir work/ui/game/questboard/level_27.tga	1
ETC/ymir work/ui/skill/shaman/byeorak_01.sub	d:/ymir work/ui/skill/shaman/byeorak_01.sub	1
ETC/ymir work/ui/game/questboard/level_bg.tga	d:/ymir work/ui/game/questboard/level_bg.tga	1
ETC/ymir work/ui/public/number/3.sub	d:/ymir work/ui/public/number/3.sub	1
ETC/ymir work/ui/game/questboard/mil_na.tga	d:/ymir work/ui/game/questboard/mil_na.tga	1
ETC/ymir work/ui/game/questboard/o_inf.tga	d:/ymir work/ui/game/questboard/o_inf.tga	1
ETC/ymir work/ui/skill/sura/jumagap_03.sub	d:/ymir work/ui/skill/sura/jumagap_03.sub	1
ETC/ymir work/ui/game/questboard/tiger.tga	d:/ymir work/ui/game/questboard/tiger.tga	1
ETC/ymir work/ui/skill/shaman/jeungryeok_01.sub	d:/ymir work/ui/skill/shaman/jeungryeok_01.sub	1
ETC/ymir work/ui/skill/warrior/daejin_03.sub	d:/ymir work/ui/skill/warrior/daejin_03.sub	1
ETC/ymir work/ui/game/questboard/ung_inf.tga	d:/ymir work/ui/game/questboard/ung_inf.tga	1
ETC/ymir work/ui/public/public_intro_btn/shape1_btn_03.sub	d:/ymir work/ui/public/public_intro_btn/shape1_btn_03.sub	1
ETC/ymir work/ui/game/toggle_switch/checked.png	d:/ymir work/ui/game/toggle_switch/checked.png	1
ETC/ymir work/ui/public/public_intro_btn/sex_m_btn_01.sub	d:/ymir work/ui/public/public_intro_btn/sex_m_btn_01.sub	1
ETC/ymir work/ui/game/refine/checked.tga	d:/ymir work/ui/game/refine/checked.tga	1
ETC/ymir work/ui/game/taskbar/2.sub	d:/ymir work/ui/game/taskbar/2.sub	1
ETC/ymir work/ui/intro/pattern/background_pattern.tga	d:/ymir work/ui/intro/pattern/background_pattern.tga	1
ETC/ymir work/ui/game/taskbar/5.sub	d:/ymir work/ui/game/taskbar/5.sub	1
ETC/ymir work/ui/game/taskbar/9.sub	d:/ymir work/ui/game/taskbar/9.sub	1
ETC/ymir work/ui/minimap/waypoint06.sub	d:/ymir work/ui/minimap/waypoint06.sub	1
ETC/ymir work/ui/game/taskbar/character_button_01.sub	d:/ymir work/ui/game/taskbar/character_button_01.sub	1
ETC/ymir work/ui/game/taskbar/chat_button_03.sub	d:/ymir work/ui/game/taskbar/chat_button_03.sub	1
ETC/ymir work/ui/game/taskbar/community_button_02.sub	d:/ymir work/ui/game/taskbar/community_button_02.sub	1
ETC/ymir work/ui/game/taskbar/f3.sub	d:/ymir work/ui/game/taskbar/f3.sub	1
ETC/ymir work/ui/game/taskbar/gauge.sub	d:/ymir work/ui/game/taskbar/gauge.sub	1
ETC/ymir work/ui/game/taskbar/ignore_button_02.sub	d:/ymir work/ui/game/taskbar/ignore_button_02.sub	1
ETC/ymir work/ui/tunga/login/web_btn_down.dds	d:/ymir work/ui/tunga/login/web_btn_down.dds	1
ETC/ymir work/ui/game/taskbar/inventory_button_01.sub	d:/ymir work/ui/game/taskbar/inventory_button_01.sub	1
ETC/ymir work/ui/search/shaman_m.png	d:/ymir work/ui/search/shaman_m.png	1
ETC/ymir work/ui/game/taskbar/rampage_01/03.sub	d:/ymir work/ui/game/taskbar/rampage_01/03.sub	1
ETC/ymir work/ui/game/taskbar/inventory_button_03.sub	d:/ymir work/ui/game/taskbar/inventory_button_03.sub	1
ETC/ymir work/ui/search/filter_btn2.png	d:/ymir work/ui/search/filter_btn2.png	1
ETC/ymir work/ui/game/taskbar/m.sub	d:/ymir work/ui/game/taskbar/m.sub	1
ETC/ymir work/ui/game/taskbar/mouse_button_attack_01.sub	d:/ymir work/ui/game/taskbar/mouse_button_attack_01.sub	1
ETC/ymir work/ui/game/taskbar/mouse_button_auto_attack_01.sub	d:/ymir work/ui/game/taskbar/mouse_button_auto_attack_01.sub	1
ETC/ymir work/ui/game/windows/requirementsign.sub	d:/ymir work/ui/game/windows/requirementsign.sub	1
ETC/ymir work/ui/skill/passive/p_tanhwan_02.sub	d:/ymir work/ui/skill/passive/p_tanhwan_02.sub	1
ETC/ymir work/ui/pattern/ime/corner_righttop.tga	d:/ymir work/ui/pattern/ime/corner_righttop.tga	1
ETC/ymir work/ui/game/taskbar/mouse_button_auto_attack_02.sub	d:/ymir work/ui/game/taskbar/mouse_button_auto_attack_02.sub	1
ETC/ymir work/ui/minimap/mini_waypoint04.sub	d:/ymir work/ui/minimap/mini_waypoint04.sub	1
ETC/ymir work/ui/pattern/myshop/paper/p_paper_left_top.tga	d:/ymir work/ui/pattern/myshop/paper/p_paper_left_top.tga	1
ETC/ymir work/ui/game/taskbar/mouse_button_metin_farm_03.sub	d:/ymir work/ui/game/taskbar/mouse_button_metin_farm_03.sub	1
ETC/ymir work/ui/search/tree_end.dds	d:/ymir work/ui/search/tree_end.dds	1
ETC/ymir work/ui/game/taskbar/mouse_button_move_01.sub	d:/ymir work/ui/game/taskbar/mouse_button_move_01.sub	1
ETC/ymir work/ui/game/taskbar/system_button_03.sub	d:/ymir work/ui/game/taskbar/system_button_03.sub	1
ETC/ymir work/ui/game/taskbar/mouse_button_move_and_attack_01.sub	d:/ymir work/ui/game/taskbar/mouse_button_move_and_attack_01.sub	1
ETC/ymir work/ui/public/slotactiveeffect/slot3/07.sub	d:/ymir work/ui/public/slotactiveeffect/slot3/07.sub	1
ETC/ymir work/ui/game/taskbar/mouse_button_skill_01.sub	d:/ymir work/ui/game/taskbar/mouse_button_skill_01.sub	1
ETC/ymir work/ui/game/taskbar/mouse_button_skill_03.sub	d:/ymir work/ui/game/taskbar/mouse_button_skill_03.sub	1
ETC/ymir work/ui/pattern/horsestate/22.dds	d:/ymir work/ui/pattern/horsestate/22.dds	1
ETC/ymir work/ui/intro/public_intro/name/name_assassin_small.sub	d:/ymir work/ui/intro/public_intro/name/name_assassin_small.sub	1
ETC/ymir work/ui/game/taskbar/open_chat_log_button_02.sub	d:/ymir work/ui/game/taskbar/open_chat_log_button_02.sub	1
ETC/ymir work/ui/public/public_intro_btn/sex_w_btn_03.sub	d:/ymir work/ui/public/public_intro_btn/sex_w_btn_03.sub	1
ETC/ymir work/ui/game/taskbar/open_chat_log_button_03.sub	d:/ymir work/ui/game/taskbar/open_chat_log_button_03.sub	1
ETC/ymir work/ui/skill/warrior/cheongeun_02.sub	d:/ymir work/ui/skill/warrior/cheongeun_02.sub	1
ETC/ymir work/ui/game/taskbar/quickslot_downbutton_02.sub	d:/ymir work/ui/game/taskbar/quickslot_downbutton_02.sub	1
ETC/ymir work/ui/tunga/login/language/flag_hu_over.tga	d:/ymir work/ui/tunga/login/language/flag_hu_over.tga	1
ETC/ymir work/ui/game/taskbar/quickslot_downbutton_03.sub	d:/ymir work/ui/game/taskbar/quickslot_downbutton_03.sub	1
ETC/ymir work/ui/game/taskbar/quickslot_upbutton_02.sub	d:/ymir work/ui/game/taskbar/quickslot_upbutton_02.sub	1
ETC/ymir work/ui/offlineshop/offline_btn3.png	d:/ymir work/ui/offlineshop/offline_btn3.png	1
ETC/ymir work/ui/game/taskbar/send_whisper_button_01.sub	d:/ymir work/ui/game/taskbar/send_whisper_button_01.sub	1
ETC/ymir work/ui/game/taskbar/rampage_01/00.sub	d:/ymir work/ui/game/taskbar/rampage_01/00.sub	1
ETC/ymir work/ui/game/taskbar/rampage_01/02.sub	d:/ymir work/ui/game/taskbar/rampage_01/02.sub	1
ETC/ymir work/ui/game/taskbar/rampage_01/12.sub	d:/ymir work/ui/game/taskbar/rampage_01/12.sub	1
ETC/ymir work/ui/public/public_intro_btn/sex_m_btn_03.sub	d:/ymir work/ui/public/public_intro_btn/sex_m_btn_03.sub	1
ETC/ymir work/ui/search/male1.png	d:/ymir work/ui/search/male1.png	1
ETC/ymir work/ui/pattern/hpgauge/02.tga	d:/ymir work/ui/pattern/hpgauge/02.tga	1
ETC/ymir work/ui/intro/shadow/shadow.tga	d:/ymir work/ui/intro/shadow/shadow.tga	1
ETC/ymir work/ui/game/taskbar/rampage_01/06.sub	d:/ymir work/ui/game/taskbar/rampage_01/06.sub	1
ETC/ymir work/ui/game/taskbar/rampage_01/07.sub	d:/ymir work/ui/game/taskbar/rampage_01/07.sub	1
ETC/ymir work/ui/game/taskbar/rampage_01/09.sub	d:/ymir work/ui/game/taskbar/rampage_01/09.sub	1
ETC/ymir work/ui/skill/warrior/geomgyeong_02.sub	d:/ymir work/ui/skill/warrior/geomgyeong_02.sub	1
ETC/ymir work/ui/game/taskbar/rampage_01/14.sub	d:/ymir work/ui/game/taskbar/rampage_01/14.sub	1
ETC/ymir work/ui/intro/loading/gauge_empty.sub	d:/ymir work/ui/intro/loading/gauge_empty.sub	1
ETC/ymir work/ui/public/slotactiveeffect/slot2/06.sub	d:/ymir work/ui/public/slotactiveeffect/slot2/06.sub	1
ETC/ymir work/ui/game/taskbar/rampage_01/16.sub	d:/ymir work/ui/game/taskbar/rampage_01/16.sub	1
ETC/ymir work/ui/game/toggle_switch/unchecked.png	d:/ymir work/ui/game/toggle_switch/unchecked.png	1
ETC/ymir work/ui/intro/empire/background/empire_jinno.jpg	d:/ymir work/ui/intro/empire/background/empire_jinno.jpg	1
ETC/ymir work/ui/pattern/spgauge/04.tga	d:/ymir work/ui/pattern/spgauge/04.tga	1
ETC/ymir work/ui/game/windows/accept_button_off.sub	d:/ymir work/ui/game/windows/accept_button_off.sub	1
ETC/ymir work/ui/game/windows/accept_button_on.sub	d:/ymir work/ui/game/windows/accept_button_on.sub	1
ETC/ymir work/ui/game/windows/attach_metin_arrow.sub	d:/ymir work/ui/game/windows/attach_metin_arrow.sub	1
ETC/ymir work/ui/game/windows/btn_bigplus_over.sub	d:/ymir work/ui/game/windows/btn_bigplus_over.sub	1
ETC/ymir work/ui/game/windows/btn_minus_dis.sub	d:/ymir work/ui/game/windows/btn_minus_dis.sub	1
ETC/ymir work/ui/game/windows/btn_minus_down.sub	d:/ymir work/ui/game/windows/btn_minus_down.sub	1
ETC/ymir work/ui/game/windows/btn_plus_dis.sub	d:/ymir work/ui/game/windows/btn_plus_dis.sub	1
ETC/ymir work/ui/game/windows/dragon_icon.tga	d:/ymir work/ui/game/windows/dragon_icon.tga	1
ETC/ymir work/ui/public/slotactiveeffect/slot2/02.sub	d:/ymir work/ui/public/slotactiveeffect/slot2/02.sub	1
ETC/ymir work/ui/game/windows/emotion_french_kiss.sub	d:/ymir work/ui/game/windows/emotion_french_kiss.sub	1
ETC/ymir work/ui/skill/passive/p_tanhwan_03.sub	d:/ymir work/ui/skill/passive/p_tanhwan_03.sub	1
ETC/ymir work/ui/game/windows/equipment_base.sub	d:/ymir work/ui/game/windows/equipment_base.sub	1
ETC/ymir work/ui/game/windows/face_assassin_rampage.sub	d:/ymir work/ui/game/windows/face_assassin_rampage.sub	1
ETC/ymir work/ui/game/windows/face_shaman.sub	d:/ymir work/ui/game/windows/face_shaman.sub	1
ETC/ymir work/ui/game/windows/face_sura.sub	d:/ymir work/ui/game/windows/face_sura.sub	1
ETC/ymir work/ui/skill/shaman/gicheon_04.sub	d:/ymir work/ui/skill/shaman/gicheon_04.sub	1
ETC/ymir work/ui/game/windows/face_sura_rampage.sub	d:/ymir work/ui/game/windows/face_sura_rampage.sub	1
ETC/ymir work/ui/public/number/0.sub	d:/ymir work/ui/public/number/0.sub	1
ETC/ymir work/ui/game/windows/face_warrior_rampage.sub	d:/ymir work/ui/game/windows/face_warrior_rampage.sub	1
ETC/ymir work/ui/game/windows/messenger_add_friend_01.sub	d:/ymir work/ui/game/windows/messenger_add_friend_01.sub	1
ETC/ymir work/ui/skill/shaman/noejeon_04.sub	d:/ymir work/ui/skill/shaman/noejeon_04.sub	1
ETC/ymir work/ui/game/windows/messenger_delete_02.sub	d:/ymir work/ui/game/windows/messenger_delete_02.sub	1
ETC/ymir work/ui/game/windows/messenger_delete_03.sub	d:/ymir work/ui/game/windows/messenger_delete_03.sub	1
ETC/ymir work/ui/game/windows/messenger_delete_04.sub	d:/ymir work/ui/game/windows/messenger_delete_04.sub	1
ETC/ymir work/ui/game/windows/messenger_guild_02.sub	d:/ymir work/ui/game/windows/messenger_guild_02.sub	1
ETC/ymir work/ui/public/public_intro_btn/shape1_btn_02.sub	d:/ymir work/ui/public/public_intro_btn/shape1_btn_02.sub	1
ETC/ymir work/ui/game/windows/messenger_guild_03.sub	d:/ymir work/ui/game/windows/messenger_guild_03.sub	1
ETC/ymir work/ui/pattern/stgauge/01.tga	d:/ymir work/ui/pattern/stgauge/01.tga	1
ETC/ymir work/ui/game/windows/messenger_guild_04.sub	d:/ymir work/ui/game/windows/messenger_guild_04.sub	1
ETC/ymir work/ui/skill/shaman/noejeon_03.sub	d:/ymir work/ui/skill/shaman/noejeon_03.sub	1
ETC/ymir work/ui/game/windows/messenger_list_close.sub	d:/ymir work/ui/game/windows/messenger_list_close.sub	1
ETC/ymir work/ui/pattern/gauge_slot_right.tga	d:/ymir work/ui/pattern/gauge_slot_right.tga	1
ETC/ymir work/ui/public/number2/slash.sub	d:/ymir work/ui/public/number2/slash.sub	1
ETC/ymir work/ui/game/windows/messenger_list_mobile.sub	d:/ymir work/ui/game/windows/messenger_list_mobile.sub	1
ETC/ymir work/ui/skill/passive/p_gigongcham_03.sub	d:/ymir work/ui/skill/passive/p_gigongcham_03.sub	1
ETC/ymir work/ui/skill/shaman/bipabu_02.sub	d:/ymir work/ui/skill/shaman/bipabu_02.sub	1
ETC/ymir work/ui/game/windows/messenger_list_offline.sub	d:/ymir work/ui/game/windows/messenger_list_offline.sub	1
ETC/ymir work/ui/game/windows/messenger_list_online.sub	d:/ymir work/ui/game/windows/messenger_list_online.sub	1
ETC/ymir work/ui/skill/common/support/language2.sub	d:/ymir work/ui/skill/common/support/language2.sub	1
ETC/ymir work/ui/game/windows/messenger_mobile_02.sub	d:/ymir work/ui/game/windows/messenger_mobile_02.sub	1
ETC/ymir work/ui/pattern/lovepoint/02.dds	d:/ymir work/ui/pattern/lovepoint/02.dds	1
ETC/ymir work/ui/game/windows/messenger_mobile_03.sub	d:/ymir work/ui/game/windows/messenger_mobile_03.sub	1
ETC/ymir work/ui/game/windows/messenger_warp_01.sub	d:/ymir work/ui/game/windows/messenger_warp_01.sub	1
ETC/ymir work/ui/game/windows/messenger_warp_02.sub	d:/ymir work/ui/game/windows/messenger_warp_02.sub	1
ETC/ymir work/ui/search/gem.dds	d:/ymir work/ui/search/gem.dds	1
ETC/ymir work/ui/intro/public_intro/face/face_shaman_m_02.sub	d:/ymir work/ui/intro/public_intro/face/face_shaman_m_02.sub	1
ETC/ymir work/ui/game/windows/messenger_warp_03.sub	d:/ymir work/ui/game/windows/messenger_warp_03.sub	1
ETC/ymir work/ui/skill/warrior/daejin_01.sub	d:/ymir work/ui/skill/warrior/daejin_01.sub	1
ETC/ymir work/ui/game/windows/messenger_warp_04.sub	d:/ymir work/ui/game/windows/messenger_warp_04.sub	1
ETC/ymir work/ui/game/windows/messenger_whisper_01.sub	d:/ymir work/ui/game/windows/messenger_whisper_01.sub	1
ETC/ymir work/ui/game/windows/messenger_whisper_03.sub	d:/ymir work/ui/game/windows/messenger_whisper_03.sub	1
ETC/ymir work/ui/search/shaman_m_hover.png	d:/ymir work/ui/search/shaman_m_hover.png	1
ETC/ymir work/ui/game/windows/metin_slot_gold.sub	d:/ymir work/ui/game/windows/metin_slot_gold.sub	1
ETC/ymir work/ui/game/windows/middlebar.sub	d:/ymir work/ui/game/windows/middlebar.sub	1
ETC/ymir work/ui/game/windows/party_affect_defencegrade.sub	d:/ymir work/ui/game/windows/party_affect_defencegrade.sub	1
ETC/ymir work/ui/search/fade.dds	d:/ymir work/ui/search/fade.dds	1
ETC/ymir work/ui/game/windows/party_affect_experience.sub	d:/ymir work/ui/game/windows/party_affect_experience.sub	1
ETC/ymir work/ui/game/windows/party_affect_increasearea_200.sub	d:/ymir work/ui/game/windows/party_affect_increasearea_200.sub	1
ETC/ymir work/ui/game/windows/party_affect_regenbonus.sub	d:/ymir work/ui/game/windows/party_affect_regenbonus.sub	1
ETC/ymir work/ui/game/windows/party_affect_timebonus.sub	d:/ymir work/ui/game/windows/party_affect_timebonus.sub	1
ETC/ymir work/ui/game/windows/party_disband_01.sub	d:/ymir work/ui/game/windows/party_disband_01.sub	1
ETC/ymir work/ui/game/windows/party_disband_02.sub	d:/ymir work/ui/game/windows/party_disband_02.sub	1
ETC/ymir work/ui/game/windows/party_disband_03.sub	d:/ymir work/ui/game/windows/party_disband_03.sub	1
ETC/ymir work/ui/game/windows/party_exit_01.sub	d:/ymir work/ui/game/windows/party_exit_01.sub	1
ETC/ymir work/ui/game/windows/party_exit_02.sub	d:/ymir work/ui/game/windows/party_exit_02.sub	1
ETC/ymir work/ui/skill/warrior/gihyeol_02.sub	d:/ymir work/ui/skill/warrior/gihyeol_02.sub	1
ETC/ymir work/ui/game/windows/party_expel_01.sub	d:/ymir work/ui/game/windows/party_expel_01.sub	1
ETC/ymir work/ui/public/scrollbar_small_thin_up_button_02.sub	d:/ymir work/ui/public/scrollbar_small_thin_up_button_02.sub	1
ETC/ymir work/ui/skill/warrior/tanhwan_03.sub	d:/ymir work/ui/skill/warrior/tanhwan_03.sub	1
ETC/ymir work/ui/game/windows/party_expel_02.sub	d:/ymir work/ui/game/windows/party_expel_02.sub	1
ETC/ymir work/ui/game/windows/party_expel_03.sub	d:/ymir work/ui/game/windows/party_expel_03.sub	1
ETC/ymir work/ui/search/menu2.png	d:/ymir work/ui/search/menu2.png	1
ETC/ymir work/ui/game/windows/party_menu_close_01.sub	d:/ymir work/ui/game/windows/party_menu_close_01.sub	1
ETC/ymir work/ui/game/windows/party_menu_close_03.sub	d:/ymir work/ui/game/windows/party_menu_close_03.sub	1
ETC/ymir work/ui/pattern/q_mark_02.tga	d:/ymir work/ui/pattern/q_mark_02.tga	1
ETC/ymir work/ui/game/windows/party_menu_open_01.sub	d:/ymir work/ui/game/windows/party_menu_open_01.sub	1
ETC/ymir work/ui/skill/warrior/samyeon_01.sub	d:/ymir work/ui/skill/warrior/samyeon_01.sub	1
ETC/ymir work/ui/game/windows/party_menu_open_03.sub	d:/ymir work/ui/game/windows/party_menu_open_03.sub	1
ETC/ymir work/ui/game/windows/party_skill_heal_01.sub	d:/ymir work/ui/game/windows/party_skill_heal_01.sub	1
ETC/ymir work/ui/skill/sura/geomhwan_03.sub	d:/ymir work/ui/skill/sura/geomhwan_03.sub	1
ETC/ymir work/ui/game/windows/party_skill_heal_02.sub	d:/ymir work/ui/game/windows/party_skill_heal_02.sub	1
ETC/ymir work/ui/game/windows/party_skill_heal_03.sub	d:/ymir work/ui/game/windows/party_skill_heal_03.sub	1
ETC/ymir work/ui/game/windows/party_skill_warp_03.sub	d:/ymir work/ui/game/windows/party_skill_warp_03.sub	1
ETC/ymir work/ui/game/windows/party_state_attacker_01.sub	d:/ymir work/ui/game/windows/party_state_attacker_01.sub	1
ETC/ymir work/ui/skill/sura/gongpo_04.sub	d:/ymir work/ui/skill/sura/gongpo_04.sub	1
ETC/ymir work/ui/intro/pattern/line_pattern.tga	d:/ymir work/ui/intro/pattern/line_pattern.tga	1
ETC/ymir work/ui/pattern/gauge_pink.tga	d:/ymir work/ui/pattern/gauge_pink.tga	1
ETC/ymir work/ui/game/windows/party_state_attacker_03.sub	d:/ymir work/ui/game/windows/party_state_attacker_03.sub	1
ETC/ymir work/ui/game/windows/party_state_berserker_01.sub	d:/ymir work/ui/game/windows/party_state_berserker_01.sub	1
ETC/ymir work/ui/game/windows/party_state_berserker_02.sub	d:/ymir work/ui/game/windows/party_state_berserker_02.sub	1
ETC/ymir work/ui/game/windows/skill_tab_button_03.sub	d:/ymir work/ui/game/windows/skill_tab_button_03.sub	1
ETC/ymir work/ui/loading_ani/07.tga	d:/ymir work/ui/loading_ani/07.tga	1
ETC/ymir work/ui/skill/shaman/paeryong_01.sub	d:/ymir work/ui/skill/shaman/paeryong_01.sub	1
ETC/ymir work/ui/game/windows/party_state_buffer_02.sub	d:/ymir work/ui/game/windows/party_state_buffer_02.sub	1
ETC/ymir work/ui/skill/assassin/seomjeon_04.sub	d:/ymir work/ui/skill/assassin/seomjeon_04.sub	1
ETC/ymir work/ui/game/windows/party_state_defender_01.sub	d:/ymir work/ui/game/windows/party_state_defender_01.sub	1
ETC/ymir work/ui/skill/sura/pabeop_02.sub	d:/ymir work/ui/skill/sura/pabeop_02.sub	1
ETC/ymir work/ui/game/windows/party_state_defender_03.sub	d:/ymir work/ui/game/windows/party_state_defender_03.sub	1
ETC/ymir work/ui/loading_ani/00.tga	d:/ymir work/ui/loading_ani/00.tga	1
ETC/ymir work/ui/game/windows/party_state_leader_02.sub	d:/ymir work/ui/game/windows/party_state_leader_02.sub	1
ETC/ymir work/ui/game/windows/party_state_normal_01.sub	d:/ymir work/ui/game/windows/party_state_normal_01.sub	1
ETC/ymir work/ui/game/windows/party_state_normal_02.sub	d:/ymir work/ui/game/windows/party_state_normal_02.sub	1
ETC/ymir work/ui/public/number2/7.sub	d:/ymir work/ui/public/number2/7.sub	1
ETC/ymir work/ui/game/windows/party_state_normal_03.sub	d:/ymir work/ui/game/windows/party_state_normal_03.sub	1
ETC/ymir work/ui/icon/face/shaman_w.tga	d:/ymir work/ui/icon/face/shaman_w.tga	1
ETC/ymir work/ui/game/windows/party_state_tanker_03.sub	d:/ymir work/ui/game/windows/party_state_tanker_03.sub	1
ETC/ymir work/ui/game/windows/skill_board.sub	d:/ymir work/ui/game/windows/skill_board.sub	1
ETC/ymir work/ui/game/windows/skill_tab_button_01.sub	d:/ymir work/ui/game/windows/skill_tab_button_01.sub	1
ETC/ymir work/ui/game/windows/skill_tab_button_02.sub	d:/ymir work/ui/game/windows/skill_tab_button_02.sub	1
ETC/ymir work/ui/public/small_button_03.sub	d:/ymir work/ui/public/small_button_03.sub	1
ETC/ymir work/ui/game/windows/tab_button_large_03.sub	d:/ymir work/ui/game/windows/tab_button_large_03.sub	1
ETC/ymir work/ui/intro/public_intro/face/face_sura_w_02.sub	d:/ymir work/ui/intro/public_intro/face/face_sura_w_02.sub	1
ETC/ymir work/ui/game/windows/tab_button_large_half_02.sub	d:/ymir work/ui/game/windows/tab_button_large_half_02.sub	1
ETC/ymir work/ui/skill/sura/muyeong_01.sub	d:/ymir work/ui/skill/sura/muyeong_01.sub	1
ETC/ymir work/ui/search/slot32.png	d:/ymir work/ui/search/slot32.png	1
ETC/ymir work/ui/game/windows/tab_button_middle_01.sub	d:/ymir work/ui/game/windows/tab_button_middle_01.sub	1
ETC/ymir work/ui/game/windows/tab_button_small_01.sub	d:/ymir work/ui/game/windows/tab_button_small_01.sub	1
ETC/ymir work/ui/game/windows/tab_button_small_03.sub	d:/ymir work/ui/game/windows/tab_button_small_03.sub	1
ETC/ymir work/ui/pattern/horizontalbar_left.tga	d:/ymir work/ui/pattern/horizontalbar_left.tga	1
ETC/ymir work/ui/gemshop/gemshop_backimg.sub	d:/ymir work/ui/gemshop/gemshop_backimg.sub	1
ETC/ymir work/ui/gemshop/gemshop_refreshbutton_down.sub	d:/ymir work/ui/gemshop/gemshop_refreshbutton_down.sub	1
ETC/ymir work/ui/gemshop/gemshop_refreshbutton_over.sub	d:/ymir work/ui/gemshop/gemshop_refreshbutton_over.sub	1
ETC/ymir work/ui/gemshop/gemshop_refreshbutton_up.sub	d:/ymir work/ui/gemshop/gemshop_refreshbutton_up.sub	1
ETC/ymir work/ui/icon/face/assassin_m.tga	d:/ymir work/ui/icon/face/assassin_m.tga	1
ETC/ymir work/ui/minimap/mini_waypoint03.sub	d:/ymir work/ui/minimap/mini_waypoint03.sub	1
ETC/ymir work/ui/icon/face/shaman_m.tga	d:/ymir work/ui/icon/face/shaman_m.tga	1
ETC/ymir work/ui/icon/face/sura_m.tga	d:/ymir work/ui/icon/face/sura_m.tga	1
ETC/ymir work/ui/icon/face/sura_w.tga	d:/ymir work/ui/icon/face/sura_w.tga	1
ETC/ymir work/ui/icon/face/wolf_w.tga	d:/ymir work/ui/icon/face/wolf_w.tga	1
ETC/ymir work/ui/intro/949_select/name_shaman.sub	d:/ymir work/ui/intro/949_select/name_shaman.sub	1
ETC/ymir work/ui/intro/949_select/name_sura.sub	d:/ymir work/ui/intro/949_select/name_sura.sub	1
ETC/ymir work/ui/skill/common/guild/chukbok.sub	d:/ymir work/ui/skill/common/guild/chukbok.sub	1
ETC/ymir work/ui/intro/empire/empirearea_a.sub	d:/ymir work/ui/intro/empire/empirearea_a.sub	1
ETC/ymir work/ui/intro/empire/empirearea_b.sub	d:/ymir work/ui/intro/empire/empirearea_b.sub	1
ETC/ymir work/ui/public/small_thin_button_03.sub	d:/ymir work/ui/public/small_thin_button_03.sub	1
ETC/ymir work/ui/intro/empire/empireareaflag_a.sub	d:/ymir work/ui/intro/empire/empireareaflag_a.sub	1
ETC/ymir work/ui/intro/empire/empireareaflag_b.sub	d:/ymir work/ui/intro/empire/empireareaflag_b.sub	1
ETC/ymir work/ui/tunga/login/exit_btn_down.dds	d:/ymir work/ui/tunga/login/exit_btn_down.dds	1
ETC/ymir work/ui/intro/empire/empireflag_a.sub	d:/ymir work/ui/intro/empire/empireflag_a.sub	1
ETC/ymir work/ui/intro/empire/empireflag_b.sub	d:/ymir work/ui/intro/empire/empireflag_b.sub	1
ETC/ymir work/ui/intro/empire/empireflag_c.sub	d:/ymir work/ui/intro/empire/empireflag_c.sub	1
ETC/ymir work/ui/intro/empire/background/empire_chunjo.jpg	d:/ymir work/ui/intro/empire/background/empire_chunjo.jpg	1
ETC/ymir work/ui/intro/empire/background/empire_chunjo.sub	d:/ymir work/ui/intro/empire/background/empire_chunjo.sub	1
ETC/ymir work/ui/intro/empire/background/empire_select.jpg	d:/ymir work/ui/intro/empire/background/empire_select.jpg	1
ETC/ymir work/ui/intro/empire/background/empire_sinsu.sub	d:/ymir work/ui/intro/empire/background/empire_sinsu.sub	1
ETC/ymir work/ui/public/scrollbar_small_thin_up_button_01.sub	d:/ymir work/ui/public/scrollbar_small_thin_up_button_01.sub	1
ETC/ymir work/ui/pattern/myshop/fire/p_fire_left_bottom.tga	d:/ymir work/ui/pattern/myshop/fire/p_fire_left_bottom.tga	1
ETC/ymir work/ui/intro/loading/00.sub	d:/ymir work/ui/intro/loading/00.sub	1
ETC/ymir work/ui/intro/loading/01.sub	d:/ymir work/ui/intro/loading/01.sub	1
ETC/ymir work/ui/public/slotactiveeffect/12.sub	d:/ymir work/ui/public/slotactiveeffect/12.sub	1
ETC/ymir work/ui/intro/loading/03.sub	d:/ymir work/ui/intro/loading/03.sub	1
ETC/ymir work/ui/intro/loading/04.sub	d:/ymir work/ui/intro/loading/04.sub	1
ETC/ymir work/ui/intro/loading/06.sub	d:/ymir work/ui/intro/loading/06.sub	1
ETC/ymir work/ui/intro/loading/07.sub	d:/ymir work/ui/intro/loading/07.sub	1
ETC/ymir work/ui/intro/loading/09.sub	d:/ymir work/ui/intro/loading/09.sub	1
ETC/ymir work/ui/intro/loading/12.sub	d:/ymir work/ui/intro/loading/12.sub	1
ETC/ymir work/ui/intro/loading/13.sub	d:/ymir work/ui/intro/loading/13.sub	1
ETC/ymir work/ui/search/ring.dds	d:/ymir work/ui/search/ring.dds	1
ETC/ymir work/ui/intro/loading/14.sub	d:/ymir work/ui/intro/loading/14.sub	1
ETC/ymir work/ui/search/paw.dds	d:/ymir work/ui/search/paw.dds	1
ETC/ymir work/ui/intro/loading/17.sub	d:/ymir work/ui/intro/loading/17.sub	1
ETC/ymir work/ui/pattern/thinboardgold/thinboard_corner_leftbottom_gold.tga	d:/ymir work/ui/pattern/thinboardgold/thinboard_corner_leftbottom_gold.tga	1
ETC/ymir work/ui/tunga/flag/shinsoo.tga	d:/ymir work/ui/tunga/flag/shinsoo.tga	1
ETC/ymir work/ui/intro/loading/18.sub	d:/ymir work/ui/intro/loading/18.sub	1
ETC/ymir work/ui/intro/loading/22.sub	d:/ymir work/ui/intro/loading/22.sub	1
ETC/ymir work/ui/intro/loading/gauge_full.sub	d:/ymir work/ui/intro/loading/gauge_full.sub	1
ETC/ymir work/ui/intro/loading/loading.sub	d:/ymir work/ui/intro/loading/loading.sub	1
ETC/ymir work/ui/intro/login/background_alpha.sub	d:/ymir work/ui/intro/login/background_alpha.sub	1
ETC/ymir work/ui/intro/login/metin2_logo_1.sub	d:/ymir work/ui/intro/login/metin2_logo_1.sub	1
ETC/ymir work/ui/intro/login/metin2_logo_2.sub	d:/ymir work/ui/intro/login/metin2_logo_2.sub	1
ETC/ymir work/ui/intro/pattern/intro_background.dds	d:/ymir work/ui/intro/pattern/intro_background.dds	1
ETC/ymir work/ui/intro/public_intro/face/face_assassin_w_02.sub	d:/ymir work/ui/intro/public_intro/face/face_assassin_w_02.sub	1
ETC/ymir work/ui/intro/public_intro/face/face_shaman_w_02.sub	d:/ymir work/ui/intro/public_intro/face/face_shaman_w_02.sub	1
ETC/ymir work/ui/intro/public_intro/face/face_warrior_m_02.sub	d:/ymir work/ui/intro/public_intro/face/face_warrior_m_02.sub	1
ETC/ymir work/ui/intro/public_intro/face/face_wolfman_m_01.sub	d:/ymir work/ui/intro/public_intro/face/face_wolfman_m_01.sub	1
ETC/ymir work/ui/intro/public_intro/face/face_wolfman_m_02.sub	d:/ymir work/ui/intro/public_intro/face/face_wolfman_m_02.sub	1
ETC/ymir work/ui/offlineshop/edit_btn2.png	d:/ymir work/ui/offlineshop/edit_btn2.png	1
ETC/ymir work/ui/intro/public_intro/name/name_wolfman_small.sub	d:/ymir work/ui/intro/public_intro/name/name_wolfman_small.sub	1
ETC/ymir work/ui/intro/select/dragon_left_button_01.sub	d:/ymir work/ui/intro/select/dragon_left_button_01.sub	1
ETC/ymir work/ui/intro/select/dragon_left_button_02.sub	d:/ymir work/ui/intro/select/dragon_left_button_02.sub	1
ETC/ymir work/ui/intro/select/dragon_right_button_02.sub	d:/ymir work/ui/intro/select/dragon_right_button_02.sub	1
ETC/ymir work/ui/intro/select/left_button_01.sub	d:/ymir work/ui/intro/select/left_button_01.sub	1
ETC/ymir work/ui/intro/select/left_button_02.sub	d:/ymir work/ui/intro/select/left_button_02.sub	1
ETC/ymir work/ui/pattern/titlebar_left.tga	d:/ymir work/ui/pattern/titlebar_left.tga	1
ETC/ymir work/ui/intro/select/left_button_03.sub	d:/ymir work/ui/intro/select/left_button_03.sub	1
ETC/ymir work/ui/intro/select/right_button_01.sub	d:/ymir work/ui/intro/select/right_button_01.sub	1
ETC/ymir work/ui/intro/select/right_button_03.sub	d:/ymir work/ui/intro/select/right_button_03.sub	1
ETC/ymir work/ui/inventory/eqtabclosed_2.tga	d:/ymir work/ui/inventory/eqtabclosed_2.tga	1
ETC/ymir work/ui/inventory/eqtabopen_1.tga	d:/ymir work/ui/inventory/eqtabopen_1.tga	1
ETC/ymir work/ui/inventory/new_costumebg.tga	d:/ymir work/ui/inventory/new_costumebg.tga	1
ETC/ymir work/ui/loading_ani/01.tga	d:/ymir work/ui/loading_ani/01.tga	1
ETC/ymir work/ui/search/submenu3.png	d:/ymir work/ui/search/submenu3.png	1
ETC/ymir work/ui/loading_ani/02.tga	d:/ymir work/ui/loading_ani/02.tga	1
ETC/ymir work/ui/loading_ani/03.tga	d:/ymir work/ui/loading_ani/03.tga	1
ETC/ymir work/ui/loading_ani/04.tga	d:/ymir work/ui/loading_ani/04.tga	1
ETC/ymir work/ui/loading_ani/05.tga	d:/ymir work/ui/loading_ani/05.tga	1
ETC/ymir work/ui/skill/sura/jumagap_02.sub	d:/ymir work/ui/skill/sura/jumagap_02.sub	1
ETC/ymir work/ui/minimap/atlas_open_default.sub	d:/ymir work/ui/minimap/atlas_open_default.sub	1
ETC/ymir work/ui/minimap/atlas_open_down.sub	d:/ymir work/ui/minimap/atlas_open_down.sub	1
ETC/ymir work/ui/minimap/atlas_open_over.sub	d:/ymir work/ui/minimap/atlas_open_over.sub	1
ETC/ymir work/ui/skill/assassin/gwangyeok_03.sub	d:/ymir work/ui/skill/assassin/gwangyeok_03.sub	1
ETC/ymir work/ui/minimap/mini_waypoint05.sub	d:/ymir work/ui/minimap/mini_waypoint05.sub	1
ETC/ymir work/ui/minimap/mini_waypoint06.sub	d:/ymir work/ui/minimap/mini_waypoint06.sub	1
ETC/ymir work/ui/public/slotactiveeffect/slot3/01.sub	d:/ymir work/ui/public/slotactiveeffect/slot3/01.sub	1
ETC/ymir work/ui/minimap/mini_waypoint07.sub	d:/ymir work/ui/minimap/mini_waypoint07.sub	1
ETC/ymir work/ui/skill/warrior/gyeoksan_03.sub	d:/ymir work/ui/skill/warrior/gyeoksan_03.sub	1
ETC/ymir work/ui/minimap/mini_waypoint10.sub	d:/ymir work/ui/minimap/mini_waypoint10.sub	1
ETC/ymir work/ui/pattern/myshop/ice/p_ice_left_bottom.tga	d:/ymir work/ui/pattern/myshop/ice/p_ice_left_bottom.tga	1
ETC/ymir work/ui/public/number2/2.sub	d:/ymir work/ui/public/number2/2.sub	1
ETC/ymir work/ui/minimap/minimap.sub	d:/ymir work/ui/minimap/minimap.sub	1
ETC/ymir work/ui/minimap/minimap_close_default.sub	d:/ymir work/ui/minimap/minimap_close_default.sub	1
ETC/ymir work/ui/minimap/minimap_close_over.sub	d:/ymir work/ui/minimap/minimap_close_over.sub	1
ETC/ymir work/ui/minimap/minimap_open_default.sub	d:/ymir work/ui/minimap/minimap_open_default.sub	1
ETC/ymir work/ui/pattern/chatlogwindow_titlebar_middle.tga	d:/ymir work/ui/pattern/chatlogwindow_titlebar_middle.tga	1
ETC/ymir work/ui/minimap/minimap_scaledown_down.sub	d:/ymir work/ui/minimap/minimap_scaledown_down.sub	1
ETC/ymir work/ui/minimap/waypoint12.sub	d:/ymir work/ui/minimap/waypoint12.sub	1
ETC/ymir work/ui/offlineshop/lock.png	d:/ymir work/ui/offlineshop/lock.png	1
ETC/ymir work/ui/minimap/minimap_scaleup_default.sub	d:/ymir work/ui/minimap/minimap_scaleup_default.sub	1
ETC/ymir work/ui/minimap/minimap_scaleup_over.sub	d:/ymir work/ui/minimap/minimap_scaleup_over.sub	1
ETC/ymir work/ui/tunga/login/twitch_btn_default.dds	d:/ymir work/ui/tunga/login/twitch_btn_default.dds	1
ETC/ymir work/ui/public/large_button_03.sub	d:/ymir work/ui/public/large_button_03.sub	1
ETC/ymir work/ui/minimap/playermark.sub	d:/ymir work/ui/minimap/playermark.sub	1
ETC/ymir work/ui/pattern/titlebar_right.tga	d:/ymir work/ui/pattern/titlebar_right.tga	1
ETC/ymir work/ui/minimap/waypoint01.sub	d:/ymir work/ui/minimap/waypoint01.sub	1
ETC/ymir work/ui/minimap/waypoint02.sub	d:/ymir work/ui/minimap/waypoint02.sub	1
ETC/ymir work/ui/minimap/waypoint03.sub	d:/ymir work/ui/minimap/waypoint03.sub	1
ETC/ymir work/ui/public/slotactiveeffect/slot3/02.sub	d:/ymir work/ui/public/slotactiveeffect/slot3/02.sub	1
ETC/ymir work/ui/skill/common/support/riding_01.sub	d:/ymir work/ui/skill/common/support/riding_01.sub	1
ETC/ymir work/ui/minimap/waypoint04.sub	d:/ymir work/ui/minimap/waypoint04.sub	1
ETC/ymir work/ui/minimap/waypoint05.sub	d:/ymir work/ui/minimap/waypoint05.sub	1
ETC/ymir work/ui/skill/warrior/gyeoksan_04.sub	d:/ymir work/ui/skill/warrior/gyeoksan_04.sub	1
ETC/ymir work/ui/minimap/waypoint07.sub	d:/ymir work/ui/minimap/waypoint07.sub	1
ETC/ymir work/ui/minimap/waypoint08.sub	d:/ymir work/ui/minimap/waypoint08.sub	1
ETC/ymir work/ui/offlineshop/history.dds	d:/ymir work/ui/offlineshop/history.dds	1
ETC/ymir work/ui/minimap/waypoint09.sub	d:/ymir work/ui/minimap/waypoint09.sub	1
ETC/ymir work/ui/minimap/waypoint10.sub	d:/ymir work/ui/minimap/waypoint10.sub	1
ETC/ymir work/ui/minimap/waypoint11.sub	d:/ymir work/ui/minimap/waypoint11.sub	1
ETC/ymir work/ui/minimap/waypoint15.sub	d:/ymir work/ui/minimap/waypoint15.sub	1
ETC/ymir work/ui/offlineshop/close.dds	d:/ymir work/ui/offlineshop/close.dds	1
ETC/ymir work/ui/public/scrollbar_thin_middle_button_03.sub	d:/ymir work/ui/public/scrollbar_thin_middle_button_03.sub	1
ETC/ymir work/ui/tunga/login/language/flag_it_down.tga	d:/ymir work/ui/tunga/login/language/flag_it_down.tga	1
ETC/ymir work/ui/offlineshop/edit_btn1.png	d:/ymir work/ui/offlineshop/edit_btn1.png	1
ETC/ymir work/ui/skill/shaman/paeryong_03.sub	d:/ymir work/ui/skill/shaman/paeryong_03.sub	1
ETC/ymir work/ui/offlineshop/line.png	d:/ymir work/ui/offlineshop/line.png	1
ETC/ymir work/ui/offlineshop/locked_slot1.png	d:/ymir work/ui/offlineshop/locked_slot1.png	1
ETC/ymir work/ui/offlineshop/log.dds	d:/ymir work/ui/offlineshop/log.dds	1
ETC/ymir work/ui/offlineshop/offline_btn2.png	d:/ymir work/ui/offlineshop/offline_btn2.png	1
ETC/ymir work/ui/offlineshop/offline_btn6.png	d:/ymir work/ui/offlineshop/offline_btn6.png	1
ETC/ymir work/ui/offlineshop/offline_btn7.png	d:/ymir work/ui/offlineshop/offline_btn7.png	1
ETC/ymir work/ui/offlineshop/plus1.dds	d:/ymir work/ui/offlineshop/plus1.dds	1
ETC/ymir work/ui/offlineshop/unlock.dds	d:/ymir work/ui/offlineshop/unlock.dds	1
ETC/ymir work/ui/public/large_button_02.sub	d:/ymir work/ui/public/large_button_02.sub	1
ETC/ymir work/ui/pattern/board_corner_lefttop.tga	d:/ymir work/ui/pattern/board_corner_lefttop.tga	1
ETC/ymir work/ui/pattern/board_corner_rightbottom.tga	d:/ymir work/ui/pattern/board_corner_rightbottom.tga	1
ETC/ymir work/ui/skill/passive/p_amseup_02.sub	d:/ymir work/ui/skill/passive/p_amseup_02.sub	1
ETC/ymir work/ui/pattern/board_corner_righttop.tga	d:/ymir work/ui/pattern/board_corner_righttop.tga	1
ETC/ymir work/ui/pattern/board_line_left.tga	d:/ymir work/ui/pattern/board_line_left.tga	1
ETC/ymir work/ui/pattern/board_line_right.tga	d:/ymir work/ui/pattern/board_line_right.tga	1
ETC/ymir work/ui/public/big_button_02.sub	d:/ymir work/ui/public/big_button_02.sub	1
ETC/ymir work/ui/pattern/border_a_bottom.tga	d:/ymir work/ui/pattern/border_a_bottom.tga	1
ETC/ymir work/ui/skill/passive/p_yeonsa_02.sub	d:/ymir work/ui/skill/passive/p_yeonsa_02.sub	1
ETC/ymir work/ui/pattern/border_a_center.tga	d:/ymir work/ui/pattern/border_a_center.tga	1
ETC/ymir work/ui/skill/assassin/hwajo_02.sub	d:/ymir work/ui/skill/assassin/hwajo_02.sub	1
ETC/ymir work/ui/skill/common/support/riding_02.sub	d:/ymir work/ui/skill/common/support/riding_02.sub	1
ETC/ymir work/ui/pattern/border_a_left.tga	d:/ymir work/ui/pattern/border_a_left.tga	1
ETC/ymir work/ui/pattern/border_a_left_bottom.tga	d:/ymir work/ui/pattern/border_a_left_bottom.tga	1
ETC/ymir work/ui/public/number2/3.sub	d:/ymir work/ui/public/number2/3.sub	1
ETC/ymir work/ui/pattern/border_a_left_top.tga	d:/ymir work/ui/pattern/border_a_left_top.tga	1
ETC/ymir work/ui/pattern/border_a_right.tga	d:/ymir work/ui/pattern/border_a_right.tga	1
ETC/ymir work/ui/pattern/border_a_right_bottom.tga	d:/ymir work/ui/pattern/border_a_right_bottom.tga	1
ETC/ymir work/ui/pattern/border_a_right_top.tga	d:/ymir work/ui/pattern/border_a_right_top.tga	1
ETC/ymir work/ui/pattern/chat_bar_middle.tga	d:/ymir work/ui/pattern/chat_bar_middle.tga	1
ETC/ymir work/ui/pattern/chat_bar_right.tga	d:/ymir work/ui/pattern/chat_bar_right.tga	1
ETC/ymir work/ui/pattern/chatlogwindow_titlebar_right.tga	d:/ymir work/ui/pattern/chatlogwindow_titlebar_right.tga	1
ETC/ymir work/ui/pattern/help_stick.tga	d:/ymir work/ui/pattern/help_stick.tga	1
ETC/ymir work/ui/pattern/negative_frame2.tga	d:/ymir work/ui/pattern/negative_frame2.tga	1
ETC/ymir work/ui/pattern/negative_frame3.tga	d:/ymir work/ui/pattern/negative_frame3.tga	1
ETC/ymir work/ui/pattern/q_mark_01.tga	d:/ymir work/ui/pattern/q_mark_01.tga	1
ETC/ymir work/ui/skill/assassin/amseup_01.sub	d:/ymir work/ui/skill/assassin/amseup_01.sub	1
ETC/ymir work/ui/public/scrollbar_down_button_02.sub	d:/ymir work/ui/public/scrollbar_down_button_02.sub	1
ETC/ymir work/ui/pattern/scrollbar_bottom.tga	d:/ymir work/ui/pattern/scrollbar_bottom.tga	1
ETC/ymir work/ui/pattern/scrollbar_middle.tga	d:/ymir work/ui/pattern/scrollbar_middle.tga	1
ETC/ymir work/ui/public/scrollbar_up_button_02.sub	d:/ymir work/ui/public/scrollbar_up_button_02.sub	1
ETC/ymir work/ui/public/slotfinishcooltimeeffect/10.sub	d:/ymir work/ui/public/slotfinishcooltimeeffect/10.sub	1
ETC/ymir work/ui/pattern/scrollbar_top.tga	d:/ymir work/ui/pattern/scrollbar_top.tga	1
ETC/ymir work/ui/tunga/login/language/flag_en_norm.tga	d:/ymir work/ui/tunga/login/language/flag_en_norm.tga	1
ETC/ymir work/ui/pattern/thinboard_corner_leftbottom.tga	d:/ymir work/ui/pattern/thinboard_corner_leftbottom.tga	1
ETC/ymir work/ui/skill/assassin/eunhyeong_02.sub	d:/ymir work/ui/skill/assassin/eunhyeong_02.sub	1
ETC/ymir work/ui/pattern/thinboard_corner_rightbottom.tga	d:/ymir work/ui/pattern/thinboard_corner_rightbottom.tga	1
ETC/ymir work/ui/pattern/thinboard_line_right.tga	d:/ymir work/ui/pattern/thinboard_line_right.tga	1
ETC/ymir work/ui/pattern/thinboard_line_top.tga	d:/ymir work/ui/pattern/thinboard_line_top.tga	1
ETC/ymir work/ui/pattern/titlebar_inv_refresh_baseframe.tga	d:/ymir work/ui/pattern/titlebar_inv_refresh_baseframe.tga	1
ETC/ymir work/ui/pattern/horsestate/10.dds	d:/ymir work/ui/pattern/horsestate/10.dds	1
ETC/ymir work/ui/public/scrollbar_down_button_03.sub	d:/ymir work/ui/public/scrollbar_down_button_03.sub	1
ETC/ymir work/ui/pattern/horsestate/11.dds	d:/ymir work/ui/pattern/horsestate/11.dds	1
ETC/ymir work/ui/pattern/horsestate/20.dds	d:/ymir work/ui/pattern/horsestate/20.dds	1
ETC/ymir work/ui/skill/sura/gongpo_03.sub	d:/ymir work/ui/skill/sura/gongpo_03.sub	1
ETC/ymir work/ui/pattern/horsestate/23.dds	d:/ymir work/ui/pattern/horsestate/23.dds	1
ETC/ymir work/ui/pattern/horsestate/32.dds	d:/ymir work/ui/pattern/horsestate/32.dds	1
ETC/ymir work/ui/public/parameter_slot_01.sub	d:/ymir work/ui/public/parameter_slot_01.sub	1
ETC/ymir work/ui/skill/sura/heuksin_02.sub	d:/ymir work/ui/skill/sura/heuksin_02.sub	1
ETC/ymir work/ui/pattern/horsestate/33.dds	d:/ymir work/ui/pattern/horsestate/33.dds	1
ETC/ymir work/ui/pattern/hpgauge/01.tga	d:/ymir work/ui/pattern/hpgauge/01.tga	1
ETC/ymir work/ui/public/xlarge_button_03.sub	d:/ymir work/ui/public/xlarge_button_03.sub	1
ETC/ymir work/ui/pattern/hpgauge/06.tga	d:/ymir work/ui/pattern/hpgauge/06.tga	1
ETC/ymir work/ui/pattern/hpgauge/07.tga	d:/ymir work/ui/pattern/hpgauge/07.tga	1
ETC/ymir work/ui/pattern/ime/1.tga	d:/ymir work/ui/pattern/ime/1.tga	1
ETC/ymir work/ui/pattern/ime/2.tga	d:/ymir work/ui/pattern/ime/2.tga	1
ETC/ymir work/ui/search/assassin_w.png	d:/ymir work/ui/search/assassin_w.png	1
ETC/ymir work/ui/public/number2/plus.sub	d:/ymir work/ui/public/number2/plus.sub	1
ETC/ymir work/ui/public/slotactiveeffect/10.sub	d:/ymir work/ui/public/slotactiveeffect/10.sub	1
ETC/ymir work/ui/search/warrior_w_hover.png	d:/ymir work/ui/search/warrior_w_hover.png	1
ETC/ymir work/ui/pattern/ime/3.tga	d:/ymir work/ui/pattern/ime/3.tga	1
ETC/ymir work/ui/public/slotactiveeffect/slot3/09.sub	d:/ymir work/ui/public/slotactiveeffect/slot3/09.sub	1
ETC/ymir work/ui/pattern/ime/4.tga	d:/ymir work/ui/pattern/ime/4.tga	1
ETC/ymir work/ui/pattern/spgauge/02.tga	d:/ymir work/ui/pattern/spgauge/02.tga	1
ETC/ymir work/ui/pattern/ime/6.tga	d:/ymir work/ui/pattern/ime/6.tga	1
ETC/ymir work/ui/pattern/ime/8.tga	d:/ymir work/ui/pattern/ime/8.tga	1
ETC/ymir work/ui/skill/warrior/jeongwi_02.sub	d:/ymir work/ui/skill/warrior/jeongwi_02.sub	1
ETC/ymir work/ui/pattern/ime/9.tga	d:/ymir work/ui/pattern/ime/9.tga	1
ETC/ymir work/ui/pattern/ime/bar_bottom.tga	d:/ymir work/ui/pattern/ime/bar_bottom.tga	1
ETC/ymir work/ui/skill/shaman/jeongeop_02.sub	d:/ymir work/ui/skill/shaman/jeongeop_02.sub	1
ETC/ymir work/ui/pattern/ime/bar_left.tga	d:/ymir work/ui/pattern/ime/bar_left.tga	1
ETC/ymir work/ui/skill/common/affect/safebox.sub	d:/ymir work/ui/skill/common/affect/safebox.sub	1
ETC/ymir work/ui/pattern/ime/bar_right.tga	d:/ymir work/ui/pattern/ime/bar_right.tga	1
ETC/ymir work/ui/pattern/ime/bar_top.tga	d:/ymir work/ui/pattern/ime/bar_top.tga	1
ETC/ymir work/ui/pattern/ime/corner_lefttop.tga	d:/ymir work/ui/pattern/ime/corner_lefttop.tga	1
ETC/ymir work/ui/pattern/lovepoint/01.dds	d:/ymir work/ui/pattern/lovepoint/01.dds	1
ETC/ymir work/ui/pattern/lovepoint/03.dds	d:/ymir work/ui/pattern/lovepoint/03.dds	1
ETC/ymir work/ui/pattern/lovepoint/05.dds	d:/ymir work/ui/pattern/lovepoint/05.dds	1
ETC/ymir work/ui/pattern/myshop/fire/p_fire_bottom.tga	d:/ymir work/ui/pattern/myshop/fire/p_fire_bottom.tga	1
ETC/ymir work/ui/public/minimize_button_01.sub	d:/ymir work/ui/public/minimize_button_01.sub	1
ETC/ymir work/ui/pattern/myshop/fire/p_fire_left.tga	d:/ymir work/ui/pattern/myshop/fire/p_fire_left.tga	1
ETC/ymir work/ui/pattern/myshop/fire/p_fire_left_top.tga	d:/ymir work/ui/pattern/myshop/fire/p_fire_left_top.tga	1
ETC/ymir work/ui/skill/shaman/gicheon_03.sub	d:/ymir work/ui/skill/shaman/gicheon_03.sub	1
ETC/ymir work/ui/pattern/myshop/fire/p_fire_right_top.tga	d:/ymir work/ui/pattern/myshop/fire/p_fire_right_top.tga	1
ETC/ymir work/ui/pattern/myshop/ice/p_ice_left_top.tga	d:/ymir work/ui/pattern/myshop/ice/p_ice_left_top.tga	1
ETC/ymir work/ui/skill/warrior/hefl_03.sub	d:/ymir work/ui/skill/warrior/hefl_03.sub	1
ETC/ymir work/ui/tunga/login/language/flag_de_down.tga	d:/ymir work/ui/tunga/login/language/flag_de_down.tga	1
ETC/ymir work/ui/pattern/myshop/ice/p_ice_top.tga	d:/ymir work/ui/pattern/myshop/ice/p_ice_top.tga	1
ETC/ymir work/ui/pattern/myshop/paper/p_paper_bottom.tga	d:/ymir work/ui/pattern/myshop/paper/p_paper_bottom.tga	1
ETC/ymir work/ui/pattern/myshop/paper/p_paper_right_bottom.tga	d:/ymir work/ui/pattern/myshop/paper/p_paper_right_bottom.tga	1
ETC/ymir work/ui/pattern/myshop/paper/p_paper_right_top.tga	d:/ymir work/ui/pattern/myshop/paper/p_paper_right_top.tga	1
ETC/ymir work/ui/pattern/myshop/paper/p_paper_top.tga	d:/ymir work/ui/pattern/myshop/paper/p_paper_top.tga	1
ETC/ymir work/ui/pattern/myshop/ribon/p_ribon_right.tga	d:/ymir work/ui/pattern/myshop/ribon/p_ribon_right.tga	1
ETC/ymir work/ui/pattern/myshop/ribon/p_ribon_right_bottom.tga	d:/ymir work/ui/pattern/myshop/ribon/p_ribon_right_bottom.tga	1
ETC/ymir work/ui/pattern/myshop/wing/p_wing_left.tga	d:/ymir work/ui/pattern/myshop/wing/p_wing_left.tga	1
ETC/ymir work/ui/pattern/myshop/wing/p_wing_left_bottom.tga	d:/ymir work/ui/pattern/myshop/wing/p_wing_left_bottom.tga	1
ETC/ymir work/ui/pattern/myshop/wing/p_wing_left_top.tga	d:/ymir work/ui/pattern/myshop/wing/p_wing_left_top.tga	1
ETC/ymir work/ui/pattern/myshop/wing/p_wing_right_top.tga	d:/ymir work/ui/pattern/myshop/wing/p_wing_right_top.tga	1
ETC/ymir work/ui/skill/assassin/seomjeon_03.sub	d:/ymir work/ui/skill/assassin/seomjeon_03.sub	1
ETC/ymir work/ui/search/buy_selected_btn1.png	d:/ymir work/ui/search/buy_selected_btn1.png	1
ETC/ymir work/ui/pattern/myshop/wing/p_wing_top.tga	d:/ymir work/ui/pattern/myshop/wing/p_wing_top.tga	1
ETC/ymir work/ui/public/slotfinishcooltimeeffect/03.sub	d:/ymir work/ui/public/slotfinishcooltimeeffect/03.sub	1
ETC/ymir work/ui/pattern/spgauge/03.tga	d:/ymir work/ui/pattern/spgauge/03.tga	1
ETC/ymir work/ui/pattern/spgauge/05.tga	d:/ymir work/ui/pattern/spgauge/05.tga	1
ETC/ymir work/ui/pattern/spgauge/07.tga	d:/ymir work/ui/pattern/spgauge/07.tga	1
ETC/ymir work/ui/pattern/stgauge/04.tga	d:/ymir work/ui/pattern/stgauge/04.tga	1
ETC/ymir work/ui/pattern/stgauge/05.tga	d:/ymir work/ui/pattern/stgauge/05.tga	1
ETC/ymir work/ui/pattern/stgauge/06.tga	d:/ymir work/ui/pattern/stgauge/06.tga	1
ETC/ymir work/ui/pattern/stgauge/07.tga	d:/ymir work/ui/pattern/stgauge/07.tga	1
ETC/ymir work/ui/pattern/thinboardcircle/thinboard_corner_leftbottom_circle.tga	d:/ymir work/ui/pattern/thinboardcircle/thinboard_corner_leftbottom_circle.tga	1
ETC/ymir work/ui/pattern/thinboardcircle/thinboard_corner_lefttop_circle.tga	d:/ymir work/ui/pattern/thinboardcircle/thinboard_corner_lefttop_circle.tga	1
ETC/ymir work/ui/pattern/thinboardcircle/thinboard_line_right_circle.tga	d:/ymir work/ui/pattern/thinboardcircle/thinboard_line_right_circle.tga	1
ETC/ymir work/ui/pattern/thinboardcircle/thinboard_line_top_circle.tga	d:/ymir work/ui/pattern/thinboardcircle/thinboard_line_top_circle.tga	1
ETC/ymir work/ui/pattern/thinboardgold/thinboard_bg_gold.tga	d:/ymir work/ui/pattern/thinboardgold/thinboard_bg_gold.tga	1
ETC/ymir work/ui/pattern/thinboardgold/thinboard_corner_righttop_gold.tga	d:/ymir work/ui/pattern/thinboardgold/thinboard_corner_righttop_gold.tga	1
ETC/ymir work/ui/pattern/thinboardgold/thinboard_line_bottom_gold.tga	d:/ymir work/ui/pattern/thinboardgold/thinboard_line_bottom_gold.tga	1
ETC/ymir work/ui/skill/warrior/gihyeol_04.sub	d:/ymir work/ui/skill/warrior/gihyeol_04.sub	1
ETC/ymir work/ui/pattern/thinboardgold/thinboard_line_left_gold.tga	d:/ymir work/ui/pattern/thinboardgold/thinboard_line_left_gold.tga	1
ETC/ymir work/ui/public/scrollbar_thin_up_button_03.sub	d:/ymir work/ui/public/scrollbar_thin_up_button_03.sub	1
ETC/ymir work/ui/pattern/thinboardgold/thinboard_line_right_gold.tga	d:/ymir work/ui/pattern/thinboardgold/thinboard_line_right_gold.tga	1
ETC/ymir work/ui/pattern/thinboardgold/thinboard_line_top_gold.tga	d:/ymir work/ui/pattern/thinboardgold/thinboard_line_top_gold.tga	1
ETC/ymir work/ui/public/big_button_01.sub	d:/ymir work/ui/public/big_button_01.sub	1
ETC/ymir work/ui/skill/common/affect/critical.sub	d:/ymir work/ui/skill/common/affect/critical.sub	1
ETC/ymir work/ui/public/check_image.sub	d:/ymir work/ui/public/check_image.sub	1
ETC/ymir work/ui/public/close_button_01.sub	d:/ymir work/ui/public/close_button_01.sub	1
ETC/ymir work/ui/public/close_button_02.sub	d:/ymir work/ui/public/close_button_02.sub	1
ETC/ymir work/ui/public/large_button_01.sub	d:/ymir work/ui/public/large_button_01.sub	1
ETC/ymir work/ui/skill/passive/p_yeonsa_03.sub	d:/ymir work/ui/skill/passive/p_yeonsa_03.sub	1
ETC/ymir work/ui/public/middle_button_02.sub	d:/ymir work/ui/public/middle_button_02.sub	1
ETC/ymir work/ui/public/middle_button_03.sub	d:/ymir work/ui/public/middle_button_03.sub	1
ETC/ymir work/ui/public/minimize_button_03.sub	d:/ymir work/ui/public/minimize_button_03.sub	1
ETC/ymir work/ui/public/minimize_empty_button_03.sub	d:/ymir work/ui/public/minimize_empty_button_03.sub	1
ETC/ymir work/ui/public/parameter_slot_00.sub	d:/ymir work/ui/public/parameter_slot_00.sub	1
ETC/ymir work/ui/public/parameter_slot_02.sub	d:/ymir work/ui/public/parameter_slot_02.sub	1
ETC/ymir work/ui/public/parameter_slot_05.sub	d:/ymir work/ui/public/parameter_slot_05.sub	1
ETC/ymir work/ui/public/scrollbar_down_button_01.sub	d:/ymir work/ui/public/scrollbar_down_button_01.sub	1
ETC/ymir work/ui/public/scrollbar_small_thin_down_button_02.sub	d:/ymir work/ui/public/scrollbar_small_thin_down_button_02.sub	1
ETC/ymir work/ui/public/scrollbar_small_thin_middle_button_01.sub	d:/ymir work/ui/public/scrollbar_small_thin_middle_button_01.sub	1
ETC/ymir work/ui/public/scrollbar_thin_down_button_01.sub	d:/ymir work/ui/public/scrollbar_thin_down_button_01.sub	1
ETC/ymir work/ui/public/scrollbar_thin_up_button_02.sub	d:/ymir work/ui/public/scrollbar_thin_up_button_02.sub	1
ETC/ymir work/ui/public/scrollbar_up_button_03.sub	d:/ymir work/ui/public/scrollbar_up_button_03.sub	1
ETC/ymir work/ui/public/number2/6.sub	d:/ymir work/ui/public/number2/6.sub	1
ETC/ymir work/ui/public/slot_cover_button_02.sub	d:/ymir work/ui/public/slot_cover_button_02.sub	1
ETC/ymir work/ui/public/slot_cover_button_04.sub	d:/ymir work/ui/public/slot_cover_button_04.sub	1
ETC/ymir work/ui/public/slot_toggle.sub	d:/ymir work/ui/public/slot_toggle.sub	1
ETC/ymir work/ui/public/small_button_02.sub	d:/ymir work/ui/public/small_button_02.sub	1
ETC/ymir work/ui/public/small_thin_button_01.sub	d:/ymir work/ui/public/small_thin_button_01.sub	1
ETC/ymir work/ui/public/xlarge_button_01.sub	d:/ymir work/ui/public/xlarge_button_01.sub	1
ETC/ymir work/ui/public/xlarge_thin_button_01.sub	d:/ymir work/ui/public/xlarge_thin_button_01.sub	1
ETC/ymir work/ui/public/xlarge_thin_button_03.sub	d:/ymir work/ui/public/xlarge_thin_button_03.sub	1
ETC/ymir work/ui/public/xsmall_button_02.sub	d:/ymir work/ui/public/xsmall_button_02.sub	1
ETC/ymir work/ui/public/number/colon.sub	d:/ymir work/ui/public/number/colon.sub	1
ETC/ymir work/ui/public/number2/0.sub	d:/ymir work/ui/public/number2/0.sub	1
ETC/ymir work/ui/search/assassin_m.png	d:/ymir work/ui/search/assassin_m.png	1
ETC/ymir work/ui/public/number2/1.sub	d:/ymir work/ui/public/number2/1.sub	1
ETC/ymir work/ui/public/number2/5.sub	d:/ymir work/ui/public/number2/5.sub	1
ETC/ymir work/ui/public/number2/9.sub	d:/ymir work/ui/public/number2/9.sub	1
ETC/ymir work/ui/public/number2/percent.sub	d:/ymir work/ui/public/number2/percent.sub	1
ETC/ymir work/ui/skill/warrior/gigongcham_02.sub	d:/ymir work/ui/skill/warrior/gigongcham_02.sub	1
ETC/ymir work/ui/public/number2/questionmark.sub	d:/ymir work/ui/public/number2/questionmark.sub	1
ETC/ymir work/ui/public/public_intro_btn/150x35_createbtn_01.sub	d:/ymir work/ui/public/public_intro_btn/150x35_createbtn_01.sub	1
ETC/ymir work/ui/skill/assassin/seomgwang_04.sub	d:/ymir work/ui/skill/assassin/seomgwang_04.sub	1
ETC/ymir work/ui/public/public_intro_btn/150x35_selectbtn_02.sub	d:/ymir work/ui/public/public_intro_btn/150x35_selectbtn_02.sub	1
ETC/ymir work/ui/skill/common/affect/poison.sub	d:/ymir work/ui/skill/common/affect/poison.sub	1
ETC/ymir work/ui/public/public_intro_btn/addcharacter_btn_02.sub	d:/ymir work/ui/public/public_intro_btn/addcharacter_btn_02.sub	1
ETC/ymir work/ui/public/public_intro_btn/addcharacter_btn_03.sub	d:/ymir work/ui/public/public_intro_btn/addcharacter_btn_03.sub	1
ETC/ymir work/ui/public/public_intro_btn/cancel_btn_02.sub	d:/ymir work/ui/public/public_intro_btn/cancel_btn_02.sub	1
ETC/ymir work/ui/public/public_intro_btn/emptyslot_btn.sub	d:/ymir work/ui/public/public_intro_btn/emptyslot_btn.sub	1
ETC/ymir work/ui/skill/common/guild/gasok.sub	d:/ymir work/ui/skill/common/guild/gasok.sub	1
ETC/ymir work/ui/public/public_intro_btn/minus_btn_02.sub	d:/ymir work/ui/public/public_intro_btn/minus_btn_02.sub	1
ETC/ymir work/ui/public/public_intro_btn/minus_btn_03.sub	d:/ymir work/ui/public/public_intro_btn/minus_btn_03.sub	1
ETC/ymir work/ui/public/public_intro_btn/next_btn_01.sub	d:/ymir work/ui/public/public_intro_btn/next_btn_01.sub	1
ETC/ymir work/ui/public/public_intro_btn/next_btn_02.sub	d:/ymir work/ui/public/public_intro_btn/next_btn_02.sub	1
ETC/ymir work/ui/public/public_intro_btn/plus_btn_01.sub	d:/ymir work/ui/public/public_intro_btn/plus_btn_01.sub	1
ETC/ymir work/ui/public/public_intro_btn/plus_btn_02.sub	d:/ymir work/ui/public/public_intro_btn/plus_btn_02.sub	1
ETC/ymir work/ui/public/public_intro_btn/plus_btn_03.sub	d:/ymir work/ui/public/public_intro_btn/plus_btn_03.sub	1
ETC/ymir work/ui/public/public_intro_btn/prev_btn_01.sub	d:/ymir work/ui/public/public_intro_btn/prev_btn_01.sub	1
ETC/ymir work/ui/public/public_intro_btn/select_btn_01.sub	d:/ymir work/ui/public/public_intro_btn/select_btn_01.sub	1
ETC/ymir work/ui/public/public_intro_btn/select_btn_02.sub	d:/ymir work/ui/public/public_intro_btn/select_btn_02.sub	1
ETC/ymir work/ui/public/public_intro_btn/sex_w_btn_01.sub	d:/ymir work/ui/public/public_intro_btn/sex_w_btn_01.sub	1
ETC/ymir work/ui/public/public_intro_btn/shape1_btn_01.sub	d:/ymir work/ui/public/public_intro_btn/shape1_btn_01.sub	1
ETC/ymir work/ui/public/public_intro_btn/shape2_btn_03.sub	d:/ymir work/ui/public/public_intro_btn/shape2_btn_03.sub	1
ETC/ymir work/ui/public/public_intro_btn/start_btn_02.sub	d:/ymir work/ui/public/public_intro_btn/start_btn_02.sub	1
ETC/ymir work/ui/public/public_intro_btn/textalpha.sub	d:/ymir work/ui/public/public_intro_btn/textalpha.sub	1
ETC/ymir work/ui/public/slotactiveeffect/00.sub	d:/ymir work/ui/public/slotactiveeffect/00.sub	1
ETC/ymir work/ui/public/slotactiveeffect/01.sub	d:/ymir work/ui/public/slotactiveeffect/01.sub	1
ETC/ymir work/ui/public/slotactiveeffect/02.sub	d:/ymir work/ui/public/slotactiveeffect/02.sub	1
ETC/ymir work/ui/public/slotactiveeffect/03.sub	d:/ymir work/ui/public/slotactiveeffect/03.sub	1
ETC/ymir work/ui/skill/sura/yonggwon_04.sub	d:/ymir work/ui/skill/sura/yonggwon_04.sub	1
ETC/ymir work/ui/public/slotactiveeffect/04.sub	d:/ymir work/ui/public/slotactiveeffect/04.sub	1
ETC/ymir work/ui/public/slotactiveeffect/06.sub	d:/ymir work/ui/public/slotactiveeffect/06.sub	1
ETC/ymir work/ui/public/slotactiveeffect/08.sub	d:/ymir work/ui/public/slotactiveeffect/08.sub	1
ETC/ymir work/ui/public/slotactiveeffect/09.sub	d:/ymir work/ui/public/slotactiveeffect/09.sub	1
ETC/ymir work/ui/public/slotactiveeffect/slot2/00.sub	d:/ymir work/ui/public/slotactiveeffect/slot2/00.sub	1
ETC/ymir work/ui/search/arrow.dds	d:/ymir work/ui/search/arrow.dds	1
ETC/ymir work/ui/public/slotactiveeffect/slot2/07.sub	d:/ymir work/ui/public/slotactiveeffect/slot2/07.sub	1
ETC/ymir work/ui/public/slotactiveeffect/slot2/11.sub	d:/ymir work/ui/public/slotactiveeffect/slot2/11.sub	1
ETC/ymir work/ui/public/slotactiveeffect/slot3/03.sub	d:/ymir work/ui/public/slotactiveeffect/slot3/03.sub	1
ETC/ymir work/ui/public/slotactiveeffect/slot3/06.sub	d:/ymir work/ui/public/slotactiveeffect/slot3/06.sub	1
ETC/ymir work/ui/public/slotactiveeffect/slot3/10.sub	d:/ymir work/ui/public/slotactiveeffect/slot3/10.sub	1
ETC/ymir work/ui/switchbot/search_attr_01.sub	d:/ymir work/ui/switchbot/search_attr_01.sub	1
ETC/ymir work/ui/public/slotactiveeffect/slot3/11.sub	d:/ymir work/ui/public/slotactiveeffect/slot3/11.sub	1
ETC/ymir work/ui/public/slotfinishcooltimeeffect/01.sub	d:/ymir work/ui/public/slotfinishcooltimeeffect/01.sub	1
ETC/ymir work/ui/public/slotfinishcooltimeeffect/02.sub	d:/ymir work/ui/public/slotfinishcooltimeeffect/02.sub	1
ETC/ymir work/ui/public/slotfinishcooltimeeffect/04.sub	d:/ymir work/ui/public/slotfinishcooltimeeffect/04.sub	1
ETC/ymir work/ui/public/slotfinishcooltimeeffect/08.sub	d:/ymir work/ui/public/slotfinishcooltimeeffect/08.sub	1
ETC/ymir work/ui/skill/assassin/eunhyeong_03.sub	d:/ymir work/ui/skill/assassin/eunhyeong_03.sub	1
ETC/ymir work/ui/tunga/login/language/flag_pl_down.tga	d:/ymir work/ui/tunga/login/language/flag_pl_down.tga	1
ETC/ymir work/ui/scrollbar/scrollbar_bottom.tga	d:/ymir work/ui/scrollbar/scrollbar_bottom.tga	1
ETC/ymir work/ui/skill/common/guild/deungyong.sub	d:/ymir work/ui/skill/common/guild/deungyong.sub	1
ETC/ymir work/ui/scrollbar/scrollbar_middle_middle.tga	d:/ymir work/ui/scrollbar/scrollbar_middle_middle.tga	1
ETC/ymir work/ui/scrollbar/scrollbar_middle_topscale.tga	d:/ymir work/ui/scrollbar/scrollbar_middle_topscale.tga	1
ETC/ymir work/ui/search/assassin_w_hover.png	d:/ymir work/ui/search/assassin_w_hover.png	1
ETC/ymir work/ui/search/aura.dds	d:/ymir work/ui/search/aura.dds	1
ETC/ymir work/ui/search/books.dds	d:/ymir work/ui/search/books.dds	1
ETC/ymir work/ui/search/buy_selected_btn2.png	d:/ymir work/ui/search/buy_selected_btn2.png	1
ETC/ymir work/ui/search/chest.dds	d:/ymir work/ui/search/chest.dds	1
ETC/ymir work/ui/search/clear_btn2.png	d:/ymir work/ui/search/clear_btn2.png	1
ETC/ymir work/ui/search/envelope.png	d:/ymir work/ui/search/envelope.png	1
ETC/ymir work/ui/skill/sura/yonggwon_02.sub	d:/ymir work/ui/skill/sura/yonggwon_02.sub	1
ETC/ymir work/ui/search/fade.png	d:/ymir work/ui/search/fade.png	1
ETC/ymir work/ui/search/fade_down.dds	d:/ymir work/ui/search/fade_down.dds	1
ETC/ymir work/ui/search/fade_down.png	d:/ymir work/ui/search/fade_down.png	1
ETC/ymir work/ui/search/female1.png	d:/ymir work/ui/search/female1.png	1
ETC/ymir work/ui/search/female2.png	d:/ymir work/ui/search/female2.png	1
ETC/ymir work/ui/search/helmet.dds	d:/ymir work/ui/search/helmet.dds	1
ETC/ymir work/ui/search/male2.png	d:/ymir work/ui/search/male2.png	1
ETC/ymir work/ui/search/materials.dds	d:/ymir work/ui/search/materials.dds	1
ETC/ymir work/ui/search/pagination_btn3.png	d:/ymir work/ui/search/pagination_btn3.png	1
ETC/ymir work/ui/skill/shaman/pokroe_04.sub	d:/ymir work/ui/skill/shaman/pokroe_04.sub	1
ETC/ymir work/ui/search/pagination_btn4.png	d:/ymir work/ui/search/pagination_btn4.png	1
ETC/ymir work/ui/search/scroll.dds	d:/ymir work/ui/search/scroll.dds	1
ETC/ymir work/ui/skill/sura/hwayeom_04.sub	d:/ymir work/ui/skill/sura/hwayeom_04.sub	1
ETC/ymir work/ui/search/search_btn2.png	d:/ymir work/ui/search/search_btn2.png	1
ETC/ymir work/ui/search/search_btn3.png	d:/ymir work/ui/search/search_btn3.png	1
ETC/ymir work/ui/skill/sura/swaeryeong_04.sub	d:/ymir work/ui/skill/sura/swaeryeong_04.sub	1
ETC/ymir work/ui/search/shaman_w.png	d:/ymir work/ui/search/shaman_w.png	1
ETC/ymir work/ui/search/shaman_w_hover.png	d:/ymir work/ui/search/shaman_w_hover.png	1
ETC/ymir work/ui/search/slot32_hover.png	d:/ymir work/ui/search/slot32_hover.png	1
ETC/ymir work/ui/search/slot64.png	d:/ymir work/ui/search/slot64.png	1
ETC/ymir work/ui/search/slot64_sold.png	d:/ymir work/ui/search/slot64_sold.png	1
ETC/ymir work/ui/search/slot96.png	d:/ymir work/ui/search/slot96.png	1
ETC/ymir work/ui/search/sura_m_hover.png	d:/ymir work/ui/search/sura_m_hover.png	1
ETC/ymir work/ui/search/sura_w_hover.png	d:/ymir work/ui/search/sura_w_hover.png	1
ETC/ymir work/ui/search/trash2.png	d:/ymir work/ui/search/trash2.png	1
ETC/ymir work/ui/search/tree_connect.dds	d:/ymir work/ui/search/tree_connect.dds	1
ETC/ymir work/ui/search/tree_end.png	d:/ymir work/ui/search/tree_end.png	1
ETC/ymir work/ui/search/warrior_m_hover.png	d:/ymir work/ui/search/warrior_m_hover.png	1
ETC/ymir work/ui/search/warrior_w.png	d:/ymir work/ui/search/warrior_w.png	1
ETC/ymir work/ui/skill/sura/tusok_03.sub	d:/ymir work/ui/skill/sura/tusok_03.sub	1
ETC/ymir work/ui/skill/assassin/amseup_03.sub	d:/ymir work/ui/skill/assassin/amseup_03.sub	1
ETC/ymir work/ui/skill/assassin/amseup_04.sub	d:/ymir work/ui/skill/assassin/amseup_04.sub	1
ETC/ymir work/ui/skill/assassin/charyun_01.sub	d:/ymir work/ui/skill/assassin/charyun_01.sub	1
ETC/ymir work/ui/skill/assassin/charyun_02.sub	d:/ymir work/ui/skill/assassin/charyun_02.sub	1
ETC/ymir work/ui/skill/common/affect/item_bonus_p_on.sub	d:/ymir work/ui/skill/common/affect/item_bonus_p_on.sub	1
ETC/ymir work/ui/skill/warrior/samyeon_04.sub	d:/ymir work/ui/skill/warrior/samyeon_04.sub	1
ETC/ymir work/ui/skill/assassin/charyun_03.sub	d:/ymir work/ui/skill/assassin/charyun_03.sub	1
ETC/ymir work/ui/skill/assassin/gungsin_01.sub	d:/ymir work/ui/skill/assassin/gungsin_01.sub	1
ETC/ymir work/ui/skill/assassin/gungsin_02.sub	d:/ymir work/ui/skill/assassin/gungsin_02.sub	1
ETC/ymir work/ui/skill/assassin/gungsin_04.sub	d:/ymir work/ui/skill/assassin/gungsin_04.sub	1
ETC/ymir work/ui/skill/assassin/gwangyeok_02.sub	d:/ymir work/ui/skill/assassin/gwangyeok_02.sub	1
ETC/ymir work/ui/skill/assassin/gyeonggong_04.sub	d:/ymir work/ui/skill/assassin/gyeonggong_04.sub	1
ETC/ymir work/ui/skill/assassin/hwajo_03.sub	d:/ymir work/ui/skill/assassin/hwajo_03.sub	1
ETC/ymir work/ui/skill/assassin/hwajo_04.sub	d:/ymir work/ui/skill/assassin/hwajo_04.sub	1
ETC/ymir work/ui/skill/assassin/sangong_01.sub	d:/ymir work/ui/skill/assassin/sangong_01.sub	1
ETC/ymir work/ui/skill/assassin/sangong_03.sub	d:/ymir work/ui/skill/assassin/sangong_03.sub	1
ETC/ymir work/ui/skill/assassin/seomgwang_01.sub	d:/ymir work/ui/skill/assassin/seomgwang_01.sub	1
ETC/ymir work/ui/skill/assassin/seomgwang_03.sub	d:/ymir work/ui/skill/assassin/seomgwang_03.sub	1
ETC/ymir work/ui/skill/assassin/seomjeon_01.sub	d:/ymir work/ui/skill/assassin/seomjeon_01.sub	1
ETC/ymir work/ui/skill/assassin/yeonsa_01.sub	d:/ymir work/ui/skill/assassin/yeonsa_01.sub	1
ETC/ymir work/ui/skill/common/affect/autoloot.sub	d:/ymir work/ui/skill/common/affect/autoloot.sub	1
ETC/ymir work/ui/skill/warrior/tanhwan_04.sub	d:/ymir work/ui/skill/warrior/tanhwan_04.sub	1
ETC/ymir work/ui/skill/common/affect/def_bonus.sub	d:/ymir work/ui/skill/common/affect/def_bonus.sub	1
ETC/ymir work/ui/skill/common/affect/exp_bonus_p_on.sub	d:/ymir work/ui/skill/common/affect/exp_bonus_p_on.sub	1
ETC/ymir work/ui/skill/common/affect/gold_bonus.sub	d:/ymir work/ui/skill/common/affect/gold_bonus.sub	1
ETC/ymir work/ui/skill/common/affect/gold_premium.sub	d:/ymir work/ui/skill/common/affect/gold_premium.sub	1
ETC/ymir work/ui/skill/common/affect/increase_attack_speed.sub	d:/ymir work/ui/skill/common/affect/increase_attack_speed.sub	1
ETC/ymir work/ui/skill/common/affect/increase_move_speed.sub	d:/ymir work/ui/skill/common/affect/increase_move_speed.sub	1
ETC/ymir work/ui/skill/common/affect/item_bonus.sub	d:/ymir work/ui/skill/common/affect/item_bonus.sub	1
ETC/ymir work/ui/skill/common/affect/premium_gold.sub	d:/ymir work/ui/skill/common/affect/premium_gold.sub	1
ETC/ymir work/ui/skill/common/affect/silver_premium.sub	d:/ymir work/ui/skill/common/affect/silver_premium.sub	1
ETC/ymir work/ui/skill/common/affect/slow.sub	d:/ymir work/ui/skill/common/affect/slow.sub	1
ETC/ymir work/ui/skill/common/affect/stun.sub	d:/ymir work/ui/skill/common/affect/stun.sub	1
ETC/ymir work/ui/skill/common/guild/bunno.sub	d:/ymir work/ui/skill/common/guild/bunno.sub	1
ETC/ymir work/ui/skill/common/guild/guildidong.sub	d:/ymir work/ui/skill/common/guild/guildidong.sub	1
ETC/ymir work/ui/switchbot/search_attr_03.sub	d:/ymir work/ui/switchbot/search_attr_03.sub	1
ETC/ymir work/ui/skill/common/guild/jumunsul.sub	d:/ymir work/ui/skill/common/guild/jumunsul.sub	1
ETC/ymir work/ui/skill/common/guild/mun.sub	d:/ymir work/ui/skill/common/guild/mun.sub	1
ETC/ymir work/ui/skill/common/guild/seonghwi.sub	d:/ymir work/ui/skill/common/guild/seonghwi.sub	1
ETC/ymir work/ui/skill/common/guild/yongan.sub	d:/ymir work/ui/skill/common/guild/yongan.sub	1
ETC/ymir work/ui/skill/common/guild/yongbong.sub	d:/ymir work/ui/skill/common/guild/yongbong.sub	1
ETC/ymir work/ui/skill/common/horse/splash.sub	d:/ymir work/ui/skill/common/horse/splash.sub	1
ETC/ymir work/ui/skill/sura/gwigeom_04.sub	d:/ymir work/ui/skill/sura/gwigeom_04.sub	1
ETC/ymir work/ui/skill/common/horse/wildattack.sub	d:/ymir work/ui/skill/common/horse/wildattack.sub	1
ETC/ymir work/ui/skill/common/support/jeunghyul.sub	d:/ymir work/ui/skill/common/support/jeunghyul.sub	1
ETC/ymir work/ui/skill/common/support/making.sub	d:/ymir work/ui/skill/common/support/making.sub	1
ETC/ymir work/ui/skill/common/support/mining.sub	d:/ymir work/ui/skill/common/support/mining.sub	1
ETC/ymir work/ui/skill/common/support/riding_03.sub	d:/ymir work/ui/skill/common/support/riding_03.sub	1
ETC/ymir work/ui/skill/passive/p_amseup_01.sub	d:/ymir work/ui/skill/passive/p_amseup_01.sub	1
ETC/ymir work/ui/skill/passive/p_byeorak_01.sub	d:/ymir work/ui/skill/passive/p_byeorak_01.sub	1
ETC/ymir work/ui/skill/passive/p_gigongcham_01.sub	d:/ymir work/ui/skill/passive/p_gigongcham_01.sub	1
ETC/ymir work/ui/skill/passive/p_swaeryeong_01.sub	d:/ymir work/ui/skill/passive/p_swaeryeong_01.sub	1
ETC/ymir work/ui/skill/passive/p_swaeryeong_02.sub	d:/ymir work/ui/skill/passive/p_swaeryeong_02.sub	1
ETC/ymir work/ui/skill/passive/p_swaeryeong_03.sub	d:/ymir work/ui/skill/passive/p_swaeryeong_03.sub	1
ETC/ymir work/ui/skill/passive/p_yongpa_01.sub	d:/ymir work/ui/skill/passive/p_yongpa_01.sub	1
ETC/ymir work/ui/skill/passive/p_yongpa_02.sub	d:/ymir work/ui/skill/passive/p_yongpa_02.sub	1
ETC/ymir work/ui/skill/shaman/bipabu_03.sub	d:/ymir work/ui/skill/shaman/bipabu_03.sub	1
ETC/ymir work/ui/skill/shaman/boho_01.sub	d:/ymir work/ui/skill/shaman/boho_01.sub	1
ETC/ymir work/ui/tunga/login/language/flag_es_over.tga	d:/ymir work/ui/tunga/login/language/flag_es_over.tga	1
ETC/ymir work/ui/skill/shaman/boho_02.sub	d:/ymir work/ui/skill/shaman/boho_02.sub	1
ETC/ymir work/ui/skill/shaman/byeorak_02.sub	d:/ymir work/ui/skill/shaman/byeorak_02.sub	1
ETC/ymir work/ui/skill/shaman/gicheon_01.sub	d:/ymir work/ui/skill/shaman/gicheon_01.sub	1
ETC/ymir work/ui/skill/shaman/gicheon_02.sub	d:/ymir work/ui/skill/shaman/gicheon_02.sub	1
ETC/ymir work/ui/skill/shaman/hosin_01.sub	d:/ymir work/ui/skill/shaman/hosin_01.sub	1
ETC/ymir work/ui/skill/shaman/hosin_03.sub	d:/ymir work/ui/skill/shaman/hosin_03.sub	1
ETC/ymir work/ui/skill/shaman/jeongeop_01.sub	d:/ymir work/ui/skill/shaman/jeongeop_01.sub	1
ETC/ymir work/ui/skill/shaman/jeongeop_03.sub	d:/ymir work/ui/skill/shaman/jeongeop_03.sub	1
ETC/ymir work/ui/skill/shaman/jeongeop_04.sub	d:/ymir work/ui/skill/shaman/jeongeop_04.sub	1
ETC/ymir work/ui/skill/shaman/jeungryeok_03.sub	d:/ymir work/ui/skill/shaman/jeungryeok_03.sub	1
ETC/ymir work/ui/skill/shaman/jeungryeok_04.sub	d:/ymir work/ui/skill/shaman/jeungryeok_04.sub	1
ETC/ymir work/ui/skill/shaman/kwaesok_01.sub	d:/ymir work/ui/skill/shaman/kwaesok_01.sub	1
ETC/ymir work/ui/skill/warrior/noegeom_02.sub	d:/ymir work/ui/skill/warrior/noegeom_02.sub	1
ETC/ymir work/ui/skill/shaman/kwaesok_04.sub	d:/ymir work/ui/skill/shaman/kwaesok_04.sub	1
ETC/ymir work/ui/skill/shaman/noejeon_02.sub	d:/ymir work/ui/skill/shaman/noejeon_02.sub	1
ETC/ymir work/ui/skill/shaman/pokroe_03.sub	d:/ymir work/ui/skill/shaman/pokroe_03.sub	1
ETC/ymir work/ui/skill/shaman/yongpa_01.sub	d:/ymir work/ui/skill/shaman/yongpa_01.sub	1
ETC/ymir work/ui/skill/shaman/yongpa_02.sub	d:/ymir work/ui/skill/shaman/yongpa_02.sub	1
ETC/ymir work/ui/skill/shaman/yongpa_04.sub	d:/ymir work/ui/skill/shaman/yongpa_04.sub	1
ETC/ymir work/ui/skill/sura/geomhwan_04.sub	d:/ymir work/ui/skill/sura/geomhwan_04.sub	1
ETC/ymir work/ui/skill/sura/geongon_01.sub	d:/ymir work/ui/skill/sura/geongon_01.sub	1
ETC/ymir work/ui/skill/sura/gongpo_01.sub	d:/ymir work/ui/skill/sura/gongpo_01.sub	1
ETC/ymir work/ui/skill/sura/gwigeom_01.sub	d:/ymir work/ui/skill/sura/gwigeom_01.sub	1
ETC/ymir work/ui/skill/sura/gwigeom_02.sub	d:/ymir work/ui/skill/sura/gwigeom_02.sub	1
ETC/ymir work/ui/skill/sura/heuksin_01.sub	d:/ymir work/ui/skill/sura/heuksin_01.sub	1
ETC/ymir work/ui/skill/sura/hwayeom_01.sub	d:/ymir work/ui/skill/sura/hwayeom_01.sub	1
ETC/ymir work/ui/skill/sura/maryeong_03.sub	d:/ymir work/ui/skill/sura/maryeong_03.sub	1
ETC/ymir work/ui/skill/sura/maryeong_04.sub	d:/ymir work/ui/skill/sura/maryeong_04.sub	1
ETC/ymir work/ui/skill/sura/muyeong_02.sub	d:/ymir work/ui/skill/sura/muyeong_02.sub	1
ETC/ymir work/ui/skill/sura/muyeong_03.sub	d:/ymir work/ui/skill/sura/muyeong_03.sub	1
ETC/ymir work/ui/skill/sura/muyeong_04.sub	d:/ymir work/ui/skill/sura/muyeong_04.sub	1
ETC/ymir work/ui/skill/sura/pabeop_04.sub	d:/ymir work/ui/skill/sura/pabeop_04.sub	1
ETC/ymir work/ui/skill/warrior/cheongeun_01.sub	d:/ymir work/ui/skill/warrior/cheongeun_01.sub	1
ETC/ymir work/ui/skill/warrior/cheongeun_03.sub	d:/ymir work/ui/skill/warrior/cheongeun_03.sub	1
ETC/ymir work/ui/skill/warrior/cheongeun_04.sub	d:/ymir work/ui/skill/warrior/cheongeun_04.sub	1
ETC/ymir work/ui/skill/warrior/daejin_04.sub	d:/ymir work/ui/skill/warrior/daejin_04.sub	1
ETC/ymir work/ui/skill/warrior/deli_01.sub	d:/ymir work/ui/skill/warrior/deli_01.sub	1
ETC/ymir work/ui/skill/warrior/deli_02.sub	d:/ymir work/ui/skill/warrior/deli_02.sub	1
ETC/ymir work/ui/skill/warrior/geomgyeong_04.sub	d:/ymir work/ui/skill/warrior/geomgyeong_04.sub	1
ETC/ymir work/ui/skill/warrior/geompung_01.sub	d:/ymir work/ui/skill/warrior/geompung_01.sub	1
ETC/ymir work/ui/skill/warrior/geompung_03.sub	d:/ymir work/ui/skill/warrior/geompung_03.sub	1
ETC/ymir work/ui/skill/warrior/geompung_04.sub	d:/ymir work/ui/skill/warrior/geompung_04.sub	1
ETC/ymir work/ui/skill/warrior/gigongcham_01.sub	d:/ymir work/ui/skill/warrior/gigongcham_01.sub	1
ETC/ymir work/ui/skill/warrior/gigongcham_04.sub	d:/ymir work/ui/skill/warrior/gigongcham_04.sub	1
ETC/ymir work/ui/skill/warrior/gyeoksan_01.sub	d:/ymir work/ui/skill/warrior/gyeoksan_01.sub	1
ETC/ymir work/ui/skill/warrior/gihyeol_01.sub	d:/ymir work/ui/skill/warrior/gihyeol_01.sub	1
ETC/ymir work/ui/skill/warrior/gyeoksan_02.sub	d:/ymir work/ui/skill/warrior/gyeoksan_02.sub	1
ETC/ymir work/ui/skill/warrior/hefl_01.sub	d:/ymir work/ui/skill/warrior/hefl_01.sub	1
ETC/ymir work/ui/skill/warrior/hefl_02.sub	d:/ymir work/ui/skill/warrior/hefl_02.sub	1
ETC/ymir work/ui/skill/warrior/jeongwi_01.sub	d:/ymir work/ui/skill/warrior/jeongwi_01.sub	1
ETC/ymir work/ui/skill/warrior/jeongwi_03.sub	d:/ymir work/ui/skill/warrior/jeongwi_03.sub	1
ETC/ymir work/ui/skill/warrior/noegeom_01.sub	d:/ymir work/ui/skill/warrior/noegeom_01.sub	1
ETC/ymir work/ui/skill/warrior/palbang_04.sub	d:/ymir work/ui/skill/warrior/palbang_04.sub	1
ETC/ymir work/ui/skill/warrior/samyeon_03.sub	d:/ymir work/ui/skill/warrior/samyeon_03.sub	1
ETC/ymir work/ui/skill/warrior/tanhwan_02.sub	d:/ymir work/ui/skill/warrior/tanhwan_02.sub	1
ETC/ymir work/ui/switchbot/btn_big_01.sub	d:/ymir work/ui/switchbot/btn_big_01.sub	1
ETC/ymir work/ui/switchbot/btn_big_02.sub	d:/ymir work/ui/switchbot/btn_big_02.sub	1
ETC/ymir work/ui/switchbot/btn_big_03.sub	d:/ymir work/ui/switchbot/btn_big_03.sub	1
ETC/ymir work/ui/switchbot/btn_small_01.sub	d:/ymir work/ui/switchbot/btn_small_01.sub	1
ETC/ymir work/ui/switchbot/delete_attr_02.sub	d:/ymir work/ui/switchbot/delete_attr_02.sub	1
ETC/ymir work/ui/switchbot/load_attr_01.sub	d:/ymir work/ui/switchbot/load_attr_01.sub	1
ETC/ymir work/ui/switchbot/load_attr_02.sub	d:/ymir work/ui/switchbot/load_attr_02.sub	1
ETC/ymir work/ui/switchbot/save_attr_02.sub	d:/ymir work/ui/switchbot/save_attr_02.sub	1
ETC/ymir work/ui/switchbot/search_attr_02.sub	d:/ymir work/ui/switchbot/search_attr_02.sub	1
ETC/ymir work/ui/switchbot/switchbot.tga	d:/ymir work/ui/switchbot/switchbot.tga	1
ETC/ymir work/ui/tunga/flag/chunjo.tga	d:/ymir work/ui/tunga/flag/chunjo.tga	1
ETC/ymir work/ui/tunga/flag/jinno.tga	d:/ymir work/ui/tunga/flag/jinno.tga	1
ETC/ymir work/ui/tunga/login/accounts_button.tga	d:/ymir work/ui/tunga/login/accounts_button.tga	1
ETC/ymir work/ui/tunga/login/accounts_button2.tga	d:/ymir work/ui/tunga/login/accounts_button2.tga	1
ETC/ymir work/ui/tunga/login/ch_btn_default.dds	d:/ymir work/ui/tunga/login/ch_btn_default.dds	1
ETC/ymir work/ui/tunga/login/ch_btn_over.dds	d:/ymir work/ui/tunga/login/ch_btn_over.dds	1
ETC/ymir work/ui/tunga/login/delete.tga	d:/ymir work/ui/tunga/login/delete.tga	1
ETC/ymir work/ui/tunga/login/dialogbg.dds	d:/ymir work/ui/tunga/login/dialogbg.dds	1
ETC/ymir work/ui/tunga/login/discord_btn_over.dds	d:/ymir work/ui/tunga/login/discord_btn_over.dds	1
ETC/ymir work/ui/tunga/login/discord_button.tga	d:/ymir work/ui/tunga/login/discord_button.tga	1
ETC/ymir work/ui/tunga/login/exit_btn_default.dds	d:/ymir work/ui/tunga/login/exit_btn_default.dds	1
ETC/ymir work/ui/tunga/login/exit_btn_over.dds	d:/ymir work/ui/tunga/login/exit_btn_over.dds	1
ETC/ymir work/ui/tunga/login/facebook_button.tga	d:/ymir work/ui/tunga/login/facebook_button.tga	1
ETC/ymir work/ui/tunga/login/login_btn_default.dds	d:/ymir work/ui/tunga/login/login_btn_default.dds	1
ETC/ymir work/ui/tunga/login/login_btn_down.dds	d:/ymir work/ui/tunga/login/login_btn_down.dds	1
ETC/ymir work/ui/tunga/login/login_btn_over.dds	d:/ymir work/ui/tunga/login/login_btn_over.dds	1
ETC/ymir work/ui/tunga/login/pw_input.dds	d:/ymir work/ui/tunga/login/pw_input.dds	1
ETC/ymir work/ui/tunga/login/twitch_btn_down.dds	d:/ymir work/ui/tunga/login/twitch_btn_down.dds	1
ETC/ymir work/ui/tunga/login/twitch_btn_over.dds	d:/ymir work/ui/tunga/login/twitch_btn_over.dds	1
ETC/ymir work/ui/tunga/login/user_input.dds	d:/ymir work/ui/tunga/login/user_input.dds	1
ETC/ymir work/ui/tunga/login/web_btn_default.dds	d:/ymir work/ui/tunga/login/web_btn_default.dds	1
ETC/ymir work/ui/tunga/login/wiki_btn_down.dds	d:/ymir work/ui/tunga/login/wiki_btn_down.dds	1
ETC/ymir work/ui/tunga/login/wiki_btn_over.dds	d:/ymir work/ui/tunga/login/wiki_btn_over.dds	1
ETC/ymir work/ui/tunga/login/youtube_button.tga	d:/ymir work/ui/tunga/login/youtube_button.tga	1
ETC/ymir work/ui/tunga/login/language/flag_cz_down.tga	d:/ymir work/ui/tunga/login/language/flag_cz_down.tga	1
ETC/ymir work/ui/tunga/login/language/flag_cz_norm.tga	d:/ymir work/ui/tunga/login/language/flag_cz_norm.tga	1
ETC/ymir work/ui/tunga/login/language/flag_cz_over.tga	d:/ymir work/ui/tunga/login/language/flag_cz_over.tga	1
ETC/ymir work/ui/tunga/login/language/flag_de_norm.tga	d:/ymir work/ui/tunga/login/language/flag_de_norm.tga	1
ETC/ymir work/ui/tunga/login/language/flag_de_over.tga	d:/ymir work/ui/tunga/login/language/flag_de_over.tga	1
ETC/ymir work/ui/tunga/login/language/flag_en_over.tga	d:/ymir work/ui/tunga/login/language/flag_en_over.tga	1
ETC/ymir work/ui/tunga/login/language/flag_es_down.tga	d:/ymir work/ui/tunga/login/language/flag_es_down.tga	1
ETC/ymir work/ui/tunga/login/language/flag_es_norm.tga	d:/ymir work/ui/tunga/login/language/flag_es_norm.tga	1
ETC/ymir work/ui/tunga/login/language/flag_it_norm.tga	d:/ymir work/ui/tunga/login/language/flag_it_norm.tga	1
ETC/ymir work/ui/tunga/login/language/flag_pl_norm.tga	d:/ymir work/ui/tunga/login/language/flag_pl_norm.tga	1
ETC/ymir work/ui/tunga/login/language/flag_pl_over.tga	d:/ymir work/ui/tunga/login/language/flag_pl_over.tga	1
ETC/ymir work/ui/tunga/login/language/flag_pt_norm.tga	d:/ymir work/ui/tunga/login/language/flag_pt_norm.tga	1
ETC/ymir work/ui/tunga/login/language/flag_pt_over.tga	d:/ymir work/ui/tunga/login/language/flag_pt_over.tga	1
ETC/ymir work/ui/tunga/login/language/flag_ro_down.tga	d:/ymir work/ui/tunga/login/language/flag_ro_down.tga	1
ETC/ymir work/ui/tunga/login/language/flag_ro_norm.tga	d:/ymir work/ui/tunga/login/language/flag_ro_norm.tga	1
ETC/ymir work/ui/tunga/login/language/flag_ro_over.tga	d:/ymir work/ui/tunga/login/language/flag_ro_over.tga	1
ETC/ymir work/ui/tunga/login/language/flag_tr_down.tga	d:/ymir work/ui/tunga/login/language/flag_tr_down.tga	1
ETC/ymir work/ui/tunga/login/language/flag_tr_over.tga	d:/ymir work/ui/tunga/login/language/flag_tr_over.tga	1
ETC/ymir work/ui/game/taskbar/s.sub	d:/ymir work/ui/game/taskbar/s.sub	1
ETC/ymir work/ui/superskils.dds	d:/ymir work/ui/superskils.dds	1
