item/ymir work/item/01100.msm	d:/ymir work/item/01100.msm	0
item/ymir work/item/28407.msm	d:/ymir work/item/28407.msm	0
item/ymir work/item/00040.msm	d:/ymir work/item/00040.msm	0
item/ymir work/item/12531.msm	d:/ymir work/item/12531.msm	0
item/ymir work/item/28207.msm	d:/ymir work/item/28207.msm	0
item/ymir work/item/00140.msm	d:/ymir work/item/00140.msm	0
item/ymir work/item/12465.msm	d:/ymir work/item/12465.msm	0
item/ymir work/item/00001.msm	d:/ymir work/item/00001.msm	0
item/ymir work/item/00010.msm	d:/ymir work/item/00010.msm	0
item/ymir work/item/00020.msm	d:/ymir work/item/00020.msm	0
item/ymir work/item/03180.msm	d:/ymir work/item/03180.msm	0
item/ymir work/item/00070.msm	d:/ymir work/item/00070.msm	0
item/ymir work/item/17179.msm	d:/ymir work/item/17179.msm	0
item/ymir work/item/15091.msm	d:/ymir work/item/15091.msm	0
item/ymir work/item/11661.msm	d:/ymir work/item/11661.msm	0
item/ymir work/item/03110.msm	d:/ymir work/item/03110.msm	0
item/ymir work/item/00230.msm	d:/ymir work/item/00230.msm	0
item/ymir work/item/12722.msm	d:/ymir work/item/12722.msm	0
item/ymir work/item/00030.msm	d:/ymir work/item/00030.msm	0
item/ymir work/item/05040.msm	d:/ymir work/item/05040.msm	0
item/ymir work/item/00150.msm	d:/ymir work/item/00150.msm	0
item/ymir work/item/00050.msm	d:/ymir work/item/00050.msm	0
item/ymir work/item/01120.msm	d:/ymir work/item/01120.msm	0
item/ymir work/item/12219.msm	d:/ymir work/item/12219.msm	0
item/ymir work/item/17069.msm	d:/ymir work/item/17069.msm	0
item/ymir work/item/14000.msm	d:/ymir work/item/14000.msm	0
item/ymir work/item/16034.msm	d:/ymir work/item/16034.msm	0
item/ymir work/item/16083.msm	d:/ymir work/item/16083.msm	0
item/ymir work/item/12367.msm	d:/ymir work/item/12367.msm	0
item/ymir work/item/etc/youngston_search.gr2	d:/ymir work/item/etc/youngston_search.gr2	0
item/ymir work/item/16157.msm	d:/ymir work/item/16157.msm	0
item/ymir work/item/11866.msm	d:/ymir work/item/11866.msm	0
item/ymir work/item/12590.msm	d:/ymir work/item/12590.msm	0
item/ymir work/item/12473.msm	d:/ymir work/item/12473.msm	0
item/ymir work/item/11452.msm	d:/ymir work/item/11452.msm	0
item/ymir work/item/01020.msm	d:/ymir work/item/01020.msm	0
item/ymir work/item/12266.msm	d:/ymir work/item/12266.msm	0
item/ymir work/item/11431.msm	d:/ymir work/item/11431.msm	0
item/ymir work/item/11652.msm	d:/ymir work/item/11652.msm	0
item/ymir work/item/12485.msm	d:/ymir work/item/12485.msm	0
item/ymir work/item/16175.msm	d:/ymir work/item/16175.msm	0
item/ymir work/item/11479.msm	d:/ymir work/item/11479.msm	0
item/ymir work/item/weapon/03040.gr2	d:/ymir work/item/weapon/03040.gr2	0
item/ymir work/item/14114.msm	d:/ymir work/item/14114.msm	0
item/ymir work/item/00160.msm	d:/ymir work/item/00160.msm	0
item/ymir work/item/11665.msm	d:/ymir work/item/11665.msm	0
item/ymir work/item/12227.msm	d:/ymir work/item/12227.msm	0
item/ymir work/item/00060.msm	d:/ymir work/item/00060.msm	0
item/ymir work/item/28811.msm	d:/ymir work/item/28811.msm	0
item/ymir work/item/12652.msm	d:/ymir work/item/12652.msm	0
item/ymir work/item/00080.msm	d:/ymir work/item/00080.msm	0
item/ymir work/item/12752.msm	d:/ymir work/item/12752.msm	0
item/ymir work/item/14139.msm	d:/ymir work/item/14139.msm	0
item/ymir work/item/28103.msm	d:/ymir work/item/28103.msm	0
item/ymir work/item/01110.msm	d:/ymir work/item/01110.msm	0
item/ymir work/item/07000.msm	d:/ymir work/item/07000.msm	0
item/ymir work/item/etc/medicine_y.gr2	d:/ymir work/item/etc/medicine_y.gr2	0
item/ymir work/item/12634.msm	d:/ymir work/item/12634.msm	0
item/ymir work/item/00090.msm	d:/ymir work/item/00090.msm	0
item/ymir work/item/12368.msm	d:/ymir work/item/12368.msm	0
item/ymir work/item/12239.msm	d:/ymir work/item/12239.msm	0
item/ymir work/item/00280.msm	d:/ymir work/item/00280.msm	0
item/ymir work/item/00200.msm	d:/ymir work/item/00200.msm	0
item/ymir work/item/03160.msm	d:/ymir work/item/03160.msm	0
item/ymir work/item/11250.msm	d:/ymir work/item/11250.msm	0
item/ymir work/item/00100.msm	d:/ymir work/item/00100.msm	0
item/ymir work/item/11609.msm	d:/ymir work/item/11609.msm	0
item/ymir work/item/14065.msm	d:/ymir work/item/14065.msm	0
item/ymir work/item/03030.msm	d:/ymir work/item/03030.msm	0
item/ymir work/item/00110.msm	d:/ymir work/item/00110.msm	0
item/ymir work/item/11441.msm	d:/ymir work/item/11441.msm	0
item/ymir work/item/16167.msm	d:/ymir work/item/16167.msm	0
item/ymir work/item/etc/gold_nugget_3.gr2	d:/ymir work/item/etc/gold_nugget_3.gr2	0
item/ymir work/item/70012.msm	d:/ymir work/item/70012.msm	0
item/ymir work/item/00210.msm	d:/ymir work/item/00210.msm	0
item/ymir work/item/07070.msm	d:/ymir work/item/07070.msm	0
item/ymir work/item/02040.msm	d:/ymir work/item/02040.msm	0
item/ymir work/item/01160.msm	d:/ymir work/item/01160.msm	0
item/ymir work/item/12585.msm	d:/ymir work/item/12585.msm	0
item/ymir work/item/11885.msm	d:/ymir work/item/11885.msm	0
item/ymir work/item/27500.msm	d:/ymir work/item/27500.msm	0
item/ymir work/item/00120.msm	d:/ymir work/item/00120.msm	0
item/ymir work/item/14008.msm	d:/ymir work/item/14008.msm	0
item/ymir work/item/12677.msm	d:/ymir work/item/12677.msm	0
item/ymir work/item/12277.msm	d:/ymir work/item/12277.msm	0
item/ymir work/item/11242.msm	d:/ymir work/item/11242.msm	0
item/ymir work/item/15026.msm	d:/ymir work/item/15026.msm	0
item/ymir work/item/15105.msm	d:/ymir work/item/15105.msm	0
item/ymir work/item/00270.msm	d:/ymir work/item/00270.msm	0
item/ymir work/item/11274.msm	d:/ymir work/item/11274.msm	0
item/ymir work/item/00130.msm	d:/ymir work/item/00130.msm	0
item/ymir work/item/17078.msm	d:/ymir work/item/17078.msm	0
item/ymir work/item/17213.msm	d:/ymir work/item/17213.msm	0
item/ymir work/item/etc/silver_nugget_2.gr2	d:/ymir work/item/etc/silver_nugget_2.gr2	0
item/ymir work/item/11675.msm	d:/ymir work/item/11675.msm	0
item/ymir work/item/01030.msm	d:/ymir work/item/01030.msm	0
item/ymir work/item/00170.msm	d:/ymir work/item/00170.msm	0
item/ymir work/item/12353.msm	d:/ymir work/item/12353.msm	0
item/ymir work/item/02020.msm	d:/ymir work/item/02020.msm	0
item/ymir work/item/00180.msm	d:/ymir work/item/00180.msm	0
item/ymir work/item/14035.msm	d:/ymir work/item/14035.msm	0
item/ymir work/item/weapon/02130.gr2	d:/ymir work/item/weapon/02130.gr2	0
item/ymir work/item/00190.msm	d:/ymir work/item/00190.msm	0
item/ymir work/item/11817.msm	d:/ymir work/item/11817.msm	0
item/ymir work/item/17143.msm	d:/ymir work/item/17143.msm	0
item/ymir work/item/00260.msm	d:/ymir work/item/00260.msm	0
item/ymir work/item/12666.msm	d:/ymir work/item/12666.msm	0
item/ymir work/item/03140.msm	d:/ymir work/item/03140.msm	0
item/ymir work/item/15209.msm	d:/ymir work/item/15209.msm	0
item/ymir work/item/17157.msm	d:/ymir work/item/17157.msm	0
item/ymir work/item/00220.msm	d:/ymir work/item/00220.msm	0
item/ymir work/item/12732.msm	d:/ymir work/item/12732.msm	0
item/ymir work/item/11266.msm	d:/ymir work/item/11266.msm	0
item/ymir work/item/14103.msm	d:/ymir work/item/14103.msm	0
item/ymir work/item/01040.msm	d:/ymir work/item/01040.msm	0
item/ymir work/item/14168.msm	d:/ymir work/item/14168.msm	0
item/ymir work/item/15117.msm	d:/ymir work/item/15117.msm	0
item/ymir work/item/00240.msm	d:/ymir work/item/00240.msm	0
item/ymir work/item/17101.msm	d:/ymir work/item/17101.msm	0
item/ymir work/item/11667.msm	d:/ymir work/item/11667.msm	0
item/ymir work/item/11857.msm	d:/ymir work/item/11857.msm	0
item/ymir work/item/12628.msm	d:/ymir work/item/12628.msm	0
item/ymir work/item/11409.msm	d:/ymir work/item/11409.msm	0
item/ymir work/item/15170.msm	d:/ymir work/item/15170.msm	0
item/ymir work/item/07080.msm	d:/ymir work/item/07080.msm	0
item/ymir work/item/01150.msm	d:/ymir work/item/01150.msm	0
item/ymir work/item/16218.msm	d:/ymir work/item/16218.msm	0
item/ymir work/item/12234.msm	d:/ymir work/item/12234.msm	0
item/ymir work/item/00250.msm	d:/ymir work/item/00250.msm	0
item/ymir work/item/12216.msm	d:/ymir work/item/12216.msm	0
item/ymir work/item/12452.msm	d:/ymir work/item/12452.msm	0
item/ymir work/item/01000.msm	d:/ymir work/item/01000.msm	0
item/ymir work/item/28006.msm	d:/ymir work/item/28006.msm	0
item/ymir work/item/11650.msm	d:/ymir work/item/11650.msm	0
item/ymir work/item/14135.msm	d:/ymir work/item/14135.msm	0
item/ymir work/item/07140.msm	d:/ymir work/item/07140.msm	0
item/ymir work/item/quest/73753.tga	d:/ymir work/item/quest/73753.tga	1
item/ymir work/item/01010.msm	d:/ymir work/item/01010.msm	0
item/ymir work/item/07100.msm	d:/ymir work/item/07100.msm	0
item/ymir work/item/12335.msm	d:/ymir work/item/12335.msm	0
item/ymir work/item/01090.msm	d:/ymir work/item/01090.msm	0
item/ymir work/item/11289.msm	d:/ymir work/item/11289.msm	0
item/ymir work/item/11874.msm	d:/ymir work/item/11874.msm	0
item/ymir work/item/17098.msm	d:/ymir work/item/17098.msm	0
item/ymir work/item/12360.msm	d:/ymir work/item/12360.msm	0
item/ymir work/item/01050.msm	d:/ymir work/item/01050.msm	0
item/ymir work/item/17104.msm	d:/ymir work/item/17104.msm	0
item/ymir work/item/12520.msm	d:/ymir work/item/12520.msm	0
item/ymir work/item/11030.msm	d:/ymir work/item/11030.msm	0
item/ymir work/item/15149.msm	d:/ymir work/item/15149.msm	0
item/ymir work/item/11810.msm	d:/ymir work/item/11810.msm	0
item/ymir work/item/15077.msm	d:/ymir work/item/15077.msm	0
item/ymir work/item/01060.msm	d:/ymir work/item/01060.msm	0
item/ymir work/item/01070.msm	d:/ymir work/item/01070.msm	0
item/ymir work/item/15218.msm	d:/ymir work/item/15218.msm	0
item/ymir work/item/12370.msm	d:/ymir work/item/12370.msm	0
item/ymir work/item/12207.msm	d:/ymir work/item/12207.msm	0
item/ymir work/item/12330.msm	d:/ymir work/item/12330.msm	0
item/ymir work/item/01140.msm	d:/ymir work/item/01140.msm	0
item/ymir work/item/01080.msm	d:/ymir work/item/01080.msm	0
item/ymir work/item/weapon/00230.gr2	d:/ymir work/item/weapon/00230.gr2	0
item/ymir work/item/12241.msm	d:/ymir work/item/12241.msm	0
item/ymir work/item/15150.msm	d:/ymir work/item/15150.msm	0
item/ymir work/item/15058.msm	d:/ymir work/item/15058.msm	0
item/ymir work/item/60001.msm	d:/ymir work/item/60001.msm	0
item/ymir work/item/01130.msm	d:/ymir work/item/01130.msm	0
item/ymir work/item/12390.msm	d:/ymir work/item/12390.msm	0
item/ymir work/item/11206.msm	d:/ymir work/item/11206.msm	0
item/ymir work/item/12299.msm	d:/ymir work/item/12299.msm	0
item/ymir work/item/27843.msm	d:/ymir work/item/27843.msm	0
item/ymir work/item/03040.msm	d:/ymir work/item/03040.msm	0
item/ymir work/item/12750.msm	d:/ymir work/item/12750.msm	0
item/ymir work/item/02000.msm	d:/ymir work/item/02000.msm	0
item/ymir work/item/02110.msm	d:/ymir work/item/02110.msm	0
item/ymir work/item/12803.msm	d:/ymir work/item/12803.msm	0
item/ymir work/item/14158.msm	d:/ymir work/item/14158.msm	0
item/ymir work/item/15172.msm	d:/ymir work/item/15172.msm	0
item/ymir work/item/12488.msm	d:/ymir work/item/12488.msm	0
item/ymir work/item/15159.msm	d:/ymir work/item/15159.msm	0
item/ymir work/item/12594.msm	d:/ymir work/item/12594.msm	0
item/ymir work/item/12755.msm	d:/ymir work/item/12755.msm	0
item/ymir work/item/02050.msm	d:/ymir work/item/02050.msm	0
item/ymir work/item/11202.msm	d:/ymir work/item/11202.msm	0
item/ymir work/item/14204.msm	d:/ymir work/item/14204.msm	0
item/ymir work/item/02010.msm	d:/ymir work/item/02010.msm	0
item/ymir work/item/11863.msm	d:/ymir work/item/11863.msm	0
item/ymir work/item/17187.msm	d:/ymir work/item/17187.msm	0
item/ymir work/item/11882.msm	d:/ymir work/item/11882.msm	0
item/ymir work/item/15230.msm	d:/ymir work/item/15230.msm	0
item/ymir work/item/12620.msm	d:/ymir work/item/12620.msm	0
item/ymir work/item/02030.msm	d:/ymir work/item/02030.msm	0
item/ymir work/item/11222.msm	d:/ymir work/item/11222.msm	0
item/ymir work/item/28901.msm	d:/ymir work/item/28901.msm	0
item/ymir work/item/11401.msm	d:/ymir work/item/11401.msm	0
item/ymir work/item/02060.msm	d:/ymir work/item/02060.msm	0
item/ymir work/item/11813.msm	d:/ymir work/item/11813.msm	0
item/ymir work/item/quest/73002.tga	d:/ymir work/item/quest/73002.tga	1
item/ymir work/item/12630.msm	d:/ymir work/item/12630.msm	0
item/ymir work/item/11459.msm	d:/ymir work/item/11459.msm	0
item/ymir work/item/17081.msm	d:/ymir work/item/17081.msm	0
item/ymir work/item/02070.msm	d:/ymir work/item/02070.msm	0
item/ymir work/item/14207.msm	d:/ymir work/item/14207.msm	0
item/ymir work/item/02080.msm	d:/ymir work/item/02080.msm	0
item/ymir work/item/weapon/02090.gr2	d:/ymir work/item/weapon/02090.gr2	0
item/ymir work/item/11617.msm	d:/ymir work/item/11617.msm	0
item/ymir work/item/02090.msm	d:/ymir work/item/02090.msm	0
item/ymir work/item/15204.msm	d:/ymir work/item/15204.msm	0
item/ymir work/item/11268.msm	d:/ymir work/item/11268.msm	0
item/ymir work/item/15072.msm	d:/ymir work/item/15072.msm	0
item/ymir work/item/11212.msm	d:/ymir work/item/11212.msm	0
item/ymir work/item/12751.msm	d:/ymir work/item/12751.msm	0
item/ymir work/item/02100.msm	d:/ymir work/item/02100.msm	0
item/ymir work/item/02120.msm	d:/ymir work/item/02120.msm	0
item/ymir work/item/12446.msm	d:/ymir work/item/12446.msm	0
item/ymir work/item/17117.msm	d:/ymir work/item/17117.msm	0
item/ymir work/item/17134.msm	d:/ymir work/item/17134.msm	0
item/ymir work/item/17217.msm	d:/ymir work/item/17217.msm	0
item/ymir work/item/28411.msm	d:/ymir work/item/28411.msm	0
item/ymir work/item/12418.msm	d:/ymir work/item/12418.msm	0
item/ymir work/item/17121.msm	d:/ymir work/item/17121.msm	0
item/ymir work/item/03000.msm	d:/ymir work/item/03000.msm	0
item/ymir work/item/03010.msm	d:/ymir work/item/03010.msm	0
item/ymir work/item/11275.msm	d:/ymir work/item/11275.msm	0
item/ymir work/item/14111.msm	d:/ymir work/item/14111.msm	0
item/ymir work/item/11404.msm	d:/ymir work/item/11404.msm	0
item/ymir work/item/quest/73256.tga	d:/ymir work/item/quest/73256.tga	1
item/ymir work/item/14061.msm	d:/ymir work/item/14061.msm	0
item/ymir work/item/12539.msm	d:/ymir work/item/12539.msm	0
item/ymir work/item/03020.msm	d:/ymir work/item/03020.msm	0
item/ymir work/item/16136.msm	d:/ymir work/item/16136.msm	0
item/ymir work/item/12271.msm	d:/ymir work/item/12271.msm	0
item/ymir work/item/11862.msm	d:/ymir work/item/11862.msm	0
item/ymir work/item/12641.msm	d:/ymir work/item/12641.msm	0
item/ymir work/item/03050.msm	d:/ymir work/item/03050.msm	0
item/ymir work/item/12625.msm	d:/ymir work/item/12625.msm	0
item/ymir work/item/11886.msm	d:/ymir work/item/11886.msm	0
item/ymir work/item/11864.msm	d:/ymir work/item/11864.msm	0
item/ymir work/item/06010.msm	d:/ymir work/item/06010.msm	0
item/ymir work/item/03060.msm	d:/ymir work/item/03060.msm	0
item/ymir work/item/12439.msm	d:/ymir work/item/12439.msm	0
item/ymir work/item/11605.msm	d:/ymir work/item/11605.msm	0
item/ymir work/item/03070.msm	d:/ymir work/item/03070.msm	0
item/ymir work/item/12356.msm	d:/ymir work/item/12356.msm	0
item/ymir work/item/03080.msm	d:/ymir work/item/03080.msm	0
item/ymir work/item/11800.msm	d:/ymir work/item/11800.msm	0
item/ymir work/item/12415.msm	d:/ymir work/item/12415.msm	0
item/ymir work/item/03090.msm	d:/ymir work/item/03090.msm	0
item/ymir work/item/07060.msm	d:/ymir work/item/07060.msm	0
item/ymir work/item/17164.msm	d:/ymir work/item/17164.msm	0
item/ymir work/item/17124.msm	d:/ymir work/item/17124.msm	0
item/ymir work/item/28812.msm	d:/ymir work/item/28812.msm	0
item/ymir work/item/11639.msm	d:/ymir work/item/11639.msm	0
item/ymir work/item/03100.msm	d:/ymir work/item/03100.msm	0
item/ymir work/item/03120.msm	d:/ymir work/item/03120.msm	0
item/ymir work/item/12217.msm	d:/ymir work/item/12217.msm	0
item/ymir work/item/12616.msm	d:/ymir work/item/12616.msm	0
item/ymir work/item/03130.msm	d:/ymir work/item/03130.msm	0
item/ymir work/item/11214.msm	d:/ymir work/item/11214.msm	0
item/ymir work/item/12242.msm	d:/ymir work/item/12242.msm	0
item/ymir work/item/03150.msm	d:/ymir work/item/03150.msm	0
item/ymir work/item/03170.msm	d:/ymir work/item/03170.msm	0
item/ymir work/item/etc/fishing_rod.gr2	d:/ymir work/item/etc/fishing_rod.gr2	0
item/ymir work/item/12662.msm	d:/ymir work/item/12662.msm	0
item/ymir work/item/weapon/01070.gr2	d:/ymir work/item/weapon/01070.gr2	0
item/ymir work/item/03190.msm	d:/ymir work/item/03190.msm	0
item/ymir work/item/03200.msm	d:/ymir work/item/03200.msm	0
item/ymir work/item/14123.msm	d:/ymir work/item/14123.msm	0
item/ymir work/item/11225.msm	d:/ymir work/item/11225.msm	0
item/ymir work/item/17161.msm	d:/ymir work/item/17161.msm	0
item/ymir work/item/12377.msm	d:/ymir work/item/12377.msm	0
item/ymir work/item/04000.msm	d:/ymir work/item/04000.msm	0
item/ymir work/item/15144.msm	d:/ymir work/item/15144.msm	0
item/ymir work/item/12644.msm	d:/ymir work/item/12644.msm	0
item/ymir work/item/14036.msm	d:/ymir work/item/14036.msm	0
item/ymir work/item/12298.msm	d:/ymir work/item/12298.msm	0
item/ymir work/item/04010.msm	d:/ymir work/item/04010.msm	0
item/ymir work/item/11477.msm	d:/ymir work/item/11477.msm	0
item/ymir work/item/12603.msm	d:/ymir work/item/12603.msm	0
item/ymir work/item/12328.msm	d:/ymir work/item/12328.msm	0
item/ymir work/item/04020.msm	d:/ymir work/item/04020.msm	0
item/ymir work/item/04030.msm	d:/ymir work/item/04030.msm	0
item/ymir work/item/70004.msm	d:/ymir work/item/70004.msm	0
item/ymir work/item/04040.msm	d:/ymir work/item/04040.msm	0
item/ymir work/item/11823.msm	d:/ymir work/item/11823.msm	0
item/ymir work/item/05000.msm	d:/ymir work/item/05000.msm	0
item/ymir work/item/11848.msm	d:/ymir work/item/11848.msm	0
item/ymir work/item/05010.msm	d:/ymir work/item/05010.msm	0
item/ymir work/item/11264.msm	d:/ymir work/item/11264.msm	0
item/ymir work/item/11834.msm	d:/ymir work/item/11834.msm	0
item/ymir work/item/12434.msm	d:/ymir work/item/12434.msm	0
item/ymir work/item/05020.msm	d:/ymir work/item/05020.msm	0
item/ymir work/item/06040.msm	d:/ymir work/item/06040.msm	0
item/ymir work/item/11608.msm	d:/ymir work/item/11608.msm	0
item/ymir work/item/15102.msm	d:/ymir work/item/15102.msm	0
item/ymir work/item/11244.msm	d:/ymir work/item/11244.msm	0
item/ymir work/item/05030.msm	d:/ymir work/item/05030.msm	0
item/ymir work/item/12578.msm	d:/ymir work/item/12578.msm	0
item/ymir work/item/05050.msm	d:/ymir work/item/05050.msm	0
item/ymir work/item/weapon/02170.gr2	d:/ymir work/item/weapon/02170.gr2	0
item/ymir work/item/11803.msm	d:/ymir work/item/11803.msm	0
item/ymir work/item/05060.msm	d:/ymir work/item/05060.msm	0
item/ymir work/item/16085.msm	d:/ymir work/item/16085.msm	0
item/ymir work/item/12228.msm	d:/ymir work/item/12228.msm	0
item/ymir work/item/16032.msm	d:/ymir work/item/16032.msm	0
item/ymir work/item/05070.msm	d:/ymir work/item/05070.msm	0
item/ymir work/item/28008.msm	d:/ymir work/item/28008.msm	0
item/ymir work/item/05080.msm	d:/ymir work/item/05080.msm	0
item/ymir work/item/05090.msm	d:/ymir work/item/05090.msm	0
item/ymir work/item/28802.msm	d:/ymir work/item/28802.msm	0
item/ymir work/item/17192.msm	d:/ymir work/item/17192.msm	0
item/ymir work/item/12708.msm	d:/ymir work/item/12708.msm	0
item/ymir work/item/05100.msm	d:/ymir work/item/05100.msm	0
item/ymir work/item/12294.msm	d:/ymir work/item/12294.msm	0
item/ymir work/item/11422.msm	d:/ymir work/item/11422.msm	0
item/ymir work/item/12643.msm	d:/ymir work/item/12643.msm	0
item/ymir work/item/12357.msm	d:/ymir work/item/12357.msm	0
item/ymir work/item/12303.msm	d:/ymir work/item/12303.msm	0
item/ymir work/item/17133.msm	d:/ymir work/item/17133.msm	0
item/ymir work/item/11654.msm	d:/ymir work/item/11654.msm	0
item/ymir work/item/12703.msm	d:/ymir work/item/12703.msm	0
item/ymir work/item/06000.msm	d:/ymir work/item/06000.msm	0
item/ymir work/item/16004.msm	d:/ymir work/item/16004.msm	0
item/ymir work/item/14171.msm	d:/ymir work/item/14171.msm	0
item/ymir work/item/06020.msm	d:/ymir work/item/06020.msm	0
item/ymir work/item/06030.msm	d:/ymir work/item/06030.msm	0
item/ymir work/item/15043.msm	d:/ymir work/item/15043.msm	0
item/ymir work/item/06050.msm	d:/ymir work/item/06050.msm	0
item/ymir work/item/11651.msm	d:/ymir work/item/11651.msm	0
item/ymir work/item/11467.msm	d:/ymir work/item/11467.msm	0
item/ymir work/item/weapon/01140.gr2	d:/ymir work/item/weapon/01140.gr2	0
item/ymir work/item/15242.msm	d:/ymir work/item/15242.msm	0
item/ymir work/item/17054.msm	d:/ymir work/item/17054.msm	0
item/ymir work/item/11219.msm	d:/ymir work/item/11219.msm	0
item/ymir work/item/07010.msm	d:/ymir work/item/07010.msm	0
item/ymir work/item/17189.msm	d:/ymir work/item/17189.msm	0
item/ymir work/item/12493.msm	d:/ymir work/item/12493.msm	0
item/ymir work/item/14056.msm	d:/ymir work/item/14056.msm	0
item/ymir work/item/15161.msm	d:/ymir work/item/15161.msm	0
item/ymir work/item/12286.msm	d:/ymir work/item/12286.msm	0
item/ymir work/item/quest/73010.tga	d:/ymir work/item/quest/73010.tga	1
item/ymir work/item/90008.msm	d:/ymir work/item/90008.msm	0
item/ymir work/item/07020.msm	d:/ymir work/item/07020.msm	0
item/ymir work/item/07030.msm	d:/ymir work/item/07030.msm	0
item/ymir work/item/15155.msm	d:/ymir work/item/15155.msm	0
item/ymir work/item/16091.msm	d:/ymir work/item/16091.msm	0
item/ymir work/item/17044.msm	d:/ymir work/item/17044.msm	0
item/ymir work/item/07040.msm	d:/ymir work/item/07040.msm	0
item/ymir work/item/11636.msm	d:/ymir work/item/11636.msm	0
item/ymir work/item/11614.msm	d:/ymir work/item/11614.msm	0
item/ymir work/item/07050.msm	d:/ymir work/item/07050.msm	0
item/ymir work/item/11466.msm	d:/ymir work/item/11466.msm	0
item/ymir work/item/11233.msm	d:/ymir work/item/11233.msm	0
item/ymir work/item/12692.msm	d:/ymir work/item/12692.msm	0
item/ymir work/item/07090.msm	d:/ymir work/item/07090.msm	0
item/ymir work/item/15134.msm	d:/ymir work/item/15134.msm	0
item/ymir work/item/07110.msm	d:/ymir work/item/07110.msm	0
item/ymir work/item/12454.msm	d:/ymir work/item/12454.msm	0
item/ymir work/item/28608.msm	d:/ymir work/item/28608.msm	0
item/ymir work/item/07120.msm	d:/ymir work/item/07120.msm	0
item/ymir work/item/12591.msm	d:/ymir work/item/12591.msm	0
item/ymir work/item/12205.msm	d:/ymir work/item/12205.msm	0
item/ymir work/item/12659.msm	d:/ymir work/item/12659.msm	0
item/ymir work/item/07130.msm	d:/ymir work/item/07130.msm	0
item/ymir work/item/12544.msm	d:/ymir work/item/12544.msm	0
item/ymir work/item/11472.msm	d:/ymir work/item/11472.msm	0
item/ymir work/item/07150.msm	d:/ymir work/item/07150.msm	0
item/ymir work/item/08000.msm	d:/ymir work/item/08000.msm	0
item/ymir work/item/14157.msm	d:/ymir work/item/14157.msm	0
item/ymir work/item/12638.msm	d:/ymir work/item/12638.msm	0
item/ymir work/item/12538.msm	d:/ymir work/item/12538.msm	0
item/ymir work/item/08001.msm	d:/ymir work/item/08001.msm	0
item/ymir work/item/12378.msm	d:/ymir work/item/12378.msm	0
item/ymir work/item/14129.msm	d:/ymir work/item/14129.msm	0
item/ymir work/item/15055.msm	d:/ymir work/item/15055.msm	0
item/ymir work/item/11287.msm	d:/ymir work/item/11287.msm	0
item/ymir work/item/28010.msm	d:/ymir work/item/28010.msm	0
item/ymir work/item/08002.msm	d:/ymir work/item/08002.msm	0
item/ymir work/item/08003.msm	d:/ymir work/item/08003.msm	0
item/ymir work/item/12259.msm	d:/ymir work/item/12259.msm	0
item/ymir work/item/11663.msm	d:/ymir work/item/11663.msm	0
item/ymir work/item/15013.msm	d:/ymir work/item/15013.msm	0
item/ymir work/item/08004.msm	d:/ymir work/item/08004.msm	0
item/ymir work/item/15113.msm	d:/ymir work/item/15113.msm	0
item/ymir work/item/08005.msm	d:/ymir work/item/08005.msm	0
item/ymir work/item/08006.msm	d:/ymir work/item/08006.msm	0
item/ymir work/item/11234.msm	d:/ymir work/item/11234.msm	0
item/ymir work/item/08007.msm	d:/ymir work/item/08007.msm	0
item/ymir work/item/11257.msm	d:/ymir work/item/11257.msm	0
item/ymir work/item/15258.msm	d:/ymir work/item/15258.msm	0
item/ymir work/item/12392.msm	d:/ymir work/item/12392.msm	0
item/ymir work/item/16137.msm	d:/ymir work/item/16137.msm	0
item/ymir work/item/11458.msm	d:/ymir work/item/11458.msm	0
item/ymir work/item/08008.msm	d:/ymir work/item/08008.msm	0
item/ymir work/item/08009.msm	d:/ymir work/item/08009.msm	0
item/ymir work/item/15142.msm	d:/ymir work/item/15142.msm	0
item/ymir work/item/11208.msm	d:/ymir work/item/11208.msm	0
item/ymir work/item/17199.msm	d:/ymir work/item/17199.msm	0
item/ymir work/item/12729.msm	d:/ymir work/item/12729.msm	0
item/ymir work/item/11000.msm	d:/ymir work/item/11000.msm	0
item/ymir work/item/11010.msm	d:/ymir work/item/11010.msm	0
item/ymir work/item/11635.msm	d:/ymir work/item/11635.msm	0
item/ymir work/item/11020.msm	d:/ymir work/item/11020.msm	0
item/ymir work/item/11200.msm	d:/ymir work/item/11200.msm	0
item/ymir work/item/17210.msm	d:/ymir work/item/17210.msm	0
item/ymir work/item/11237.msm	d:/ymir work/item/11237.msm	0
item/ymir work/item/11677.msm	d:/ymir work/item/11677.msm	0
item/ymir work/item/28502.msm	d:/ymir work/item/28502.msm	0
item/ymir work/item/11689.msm	d:/ymir work/item/11689.msm	0
item/ymir work/item/14024.msm	d:/ymir work/item/14024.msm	0
item/ymir work/item/11201.msm	d:/ymir work/item/11201.msm	0
item/ymir work/item/15232.msm	d:/ymir work/item/15232.msm	0
item/ymir work/item/27806.msm	d:/ymir work/item/27806.msm	0
item/ymir work/item/11221.msm	d:/ymir work/item/11221.msm	0
item/ymir work/item/28000.msm	d:/ymir work/item/28000.msm	0
item/ymir work/item/11203.msm	d:/ymir work/item/11203.msm	0
item/ymir work/item/11217.msm	d:/ymir work/item/11217.msm	0
item/ymir work/item/11204.msm	d:/ymir work/item/11204.msm	0
item/ymir work/item/11611.msm	d:/ymir work/item/11611.msm	0
item/ymir work/item/17195.msm	d:/ymir work/item/17195.msm	0
item/ymir work/item/12371.msm	d:/ymir work/item/12371.msm	0
item/ymir work/item/11205.msm	d:/ymir work/item/11205.msm	0
item/ymir work/item/17137.msm	d:/ymir work/item/17137.msm	0
item/ymir work/item/15021.msm	d:/ymir work/item/15021.msm	0
item/ymir work/item/11207.msm	d:/ymir work/item/11207.msm	0
item/ymir work/item/11811.msm	d:/ymir work/item/11811.msm	0
item/ymir work/item/11253.msm	d:/ymir work/item/11253.msm	0
item/ymir work/item/12433.msm	d:/ymir work/item/12433.msm	0
item/ymir work/item/14106.msm	d:/ymir work/item/14106.msm	0
item/ymir work/item/11209.msm	d:/ymir work/item/11209.msm	0
item/ymir work/item/11878.msm	d:/ymir work/item/11878.msm	0
item/ymir work/item/11210.msm	d:/ymir work/item/11210.msm	0
item/ymir work/item/16041.msm	d:/ymir work/item/16041.msm	0
item/ymir work/item/16063.msm	d:/ymir work/item/16063.msm	0
item/ymir work/item/11211.msm	d:/ymir work/item/11211.msm	0
item/ymir work/item/27003.msm	d:/ymir work/item/27003.msm	0
item/ymir work/item/12326.msm	d:/ymir work/item/12326.msm	0
item/ymir work/item/11647.msm	d:/ymir work/item/11647.msm	0
item/ymir work/item/16057.msm	d:/ymir work/item/16057.msm	0
item/ymir work/item/12210.msm	d:/ymir work/item/12210.msm	0
item/ymir work/item/11804.msm	d:/ymir work/item/11804.msm	0
item/ymir work/item/27580.msm	d:/ymir work/item/27580.msm	0
item/ymir work/item/weapon/04010.gr2	d:/ymir work/item/weapon/04010.gr2	0
item/ymir work/item/11213.msm	d:/ymir work/item/11213.msm	0
item/ymir work/item/12443.msm	d:/ymir work/item/12443.msm	0
item/ymir work/item/16067.msm	d:/ymir work/item/16067.msm	0
item/ymir work/item/12702.msm	d:/ymir work/item/12702.msm	0
item/ymir work/item/11215.msm	d:/ymir work/item/11215.msm	0
item/ymir work/item/12275.msm	d:/ymir work/item/12275.msm	0
item/ymir work/item/11216.msm	d:/ymir work/item/11216.msm	0
item/ymir work/item/11432.msm	d:/ymir work/item/11432.msm	0
item/ymir work/item/14216.msm	d:/ymir work/item/14216.msm	0
item/ymir work/item/11218.msm	d:/ymir work/item/11218.msm	0
item/ymir work/item/11267.msm	d:/ymir work/item/11267.msm	0
item/ymir work/item/11419.msm	d:/ymir work/item/11419.msm	0
item/ymir work/item/11420.msm	d:/ymir work/item/11420.msm	0
item/ymir work/item/11814.msm	d:/ymir work/item/11814.msm	0
item/ymir work/item/27838.msm	d:/ymir work/item/27838.msm	0
item/ymir work/item/12509.msm	d:/ymir work/item/12509.msm	0
item/ymir work/item/11220.msm	d:/ymir work/item/11220.msm	0
item/ymir work/item/etc/silver_nugget.dds	d:/ymir work/item/etc/silver_nugget.dds	1
item/ymir work/item/16173.msm	d:/ymir work/item/16173.msm	0
item/ymir work/item/16211.msm	d:/ymir work/item/16211.msm	0
item/ymir work/item/17011.msm	d:/ymir work/item/17011.msm	0
item/ymir work/item/11223.msm	d:/ymir work/item/11223.msm	0
item/ymir work/item/11446.msm	d:/ymir work/item/11446.msm	0
item/ymir work/item/11224.msm	d:/ymir work/item/11224.msm	0
item/ymir work/item/12524.msm	d:/ymir work/item/12524.msm	0
item/ymir work/item/11226.msm	d:/ymir work/item/11226.msm	0
item/ymir work/item/16055.msm	d:/ymir work/item/16055.msm	0
item/ymir work/item/12307.msm	d:/ymir work/item/12307.msm	0
item/ymir work/item/16081.msm	d:/ymir work/item/16081.msm	0
item/ymir work/item/12571.msm	d:/ymir work/item/12571.msm	0
item/ymir work/item/12487.msm	d:/ymir work/item/12487.msm	0
item/ymir work/item/12386.msm	d:/ymir work/item/12386.msm	0
item/ymir work/item/14116.msm	d:/ymir work/item/14116.msm	0
item/ymir work/item/11227.msm	d:/ymir work/item/11227.msm	0
item/ymir work/item/12563.msm	d:/ymir work/item/12563.msm	0
item/ymir work/item/11815.msm	d:/ymir work/item/11815.msm	0
item/ymir work/item/11660.msm	d:/ymir work/item/11660.msm	0
item/ymir work/item/11228.msm	d:/ymir work/item/11228.msm	0
item/ymir work/item/11229.msm	d:/ymir work/item/11229.msm	0
item/ymir work/item/16186.msm	d:/ymir work/item/16186.msm	0
item/ymir work/item/12385.msm	d:/ymir work/item/12385.msm	0
item/ymir work/item/11833.msm	d:/ymir work/item/11833.msm	0
item/ymir work/item/11252.msm	d:/ymir work/item/11252.msm	0
item/ymir work/item/27835.msm	d:/ymir work/item/27835.msm	0
item/ymir work/item/11230.msm	d:/ymir work/item/11230.msm	0
item/ymir work/item/27100.msm	d:/ymir work/item/27100.msm	0
item/ymir work/item/15254.msm	d:/ymir work/item/15254.msm	0
item/ymir work/item/11231.msm	d:/ymir work/item/11231.msm	0
item/ymir work/item/16156.msm	d:/ymir work/item/16156.msm	0
item/ymir work/item/quest/73508.tga	d:/ymir work/item/quest/73508.tga	1
item/ymir work/item/11464.msm	d:/ymir work/item/11464.msm	0
item/ymir work/item/15195.msm	d:/ymir work/item/15195.msm	0
item/ymir work/item/11232.msm	d:/ymir work/item/11232.msm	0
item/ymir work/item/15257.msm	d:/ymir work/item/15257.msm	0
item/ymir work/item/17088.msm	d:/ymir work/item/17088.msm	0
item/ymir work/item/11282.msm	d:/ymir work/item/11282.msm	0
item/ymir work/item/11808.msm	d:/ymir work/item/11808.msm	0
item/ymir work/item/16039.msm	d:/ymir work/item/16039.msm	0
item/ymir work/item/25030.msm	d:/ymir work/item/25030.msm	0
item/ymir work/item/11235.msm	d:/ymir work/item/11235.msm	0
item/ymir work/item/11236.msm	d:/ymir work/item/11236.msm	0
item/ymir work/item/11869.msm	d:/ymir work/item/11869.msm	0
item/ymir work/item/16111.msm	d:/ymir work/item/16111.msm	0
item/ymir work/item/28505.msm	d:/ymir work/item/28505.msm	0
item/ymir work/item/14080.msm	d:/ymir work/item/14080.msm	0
item/ymir work/item/11238.msm	d:/ymir work/item/11238.msm	0
item/ymir work/item/11239.msm	d:/ymir work/item/11239.msm	0
item/ymir work/item/11867.msm	d:/ymir work/item/11867.msm	0
item/ymir work/item/11240.msm	d:/ymir work/item/11240.msm	0
item/ymir work/item/12574.msm	d:/ymir work/item/12574.msm	0
item/ymir work/item/11241.msm	d:/ymir work/item/11241.msm	0
item/ymir work/item/11455.msm	d:/ymir work/item/11455.msm	0
item/ymir work/item/16019.msm	d:/ymir work/item/16019.msm	0
item/ymir work/item/11243.msm	d:/ymir work/item/11243.msm	0
item/ymir work/item/11849.msm	d:/ymir work/item/11849.msm	0
item/ymir work/item/16070.msm	d:/ymir work/item/16070.msm	0
item/ymir work/item/11245.msm	d:/ymir work/item/11245.msm	0
item/ymir work/item/12313.msm	d:/ymir work/item/12313.msm	0
item/ymir work/item/11246.msm	d:/ymir work/item/11246.msm	0
item/ymir work/item/11247.msm	d:/ymir work/item/11247.msm	0
item/ymir work/item/weapon/00050.gr2	d:/ymir work/item/weapon/00050.gr2	0
item/ymir work/item/11248.msm	d:/ymir work/item/11248.msm	0
item/ymir work/item/weapon/01090.gr2	d:/ymir work/item/weapon/01090.gr2	0
item/ymir work/item/11249.msm	d:/ymir work/item/11249.msm	0
item/ymir work/item/12697.msm	d:/ymir work/item/12697.msm	0
item/ymir work/item/12383.msm	d:/ymir work/item/12383.msm	0
item/ymir work/item/11251.msm	d:/ymir work/item/11251.msm	0
item/ymir work/item/11254.msm	d:/ymir work/item/11254.msm	0
item/ymir work/item/14179.msm	d:/ymir work/item/14179.msm	0
item/ymir work/item/12675.msm	d:/ymir work/item/12675.msm	0
item/ymir work/item/11255.msm	d:/ymir work/item/11255.msm	0
item/ymir work/item/12395.msm	d:/ymir work/item/12395.msm	0
item/ymir work/item/11256.msm	d:/ymir work/item/11256.msm	0
item/ymir work/item/12265.msm	d:/ymir work/item/12265.msm	0
item/ymir work/item/11604.msm	d:/ymir work/item/11604.msm	0
item/ymir work/item/15128.msm	d:/ymir work/item/15128.msm	0
item/ymir work/item/12664.msm	d:/ymir work/item/12664.msm	0
item/ymir work/item/11258.msm	d:/ymir work/item/11258.msm	0
item/ymir work/item/11259.msm	d:/ymir work/item/11259.msm	0
item/ymir work/item/15034.msm	d:/ymir work/item/15034.msm	0
item/ymir work/item/11628.msm	d:/ymir work/item/11628.msm	0
item/ymir work/item/15133.msm	d:/ymir work/item/15133.msm	0
item/ymir work/item/12476.msm	d:/ymir work/item/12476.msm	0
item/ymir work/item/11260.msm	d:/ymir work/item/11260.msm	0
item/ymir work/item/17193.msm	d:/ymir work/item/17193.msm	0
item/ymir work/item/12389.msm	d:/ymir work/item/12389.msm	0
item/ymir work/item/14033.msm	d:/ymir work/item/14033.msm	0
item/ymir work/item/11682.msm	d:/ymir work/item/11682.msm	0
item/ymir work/item/11261.msm	d:/ymir work/item/11261.msm	0
item/ymir work/item/11435.msm	d:/ymir work/item/11435.msm	0
item/ymir work/item/11262.msm	d:/ymir work/item/11262.msm	0
item/ymir work/item/11676.msm	d:/ymir work/item/11676.msm	0
item/ymir work/item/12717.msm	d:/ymir work/item/12717.msm	0
item/ymir work/item/11263.msm	d:/ymir work/item/11263.msm	0
item/ymir work/item/15146.msm	d:/ymir work/item/15146.msm	0
item/ymir work/item/11265.msm	d:/ymir work/item/11265.msm	0
item/ymir work/item/11269.msm	d:/ymir work/item/11269.msm	0
item/ymir work/item/15111.msm	d:/ymir work/item/15111.msm	0
item/ymir work/item/11656.msm	d:/ymir work/item/11656.msm	0
item/ymir work/item/14118.msm	d:/ymir work/item/14118.msm	0
item/ymir work/item/11270.msm	d:/ymir work/item/11270.msm	0
item/ymir work/item/11625.msm	d:/ymir work/item/11625.msm	0
item/ymir work/item/17203.msm	d:/ymir work/item/17203.msm	0
item/ymir work/item/16016.msm	d:/ymir work/item/16016.msm	0
item/ymir work/item/16135.msm	d:/ymir work/item/16135.msm	0
item/ymir work/item/11271.msm	d:/ymir work/item/11271.msm	0
item/ymir work/item/15076.msm	d:/ymir work/item/15076.msm	0
item/ymir work/item/12647.msm	d:/ymir work/item/12647.msm	0
item/ymir work/item/12512.msm	d:/ymir work/item/12512.msm	0
item/ymir work/item/11272.msm	d:/ymir work/item/11272.msm	0
item/ymir work/item/16049.msm	d:/ymir work/item/16049.msm	0
item/ymir work/item/11273.msm	d:/ymir work/item/11273.msm	0
item/ymir work/item/11870.msm	d:/ymir work/item/11870.msm	0
item/ymir work/item/11276.msm	d:/ymir work/item/11276.msm	0
item/ymir work/item/16172.msm	d:/ymir work/item/16172.msm	0
item/ymir work/item/11277.msm	d:/ymir work/item/11277.msm	0
item/ymir work/item/16159.msm	d:/ymir work/item/16159.msm	0
item/ymir work/item/17091.msm	d:/ymir work/item/17091.msm	0
item/ymir work/item/27006.msm	d:/ymir work/item/27006.msm	0
item/ymir work/item/11860.msm	d:/ymir work/item/11860.msm	0
item/ymir work/item/12499.msm	d:/ymir work/item/12499.msm	0
item/ymir work/item/11478.msm	d:/ymir work/item/11478.msm	0
item/ymir work/item/15022.msm	d:/ymir work/item/15022.msm	0
item/ymir work/item/11278.msm	d:/ymir work/item/11278.msm	0
item/ymir work/item/27817.msm	d:/ymir work/item/27817.msm	0
item/ymir work/item/11638.msm	d:/ymir work/item/11638.msm	0
item/ymir work/item/17021.msm	d:/ymir work/item/17021.msm	0
item/ymir work/item/12311.msm	d:/ymir work/item/12311.msm	0
item/ymir work/item/11279.msm	d:/ymir work/item/11279.msm	0
item/ymir work/item/15123.msm	d:/ymir work/item/15123.msm	0
item/ymir work/item/17160.msm	d:/ymir work/item/17160.msm	0
item/ymir work/item/11280.msm	d:/ymir work/item/11280.msm	0
item/ymir work/item/11454.msm	d:/ymir work/item/11454.msm	0
item/ymir work/item/15053.msm	d:/ymir work/item/15053.msm	0
item/ymir work/item/28202.msm	d:/ymir work/item/28202.msm	0
item/ymir work/item/12475.msm	d:/ymir work/item/12475.msm	0
item/ymir work/item/11637.msm	d:/ymir work/item/11637.msm	0
item/ymir work/item/11281.msm	d:/ymir work/item/11281.msm	0
item/ymir work/item/16073.msm	d:/ymir work/item/16073.msm	0
item/ymir work/item/12457.msm	d:/ymir work/item/12457.msm	0
item/ymir work/item/12400.msm	d:/ymir work/item/12400.msm	0
item/ymir work/item/weapon/00130.gr2	d:/ymir work/item/weapon/00130.gr2	0
item/ymir work/item/12201.msm	d:/ymir work/item/12201.msm	0
item/ymir work/item/28509.msm	d:/ymir work/item/28509.msm	0
item/ymir work/item/12336.msm	d:/ymir work/item/12336.msm	0
item/ymir work/item/11283.msm	d:/ymir work/item/11283.msm	0
item/ymir work/item/17047.msm	d:/ymir work/item/17047.msm	0
item/ymir work/item/11632.msm	d:/ymir work/item/11632.msm	0
item/ymir work/item/17080.msm	d:/ymir work/item/17080.msm	0
item/ymir work/item/12706.msm	d:/ymir work/item/12706.msm	0
item/ymir work/item/27809.msm	d:/ymir work/item/27809.msm	0
item/ymir work/item/11284.msm	d:/ymir work/item/11284.msm	0
item/ymir work/item/12586.msm	d:/ymir work/item/12586.msm	0
item/ymir work/item/11633.msm	d:/ymir work/item/11633.msm	0
item/ymir work/item/11285.msm	d:/ymir work/item/11285.msm	0
item/ymir work/item/11872.msm	d:/ymir work/item/11872.msm	0
item/ymir work/item/12244.msm	d:/ymir work/item/12244.msm	0
item/ymir work/item/11286.msm	d:/ymir work/item/11286.msm	0
item/ymir work/item/weapon/01150.gr2	d:/ymir work/item/weapon/01150.gr2	0
item/ymir work/item/11288.msm	d:/ymir work/item/11288.msm	0
item/ymir work/item/11400.msm	d:/ymir work/item/11400.msm	0
item/ymir work/item/16158.msm	d:/ymir work/item/16158.msm	0
item/ymir work/item/11868.msm	d:/ymir work/item/11868.msm	0
item/ymir work/item/12215.msm	d:/ymir work/item/12215.msm	0
item/ymir work/item/15126.msm	d:/ymir work/item/15126.msm	0
item/ymir work/item/16030.msm	d:/ymir work/item/16030.msm	0
item/ymir work/item/11402.msm	d:/ymir work/item/11402.msm	0
item/ymir work/item/17170.msm	d:/ymir work/item/17170.msm	0
item/ymir work/item/12223.msm	d:/ymir work/item/12223.msm	0
item/ymir work/item/28903.msm	d:/ymir work/item/28903.msm	0
item/ymir work/item/11403.msm	d:/ymir work/item/11403.msm	0
item/ymir work/item/27837.msm	d:/ymir work/item/27837.msm	0
item/ymir work/item/12438.msm	d:/ymir work/item/12438.msm	0
item/ymir work/item/11405.msm	d:/ymir work/item/11405.msm	0
item/ymir work/item/11678.msm	d:/ymir work/item/11678.msm	0
item/ymir work/item/12251.msm	d:/ymir work/item/12251.msm	0
item/ymir work/item/11406.msm	d:/ymir work/item/11406.msm	0
item/ymir work/item/quest/73754.tga	d:/ymir work/item/quest/73754.tga	1
item/ymir work/item/14049.msm	d:/ymir work/item/14049.msm	0
item/ymir work/item/11412.msm	d:/ymir work/item/11412.msm	0
item/ymir work/item/28004.msm	d:/ymir work/item/28004.msm	0
item/ymir work/item/11407.msm	d:/ymir work/item/11407.msm	0
item/ymir work/item/12742.msm	d:/ymir work/item/12742.msm	0
item/ymir work/item/14025.msm	d:/ymir work/item/14025.msm	0
item/ymir work/item/11408.msm	d:/ymir work/item/11408.msm	0
item/ymir work/item/12225.msm	d:/ymir work/item/12225.msm	0
item/ymir work/item/12264.msm	d:/ymir work/item/12264.msm	0
item/ymir work/item/12247.msm	d:/ymir work/item/12247.msm	0
item/ymir work/item/11410.msm	d:/ymir work/item/11410.msm	0
item/ymir work/item/quest/73760.tga	d:/ymir work/item/quest/73760.tga	1
item/ymir work/item/12270.msm	d:/ymir work/item/12270.msm	0
item/ymir work/item/27520.msm	d:/ymir work/item/27520.msm	0
item/ymir work/item/weapon/00080.gr2	d:/ymir work/item/weapon/00080.gr2	0
item/ymir work/item/11411.msm	d:/ymir work/item/11411.msm	0
item/ymir work/item/11839.msm	d:/ymir work/item/11839.msm	0
item/ymir work/item/11618.msm	d:/ymir work/item/11618.msm	0
item/ymir work/item/17177.msm	d:/ymir work/item/17177.msm	0
item/ymir work/item/16163.msm	d:/ymir work/item/16163.msm	0
item/ymir work/item/16069.msm	d:/ymir work/item/16069.msm	0
item/ymir work/item/11413.msm	d:/ymir work/item/11413.msm	0
item/ymir work/item/11844.msm	d:/ymir work/item/11844.msm	0
item/ymir work/item/12657.msm	d:/ymir work/item/12657.msm	0
item/ymir work/item/11414.msm	d:/ymir work/item/11414.msm	0
item/ymir work/item/11600.msm	d:/ymir work/item/11600.msm	0
item/ymir work/item/14071.msm	d:/ymir work/item/14071.msm	0
item/ymir work/item/11415.msm	d:/ymir work/item/11415.msm	0
item/ymir work/item/11416.msm	d:/ymir work/item/11416.msm	0
item/ymir work/item/11840.msm	d:/ymir work/item/11840.msm	0
item/ymir work/item/14173.msm	d:/ymir work/item/14173.msm	0
item/ymir work/item/11809.msm	d:/ymir work/item/11809.msm	0
item/ymir work/item/12449.msm	d:/ymir work/item/12449.msm	0
item/ymir work/item/12340.msm	d:/ymir work/item/12340.msm	0
item/ymir work/item/27105.msm	d:/ymir work/item/27105.msm	0
item/ymir work/item/12300.msm	d:/ymir work/item/12300.msm	0
item/ymir work/item/11417.msm	d:/ymir work/item/11417.msm	0
item/ymir work/item/11871.msm	d:/ymir work/item/11871.msm	0
item/ymir work/item/11418.msm	d:/ymir work/item/11418.msm	0
item/ymir work/item/12724.msm	d:/ymir work/item/12724.msm	0
item/ymir work/item/11421.msm	d:/ymir work/item/11421.msm	0
item/ymir work/item/11423.msm	d:/ymir work/item/11423.msm	0
item/ymir work/item/11424.msm	d:/ymir work/item/11424.msm	0
item/ymir work/item/12611.msm	d:/ymir work/item/12611.msm	0
item/ymir work/item/16082.msm	d:/ymir work/item/16082.msm	0
item/ymir work/item/11425.msm	d:/ymir work/item/11425.msm	0
item/ymir work/item/11426.msm	d:/ymir work/item/11426.msm	0
item/ymir work/item/15068.msm	d:/ymir work/item/15068.msm	0
item/ymir work/item/11427.msm	d:/ymir work/item/11427.msm	0
item/ymir work/item/12288.msm	d:/ymir work/item/12288.msm	0
item/ymir work/item/12589.msm	d:/ymir work/item/12589.msm	0
item/ymir work/item/11428.msm	d:/ymir work/item/11428.msm	0
item/ymir work/item/11429.msm	d:/ymir work/item/11429.msm	0
item/ymir work/item/11447.msm	d:/ymir work/item/11447.msm	0
item/ymir work/item/17120.msm	d:/ymir work/item/17120.msm	0
item/ymir work/item/11430.msm	d:/ymir work/item/11430.msm	0
item/ymir work/item/11831.msm	d:/ymir work/item/11831.msm	0
item/ymir work/item/11684.msm	d:/ymir work/item/11684.msm	0
item/ymir work/item/11433.msm	d:/ymir work/item/11433.msm	0
item/ymir work/item/16193.msm	d:/ymir work/item/16193.msm	0
item/ymir work/item/12654.msm	d:/ymir work/item/12654.msm	0
item/ymir work/item/11616.msm	d:/ymir work/item/11616.msm	0
item/ymir work/item/11434.msm	d:/ymir work/item/11434.msm	0
item/ymir work/item/11436.msm	d:/ymir work/item/11436.msm	0
item/ymir work/item/14206.msm	d:/ymir work/item/14206.msm	0
item/ymir work/item/17198.msm	d:/ymir work/item/17198.msm	0
item/ymir work/item/11680.msm	d:/ymir work/item/11680.msm	0
item/ymir work/item/11437.msm	d:/ymir work/item/11437.msm	0
item/ymir work/item/quest/73009.tga	d:/ymir work/item/quest/73009.tga	1
item/ymir work/item/12511.msm	d:/ymir work/item/12511.msm	0
item/ymir work/item/11438.msm	d:/ymir work/item/11438.msm	0
item/ymir work/item/11439.msm	d:/ymir work/item/11439.msm	0
item/ymir work/item/16102.msm	d:/ymir work/item/16102.msm	0
item/ymir work/item/17218.msm	d:/ymir work/item/17218.msm	0
item/ymir work/item/12617.msm	d:/ymir work/item/12617.msm	0
item/ymir work/item/11440.msm	d:/ymir work/item/11440.msm	0
item/ymir work/item/11802.msm	d:/ymir work/item/11802.msm	0
item/ymir work/item/11442.msm	d:/ymir work/item/11442.msm	0
item/ymir work/item/17178.msm	d:/ymir work/item/17178.msm	0
item/ymir work/item/11443.msm	d:/ymir work/item/11443.msm	0
item/ymir work/item/11444.msm	d:/ymir work/item/11444.msm	0
item/ymir work/item/11445.msm	d:/ymir work/item/11445.msm	0
item/ymir work/item/14034.msm	d:/ymir work/item/14034.msm	0
item/ymir work/item/14117.msm	d:/ymir work/item/14117.msm	0
item/ymir work/item/11685.msm	d:/ymir work/item/11685.msm	0
item/ymir work/item/11448.msm	d:/ymir work/item/11448.msm	0
item/ymir work/item/14125.msm	d:/ymir work/item/14125.msm	0
item/ymir work/item/12596.msm	d:/ymir work/item/12596.msm	0
item/ymir work/item/12397.msm	d:/ymir work/item/12397.msm	0
item/ymir work/item/11449.msm	d:/ymir work/item/11449.msm	0
item/ymir work/item/12506.msm	d:/ymir work/item/12506.msm	0
item/ymir work/item/11450.msm	d:/ymir work/item/11450.msm	0
item/ymir work/item/11865.msm	d:/ymir work/item/11865.msm	0
item/ymir work/item/15074.msm	d:/ymir work/item/15074.msm	0
item/ymir work/item/11451.msm	d:/ymir work/item/11451.msm	0
item/ymir work/item/11453.msm	d:/ymir work/item/11453.msm	0
item/ymir work/item/12510.msm	d:/ymir work/item/12510.msm	0
item/ymir work/item/16131.msm	d:/ymir work/item/16131.msm	0
item/ymir work/item/28209.msm	d:/ymir work/item/28209.msm	0
item/ymir work/item/11456.msm	d:/ymir work/item/11456.msm	0
item/ymir work/item/11621.msm	d:/ymir work/item/11621.msm	0
item/ymir work/item/11457.msm	d:/ymir work/item/11457.msm	0
item/ymir work/item/15211.msm	d:/ymir work/item/15211.msm	0
item/ymir work/item/17007.msm	d:/ymir work/item/17007.msm	0
item/ymir work/item/11460.msm	d:/ymir work/item/11460.msm	0
item/ymir work/item/12601.msm	d:/ymir work/item/12601.msm	0
item/ymir work/item/12588.msm	d:/ymir work/item/12588.msm	0
item/ymir work/item/14219.msm	d:/ymir work/item/14219.msm	0
item/ymir work/item/11461.msm	d:/ymir work/item/11461.msm	0
item/ymir work/item/17112.msm	d:/ymir work/item/17112.msm	0
item/ymir work/item/27850.msm	d:/ymir work/item/27850.msm	0
item/ymir work/item/11462.msm	d:/ymir work/item/11462.msm	0
item/ymir work/item/15186.msm	d:/ymir work/item/15186.msm	0
item/ymir work/item/12728.msm	d:/ymir work/item/12728.msm	0
item/ymir work/item/17118.msm	d:/ymir work/item/17118.msm	0
item/ymir work/item/12668.msm	d:/ymir work/item/12668.msm	0
item/ymir work/item/12221.msm	d:/ymir work/item/12221.msm	0
item/ymir work/item/16190.msm	d:/ymir work/item/16190.msm	0
item/ymir work/item/17211.msm	d:/ymir work/item/17211.msm	0
item/ymir work/item/12483.msm	d:/ymir work/item/12483.msm	0
item/ymir work/item/11463.msm	d:/ymir work/item/11463.msm	0
item/ymir work/item/11829.msm	d:/ymir work/item/11829.msm	0
item/ymir work/item/15208.msm	d:/ymir work/item/15208.msm	0
item/ymir work/item/11607.msm	d:/ymir work/item/11607.msm	0
item/ymir work/item/14009.msm	d:/ymir work/item/14009.msm	0
item/ymir work/item/11465.msm	d:/ymir work/item/11465.msm	0
item/ymir work/item/11876.msm	d:/ymir work/item/11876.msm	0
item/ymir work/item/15059.msm	d:/ymir work/item/15059.msm	0
item/ymir work/item/12441.msm	d:/ymir work/item/12441.msm	0
item/ymir work/item/11468.msm	d:/ymir work/item/11468.msm	0
item/ymir work/item/17125.msm	d:/ymir work/item/17125.msm	0
item/ymir work/item/12688.msm	d:/ymir work/item/12688.msm	0
item/ymir work/item/11469.msm	d:/ymir work/item/11469.msm	0
item/ymir work/item/11470.msm	d:/ymir work/item/11470.msm	0
item/ymir work/item/16060.msm	d:/ymir work/item/16060.msm	0
item/ymir work/item/11631.msm	d:/ymir work/item/11631.msm	0
item/ymir work/item/weapon/02100.gr2	d:/ymir work/item/weapon/02100.gr2	0
item/ymir work/item/11471.msm	d:/ymir work/item/11471.msm	0
item/ymir work/item/16096.msm	d:/ymir work/item/16096.msm	0
item/ymir work/item/17215.msm	d:/ymir work/item/17215.msm	0
item/ymir work/item/etc/q_box.gr2	d:/ymir work/item/etc/q_box.gr2	0
item/ymir work/item/11473.msm	d:/ymir work/item/11473.msm	0
item/ymir work/item/11474.msm	d:/ymir work/item/11474.msm	0
item/ymir work/item/weapon/07160.gr2	d:/ymir work/item/weapon/07160.gr2	0
item/ymir work/item/15145.msm	d:/ymir work/item/15145.msm	0
item/ymir work/item/28309.msm	d:/ymir work/item/28309.msm	0
item/ymir work/item/11475.msm	d:/ymir work/item/11475.msm	0
item/ymir work/item/etc/silver_nugget_1.gr2	d:/ymir work/item/etc/silver_nugget_1.gr2	0
item/ymir work/item/11476.msm	d:/ymir work/item/11476.msm	0
item/ymir work/item/11622.msm	d:/ymir work/item/11622.msm	0
item/ymir work/item/11480.msm	d:/ymir work/item/11480.msm	0
item/ymir work/item/12203.msm	d:/ymir work/item/12203.msm	0
item/ymir work/item/12560.msm	d:/ymir work/item/12560.msm	0
item/ymir work/item/12334.msm	d:/ymir work/item/12334.msm	0
item/ymir work/item/12343.msm	d:/ymir work/item/12343.msm	0
item/ymir work/item/11481.msm	d:/ymir work/item/11481.msm	0
item/ymir work/item/17045.msm	d:/ymir work/item/17045.msm	0
item/ymir work/item/11482.msm	d:/ymir work/item/11482.msm	0
item/ymir work/item/16187.msm	d:/ymir work/item/16187.msm	0
item/ymir work/item/11483.msm	d:/ymir work/item/11483.msm	0
item/ymir work/item/14105.msm	d:/ymir work/item/14105.msm	0
item/ymir work/item/11484.msm	d:/ymir work/item/11484.msm	0
item/ymir work/item/16140.msm	d:/ymir work/item/16140.msm	0
item/ymir work/item/17176.msm	d:/ymir work/item/17176.msm	0
item/ymir work/item/11485.msm	d:/ymir work/item/11485.msm	0
item/ymir work/item/11486.msm	d:/ymir work/item/11486.msm	0
item/ymir work/item/12218.msm	d:/ymir work/item/12218.msm	0
item/ymir work/item/11487.msm	d:/ymir work/item/11487.msm	0
item/ymir work/item/11488.msm	d:/ymir work/item/11488.msm	0
item/ymir work/item/12202.msm	d:/ymir work/item/12202.msm	0
item/ymir work/item/12756.msm	d:/ymir work/item/12756.msm	0
item/ymir work/item/11489.msm	d:/ymir work/item/11489.msm	0
item/ymir work/item/11601.msm	d:/ymir work/item/11601.msm	0
item/ymir work/item/11602.msm	d:/ymir work/item/11602.msm	0
item/ymir work/item/11603.msm	d:/ymir work/item/11603.msm	0
item/ymir work/item/17065.msm	d:/ymir work/item/17065.msm	0
item/ymir work/item/12341.msm	d:/ymir work/item/12341.msm	0
item/ymir work/item/11606.msm	d:/ymir work/item/11606.msm	0
item/ymir work/item/11610.msm	d:/ymir work/item/11610.msm	0
item/ymir work/item/12564.msm	d:/ymir work/item/12564.msm	0
item/ymir work/item/12738.msm	d:/ymir work/item/12738.msm	0
item/ymir work/item/11644.msm	d:/ymir work/item/11644.msm	0
item/ymir work/item/11612.msm	d:/ymir work/item/11612.msm	0
item/ymir work/item/11613.msm	d:/ymir work/item/11613.msm	0
item/ymir work/item/11615.msm	d:/ymir work/item/11615.msm	0
item/ymir work/item/17219.msm	d:/ymir work/item/17219.msm	0
item/ymir work/item/11627.msm	d:/ymir work/item/11627.msm	0
item/ymir work/item/11619.msm	d:/ymir work/item/11619.msm	0
item/ymir work/item/25040.msm	d:/ymir work/item/25040.msm	0
item/ymir work/item/16113.msm	d:/ymir work/item/16113.msm	0
item/ymir work/item/28600.msm	d:/ymir work/item/28600.msm	0
item/ymir work/item/11620.msm	d:/ymir work/item/11620.msm	0
item/ymir work/item/11623.msm	d:/ymir work/item/11623.msm	0
item/ymir work/item/12633.msm	d:/ymir work/item/12633.msm	0
item/ymir work/item/14189.msm	d:/ymir work/item/14189.msm	0
item/ymir work/item/11624.msm	d:/ymir work/item/11624.msm	0
item/ymir work/item/11626.msm	d:/ymir work/item/11626.msm	0
item/ymir work/item/28902.msm	d:/ymir work/item/28902.msm	0
item/ymir work/item/11629.msm	d:/ymir work/item/11629.msm	0
item/ymir work/item/15104.msm	d:/ymir work/item/15104.msm	0
item/ymir work/item/11683.msm	d:/ymir work/item/11683.msm	0
item/ymir work/item/14177.msm	d:/ymir work/item/14177.msm	0
item/ymir work/item/12391.msm	d:/ymir work/item/12391.msm	0
item/ymir work/item/11630.msm	d:/ymir work/item/11630.msm	0
item/ymir work/item/12209.msm	d:/ymir work/item/12209.msm	0
item/ymir work/item/11634.msm	d:/ymir work/item/11634.msm	0
item/ymir work/item/12361.msm	d:/ymir work/item/12361.msm	0
item/ymir work/item/11842.msm	d:/ymir work/item/11842.msm	0
item/ymir work/item/11688.msm	d:/ymir work/item/11688.msm	0
item/ymir work/item/12316.msm	d:/ymir work/item/12316.msm	0
item/ymir work/item/11640.msm	d:/ymir work/item/11640.msm	0
item/ymir work/item/15024.msm	d:/ymir work/item/15024.msm	0
item/ymir work/item/11641.msm	d:/ymir work/item/11641.msm	0
item/ymir work/item/12240.msm	d:/ymir work/item/12240.msm	0
item/ymir work/item/11642.msm	d:/ymir work/item/11642.msm	0
item/ymir work/item/14027.msm	d:/ymir work/item/14027.msm	0
item/ymir work/item/17031.msm	d:/ymir work/item/17031.msm	0
item/ymir work/item/12514.msm	d:/ymir work/item/12514.msm	0
item/ymir work/item/12500.msm	d:/ymir work/item/12500.msm	0
item/ymir work/item/15219.msm	d:/ymir work/item/15219.msm	0
item/ymir work/item/12740.msm	d:/ymir work/item/12740.msm	0
item/ymir work/item/11643.msm	d:/ymir work/item/11643.msm	0
item/ymir work/item/11657.msm	d:/ymir work/item/11657.msm	0
item/ymir work/item/11645.msm	d:/ymir work/item/11645.msm	0
item/ymir work/item/11646.msm	d:/ymir work/item/11646.msm	0
item/ymir work/item/15088.msm	d:/ymir work/item/15088.msm	0
item/ymir work/item/12602.msm	d:/ymir work/item/12602.msm	0
item/ymir work/item/11648.msm	d:/ymir work/item/11648.msm	0
item/ymir work/item/17050.msm	d:/ymir work/item/17050.msm	0
item/ymir work/item/12716.msm	d:/ymir work/item/12716.msm	0
item/ymir work/item/16050.msm	d:/ymir work/item/16050.msm	0
item/ymir work/item/15138.msm	d:/ymir work/item/15138.msm	0
item/ymir work/item/15047.msm	d:/ymir work/item/15047.msm	0
item/ymir work/item/11843.msm	d:/ymir work/item/11843.msm	0
item/ymir work/item/12743.msm	d:/ymir work/item/12743.msm	0
item/ymir work/item/15239.msm	d:/ymir work/item/15239.msm	0
item/ymir work/item/17005.msm	d:/ymir work/item/17005.msm	0
item/ymir work/item/11649.msm	d:/ymir work/item/11649.msm	0
item/ymir work/item/27868.msm	d:/ymir work/item/27868.msm	0
item/ymir work/item/11653.msm	d:/ymir work/item/11653.msm	0
item/ymir work/item/16161.msm	d:/ymir work/item/16161.msm	0
item/ymir work/item/14124.msm	d:/ymir work/item/14124.msm	0
item/ymir work/item/12683.msm	d:/ymir work/item/12683.msm	0
item/ymir work/item/16132.msm	d:/ymir work/item/16132.msm	0
item/ymir work/item/11655.msm	d:/ymir work/item/11655.msm	0
item/ymir work/item/11658.msm	d:/ymir work/item/11658.msm	0
item/ymir work/item/14156.msm	d:/ymir work/item/14156.msm	0
item/ymir work/item/17041.msm	d:/ymir work/item/17041.msm	0
item/ymir work/item/12339.msm	d:/ymir work/item/12339.msm	0
item/ymir work/item/11659.msm	d:/ymir work/item/11659.msm	0
item/ymir work/item/11838.msm	d:/ymir work/item/11838.msm	0
item/ymir work/item/16009.msm	d:/ymir work/item/16009.msm	0
item/ymir work/item/11662.msm	d:/ymir work/item/11662.msm	0
item/ymir work/item/11664.msm	d:/ymir work/item/11664.msm	0
item/ymir work/item/12491.msm	d:/ymir work/item/12491.msm	0
item/ymir work/item/12407.msm	d:/ymir work/item/12407.msm	0
item/ymir work/item/11666.msm	d:/ymir work/item/11666.msm	0
item/ymir work/item/11668.msm	d:/ymir work/item/11668.msm	0
item/ymir work/item/11841.msm	d:/ymir work/item/11841.msm	0
item/ymir work/item/quest/73758.tga	d:/ymir work/item/quest/73758.tga	1
item/ymir work/item/12549.msm	d:/ymir work/item/12549.msm	0
item/ymir work/item/12301.msm	d:/ymir work/item/12301.msm	0
item/ymir work/item/17024.msm	d:/ymir work/item/17024.msm	0
item/ymir work/item/14050.msm	d:/ymir work/item/14050.msm	0
item/ymir work/item/11669.msm	d:/ymir work/item/11669.msm	0
item/ymir work/item/11670.msm	d:/ymir work/item/11670.msm	0
item/ymir work/item/12710.msm	d:/ymir work/item/12710.msm	0
item/ymir work/item/11850.msm	d:/ymir work/item/11850.msm	0
item/ymir work/item/11671.msm	d:/ymir work/item/11671.msm	0
item/ymir work/item/11826.msm	d:/ymir work/item/11826.msm	0
item/ymir work/item/11672.msm	d:/ymir work/item/11672.msm	0
item/ymir work/item/11673.msm	d:/ymir work/item/11673.msm	0
item/ymir work/item/12576.msm	d:/ymir work/item/12576.msm	0
item/ymir work/item/12276.msm	d:/ymir work/item/12276.msm	0
item/ymir work/item/11674.msm	d:/ymir work/item/11674.msm	0
item/ymir work/item/17079.msm	d:/ymir work/item/17079.msm	0
item/ymir work/item/11679.msm	d:/ymir work/item/11679.msm	0
item/ymir work/item/11681.msm	d:/ymir work/item/11681.msm	0
item/ymir work/item/17119.msm	d:/ymir work/item/17119.msm	0
item/ymir work/item/12372.msm	d:/ymir work/item/12372.msm	0
item/ymir work/item/12232.msm	d:/ymir work/item/12232.msm	0
item/ymir work/item/11686.msm	d:/ymir work/item/11686.msm	0
item/ymir work/item/14089.msm	d:/ymir work/item/14089.msm	0
item/ymir work/item/70008.msm	d:/ymir work/item/70008.msm	0
item/ymir work/item/12384.msm	d:/ymir work/item/12384.msm	0
item/ymir work/item/12685.msm	d:/ymir work/item/12685.msm	0
item/ymir work/item/11687.msm	d:/ymir work/item/11687.msm	0
item/ymir work/item/11836.msm	d:/ymir work/item/11836.msm	0
item/ymir work/item/12423.msm	d:/ymir work/item/12423.msm	0
item/ymir work/item/11801.msm	d:/ymir work/item/11801.msm	0
item/ymir work/item/12344.msm	d:/ymir work/item/12344.msm	0
item/ymir work/item/15049.msm	d:/ymir work/item/15049.msm	0
item/ymir work/item/17156.msm	d:/ymir work/item/17156.msm	0
item/ymir work/item/12211.msm	d:/ymir work/item/12211.msm	0
item/ymir work/item/17034.msm	d:/ymir work/item/17034.msm	0
item/ymir work/item/11805.msm	d:/ymir work/item/11805.msm	0
item/ymir work/item/17216.msm	d:/ymir work/item/17216.msm	0
item/ymir work/item/12678.msm	d:/ymir work/item/12678.msm	0
item/ymir work/item/12570.msm	d:/ymir work/item/12570.msm	0
item/ymir work/item/11806.msm	d:/ymir work/item/11806.msm	0
item/ymir work/item/12479.msm	d:/ymir work/item/12479.msm	0
item/ymir work/item/12507.msm	d:/ymir work/item/12507.msm	0
item/ymir work/item/12212.msm	d:/ymir work/item/12212.msm	0
item/ymir work/item/11807.msm	d:/ymir work/item/11807.msm	0
item/ymir work/item/11812.msm	d:/ymir work/item/11812.msm	0
item/ymir work/item/12597.msm	d:/ymir work/item/12597.msm	0
item/ymir work/item/11816.msm	d:/ymir work/item/11816.msm	0
item/ymir work/item/12482.msm	d:/ymir work/item/12482.msm	0
item/ymir work/item/17002.msm	d:/ymir work/item/17002.msm	0
item/ymir work/item/11818.msm	d:/ymir work/item/11818.msm	0
item/ymir work/item/12690.msm	d:/ymir work/item/12690.msm	0
item/ymir work/item/11819.msm	d:/ymir work/item/11819.msm	0
item/ymir work/item/11820.msm	d:/ymir work/item/11820.msm	0
item/ymir work/item/12674.msm	d:/ymir work/item/12674.msm	0
item/ymir work/item/12534.msm	d:/ymir work/item/12534.msm	0
item/ymir work/item/11821.msm	d:/ymir work/item/11821.msm	0
item/ymir work/item/17184.msm	d:/ymir work/item/17184.msm	0
item/ymir work/item/16058.msm	d:/ymir work/item/16058.msm	0
item/ymir work/item/15004.msm	d:/ymir work/item/15004.msm	0
item/ymir work/item/12494.msm	d:/ymir work/item/12494.msm	0
item/ymir work/item/11822.msm	d:/ymir work/item/11822.msm	0
item/ymir work/item/12292.msm	d:/ymir work/item/12292.msm	0
item/ymir work/item/11824.msm	d:/ymir work/item/11824.msm	0
item/ymir work/item/11825.msm	d:/ymir work/item/11825.msm	0
item/ymir work/item/15148.msm	d:/ymir work/item/15148.msm	0
item/ymir work/item/11827.msm	d:/ymir work/item/11827.msm	0
item/ymir work/item/11828.msm	d:/ymir work/item/11828.msm	0
item/ymir work/item/weapon/07050.gr2	d:/ymir work/item/weapon/07050.gr2	0
item/ymir work/item/12693.msm	d:/ymir work/item/12693.msm	0
item/ymir work/item/16154.msm	d:/ymir work/item/16154.msm	0
item/ymir work/item/11830.msm	d:/ymir work/item/11830.msm	0
item/ymir work/item/14115.msm	d:/ymir work/item/14115.msm	0
item/ymir work/item/12399.msm	d:/ymir work/item/12399.msm	0
item/ymir work/item/11859.msm	d:/ymir work/item/11859.msm	0
item/ymir work/item/15255.msm	d:/ymir work/item/15255.msm	0
item/ymir work/item/11832.msm	d:/ymir work/item/11832.msm	0
item/ymir work/item/11835.msm	d:/ymir work/item/11835.msm	0
item/ymir work/item/12222.msm	d:/ymir work/item/12222.msm	0
item/ymir work/item/11837.msm	d:/ymir work/item/11837.msm	0
item/ymir work/item/11845.msm	d:/ymir work/item/11845.msm	0
item/ymir work/item/28307.msm	d:/ymir work/item/28307.msm	0
item/ymir work/item/15168.msm	d:/ymir work/item/15168.msm	0
item/ymir work/item/11846.msm	d:/ymir work/item/11846.msm	0
item/ymir work/item/11847.msm	d:/ymir work/item/11847.msm	0
item/ymir work/item/weapon/00120.gr2	d:/ymir work/item/weapon/00120.gr2	0
item/ymir work/item/11851.msm	d:/ymir work/item/11851.msm	0
item/ymir work/item/11852.msm	d:/ymir work/item/11852.msm	0
item/ymir work/item/12587.msm	d:/ymir work/item/12587.msm	0
item/ymir work/item/11853.msm	d:/ymir work/item/11853.msm	0
item/ymir work/item/11887.msm	d:/ymir work/item/11887.msm	0
item/ymir work/item/12254.msm	d:/ymir work/item/12254.msm	0
item/ymir work/item/12689.msm	d:/ymir work/item/12689.msm	0
item/ymir work/item/14085.msm	d:/ymir work/item/14085.msm	0
item/ymir work/item/11854.msm	d:/ymir work/item/11854.msm	0
item/ymir work/item/12541.msm	d:/ymir work/item/12541.msm	0
item/ymir work/item/15226.msm	d:/ymir work/item/15226.msm	0
item/ymir work/item/11855.msm	d:/ymir work/item/11855.msm	0
item/ymir work/item/17186.msm	d:/ymir work/item/17186.msm	0
item/ymir work/item/16007.msm	d:/ymir work/item/16007.msm	0
item/ymir work/item/11856.msm	d:/ymir work/item/11856.msm	0
item/ymir work/item/15180.msm	d:/ymir work/item/15180.msm	0
item/ymir work/item/27996.msm	d:/ymir work/item/27996.msm	0
item/ymir work/item/12726.msm	d:/ymir work/item/12726.msm	0
item/ymir work/item/14141.msm	d:/ymir work/item/14141.msm	0
item/ymir work/item/11858.msm	d:/ymir work/item/11858.msm	0
item/ymir work/item/11861.msm	d:/ymir work/item/11861.msm	0
item/ymir work/item/12461.msm	d:/ymir work/item/12461.msm	0
item/ymir work/item/12450.msm	d:/ymir work/item/12450.msm	0
item/ymir work/item/11873.msm	d:/ymir work/item/11873.msm	0
item/ymir work/item/17017.msm	d:/ymir work/item/17017.msm	0
item/ymir work/item/14138.msm	d:/ymir work/item/14138.msm	0
item/ymir work/item/12283.msm	d:/ymir work/item/12283.msm	0
item/ymir work/item/11875.msm	d:/ymir work/item/11875.msm	0
item/ymir work/item/12700.msm	d:/ymir work/item/12700.msm	0
item/ymir work/item/12577.msm	d:/ymir work/item/12577.msm	0
item/ymir work/item/11877.msm	d:/ymir work/item/11877.msm	0
item/ymir work/item/11879.msm	d:/ymir work/item/11879.msm	0
item/ymir work/item/12546.msm	d:/ymir work/item/12546.msm	0
item/ymir work/item/11880.msm	d:/ymir work/item/11880.msm	0
item/ymir work/item/11881.msm	d:/ymir work/item/11881.msm	0
item/ymir work/item/11883.msm	d:/ymir work/item/11883.msm	0
item/ymir work/item/11884.msm	d:/ymir work/item/11884.msm	0
item/ymir work/item/12637.msm	d:/ymir work/item/12637.msm	0
item/ymir work/item/11888.msm	d:/ymir work/item/11888.msm	0
item/ymir work/item/12236.msm	d:/ymir work/item/12236.msm	0
item/ymir work/item/12548.msm	d:/ymir work/item/12548.msm	0
item/ymir work/item/12295.msm	d:/ymir work/item/12295.msm	0
item/ymir work/item/11889.msm	d:/ymir work/item/11889.msm	0
item/ymir work/item/12200.msm	d:/ymir work/item/12200.msm	0
item/ymir work/item/14019.msm	d:/ymir work/item/14019.msm	0
item/ymir work/item/12204.msm	d:/ymir work/item/12204.msm	0
item/ymir work/item/12206.msm	d:/ymir work/item/12206.msm	0
item/ymir work/item/15233.msm	d:/ymir work/item/15233.msm	0
item/ymir work/item/28708.msm	d:/ymir work/item/28708.msm	0
item/ymir work/item/12208.msm	d:/ymir work/item/12208.msm	0
item/ymir work/item/12213.msm	d:/ymir work/item/12213.msm	0
item/ymir work/item/12214.msm	d:/ymir work/item/12214.msm	0
item/ymir work/item/16207.msm	d:/ymir work/item/16207.msm	0
item/ymir work/item/12474.msm	d:/ymir work/item/12474.msm	0
item/ymir work/item/12220.msm	d:/ymir work/item/12220.msm	0
item/ymir work/item/12224.msm	d:/ymir work/item/12224.msm	0
item/ymir work/item/12226.msm	d:/ymir work/item/12226.msm	0
item/ymir work/item/12660.msm	d:/ymir work/item/12660.msm	0
item/ymir work/item/12497.msm	d:/ymir work/item/12497.msm	0
item/ymir work/item/17027.msm	d:/ymir work/item/17027.msm	0
item/ymir work/item/12528.msm	d:/ymir work/item/12528.msm	0
item/ymir work/item/12229.msm	d:/ymir work/item/12229.msm	0
item/ymir work/item/17158.msm	d:/ymir work/item/17158.msm	0
item/ymir work/item/12464.msm	d:/ymir work/item/12464.msm	0
item/ymir work/item/16114.msm	d:/ymir work/item/16114.msm	0
item/ymir work/item/weapon/00240.gr2	d:/ymir work/item/weapon/00240.gr2	0
item/ymir work/item/12230.msm	d:/ymir work/item/12230.msm	0
item/ymir work/item/16088.msm	d:/ymir work/item/16088.msm	0
item/ymir work/item/28213.msm	d:/ymir work/item/28213.msm	0
item/ymir work/item/12231.msm	d:/ymir work/item/12231.msm	0
item/ymir work/item/12233.msm	d:/ymir work/item/12233.msm	0
item/ymir work/item/12235.msm	d:/ymir work/item/12235.msm	0
item/ymir work/item/16212.msm	d:/ymir work/item/16212.msm	0
item/ymir work/item/12237.msm	d:/ymir work/item/12237.msm	0
item/ymir work/item/12592.msm	d:/ymir work/item/12592.msm	0
item/ymir work/item/16008.msm	d:/ymir work/item/16008.msm	0
item/ymir work/item/12238.msm	d:/ymir work/item/12238.msm	0
item/ymir work/item/12243.msm	d:/ymir work/item/12243.msm	0
item/ymir work/item/12350.msm	d:/ymir work/item/12350.msm	0
item/ymir work/item/12245.msm	d:/ymir work/item/12245.msm	0
item/ymir work/item/quest/73757.tga	d:/ymir work/item/quest/73757.tga	1
item/ymir work/item/12552.msm	d:/ymir work/item/12552.msm	0
item/ymir work/item/12246.msm	d:/ymir work/item/12246.msm	0
item/ymir work/item/12248.msm	d:/ymir work/item/12248.msm	0
item/ymir work/item/weapon/buke.gr2	d:/ymir work/item/weapon/buke.gr2	0
item/ymir work/item/12477.msm	d:/ymir work/item/12477.msm	0
item/ymir work/item/12249.msm	d:/ymir work/item/12249.msm	0
item/ymir work/item/16112.msm	d:/ymir work/item/16112.msm	0
item/ymir work/item/12455.msm	d:/ymir work/item/12455.msm	0
item/ymir work/item/12558.msm	d:/ymir work/item/12558.msm	0
item/ymir work/item/12332.msm	d:/ymir work/item/12332.msm	0
item/ymir work/item/12250.msm	d:/ymir work/item/12250.msm	0
item/ymir work/item/14100.msm	d:/ymir work/item/14100.msm	0
item/ymir work/item/12713.msm	d:/ymir work/item/12713.msm	0
item/ymir work/item/15169.msm	d:/ymir work/item/15169.msm	0
item/ymir work/item/12252.msm	d:/ymir work/item/12252.msm	0
item/ymir work/item/12565.msm	d:/ymir work/item/12565.msm	0
item/ymir work/item/12253.msm	d:/ymir work/item/12253.msm	0
item/ymir work/item/15167.msm	d:/ymir work/item/15167.msm	0
item/ymir work/item/12255.msm	d:/ymir work/item/12255.msm	0
item/ymir work/item/28702.msm	d:/ymir work/item/28702.msm	0
item/ymir work/item/12256.msm	d:/ymir work/item/12256.msm	0
item/ymir work/item/15139.msm	d:/ymir work/item/15139.msm	0
item/ymir work/item/12629.msm	d:/ymir work/item/12629.msm	0
item/ymir work/item/12257.msm	d:/ymir work/item/12257.msm	0
item/ymir work/item/12258.msm	d:/ymir work/item/12258.msm	0
item/ymir work/item/27818.msm	d:/ymir work/item/27818.msm	0
item/ymir work/item/12260.msm	d:/ymir work/item/12260.msm	0
item/ymir work/item/12517.msm	d:/ymir work/item/12517.msm	0
item/ymir work/item/12429.msm	d:/ymir work/item/12429.msm	0
item/ymir work/item/weapon/00210.gr2	d:/ymir work/item/weapon/00210.gr2	0
item/ymir work/item/12261.msm	d:/ymir work/item/12261.msm	0
item/ymir work/item/12262.msm	d:/ymir work/item/12262.msm	0
item/ymir work/item/16153.msm	d:/ymir work/item/16153.msm	0
item/ymir work/item/quest/73504.tga	d:/ymir work/item/quest/73504.tga	1
item/ymir work/item/12663.msm	d:/ymir work/item/12663.msm	0
item/ymir work/item/12263.msm	d:/ymir work/item/12263.msm	0
item/ymir work/item/12267.msm	d:/ymir work/item/12267.msm	0
item/ymir work/item/12268.msm	d:/ymir work/item/12268.msm	0
item/ymir work/item/12269.msm	d:/ymir work/item/12269.msm	0
item/ymir work/item/12272.msm	d:/ymir work/item/12272.msm	0
item/ymir work/item/12490.msm	d:/ymir work/item/12490.msm	0
item/ymir work/item/16020.msm	d:/ymir work/item/16020.msm	0
item/ymir work/item/16174.msm	d:/ymir work/item/16174.msm	0
item/ymir work/item/weapon/weapon_junggeup_03.dds	d:/ymir work/item/weapon/weapon_junggeup_03.dds	1
item/ymir work/item/12273.msm	d:/ymir work/item/12273.msm	0
item/ymir work/item/12274.msm	d:/ymir work/item/12274.msm	0
item/ymir work/item/12278.msm	d:/ymir work/item/12278.msm	0
item/ymir work/item/12279.msm	d:/ymir work/item/12279.msm	0
item/ymir work/item/12606.msm	d:/ymir work/item/12606.msm	0
item/ymir work/item/12412.msm	d:/ymir work/item/12412.msm	0
item/ymir work/item/17194.msm	d:/ymir work/item/17194.msm	0
item/ymir work/item/16013.msm	d:/ymir work/item/16013.msm	0
item/ymir work/item/12280.msm	d:/ymir work/item/12280.msm	0
item/ymir work/item/12281.msm	d:/ymir work/item/12281.msm	0
item/ymir work/item/12282.msm	d:/ymir work/item/12282.msm	0
item/ymir work/item/12442.msm	d:/ymir work/item/12442.msm	0
item/ymir work/item/12369.msm	d:/ymir work/item/12369.msm	0
item/ymir work/item/17068.msm	d:/ymir work/item/17068.msm	0
item/ymir work/item/12284.msm	d:/ymir work/item/12284.msm	0
item/ymir work/item/16042.msm	d:/ymir work/item/16042.msm	0
item/ymir work/item/12285.msm	d:/ymir work/item/12285.msm	0
item/ymir work/item/12287.msm	d:/ymir work/item/12287.msm	0
item/ymir work/item/15184.msm	d:/ymir work/item/15184.msm	0
item/ymir work/item/12349.msm	d:/ymir work/item/12349.msm	0
item/ymir work/item/16064.msm	d:/ymir work/item/16064.msm	0
item/ymir work/item/12289.msm	d:/ymir work/item/12289.msm	0
item/ymir work/item/12533.msm	d:/ymir work/item/12533.msm	0
item/ymir work/item/17020.msm	d:/ymir work/item/17020.msm	0
item/ymir work/item/12290.msm	d:/ymir work/item/12290.msm	0
item/ymir work/item/14001.msm	d:/ymir work/item/14001.msm	0
item/ymir work/item/12291.msm	d:/ymir work/item/12291.msm	0
item/ymir work/item/15189.msm	d:/ymir work/item/15189.msm	0
item/ymir work/item/17182.msm	d:/ymir work/item/17182.msm	0
item/ymir work/item/12293.msm	d:/ymir work/item/12293.msm	0
item/ymir work/item/12296.msm	d:/ymir work/item/12296.msm	0
item/ymir work/item/12297.msm	d:/ymir work/item/12297.msm	0
item/ymir work/item/12721.msm	d:/ymir work/item/12721.msm	0
item/ymir work/item/quest/73506.tga	d:/ymir work/item/quest/73506.tga	1
item/ymir work/item/12302.msm	d:/ymir work/item/12302.msm	0
item/ymir work/item/17173.msm	d:/ymir work/item/17173.msm	0
item/ymir work/item/16090.msm	d:/ymir work/item/16090.msm	0
item/ymir work/item/15063.msm	d:/ymir work/item/15063.msm	0
item/ymir work/item/15236.msm	d:/ymir work/item/15236.msm	0
item/ymir work/item/12304.msm	d:/ymir work/item/12304.msm	0
item/ymir work/item/12305.msm	d:/ymir work/item/12305.msm	0
item/ymir work/item/12306.msm	d:/ymir work/item/12306.msm	0
item/ymir work/item/12608.msm	d:/ymir work/item/12608.msm	0
item/ymir work/item/15010.msm	d:/ymir work/item/15010.msm	0
item/ymir work/item/12308.msm	d:/ymir work/item/12308.msm	0
item/ymir work/item/27104.msm	d:/ymir work/item/27104.msm	0
item/ymir work/item/12309.msm	d:/ymir work/item/12309.msm	0
item/ymir work/item/12458.msm	d:/ymir work/item/12458.msm	0
item/ymir work/item/12310.msm	d:/ymir work/item/12310.msm	0
item/ymir work/item/14020.msm	d:/ymir work/item/14020.msm	0
item/ymir work/item/16037.msm	d:/ymir work/item/16037.msm	0
item/ymir work/item/12312.msm	d:/ymir work/item/12312.msm	0
item/ymir work/item/12314.msm	d:/ymir work/item/12314.msm	0
item/ymir work/item/12380.msm	d:/ymir work/item/12380.msm	0
item/ymir work/item/12315.msm	d:/ymir work/item/12315.msm	0
item/ymir work/item/16031.msm	d:/ymir work/item/16031.msm	0
item/ymir work/item/weapon/00270.gr2	d:/ymir work/item/weapon/00270.gr2	0
item/ymir work/item/12536.msm	d:/ymir work/item/12536.msm	0
item/ymir work/item/12621.msm	d:/ymir work/item/12621.msm	0
item/ymir work/item/949item_list.txt	d:/ymir work/item/949item_list.txt	2
item/ymir work/item/12317.msm	d:/ymir work/item/12317.msm	0
item/ymir work/item/12318.msm	d:/ymir work/item/12318.msm	0
item/ymir work/item/12319.msm	d:/ymir work/item/12319.msm	0
item/ymir work/item/14181.msm	d:/ymir work/item/14181.msm	0
item/ymir work/item/12320.msm	d:/ymir work/item/12320.msm	0
item/ymir work/item/15039.msm	d:/ymir work/item/15039.msm	0
item/ymir work/item/12321.msm	d:/ymir work/item/12321.msm	0
item/ymir work/item/14185.msm	d:/ymir work/item/14185.msm	0
item/ymir work/item/12322.msm	d:/ymir work/item/12322.msm	0
item/ymir work/item/12362.msm	d:/ymir work/item/12362.msm	0
item/ymir work/item/17147.msm	d:/ymir work/item/17147.msm	0
item/ymir work/item/12323.msm	d:/ymir work/item/12323.msm	0
item/ymir work/item/12324.msm	d:/ymir work/item/12324.msm	0
item/ymir work/item/12325.msm	d:/ymir work/item/12325.msm	0
item/ymir work/item/14088.msm	d:/ymir work/item/14088.msm	0
item/ymir work/item/15240.msm	d:/ymir work/item/15240.msm	0
item/ymir work/item/12545.msm	d:/ymir work/item/12545.msm	0
item/ymir work/item/12411.msm	d:/ymir work/item/12411.msm	0
item/ymir work/item/12327.msm	d:/ymir work/item/12327.msm	0
item/ymir work/item/12382.msm	d:/ymir work/item/12382.msm	0
item/ymir work/item/14031.msm	d:/ymir work/item/14031.msm	0
item/ymir work/item/12329.msm	d:/ymir work/item/12329.msm	0
item/ymir work/item/12331.msm	d:/ymir work/item/12331.msm	0
item/ymir work/item/12333.msm	d:/ymir work/item/12333.msm	0
item/ymir work/item/12337.msm	d:/ymir work/item/12337.msm	0
item/ymir work/item/12338.msm	d:/ymir work/item/12338.msm	0
item/ymir work/item/14174.msm	d:/ymir work/item/14174.msm	0
item/ymir work/item/17015.msm	d:/ymir work/item/17015.msm	0
item/ymir work/item/12568.msm	d:/ymir work/item/12568.msm	0
item/ymir work/item/28800.msm	d:/ymir work/item/28800.msm	0
item/ymir work/item/12342.msm	d:/ymir work/item/12342.msm	0
item/ymir work/item/14070.msm	d:/ymir work/item/14070.msm	0
item/ymir work/item/12444.msm	d:/ymir work/item/12444.msm	0
item/ymir work/item/14023.msm	d:/ymir work/item/14023.msm	0
item/ymir work/item/12345.msm	d:/ymir work/item/12345.msm	0
item/ymir work/item/12346.msm	d:/ymir work/item/12346.msm	0
item/ymir work/item/12347.msm	d:/ymir work/item/12347.msm	0
item/ymir work/item/12348.msm	d:/ymir work/item/12348.msm	0
item/ymir work/item/28310.msm	d:/ymir work/item/28310.msm	0
item/ymir work/item/12351.msm	d:/ymir work/item/12351.msm	0
item/ymir work/item/12352.msm	d:/ymir work/item/12352.msm	0
item/ymir work/item/12354.msm	d:/ymir work/item/12354.msm	0
item/ymir work/item/12363.msm	d:/ymir work/item/12363.msm	0
item/ymir work/item/12355.msm	d:/ymir work/item/12355.msm	0
item/ymir work/item/15241.msm	d:/ymir work/item/15241.msm	0
item/ymir work/item/12358.msm	d:/ymir work/item/12358.msm	0
item/ymir work/item/70009.msm	d:/ymir work/item/70009.msm	0
item/ymir work/item/12359.msm	d:/ymir work/item/12359.msm	0
item/ymir work/item/12525.msm	d:/ymir work/item/12525.msm	0
item/ymir work/item/12364.msm	d:/ymir work/item/12364.msm	0
item/ymir work/item/14003.msm	d:/ymir work/item/14003.msm	0
item/ymir work/item/27823.msm	d:/ymir work/item/27823.msm	0
item/ymir work/item/12365.msm	d:/ymir work/item/12365.msm	0
item/ymir work/item/17154.msm	d:/ymir work/item/17154.msm	0
item/ymir work/item/weapon/03100.gr2	d:/ymir work/item/weapon/03100.gr2	0
item/ymir work/item/28511.msm	d:/ymir work/item/28511.msm	0
item/ymir work/item/12619.msm	d:/ymir work/item/12619.msm	0
item/ymir work/item/12527.msm	d:/ymir work/item/12527.msm	0
item/ymir work/item/12366.msm	d:/ymir work/item/12366.msm	0
item/ymir work/item/27440.msm	d:/ymir work/item/27440.msm	0
item/ymir work/item/12373.msm	d:/ymir work/item/12373.msm	0
item/ymir work/item/14201.msm	d:/ymir work/item/14201.msm	0
item/ymir work/item/12374.msm	d:/ymir work/item/12374.msm	0
item/ymir work/item/12635.msm	d:/ymir work/item/12635.msm	0
item/ymir work/item/15131.msm	d:/ymir work/item/15131.msm	0
item/ymir work/item/12375.msm	d:/ymir work/item/12375.msm	0
item/ymir work/item/27470.msm	d:/ymir work/item/27470.msm	0
item/ymir work/item/28303.msm	d:/ymir work/item/28303.msm	0
item/ymir work/item/15112.msm	d:/ymir work/item/15112.msm	0
item/ymir work/item/16205.msm	d:/ymir work/item/16205.msm	0
item/ymir work/item/12480.msm	d:/ymir work/item/12480.msm	0
item/ymir work/item/12376.msm	d:/ymir work/item/12376.msm	0
item/ymir work/item/17152.msm	d:/ymir work/item/17152.msm	0
item/ymir work/item/15174.msm	d:/ymir work/item/15174.msm	0
item/ymir work/item/12379.msm	d:/ymir work/item/12379.msm	0
item/ymir work/item/12401.msm	d:/ymir work/item/12401.msm	0
item/ymir work/item/12381.msm	d:/ymir work/item/12381.msm	0
item/ymir work/item/12387.msm	d:/ymir work/item/12387.msm	0
item/ymir work/item/12388.msm	d:/ymir work/item/12388.msm	0
item/ymir work/item/27004.msm	d:/ymir work/item/27004.msm	0
item/ymir work/item/12393.msm	d:/ymir work/item/12393.msm	0
item/ymir work/item/28409.msm	d:/ymir work/item/28409.msm	0
item/ymir work/item/16179.msm	d:/ymir work/item/16179.msm	0
item/ymir work/item/12394.msm	d:/ymir work/item/12394.msm	0
item/ymir work/item/12396.msm	d:/ymir work/item/12396.msm	0
item/ymir work/item/12398.msm	d:/ymir work/item/12398.msm	0
item/ymir work/item/12402.msm	d:/ymir work/item/12402.msm	0
item/ymir work/item/16185.msm	d:/ymir work/item/16185.msm	0
item/ymir work/item/12403.msm	d:/ymir work/item/12403.msm	0
item/ymir work/item/12404.msm	d:/ymir work/item/12404.msm	0
item/ymir work/item/14148.msm	d:/ymir work/item/14148.msm	0
item/ymir work/item/12405.msm	d:/ymir work/item/12405.msm	0
item/ymir work/item/12406.msm	d:/ymir work/item/12406.msm	0
item/ymir work/item/12523.msm	d:/ymir work/item/12523.msm	0
item/ymir work/item/quest/73505.tga	d:/ymir work/item/quest/73505.tga	1
item/ymir work/item/12408.msm	d:/ymir work/item/12408.msm	0
item/ymir work/item/14059.msm	d:/ymir work/item/14059.msm	0
item/ymir work/item/12723.msm	d:/ymir work/item/12723.msm	0
item/ymir work/item/12409.msm	d:/ymir work/item/12409.msm	0
item/ymir work/item/28311.msm	d:/ymir work/item/28311.msm	0
item/ymir work/item/17197.msm	d:/ymir work/item/17197.msm	0
item/ymir work/item/12410.msm	d:/ymir work/item/12410.msm	0
item/ymir work/item/16080.msm	d:/ymir work/item/16080.msm	0
item/ymir work/item/12413.msm	d:/ymir work/item/12413.msm	0
item/ymir work/item/12414.msm	d:/ymir work/item/12414.msm	0
item/ymir work/item/weapon/07120.gr2	d:/ymir work/item/weapon/07120.gr2	0
item/ymir work/item/12600.msm	d:/ymir work/item/12600.msm	0
item/ymir work/item/weapon/03170.gr2	d:/ymir work/item/weapon/03170.gr2	0
item/ymir work/item/12416.msm	d:/ymir work/item/12416.msm	0
item/ymir work/item/15086.msm	d:/ymir work/item/15086.msm	0
item/ymir work/item/12417.msm	d:/ymir work/item/12417.msm	0
item/ymir work/item/14062.msm	d:/ymir work/item/14062.msm	0
item/ymir work/item/16183.msm	d:/ymir work/item/16183.msm	0
item/ymir work/item/12419.msm	d:/ymir work/item/12419.msm	0
item/ymir work/item/weapon/07000.gr2	d:/ymir work/item/weapon/07000.gr2	0
item/ymir work/item/16166.msm	d:/ymir work/item/16166.msm	0
item/ymir work/item/12420.msm	d:/ymir work/item/12420.msm	0
item/ymir work/item/12421.msm	d:/ymir work/item/12421.msm	0
item/ymir work/item/12595.msm	d:/ymir work/item/12595.msm	0
item/ymir work/item/etc/digger_2.gr2	d:/ymir work/item/etc/digger_2.gr2	0
item/ymir work/item/12422.msm	d:/ymir work/item/12422.msm	0
item/ymir work/item/12424.msm	d:/ymir work/item/12424.msm	0
item/ymir work/item/17094.msm	d:/ymir work/item/17094.msm	0
item/ymir work/item/12425.msm	d:/ymir work/item/12425.msm	0
item/ymir work/item/12426.msm	d:/ymir work/item/12426.msm	0
item/ymir work/item/16075.msm	d:/ymir work/item/16075.msm	0
item/ymir work/item/12427.msm	d:/ymir work/item/12427.msm	0
item/ymir work/item/12518.msm	d:/ymir work/item/12518.msm	0
item/ymir work/item/14213.msm	d:/ymir work/item/14213.msm	0
item/ymir work/item/12428.msm	d:/ymir work/item/12428.msm	0
item/ymir work/item/12430.msm	d:/ymir work/item/12430.msm	0
item/ymir work/item/17188.msm	d:/ymir work/item/17188.msm	0
item/ymir work/item/12431.msm	d:/ymir work/item/12431.msm	0
item/ymir work/item/14202.msm	d:/ymir work/item/14202.msm	0
item/ymir work/item/12667.msm	d:/ymir work/item/12667.msm	0
item/ymir work/item/27883.msm	d:/ymir work/item/27883.msm	0
item/ymir work/item/12432.msm	d:/ymir work/item/12432.msm	0
item/ymir work/item/12435.msm	d:/ymir work/item/12435.msm	0
item/ymir work/item/16199.msm	d:/ymir work/item/16199.msm	0
item/ymir work/item/12436.msm	d:/ymir work/item/12436.msm	0
item/ymir work/item/12437.msm	d:/ymir work/item/12437.msm	0
item/ymir work/item/12537.msm	d:/ymir work/item/12537.msm	0
item/ymir work/item/12440.msm	d:/ymir work/item/12440.msm	0
item/ymir work/item/17075.msm	d:/ymir work/item/17075.msm	0
item/ymir work/item/28011.msm	d:/ymir work/item/28011.msm	0
item/ymir work/item/12445.msm	d:/ymir work/item/12445.msm	0
item/ymir work/item/12447.msm	d:/ymir work/item/12447.msm	0
item/ymir work/item/12646.msm	d:/ymir work/item/12646.msm	0
item/ymir work/item/12448.msm	d:/ymir work/item/12448.msm	0
item/ymir work/item/12451.msm	d:/ymir work/item/12451.msm	0
item/ymir work/item/14042.msm	d:/ymir work/item/14042.msm	0
item/ymir work/item/weapon/00180.gr2	d:/ymir work/item/weapon/00180.gr2	0
item/ymir work/item/12453.msm	d:/ymir work/item/12453.msm	0
item/ymir work/item/17085.msm	d:/ymir work/item/17085.msm	0
item/ymir work/item/12456.msm	d:/ymir work/item/12456.msm	0
item/ymir work/item/27820.msm	d:/ymir work/item/27820.msm	0
item/ymir work/item/12459.msm	d:/ymir work/item/12459.msm	0
item/ymir work/item/15206.msm	d:/ymir work/item/15206.msm	0
item/ymir work/item/12460.msm	d:/ymir work/item/12460.msm	0
item/ymir work/item/16146.msm	d:/ymir work/item/16146.msm	0
item/ymir work/item/quest/73258.tga	d:/ymir work/item/quest/73258.tga	1
item/ymir work/item/12462.msm	d:/ymir work/item/12462.msm	0
item/ymir work/item/12481.msm	d:/ymir work/item/12481.msm	0
item/ymir work/item/weapon/01170.gr2	d:/ymir work/item/weapon/01170.gr2	0
item/ymir work/item/12463.msm	d:/ymir work/item/12463.msm	0
item/ymir work/item/12466.msm	d:/ymir work/item/12466.msm	0
item/ymir work/item/15089.msm	d:/ymir work/item/15089.msm	0
item/ymir work/item/28410.msm	d:/ymir work/item/28410.msm	0
item/ymir work/item/12467.msm	d:/ymir work/item/12467.msm	0
item/ymir work/item/12468.msm	d:/ymir work/item/12468.msm	0
item/ymir work/item/12469.msm	d:/ymir work/item/12469.msm	0
item/ymir work/item/14012.msm	d:/ymir work/item/14012.msm	0
item/ymir work/item/12725.msm	d:/ymir work/item/12725.msm	0
item/ymir work/item/12470.msm	d:/ymir work/item/12470.msm	0
item/ymir work/item/27814.msm	d:/ymir work/item/27814.msm	0
item/ymir work/item/17162.msm	d:/ymir work/item/17162.msm	0
item/ymir work/item/12471.msm	d:/ymir work/item/12471.msm	0
item/ymir work/item/16215.msm	d:/ymir work/item/16215.msm	0
item/ymir work/item/12719.msm	d:/ymir work/item/12719.msm	0
item/ymir work/item/12691.msm	d:/ymir work/item/12691.msm	0
item/ymir work/item/12651.msm	d:/ymir work/item/12651.msm	0
item/ymir work/item/27803.msm	d:/ymir work/item/27803.msm	0
item/ymir work/item/12472.msm	d:/ymir work/item/12472.msm	0
item/ymir work/item/14120.msm	d:/ymir work/item/14120.msm	0
item/ymir work/item/16176.msm	d:/ymir work/item/16176.msm	0
item/ymir work/item/12478.msm	d:/ymir work/item/12478.msm	0
item/ymir work/item/15234.msm	d:/ymir work/item/15234.msm	0
item/ymir work/item/12498.msm	d:/ymir work/item/12498.msm	0
item/ymir work/item/12484.msm	d:/ymir work/item/12484.msm	0
item/ymir work/item/15100.msm	d:/ymir work/item/15100.msm	0
item/ymir work/item/27877.msm	d:/ymir work/item/27877.msm	0
item/ymir work/item/15116.msm	d:/ymir work/item/15116.msm	0
item/ymir work/item/12486.msm	d:/ymir work/item/12486.msm	0
item/ymir work/item/12489.msm	d:/ymir work/item/12489.msm	0
item/ymir work/item/27812.msm	d:/ymir work/item/27812.msm	0
item/ymir work/item/27881.msm	d:/ymir work/item/27881.msm	0
item/ymir work/item/27420.msm	d:/ymir work/item/27420.msm	0
item/ymir work/item/12492.msm	d:/ymir work/item/12492.msm	0
item/ymir work/item/14150.msm	d:/ymir work/item/14150.msm	0
item/ymir work/item/12495.msm	d:/ymir work/item/12495.msm	0
item/ymir work/item/16145.msm	d:/ymir work/item/16145.msm	0
item/ymir work/item/12496.msm	d:/ymir work/item/12496.msm	0
item/ymir work/item/12501.msm	d:/ymir work/item/12501.msm	0
item/ymir work/item/28602.msm	d:/ymir work/item/28602.msm	0
item/ymir work/item/12502.msm	d:/ymir work/item/12502.msm	0
item/ymir work/item/12503.msm	d:/ymir work/item/12503.msm	0
item/ymir work/item/12605.msm	d:/ymir work/item/12605.msm	0
item/ymir work/item/12504.msm	d:/ymir work/item/12504.msm	0
item/ymir work/item/17183.msm	d:/ymir work/item/17183.msm	0
item/ymir work/item/12505.msm	d:/ymir work/item/12505.msm	0
item/ymir work/item/15080.msm	d:/ymir work/item/15080.msm	0
item/ymir work/item/16196.msm	d:/ymir work/item/16196.msm	0
item/ymir work/item/12508.msm	d:/ymir work/item/12508.msm	0
item/ymir work/item/12513.msm	d:/ymir work/item/12513.msm	0
item/ymir work/item/17030.msm	d:/ymir work/item/17030.msm	0
item/ymir work/item/12515.msm	d:/ymir work/item/12515.msm	0
item/ymir work/item/12516.msm	d:/ymir work/item/12516.msm	0
item/ymir work/item/17127.msm	d:/ymir work/item/17127.msm	0
item/ymir work/item/12519.msm	d:/ymir work/item/12519.msm	0
item/ymir work/item/12521.msm	d:/ymir work/item/12521.msm	0
item/ymir work/item/12757.msm	d:/ymir work/item/12757.msm	0
item/ymir work/item/12522.msm	d:/ymir work/item/12522.msm	0
item/ymir work/item/12526.msm	d:/ymir work/item/12526.msm	0
item/ymir work/item/12535.msm	d:/ymir work/item/12535.msm	0
item/ymir work/item/12529.msm	d:/ymir work/item/12529.msm	0
item/ymir work/item/12530.msm	d:/ymir work/item/12530.msm	0
item/ymir work/item/12598.msm	d:/ymir work/item/12598.msm	0
item/ymir work/item/12532.msm	d:/ymir work/item/12532.msm	0
item/ymir work/item/12745.msm	d:/ymir work/item/12745.msm	0
item/ymir work/item/12540.msm	d:/ymir work/item/12540.msm	0
item/ymir work/item/17131.msm	d:/ymir work/item/17131.msm	0
item/ymir work/item/15158.msm	d:/ymir work/item/15158.msm	0
item/ymir work/item/12542.msm	d:/ymir work/item/12542.msm	0
item/ymir work/item/12543.msm	d:/ymir work/item/12543.msm	0
item/ymir work/item/28206.msm	d:/ymir work/item/28206.msm	0
item/ymir work/item/12747.msm	d:/ymir work/item/12747.msm	0
item/ymir work/item/12547.msm	d:/ymir work/item/12547.msm	0
item/ymir work/item/weapon/05090.gr2	d:/ymir work/item/weapon/05090.gr2	0
item/ymir work/item/12610.msm	d:/ymir work/item/12610.msm	0
item/ymir work/item/12550.msm	d:/ymir work/item/12550.msm	0
item/ymir work/item/15214.msm	d:/ymir work/item/15214.msm	0
item/ymir work/item/15248.msm	d:/ymir work/item/15248.msm	0
item/ymir work/item/12551.msm	d:/ymir work/item/12551.msm	0
item/ymir work/item/17001.msm	d:/ymir work/item/17001.msm	0
item/ymir work/item/12553.msm	d:/ymir work/item/12553.msm	0
item/ymir work/item/12554.msm	d:/ymir work/item/12554.msm	0
item/ymir work/item/15127.msm	d:/ymir work/item/15127.msm	0
item/ymir work/item/17165.msm	d:/ymir work/item/17165.msm	0
item/ymir work/item/27865.msm	d:/ymir work/item/27865.msm	0
item/ymir work/item/12555.msm	d:/ymir work/item/12555.msm	0
item/ymir work/item/16027.msm	d:/ymir work/item/16027.msm	0
item/ymir work/item/12556.msm	d:/ymir work/item/12556.msm	0
item/ymir work/item/12557.msm	d:/ymir work/item/12557.msm	0
item/ymir work/item/12711.msm	d:/ymir work/item/12711.msm	0
item/ymir work/item/15222.msm	d:/ymir work/item/15222.msm	0
item/ymir work/item/12559.msm	d:/ymir work/item/12559.msm	0
item/ymir work/item/12561.msm	d:/ymir work/item/12561.msm	0
item/ymir work/item/15046.msm	d:/ymir work/item/15046.msm	0
item/ymir work/item/12562.msm	d:/ymir work/item/12562.msm	0
item/ymir work/item/17128.msm	d:/ymir work/item/17128.msm	0
item/ymir work/item/12566.msm	d:/ymir work/item/12566.msm	0
item/ymir work/item/16160.msm	d:/ymir work/item/16160.msm	0
item/ymir work/item/12718.msm	d:/ymir work/item/12718.msm	0
item/ymir work/item/14048.msm	d:/ymir work/item/14048.msm	0
item/ymir work/item/12567.msm	d:/ymir work/item/12567.msm	0
item/ymir work/item/14055.msm	d:/ymir work/item/14055.msm	0
item/ymir work/item/17168.msm	d:/ymir work/item/17168.msm	0
item/ymir work/item/14130.msm	d:/ymir work/item/14130.msm	0
item/ymir work/item/12569.msm	d:/ymir work/item/12569.msm	0
item/ymir work/item/12572.msm	d:/ymir work/item/12572.msm	0
item/ymir work/item/16035.msm	d:/ymir work/item/16035.msm	0
item/ymir work/item/12699.msm	d:/ymir work/item/12699.msm	0
item/ymir work/item/12573.msm	d:/ymir work/item/12573.msm	0
item/ymir work/item/12696.msm	d:/ymir work/item/12696.msm	0
item/ymir work/item/12575.msm	d:/ymir work/item/12575.msm	0
item/ymir work/item/12579.msm	d:/ymir work/item/12579.msm	0
item/ymir work/item/50103.msm	d:/ymir work/item/50103.msm	0
item/ymir work/item/12580.msm	d:/ymir work/item/12580.msm	0
item/ymir work/item/14205.msm	d:/ymir work/item/14205.msm	0
item/ymir work/item/15251.msm	d:/ymir work/item/15251.msm	0
item/ymir work/item/12581.msm	d:/ymir work/item/12581.msm	0
item/ymir work/item/12582.msm	d:/ymir work/item/12582.msm	0
item/ymir work/item/12583.msm	d:/ymir work/item/12583.msm	0
item/ymir work/item/12584.msm	d:/ymir work/item/12584.msm	0
item/ymir work/item/15163.msm	d:/ymir work/item/15163.msm	0
item/ymir work/item/12687.msm	d:/ymir work/item/12687.msm	0
item/ymir work/item/12593.msm	d:/ymir work/item/12593.msm	0
item/ymir work/item/weapon/weapon_choegogeup01_02.dds	d:/ymir work/item/weapon/weapon_choegogeup01_02.dds	1
item/ymir work/item/12599.msm	d:/ymir work/item/12599.msm	0
item/ymir work/item/12604.msm	d:/ymir work/item/12604.msm	0
item/ymir work/item/12698.msm	d:/ymir work/item/12698.msm	0
item/ymir work/item/12658.msm	d:/ymir work/item/12658.msm	0
item/ymir work/item/12607.msm	d:/ymir work/item/12607.msm	0
item/ymir work/item/16177.msm	d:/ymir work/item/16177.msm	0
item/ymir work/item/12609.msm	d:/ymir work/item/12609.msm	0
item/ymir work/item/12648.msm	d:/ymir work/item/12648.msm	0
item/ymir work/item/12612.msm	d:/ymir work/item/12612.msm	0
item/ymir work/item/12613.msm	d:/ymir work/item/12613.msm	0
item/ymir work/item/16181.msm	d:/ymir work/item/16181.msm	0
item/ymir work/item/16108.msm	d:/ymir work/item/16108.msm	0
item/ymir work/item/12614.msm	d:/ymir work/item/12614.msm	0
item/ymir work/item/12615.msm	d:/ymir work/item/12615.msm	0
item/ymir work/item/15173.msm	d:/ymir work/item/15173.msm	0
item/ymir work/item/28001.msm	d:/ymir work/item/28001.msm	0
item/ymir work/item/12623.msm	d:/ymir work/item/12623.msm	0
item/ymir work/item/15177.msm	d:/ymir work/item/15177.msm	0
item/ymir work/item/12618.msm	d:/ymir work/item/12618.msm	0
item/ymir work/item/12622.msm	d:/ymir work/item/12622.msm	0
item/ymir work/item/12821.msm	d:/ymir work/item/12821.msm	0
item/ymir work/item/12624.msm	d:/ymir work/item/12624.msm	0
item/ymir work/item/14037.msm	d:/ymir work/item/14037.msm	0
item/ymir work/item/17135.msm	d:/ymir work/item/17135.msm	0
item/ymir work/item/27400.msm	d:/ymir work/item/27400.msm	0
item/ymir work/item/12626.msm	d:/ymir work/item/12626.msm	0
item/ymir work/item/12627.msm	d:/ymir work/item/12627.msm	0
item/ymir work/item/15188.msm	d:/ymir work/item/15188.msm	0
item/ymir work/item/12631.msm	d:/ymir work/item/12631.msm	0
item/ymir work/item/12650.msm	d:/ymir work/item/12650.msm	0
item/ymir work/item/16029.msm	d:/ymir work/item/16029.msm	0
item/ymir work/item/12632.msm	d:/ymir work/item/12632.msm	0
item/ymir work/item/14005.msm	d:/ymir work/item/14005.msm	0
item/ymir work/item/15190.msm	d:/ymir work/item/15190.msm	0
item/ymir work/item/12636.msm	d:/ymir work/item/12636.msm	0
item/ymir work/item/12670.msm	d:/ymir work/item/12670.msm	0
item/ymir work/item/12639.msm	d:/ymir work/item/12639.msm	0
item/ymir work/item/15083.msm	d:/ymir work/item/15083.msm	0
item/ymir work/item/12640.msm	d:/ymir work/item/12640.msm	0
item/ymir work/item/15045.msm	d:/ymir work/item/15045.msm	0
item/ymir work/item/12642.msm	d:/ymir work/item/12642.msm	0
item/ymir work/item/15147.msm	d:/ymir work/item/15147.msm	0
item/ymir work/item/12645.msm	d:/ymir work/item/12645.msm	0
item/ymir work/item/12649.msm	d:/ymir work/item/12649.msm	0
item/ymir work/item/etc/item_bag.gr2	d:/ymir work/item/etc/item_bag.gr2	0
item/ymir work/item/12653.msm	d:/ymir work/item/12653.msm	0
item/ymir work/item/12695.msm	d:/ymir work/item/12695.msm	0
item/ymir work/item/15011.msm	d:/ymir work/item/15011.msm	0
item/ymir work/item/12655.msm	d:/ymir work/item/12655.msm	0
item/ymir work/item/14051.msm	d:/ymir work/item/14051.msm	0
item/ymir work/item/12656.msm	d:/ymir work/item/12656.msm	0
item/ymir work/item/14107.msm	d:/ymir work/item/14107.msm	0
item/ymir work/item/12661.msm	d:/ymir work/item/12661.msm	0
item/ymir work/item/14017.msm	d:/ymir work/item/14017.msm	0
item/ymir work/item/27103.msm	d:/ymir work/item/27103.msm	0
item/ymir work/item/12665.msm	d:/ymir work/item/12665.msm	0
item/ymir work/item/12669.msm	d:/ymir work/item/12669.msm	0
item/ymir work/item/12671.msm	d:/ymir work/item/12671.msm	0
item/ymir work/item/15094.msm	d:/ymir work/item/15094.msm	0
item/ymir work/item/12672.msm	d:/ymir work/item/12672.msm	0
item/ymir work/item/12673.msm	d:/ymir work/item/12673.msm	0
item/ymir work/item/15118.msm	d:/ymir work/item/15118.msm	0
item/ymir work/item/12676.msm	d:/ymir work/item/12676.msm	0
item/ymir work/item/15051.msm	d:/ymir work/item/15051.msm	0
item/ymir work/item/12679.msm	d:/ymir work/item/12679.msm	0
item/ymir work/item/17095.msm	d:/ymir work/item/17095.msm	0
item/ymir work/item/12680.msm	d:/ymir work/item/12680.msm	0
item/ymir work/item/12681.msm	d:/ymir work/item/12681.msm	0
item/ymir work/item/12682.msm	d:/ymir work/item/12682.msm	0
item/ymir work/item/12684.msm	d:/ymir work/item/12684.msm	0
item/ymir work/item/27800.msm	d:/ymir work/item/27800.msm	0
item/ymir work/item/12686.msm	d:/ymir work/item/12686.msm	0
item/ymir work/item/12694.msm	d:/ymir work/item/12694.msm	0
item/ymir work/item/12701.msm	d:/ymir work/item/12701.msm	0
item/ymir work/item/15109.msm	d:/ymir work/item/15109.msm	0
item/ymir work/item/27101.msm	d:/ymir work/item/27101.msm	0
item/ymir work/item/12704.msm	d:/ymir work/item/12704.msm	0
item/ymir work/item/14041.msm	d:/ymir work/item/14041.msm	0
item/ymir work/item/12705.msm	d:/ymir work/item/12705.msm	0
item/ymir work/item/12707.msm	d:/ymir work/item/12707.msm	0
item/ymir work/item/16054.msm	d:/ymir work/item/16054.msm	0
item/ymir work/item/12709.msm	d:/ymir work/item/12709.msm	0
item/ymir work/item/14198.msm	d:/ymir work/item/14198.msm	0
item/ymir work/item/17039.msm	d:/ymir work/item/17039.msm	0
item/ymir work/item/12712.msm	d:/ymir work/item/12712.msm	0
item/ymir work/item/14083.msm	d:/ymir work/item/14083.msm	0
item/ymir work/item/14057.msm	d:/ymir work/item/14057.msm	0
item/ymir work/item/12714.msm	d:/ymir work/item/12714.msm	0
item/ymir work/item/12715.msm	d:/ymir work/item/12715.msm	0
item/ymir work/item/12720.msm	d:/ymir work/item/12720.msm	0
item/ymir work/item/14047.msm	d:/ymir work/item/14047.msm	0
item/ymir work/item/12727.msm	d:/ymir work/item/12727.msm	0
item/ymir work/item/12730.msm	d:/ymir work/item/12730.msm	0
item/ymir work/item/16100.msm	d:/ymir work/item/16100.msm	0
item/ymir work/item/12731.msm	d:/ymir work/item/12731.msm	0
item/ymir work/item/12733.msm	d:/ymir work/item/12733.msm	0
item/ymir work/item/12734.msm	d:/ymir work/item/12734.msm	0
item/ymir work/item/12735.msm	d:/ymir work/item/12735.msm	0
item/ymir work/item/12736.msm	d:/ymir work/item/12736.msm	0
item/ymir work/item/12737.msm	d:/ymir work/item/12737.msm	0
item/ymir work/item/12739.msm	d:/ymir work/item/12739.msm	0
item/ymir work/item/14132.msm	d:/ymir work/item/14132.msm	0
item/ymir work/item/16213.msm	d:/ymir work/item/16213.msm	0
item/ymir work/item/12741.msm	d:/ymir work/item/12741.msm	0
item/ymir work/item/12744.msm	d:/ymir work/item/12744.msm	0
item/ymir work/item/28013.msm	d:/ymir work/item/28013.msm	0
item/ymir work/item/12746.msm	d:/ymir work/item/12746.msm	0
item/ymir work/item/weapon/04000.gr2	d:/ymir work/item/weapon/04000.gr2	0
item/ymir work/item/12748.msm	d:/ymir work/item/12748.msm	0
item/ymir work/item/12749.msm	d:/ymir work/item/12749.msm	0
item/ymir work/item/14133.msm	d:/ymir work/item/14133.msm	0
item/ymir work/item/etc/god_herb.dds	d:/ymir work/item/etc/god_herb.dds	1
item/ymir work/item/12753.msm	d:/ymir work/item/12753.msm	0
item/ymir work/item/12754.msm	d:/ymir work/item/12754.msm	0
item/ymir work/item/12758.msm	d:/ymir work/item/12758.msm	0
item/ymir work/item/12759.msm	d:/ymir work/item/12759.msm	0
item/ymir work/item/12800.msm	d:/ymir work/item/12800.msm	0
item/ymir work/item/12801.msm	d:/ymir work/item/12801.msm	0
item/ymir work/item/12802.msm	d:/ymir work/item/12802.msm	0
item/ymir work/item/12810.msm	d:/ymir work/item/12810.msm	0
item/ymir work/item/16048.msm	d:/ymir work/item/16048.msm	0
item/ymir work/item/12811.msm	d:/ymir work/item/12811.msm	0
item/ymir work/item/14022.msm	d:/ymir work/item/14022.msm	0
item/ymir work/item/12812.msm	d:/ymir work/item/12812.msm	0
item/ymir work/item/12813.msm	d:/ymir work/item/12813.msm	0
item/ymir work/item/12820.msm	d:/ymir work/item/12820.msm	0
item/ymir work/item/12822.msm	d:/ymir work/item/12822.msm	0
item/ymir work/item/16033.msm	d:/ymir work/item/16033.msm	0
item/ymir work/item/12823.msm	d:/ymir work/item/12823.msm	0
item/ymir work/item/28113.msm	d:/ymir work/item/28113.msm	0
item/ymir work/item/14002.msm	d:/ymir work/item/14002.msm	0
item/ymir work/item/14004.msm	d:/ymir work/item/14004.msm	0
item/ymir work/item/14006.msm	d:/ymir work/item/14006.msm	0
item/ymir work/item/15130.msm	d:/ymir work/item/15130.msm	0
item/ymir work/item/27805.msm	d:/ymir work/item/27805.msm	0
item/ymir work/item/14007.msm	d:/ymir work/item/14007.msm	0
item/ymir work/item/28701.msm	d:/ymir work/item/28701.msm	0
item/ymir work/item/14010.msm	d:/ymir work/item/14010.msm	0
item/ymir work/item/etc/gold_nugget.dds	d:/ymir work/item/etc/gold_nugget.dds	1
item/ymir work/item/16164.msm	d:/ymir work/item/16164.msm	0
item/ymir work/item/14011.msm	d:/ymir work/item/14011.msm	0
item/ymir work/item/14013.msm	d:/ymir work/item/14013.msm	0
item/ymir work/item/16210.msm	d:/ymir work/item/16210.msm	0
item/ymir work/item/14014.msm	d:/ymir work/item/14014.msm	0
item/ymir work/item/weapon/02080.gr2	d:/ymir work/item/weapon/02080.gr2	0
item/ymir work/item/14015.msm	d:/ymir work/item/14015.msm	0
item/ymir work/item/14016.msm	d:/ymir work/item/14016.msm	0
item/ymir work/item/14060.msm	d:/ymir work/item/14060.msm	0
item/ymir work/item/27002.msm	d:/ymir work/item/27002.msm	0
item/ymir work/item/14069.msm	d:/ymir work/item/14069.msm	0
item/ymir work/item/17206.msm	d:/ymir work/item/17206.msm	0
item/ymir work/item/weapon/05040.gr2	d:/ymir work/item/weapon/05040.gr2	0
item/ymir work/item/14018.msm	d:/ymir work/item/14018.msm	0
item/ymir work/item/22010.msm	d:/ymir work/item/22010.msm	0
item/ymir work/item/27995.msm	d:/ymir work/item/27995.msm	0
item/ymir work/item/14021.msm	d:/ymir work/item/14021.msm	0
item/ymir work/item/14084.msm	d:/ymir work/item/14084.msm	0
item/ymir work/item/14026.msm	d:/ymir work/item/14026.msm	0
item/ymir work/item/14028.msm	d:/ymir work/item/14028.msm	0
item/ymir work/item/14102.msm	d:/ymir work/item/14102.msm	0
item/ymir work/item/14029.msm	d:/ymir work/item/14029.msm	0
item/ymir work/item/14030.msm	d:/ymir work/item/14030.msm	0
item/ymir work/item/14032.msm	d:/ymir work/item/14032.msm	0
item/ymir work/item/14172.msm	d:/ymir work/item/14172.msm	0
item/ymir work/item/15165.msm	d:/ymir work/item/15165.msm	0
item/ymir work/item/28402.msm	d:/ymir work/item/28402.msm	0
item/ymir work/item/14038.msm	d:/ymir work/item/14038.msm	0
item/ymir work/item/14039.msm	d:/ymir work/item/14039.msm	0
item/ymir work/item/14040.msm	d:/ymir work/item/14040.msm	0
item/ymir work/item/14043.msm	d:/ymir work/item/14043.msm	0
item/ymir work/item/14044.msm	d:/ymir work/item/14044.msm	0
item/ymir work/item/15191.msm	d:/ymir work/item/15191.msm	0
item/ymir work/item/27813.msm	d:/ymir work/item/27813.msm	0
item/ymir work/item/14045.msm	d:/ymir work/item/14045.msm	0
item/ymir work/item/14046.msm	d:/ymir work/item/14046.msm	0
item/ymir work/item/14052.msm	d:/ymir work/item/14052.msm	0
item/ymir work/item/16045.msm	d:/ymir work/item/16045.msm	0
item/ymir work/item/14053.msm	d:/ymir work/item/14053.msm	0
item/ymir work/item/14054.msm	d:/ymir work/item/14054.msm	0
item/ymir work/item/14058.msm	d:/ymir work/item/14058.msm	0
item/ymir work/item/16117.msm	d:/ymir work/item/16117.msm	0
item/ymir work/item/17174.msm	d:/ymir work/item/17174.msm	0
item/ymir work/item/14063.msm	d:/ymir work/item/14063.msm	0
item/ymir work/item/weapon/weapon_choegogeup01_05.dds	d:/ymir work/item/weapon/weapon_choegogeup01_05.dds	1
item/ymir work/item/80007.msm	d:/ymir work/item/80007.msm	0
item/ymir work/item/14064.msm	d:/ymir work/item/14064.msm	0
item/ymir work/item/14066.msm	d:/ymir work/item/14066.msm	0
item/ymir work/item/16086.msm	d:/ymir work/item/16086.msm	0
item/ymir work/item/16170.msm	d:/ymir work/item/16170.msm	0
item/ymir work/item/quest/73751.tga	d:/ymir work/item/quest/73751.tga	1
item/ymir work/item/14067.msm	d:/ymir work/item/14067.msm	0
item/ymir work/item/15003.msm	d:/ymir work/item/15003.msm	0
item/ymir work/item/14068.msm	d:/ymir work/item/14068.msm	0
item/ymir work/item/14126.msm	d:/ymir work/item/14126.msm	0
item/ymir work/item/14072.msm	d:/ymir work/item/14072.msm	0
item/ymir work/item/14073.msm	d:/ymir work/item/14073.msm	0
item/ymir work/item/14074.msm	d:/ymir work/item/14074.msm	0
item/ymir work/item/50011.msm	d:/ymir work/item/50011.msm	0
item/ymir work/item/14075.msm	d:/ymir work/item/14075.msm	0
item/ymir work/item/14076.msm	d:/ymir work/item/14076.msm	0
item/ymir work/item/17028.msm	d:/ymir work/item/17028.msm	0
item/ymir work/item/14077.msm	d:/ymir work/item/14077.msm	0
item/ymir work/item/14078.msm	d:/ymir work/item/14078.msm	0
item/ymir work/item/17150.msm	d:/ymir work/item/17150.msm	0
item/ymir work/item/14079.msm	d:/ymir work/item/14079.msm	0
item/ymir work/item/14081.msm	d:/ymir work/item/14081.msm	0
item/ymir work/item/14082.msm	d:/ymir work/item/14082.msm	0
item/ymir work/item/14086.msm	d:/ymir work/item/14086.msm	0
item/ymir work/item/14087.msm	d:/ymir work/item/14087.msm	0
item/ymir work/item/14090.msm	d:/ymir work/item/14090.msm	0
item/ymir work/item/50102.msm	d:/ymir work/item/50102.msm	0
item/ymir work/item/14091.msm	d:/ymir work/item/14091.msm	0
item/ymir work/item/14092.msm	d:/ymir work/item/14092.msm	0
item/ymir work/item/14093.msm	d:/ymir work/item/14093.msm	0
item/ymir work/item/27997.msm	d:/ymir work/item/27997.msm	0
item/ymir work/item/14094.msm	d:/ymir work/item/14094.msm	0
item/ymir work/item/14095.msm	d:/ymir work/item/14095.msm	0
item/ymir work/item/weapon/04030.gr2	d:/ymir work/item/weapon/04030.gr2	0
item/ymir work/item/14096.msm	d:/ymir work/item/14096.msm	0
item/ymir work/item/14097.msm	d:/ymir work/item/14097.msm	0
item/ymir work/item/quest/73511.tga	d:/ymir work/item/quest/73511.tga	1
item/ymir work/item/14098.msm	d:/ymir work/item/14098.msm	0
item/ymir work/item/14099.msm	d:/ymir work/item/14099.msm	0
item/ymir work/item/25020.msm	d:/ymir work/item/25020.msm	0
item/ymir work/item/14101.msm	d:/ymir work/item/14101.msm	0
item/ymir work/item/14104.msm	d:/ymir work/item/14104.msm	0
item/ymir work/item/14108.msm	d:/ymir work/item/14108.msm	0
item/ymir work/item/15108.msm	d:/ymir work/item/15108.msm	0
item/ymir work/item/14109.msm	d:/ymir work/item/14109.msm	0
item/ymir work/item/14110.msm	d:/ymir work/item/14110.msm	0
item/ymir work/item/14112.msm	d:/ymir work/item/14112.msm	0
item/ymir work/item/14113.msm	d:/ymir work/item/14113.msm	0
item/ymir work/item/14119.msm	d:/ymir work/item/14119.msm	0
item/ymir work/item/16053.msm	d:/ymir work/item/16053.msm	0
item/ymir work/item/14121.msm	d:/ymir work/item/14121.msm	0
item/ymir work/item/14122.msm	d:/ymir work/item/14122.msm	0
item/ymir work/item/17060.msm	d:/ymir work/item/17060.msm	0
item/ymir work/item/14127.msm	d:/ymir work/item/14127.msm	0
item/ymir work/item/14128.msm	d:/ymir work/item/14128.msm	0
item/ymir work/item/17037.msm	d:/ymir work/item/17037.msm	0
item/ymir work/item/14131.msm	d:/ymir work/item/14131.msm	0
item/ymir work/item/15124.msm	d:/ymir work/item/15124.msm	0
item/ymir work/item/28905.msm	d:/ymir work/item/28905.msm	0
item/ymir work/item/14134.msm	d:/ymir work/item/14134.msm	0
item/ymir work/item/14136.msm	d:/ymir work/item/14136.msm	0
item/ymir work/item/14137.msm	d:/ymir work/item/14137.msm	0
item/ymir work/item/14140.msm	d:/ymir work/item/14140.msm	0
item/ymir work/item/14142.msm	d:/ymir work/item/14142.msm	0
item/ymir work/item/17062.msm	d:/ymir work/item/17062.msm	0
item/ymir work/item/17208.msm	d:/ymir work/item/17208.msm	0
item/ymir work/item/14143.msm	d:/ymir work/item/14143.msm	0
item/ymir work/item/17040.msm	d:/ymir work/item/17040.msm	0
item/ymir work/item/14144.msm	d:/ymir work/item/14144.msm	0
item/ymir work/item/14145.msm	d:/ymir work/item/14145.msm	0
item/ymir work/item/14146.msm	d:/ymir work/item/14146.msm	0
item/ymir work/item/15212.msm	d:/ymir work/item/15212.msm	0
item/ymir work/item/14147.msm	d:/ymir work/item/14147.msm	0
item/ymir work/item/14149.msm	d:/ymir work/item/14149.msm	0
item/ymir work/item/15000.msm	d:/ymir work/item/15000.msm	0
item/ymir work/item/14151.msm	d:/ymir work/item/14151.msm	0
item/ymir work/item/14152.msm	d:/ymir work/item/14152.msm	0
item/ymir work/item/16184.msm	d:/ymir work/item/16184.msm	0
item/ymir work/item/14153.msm	d:/ymir work/item/14153.msm	0
item/ymir work/item/15038.msm	d:/ymir work/item/15038.msm	0
item/ymir work/item/14154.msm	d:/ymir work/item/14154.msm	0
item/ymir work/item/14155.msm	d:/ymir work/item/14155.msm	0
item/ymir work/item/14159.msm	d:/ymir work/item/14159.msm	0
item/ymir work/item/14160.msm	d:/ymir work/item/14160.msm	0
item/ymir work/item/28507.msm	d:/ymir work/item/28507.msm	0
item/ymir work/item/14161.msm	d:/ymir work/item/14161.msm	0
item/ymir work/item/14162.msm	d:/ymir work/item/14162.msm	0
item/ymir work/item/14163.msm	d:/ymir work/item/14163.msm	0
item/ymir work/item/14164.msm	d:/ymir work/item/14164.msm	0
item/ymir work/item/14165.msm	d:/ymir work/item/14165.msm	0
item/ymir work/item/28201.msm	d:/ymir work/item/28201.msm	0
item/ymir work/item/15259.msm	d:/ymir work/item/15259.msm	0
item/ymir work/item/14166.msm	d:/ymir work/item/14166.msm	0
item/ymir work/item/14167.msm	d:/ymir work/item/14167.msm	0
item/ymir work/item/weapon/03160.gr2	d:/ymir work/item/weapon/03160.gr2	0
item/ymir work/item/14169.msm	d:/ymir work/item/14169.msm	0
item/ymir work/item/28203.msm	d:/ymir work/item/28203.msm	0
item/ymir work/item/17019.msm	d:/ymir work/item/17019.msm	0
item/ymir work/item/14170.msm	d:/ymir work/item/14170.msm	0
item/ymir work/item/14175.msm	d:/ymir work/item/14175.msm	0
item/ymir work/item/14176.msm	d:/ymir work/item/14176.msm	0
item/ymir work/item/15048.msm	d:/ymir work/item/15048.msm	0
item/ymir work/item/14178.msm	d:/ymir work/item/14178.msm	0
item/ymir work/item/14180.msm	d:/ymir work/item/14180.msm	0
item/ymir work/item/14182.msm	d:/ymir work/item/14182.msm	0
item/ymir work/item/17148.msm	d:/ymir work/item/17148.msm	0
item/ymir work/item/14183.msm	d:/ymir work/item/14183.msm	0
item/ymir work/item/27005.msm	d:/ymir work/item/27005.msm	0
item/ymir work/item/14184.msm	d:/ymir work/item/14184.msm	0
item/ymir work/item/14186.msm	d:/ymir work/item/14186.msm	0
item/ymir work/item/15006.msm	d:/ymir work/item/15006.msm	0
item/ymir work/item/16084.msm	d:/ymir work/item/16084.msm	0
item/ymir work/item/14187.msm	d:/ymir work/item/14187.msm	0
item/ymir work/item/14188.msm	d:/ymir work/item/14188.msm	0
item/ymir work/item/14190.msm	d:/ymir work/item/14190.msm	0
item/ymir work/item/15227.msm	d:/ymir work/item/15227.msm	0
item/ymir work/item/15185.msm	d:/ymir work/item/15185.msm	0
item/ymir work/item/14191.msm	d:/ymir work/item/14191.msm	0
item/ymir work/item/14192.msm	d:/ymir work/item/14192.msm	0
item/ymir work/item/15224.msm	d:/ymir work/item/15224.msm	0
item/ymir work/item/14193.msm	d:/ymir work/item/14193.msm	0
item/ymir work/item/14194.msm	d:/ymir work/item/14194.msm	0
item/ymir work/item/14195.msm	d:/ymir work/item/14195.msm	0
item/ymir work/item/17009.msm	d:/ymir work/item/17009.msm	0
item/ymir work/item/14196.msm	d:/ymir work/item/14196.msm	0
item/ymir work/item/14197.msm	d:/ymir work/item/14197.msm	0
item/ymir work/item/15221.msm	d:/ymir work/item/15221.msm	0
item/ymir work/item/16178.msm	d:/ymir work/item/16178.msm	0
item/ymir work/item/14199.msm	d:/ymir work/item/14199.msm	0
item/ymir work/item/14200.msm	d:/ymir work/item/14200.msm	0
item/ymir work/item/17175.msm	d:/ymir work/item/17175.msm	0
item/ymir work/item/14203.msm	d:/ymir work/item/14203.msm	0
item/ymir work/item/14208.msm	d:/ymir work/item/14208.msm	0
item/ymir work/item/14209.msm	d:/ymir work/item/14209.msm	0
item/ymir work/item/14210.msm	d:/ymir work/item/14210.msm	0
item/ymir work/item/15151.msm	d:/ymir work/item/15151.msm	0
item/ymir work/item/17052.msm	d:/ymir work/item/17052.msm	0
item/ymir work/item/14211.msm	d:/ymir work/item/14211.msm	0
item/ymir work/item/14212.msm	d:/ymir work/item/14212.msm	0
item/ymir work/item/14214.msm	d:/ymir work/item/14214.msm	0
item/ymir work/item/16061.msm	d:/ymir work/item/16061.msm	0
item/ymir work/item/14215.msm	d:/ymir work/item/14215.msm	0
item/ymir work/item/14217.msm	d:/ymir work/item/14217.msm	0
item/ymir work/item/etc/basket1.gr2	d:/ymir work/item/etc/basket1.gr2	0
item/ymir work/item/14218.msm	d:/ymir work/item/14218.msm	0
item/ymir work/item/15001.msm	d:/ymir work/item/15001.msm	0
item/ymir work/item/15002.msm	d:/ymir work/item/15002.msm	0
item/ymir work/item/15005.msm	d:/ymir work/item/15005.msm	0
item/ymir work/item/15178.msm	d:/ymir work/item/15178.msm	0
item/ymir work/item/15007.msm	d:/ymir work/item/15007.msm	0
item/ymir work/item/15008.msm	d:/ymir work/item/15008.msm	0
item/ymir work/item/15009.msm	d:/ymir work/item/15009.msm	0
item/ymir work/item/17116.msm	d:/ymir work/item/17116.msm	0
item/ymir work/item/15012.msm	d:/ymir work/item/15012.msm	0
item/ymir work/item/15137.msm	d:/ymir work/item/15137.msm	0
item/ymir work/item/weapon/05010.gr2	d:/ymir work/item/weapon/05010.gr2	0
item/ymir work/item/quest/73001.tga	d:/ymir work/item/quest/73001.tga	1
item/ymir work/item/15014.msm	d:/ymir work/item/15014.msm	0
item/ymir work/item/15015.msm	d:/ymir work/item/15015.msm	0
item/ymir work/item/28212.msm	d:/ymir work/item/28212.msm	0
item/ymir work/item/15016.msm	d:/ymir work/item/15016.msm	0
item/ymir work/item/15017.msm	d:/ymir work/item/15017.msm	0
item/ymir work/item/15217.msm	d:/ymir work/item/15217.msm	0
item/ymir work/item/15018.msm	d:/ymir work/item/15018.msm	0
item/ymir work/item/15019.msm	d:/ymir work/item/15019.msm	0
item/ymir work/item/15020.msm	d:/ymir work/item/15020.msm	0
item/ymir work/item/15023.msm	d:/ymir work/item/15023.msm	0
item/ymir work/item/weapon/07140.gr2	d:/ymir work/item/weapon/07140.gr2	0
item/ymir work/item/15025.msm	d:/ymir work/item/15025.msm	0
item/ymir work/item/15027.msm	d:/ymir work/item/15027.msm	0
item/ymir work/item/15028.msm	d:/ymir work/item/15028.msm	0
item/ymir work/item/15029.msm	d:/ymir work/item/15029.msm	0
item/ymir work/item/17132.msm	d:/ymir work/item/17132.msm	0
item/ymir work/item/15030.msm	d:/ymir work/item/15030.msm	0
item/ymir work/item/15087.msm	d:/ymir work/item/15087.msm	0
item/ymir work/item/15031.msm	d:/ymir work/item/15031.msm	0
item/ymir work/item/15032.msm	d:/ymir work/item/15032.msm	0
item/ymir work/item/27590.msm	d:/ymir work/item/27590.msm	0
item/ymir work/item/15033.msm	d:/ymir work/item/15033.msm	0
item/ymir work/item/15035.msm	d:/ymir work/item/15035.msm	0
item/ymir work/item/15036.msm	d:/ymir work/item/15036.msm	0
item/ymir work/item/16168.msm	d:/ymir work/item/16168.msm	0
item/ymir work/item/15037.msm	d:/ymir work/item/15037.msm	0
item/ymir work/item/17097.msm	d:/ymir work/item/17097.msm	0
item/ymir work/item/15040.msm	d:/ymir work/item/15040.msm	0
item/ymir work/item/15041.msm	d:/ymir work/item/15041.msm	0
item/ymir work/item/15042.msm	d:/ymir work/item/15042.msm	0
item/ymir work/item/15044.msm	d:/ymir work/item/15044.msm	0
item/ymir work/item/17064.msm	d:/ymir work/item/17064.msm	0
item/ymir work/item/15050.msm	d:/ymir work/item/15050.msm	0
item/ymir work/item/15052.msm	d:/ymir work/item/15052.msm	0
item/ymir work/item/27600.msm	d:/ymir work/item/27600.msm	0
item/ymir work/item/quest/73255.tga	d:/ymir work/item/quest/73255.tga	1
item/ymir work/item/15054.msm	d:/ymir work/item/15054.msm	0
item/ymir work/item/15056.msm	d:/ymir work/item/15056.msm	0
item/ymir work/item/16148.msm	d:/ymir work/item/16148.msm	0
item/ymir work/item/15057.msm	d:/ymir work/item/15057.msm	0
item/ymir work/item/15060.msm	d:/ymir work/item/15060.msm	0
item/ymir work/item/15061.msm	d:/ymir work/item/15061.msm	0
item/ymir work/item/16122.msm	d:/ymir work/item/16122.msm	0
item/ymir work/item/15062.msm	d:/ymir work/item/15062.msm	0
item/ymir work/item/15141.msm	d:/ymir work/item/15141.msm	0
item/ymir work/item/weapon/07200.gr2	d:/ymir work/item/weapon/07200.gr2	0
item/ymir work/item/15064.msm	d:/ymir work/item/15064.msm	0
item/ymir work/item/15065.msm	d:/ymir work/item/15065.msm	0
item/ymir work/item/16118.msm	d:/ymir work/item/16118.msm	0
item/ymir work/item/15210.msm	d:/ymir work/item/15210.msm	0
item/ymir work/item/15066.msm	d:/ymir work/item/15066.msm	0
item/ymir work/item/27878.msm	d:/ymir work/item/27878.msm	0
item/ymir work/item/15067.msm	d:/ymir work/item/15067.msm	0
item/ymir work/item/17089.msm	d:/ymir work/item/17089.msm	0
item/ymir work/item/28007.msm	d:/ymir work/item/28007.msm	0
item/ymir work/item/15069.msm	d:/ymir work/item/15069.msm	0
item/ymir work/item/17066.msm	d:/ymir work/item/17066.msm	0
item/ymir work/item/15070.msm	d:/ymir work/item/15070.msm	0
item/ymir work/item/15252.msm	d:/ymir work/item/15252.msm	0
item/ymir work/item/15071.msm	d:/ymir work/item/15071.msm	0
item/ymir work/item/15073.msm	d:/ymir work/item/15073.msm	0
item/ymir work/item/15075.msm	d:/ymir work/item/15075.msm	0
item/ymir work/item/25010.msm	d:/ymir work/item/25010.msm	0
item/ymir work/item/15078.msm	d:/ymir work/item/15078.msm	0
item/ymir work/item/15207.msm	d:/ymir work/item/15207.msm	0
item/ymir work/item/15079.msm	d:/ymir work/item/15079.msm	0
item/ymir work/item/15081.msm	d:/ymir work/item/15081.msm	0
item/ymir work/item/15082.msm	d:/ymir work/item/15082.msm	0
item/ymir work/item/15084.msm	d:/ymir work/item/15084.msm	0
item/ymir work/item/15085.msm	d:/ymir work/item/15085.msm	0
item/ymir work/item/15090.msm	d:/ymir work/item/15090.msm	0
item/ymir work/item/17212.msm	d:/ymir work/item/17212.msm	0
item/ymir work/item/15092.msm	d:/ymir work/item/15092.msm	0
item/ymir work/item/15093.msm	d:/ymir work/item/15093.msm	0
item/ymir work/item/15095.msm	d:/ymir work/item/15095.msm	0
item/ymir work/item/15096.msm	d:/ymir work/item/15096.msm	0
item/ymir work/item/15097.msm	d:/ymir work/item/15097.msm	0
item/ymir work/item/16024.msm	d:/ymir work/item/16024.msm	0
item/ymir work/item/27839.msm	d:/ymir work/item/27839.msm	0
item/ymir work/item/15098.msm	d:/ymir work/item/15098.msm	0
item/ymir work/item/15099.msm	d:/ymir work/item/15099.msm	0
item/ymir work/item/15101.msm	d:/ymir work/item/15101.msm	0
item/ymir work/item/16189.msm	d:/ymir work/item/16189.msm	0
item/ymir work/item/17114.msm	d:/ymir work/item/17114.msm	0
item/ymir work/item/15103.msm	d:/ymir work/item/15103.msm	0
item/ymir work/item/15106.msm	d:/ymir work/item/15106.msm	0
item/ymir work/item/15107.msm	d:/ymir work/item/15107.msm	0
item/ymir work/item/15110.msm	d:/ymir work/item/15110.msm	0
item/ymir work/item/15114.msm	d:/ymir work/item/15114.msm	0
item/ymir work/item/16103.msm	d:/ymir work/item/16103.msm	0
item/ymir work/item/15115.msm	d:/ymir work/item/15115.msm	0
item/ymir work/item/15119.msm	d:/ymir work/item/15119.msm	0
item/ymir work/item/15120.msm	d:/ymir work/item/15120.msm	0
item/ymir work/item/15121.msm	d:/ymir work/item/15121.msm	0
item/ymir work/item/28111.msm	d:/ymir work/item/28111.msm	0
item/ymir work/item/15122.msm	d:/ymir work/item/15122.msm	0
item/ymir work/item/16018.msm	d:/ymir work/item/16018.msm	0
item/ymir work/item/15125.msm	d:/ymir work/item/15125.msm	0
item/ymir work/item/28506.msm	d:/ymir work/item/28506.msm	0
item/ymir work/item/15135.msm	d:/ymir work/item/15135.msm	0
item/ymir work/item/15129.msm	d:/ymir work/item/15129.msm	0
item/ymir work/item/15132.msm	d:/ymir work/item/15132.msm	0
item/ymir work/item/15136.msm	d:/ymir work/item/15136.msm	0
item/ymir work/item/15140.msm	d:/ymir work/item/15140.msm	0
item/ymir work/item/15143.msm	d:/ymir work/item/15143.msm	0
item/ymir work/item/16044.msm	d:/ymir work/item/16044.msm	0
item/ymir work/item/15152.msm	d:/ymir work/item/15152.msm	0
item/ymir work/item/15213.msm	d:/ymir work/item/15213.msm	0
item/ymir work/item/15153.msm	d:/ymir work/item/15153.msm	0
item/ymir work/item/15154.msm	d:/ymir work/item/15154.msm	0
item/ymir work/item/16116.msm	d:/ymir work/item/16116.msm	0
item/ymir work/item/15156.msm	d:/ymir work/item/15156.msm	0
item/ymir work/item/15157.msm	d:/ymir work/item/15157.msm	0
item/ymir work/item/15160.msm	d:/ymir work/item/15160.msm	0
item/ymir work/item/15182.msm	d:/ymir work/item/15182.msm	0
item/ymir work/item/15243.msm	d:/ymir work/item/15243.msm	0
item/ymir work/item/15162.msm	d:/ymir work/item/15162.msm	0
item/ymir work/item/27802.msm	d:/ymir work/item/27802.msm	0
item/ymir work/item/17145.msm	d:/ymir work/item/17145.msm	0
item/ymir work/item/15164.msm	d:/ymir work/item/15164.msm	0
item/ymir work/item/15166.msm	d:/ymir work/item/15166.msm	0
item/ymir work/item/15171.msm	d:/ymir work/item/15171.msm	0
item/ymir work/item/15253.msm	d:/ymir work/item/15253.msm	0
item/ymir work/item/16062.msm	d:/ymir work/item/16062.msm	0
item/ymir work/item/15175.msm	d:/ymir work/item/15175.msm	0
item/ymir work/item/16023.msm	d:/ymir work/item/16023.msm	0
item/ymir work/item/15176.msm	d:/ymir work/item/15176.msm	0
item/ymir work/item/15179.msm	d:/ymir work/item/15179.msm	0
item/ymir work/item/15181.msm	d:/ymir work/item/15181.msm	0
item/ymir work/item/15183.msm	d:/ymir work/item/15183.msm	0
item/ymir work/item/15187.msm	d:/ymir work/item/15187.msm	0
item/ymir work/item/15192.msm	d:/ymir work/item/15192.msm	0
item/ymir work/item/15193.msm	d:/ymir work/item/15193.msm	0
item/ymir work/item/17083.msm	d:/ymir work/item/17083.msm	0
item/ymir work/item/15194.msm	d:/ymir work/item/15194.msm	0
item/ymir work/item/50104.msm	d:/ymir work/item/50104.msm	0
item/ymir work/item/15196.msm	d:/ymir work/item/15196.msm	0
item/ymir work/item/15197.msm	d:/ymir work/item/15197.msm	0
item/ymir work/item/15198.msm	d:/ymir work/item/15198.msm	0
item/ymir work/item/15199.msm	d:/ymir work/item/15199.msm	0
item/ymir work/item/15200.msm	d:/ymir work/item/15200.msm	0
item/ymir work/item/15201.msm	d:/ymir work/item/15201.msm	0
item/ymir work/item/15202.msm	d:/ymir work/item/15202.msm	0
item/ymir work/item/27808.msm	d:/ymir work/item/27808.msm	0
item/ymir work/item/15203.msm	d:/ymir work/item/15203.msm	0
item/ymir work/item/25041.msm	d:/ymir work/item/25041.msm	0
item/ymir work/item/15205.msm	d:/ymir work/item/15205.msm	0
item/ymir work/item/15215.msm	d:/ymir work/item/15215.msm	0
item/ymir work/item/15216.msm	d:/ymir work/item/15216.msm	0
item/ymir work/item/15220.msm	d:/ymir work/item/15220.msm	0
item/ymir work/item/16120.msm	d:/ymir work/item/16120.msm	0
item/ymir work/item/15223.msm	d:/ymir work/item/15223.msm	0
item/ymir work/item/15225.msm	d:/ymir work/item/15225.msm	0
item/ymir work/item/15228.msm	d:/ymir work/item/15228.msm	0
item/ymir work/item/15229.msm	d:/ymir work/item/15229.msm	0
item/ymir work/item/15231.msm	d:/ymir work/item/15231.msm	0
item/ymir work/item/15235.msm	d:/ymir work/item/15235.msm	0
item/ymir work/item/15237.msm	d:/ymir work/item/15237.msm	0
item/ymir work/item/15238.msm	d:/ymir work/item/15238.msm	0
item/ymir work/item/15244.msm	d:/ymir work/item/15244.msm	0
item/ymir work/item/15245.msm	d:/ymir work/item/15245.msm	0
item/ymir work/item/17010.msm	d:/ymir work/item/17010.msm	0
item/ymir work/item/15246.msm	d:/ymir work/item/15246.msm	0
item/ymir work/item/15247.msm	d:/ymir work/item/15247.msm	0
item/ymir work/item/28906.msm	d:/ymir work/item/28906.msm	0
item/ymir work/item/15249.msm	d:/ymir work/item/15249.msm	0
item/ymir work/item/weapon/01030.gr2	d:/ymir work/item/weapon/01030.gr2	0
item/ymir work/item/15250.msm	d:/ymir work/item/15250.msm	0
item/ymir work/item/15256.msm	d:/ymir work/item/15256.msm	0
item/ymir work/item/16000.msm	d:/ymir work/item/16000.msm	0
item/ymir work/item/16015.msm	d:/ymir work/item/16015.msm	0
item/ymir work/item/16001.msm	d:/ymir work/item/16001.msm	0
item/ymir work/item/16002.msm	d:/ymir work/item/16002.msm	0
item/ymir work/item/16202.msm	d:/ymir work/item/16202.msm	0
item/ymir work/item/16142.msm	d:/ymir work/item/16142.msm	0
item/ymir work/item/16003.msm	d:/ymir work/item/16003.msm	0
item/ymir work/item/16005.msm	d:/ymir work/item/16005.msm	0
item/ymir work/item/16006.msm	d:/ymir work/item/16006.msm	0
item/ymir work/item/16010.msm	d:/ymir work/item/16010.msm	0
item/ymir work/item/16011.msm	d:/ymir work/item/16011.msm	0
item/ymir work/item/27810.msm	d:/ymir work/item/27810.msm	0
item/ymir work/item/17166.msm	d:/ymir work/item/17166.msm	0
item/ymir work/item/16012.msm	d:/ymir work/item/16012.msm	0
item/ymir work/item/16014.msm	d:/ymir work/item/16014.msm	0
item/ymir work/item/16017.msm	d:/ymir work/item/16017.msm	0
item/ymir work/item/16021.msm	d:/ymir work/item/16021.msm	0
item/ymir work/item/27863.msm	d:/ymir work/item/27863.msm	0
item/ymir work/item/16022.msm	d:/ymir work/item/16022.msm	0
item/ymir work/item/16025.msm	d:/ymir work/item/16025.msm	0
item/ymir work/item/17107.msm	d:/ymir work/item/17107.msm	0
item/ymir work/item/weapon/07080.gr2	d:/ymir work/item/weapon/07080.gr2	0
item/ymir work/item/16099.msm	d:/ymir work/item/16099.msm	0
item/ymir work/item/28002.msm	d:/ymir work/item/28002.msm	0
item/ymir work/item/16026.msm	d:/ymir work/item/16026.msm	0
item/ymir work/item/16028.msm	d:/ymir work/item/16028.msm	0
item/ymir work/item/16036.msm	d:/ymir work/item/16036.msm	0
item/ymir work/item/weapon/weapon_chogeup_02.dds	d:/ymir work/item/weapon/weapon_chogeup_02.dds	1
item/ymir work/item/16038.msm	d:/ymir work/item/16038.msm	0
item/ymir work/item/16040.msm	d:/ymir work/item/16040.msm	0
item/ymir work/item/16169.msm	d:/ymir work/item/16169.msm	0
item/ymir work/item/16043.msm	d:/ymir work/item/16043.msm	0
item/ymir work/item/16071.msm	d:/ymir work/item/16071.msm	0
item/ymir work/item/16046.msm	d:/ymir work/item/16046.msm	0
item/ymir work/item/16047.msm	d:/ymir work/item/16047.msm	0
item/ymir work/item/27430.msm	d:/ymir work/item/27430.msm	0
item/ymir work/item/16051.msm	d:/ymir work/item/16051.msm	0
item/ymir work/item/16052.msm	d:/ymir work/item/16052.msm	0
item/ymir work/item/16056.msm	d:/ymir work/item/16056.msm	0
item/ymir work/item/16059.msm	d:/ymir work/item/16059.msm	0
item/ymir work/item/16065.msm	d:/ymir work/item/16065.msm	0
item/ymir work/item/16066.msm	d:/ymir work/item/16066.msm	0
item/ymir work/item/16126.msm	d:/ymir work/item/16126.msm	0
item/ymir work/item/16068.msm	d:/ymir work/item/16068.msm	0
item/ymir work/item/17003.msm	d:/ymir work/item/17003.msm	0
item/ymir work/item/etc/digger_1.gr2	d:/ymir work/item/etc/digger_1.gr2	0
item/ymir work/item/16072.msm	d:/ymir work/item/16072.msm	0
item/ymir work/item/etc/medicine_v.gr2	d:/ymir work/item/etc/medicine_v.gr2	0
item/ymir work/item/16074.msm	d:/ymir work/item/16074.msm	0
item/ymir work/item/16076.msm	d:/ymir work/item/16076.msm	0
item/ymir work/item/16077.msm	d:/ymir work/item/16077.msm	0
item/ymir work/item/16078.msm	d:/ymir work/item/16078.msm	0
item/ymir work/item/16079.msm	d:/ymir work/item/16079.msm	0
item/ymir work/item/16087.msm	d:/ymir work/item/16087.msm	0
item/ymir work/item/16089.msm	d:/ymir work/item/16089.msm	0
item/ymir work/item/16092.msm	d:/ymir work/item/16092.msm	0
item/ymir work/item/16093.msm	d:/ymir work/item/16093.msm	0
item/ymir work/item/16094.msm	d:/ymir work/item/16094.msm	0
item/ymir work/item/16095.msm	d:/ymir work/item/16095.msm	0
item/ymir work/item/16097.msm	d:/ymir work/item/16097.msm	0
item/ymir work/item/17016.msm	d:/ymir work/item/17016.msm	0
item/ymir work/item/16098.msm	d:/ymir work/item/16098.msm	0
item/ymir work/item/16101.msm	d:/ymir work/item/16101.msm	0
item/ymir work/item/16104.msm	d:/ymir work/item/16104.msm	0
item/ymir work/item/16105.msm	d:/ymir work/item/16105.msm	0
item/ymir work/item/16106.msm	d:/ymir work/item/16106.msm	0
item/ymir work/item/17038.msm	d:/ymir work/item/17038.msm	0
item/ymir work/item/16107.msm	d:/ymir work/item/16107.msm	0
item/ymir work/item/16109.msm	d:/ymir work/item/16109.msm	0
item/ymir work/item/16110.msm	d:/ymir work/item/16110.msm	0
item/ymir work/item/16115.msm	d:/ymir work/item/16115.msm	0
item/ymir work/item/16119.msm	d:/ymir work/item/16119.msm	0
item/ymir work/item/16121.msm	d:/ymir work/item/16121.msm	0
item/ymir work/item/16123.msm	d:/ymir work/item/16123.msm	0
item/ymir work/item/16124.msm	d:/ymir work/item/16124.msm	0
item/ymir work/item/16125.msm	d:/ymir work/item/16125.msm	0
item/ymir work/item/17026.msm	d:/ymir work/item/17026.msm	0
item/ymir work/item/16127.msm	d:/ymir work/item/16127.msm	0
item/ymir work/item/16128.msm	d:/ymir work/item/16128.msm	0
item/ymir work/item/quest/73762.tga	d:/ymir work/item/quest/73762.tga	1
item/ymir work/item/16129.msm	d:/ymir work/item/16129.msm	0
item/ymir work/item/16130.msm	d:/ymir work/item/16130.msm	0
item/ymir work/item/16133.msm	d:/ymir work/item/16133.msm	0
item/ymir work/item/16134.msm	d:/ymir work/item/16134.msm	0
item/ymir work/item/17087.msm	d:/ymir work/item/17087.msm	0
item/ymir work/item/16138.msm	d:/ymir work/item/16138.msm	0
item/ymir work/item/16139.msm	d:/ymir work/item/16139.msm	0
item/ymir work/item/17139.msm	d:/ymir work/item/17139.msm	0
item/ymir work/item/17115.msm	d:/ymir work/item/17115.msm	0
item/ymir work/item/16141.msm	d:/ymir work/item/16141.msm	0
item/ymir work/item/16143.msm	d:/ymir work/item/16143.msm	0
item/ymir work/item/17102.msm	d:/ymir work/item/17102.msm	0
item/ymir work/item/16144.msm	d:/ymir work/item/16144.msm	0
item/ymir work/item/16147.msm	d:/ymir work/item/16147.msm	0
item/ymir work/item/16149.msm	d:/ymir work/item/16149.msm	0
item/ymir work/item/16150.msm	d:/ymir work/item/16150.msm	0
item/ymir work/item/16151.msm	d:/ymir work/item/16151.msm	0
item/ymir work/item/16152.msm	d:/ymir work/item/16152.msm	0
item/ymir work/item/16192.msm	d:/ymir work/item/16192.msm	0
item/ymir work/item/16155.msm	d:/ymir work/item/16155.msm	0
item/ymir work/item/16162.msm	d:/ymir work/item/16162.msm	0
item/ymir work/item/16165.msm	d:/ymir work/item/16165.msm	0
item/ymir work/item/16171.msm	d:/ymir work/item/16171.msm	0
item/ymir work/item/16180.msm	d:/ymir work/item/16180.msm	0
item/ymir work/item/16182.msm	d:/ymir work/item/16182.msm	0
item/ymir work/item/16197.msm	d:/ymir work/item/16197.msm	0
item/ymir work/item/16188.msm	d:/ymir work/item/16188.msm	0
item/ymir work/item/16191.msm	d:/ymir work/item/16191.msm	0
item/ymir work/item/16194.msm	d:/ymir work/item/16194.msm	0
item/ymir work/item/16195.msm	d:/ymir work/item/16195.msm	0
item/ymir work/item/28801.msm	d:/ymir work/item/28801.msm	0
item/ymir work/item/16198.msm	d:/ymir work/item/16198.msm	0
item/ymir work/item/16200.msm	d:/ymir work/item/16200.msm	0
item/ymir work/item/17000.msm	d:/ymir work/item/17000.msm	0
item/ymir work/item/quest/73003.tga	d:/ymir work/item/quest/73003.tga	1
item/ymir work/item/16201.msm	d:/ymir work/item/16201.msm	0
item/ymir work/item/17122.msm	d:/ymir work/item/17122.msm	0
item/ymir work/item/weapon/02040.gr2	d:/ymir work/item/weapon/02040.gr2	0
item/ymir work/item/17129.msm	d:/ymir work/item/17129.msm	0
item/ymir work/item/16203.msm	d:/ymir work/item/16203.msm	0
item/ymir work/item/16204.msm	d:/ymir work/item/16204.msm	0
item/ymir work/item/16206.msm	d:/ymir work/item/16206.msm	0
item/ymir work/item/16208.msm	d:/ymir work/item/16208.msm	0
item/ymir work/item/16209.msm	d:/ymir work/item/16209.msm	0
item/ymir work/item/16214.msm	d:/ymir work/item/16214.msm	0
item/ymir work/item/weapon/01060.gr2	d:/ymir work/item/weapon/01060.gr2	0
item/ymir work/item/16216.msm	d:/ymir work/item/16216.msm	0
item/ymir work/item/16217.msm	d:/ymir work/item/16217.msm	0
item/ymir work/item/16219.msm	d:/ymir work/item/16219.msm	0
item/ymir work/item/17004.msm	d:/ymir work/item/17004.msm	0
item/ymir work/item/17006.msm	d:/ymir work/item/17006.msm	0
item/ymir work/item/17008.msm	d:/ymir work/item/17008.msm	0
item/ymir work/item/17012.msm	d:/ymir work/item/17012.msm	0
item/ymir work/item/17013.msm	d:/ymir work/item/17013.msm	0
item/ymir work/item/27840.msm	d:/ymir work/item/27840.msm	0
item/ymir work/item/17014.msm	d:/ymir work/item/17014.msm	0
item/ymir work/item/17018.msm	d:/ymir work/item/17018.msm	0
item/ymir work/item/17022.msm	d:/ymir work/item/17022.msm	0
item/ymir work/item/17023.msm	d:/ymir work/item/17023.msm	0
item/ymir work/item/17025.msm	d:/ymir work/item/17025.msm	0
item/ymir work/item/17029.msm	d:/ymir work/item/17029.msm	0
item/ymir work/item/17032.msm	d:/ymir work/item/17032.msm	0
item/ymir work/item/17033.msm	d:/ymir work/item/17033.msm	0
item/ymir work/item/17035.msm	d:/ymir work/item/17035.msm	0
item/ymir work/item/17136.msm	d:/ymir work/item/17136.msm	0
item/ymir work/item/17036.msm	d:/ymir work/item/17036.msm	0
item/ymir work/item/17042.msm	d:/ymir work/item/17042.msm	0
item/ymir work/item/17043.msm	d:/ymir work/item/17043.msm	0
item/ymir work/item/17202.msm	d:/ymir work/item/17202.msm	0
item/ymir work/item/17046.msm	d:/ymir work/item/17046.msm	0
item/ymir work/item/17048.msm	d:/ymir work/item/17048.msm	0
item/ymir work/item/weapon/07190.gr2	d:/ymir work/item/weapon/07190.gr2	0
item/ymir work/item/17049.msm	d:/ymir work/item/17049.msm	0
item/ymir work/item/17051.msm	d:/ymir work/item/17051.msm	0
item/ymir work/item/17053.msm	d:/ymir work/item/17053.msm	0
item/ymir work/item/17055.msm	d:/ymir work/item/17055.msm	0
item/ymir work/item/17056.msm	d:/ymir work/item/17056.msm	0
item/ymir work/item/17057.msm	d:/ymir work/item/17057.msm	0
item/ymir work/item/17058.msm	d:/ymir work/item/17058.msm	0
item/ymir work/item/17059.msm	d:/ymir work/item/17059.msm	0
item/ymir work/item/17061.msm	d:/ymir work/item/17061.msm	0
item/ymir work/item/weapon/07010.gr2	d:/ymir work/item/weapon/07010.gr2	0
item/ymir work/item/17063.msm	d:/ymir work/item/17063.msm	0
item/ymir work/item/17067.msm	d:/ymir work/item/17067.msm	0
item/ymir work/item/17070.msm	d:/ymir work/item/17070.msm	0
item/ymir work/item/17071.msm	d:/ymir work/item/17071.msm	0
item/ymir work/item/17072.msm	d:/ymir work/item/17072.msm	0
item/ymir work/item/17073.msm	d:/ymir work/item/17073.msm	0
item/ymir work/item/17074.msm	d:/ymir work/item/17074.msm	0
item/ymir work/item/17076.msm	d:/ymir work/item/17076.msm	0
item/ymir work/item/17077.msm	d:/ymir work/item/17077.msm	0
item/ymir work/item/17082.msm	d:/ymir work/item/17082.msm	0
item/ymir work/item/17084.msm	d:/ymir work/item/17084.msm	0
item/ymir work/item/17086.msm	d:/ymir work/item/17086.msm	0
item/ymir work/item/17090.msm	d:/ymir work/item/17090.msm	0
item/ymir work/item/17092.msm	d:/ymir work/item/17092.msm	0
item/ymir work/item/17093.msm	d:/ymir work/item/17093.msm	0
item/ymir work/item/17096.msm	d:/ymir work/item/17096.msm	0
item/ymir work/item/27844.msm	d:/ymir work/item/27844.msm	0
item/ymir work/item/17099.msm	d:/ymir work/item/17099.msm	0
item/ymir work/item/17100.msm	d:/ymir work/item/17100.msm	0
item/ymir work/item/17103.msm	d:/ymir work/item/17103.msm	0
item/ymir work/item/17105.msm	d:/ymir work/item/17105.msm	0
item/ymir work/item/17106.msm	d:/ymir work/item/17106.msm	0
item/ymir work/item/17108.msm	d:/ymir work/item/17108.msm	0
item/ymir work/item/17109.msm	d:/ymir work/item/17109.msm	0
item/ymir work/item/quest/73252.tga	d:/ymir work/item/quest/73252.tga	1
item/ymir work/item/17110.msm	d:/ymir work/item/17110.msm	0
item/ymir work/item/17111.msm	d:/ymir work/item/17111.msm	0
item/ymir work/item/17113.msm	d:/ymir work/item/17113.msm	0
item/ymir work/item/17123.msm	d:/ymir work/item/17123.msm	0
item/ymir work/item/17126.msm	d:/ymir work/item/17126.msm	0
item/ymir work/item/17130.msm	d:/ymir work/item/17130.msm	0
item/ymir work/item/17138.msm	d:/ymir work/item/17138.msm	0
item/ymir work/item/70002.msm	d:/ymir work/item/70002.msm	0
item/ymir work/item/17140.msm	d:/ymir work/item/17140.msm	0
item/ymir work/item/17141.msm	d:/ymir work/item/17141.msm	0
item/ymir work/item/17142.msm	d:/ymir work/item/17142.msm	0
item/ymir work/item/17144.msm	d:/ymir work/item/17144.msm	0
item/ymir work/item/17146.msm	d:/ymir work/item/17146.msm	0
item/ymir work/item/17149.msm	d:/ymir work/item/17149.msm	0
item/ymir work/item/17151.msm	d:/ymir work/item/17151.msm	0
item/ymir work/item/17153.msm	d:/ymir work/item/17153.msm	0
item/ymir work/item/17155.msm	d:/ymir work/item/17155.msm	0
item/ymir work/item/17159.msm	d:/ymir work/item/17159.msm	0
item/ymir work/item/28910.msm	d:/ymir work/item/28910.msm	0
item/ymir work/item/28406.msm	d:/ymir work/item/28406.msm	0
item/ymir work/item/17163.msm	d:/ymir work/item/17163.msm	0
item/ymir work/item/weapon/07100.gr2	d:/ymir work/item/weapon/07100.gr2	0
item/ymir work/item/17167.msm	d:/ymir work/item/17167.msm	0
item/ymir work/item/17169.msm	d:/ymir work/item/17169.msm	0
item/ymir work/item/17171.msm	d:/ymir work/item/17171.msm	0
item/ymir work/item/weapon/07040.gr2	d:/ymir work/item/weapon/07040.gr2	0
item/ymir work/item/60003.msm	d:/ymir work/item/60003.msm	0
item/ymir work/item/17172.msm	d:/ymir work/item/17172.msm	0
item/ymir work/item/28805.msm	d:/ymir work/item/28805.msm	0
item/ymir work/item/17180.msm	d:/ymir work/item/17180.msm	0
item/ymir work/item/17181.msm	d:/ymir work/item/17181.msm	0
item/ymir work/item/weapon/02030.gr2	d:/ymir work/item/weapon/02030.gr2	0
item/ymir work/item/17185.msm	d:/ymir work/item/17185.msm	0
item/ymir work/item/17190.msm	d:/ymir work/item/17190.msm	0
item/ymir work/item/17191.msm	d:/ymir work/item/17191.msm	0
item/ymir work/item/17196.msm	d:/ymir work/item/17196.msm	0
item/ymir work/item/17200.msm	d:/ymir work/item/17200.msm	0
item/ymir work/item/17201.msm	d:/ymir work/item/17201.msm	0
item/ymir work/item/17204.msm	d:/ymir work/item/17204.msm	0
item/ymir work/item/17205.msm	d:/ymir work/item/17205.msm	0
item/ymir work/item/17207.msm	d:/ymir work/item/17207.msm	0
item/ymir work/item/17209.msm	d:/ymir work/item/17209.msm	0
item/ymir work/item/17214.msm	d:/ymir work/item/17214.msm	0
item/ymir work/item/22000.msm	d:/ymir work/item/22000.msm	0
item/ymir work/item/25000.msm	d:/ymir work/item/25000.msm	0
item/ymir work/item/25050.msm	d:/ymir work/item/25050.msm	0
item/ymir work/item/25060.msm	d:/ymir work/item/25060.msm	0
item/ymir work/item/27815.msm	d:/ymir work/item/27815.msm	0
item/ymir work/item/25100.msm	d:/ymir work/item/25100.msm	0
item/ymir work/item/27001.msm	d:/ymir work/item/27001.msm	0
item/ymir work/item/27102.msm	d:/ymir work/item/27102.msm	0
item/ymir work/item/27410.msm	d:/ymir work/item/27410.msm	0
item/ymir work/item/27450.msm	d:/ymir work/item/27450.msm	0
item/ymir work/item/27460.msm	d:/ymir work/item/27460.msm	0
item/ymir work/item/27480.msm	d:/ymir work/item/27480.msm	0
item/ymir work/item/27490.msm	d:/ymir work/item/27490.msm	0
item/ymir work/item/28200.msm	d:/ymir work/item/28200.msm	0
item/ymir work/item/27510.msm	d:/ymir work/item/27510.msm	0
item/ymir work/item/27530.msm	d:/ymir work/item/27530.msm	0
item/ymir work/item/28704.msm	d:/ymir work/item/28704.msm	0
item/ymir work/item/27540.msm	d:/ymir work/item/27540.msm	0
item/ymir work/item/27879.msm	d:/ymir work/item/27879.msm	0
item/ymir work/item/27550.msm	d:/ymir work/item/27550.msm	0
item/ymir work/item/27560.msm	d:/ymir work/item/27560.msm	0
item/ymir work/item/27570.msm	d:/ymir work/item/27570.msm	0
item/ymir work/item/27610.msm	d:/ymir work/item/27610.msm	0
item/ymir work/item/27620.msm	d:/ymir work/item/27620.msm	0
item/ymir work/item/27801.msm	d:/ymir work/item/27801.msm	0
item/ymir work/item/27804.msm	d:/ymir work/item/27804.msm	0
item/ymir work/item/weapon/01130.gr2	d:/ymir work/item/weapon/01130.gr2	0
item/ymir work/item/27807.msm	d:/ymir work/item/27807.msm	0
item/ymir work/item/27811.msm	d:/ymir work/item/27811.msm	0
item/ymir work/item/27816.msm	d:/ymir work/item/27816.msm	0
item/ymir work/item/27819.msm	d:/ymir work/item/27819.msm	0
item/ymir work/item/27821.msm	d:/ymir work/item/27821.msm	0
item/ymir work/item/27822.msm	d:/ymir work/item/27822.msm	0
item/ymir work/item/27833.msm	d:/ymir work/item/27833.msm	0
item/ymir work/item/27834.msm	d:/ymir work/item/27834.msm	0
item/ymir work/item/weapon/weapon_choegogeup01_01.dds	d:/ymir work/item/weapon/weapon_choegogeup01_01.dds	1
item/ymir work/item/27836.msm	d:/ymir work/item/27836.msm	0
item/ymir work/item/27841.msm	d:/ymir work/item/27841.msm	0
item/ymir work/item/27842.msm	d:/ymir work/item/27842.msm	0
item/ymir work/item/27845.msm	d:/ymir work/item/27845.msm	0
item/ymir work/item/27846.msm	d:/ymir work/item/27846.msm	0
item/ymir work/item/27847.msm	d:/ymir work/item/27847.msm	0
item/ymir work/item/27848.msm	d:/ymir work/item/27848.msm	0
item/ymir work/item/27849.msm	d:/ymir work/item/27849.msm	0
item/ymir work/item/27851.msm	d:/ymir work/item/27851.msm	0
item/ymir work/item/27852.msm	d:/ymir work/item/27852.msm	0
item/ymir work/item/27853.msm	d:/ymir work/item/27853.msm	0
item/ymir work/item/27864.msm	d:/ymir work/item/27864.msm	0
item/ymir work/item/27866.msm	d:/ymir work/item/27866.msm	0
item/ymir work/item/27867.msm	d:/ymir work/item/27867.msm	0
item/ymir work/item/27869.msm	d:/ymir work/item/27869.msm	0
item/ymir work/item/weapon/05140.gr2	d:/ymir work/item/weapon/05140.gr2	0
item/ymir work/item/28508.msm	d:/ymir work/item/28508.msm	0
item/ymir work/item/27870.msm	d:/ymir work/item/27870.msm	0
item/ymir work/item/27871.msm	d:/ymir work/item/27871.msm	0
item/ymir work/item/27872.msm	d:/ymir work/item/27872.msm	0
item/ymir work/item/27873.msm	d:/ymir work/item/27873.msm	0
item/ymir work/item/27874.msm	d:/ymir work/item/27874.msm	0
item/ymir work/item/27875.msm	d:/ymir work/item/27875.msm	0
item/ymir work/item/28804.msm	d:/ymir work/item/28804.msm	0
item/ymir work/item/27876.msm	d:/ymir work/item/27876.msm	0
item/ymir work/item/27880.msm	d:/ymir work/item/27880.msm	0
item/ymir work/item/27882.msm	d:/ymir work/item/27882.msm	0
item/ymir work/item/27999.msm	d:/ymir work/item/27999.msm	0
item/ymir work/item/28003.msm	d:/ymir work/item/28003.msm	0
item/ymir work/item/28005.msm	d:/ymir work/item/28005.msm	0
item/ymir work/item/28009.msm	d:/ymir work/item/28009.msm	0
item/ymir work/item/28012.msm	d:/ymir work/item/28012.msm	0
item/ymir work/item/28100.msm	d:/ymir work/item/28100.msm	0
item/ymir work/item/28101.msm	d:/ymir work/item/28101.msm	0
item/ymir work/item/28102.msm	d:/ymir work/item/28102.msm	0
item/ymir work/item/28104.msm	d:/ymir work/item/28104.msm	0
item/ymir work/item/28105.msm	d:/ymir work/item/28105.msm	0
item/ymir work/item/28306.msm	d:/ymir work/item/28306.msm	0
item/ymir work/item/28106.msm	d:/ymir work/item/28106.msm	0
item/ymir work/item/28107.msm	d:/ymir work/item/28107.msm	0
item/ymir work/item/28108.msm	d:/ymir work/item/28108.msm	0
item/ymir work/item/28109.msm	d:/ymir work/item/28109.msm	0
item/ymir work/item/28110.msm	d:/ymir work/item/28110.msm	0
item/ymir work/item/28112.msm	d:/ymir work/item/28112.msm	0
item/ymir work/item/28204.msm	d:/ymir work/item/28204.msm	0
item/ymir work/item/28205.msm	d:/ymir work/item/28205.msm	0
item/ymir work/item/28208.msm	d:/ymir work/item/28208.msm	0
item/ymir work/item/28210.msm	d:/ymir work/item/28210.msm	0
item/ymir work/item/28211.msm	d:/ymir work/item/28211.msm	0
item/ymir work/item/28300.msm	d:/ymir work/item/28300.msm	0
item/ymir work/item/28301.msm	d:/ymir work/item/28301.msm	0
item/ymir work/item/28302.msm	d:/ymir work/item/28302.msm	0
item/ymir work/item/28304.msm	d:/ymir work/item/28304.msm	0
item/ymir work/item/28305.msm	d:/ymir work/item/28305.msm	0
item/ymir work/item/28308.msm	d:/ymir work/item/28308.msm	0
item/ymir work/item/28312.msm	d:/ymir work/item/28312.msm	0
item/ymir work/item/28313.msm	d:/ymir work/item/28313.msm	0
item/ymir work/item/28400.msm	d:/ymir work/item/28400.msm	0
item/ymir work/item/28401.msm	d:/ymir work/item/28401.msm	0
item/ymir work/item/28403.msm	d:/ymir work/item/28403.msm	0
item/ymir work/item/28711.msm	d:/ymir work/item/28711.msm	0
item/ymir work/item/28404.msm	d:/ymir work/item/28404.msm	0
item/ymir work/item/weapon/03200.gr2	d:/ymir work/item/weapon/03200.gr2	0
item/ymir work/item/28405.msm	d:/ymir work/item/28405.msm	0
item/ymir work/item/28408.msm	d:/ymir work/item/28408.msm	0
item/ymir work/item/28412.msm	d:/ymir work/item/28412.msm	0
item/ymir work/item/28413.msm	d:/ymir work/item/28413.msm	0
item/ymir work/item/28500.msm	d:/ymir work/item/28500.msm	0
item/ymir work/item/28501.msm	d:/ymir work/item/28501.msm	0
item/ymir work/item/28503.msm	d:/ymir work/item/28503.msm	0
item/ymir work/item/28504.msm	d:/ymir work/item/28504.msm	0
item/ymir work/item/28510.msm	d:/ymir work/item/28510.msm	0
item/ymir work/item/28512.msm	d:/ymir work/item/28512.msm	0
item/ymir work/item/28513.msm	d:/ymir work/item/28513.msm	0
item/ymir work/item/weapon/weapon_gogeup_01.dds	d:/ymir work/item/weapon/weapon_gogeup_01.dds	1
item/ymir work/item/28601.msm	d:/ymir work/item/28601.msm	0
item/ymir work/item/28603.msm	d:/ymir work/item/28603.msm	0
item/ymir work/item/28604.msm	d:/ymir work/item/28604.msm	0
item/ymir work/item/28605.msm	d:/ymir work/item/28605.msm	0
item/ymir work/item/28606.msm	d:/ymir work/item/28606.msm	0
item/ymir work/item/weapon/00040.gr2	d:/ymir work/item/weapon/00040.gr2	0
item/ymir work/item/28607.msm	d:/ymir work/item/28607.msm	0
item/ymir work/item/28609.msm	d:/ymir work/item/28609.msm	0
item/ymir work/item/28610.msm	d:/ymir work/item/28610.msm	0
item/ymir work/item/28611.msm	d:/ymir work/item/28611.msm	0
item/ymir work/item/28612.msm	d:/ymir work/item/28612.msm	0
item/ymir work/item/28613.msm	d:/ymir work/item/28613.msm	0
item/ymir work/item/28700.msm	d:/ymir work/item/28700.msm	0
item/ymir work/item/28703.msm	d:/ymir work/item/28703.msm	0
item/ymir work/item/28705.msm	d:/ymir work/item/28705.msm	0
item/ymir work/item/28706.msm	d:/ymir work/item/28706.msm	0
item/ymir work/item/28707.msm	d:/ymir work/item/28707.msm	0
item/ymir work/item/28709.msm	d:/ymir work/item/28709.msm	0
item/ymir work/item/28710.msm	d:/ymir work/item/28710.msm	0
item/ymir work/item/28712.msm	d:/ymir work/item/28712.msm	0
item/ymir work/item/28713.msm	d:/ymir work/item/28713.msm	0
item/ymir work/item/28803.msm	d:/ymir work/item/28803.msm	0
item/ymir work/item/28806.msm	d:/ymir work/item/28806.msm	0
item/ymir work/item/28807.msm	d:/ymir work/item/28807.msm	0
item/ymir work/item/28808.msm	d:/ymir work/item/28808.msm	0
item/ymir work/item/28809.msm	d:/ymir work/item/28809.msm	0
item/ymir work/item/28810.msm	d:/ymir work/item/28810.msm	0
item/ymir work/item/28813.msm	d:/ymir work/item/28813.msm	0
item/ymir work/item/28900.msm	d:/ymir work/item/28900.msm	0
item/ymir work/item/28904.msm	d:/ymir work/item/28904.msm	0
item/ymir work/item/28907.msm	d:/ymir work/item/28907.msm	0
item/ymir work/item/28908.msm	d:/ymir work/item/28908.msm	0
item/ymir work/item/28909.msm	d:/ymir work/item/28909.msm	0
item/ymir work/item/28911.msm	d:/ymir work/item/28911.msm	0
item/ymir work/item/28912.msm	d:/ymir work/item/28912.msm	0
item/ymir work/item/28913.msm	d:/ymir work/item/28913.msm	0
item/ymir work/item/50001.msm	d:/ymir work/item/50001.msm	0
item/ymir work/item/50003.msm	d:/ymir work/item/50003.msm	0
item/ymir work/item/50100.msm	d:/ymir work/item/50100.msm	0
item/ymir work/item/50101.msm	d:/ymir work/item/50101.msm	0
item/ymir work/item/50105.msm	d:/ymir work/item/50105.msm	0
item/ymir work/item/weapon/weapon_choegogeup01_04.dds	d:/ymir work/item/weapon/weapon_choegogeup01_04.dds	1
item/ymir work/item/50200.msm	d:/ymir work/item/50200.msm	0
item/ymir work/item/60002.msm	d:/ymir work/item/60002.msm	0
item/ymir work/item/70001.msm	d:/ymir work/item/70001.msm	0
item/ymir work/item/weapon/02060.gr2	d:/ymir work/item/weapon/02060.gr2	0
item/ymir work/item/70003.msm	d:/ymir work/item/70003.msm	0
item/ymir work/item/70005.msm	d:/ymir work/item/70005.msm	0
item/ymir work/item/70006.msm	d:/ymir work/item/70006.msm	0
item/ymir work/item/70007.msm	d:/ymir work/item/70007.msm	0
item/ymir work/item/70010.msm	d:/ymir work/item/70010.msm	0
item/ymir work/item/70011.msm	d:/ymir work/item/70011.msm	0
item/ymir work/item/70103.msm	d:/ymir work/item/70103.msm	0
item/ymir work/item/80005.msm	d:/ymir work/item/80005.msm	0
item/ymir work/item/80006.msm	d:/ymir work/item/80006.msm	0
item/ymir work/item/90009.msm	d:/ymir work/item/90009.msm	0
item/ymir work/item/936item_list.txt	d:/ymir work/item/936item_list.txt	2
item/ymir work/item/etc/basket1.dds	d:/ymir work/item/etc/basket1.dds	1
item/ymir work/item/etc/basket2.dds	d:/ymir work/item/etc/basket2.dds	1
item/ymir work/item/etc/basket2.gr2	d:/ymir work/item/etc/basket2.gr2	0
item/ymir work/item/etc/boss_box.dds	d:/ymir work/item/etc/boss_box.dds	1
item/ymir work/item/etc/boss_box.gr2	d:/ymir work/item/etc/boss_box.gr2	0
item/ymir work/item/etc/digger.dds	d:/ymir work/item/etc/digger.dds	1
item/ymir work/item/etc/easter_egg1.dds	d:/ymir work/item/etc/easter_egg1.dds	1
item/ymir work/item/etc/easter_egg1.gr2	d:/ymir work/item/etc/easter_egg1.gr2	0
item/ymir work/item/etc/fishing_rod.dds	d:/ymir work/item/etc/fishing_rod.dds	1
item/ymir work/item/etc/god_herb.gr2	d:/ymir work/item/etc/god_herb.gr2	0
item/ymir work/item/etc/gold_nugget_1.gr2	d:/ymir work/item/etc/gold_nugget_1.gr2	0
item/ymir work/item/etc/gold_nugget_2.gr2	d:/ymir work/item/etc/gold_nugget_2.gr2	0
item/ymir work/item/etc/item_bag.dds	d:/ymir work/item/etc/item_bag.dds	1
item/ymir work/item/etc/item_box1.dds	d:/ymir work/item/etc/item_box1.dds	1
item/ymir work/item/etc/item_box1.gr2	d:/ymir work/item/etc/item_box1.gr2	0
item/ymir work/item/etc/jewellery_box.dds	d:/ymir work/item/etc/jewellery_box.dds	1
item/ymir work/item/etc/jewellery_box.gr2	d:/ymir work/item/etc/jewellery_box.gr2	0
item/ymir work/item/etc/medicine.dds	d:/ymir work/item/etc/medicine.dds	1
item/ymir work/item/etc/medicine2.dds	d:/ymir work/item/etc/medicine2.dds	1
item/ymir work/item/etc/medicine_b.gr2	d:/ymir work/item/etc/medicine_b.gr2	0
item/ymir work/item/etc/medicine_g.gr2	d:/ymir work/item/etc/medicine_g.gr2	0
item/ymir work/item/etc/medicine_r.gr2	d:/ymir work/item/etc/medicine_r.gr2	0
item/ymir work/item/etc/medicine_w.gr2	d:/ymir work/item/etc/medicine_w.gr2	0
item/ymir work/item/etc/money.dds	d:/ymir work/item/etc/money.dds	1
item/ymir work/item/etc/money.gr2	d:/ymir work/item/etc/money.gr2	0
item/ymir work/item/etc/q_box.dds	d:/ymir work/item/etc/q_box.dds	1
item/ymir work/item/etc/silver_nugget_3.gr2	d:/ymir work/item/etc/silver_nugget_3.gr2	0
item/ymir work/item/etc/socks.dds	d:/ymir work/item/etc/socks.dds	1
item/ymir work/item/etc/socks.gr2	d:/ymir work/item/etc/socks.gr2	0
item/ymir work/item/quest/73004.tga	d:/ymir work/item/quest/73004.tga	1
item/ymir work/item/quest/73005.tga	d:/ymir work/item/quest/73005.tga	1
item/ymir work/item/quest/73006.tga	d:/ymir work/item/quest/73006.tga	1
item/ymir work/item/quest/73007.tga	d:/ymir work/item/quest/73007.tga	1
item/ymir work/item/quest/73008.tga	d:/ymir work/item/quest/73008.tga	1
item/ymir work/item/quest/73011.tga	d:/ymir work/item/quest/73011.tga	1
item/ymir work/item/quest/73012.tga	d:/ymir work/item/quest/73012.tga	1
item/ymir work/item/quest/73251.tga	d:/ymir work/item/quest/73251.tga	1
item/ymir work/item/quest/73253.tga	d:/ymir work/item/quest/73253.tga	1
item/ymir work/item/quest/73254.tga	d:/ymir work/item/quest/73254.tga	1
item/ymir work/item/quest/73257.tga	d:/ymir work/item/quest/73257.tga	1
item/ymir work/item/quest/73259.tga	d:/ymir work/item/quest/73259.tga	1
item/ymir work/item/quest/73260.tga	d:/ymir work/item/quest/73260.tga	1
item/ymir work/item/quest/73261.tga	d:/ymir work/item/quest/73261.tga	1
item/ymir work/item/quest/73262.tga	d:/ymir work/item/quest/73262.tga	1
item/ymir work/item/quest/73501.tga	d:/ymir work/item/quest/73501.tga	1
item/ymir work/item/quest/73502.tga	d:/ymir work/item/quest/73502.tga	1
item/ymir work/item/quest/73503.tga	d:/ymir work/item/quest/73503.tga	1
item/ymir work/item/quest/73507.tga	d:/ymir work/item/quest/73507.tga	1
item/ymir work/item/quest/73509.tga	d:/ymir work/item/quest/73509.tga	1
item/ymir work/item/quest/73510.tga	d:/ymir work/item/quest/73510.tga	1
item/ymir work/item/quest/73512.tga	d:/ymir work/item/quest/73512.tga	1
item/ymir work/item/quest/73752.tga	d:/ymir work/item/quest/73752.tga	1
item/ymir work/item/quest/73755.tga	d:/ymir work/item/quest/73755.tga	1
item/ymir work/item/quest/73756.tga	d:/ymir work/item/quest/73756.tga	1
item/ymir work/item/quest/73759.tga	d:/ymir work/item/quest/73759.tga	1
item/ymir work/item/quest/73761.tga	d:/ymir work/item/quest/73761.tga	1
item/ymir work/item/weapon/00010.gr2	d:/ymir work/item/weapon/00010.gr2	0
item/ymir work/item/weapon/00020.gr2	d:/ymir work/item/weapon/00020.gr2	0
item/ymir work/item/weapon/00030.gr2	d:/ymir work/item/weapon/00030.gr2	0
item/ymir work/item/weapon/00060.gr2	d:/ymir work/item/weapon/00060.gr2	0
item/ymir work/item/weapon/00070.gr2	d:/ymir work/item/weapon/00070.gr2	0
item/ymir work/item/weapon/00090.gr2	d:/ymir work/item/weapon/00090.gr2	0
item/ymir work/item/weapon/00100.gr2	d:/ymir work/item/weapon/00100.gr2	0
item/ymir work/item/weapon/00110.gr2	d:/ymir work/item/weapon/00110.gr2	0
item/ymir work/item/weapon/00140.gr2	d:/ymir work/item/weapon/00140.gr2	0
item/ymir work/item/weapon/00150.gr2	d:/ymir work/item/weapon/00150.gr2	0
item/ymir work/item/weapon/00160.gr2	d:/ymir work/item/weapon/00160.gr2	0
item/ymir work/item/weapon/00170.gr2	d:/ymir work/item/weapon/00170.gr2	0
item/ymir work/item/weapon/00190.gr2	d:/ymir work/item/weapon/00190.gr2	0
item/ymir work/item/weapon/00200.gr2	d:/ymir work/item/weapon/00200.gr2	0
item/ymir work/item/weapon/00220.gr2	d:/ymir work/item/weapon/00220.gr2	0
item/ymir work/item/weapon/00250.gr2	d:/ymir work/item/weapon/00250.gr2	0
item/ymir work/item/weapon/00260.gr2	d:/ymir work/item/weapon/00260.gr2	0
item/ymir work/item/weapon/00280.gr2	d:/ymir work/item/weapon/00280.gr2	0
item/ymir work/item/weapon/00290.gr2	d:/ymir work/item/weapon/00290.gr2	0
item/ymir work/item/weapon/00300.gr2	d:/ymir work/item/weapon/00300.gr2	0
item/ymir work/item/weapon/01000.gr2	d:/ymir work/item/weapon/01000.gr2	0
item/ymir work/item/weapon/01010.gr2	d:/ymir work/item/weapon/01010.gr2	0
item/ymir work/item/weapon/01020.gr2	d:/ymir work/item/weapon/01020.gr2	0
item/ymir work/item/weapon/01040.gr2	d:/ymir work/item/weapon/01040.gr2	0
item/ymir work/item/weapon/01050.gr2	d:/ymir work/item/weapon/01050.gr2	0
item/ymir work/item/weapon/01080.gr2	d:/ymir work/item/weapon/01080.gr2	0
item/ymir work/item/weapon/01100.gr2	d:/ymir work/item/weapon/01100.gr2	0
item/ymir work/item/weapon/01110.gr2	d:/ymir work/item/weapon/01110.gr2	0
item/ymir work/item/weapon/01120.gr2	d:/ymir work/item/weapon/01120.gr2	0
item/ymir work/item/weapon/01160.gr2	d:/ymir work/item/weapon/01160.gr2	0
item/ymir work/item/weapon/02120.gr2	d:/ymir work/item/weapon/02120.gr2	0
item/ymir work/item/weapon/01180.gr2	d:/ymir work/item/weapon/01180.gr2	0
item/ymir work/item/weapon/02000.gr2	d:/ymir work/item/weapon/02000.gr2	0
item/ymir work/item/weapon/02010.gr2	d:/ymir work/item/weapon/02010.gr2	0
item/ymir work/item/weapon/02020.gr2	d:/ymir work/item/weapon/02020.gr2	0
item/ymir work/item/weapon/02050.gr2	d:/ymir work/item/weapon/02050.gr2	0
item/ymir work/item/weapon/02070.gr2	d:/ymir work/item/weapon/02070.gr2	0
item/ymir work/item/weapon/02110.gr2	d:/ymir work/item/weapon/02110.gr2	0
item/ymir work/item/weapon/02140.gr2	d:/ymir work/item/weapon/02140.gr2	0
item/ymir work/item/weapon/02150.gr2	d:/ymir work/item/weapon/02150.gr2	0
item/ymir work/item/weapon/02160.gr2	d:/ymir work/item/weapon/02160.gr2	0
item/ymir work/item/weapon/02180.gr2	d:/ymir work/item/weapon/02180.gr2	0
item/ymir work/item/weapon/02190.gr2	d:/ymir work/item/weapon/02190.gr2	0
item/ymir work/item/weapon/03000.gr2	d:/ymir work/item/weapon/03000.gr2	0
item/ymir work/item/weapon/03010.gr2	d:/ymir work/item/weapon/03010.gr2	0
item/ymir work/item/weapon/03020.gr2	d:/ymir work/item/weapon/03020.gr2	0
item/ymir work/item/weapon/03030.gr2	d:/ymir work/item/weapon/03030.gr2	0
item/ymir work/item/weapon/03050.gr2	d:/ymir work/item/weapon/03050.gr2	0
item/ymir work/item/weapon/03060.gr2	d:/ymir work/item/weapon/03060.gr2	0
item/ymir work/item/weapon/03070.gr2	d:/ymir work/item/weapon/03070.gr2	0
item/ymir work/item/weapon/03080.gr2	d:/ymir work/item/weapon/03080.gr2	0
item/ymir work/item/weapon/03090.gr2	d:/ymir work/item/weapon/03090.gr2	0
item/ymir work/item/weapon/03110.gr2	d:/ymir work/item/weapon/03110.gr2	0
item/ymir work/item/weapon/03120.gr2	d:/ymir work/item/weapon/03120.gr2	0
item/ymir work/item/weapon/03130.gr2	d:/ymir work/item/weapon/03130.gr2	0
item/ymir work/item/weapon/03140.gr2	d:/ymir work/item/weapon/03140.gr2	0
item/ymir work/item/weapon/03150.gr2	d:/ymir work/item/weapon/03150.gr2	0
item/ymir work/item/weapon/03180.gr2	d:/ymir work/item/weapon/03180.gr2	0
item/ymir work/item/weapon/03190.gr2	d:/ymir work/item/weapon/03190.gr2	0
item/ymir work/item/weapon/03210.gr2	d:/ymir work/item/weapon/03210.gr2	0
item/ymir work/item/weapon/03220.gr2	d:/ymir work/item/weapon/03220.gr2	0
item/ymir work/item/weapon/04000_1.gr2	d:/ymir work/item/weapon/04000_1.gr2	0
item/ymir work/item/weapon/04010_1.gr2	d:/ymir work/item/weapon/04010_1.gr2	0
item/ymir work/item/weapon/04020.gr2	d:/ymir work/item/weapon/04020.gr2	0
item/ymir work/item/weapon/04040.gr2	d:/ymir work/item/weapon/04040.gr2	0
item/ymir work/item/weapon/05000.gr2	d:/ymir work/item/weapon/05000.gr2	0
item/ymir work/item/weapon/05020.gr2	d:/ymir work/item/weapon/05020.gr2	0
item/ymir work/item/weapon/05030.gr2	d:/ymir work/item/weapon/05030.gr2	0
item/ymir work/item/weapon/05050.gr2	d:/ymir work/item/weapon/05050.gr2	0
item/ymir work/item/weapon/05060.gr2	d:/ymir work/item/weapon/05060.gr2	0
item/ymir work/item/weapon/05070.gr2	d:/ymir work/item/weapon/05070.gr2	0
item/ymir work/item/weapon/05080.gr2	d:/ymir work/item/weapon/05080.gr2	0
item/ymir work/item/weapon/05100.gr2	d:/ymir work/item/weapon/05100.gr2	0
item/ymir work/item/weapon/05110.gr2	d:/ymir work/item/weapon/05110.gr2	0
item/ymir work/item/weapon/05120.gr2	d:/ymir work/item/weapon/05120.gr2	0
item/ymir work/item/weapon/05130.gr2	d:/ymir work/item/weapon/05130.gr2	0
item/ymir work/item/weapon/05150.gr2	d:/ymir work/item/weapon/05150.gr2	0
item/ymir work/item/weapon/07020.gr2	d:/ymir work/item/weapon/07020.gr2	0
item/ymir work/item/weapon/07030.gr2	d:/ymir work/item/weapon/07030.gr2	0
item/ymir work/item/weapon/07060.gr2	d:/ymir work/item/weapon/07060.gr2	0
item/ymir work/item/weapon/07070.gr2	d:/ymir work/item/weapon/07070.gr2	0
item/ymir work/item/weapon/07090.gr2	d:/ymir work/item/weapon/07090.gr2	0
item/ymir work/item/weapon/07110.gr2	d:/ymir work/item/weapon/07110.gr2	0
item/ymir work/item/weapon/07130.gr2	d:/ymir work/item/weapon/07130.gr2	0
item/ymir work/item/weapon/07150.gr2	d:/ymir work/item/weapon/07150.gr2	0
item/ymir work/item/weapon/07170.gr2	d:/ymir work/item/weapon/07170.gr2	0
item/ymir work/item/weapon/07180.gr2	d:/ymir work/item/weapon/07180.gr2	0
item/ymir work/item/weapon/buke.dds	d:/ymir work/item/weapon/buke.dds	1
item/ymir work/item/weapon/weapon_choegogeup01_03.dds	d:/ymir work/item/weapon/weapon_choegogeup01_03.dds	1
item/ymir work/item/weapon/weapon_chogeup_01.dds	d:/ymir work/item/weapon/weapon_chogeup_01.dds	1
item/ymir work/item/weapon/weapon_gogeup_02.dds	d:/ymir work/item/weapon/weapon_gogeup_02.dds	1
item/ymir work/item/weapon/weapon_junggeup_01.dds	d:/ymir work/item/weapon/weapon_junggeup_01.dds	1
item/ymir work/item/weapon/weapon_junggeup_02.dds	d:/ymir work/item/weapon/weapon_junggeup_02.dds	1
