metin2_patch_w20_sound/sound/monster2/giant_scorpion/walk_1.wav	sound/monster2/giant_scorpion/walk_1.wav	0
metin2_patch_w20_sound/sound/common/spell/spell_archer2h_explode.wav	sound/common/spell/spell_archer2h_explode.wav	0
metin2_patch_w20_sound/sound/common/spell/spell_archer2h_blast.wav	sound/common/spell/spell_archer2h_blast.wav	0
metin2_patch_w20_sound/sound/monster2/gnoll_commander/normal_attack00.mss	sound/monster2/gnoll_commander/normal_attack00.mss	0
metin2_patch_w20_sound/sound/monster2/triton_boss2/front_dead.mss	sound/monster2/triton_boss2/front_dead.mss	0
metin2_patch_w20_sound/sound/monster2/redthief_general/walk.mss	sound/monster2/redthief_general/walk.mss	0
metin2_patch_w20_sound/sound/common/spell/spell_archer2h_ice_guard.wav	sound/common/spell/spell_archer2h_ice_guard.wav	0
metin2_patch_w20_sound/sound/monster2/giant_boss/front_knockdown.mss	sound/monster2/giant_boss/front_knockdown.mss	0
metin2_patch_w20_sound/sound/common/spell/spell_archer2h_blizzard_storm.wav	sound/common/spell/spell_archer2h_blizzard_storm.wav	0
metin2_patch_w20_sound/sound/common/voice/insect_walk01.wav	sound/common/voice/insect_walk01.wav	0
metin2_patch_w20_sound/sound/monster2/manticore_magic/back_knockdown.mss	sound/monster2/manticore_magic/back_knockdown.mss	0
metin2_patch_w20_sound/sound/common/spell/spell_fighter2w_iron_heart.wav	sound/common/spell/spell_fighter2w_iron_heart.wav	0
metin2_patch_w20_sound/sound/common/spell/spell_archer2r_double_blow.wav	sound/common/spell/spell_archer2r_double_blow.wav	0
metin2_patch_w20_sound/sound/common/spell/spell_power_medicinal_crops3.wav	sound/common/spell/spell_power_medicinal_crops3.wav	0
metin2_patch_w20_sound/sound/monster2/triton_boss2/front_damage.mss	sound/monster2/triton_boss2/front_damage.mss	0
metin2_patch_w20_sound/sound/monster2/ogre_soldier/front_damage.mss	sound/monster2/ogre_soldier/front_damage.mss	0
metin2_patch_w20_sound/sound/common/spell/spell_archer2h_double_shot.wav	sound/common/spell/spell_archer2h_double_shot.wav	0
metin2_patch_w20_sound/sound/monster2/giant_soldier2/front_damage.mss	sound/monster2/giant_soldier2/front_damage.mss	0
metin2_patch_w20_sound/sound/common/spell/spell_fighter3dr_dragon_shouting.wav	sound/common/spell/spell_fighter3dr_dragon_shouting.wav	0
metin2_patch_w20_sound/sound/monster2/crustacean_general/back_damage.mss	sound/monster2/crustacean_general/back_damage.mss	0
metin2_patch_w20_sound/sound/common/spell/spell_archer2h_double_shot_cast.wav	sound/common/spell/spell_archer2h_double_shot_cast.wav	0
metin2_patch_w20_sound/sound/common/spell/spell_power_attack.wav	sound/common/spell/spell_power_attack.wav	0
metin2_patch_w20_sound/sound/common/voice/human_middle_m_damage01.wav	sound/common/voice/human_middle_m_damage01.wav	0
metin2_patch_w20_sound/sound/common/spell/spell_archer2r_explode.wav	sound/common/spell/spell_archer2r_explode.wav	0
metin2_patch_w20_sound/sound/monster2/manticore_soldier/front_knockdown.mss	sound/monster2/manticore_soldier/front_knockdown.mss	0
metin2_patch_w20_sound/sound/common/spell/spell_fighter3cr_convergence.wav	sound/common/spell/spell_fighter3cr_convergence.wav	0
metin2_patch_w20_sound/sound/monster2/giant_magic/normal_attack1.mss	sound/monster2/giant_magic/normal_attack1.mss	0
metin2_patch_w20_sound/sound/monster2/cyclops_general/normal_attack.mss	sound/monster2/cyclops_general/normal_attack.mss	0
metin2_patch_w20_sound/sound/monster2/manticore_soldier2/walk.mss	sound/monster2/manticore_soldier2/walk.mss	0
metin2_patch_w20_sound/sound/monster2/lemures_officer/front_damage.mss	sound/monster2/lemures_officer/front_damage.mss	0
metin2_patch_w20_sound/sound/common/spell/spell_archer2r_fire_guard.wav	sound/common/spell/spell_archer2r_fire_guard.wav	0
metin2_patch_w20_sound/sound/monster2/lemures_general/back_damage.mss	sound/monster2/lemures_general/back_damage.mss	0
metin2_patch_w20_sound/sound/monster2/crustacean_officer/run.mss	sound/monster2/crustacean_officer/run.mss	0
metin2_patch_w20_sound/sound/common/spell/spell_magician2w_dark_force_cast.wav	sound/common/spell/spell_magician2w_dark_force_cast.wav	0
metin2_patch_w20_sound/sound/common/walk/common_walk_middle_right.wav	sound/common/walk/common_walk_middle_right.wav	0
metin2_patch_w20_sound/sound/monster2/lemures_general/front_knockdown.mss	sound/monster2/lemures_general/front_knockdown.mss	0
metin2_patch_w20_sound/sound/common/spell/spell_archer2r_poison.wav	sound/common/spell/spell_archer2r_poison.wav	0
metin2_patch_w20_sound/sound/monster2/giant_scorpion/32.mss	sound/monster2/giant_scorpion/32.mss	0
metin2_patch_w20_sound/sound/common/spell/spell_archer3ha_chase.wav	sound/common/spell/spell_archer3ha_chase.wav	0
metin2_patch_w20_sound/sound/monster2/cyclops_soldier/run.mss	sound/monster2/cyclops_soldier/run.mss	0
metin2_patch_w20_sound/sound/monster2/gnoll_commander/front_damage00.mss	sound/monster2/gnoll_commander/front_damage00.mss	0
metin2_patch_w20_sound/sound/common/spell/spell_archer3ha_chase_2.wav	sound/common/spell/spell_archer3ha_chase_2.wav	0
metin2_patch_w20_sound/sound/common/voice/big_attack05.wav	sound/common/voice/big_attack05.wav	0
metin2_patch_w20_sound/sound/monster2/giant_desert_turtle/30.mss	sound/monster2/giant_desert_turtle/30.mss	0
metin2_patch_w20_sound/sound/monster2/giant_officer/run.mss	sound/monster2/giant_officer/run.mss	0
metin2_patch_w20_sound/sound/monster2/triton_soldier/walk.mss	sound/monster2/triton_soldier/walk.mss	0
metin2_patch_w20_sound/sound/common/spell/spell_archer3ras_sudden_blow.wav	sound/common/spell/spell_archer3ras_sudden_blow.wav	0
metin2_patch_w20_sound/sound/common/spell/spell_archer3ha_chase_cast.wav	sound/common/spell/spell_archer3ha_chase_cast.wav	0
metin2_patch_w20_sound/sound/monster2/gnoll_bow/normal_attack1.mss	sound/monster2/gnoll_bow/normal_attack1.mss	0
metin2_patch_w20_sound/sound/monster2/crustacean_general/normal_attack1.mss	sound/monster2/crustacean_general/normal_attack1.mss	0
metin2_patch_w20_sound/sound/monster2/ogre_general/front_knockdown.mss	sound/monster2/ogre_general/front_knockdown.mss	0
metin2_patch_w20_sound/sound/common/spell/spell_archer3ha_detection.wav	sound/common/spell/spell_archer3ha_detection.wav	0
metin2_patch_w20_sound/sound/common/spell/spell_archer3ha_hoodwink.wav	sound/common/spell/spell_archer3ha_hoodwink.wav	0
metin2_patch_w20_sound/sound/common/spell/spell_magician2c_ice_force.wav	sound/common/spell/spell_magician2c_ice_force.wav	0
metin2_patch_w20_sound/sound/monster2/ogre_boss2/front_dead.mss	sound/monster2/ogre_boss2/front_dead.mss	0
metin2_patch_w20_sound/sound/monster2/giant_general/front_knockdown.mss	sound/monster2/giant_general/front_knockdown.mss	0
metin2_patch_w20_sound/sound/monster2/gnoll_general/normal_attack1.mss	sound/monster2/gnoll_general/normal_attack1.mss	0
metin2_patch_w20_sound/sound/common/spell/spell_fighter3dr_damage_mirror.wav	sound/common/spell/spell_fighter3dr_damage_mirror.wav	0
metin2_patch_w20_sound/sound/monster2/giant_boss/back_damage.mss	sound/monster2/giant_boss/back_damage.mss	0
metin2_patch_w20_sound/sound/common/spell/spell_archer3h_hiding.wav	sound/common/spell/spell_archer3h_hiding.wav	0
metin2_patch_w20_sound/sound/common/spell/spell_fighter3cr_confusion.wav	sound/common/spell/spell_fighter3cr_confusion.wav	0
metin2_patch_w20_sound/sound/common/spell/spell_magic_wind.wav	sound/common/spell/spell_magic_wind.wav	0
metin2_patch_w20_sound/sound/monster2/redthief2_boss2/back_damage1.mss	sound/monster2/redthief2_boss2/back_damage1.mss	0
metin2_patch_w20_sound/sound/monster2/manticore_general/walk.mss	sound/monster2/manticore_general/walk.mss	0
metin2_patch_w20_sound/sound/monster2/cyclops_general/run.mss	sound/monster2/cyclops_general/run.mss	0
metin2_patch_w20_sound/sound/monster2/giant_scorpion/20.mss	sound/monster2/giant_scorpion/20.mss	0
metin2_patch_w20_sound/sound/monster2/lemures_soldier2/walk.mss	sound/monster2/lemures_soldier2/walk.mss	0
metin2_patch_w20_sound/sound/common/spell/spell_archer3h_observer.wav	sound/common/spell/spell_archer3h_observer.wav	0
metin2_patch_w20_sound/sound/common/spell/spell_archer3h_observer_cast.wav	sound/common/spell/spell_archer3h_observer_cast.wav	0
metin2_patch_w20_sound/sound/monster2/giant_desert_turtle/run_act_1.wav	sound/monster2/giant_desert_turtle/run_act_1.wav	0
metin2_patch_w20_sound/sound/monster2/ogre_boss/normal_attack.mss	sound/monster2/ogre_boss/normal_attack.mss	0
metin2_patch_w20_sound/sound/common/spell/spell_archer3ras_vanish.wav	sound/common/spell/spell_archer3ras_vanish.wav	0
metin2_patch_w20_sound/sound/common/spell/spell_fighter3wa_first_aid.wav	sound/common/spell/spell_fighter3wa_first_aid.wav	0
metin2_patch_w20_sound/sound/monster2/cyclops_soldier/back_knockdown.mss	sound/monster2/cyclops_soldier/back_knockdown.mss	0
metin2_patch_w20_sound/sound/common/spell/spell_archer3ras_death_blow.wav	sound/common/spell/spell_archer3ras_death_blow.wav	0
metin2_patch_w20_sound/sound/common/spell/spell_magician3or_endure.wav	sound/common/spell/spell_magician3or_endure.wav	0
metin2_patch_w20_sound/sound/common/spell/spell_fighter2p_holy_storm.wav	sound/common/spell/spell_fighter2p_holy_storm.wav	0
metin2_patch_w20_sound/sound/monster2/redthief_officer/normal_attack1.mss	sound/monster2/redthief_officer/normal_attack1.mss	0
metin2_patch_w20_sound/sound/monster2/redthief_boss/normal_attack1.mss	sound/monster2/redthief_boss/normal_attack1.mss	0
metin2_patch_w20_sound/sound/common/spell/spell_archer3ras_death_blow_cast.wav	sound/common/spell/spell_archer3ras_death_blow_cast.wav	0
metin2_patch_w20_sound/sound/monster2/crustacean_soldier2/back_knockdown.mss	sound/monster2/crustacean_soldier2/back_knockdown.mss	0
metin2_patch_w20_sound/sound/common/spell/spell_archer3ras_sudden_blow_cast.wav	sound/common/spell/spell_archer3ras_sudden_blow_cast.wav	0
metin2_patch_w20_sound/sound/monster2/giant_general/back_damage.mss	sound/monster2/giant_general/back_damage.mss	0
metin2_patch_w20_sound/sound/monster2/redthief_magic/front_damage.mss	sound/monster2/redthief_magic/front_damage.mss	0
metin2_patch_w20_sound/sound/common/spell/spell_archer3ras_vanish_cast.wav	sound/common/spell/spell_archer3ras_vanish_cast.wav	0
metin2_patch_w20_sound/sound/monster2/giant_boss2/run.mss	sound/monster2/giant_boss2/run.mss	0
metin2_patch_w20_sound/sound/common/spell/spell_magician2w_panic.wav	sound/common/spell/spell_magician2w_panic.wav	0
metin2_patch_w20_sound/sound/common/spell/spell_fighter3wa_final_attack_cast.wav	sound/common/spell/spell_fighter3wa_final_attack_cast.wav	0
metin2_patch_w20_sound/sound/monster2/lemures_boss2/back_knockdown.mss	sound/monster2/lemures_boss2/back_knockdown.mss	0
metin2_patch_w20_sound/sound/common/spell/spell_fighter2p_holy_shield_2.wav	sound/common/spell/spell_fighter2p_holy_shield_2.wav	0
metin2_patch_w20_sound/sound/monster2/giant_soldier2/back_damage.mss	sound/monster2/giant_soldier2/back_damage.mss	0
metin2_patch_w20_sound/sound/monster2/gnoll_boss/front_knockdown.mss	sound/monster2/gnoll_boss/front_knockdown.mss	0
metin2_patch_w20_sound/sound/common/spell/spell_archer3ra_destroy_armor.wav	sound/common/spell/spell_archer3ra_destroy_armor.wav	0
metin2_patch_w20_sound/sound/common/spell/spell_archer3ra_ice_wedge.wav	sound/common/spell/spell_archer3ra_ice_wedge.wav	0
metin2_patch_w20_sound/sound/monster2/giant_soldier2/front_knockdown.mss	sound/monster2/giant_soldier2/front_knockdown.mss	0
metin2_patch_w20_sound/sound/monster2/manticore_general/normal_attack.mss	sound/monster2/manticore_general/normal_attack.mss	0
metin2_patch_w20_sound/sound/monster2/crustacean_boss/normal_attack1.mss	sound/monster2/crustacean_boss/normal_attack1.mss	0
metin2_patch_w20_sound/sound/common/spell/spell_archer_fast_blow.wav	sound/common/spell/spell_archer_fast_blow.wav	0
metin2_patch_w20_sound/sound/common/spell/spell_archer_haste.wav	sound/common/spell/spell_archer_haste.wav	0
metin2_patch_w20_sound/sound/common/spell/spell_archer_piercing_shot_cast.wav	sound/common/spell/spell_archer_piercing_shot_cast.wav	0
metin2_patch_w20_sound/sound/common/spell/spell_archer_quick_step.wav	sound/common/spell/spell_archer_quick_step.wav	0
metin2_patch_w20_sound/sound/monster2/giant_scorpion/34.mss	sound/monster2/giant_scorpion/34.mss	0
metin2_patch_w20_sound/sound/monster2/giant_boss2/walk.mss	sound/monster2/giant_boss2/walk.mss	0
metin2_patch_w20_sound/sound/monster2/redthief_bow/front_dead.mss	sound/monster2/redthief_bow/front_dead.mss	0
metin2_patch_w20_sound/sound/common/spell/spell_fighter2p_holy_holy_spirit.wav	sound/common/spell/spell_fighter2p_holy_holy_spirit.wav	0
metin2_patch_w20_sound/sound/monster2/gnoll_commander/back_damage01.mss	sound/monster2/gnoll_commander/back_damage01.mss	0
metin2_patch_w20_sound/sound/common/spell/spell_fighter_mighty_attack.wav	sound/common/spell/spell_fighter_mighty_attack.wav	0
metin2_patch_w20_sound/sound/common/spell/spell_fighter2p_holy_shield.wav	sound/common/spell/spell_fighter2p_holy_shield.wav	0
metin2_patch_w20_sound/sound/monster2/giant_boss/run.mss	sound/monster2/giant_boss/run.mss	0
metin2_patch_w20_sound/sound/common/spell/spell_fighter2p_iron_burn.wav	sound/common/spell/spell_fighter2p_iron_burn.wav	0
metin2_patch_w20_sound/sound/monster2/cyclops_general/front_knockdown.mss	sound/monster2/cyclops_general/front_knockdown.mss	0
metin2_patch_w20_sound/sound/monster2/ogre_officer/front_dead.mss	sound/monster2/ogre_officer/front_dead.mss	0
metin2_patch_w20_sound/sound/monster2/manticore_boss2/front_dead.mss	sound/monster2/manticore_boss2/front_dead.mss	0
metin2_patch_w20_sound/sound/common/spell/spell_fighter3p_dash_cast.wav	sound/common/spell/spell_fighter3p_dash_cast.wav	0
metin2_patch_w20_sound/sound/monster2/triton_boss2/wait3.mss	sound/monster2/triton_boss2/wait3.mss	0
metin2_patch_w20_sound/sound/common/spell/spell_fighter2p_iron_burn_cast.wav	sound/common/spell/spell_fighter2p_iron_burn_cast.wav	0
metin2_patch_w20_sound/sound/common/voice/big_damage03.wav	sound/common/voice/big_damage03.wav	0
metin2_patch_w20_sound/sound/common/spell/spell_magician2c_slow.wav	sound/common/spell/spell_magician2c_slow.wav	0
metin2_patch_w20_sound/sound/common/spell/spell_fighter2p_power_breah.wav	sound/common/spell/spell_fighter2p_power_breah.wav	0
metin2_patch_w20_sound/sound/common/spell/spell_fighter2w_dark_break.wav	sound/common/spell/spell_fighter2w_dark_break.wav	0
metin2_patch_w20_sound/sound/monster2/redthief2_boss/back_knockdown.mss	sound/monster2/redthief2_boss/back_knockdown.mss	0
metin2_patch_w20_sound/sound/monster2/cyclops_soldier/walk.mss	sound/monster2/cyclops_soldier/walk.mss	0
metin2_patch_w20_sound/sound/common/spell/spell_magician3da_amageddon_cast.wav	sound/common/spell/spell_magician3da_amageddon_cast.wav	0
metin2_patch_w20_sound/sound/common/spell/spell_fighter2w_iron_heart_cast.wav	sound/common/spell/spell_fighter2w_iron_heart_cast.wav	0
metin2_patch_w20_sound/sound/monster2/triton_general/front_damage.mss	sound/monster2/triton_general/front_damage.mss	0
metin2_patch_w20_sound/sound/monster2/lemures_officer/front_dead.mss	sound/monster2/lemures_officer/front_dead.mss	0
metin2_patch_w20_sound/sound/common/spell/spell_fighter3cr_provoke.wav	sound/common/spell/spell_fighter3cr_provoke.wav	0
metin2_patch_w20_sound/sound/monster2/lemures_soldier2/run.mss	sound/monster2/lemures_soldier2/run.mss	0
metin2_patch_w20_sound/sound/common/spell/spell_magician2c_holy_cross.wav	sound/common/spell/spell_magician2c_holy_cross.wav	0
metin2_patch_w20_sound/sound/monster2/crustacean_soldier/front_damage.mss	sound/monster2/crustacean_soldier/front_damage.mss	0
metin2_patch_w20_sound/sound/monster2/manticore_soldier/normal_attack.mss	sound/monster2/manticore_soldier/normal_attack.mss	0
metin2_patch_w20_sound/sound/common/spell/spell_fighter3dr_dragon_blood_cast.wav	sound/common/spell/spell_fighter3dr_dragon_blood_cast.wav	0
metin2_patch_w20_sound/sound/monster2/triton_boss/back_damage1.mss	sound/monster2/triton_boss/back_damage1.mss	0
metin2_patch_w20_sound/sound/monster2/redthief2_boss/normal_attack.mss	sound/monster2/redthief2_boss/normal_attack.mss	0
metin2_patch_w20_sound/sound/monster2/crustacean_boss/front_damage.mss	sound/monster2/crustacean_boss/front_damage.mss	0
metin2_patch_w20_sound/sound/monster2/crustacean_officer/back_damage.mss	sound/monster2/crustacean_officer/back_damage.mss	0
metin2_patch_w20_sound/sound/monster2/ogre_boss/run.mss	sound/monster2/ogre_boss/run.mss	0
metin2_patch_w20_sound/sound/common/spell/spell_fighter3p_dash.wav	sound/common/spell/spell_fighter3p_dash.wav	0
metin2_patch_w20_sound/sound/monster2/ogre_bow/back_damage.mss	sound/monster2/ogre_bow/back_damage.mss	0
metin2_patch_w20_sound/sound/common/spell/spell_fighter3wa_final_attack.wav	sound/common/spell/spell_fighter3wa_final_attack.wav	0
metin2_patch_w20_sound/sound/monster2/crustacean_bow/front_damage.mss	sound/monster2/crustacean_bow/front_damage.mss	0
metin2_patch_w20_sound/sound/common/spell/spell_fighter_mighty_cast.wav	sound/common/spell/spell_fighter_mighty_cast.wav	0
metin2_patch_w20_sound/sound/common/voice/small_damage02.wav	sound/common/voice/small_damage02.wav	0
metin2_patch_w20_sound/sound/monster2/ogre_magic/normal_attack.mss	sound/monster2/ogre_magic/normal_attack.mss	0
metin2_patch_w20_sound/sound/monster2/manticore_general/front_dead.mss	sound/monster2/manticore_general/front_dead.mss	0
metin2_patch_w20_sound/sound/common/spell/spell_magician2c_cure_breath.wav	sound/common/spell/spell_magician2c_cure_breath.wav	0
metin2_patch_w20_sound/sound/monster2/redthief_boss2/walk.mss	sound/monster2/redthief_boss2/walk.mss	0
metin2_patch_w20_sound/sound/monster2/ogre_magic/front_dead.mss	sound/monster2/ogre_magic/front_dead.mss	0
metin2_patch_w20_sound/sound/monster2/lemures_boss2/front_knockdown.mss	sound/monster2/lemures_boss2/front_knockdown.mss	0
metin2_patch_w20_sound/sound/common/spell/spell_magician2c_holy_force.wav	sound/common/spell/spell_magician2c_holy_force.wav	0
metin2_patch_w20_sound/sound/monster2/crustacean_boss2/normal_attack.mss	sound/monster2/crustacean_boss2/normal_attack.mss	0
metin2_patch_w20_sound/sound/monster2/gnoll_boss2/normal_attack.mss	sound/monster2/gnoll_boss2/normal_attack.mss	0
metin2_patch_w20_sound/sound/common/spell/spell_magician2c_ice_bolt_cast.wav	sound/common/spell/spell_magician2c_ice_bolt_cast.wav	0
metin2_patch_w20_sound/sound/monster2/crustacean_boss/front_knockdown.mss	sound/monster2/crustacean_boss/front_knockdown.mss	0
metin2_patch_w20_sound/sound/common/voice/big_damage05.wav	sound/common/voice/big_damage05.wav	0
metin2_patch_w20_sound/sound/monster2/lemures_boss2/normal_attack1.mss	sound/monster2/lemures_boss2/normal_attack1.mss	0
metin2_patch_w20_sound/sound/monster2/gnoll_minotaur/front_dead.mss	sound/monster2/gnoll_minotaur/front_dead.mss	0
metin2_patch_w20_sound/sound/common/spell/spell_magician2c_ice_bolt_fire.wav	sound/common/spell/spell_magician2c_ice_bolt_fire.wav	0
metin2_patch_w20_sound/sound/common/spell/spell_newbie_power_shot_cast.wav	sound/common/spell/spell_newbie_power_shot_cast.wav	0
metin2_patch_w20_sound/sound/common/spell/spell_magician2w_heal.wav	sound/common/spell/spell_magician2w_heal.wav	0
metin2_patch_w20_sound/sound/monster2/redthief2_general/back_knockdown.mss	sound/monster2/redthief2_general/back_knockdown.mss	0
metin2_patch_w20_sound/sound/monster2/cyclops_soldier2/walk.mss	sound/monster2/cyclops_soldier2/walk.mss	0
metin2_patch_w20_sound/sound/monster2/giant_desert_turtle/dead_1.wav	sound/monster2/giant_desert_turtle/dead_1.wav	0
metin2_patch_w20_sound/sound/monster2/gnoll_minotaur/minotaur_attack.wav	sound/monster2/gnoll_minotaur/minotaur_attack.wav	0
metin2_patch_w20_sound/sound/common/spell/spell_magician3da_amageddon_fire.wav	sound/common/spell/spell_magician3da_amageddon_fire.wav	0
metin2_patch_w20_sound/sound/common/spell/spell_magician3da_dark_down.wav	sound/common/spell/spell_magician3da_dark_down.wav	0
metin2_patch_w20_sound/sound/common/spell/spell_magician3da_vital_suction.wav	sound/common/spell/spell_magician3da_vital_suction.wav	0
metin2_patch_w20_sound/sound/common/spell/spell_magician3or_ice_down.wav	sound/common/spell/spell_magician3or_ice_down.wav	0
metin2_patch_w20_sound/sound/monster2/giant_boss/walk.mss	sound/monster2/giant_boss/walk.mss	0
metin2_patch_w20_sound/sound/monster2/gnoll_commander/run.mss	sound/monster2/gnoll_commander/run.mss	0
metin2_patch_w20_sound/sound/common/spell/spell_magician3or_ice_floor.wav	sound/common/spell/spell_magician3or_ice_floor.wav	0
metin2_patch_w20_sound/sound/monster2/crustacean_boss2/run.mss	sound/monster2/crustacean_boss2/run.mss	0
metin2_patch_w20_sound/sound/common/spell/spell_magician3pr_holy_down.wav	sound/common/spell/spell_magician3pr_holy_down.wav	0
metin2_patch_w20_sound/sound/common/spell/spell_magician3pr_holy_down_2.wav	sound/common/spell/spell_magician3pr_holy_down_2.wav	0
metin2_patch_w20_sound/sound/monster2/redthief2_boss/run.mss	sound/monster2/redthief2_boss/run.mss	0
metin2_patch_w20_sound/sound/monster2/crustacean_general/front_damage.mss	sound/monster2/crustacean_general/front_damage.mss	0
metin2_patch_w20_sound/sound/common/spell/spell_magician3pr_holy_enegy.wav	sound/common/spell/spell_magician3pr_holy_enegy.wav	0
metin2_patch_w20_sound/sound/common/spell/spell_magician3_magic_storm.wav	sound/common/spell/spell_magician3_magic_storm.wav	0
metin2_patch_w20_sound/sound/monster2/giant_scorpion/35.mss	sound/monster2/giant_scorpion/35.mss	0
metin2_patch_w20_sound/sound/monster2/triton_magic/front_dead.mss	sound/monster2/triton_magic/front_dead.mss	0
metin2_patch_w20_sound/sound/monster2/cyclops_soldier/normal_attack.mss	sound/monster2/cyclops_soldier/normal_attack.mss	0
metin2_patch_w20_sound/sound/monster2/giant_general/front_dead.mss	sound/monster2/giant_general/front_dead.mss	0
metin2_patch_w20_sound/sound/common/spell/spell_magician_lighting_bolt.wav	sound/common/spell/spell_magician_lighting_bolt.wav	0
metin2_patch_w20_sound/sound/monster2/gnoll_mage/front_dead.mss	sound/monster2/gnoll_mage/front_dead.mss	0
metin2_patch_w20_sound/sound/monster2/redthief2_soldier2/normal_attack.mss	sound/monster2/redthief2_soldier2/normal_attack.mss	0
metin2_patch_w20_sound/sound/common/spell/spell_magician_mystery_power.wav	sound/common/spell/spell_magician_mystery_power.wav	0
metin2_patch_w20_sound/sound/monster2/cyclops_boss2/normal_attack1.mss	sound/monster2/cyclops_boss2/normal_attack1.mss	0
metin2_patch_w20_sound/sound/common/spell/spell_magician_mystery_power_2.wav	sound/common/spell/spell_magician_mystery_power_2.wav	0
metin2_patch_w20_sound/sound/common/spell/spell_power_magic_arrow_cast.wav	sound/common/spell/spell_power_magic_arrow_cast.wav	0
metin2_patch_w20_sound/sound/monster2/ogre_boss2/run.mss	sound/monster2/ogre_boss2/run.mss	0
metin2_patch_w20_sound/sound/monster2/gnoll_boss/special_attack.mss	sound/monster2/gnoll_boss/special_attack.mss	0
metin2_patch_w20_sound/sound/monster2/redthief2_general/normal_attack.mss	sound/monster2/redthief2_general/normal_attack.mss	0
metin2_patch_w20_sound/sound/common/spell/spell_power_magic_arrow_shot.wav	sound/common/spell/spell_power_magic_arrow_shot.wav	0
metin2_patch_w20_sound/sound/monster2/redthief_magic/walk.mss	sound/monster2/redthief_magic/walk.mss	0
metin2_patch_w20_sound/sound/monster2/crustacean_boss/normal_attack.mss	sound/monster2/crustacean_boss/normal_attack.mss	0
metin2_patch_w20_sound/sound/common/spell/spell_power_medicinal_crops4.wav	sound/common/spell/spell_power_medicinal_crops4.wav	0
metin2_patch_w20_sound/sound/common/spell/spell_power_shot.wav	sound/common/spell/spell_power_shot.wav	0
metin2_patch_w20_sound/sound/monster2/giant_desert_turtle/damage_1.wav	sound/monster2/giant_desert_turtle/damage_1.wav	0
metin2_patch_w20_sound/sound/monster2/redthief2_officer/normal_attack.mss	sound/monster2/redthief2_officer/normal_attack.mss	0
metin2_patch_w20_sound/sound/monster2/giant_soldier2/normal_attack.mss	sound/monster2/giant_soldier2/normal_attack.mss	0
metin2_patch_w20_sound/sound/monster2/triton_magic/front_knockdown.mss	sound/monster2/triton_magic/front_knockdown.mss	0
metin2_patch_w20_sound/sound/common/voice/big_attack01.wav	sound/common/voice/big_attack01.wav	0
metin2_patch_w20_sound/sound/common/voice/big_attack02.wav	sound/common/voice/big_attack02.wav	0
metin2_patch_w20_sound/sound/common/voice/big_attack03.wav	sound/common/voice/big_attack03.wav	0
metin2_patch_w20_sound/sound/monster2/giant_soldier/front_dead.mss	sound/monster2/giant_soldier/front_dead.mss	0
metin2_patch_w20_sound/sound/common/voice/big_attack04.wav	sound/common/voice/big_attack04.wav	0
metin2_patch_w20_sound/sound/common/voice/big_attack06.wav	sound/common/voice/big_attack06.wav	0
metin2_patch_w20_sound/sound/monster2/lemures_officer/back_knockdown.mss	sound/monster2/lemures_officer/back_knockdown.mss	0
metin2_patch_w20_sound/sound/common/voice/big_damage01.wav	sound/common/voice/big_damage01.wav	0
metin2_patch_w20_sound/sound/monster2/cyclops_boss2/special_attack1.mss	sound/monster2/cyclops_boss2/special_attack1.mss	0
metin2_patch_w20_sound/sound/monster2/gnoll_warrior/gnoll_warror_walk_left.wav	sound/monster2/gnoll_warrior/gnoll_warror_walk_left.wav	0
metin2_patch_w20_sound/sound/monster2/cyclops_boss/back_knockdown.mss	sound/monster2/cyclops_boss/back_knockdown.mss	0
metin2_patch_w20_sound/sound/common/voice/big_damage02.wav	sound/common/voice/big_damage02.wav	0
metin2_patch_w20_sound/sound/common/voice/big_damage04.wav	sound/common/voice/big_damage04.wav	0
metin2_patch_w20_sound/sound/monster2/crustacean_boss2/normal_attack1.mss	sound/monster2/crustacean_boss2/normal_attack1.mss	0
metin2_patch_w20_sound/sound/common/voice/big_die01.wav	sound/common/voice/big_die01.wav	0
metin2_patch_w20_sound/sound/monster2/gnoll_commander/back_dead.mss	sound/monster2/gnoll_commander/back_dead.mss	0
metin2_patch_w20_sound/sound/monster2/redthief2_soldier2/front_dead.mss	sound/monster2/redthief2_soldier2/front_dead.mss	0
metin2_patch_w20_sound/sound/monster2/cyclops_boss2/front_damage.mss	sound/monster2/cyclops_boss2/front_damage.mss	0
metin2_patch_w20_sound/sound/monster2/cyclops_soldier/front_knockdown.mss	sound/monster2/cyclops_soldier/front_knockdown.mss	0
metin2_patch_w20_sound/sound/monster2/manticore_officer/normal_attack1.mss	sound/monster2/manticore_officer/normal_attack1.mss	0
metin2_patch_w20_sound/sound/common/voice/big_die02.wav	sound/common/voice/big_die02.wav	0
metin2_patch_w20_sound/sound/monster2/gnoll_mage/gnoll_mage_attack.wav	sound/monster2/gnoll_mage/gnoll_mage_attack.wav	0
metin2_patch_w20_sound/sound/monster2/triton_boss/normal_attack1.mss	sound/monster2/triton_boss/normal_attack1.mss	0
metin2_patch_w20_sound/sound/monster2/lemures_magic/normal_attack1.mss	sound/monster2/lemures_magic/normal_attack1.mss	0
metin2_patch_w20_sound/sound/common/voice/big_die03.wav	sound/common/voice/big_die03.wav	0
metin2_patch_w20_sound/sound/monster2/crustacean_boss2/back_damage1.mss	sound/monster2/crustacean_boss2/back_damage1.mss	0
metin2_patch_w20_sound/sound/common/voice/big_die04.wav	sound/common/voice/big_die04.wav	0
metin2_patch_w20_sound/sound/common/voice/middle_die01.wav	sound/common/voice/middle_die01.wav	0
metin2_patch_w20_sound/sound/common/voice/big_wait01.wav	sound/common/voice/big_wait01.wav	0
metin2_patch_w20_sound/sound/monster2/giant_general/wait2.mss	sound/monster2/giant_general/wait2.mss	0
metin2_patch_w20_sound/sound/monster2/lemures_soldier/back_knockdown.mss	sound/monster2/lemures_soldier/back_knockdown.mss	0
metin2_patch_w20_sound/sound/common/voice/human_big_m_attack01.wav	sound/common/voice/human_big_m_attack01.wav	0
metin2_patch_w20_sound/sound/monster2/gnoll_general/normal_attack.mss	sound/monster2/gnoll_general/normal_attack.mss	0
metin2_patch_w20_sound/sound/monster2/cyclops_boss2/front_damage1.mss	sound/monster2/cyclops_boss2/front_damage1.mss	0
metin2_patch_w20_sound/sound/common/voice/human_big_m_damage01.wav	sound/common/voice/human_big_m_damage01.wav	0
metin2_patch_w20_sound/sound/monster2/cyclops_general/back_knockdown.mss	sound/monster2/cyclops_general/back_knockdown.mss	0
metin2_patch_w20_sound/sound/monster2/ogre_officer/front_knockdown.mss	sound/monster2/ogre_officer/front_knockdown.mss	0
metin2_patch_w20_sound/sound/common/voice/human_big_m_die01.wav	sound/common/voice/human_big_m_die01.wav	0
metin2_patch_w20_sound/sound/monster2/giant_magic/back_knockdown.mss	sound/monster2/giant_magic/back_knockdown.mss	0
metin2_patch_w20_sound/sound/monster2/lemures_boss/front_damage.mss	sound/monster2/lemures_boss/front_damage.mss	0
metin2_patch_w20_sound/sound/monster2/cyclops_general/wait1.mss	sound/monster2/cyclops_general/wait1.mss	0
metin2_patch_w20_sound/sound/monster2/triton_soldier/front_damage.mss	sound/monster2/triton_soldier/front_damage.mss	0
metin2_patch_w20_sound/sound/monster2/triton_officer/run.mss	sound/monster2/triton_officer/run.mss	0
metin2_patch_w20_sound/sound/common/voice/human_middle_m_attack01.wav	sound/common/voice/human_middle_m_attack01.wav	0
metin2_patch_w20_sound/sound/common/voice/human_middle_m_attack02.wav	sound/common/voice/human_middle_m_attack02.wav	0
metin2_patch_w20_sound/sound/common/voice/human_middle_m_attack03.wav	sound/common/voice/human_middle_m_attack03.wav	0
metin2_patch_w20_sound/sound/common/voice/middle_damage02.wav	sound/common/voice/middle_damage02.wav	0
metin2_patch_w20_sound/sound/monster2/giant_officer/front_knockdown.mss	sound/monster2/giant_officer/front_knockdown.mss	0
metin2_patch_w20_sound/sound/monster2/giant_desert_turtle/31.mss	sound/monster2/giant_desert_turtle/31.mss	0
metin2_patch_w20_sound/sound/monster2/crustacean_boss2/special_attack.mss	sound/monster2/crustacean_boss2/special_attack.mss	0
metin2_patch_w20_sound/sound/monster2/crustacean_bow/front_dead.mss	sound/monster2/crustacean_bow/front_dead.mss	0
metin2_patch_w20_sound/sound/monster2/redthief2_magic/back_damage.mss	sound/monster2/redthief2_magic/back_damage.mss	0
metin2_patch_w20_sound/sound/common/voice/human_middle_m_damage02.wav	sound/common/voice/human_middle_m_damage02.wav	0
metin2_patch_w20_sound/sound/common/voice/human_middle_m_die01.wav	sound/common/voice/human_middle_m_die01.wav	0
metin2_patch_w20_sound/sound/monster2/triton_soldier/run.mss	sound/monster2/triton_soldier/run.mss	0
metin2_patch_w20_sound/sound/common/voice/human_middle_m_die02.wav	sound/common/voice/human_middle_m_die02.wav	0
metin2_patch_w20_sound/sound/monster2/gnoll_soldier2/back_knockdown.mss	sound/monster2/gnoll_soldier2/back_knockdown.mss	0
metin2_patch_w20_sound/sound/common/voice/insect_attack01.wav	sound/common/voice/insect_attack01.wav	0
metin2_patch_w20_sound/sound/monster2/triton_magic/normal_attack.mss	sound/monster2/triton_magic/normal_attack.mss	0
metin2_patch_w20_sound/sound/monster2/crustacean_soldier/back_damage.mss	sound/monster2/crustacean_soldier/back_damage.mss	0
metin2_patch_w20_sound/sound/common/voice/insect_damage01.wav	sound/common/voice/insect_damage01.wav	0
metin2_patch_w20_sound/sound/common/voice/insect_die01.wav	sound/common/voice/insect_die01.wav	0
metin2_patch_w20_sound/sound/monster2/gnoll_boss/run.mss	sound/monster2/gnoll_boss/run.mss	0
metin2_patch_w20_sound/sound/monster2/triton_boss/normal_attack.mss	sound/monster2/triton_boss/normal_attack.mss	0
metin2_patch_w20_sound/sound/common/voice/middle_attack01.wav	sound/common/voice/middle_attack01.wav	0
metin2_patch_w20_sound/sound/monster2/redthief_bow/normal_attack1.mss	sound/monster2/redthief_bow/normal_attack1.mss	0
metin2_patch_w20_sound/sound/common/voice/middle_attack02.wav	sound/common/voice/middle_attack02.wav	0
metin2_patch_w20_sound/sound/monster2/cyclops_general/front_damage.mss	sound/monster2/cyclops_general/front_damage.mss	0
metin2_patch_w20_sound/sound/monster2/cyclops_magic/run.mss	sound/monster2/cyclops_magic/run.mss	0
metin2_patch_w20_sound/sound/monster2/gnoll_mage/gnoll_mage_damage.wav	sound/monster2/gnoll_mage/gnoll_mage_damage.wav	0
metin2_patch_w20_sound/sound/common/voice/middle_damage01.wav	sound/common/voice/middle_damage01.wav	0
metin2_patch_w20_sound/sound/monster2/giant_magic/front_knockdown.mss	sound/monster2/giant_magic/front_knockdown.mss	0
metin2_patch_w20_sound/sound/monster2/gnoll_boss2/back_knockdown.mss	sound/monster2/gnoll_boss2/back_knockdown.mss	0
metin2_patch_w20_sound/sound/monster2/gnoll_minotaur/minotaur_damage.wav	sound/monster2/gnoll_minotaur/minotaur_damage.wav	0
metin2_patch_w20_sound/sound/common/voice/middle_damage03.wav	sound/common/voice/middle_damage03.wav	0
metin2_patch_w20_sound/sound/monster2/crustacean_soldier2/front_knockdown.mss	sound/monster2/crustacean_soldier2/front_knockdown.mss	0
metin2_patch_w20_sound/sound/common/voice/middle_die02.wav	sound/common/voice/middle_die02.wav	0
metin2_patch_w20_sound/sound/monster2/giant_boss/back_damage1.mss	sound/monster2/giant_boss/back_damage1.mss	0
metin2_patch_w20_sound/sound/monster2/giant_general/back_knockdown.mss	sound/monster2/giant_general/back_knockdown.mss	0
metin2_patch_w20_sound/sound/monster2/triton_magic/back_damage.mss	sound/monster2/triton_magic/back_damage.mss	0
metin2_patch_w20_sound/sound/monster2/manticore_soldier2/front_dead.mss	sound/monster2/manticore_soldier2/front_dead.mss	0
metin2_patch_w20_sound/sound/common/voice/small_attack01.wav	sound/common/voice/small_attack01.wav	0
metin2_patch_w20_sound/sound/common/voice/small_attack02.wav	sound/common/voice/small_attack02.wav	0
metin2_patch_w20_sound/sound/monster2/crustacean_bow/walk.mss	sound/monster2/crustacean_bow/walk.mss	0
metin2_patch_w20_sound/sound/monster2/manticore_boss/walk.mss	sound/monster2/manticore_boss/walk.mss	0
metin2_patch_w20_sound/sound/monster2/gnoll_soldier/run.mss	sound/monster2/gnoll_soldier/run.mss	0
metin2_patch_w20_sound/sound/common/voice/small_attack03.wav	sound/common/voice/small_attack03.wav	0
metin2_patch_w20_sound/sound/common/voice/small_attack04.wav	sound/common/voice/small_attack04.wav	0
metin2_patch_w20_sound/sound/monster2/gnoll_boss/walk.mss	sound/monster2/gnoll_boss/walk.mss	0
metin2_patch_w20_sound/sound/monster2/manticore_officer/front_damage.mss	sound/monster2/manticore_officer/front_damage.mss	0
metin2_patch_w20_sound/sound/common/voice/small_attack05.wav	sound/common/voice/small_attack05.wav	0
metin2_patch_w20_sound/sound/common/voice/small_damage01.wav	sound/common/voice/small_damage01.wav	0
metin2_patch_w20_sound/sound/monster2/cyclops_soldier2/front_dead.mss	sound/monster2/cyclops_soldier2/front_dead.mss	0
metin2_patch_w20_sound/sound/monster2/triton_officer/back_knockdown.mss	sound/monster2/triton_officer/back_knockdown.mss	0
metin2_patch_w20_sound/sound/monster2/redthief2_general/normal_attack1.mss	sound/monster2/redthief2_general/normal_attack1.mss	0
metin2_patch_w20_sound/sound/common/voice/small_damage03.wav	sound/common/voice/small_damage03.wav	0
metin2_patch_w20_sound/sound/monster2/crustacean_officer/front_dead.mss	sound/monster2/crustacean_officer/front_dead.mss	0
metin2_patch_w20_sound/sound/monster2/gnoll_mage/gnoll_mage_die.wav	sound/monster2/gnoll_mage/gnoll_mage_die.wav	0
metin2_patch_w20_sound/sound/monster2/crustacean_boss/back_damage.mss	sound/monster2/crustacean_boss/back_damage.mss	0
metin2_patch_w20_sound/sound/common/voice/small_damage04.wav	sound/common/voice/small_damage04.wav	0
metin2_patch_w20_sound/sound/monster2/lemures_boss2/special_attack1.mss	sound/monster2/lemures_boss2/special_attack1.mss	0
metin2_patch_w20_sound/sound/common/voice/small_die01.wav	sound/common/voice/small_die01.wav	0
metin2_patch_w20_sound/sound/monster2/giant_boss2/special_attack1.mss	sound/monster2/giant_boss2/special_attack1.mss	0
metin2_patch_w20_sound/sound/common/voice/small_die02.wav	sound/common/voice/small_die02.wav	0
metin2_patch_w20_sound/sound/common/voice/small_die03.wav	sound/common/voice/small_die03.wav	0
metin2_patch_w20_sound/sound/common/walk/common_walk_heavy_left.wav	sound/common/walk/common_walk_heavy_left.wav	0
metin2_patch_w20_sound/sound/common/walk/common_walk_heavy_right.wav	sound/common/walk/common_walk_heavy_right.wav	0
metin2_patch_w20_sound/sound/common/walk/common_walk_light_left.wav	sound/common/walk/common_walk_light_left.wav	0
metin2_patch_w20_sound/sound/monster2/giant_scorpion/attack_act_1.wav	sound/monster2/giant_scorpion/attack_act_1.wav	0
metin2_patch_w20_sound/sound/monster2/gnoll_helhound/back_dead.mss	sound/monster2/gnoll_helhound/back_dead.mss	0
metin2_patch_w20_sound/sound/common/walk/common_walk_light_right.wav	sound/common/walk/common_walk_light_right.wav	0
metin2_patch_w20_sound/sound/monster2/redthief2_boss2/normal_attack1.mss	sound/monster2/redthief2_boss2/normal_attack1.mss	0
metin2_patch_w20_sound/sound/monster2/manticore_boss/front_knockdown.mss	sound/monster2/manticore_boss/front_knockdown.mss	0
metin2_patch_w20_sound/sound/common/walk/common_walk_middlet_left.wav	sound/common/walk/common_walk_middlet_left.wav	0
metin2_patch_w20_sound/sound/monster2/crustacean_boss/back_damage1.mss	sound/monster2/crustacean_boss/back_damage1.mss	0
metin2_patch_w20_sound/sound/monster2/crustacean_boss/back_knockdown.mss	sound/monster2/crustacean_boss/back_knockdown.mss	0
metin2_patch_w20_sound/sound/monster2/crustacean_boss/front_damage1.mss	sound/monster2/crustacean_boss/front_damage1.mss	0
metin2_patch_w20_sound/sound/monster2/gnoll_minotaur/back_damage00.mss	sound/monster2/gnoll_minotaur/back_damage00.mss	0
metin2_patch_w20_sound/sound/monster2/crustacean_boss/front_dead.mss	sound/monster2/crustacean_boss/front_dead.mss	0
metin2_patch_w20_sound/sound/monster2/giant_desert_turtle/skll_2_v.wav	sound/monster2/giant_desert_turtle/skll_2_v.wav	0
metin2_patch_w20_sound/sound/monster2/ogre_soldier/normal_attack.mss	sound/monster2/ogre_soldier/normal_attack.mss	0
metin2_patch_w20_sound/sound/monster2/crustacean_boss/run.mss	sound/monster2/crustacean_boss/run.mss	0
metin2_patch_w20_sound/sound/monster2/crustacean_boss/special_attack.mss	sound/monster2/crustacean_boss/special_attack.mss	0
metin2_patch_w20_sound/sound/monster2/crustacean_boss/walk.mss	sound/monster2/crustacean_boss/walk.mss	0
metin2_patch_w20_sound/sound/monster2/giant_desert_turtle/damage_act_1.wav	sound/monster2/giant_desert_turtle/damage_act_1.wav	0
metin2_patch_w20_sound/sound/monster2/gnoll_warrior/gnoll_warror_die.wav	sound/monster2/gnoll_warrior/gnoll_warror_die.wav	0
metin2_patch_w20_sound/sound/monster2/cyclops_soldier/front_dead.mss	sound/monster2/cyclops_soldier/front_dead.mss	0
metin2_patch_w20_sound/sound/monster2/lemures_boss2/front_dead.mss	sound/monster2/lemures_boss2/front_dead.mss	0
metin2_patch_w20_sound/sound/monster2/crustacean_soldier/normal_attack1.mss	sound/monster2/crustacean_soldier/normal_attack1.mss	0
metin2_patch_w20_sound/sound/monster2/crustacean_boss2/back_damage.mss	sound/monster2/crustacean_boss2/back_damage.mss	0
metin2_patch_w20_sound/sound/monster2/crustacean_boss2/back_knockdown.mss	sound/monster2/crustacean_boss2/back_knockdown.mss	0
metin2_patch_w20_sound/sound/monster2/crustacean_boss2/front_damage.mss	sound/monster2/crustacean_boss2/front_damage.mss	0
metin2_patch_w20_sound/sound/monster2/gnoll_mage/gnoll_mage_swish.wav	sound/monster2/gnoll_mage/gnoll_mage_swish.wav	0
metin2_patch_w20_sound/sound/monster2/lemures_boss2/front_damage.mss	sound/monster2/lemures_boss2/front_damage.mss	0
metin2_patch_w20_sound/sound/monster2/crustacean_boss2/front_damage1.mss	sound/monster2/crustacean_boss2/front_damage1.mss	0
metin2_patch_w20_sound/sound/monster2/cyclops_boss2/back_knockdown.mss	sound/monster2/cyclops_boss2/back_knockdown.mss	0
metin2_patch_w20_sound/sound/monster2/cyclops_boss/normal_attack.mss	sound/monster2/cyclops_boss/normal_attack.mss	0
metin2_patch_w20_sound/sound/monster2/crustacean_boss2/front_dead.mss	sound/monster2/crustacean_boss2/front_dead.mss	0
metin2_patch_w20_sound/sound/monster2/crustacean_boss2/front_knockdown.mss	sound/monster2/crustacean_boss2/front_knockdown.mss	0
metin2_patch_w20_sound/sound/monster2/crustacean_boss2/special_attack1.mss	sound/monster2/crustacean_boss2/special_attack1.mss	0
metin2_patch_w20_sound/sound/monster2/giant_desert_turtle/25.mss	sound/monster2/giant_desert_turtle/25.mss	0
metin2_patch_w20_sound/sound/monster2/crustacean_boss2/walk.mss	sound/monster2/crustacean_boss2/walk.mss	0
metin2_patch_w20_sound/sound/monster2/cyclops_soldier2/back_damage.mss	sound/monster2/cyclops_soldier2/back_damage.mss	0
metin2_patch_w20_sound/sound/monster2/ogre_soldier/walk.mss	sound/monster2/ogre_soldier/walk.mss	0
metin2_patch_w20_sound/sound/monster2/cyclops_boss/back_damage.mss	sound/monster2/cyclops_boss/back_damage.mss	0
metin2_patch_w20_sound/sound/monster2/ogre_bow/run.mss	sound/monster2/ogre_bow/run.mss	0
metin2_patch_w20_sound/sound/monster2/crustacean_bow/back_damage.mss	sound/monster2/crustacean_bow/back_damage.mss	0
metin2_patch_w20_sound/sound/monster2/crustacean_officer/back_knockdown.mss	sound/monster2/crustacean_officer/back_knockdown.mss	0
metin2_patch_w20_sound/sound/monster2/giant_scorpion/30.mss	sound/monster2/giant_scorpion/30.mss	0
metin2_patch_w20_sound/sound/monster2/giant_scorpion/damage_1.wav	sound/monster2/giant_scorpion/damage_1.wav	0
metin2_patch_w20_sound/sound/monster2/crustacean_bow/back_knockdown.mss	sound/monster2/crustacean_bow/back_knockdown.mss	0
metin2_patch_w20_sound/sound/monster2/redthief_general/normal_attack1.mss	sound/monster2/redthief_general/normal_attack1.mss	0
metin2_patch_w20_sound/sound/monster2/crustacean_bow/front_knockdown.mss	sound/monster2/crustacean_bow/front_knockdown.mss	0
metin2_patch_w20_sound/sound/monster2/crustacean_bow/normal_attack.mss	sound/monster2/crustacean_bow/normal_attack.mss	0
metin2_patch_w20_sound/sound/monster2/lemures_magic/back_knockdown.mss	sound/monster2/lemures_magic/back_knockdown.mss	0
metin2_patch_w20_sound/sound/monster2/crustacean_bow/normal_attack1.mss	sound/monster2/crustacean_bow/normal_attack1.mss	0
metin2_patch_w20_sound/sound/monster2/cyclops_officer/normal_attack.mss	sound/monster2/cyclops_officer/normal_attack.mss	0
metin2_patch_w20_sound/sound/monster2/manticore_boss/normal_attack1.mss	sound/monster2/manticore_boss/normal_attack1.mss	0
metin2_patch_w20_sound/sound/monster2/gnoll_warrior/back_knockdown.mss	sound/monster2/gnoll_warrior/back_knockdown.mss	0
metin2_patch_w20_sound/sound/monster2/gnoll_minotaur/front_damage00.mss	sound/monster2/gnoll_minotaur/front_damage00.mss	0
metin2_patch_w20_sound/sound/monster2/crustacean_bow/run.mss	sound/monster2/crustacean_bow/run.mss	0
metin2_patch_w20_sound/sound/monster2/ogre_soldier/normal_attack1.mss	sound/monster2/ogre_soldier/normal_attack1.mss	0
metin2_patch_w20_sound/sound/monster2/crustacean_general/back_knockdown.mss	sound/monster2/crustacean_general/back_knockdown.mss	0
metin2_patch_w20_sound/sound/monster2/gnoll_minotaur/back_damage01.mss	sound/monster2/gnoll_minotaur/back_damage01.mss	0
metin2_patch_w20_sound/sound/monster2/crustacean_general/front_dead.mss	sound/monster2/crustacean_general/front_dead.mss	0
metin2_patch_w20_sound/sound/monster2/cyclops_soldier/front_damage.mss	sound/monster2/cyclops_soldier/front_damage.mss	0
metin2_patch_w20_sound/sound/monster2/giant_officer/normal_attack1.mss	sound/monster2/giant_officer/normal_attack1.mss	0
metin2_patch_w20_sound/sound/monster2/gnoll_boss/front_damage1.mss	sound/monster2/gnoll_boss/front_damage1.mss	0
metin2_patch_w20_sound/sound/monster2/crustacean_general/front_knockdown.mss	sound/monster2/crustacean_general/front_knockdown.mss	0
metin2_patch_w20_sound/sound/monster2/ogre_general/front_dead.mss	sound/monster2/ogre_general/front_dead.mss	0
metin2_patch_w20_sound/sound/monster2/gnoll_soldier2/back_damage.mss	sound/monster2/gnoll_soldier2/back_damage.mss	0
metin2_patch_w20_sound/sound/monster2/crustacean_general/normal_attack.mss	sound/monster2/crustacean_general/normal_attack.mss	0
metin2_patch_w20_sound/sound/monster2/crustacean_general/run.mss	sound/monster2/crustacean_general/run.mss	0
metin2_patch_w20_sound/sound/monster2/giant_desert_turtle/fall_act_1.wav	sound/monster2/giant_desert_turtle/fall_act_1.wav	0
metin2_patch_w20_sound/sound/monster2/redthief_officer/back_knockdown.mss	sound/monster2/redthief_officer/back_knockdown.mss	0
metin2_patch_w20_sound/sound/monster2/redthief2_bow/back_damage.mss	sound/monster2/redthief2_bow/back_damage.mss	0
metin2_patch_w20_sound/sound/monster2/crustacean_general/walk.mss	sound/monster2/crustacean_general/walk.mss	0
metin2_patch_w20_sound/sound/monster2/giant_boss2/normal_attack1.mss	sound/monster2/giant_boss2/normal_attack1.mss	0
metin2_patch_w20_sound/sound/monster2/cyclops_boss2/normal_attack.mss	sound/monster2/cyclops_boss2/normal_attack.mss	0
metin2_patch_w20_sound/sound/monster2/crustacean_officer/front_damage.mss	sound/monster2/crustacean_officer/front_damage.mss	0
metin2_patch_w20_sound/sound/monster2/crustacean_officer/front_knockdown.mss	sound/monster2/crustacean_officer/front_knockdown.mss	0
metin2_patch_w20_sound/sound/monster2/giant_officer/front_damage.mss	sound/monster2/giant_officer/front_damage.mss	0
metin2_patch_w20_sound/sound/monster2/manticore_soldier2/normal_attack1.mss	sound/monster2/manticore_soldier2/normal_attack1.mss	0
metin2_patch_w20_sound/sound/monster2/giant_desert_turtle/32.mss	sound/monster2/giant_desert_turtle/32.mss	0
metin2_patch_w20_sound/sound/monster2/crustacean_officer/normal_attack.mss	sound/monster2/crustacean_officer/normal_attack.mss	0
metin2_patch_w20_sound/sound/monster2/triton_general/normal_attack.mss	sound/monster2/triton_general/normal_attack.mss	0
metin2_patch_w20_sound/sound/monster2/crustacean_officer/normal_attack1.mss	sound/monster2/crustacean_officer/normal_attack1.mss	0
metin2_patch_w20_sound/sound/monster2/crustacean_officer/walk.mss	sound/monster2/crustacean_officer/walk.mss	0
metin2_patch_w20_sound/sound/monster2/giant_desert_turtle/35.mss	sound/monster2/giant_desert_turtle/35.mss	0
metin2_patch_w20_sound/sound/monster2/gnoll_helhound/front_dead.mss	sound/monster2/gnoll_helhound/front_dead.mss	0
metin2_patch_w20_sound/sound/monster2/triton_officer/front_knockdown.mss	sound/monster2/triton_officer/front_knockdown.mss	0
metin2_patch_w20_sound/sound/monster2/crustacean_soldier/back_knockdown.mss	sound/monster2/crustacean_soldier/back_knockdown.mss	0
metin2_patch_w20_sound/sound/monster2/crustacean_soldier/front_dead.mss	sound/monster2/crustacean_soldier/front_dead.mss	0
metin2_patch_w20_sound/sound/monster2/giant_boss2/back_damage1.mss	sound/monster2/giant_boss2/back_damage1.mss	0
metin2_patch_w20_sound/sound/monster2/giant_soldier/normal_attack1.mss	sound/monster2/giant_soldier/normal_attack1.mss	0
metin2_patch_w20_sound/sound/monster2/giant_boss2/front_damage1.mss	sound/monster2/giant_boss2/front_damage1.mss	0
metin2_patch_w20_sound/sound/monster2/lemures_magic/front_damage.mss	sound/monster2/lemures_magic/front_damage.mss	0
metin2_patch_w20_sound/sound/monster2/crustacean_soldier/front_knockdown.mss	sound/monster2/crustacean_soldier/front_knockdown.mss	0
metin2_patch_w20_sound/sound/monster2/cyclops_boss/front_knockdown.mss	sound/monster2/cyclops_boss/front_knockdown.mss	0
metin2_patch_w20_sound/sound/monster2/crustacean_soldier/normal_attack.mss	sound/monster2/crustacean_soldier/normal_attack.mss	0
metin2_patch_w20_sound/sound/monster2/crustacean_soldier/run.mss	sound/monster2/crustacean_soldier/run.mss	0
metin2_patch_w20_sound/sound/monster2/crustacean_soldier/walk.mss	sound/monster2/crustacean_soldier/walk.mss	0
metin2_patch_w20_sound/sound/monster2/gnoll_magic/normal_attack.mss	sound/monster2/gnoll_magic/normal_attack.mss	0
metin2_patch_w20_sound/sound/monster2/manticore_officer/back_damage.mss	sound/monster2/manticore_officer/back_damage.mss	0
metin2_patch_w20_sound/sound/monster2/crustacean_soldier2/back_damage.mss	sound/monster2/crustacean_soldier2/back_damage.mss	0
metin2_patch_w20_sound/sound/monster2/lemures_soldier/front_dead.mss	sound/monster2/lemures_soldier/front_dead.mss	0
metin2_patch_w20_sound/sound/monster2/gnoll_bow/back_knockdown.mss	sound/monster2/gnoll_bow/back_knockdown.mss	0
metin2_patch_w20_sound/sound/monster2/triton_boss2/run.mss	sound/monster2/triton_boss2/run.mss	0
metin2_patch_w20_sound/sound/monster2/crustacean_soldier2/front_damage.mss	sound/monster2/crustacean_soldier2/front_damage.mss	0
metin2_patch_w20_sound/sound/monster2/cyclops_boss2/front_knockdown.mss	sound/monster2/cyclops_boss2/front_knockdown.mss	0
metin2_patch_w20_sound/sound/monster2/crustacean_soldier2/front_dead.mss	sound/monster2/crustacean_soldier2/front_dead.mss	0
metin2_patch_w20_sound/sound/monster2/crustacean_soldier2/normal_attack.mss	sound/monster2/crustacean_soldier2/normal_attack.mss	0
metin2_patch_w20_sound/sound/monster2/crustacean_soldier2/normal_attack1.mss	sound/monster2/crustacean_soldier2/normal_attack1.mss	0
metin2_patch_w20_sound/sound/monster2/gnoll_helhound/hellhound_attack.wav	sound/monster2/gnoll_helhound/hellhound_attack.wav	0
metin2_patch_w20_sound/sound/monster2/giant_scorpion/attack_1.wav	sound/monster2/giant_scorpion/attack_1.wav	0
metin2_patch_w20_sound/sound/monster2/crustacean_soldier2/run.mss	sound/monster2/crustacean_soldier2/run.mss	0
metin2_patch_w20_sound/sound/monster2/redthief2_boss/front_damage.mss	sound/monster2/redthief2_boss/front_damage.mss	0
metin2_patch_w20_sound/sound/monster2/giant_soldier/back_damage.mss	sound/monster2/giant_soldier/back_damage.mss	0
metin2_patch_w20_sound/sound/monster2/crustacean_soldier2/walk.mss	sound/monster2/crustacean_soldier2/walk.mss	0
metin2_patch_w20_sound/sound/monster2/cyclops_boss/back_damage1.mss	sound/monster2/cyclops_boss/back_damage1.mss	0
metin2_patch_w20_sound/sound/monster2/giant_boss2/normal_attack.mss	sound/monster2/giant_boss2/normal_attack.mss	0
metin2_patch_w20_sound/sound/monster2/redthief2_general/front_dead.mss	sound/monster2/redthief2_general/front_dead.mss	0
metin2_patch_w20_sound/sound/monster2/cyclops_boss/front_damage.mss	sound/monster2/cyclops_boss/front_damage.mss	0
metin2_patch_w20_sound/sound/monster2/cyclops_general/normal_attack1.mss	sound/monster2/cyclops_general/normal_attack1.mss	0
metin2_patch_w20_sound/sound/monster2/gnoll_boss2/front_dead.mss	sound/monster2/gnoll_boss2/front_dead.mss	0
metin2_patch_w20_sound/sound/monster2/cyclops_boss/front_damage1.mss	sound/monster2/cyclops_boss/front_damage1.mss	0
metin2_patch_w20_sound/sound/monster2/ogre_boss/front_damage.mss	sound/monster2/ogre_boss/front_damage.mss	0
metin2_patch_w20_sound/sound/monster2/cyclops_boss/front_dead.mss	sound/monster2/cyclops_boss/front_dead.mss	0
metin2_patch_w20_sound/sound/monster2/triton_general/back_knockdown.mss	sound/monster2/triton_general/back_knockdown.mss	0
metin2_patch_w20_sound/sound/monster2/cyclops_boss/normal_attack1.mss	sound/monster2/cyclops_boss/normal_attack1.mss	0
metin2_patch_w20_sound/sound/monster2/lemures_soldier2/front_dead.mss	sound/monster2/lemures_soldier2/front_dead.mss	0
metin2_patch_w20_sound/sound/monster2/cyclops_boss/run.mss	sound/monster2/cyclops_boss/run.mss	0
metin2_patch_w20_sound/sound/monster2/giant_magic/run.mss	sound/monster2/giant_magic/run.mss	0
metin2_patch_w20_sound/sound/monster2/gnoll_boss2/back_damage.mss	sound/monster2/gnoll_boss2/back_damage.mss	0
metin2_patch_w20_sound/sound/monster2/cyclops_boss2/back_damage.mss	sound/monster2/cyclops_boss2/back_damage.mss	0
metin2_patch_w20_sound/sound/monster2/cyclops_boss/special_attack.mss	sound/monster2/cyclops_boss/special_attack.mss	0
metin2_patch_w20_sound/sound/monster2/gnoll_bow/walk.mss	sound/monster2/gnoll_bow/walk.mss	0
metin2_patch_w20_sound/sound/monster2/cyclops_boss/walk.mss	sound/monster2/cyclops_boss/walk.mss	0
metin2_patch_w20_sound/sound/monster2/gnoll_boss2/normal_attack1.mss	sound/monster2/gnoll_boss2/normal_attack1.mss	0
metin2_patch_w20_sound/sound/monster2/cyclops_boss2/back_damage1.mss	sound/monster2/cyclops_boss2/back_damage1.mss	0
metin2_patch_w20_sound/sound/monster2/cyclops_boss2/front_dead.mss	sound/monster2/cyclops_boss2/front_dead.mss	0
metin2_patch_w20_sound/sound/monster2/cyclops_boss2/run.mss	sound/monster2/cyclops_boss2/run.mss	0
metin2_patch_w20_sound/sound/monster2/gnoll_helhound/back_damage01.mss	sound/monster2/gnoll_helhound/back_damage01.mss	0
metin2_patch_w20_sound/sound/monster2/redthief_general/back_damage.mss	sound/monster2/redthief_general/back_damage.mss	0
metin2_patch_w20_sound/sound/monster2/cyclops_boss2/special_attack.mss	sound/monster2/cyclops_boss2/special_attack.mss	0
metin2_patch_w20_sound/sound/monster2/cyclops_boss2/walk.mss	sound/monster2/cyclops_boss2/walk.mss	0
metin2_patch_w20_sound/sound/monster2/lemures_general/normal_attack.mss	sound/monster2/lemures_general/normal_attack.mss	0
metin2_patch_w20_sound/sound/monster2/gnoll_boss/back_damage1.mss	sound/monster2/gnoll_boss/back_damage1.mss	0
metin2_patch_w20_sound/sound/monster2/redthief_soldier2/front_dead.mss	sound/monster2/redthief_soldier2/front_dead.mss	0
metin2_patch_w20_sound/sound/monster2/cyclops_general/back_damage.mss	sound/monster2/cyclops_general/back_damage.mss	0
metin2_patch_w20_sound/sound/monster2/cyclops_officer/back_knockdown.mss	sound/monster2/cyclops_officer/back_knockdown.mss	0
metin2_patch_w20_sound/sound/monster2/cyclops_general/front_dead.mss	sound/monster2/cyclops_general/front_dead.mss	0
metin2_patch_w20_sound/sound/monster2/cyclops_general/walk.mss	sound/monster2/cyclops_general/walk.mss	0
metin2_patch_w20_sound/sound/monster2/giant_boss/front_damage.mss	sound/monster2/giant_boss/front_damage.mss	0
metin2_patch_w20_sound/sound/monster2/gnoll_boss2/front_knockdown.mss	sound/monster2/gnoll_boss2/front_knockdown.mss	0
metin2_patch_w20_sound/sound/monster2/cyclops_magic/back_damage.mss	sound/monster2/cyclops_magic/back_damage.mss	0
metin2_patch_w20_sound/sound/monster2/ogre_soldier/back_damage.mss	sound/monster2/ogre_soldier/back_damage.mss	0
metin2_patch_w20_sound/sound/monster2/cyclops_magic/back_knockdown.mss	sound/monster2/cyclops_magic/back_knockdown.mss	0
metin2_patch_w20_sound/sound/monster2/ogre_soldier/run.mss	sound/monster2/ogre_soldier/run.mss	0
metin2_patch_w20_sound/sound/monster2/cyclops_magic/front_damage.mss	sound/monster2/cyclops_magic/front_damage.mss	0
metin2_patch_w20_sound/sound/monster2/redthief2_magic/normal_attack1.mss	sound/monster2/redthief2_magic/normal_attack1.mss	0
metin2_patch_w20_sound/sound/monster2/giant_boss2/special_attack.mss	sound/monster2/giant_boss2/special_attack.mss	0
metin2_patch_w20_sound/sound/monster2/cyclops_magic/front_dead.mss	sound/monster2/cyclops_magic/front_dead.mss	0
metin2_patch_w20_sound/sound/monster2/cyclops_magic/front_knockdown.mss	sound/monster2/cyclops_magic/front_knockdown.mss	0
metin2_patch_w20_sound/sound/monster2/triton_officer/front_damage.mss	sound/monster2/triton_officer/front_damage.mss	0
metin2_patch_w20_sound/sound/monster2/cyclops_magic/normal_attack.mss	sound/monster2/cyclops_magic/normal_attack.mss	0
metin2_patch_w20_sound/sound/monster2/redthief2_soldier2/run.mss	sound/monster2/redthief2_soldier2/run.mss	0
metin2_patch_w20_sound/sound/monster2/cyclops_magic/normal_attack1.mss	sound/monster2/cyclops_magic/normal_attack1.mss	0
metin2_patch_w20_sound/sound/monster2/gnoll_minotaur/fall_heavy.wav	sound/monster2/gnoll_minotaur/fall_heavy.wav	0
metin2_patch_w20_sound/sound/monster2/cyclops_magic/walk.mss	sound/monster2/cyclops_magic/walk.mss	0
metin2_patch_w20_sound/sound/monster2/cyclops_officer/back_damage.mss	sound/monster2/cyclops_officer/back_damage.mss	0
metin2_patch_w20_sound/sound/monster2/redthief_boss2/back_damage1.mss	sound/monster2/redthief_boss2/back_damage1.mss	0
metin2_patch_w20_sound/sound/monster2/cyclops_officer/front_damage.mss	sound/monster2/cyclops_officer/front_damage.mss	0
metin2_patch_w20_sound/sound/monster2/cyclops_officer/front_dead.mss	sound/monster2/cyclops_officer/front_dead.mss	0
metin2_patch_w20_sound/sound/monster2/lemures_general/normal_attack1.mss	sound/monster2/lemures_general/normal_attack1.mss	0
metin2_patch_w20_sound/sound/monster2/cyclops_officer/front_knockdown.mss	sound/monster2/cyclops_officer/front_knockdown.mss	0
metin2_patch_w20_sound/sound/monster2/redthief2_magic/front_dead.mss	sound/monster2/redthief2_magic/front_dead.mss	0
metin2_patch_w20_sound/sound/monster2/cyclops_officer/normal_attack1.mss	sound/monster2/cyclops_officer/normal_attack1.mss	0
metin2_patch_w20_sound/sound/monster2/cyclops_officer/run.mss	sound/monster2/cyclops_officer/run.mss	0
metin2_patch_w20_sound/sound/monster2/lemures_magic/front_dead.mss	sound/monster2/lemures_magic/front_dead.mss	0
metin2_patch_w20_sound/sound/monster2/cyclops_officer/wait1.mss	sound/monster2/cyclops_officer/wait1.mss	0
metin2_patch_w20_sound/sound/monster2/gnoll_general/back_knockdown.mss	sound/monster2/gnoll_general/back_knockdown.mss	0
metin2_patch_w20_sound/sound/monster2/gnoll_magic/front_damage.mss	sound/monster2/gnoll_magic/front_damage.mss	0
metin2_patch_w20_sound/sound/monster2/cyclops_officer/walk.mss	sound/monster2/cyclops_officer/walk.mss	0
metin2_patch_w20_sound/sound/monster2/cyclops_soldier/back_damage.mss	sound/monster2/cyclops_soldier/back_damage.mss	0
metin2_patch_w20_sound/sound/monster2/redthief2_soldier2/back_damage.mss	sound/monster2/redthief2_soldier2/back_damage.mss	0
metin2_patch_w20_sound/sound/monster2/cyclops_soldier/normal_attack1.mss	sound/monster2/cyclops_soldier/normal_attack1.mss	0
metin2_patch_w20_sound/sound/monster2/cyclops_soldier2/back_knockdown.mss	sound/monster2/cyclops_soldier2/back_knockdown.mss	0
metin2_patch_w20_sound/sound/monster2/manticore_boss/normal_attack.mss	sound/monster2/manticore_boss/normal_attack.mss	0
metin2_patch_w20_sound/sound/monster2/cyclops_soldier2/front_damage.mss	sound/monster2/cyclops_soldier2/front_damage.mss	0
metin2_patch_w20_sound/sound/monster2/manticore_magic/normal_attack.mss	sound/monster2/manticore_magic/normal_attack.mss	0
metin2_patch_w20_sound/sound/monster2/cyclops_soldier2/front_knockdown.mss	sound/monster2/cyclops_soldier2/front_knockdown.mss	0
metin2_patch_w20_sound/sound/monster2/giant_soldier2/walk.mss	sound/monster2/giant_soldier2/walk.mss	0
metin2_patch_w20_sound/sound/monster2/cyclops_soldier2/normal_attack.mss	sound/monster2/cyclops_soldier2/normal_attack.mss	0
metin2_patch_w20_sound/sound/monster2/ogre_general/back_knockdown.mss	sound/monster2/ogre_general/back_knockdown.mss	0
metin2_patch_w20_sound/sound/monster2/cyclops_soldier2/normal_attack1.mss	sound/monster2/cyclops_soldier2/normal_attack1.mss	0
metin2_patch_w20_sound/sound/monster2/cyclops_soldier2/run.mss	sound/monster2/cyclops_soldier2/run.mss	0
metin2_patch_w20_sound/sound/monster2/gnoll_warrior/normal_attack01.mss	sound/monster2/gnoll_warrior/normal_attack01.mss	0
metin2_patch_w20_sound/sound/monster2/giant_boss/back_knockdown.mss	sound/monster2/giant_boss/back_knockdown.mss	0
metin2_patch_w20_sound/sound/monster2/redthief_boss/back_damage.mss	sound/monster2/redthief_boss/back_damage.mss	0
metin2_patch_w20_sound/sound/monster2/giant_boss/front_damage1.mss	sound/monster2/giant_boss/front_damage1.mss	0
metin2_patch_w20_sound/sound/monster2/giant_desert_turtle/run_1.wav	sound/monster2/giant_desert_turtle/run_1.wav	0
metin2_patch_w20_sound/sound/monster2/giant_scorpion/fall_act_1.wav	sound/monster2/giant_scorpion/fall_act_1.wav	0
metin2_patch_w20_sound/sound/monster2/giant_boss/front_dead.mss	sound/monster2/giant_boss/front_dead.mss	0
metin2_patch_w20_sound/sound/monster2/giant_boss/normal_attack.mss	sound/monster2/giant_boss/normal_attack.mss	0
metin2_patch_w20_sound/sound/monster2/redthief_magic/back_damage.mss	sound/monster2/redthief_magic/back_damage.mss	0
metin2_patch_w20_sound/sound/monster2/giant_boss/normal_attack1.mss	sound/monster2/giant_boss/normal_attack1.mss	0
metin2_patch_w20_sound/sound/monster2/giant_soldier/run.mss	sound/monster2/giant_soldier/run.mss	0
metin2_patch_w20_sound/sound/monster2/gnoll_mage/normal_attack01.mss	sound/monster2/gnoll_mage/normal_attack01.mss	0
metin2_patch_w20_sound/sound/monster2/giant_boss/special_attack.mss	sound/monster2/giant_boss/special_attack.mss	0
metin2_patch_w20_sound/sound/monster2/ogre_magic/normal_attack1.mss	sound/monster2/ogre_magic/normal_attack1.mss	0
metin2_patch_w20_sound/sound/monster2/giant_boss/wait2.mss	sound/monster2/giant_boss/wait2.mss	0
metin2_patch_w20_sound/sound/monster2/gnoll_minotaur/minotaur_die.wav	sound/monster2/gnoll_minotaur/minotaur_die.wav	0
metin2_patch_w20_sound/sound/monster2/giant_boss2/back_damage.mss	sound/monster2/giant_boss2/back_damage.mss	0
metin2_patch_w20_sound/sound/monster2/gnoll_mage/back_damage00.mss	sound/monster2/gnoll_mage/back_damage00.mss	0
metin2_patch_w20_sound/sound/monster2/giant_boss2/back_knockdown.mss	sound/monster2/giant_boss2/back_knockdown.mss	0
metin2_patch_w20_sound/sound/monster2/giant_scorpion/34_1.mss	sound/monster2/giant_scorpion/34_1.mss	0
metin2_patch_w20_sound/sound/monster2/giant_boss2/front_damage.mss	sound/monster2/giant_boss2/front_damage.mss	0
metin2_patch_w20_sound/sound/monster2/manticore_soldier/front_damage.mss	sound/monster2/manticore_soldier/front_damage.mss	0
metin2_patch_w20_sound/sound/monster2/giant_boss2/front_dead.mss	sound/monster2/giant_boss2/front_dead.mss	0
metin2_patch_w20_sound/sound/monster2/lemures_officer/front_knockdown.mss	sound/monster2/lemures_officer/front_knockdown.mss	0
metin2_patch_w20_sound/sound/monster2/giant_scorpion/fall_1.wav	sound/monster2/giant_scorpion/fall_1.wav	0
metin2_patch_w20_sound/sound/monster2/giant_soldier/normal_attack.mss	sound/monster2/giant_soldier/normal_attack.mss	0
metin2_patch_w20_sound/sound/monster2/giant_boss2/front_knockdown.mss	sound/monster2/giant_boss2/front_knockdown.mss	0
metin2_patch_w20_sound/sound/monster2/giant_desert_turtle/03.mss	sound/monster2/giant_desert_turtle/03.mss	0
metin2_patch_w20_sound/sound/monster2/ogre_bow/front_knockdown.mss	sound/monster2/ogre_bow/front_knockdown.mss	0
metin2_patch_w20_sound/sound/monster2/giant_desert_turtle/20.mss	sound/monster2/giant_desert_turtle/20.mss	0
metin2_patch_w20_sound/sound/monster2/lemures_officer/walk.mss	sound/monster2/lemures_officer/walk.mss	0
metin2_patch_w20_sound/sound/monster2/giant_desert_turtle/20_1.mss	sound/monster2/giant_desert_turtle/20_1.mss	0
metin2_patch_w20_sound/sound/monster2/giant_desert_turtle/24.mss	sound/monster2/giant_desert_turtle/24.mss	0
metin2_patch_w20_sound/sound/monster2/giant_desert_turtle/34.mss	sound/monster2/giant_desert_turtle/34.mss	0
metin2_patch_w20_sound/sound/monster2/gnoll_boss/normal_attack.mss	sound/monster2/gnoll_boss/normal_attack.mss	0
metin2_patch_w20_sound/sound/monster2/gnoll_general/front_damage.mss	sound/monster2/gnoll_general/front_damage.mss	0
metin2_patch_w20_sound/sound/monster2/gnoll_mage/front_knockdown.mss	sound/monster2/gnoll_mage/front_knockdown.mss	0
metin2_patch_w20_sound/sound/monster2/giant_desert_turtle/attack_1.wav	sound/monster2/giant_desert_turtle/attack_1.wav	0
metin2_patch_w20_sound/sound/monster2/gnoll_mage/back_damage01.mss	sound/monster2/gnoll_mage/back_damage01.mss	0
metin2_patch_w20_sound/sound/monster2/giant_desert_turtle/attack_act_1.wav	sound/monster2/giant_desert_turtle/attack_act_1.wav	0
metin2_patch_w20_sound/sound/monster2/giant_desert_turtle/drop_1.wav	sound/monster2/giant_desert_turtle/drop_1.wav	0
metin2_patch_w20_sound/sound/monster2/giant_desert_turtle/fall_1.wav	sound/monster2/giant_desert_turtle/fall_1.wav	0
metin2_patch_w20_sound/sound/monster2/giant_soldier2/normal_attack1.mss	sound/monster2/giant_soldier2/normal_attack1.mss	0
metin2_patch_w20_sound/sound/monster2/triton_soldier/front_knockdown.mss	sound/monster2/triton_soldier/front_knockdown.mss	0
metin2_patch_w20_sound/sound/monster2/lemures_boss2/back_damage.mss	sound/monster2/lemures_boss2/back_damage.mss	0
metin2_patch_w20_sound/sound/monster2/giant_desert_turtle/skill_1.wav	sound/monster2/giant_desert_turtle/skill_1.wav	0
metin2_patch_w20_sound/sound/monster2/giant_desert_turtle/skill_1_v.wav	sound/monster2/giant_desert_turtle/skill_1_v.wav	0
metin2_patch_w20_sound/sound/monster2/giant_desert_turtle/skill_2.wav	sound/monster2/giant_desert_turtle/skill_2.wav	0
metin2_patch_w20_sound/sound/monster2/gnoll_soldier2/front_dead.mss	sound/monster2/gnoll_soldier2/front_dead.mss	0
metin2_patch_w20_sound/sound/monster2/giant_general/front_damage.mss	sound/monster2/giant_general/front_damage.mss	0
metin2_patch_w20_sound/sound/monster2/giant_general/normal_attack.mss	sound/monster2/giant_general/normal_attack.mss	0
metin2_patch_w20_sound/sound/monster2/giant_general/normal_attack1.mss	sound/monster2/giant_general/normal_attack1.mss	0
metin2_patch_w20_sound/sound/monster2/giant_general/run.mss	sound/monster2/giant_general/run.mss	0
metin2_patch_w20_sound/sound/monster2/giant_general/walk.mss	sound/monster2/giant_general/walk.mss	0
metin2_patch_w20_sound/sound/monster2/manticore_magic/back_damage.mss	sound/monster2/manticore_magic/back_damage.mss	0
metin2_patch_w20_sound/sound/monster2/giant_magic/back_damage.mss	sound/monster2/giant_magic/back_damage.mss	0
metin2_patch_w20_sound/sound/monster2/lemures_soldier/front_knockdown.mss	sound/monster2/lemures_soldier/front_knockdown.mss	0
metin2_patch_w20_sound/sound/monster2/giant_magic/front_damage.mss	sound/monster2/giant_magic/front_damage.mss	0
metin2_patch_w20_sound/sound/monster2/giant_officer/front_dead.mss	sound/monster2/giant_officer/front_dead.mss	0
metin2_patch_w20_sound/sound/monster2/giant_magic/front_dead.mss	sound/monster2/giant_magic/front_dead.mss	0
metin2_patch_w20_sound/sound/monster2/redthief2_general/walk.mss	sound/monster2/redthief2_general/walk.mss	0
metin2_patch_w20_sound/sound/monster2/giant_magic/normal_attack.mss	sound/monster2/giant_magic/normal_attack.mss	0
metin2_patch_w20_sound/sound/monster2/triton_general/walk.mss	sound/monster2/triton_general/walk.mss	0
metin2_patch_w20_sound/sound/monster2/giant_magic/walk.mss	sound/monster2/giant_magic/walk.mss	0
metin2_patch_w20_sound/sound/monster2/ogre_general/front_damage.mss	sound/monster2/ogre_general/front_damage.mss	0
metin2_patch_w20_sound/sound/monster2/giant_officer/back_damage.mss	sound/monster2/giant_officer/back_damage.mss	0
metin2_patch_w20_sound/sound/monster2/giant_soldier2/front_dead.mss	sound/monster2/giant_soldier2/front_dead.mss	0
metin2_patch_w20_sound/sound/monster2/giant_officer/back_knockdown.mss	sound/monster2/giant_officer/back_knockdown.mss	0
metin2_patch_w20_sound/sound/monster2/redthief_bow/front_damage.mss	sound/monster2/redthief_bow/front_damage.mss	0
metin2_patch_w20_sound/sound/monster2/gnoll_soldier2/normal_attack1.mss	sound/monster2/gnoll_soldier2/normal_attack1.mss	0
metin2_patch_w20_sound/sound/monster2/gnoll_mage/normal_attack00.mss	sound/monster2/gnoll_mage/normal_attack00.mss	0
metin2_patch_w20_sound/sound/monster2/redthief_boss2/front_damage1.mss	sound/monster2/redthief_boss2/front_damage1.mss	0
metin2_patch_w20_sound/sound/monster2/giant_officer/normal_attack.mss	sound/monster2/giant_officer/normal_attack.mss	0
metin2_patch_w20_sound/sound/monster2/redthief_boss/front_damage.mss	sound/monster2/redthief_boss/front_damage.mss	0
metin2_patch_w20_sound/sound/monster2/redthief2_bow/normal_attack.mss	sound/monster2/redthief2_bow/normal_attack.mss	0
metin2_patch_w20_sound/sound/monster2/giant_officer/walk.mss	sound/monster2/giant_officer/walk.mss	0
metin2_patch_w20_sound/sound/monster2/giant_scorpion/03.mss	sound/monster2/giant_scorpion/03.mss	0
metin2_patch_w20_sound/sound/monster2/gnoll_minotaur/back_dead.mss	sound/monster2/gnoll_minotaur/back_dead.mss	0
metin2_patch_w20_sound/sound/monster2/giant_scorpion/20_1.mss	sound/monster2/giant_scorpion/20_1.mss	0
metin2_patch_w20_sound/sound/monster2/giant_scorpion/30_1.mss	sound/monster2/giant_scorpion/30_1.mss	0
metin2_patch_w20_sound/sound/monster2/ogre_boss2/special_attack.mss	sound/monster2/ogre_boss2/special_attack.mss	0
metin2_patch_w20_sound/sound/monster2/giant_scorpion/31.mss	sound/monster2/giant_scorpion/31.mss	0
metin2_patch_w20_sound/sound/monster2/giant_scorpion/31_1.mss	sound/monster2/giant_scorpion/31_1.mss	0
metin2_patch_w20_sound/sound/monster2/giant_scorpion/37.mss	sound/monster2/giant_scorpion/37.mss	0
metin2_patch_w20_sound/sound/monster2/manticore_officer/front_dead.mss	sound/monster2/manticore_officer/front_dead.mss	0
metin2_patch_w20_sound/sound/monster2/giant_scorpion/damage_act_1.wav	sound/monster2/giant_scorpion/damage_act_1.wav	0
metin2_patch_w20_sound/sound/monster2/giant_scorpion/dead_1.wav	sound/monster2/giant_scorpion/dead_1.wav	0
metin2_patch_w20_sound/sound/monster2/redthief2_bow/back_knockdown.mss	sound/monster2/redthief2_bow/back_knockdown.mss	0
metin2_patch_w20_sound/sound/monster2/giant_scorpion/walk_act_1.wav	sound/monster2/giant_scorpion/walk_act_1.wav	0
metin2_patch_w20_sound/sound/monster2/redthief_officer/front_knockdown.mss	sound/monster2/redthief_officer/front_knockdown.mss	0
metin2_patch_w20_sound/sound/monster2/giant_soldier/back_knockdown.mss	sound/monster2/giant_soldier/back_knockdown.mss	0
metin2_patch_w20_sound/sound/monster2/giant_soldier/front_damage.mss	sound/monster2/giant_soldier/front_damage.mss	0
metin2_patch_w20_sound/sound/monster2/gnoll_helhound/hellhound_walk.wav	sound/monster2/gnoll_helhound/hellhound_walk.wav	0
metin2_patch_w20_sound/sound/monster2/giant_soldier/front_knockdown.mss	sound/monster2/giant_soldier/front_knockdown.mss	0
metin2_patch_w20_sound/sound/monster2/giant_soldier/walk.mss	sound/monster2/giant_soldier/walk.mss	0
metin2_patch_w20_sound/sound/monster2/giant_soldier2/back_knockdown.mss	sound/monster2/giant_soldier2/back_knockdown.mss	0
metin2_patch_w20_sound/sound/monster2/giant_soldier2/run.mss	sound/monster2/giant_soldier2/run.mss	0
metin2_patch_w20_sound/sound/monster2/manticore_officer/walk.mss	sound/monster2/manticore_officer/walk.mss	0
metin2_patch_w20_sound/sound/monster2/gnoll_boss/back_damage.mss	sound/monster2/gnoll_boss/back_damage.mss	0
metin2_patch_w20_sound/sound/monster2/gnoll_boss2/front_damage.mss	sound/monster2/gnoll_boss2/front_damage.mss	0
metin2_patch_w20_sound/sound/monster2/gnoll_boss/back_knockdown.mss	sound/monster2/gnoll_boss/back_knockdown.mss	0
metin2_patch_w20_sound/sound/monster2/gnoll_boss/front_damage.mss	sound/monster2/gnoll_boss/front_damage.mss	0
metin2_patch_w20_sound/sound/monster2/gnoll_boss/front_dead.mss	sound/monster2/gnoll_boss/front_dead.mss	0
metin2_patch_w20_sound/sound/monster2/gnoll_magic/back_damage.mss	sound/monster2/gnoll_magic/back_damage.mss	0
metin2_patch_w20_sound/sound/monster2/ogre_magic/front_damage.mss	sound/monster2/ogre_magic/front_damage.mss	0
metin2_patch_w20_sound/sound/monster2/gnoll_boss/normal_attack1.mss	sound/monster2/gnoll_boss/normal_attack1.mss	0
metin2_patch_w20_sound/sound/monster2/ogre_boss2/back_knockdown.mss	sound/monster2/ogre_boss2/back_knockdown.mss	0
metin2_patch_w20_sound/sound/monster2/gnoll_boss/wait2.mss	sound/monster2/gnoll_boss/wait2.mss	0
metin2_patch_w20_sound/sound/monster2/gnoll_boss2/back_damage1.mss	sound/monster2/gnoll_boss2/back_damage1.mss	0
metin2_patch_w20_sound/sound/monster2/gnoll_boss2/front_damage1.mss	sound/monster2/gnoll_boss2/front_damage1.mss	0
metin2_patch_w20_sound/sound/monster2/lemures_magic/walk.mss	sound/monster2/lemures_magic/walk.mss	0
metin2_patch_w20_sound/sound/monster2/gnoll_boss2/run.mss	sound/monster2/gnoll_boss2/run.mss	0
metin2_patch_w20_sound/sound/monster2/gnoll_boss2/special_attack.mss	sound/monster2/gnoll_boss2/special_attack.mss	0
metin2_patch_w20_sound/sound/monster2/gnoll_boss2/special_attack1.mss	sound/monster2/gnoll_boss2/special_attack1.mss	0
metin2_patch_w20_sound/sound/monster2/gnoll_boss2/wait2.mss	sound/monster2/gnoll_boss2/wait2.mss	0
metin2_patch_w20_sound/sound/monster2/gnoll_boss2/walk.mss	sound/monster2/gnoll_boss2/walk.mss	0
metin2_patch_w20_sound/sound/monster2/redthief_officer/run.mss	sound/monster2/redthief_officer/run.mss	0
metin2_patch_w20_sound/sound/monster2/gnoll_minotaur/front_knockdown.mss	sound/monster2/gnoll_minotaur/front_knockdown.mss	0
metin2_patch_w20_sound/sound/monster2/gnoll_bow/back_damage.mss	sound/monster2/gnoll_bow/back_damage.mss	0
metin2_patch_w20_sound/sound/monster2/gnoll_bow/front_damage.mss	sound/monster2/gnoll_bow/front_damage.mss	0
metin2_patch_w20_sound/sound/monster2/ogre_officer/walk.mss	sound/monster2/ogre_officer/walk.mss	0
metin2_patch_w20_sound/sound/monster2/gnoll_bow/front_dead.mss	sound/monster2/gnoll_bow/front_dead.mss	0
metin2_patch_w20_sound/sound/monster2/triton_officer/front_dead.mss	sound/monster2/triton_officer/front_dead.mss	0
metin2_patch_w20_sound/sound/monster2/gnoll_bow/front_knockdown.mss	sound/monster2/gnoll_bow/front_knockdown.mss	0
metin2_patch_w20_sound/sound/monster2/triton_general/run.mss	sound/monster2/triton_general/run.mss	0
metin2_patch_w20_sound/sound/monster2/gnoll_bow/normal_attack.mss	sound/monster2/gnoll_bow/normal_attack.mss	0
metin2_patch_w20_sound/sound/monster2/triton_boss/special_attack.mss	sound/monster2/triton_boss/special_attack.mss	0
metin2_patch_w20_sound/sound/monster2/gnoll_bow/run.mss	sound/monster2/gnoll_bow/run.mss	0
metin2_patch_w20_sound/sound/monster2/gnoll_minotaur/normal_attack00.mss	sound/monster2/gnoll_minotaur/normal_attack00.mss	0
metin2_patch_w20_sound/sound/monster2/gnoll_commander/back_damage00.mss	sound/monster2/gnoll_commander/back_damage00.mss	0
metin2_patch_w20_sound/sound/monster2/gnoll_mage/back_dead.mss	sound/monster2/gnoll_mage/back_dead.mss	0
metin2_patch_w20_sound/sound/monster2/gnoll_commander/back_knockdown.mss	sound/monster2/gnoll_commander/back_knockdown.mss	0
metin2_patch_w20_sound/sound/monster2/gnoll_commander/front_damage01.mss	sound/monster2/gnoll_commander/front_damage01.mss	0
metin2_patch_w20_sound/sound/monster2/gnoll_commander/front_dead.mss	sound/monster2/gnoll_commander/front_dead.mss	0
metin2_patch_w20_sound/sound/monster2/lemures_soldier/front_damage.mss	sound/monster2/lemures_soldier/front_damage.mss	0
metin2_patch_w20_sound/sound/monster2/gnoll_commander/front_knockdown.mss	sound/monster2/gnoll_commander/front_knockdown.mss	0
metin2_patch_w20_sound/sound/monster2/manticore_boss2/front_knockdown.mss	sound/monster2/manticore_boss2/front_knockdown.mss	0
metin2_patch_w20_sound/sound/monster2/gnoll_commander/gnoll_commander_attack.wav	sound/monster2/gnoll_commander/gnoll_commander_attack.wav	0
metin2_patch_w20_sound/sound/monster2/redthief_soldier2/normal_attack1.mss	sound/monster2/redthief_soldier2/normal_attack1.mss	0
metin2_patch_w20_sound/sound/monster2/manticore_magic/run.mss	sound/monster2/manticore_magic/run.mss	0
metin2_patch_w20_sound/sound/monster2/gnoll_commander/gnoll_commander_attack_2.wav	sound/monster2/gnoll_commander/gnoll_commander_attack_2.wav	0
metin2_patch_w20_sound/sound/monster2/gnoll_commander/gnoll_commander_damage.wav	sound/monster2/gnoll_commander/gnoll_commander_damage.wav	0
metin2_patch_w20_sound/sound/monster2/redthief_officer/front_dead.mss	sound/monster2/redthief_officer/front_dead.mss	0
metin2_patch_w20_sound/sound/monster2/gnoll_commander/gnoll_commander_die.wav	sound/monster2/gnoll_commander/gnoll_commander_die.wav	0
metin2_patch_w20_sound/sound/monster2/redthief_boss2/front_damage.mss	sound/monster2/redthief_boss2/front_damage.mss	0
metin2_patch_w20_sound/sound/monster2/gnoll_commander/gnoll_commander_swish.wav	sound/monster2/gnoll_commander/gnoll_commander_swish.wav	0
metin2_patch_w20_sound/sound/monster2/gnoll_soldier/normal_attack1.mss	sound/monster2/gnoll_soldier/normal_attack1.mss	0
metin2_patch_w20_sound/sound/monster2/gnoll_soldier/back_knockdown.mss	sound/monster2/gnoll_soldier/back_knockdown.mss	0
metin2_patch_w20_sound/sound/monster2/gnoll_commander/normal_attack01.mss	sound/monster2/gnoll_commander/normal_attack01.mss	0
metin2_patch_w20_sound/sound/monster2/gnoll_general/back_damage.mss	sound/monster2/gnoll_general/back_damage.mss	0
metin2_patch_w20_sound/sound/monster2/gnoll_general/front_dead.mss	sound/monster2/gnoll_general/front_dead.mss	0
metin2_patch_w20_sound/sound/monster2/gnoll_general/front_knockdown.mss	sound/monster2/gnoll_general/front_knockdown.mss	0
metin2_patch_w20_sound/sound/monster2/gnoll_helhound/hellhound_dmg.wav	sound/monster2/gnoll_helhound/hellhound_dmg.wav	0
metin2_patch_w20_sound/sound/monster2/gnoll_general/run.mss	sound/monster2/gnoll_general/run.mss	0
metin2_patch_w20_sound/sound/monster2/gnoll_general/walk.mss	sound/monster2/gnoll_general/walk.mss	0
metin2_patch_w20_sound/sound/monster2/gnoll_helhound/back_damage00.mss	sound/monster2/gnoll_helhound/back_damage00.mss	0
metin2_patch_w20_sound/sound/monster2/gnoll_helhound/back_knockdown.mss	sound/monster2/gnoll_helhound/back_knockdown.mss	0
metin2_patch_w20_sound/sound/monster2/gnoll_helhound/front_damage00.mss	sound/monster2/gnoll_helhound/front_damage00.mss	0
metin2_patch_w20_sound/sound/monster2/redthief_boss2/normal_attack.mss	sound/monster2/redthief_boss2/normal_attack.mss	0
metin2_patch_w20_sound/sound/monster2/gnoll_helhound/front_damage01.mss	sound/monster2/gnoll_helhound/front_damage01.mss	0
metin2_patch_w20_sound/sound/monster2/manticore_boss2/special_attack.mss	sound/monster2/manticore_boss2/special_attack.mss	0
metin2_patch_w20_sound/sound/monster2/gnoll_helhound/front_knockdown.mss	sound/monster2/gnoll_helhound/front_knockdown.mss	0
metin2_patch_w20_sound/sound/monster2/gnoll_helhound/hellhound_die.wav	sound/monster2/gnoll_helhound/hellhound_die.wav	0
metin2_patch_w20_sound/sound/monster2/gnoll_helhound/hellhound_siwsh.wav	sound/monster2/gnoll_helhound/hellhound_siwsh.wav	0
metin2_patch_w20_sound/sound/monster2/triton_boss/front_damage.mss	sound/monster2/triton_boss/front_damage.mss	0
metin2_patch_w20_sound/sound/monster2/gnoll_helhound/normal_attack00.mss	sound/monster2/gnoll_helhound/normal_attack00.mss	0
metin2_patch_w20_sound/sound/monster2/gnoll_helhound/normal_attack01.mss	sound/monster2/gnoll_helhound/normal_attack01.mss	0
metin2_patch_w20_sound/sound/monster2/gnoll_helhound/run.mss	sound/monster2/gnoll_helhound/run.mss	0
metin2_patch_w20_sound/sound/monster2/gnoll_mage/back_knockdown.mss	sound/monster2/gnoll_mage/back_knockdown.mss	0
metin2_patch_w20_sound/sound/monster2/gnoll_mage/front_damage00.mss	sound/monster2/gnoll_mage/front_damage00.mss	0
metin2_patch_w20_sound/sound/monster2/lemures_general/front_dead.mss	sound/monster2/lemures_general/front_dead.mss	0
metin2_patch_w20_sound/sound/monster2/gnoll_mage/front_damage01.mss	sound/monster2/gnoll_mage/front_damage01.mss	0
metin2_patch_w20_sound/sound/monster2/gnoll_mage/run.mss	sound/monster2/gnoll_mage/run.mss	0
metin2_patch_w20_sound/sound/monster2/gnoll_magic/back_knockdown.mss	sound/monster2/gnoll_magic/back_knockdown.mss	0
metin2_patch_w20_sound/sound/monster2/gnoll_magic/front_knockdown.mss	sound/monster2/gnoll_magic/front_knockdown.mss	0
metin2_patch_w20_sound/sound/monster2/triton_boss2/walk.mss	sound/monster2/triton_boss2/walk.mss	0
metin2_patch_w20_sound/sound/monster2/gnoll_magic/normal_attack1.mss	sound/monster2/gnoll_magic/normal_attack1.mss	0
metin2_patch_w20_sound/sound/monster2/gnoll_magic/run.mss	sound/monster2/gnoll_magic/run.mss	0
metin2_patch_w20_sound/sound/monster2/gnoll_magic/walk.mss	sound/monster2/gnoll_magic/walk.mss	0
metin2_patch_w20_sound/sound/monster2/gnoll_minotaur/back_knockdown.mss	sound/monster2/gnoll_minotaur/back_knockdown.mss	0
metin2_patch_w20_sound/sound/monster2/gnoll_minotaur/common_walk_heavy_left.wav	sound/monster2/gnoll_minotaur/common_walk_heavy_left.wav	0
metin2_patch_w20_sound/sound/monster2/gnoll_minotaur/common_walk_heavy_right.wav	sound/monster2/gnoll_minotaur/common_walk_heavy_right.wav	0
metin2_patch_w20_sound/sound/monster2/ogre_general/normal_attack1.mss	sound/monster2/ogre_general/normal_attack1.mss	0
metin2_patch_w20_sound/sound/monster2/manticore_boss2/run.mss	sound/monster2/manticore_boss2/run.mss	0
metin2_patch_w20_sound/sound/monster2/gnoll_minotaur/front_damage01.mss	sound/monster2/gnoll_minotaur/front_damage01.mss	0
metin2_patch_w20_sound/sound/monster2/lemures_boss2/wait1.mss	sound/monster2/lemures_boss2/wait1.mss	0
metin2_patch_w20_sound/sound/monster2/gnoll_minotaur/minotaur_swish.wav	sound/monster2/gnoll_minotaur/minotaur_swish.wav	0
metin2_patch_w20_sound/sound/monster2/gnoll_warrior/back_dead.mss	sound/monster2/gnoll_warrior/back_dead.mss	0
metin2_patch_w20_sound/sound/monster2/gnoll_minotaur/normal_attack01.mss	sound/monster2/gnoll_minotaur/normal_attack01.mss	0
metin2_patch_w20_sound/sound/monster2/gnoll_minotaur/run.mss	sound/monster2/gnoll_minotaur/run.mss	0
metin2_patch_w20_sound/sound/monster2/lemures_magic/normal_attack.mss	sound/monster2/lemures_magic/normal_attack.mss	0
metin2_patch_w20_sound/sound/monster2/gnoll_minotaur/special_attack00.mss	sound/monster2/gnoll_minotaur/special_attack00.mss	0
metin2_patch_w20_sound/sound/monster2/gnoll_minotaur/special_attack01.mss	sound/monster2/gnoll_minotaur/special_attack01.mss	0
metin2_patch_w20_sound/sound/monster2/gnoll_soldier/back_damage.mss	sound/monster2/gnoll_soldier/back_damage.mss	0
metin2_patch_w20_sound/sound/monster2/redthief_bow/normal_attack.mss	sound/monster2/redthief_bow/normal_attack.mss	0
metin2_patch_w20_sound/sound/monster2/gnoll_soldier/front_damage.mss	sound/monster2/gnoll_soldier/front_damage.mss	0
metin2_patch_w20_sound/sound/monster2/gnoll_soldier/front_dead.mss	sound/monster2/gnoll_soldier/front_dead.mss	0
metin2_patch_w20_sound/sound/monster2/redthief_boss/front_knockdown.mss	sound/monster2/redthief_boss/front_knockdown.mss	0
metin2_patch_w20_sound/sound/monster2/lemures_general/run.mss	sound/monster2/lemures_general/run.mss	0
metin2_patch_w20_sound/sound/monster2/gnoll_soldier/front_knockdown.mss	sound/monster2/gnoll_soldier/front_knockdown.mss	0
metin2_patch_w20_sound/sound/monster2/ogre_boss/normal_attack1.mss	sound/monster2/ogre_boss/normal_attack1.mss	0
metin2_patch_w20_sound/sound/monster2/lemures_soldier/normal_attack1.mss	sound/monster2/lemures_soldier/normal_attack1.mss	0
metin2_patch_w20_sound/sound/monster2/gnoll_soldier2/normal_attack.mss	sound/monster2/gnoll_soldier2/normal_attack.mss	0
metin2_patch_w20_sound/sound/monster2/gnoll_soldier/normal_attack.mss	sound/monster2/gnoll_soldier/normal_attack.mss	0
metin2_patch_w20_sound/sound/monster2/gnoll_soldier/walk.mss	sound/monster2/gnoll_soldier/walk.mss	0
metin2_patch_w20_sound/sound/monster2/redthief2_officer/front_knockdown.mss	sound/monster2/redthief2_officer/front_knockdown.mss	0
metin2_patch_w20_sound/sound/monster2/gnoll_soldier2/front_damage.mss	sound/monster2/gnoll_soldier2/front_damage.mss	0
metin2_patch_w20_sound/sound/monster2/ogre_boss2/back_damage.mss	sound/monster2/ogre_boss2/back_damage.mss	0
metin2_patch_w20_sound/sound/monster2/gnoll_soldier2/front_knockdown.mss	sound/monster2/gnoll_soldier2/front_knockdown.mss	0
metin2_patch_w20_sound/sound/monster2/manticore_general/back_damage.mss	sound/monster2/manticore_general/back_damage.mss	0
metin2_patch_w20_sound/sound/monster2/gnoll_soldier2/run.mss	sound/monster2/gnoll_soldier2/run.mss	0
metin2_patch_w20_sound/sound/monster2/gnoll_soldier2/walk.mss	sound/monster2/gnoll_soldier2/walk.mss	0
metin2_patch_w20_sound/sound/monster2/triton_magic/walk.mss	sound/monster2/triton_magic/walk.mss	0
metin2_patch_w20_sound/sound/monster2/manticore_boss2/normal_attack.mss	sound/monster2/manticore_boss2/normal_attack.mss	0
metin2_patch_w20_sound/sound/monster2/gnoll_warrior/back_damage00.mss	sound/monster2/gnoll_warrior/back_damage00.mss	0
metin2_patch_w20_sound/sound/monster2/redthief2_general/run.mss	sound/monster2/redthief2_general/run.mss	0
metin2_patch_w20_sound/sound/monster2/gnoll_warrior/back_damage01.mss	sound/monster2/gnoll_warrior/back_damage01.mss	0
metin2_patch_w20_sound/sound/monster2/triton_boss/wait2.mss	sound/monster2/triton_boss/wait2.mss	0
metin2_patch_w20_sound/sound/monster2/gnoll_warrior/front_damage00.mss	sound/monster2/gnoll_warrior/front_damage00.mss	0
metin2_patch_w20_sound/sound/monster2/gnoll_warrior/front_damage01.mss	sound/monster2/gnoll_warrior/front_damage01.mss	0
metin2_patch_w20_sound/sound/monster2/manticore_soldier2/back_knockdown.mss	sound/monster2/manticore_soldier2/back_knockdown.mss	0
metin2_patch_w20_sound/sound/monster2/gnoll_warrior/front_dead.mss	sound/monster2/gnoll_warrior/front_dead.mss	0
metin2_patch_w20_sound/sound/monster2/gnoll_warrior/front_knockdown.mss	sound/monster2/gnoll_warrior/front_knockdown.mss	0
metin2_patch_w20_sound/sound/monster2/gnoll_warrior/gnoll_warror_attack.wav	sound/monster2/gnoll_warrior/gnoll_warror_attack.wav	0
metin2_patch_w20_sound/sound/monster2/redthief2_bow/front_damage.mss	sound/monster2/redthief2_bow/front_damage.mss	0
metin2_patch_w20_sound/sound/monster2/manticore_general/front_damage.mss	sound/monster2/manticore_general/front_damage.mss	0
metin2_patch_w20_sound/sound/monster2/gnoll_warrior/gnoll_warror_damage.wav	sound/monster2/gnoll_warrior/gnoll_warror_damage.wav	0
metin2_patch_w20_sound/sound/monster2/ogre_boss/front_dead.mss	sound/monster2/ogre_boss/front_dead.mss	0
metin2_patch_w20_sound/sound/monster2/gnoll_warrior/gnoll_warror_swish.wav	sound/monster2/gnoll_warrior/gnoll_warror_swish.wav	0
metin2_patch_w20_sound/sound/monster2/gnoll_warrior/gnoll_warror_walk_right.wav	sound/monster2/gnoll_warrior/gnoll_warror_walk_right.wav	0
metin2_patch_w20_sound/sound/monster2/gnoll_warrior/normal_attack00.mss	sound/monster2/gnoll_warrior/normal_attack00.mss	0
metin2_patch_w20_sound/sound/monster2/gnoll_warrior/run.mss	sound/monster2/gnoll_warrior/run.mss	0
metin2_patch_w20_sound/sound/monster2/lemures_boss/back_damage.mss	sound/monster2/lemures_boss/back_damage.mss	0
metin2_patch_w20_sound/sound/monster2/lemures_boss/back_damage1.mss	sound/monster2/lemures_boss/back_damage1.mss	0
metin2_patch_w20_sound/sound/monster2/lemures_boss/back_knockdown.mss	sound/monster2/lemures_boss/back_knockdown.mss	0
metin2_patch_w20_sound/sound/monster2/lemures_boss/front_damage1.mss	sound/monster2/lemures_boss/front_damage1.mss	0
metin2_patch_w20_sound/sound/monster2/lemures_officer/run.mss	sound/monster2/lemures_officer/run.mss	0
metin2_patch_w20_sound/sound/monster2/lemures_boss/front_knockdown.mss	sound/monster2/lemures_boss/front_knockdown.mss	0
metin2_patch_w20_sound/sound/monster2/lemures_boss/normal_attack.mss	sound/monster2/lemures_boss/normal_attack.mss	0
metin2_patch_w20_sound/sound/monster2/redthief_general/front_damage.mss	sound/monster2/redthief_general/front_damage.mss	0
metin2_patch_w20_sound/sound/monster2/lemures_boss/normal_attack1.mss	sound/monster2/lemures_boss/normal_attack1.mss	0
metin2_patch_w20_sound/sound/monster2/lemures_boss/run.mss	sound/monster2/lemures_boss/run.mss	0
metin2_patch_w20_sound/sound/monster2/redthief2_officer/back_knockdown.mss	sound/monster2/redthief2_officer/back_knockdown.mss	0
metin2_patch_w20_sound/sound/monster2/lemures_boss/special_attack.mss	sound/monster2/lemures_boss/special_attack.mss	0
metin2_patch_w20_sound/sound/monster2/manticore_boss/back_knockdown.mss	sound/monster2/manticore_boss/back_knockdown.mss	0
metin2_patch_w20_sound/sound/monster2/lemures_boss/walk.mss	sound/monster2/lemures_boss/walk.mss	0
metin2_patch_w20_sound/sound/monster2/lemures_boss2/back_damage1.mss	sound/monster2/lemures_boss2/back_damage1.mss	0
metin2_patch_w20_sound/sound/monster2/lemures_boss2/front_damage1.mss	sound/monster2/lemures_boss2/front_damage1.mss	0
metin2_patch_w20_sound/sound/monster2/triton_boss2/front_damage1.mss	sound/monster2/triton_boss2/front_damage1.mss	0
metin2_patch_w20_sound/sound/monster2/lemures_boss2/normal_attack.mss	sound/monster2/lemures_boss2/normal_attack.mss	0
metin2_patch_w20_sound/sound/monster2/lemures_boss2/run.mss	sound/monster2/lemures_boss2/run.mss	0
metin2_patch_w20_sound/sound/monster2/lemures_boss2/special_attack.mss	sound/monster2/lemures_boss2/special_attack.mss	0
metin2_patch_w20_sound/sound/monster2/triton_magic/back_knockdown.mss	sound/monster2/triton_magic/back_knockdown.mss	0
metin2_patch_w20_sound/sound/monster2/lemures_boss2/walk.mss	sound/monster2/lemures_boss2/walk.mss	0
metin2_patch_w20_sound/sound/monster2/lemures_general/back_knockdown.mss	sound/monster2/lemures_general/back_knockdown.mss	0
metin2_patch_w20_sound/sound/monster2/lemures_general/front_damage.mss	sound/monster2/lemures_general/front_damage.mss	0
metin2_patch_w20_sound/sound/monster2/redthief_boss/front_damage1.mss	sound/monster2/redthief_boss/front_damage1.mss	0
metin2_patch_w20_sound/sound/monster2/lemures_general/walk.mss	sound/monster2/lemures_general/walk.mss	0
metin2_patch_w20_sound/sound/monster2/triton_boss2/back_damage1.mss	sound/monster2/triton_boss2/back_damage1.mss	0
metin2_patch_w20_sound/sound/monster2/lemures_magic/back_damage.mss	sound/monster2/lemures_magic/back_damage.mss	0
metin2_patch_w20_sound/sound/monster2/lemures_magic/front_knockdown.mss	sound/monster2/lemures_magic/front_knockdown.mss	0
metin2_patch_w20_sound/sound/monster2/redthief_officer/front_damage.mss	sound/monster2/redthief_officer/front_damage.mss	0
metin2_patch_w20_sound/sound/monster2/redthief_bow/back_knockdown.mss	sound/monster2/redthief_bow/back_knockdown.mss	0
metin2_patch_w20_sound/sound/monster2/lemures_magic/run.mss	sound/monster2/lemures_magic/run.mss	0
metin2_patch_w20_sound/sound/monster2/manticore_officer/back_knockdown.mss	sound/monster2/manticore_officer/back_knockdown.mss	0
metin2_patch_w20_sound/sound/monster2/lemures_officer/back_damage.mss	sound/monster2/lemures_officer/back_damage.mss	0
metin2_patch_w20_sound/sound/monster2/lemures_officer/normal_attack.mss	sound/monster2/lemures_officer/normal_attack.mss	0
metin2_patch_w20_sound/sound/monster2/ogre_officer/normal_attack1.mss	sound/monster2/ogre_officer/normal_attack1.mss	0
metin2_patch_w20_sound/sound/monster2/lemures_officer/normal_attack1.mss	sound/monster2/lemures_officer/normal_attack1.mss	0
metin2_patch_w20_sound/sound/monster2/lemures_soldier/back_damage.mss	sound/monster2/lemures_soldier/back_damage.mss	0
metin2_patch_w20_sound/sound/monster2/redthief2_soldier2/walk.mss	sound/monster2/redthief2_soldier2/walk.mss	0
metin2_patch_w20_sound/sound/monster2/lemures_soldier/normal_attack.mss	sound/monster2/lemures_soldier/normal_attack.mss	0
metin2_patch_w20_sound/sound/monster2/lemures_soldier/run.mss	sound/monster2/lemures_soldier/run.mss	0
metin2_patch_w20_sound/sound/monster2/lemures_soldier/walk.mss	sound/monster2/lemures_soldier/walk.mss	0
metin2_patch_w20_sound/sound/monster2/triton_general/front_knockdown.mss	sound/monster2/triton_general/front_knockdown.mss	0
metin2_patch_w20_sound/sound/monster2/lemures_soldier2/back_damage.mss	sound/monster2/lemures_soldier2/back_damage.mss	0
metin2_patch_w20_sound/sound/monster2/lemures_soldier2/back_knockdown.mss	sound/monster2/lemures_soldier2/back_knockdown.mss	0
metin2_patch_w20_sound/sound/monster2/redthief_boss2/normal_attack1.mss	sound/monster2/redthief_boss2/normal_attack1.mss	0
metin2_patch_w20_sound/sound/monster2/redthief2_magic/normal_attack.mss	sound/monster2/redthief2_magic/normal_attack.mss	0
metin2_patch_w20_sound/sound/monster2/lemures_soldier2/front_damage.mss	sound/monster2/lemures_soldier2/front_damage.mss	0
metin2_patch_w20_sound/sound/monster2/lemures_soldier2/front_knockdown.mss	sound/monster2/lemures_soldier2/front_knockdown.mss	0
metin2_patch_w20_sound/sound/monster2/lemures_soldier2/normal_attack.mss	sound/monster2/lemures_soldier2/normal_attack.mss	0
metin2_patch_w20_sound/sound/monster2/ogre_boss2/back_damage1.mss	sound/monster2/ogre_boss2/back_damage1.mss	0
metin2_patch_w20_sound/sound/monster2/lemures_soldier2/normal_attack1.mss	sound/monster2/lemures_soldier2/normal_attack1.mss	0
metin2_patch_w20_sound/sound/monster2/manticore_boss/back_damage.mss	sound/monster2/manticore_boss/back_damage.mss	0
metin2_patch_w20_sound/sound/monster2/manticore_boss/back_damage1.mss	sound/monster2/manticore_boss/back_damage1.mss	0
metin2_patch_w20_sound/sound/monster2/manticore_boss/front_damage.mss	sound/monster2/manticore_boss/front_damage.mss	0
metin2_patch_w20_sound/sound/monster2/manticore_boss/front_damage1.mss	sound/monster2/manticore_boss/front_damage1.mss	0
metin2_patch_w20_sound/sound/monster2/redthief_soldier2/run.mss	sound/monster2/redthief_soldier2/run.mss	0
metin2_patch_w20_sound/sound/monster2/manticore_boss/front_dead.mss	sound/monster2/manticore_boss/front_dead.mss	0
metin2_patch_w20_sound/sound/monster2/triton_boss/back_damage.mss	sound/monster2/triton_boss/back_damage.mss	0
metin2_patch_w20_sound/sound/monster2/manticore_boss/run.mss	sound/monster2/manticore_boss/run.mss	0
metin2_patch_w20_sound/sound/monster2/triton_soldier2/back_damage.mss	sound/monster2/triton_soldier2/back_damage.mss	0
metin2_patch_w20_sound/sound/monster2/manticore_boss/special_attack.mss	sound/monster2/manticore_boss/special_attack.mss	0
metin2_patch_w20_sound/sound/monster2/manticore_boss/wait1.mss	sound/monster2/manticore_boss/wait1.mss	0
metin2_patch_w20_sound/sound/monster2/manticore_boss2/back_damage.mss	sound/monster2/manticore_boss2/back_damage.mss	0
metin2_patch_w20_sound/sound/monster2/manticore_boss2/back_damage1.mss	sound/monster2/manticore_boss2/back_damage1.mss	0
metin2_patch_w20_sound/sound/monster2/manticore_boss2/back_knockdown.mss	sound/monster2/manticore_boss2/back_knockdown.mss	0
metin2_patch_w20_sound/sound/monster2/triton_soldier2/run.mss	sound/monster2/triton_soldier2/run.mss	0
metin2_patch_w20_sound/sound/monster2/manticore_boss2/front_damage.mss	sound/monster2/manticore_boss2/front_damage.mss	0
metin2_patch_w20_sound/sound/monster2/manticore_boss2/front_damage1.mss	sound/monster2/manticore_boss2/front_damage1.mss	0
metin2_patch_w20_sound/sound/monster2/manticore_boss2/normal_attack1.mss	sound/monster2/manticore_boss2/normal_attack1.mss	0
metin2_patch_w20_sound/sound/monster2/triton_officer/normal_attack.mss	sound/monster2/triton_officer/normal_attack.mss	0
metin2_patch_w20_sound/sound/monster2/manticore_boss2/special_attack1.mss	sound/monster2/manticore_boss2/special_attack1.mss	0
metin2_patch_w20_sound/sound/monster2/ogre_boss/back_damage.mss	sound/monster2/ogre_boss/back_damage.mss	0
metin2_patch_w20_sound/sound/monster2/manticore_boss2/wait3.mss	sound/monster2/manticore_boss2/wait3.mss	0
metin2_patch_w20_sound/sound/monster2/manticore_boss2/walk.mss	sound/monster2/manticore_boss2/walk.mss	0
metin2_patch_w20_sound/sound/monster2/manticore_general/back_knockdown.mss	sound/monster2/manticore_general/back_knockdown.mss	0
metin2_patch_w20_sound/sound/monster2/manticore_general/front_knockdown.mss	sound/monster2/manticore_general/front_knockdown.mss	0
metin2_patch_w20_sound/sound/monster2/manticore_general/normal_attack1.mss	sound/monster2/manticore_general/normal_attack1.mss	0
metin2_patch_w20_sound/sound/monster2/manticore_general/run.mss	sound/monster2/manticore_general/run.mss	0
metin2_patch_w20_sound/sound/monster2/redthief_boss/walk.mss	sound/monster2/redthief_boss/walk.mss	0
metin2_patch_w20_sound/sound/monster2/ogre_boss/front_knockdown.mss	sound/monster2/ogre_boss/front_knockdown.mss	0
metin2_patch_w20_sound/sound/monster2/manticore_general/wait2.mss	sound/monster2/manticore_general/wait2.mss	0
metin2_patch_w20_sound/sound/monster2/manticore_magic/front_damage.mss	sound/monster2/manticore_magic/front_damage.mss	0
metin2_patch_w20_sound/sound/monster2/manticore_magic/front_dead.mss	sound/monster2/manticore_magic/front_dead.mss	0
metin2_patch_w20_sound/sound/monster2/manticore_magic/front_knockdown.mss	sound/monster2/manticore_magic/front_knockdown.mss	0
metin2_patch_w20_sound/sound/monster2/manticore_magic/normal_attack1.mss	sound/monster2/manticore_magic/normal_attack1.mss	0
metin2_patch_w20_sound/sound/monster2/manticore_magic/walk.mss	sound/monster2/manticore_magic/walk.mss	0
metin2_patch_w20_sound/sound/monster2/manticore_officer/front_knockdown.mss	sound/monster2/manticore_officer/front_knockdown.mss	0
metin2_patch_w20_sound/sound/monster2/ogre_boss2/walk.mss	sound/monster2/ogre_boss2/walk.mss	0
metin2_patch_w20_sound/sound/monster2/manticore_officer/normal_attack.mss	sound/monster2/manticore_officer/normal_attack.mss	0
metin2_patch_w20_sound/sound/monster2/ogre_boss2/front_damage.mss	sound/monster2/ogre_boss2/front_damage.mss	0
metin2_patch_w20_sound/sound/monster2/manticore_officer/run.mss	sound/monster2/manticore_officer/run.mss	0
metin2_patch_w20_sound/sound/monster2/manticore_soldier/back_damage.mss	sound/monster2/manticore_soldier/back_damage.mss	0
metin2_patch_w20_sound/sound/monster2/manticore_soldier/back_knockdown.mss	sound/monster2/manticore_soldier/back_knockdown.mss	0
metin2_patch_w20_sound/sound/monster2/manticore_soldier/front_dead.mss	sound/monster2/manticore_soldier/front_dead.mss	0
metin2_patch_w20_sound/sound/monster2/manticore_soldier/normal_attack1.mss	sound/monster2/manticore_soldier/normal_attack1.mss	0
metin2_patch_w20_sound/sound/monster2/manticore_soldier/run.mss	sound/monster2/manticore_soldier/run.mss	0
metin2_patch_w20_sound/sound/monster2/manticore_soldier/walk.mss	sound/monster2/manticore_soldier/walk.mss	0
metin2_patch_w20_sound/sound/monster2/manticore_soldier2/back_damage.mss	sound/monster2/manticore_soldier2/back_damage.mss	0
metin2_patch_w20_sound/sound/monster2/manticore_soldier2/front_damage.mss	sound/monster2/manticore_soldier2/front_damage.mss	0
metin2_patch_w20_sound/sound/monster2/manticore_soldier2/front_knockdown.mss	sound/monster2/manticore_soldier2/front_knockdown.mss	0
metin2_patch_w20_sound/sound/monster2/manticore_soldier2/normal_attack.mss	sound/monster2/manticore_soldier2/normal_attack.mss	0
metin2_patch_w20_sound/sound/monster2/redthief2_boss/front_dead.mss	sound/monster2/redthief2_boss/front_dead.mss	0
metin2_patch_w20_sound/sound/monster2/manticore_soldier2/run.mss	sound/monster2/manticore_soldier2/run.mss	0
metin2_patch_w20_sound/sound/monster2/ogre_boss/back_damage1.mss	sound/monster2/ogre_boss/back_damage1.mss	0
metin2_patch_w20_sound/sound/monster2/triton_soldier/front_dead.mss	sound/monster2/triton_soldier/front_dead.mss	0
metin2_patch_w20_sound/sound/monster2/redthief_general/normal_attack.mss	sound/monster2/redthief_general/normal_attack.mss	0
metin2_patch_w20_sound/sound/monster2/ogre_boss/back_knockdown.mss	sound/monster2/ogre_boss/back_knockdown.mss	0
metin2_patch_w20_sound/sound/monster2/redthief2_magic/front_knockdown.mss	sound/monster2/redthief2_magic/front_knockdown.mss	0
metin2_patch_w20_sound/sound/monster2/ogre_boss/front_damage1.mss	sound/monster2/ogre_boss/front_damage1.mss	0
metin2_patch_w20_sound/sound/monster2/ogre_boss/special_attack.mss	sound/monster2/ogre_boss/special_attack.mss	0
metin2_patch_w20_sound/sound/monster2/ogre_boss/walk.mss	sound/monster2/ogre_boss/walk.mss	0
metin2_patch_w20_sound/sound/monster2/ogre_boss2/front_damage1.mss	sound/monster2/ogre_boss2/front_damage1.mss	0
metin2_patch_w20_sound/sound/monster2/triton_general/front_dead.mss	sound/monster2/triton_general/front_dead.mss	0
metin2_patch_w20_sound/sound/monster2/ogre_boss2/front_knockdown.mss	sound/monster2/ogre_boss2/front_knockdown.mss	0
metin2_patch_w20_sound/sound/monster2/redthief_boss2/run.mss	sound/monster2/redthief_boss2/run.mss	0
metin2_patch_w20_sound/sound/monster2/ogre_boss2/normal_attack.mss	sound/monster2/ogre_boss2/normal_attack.mss	0
metin2_patch_w20_sound/sound/monster2/triton_magic/run.mss	sound/monster2/triton_magic/run.mss	0
metin2_patch_w20_sound/sound/monster2/ogre_boss2/normal_attack1.mss	sound/monster2/ogre_boss2/normal_attack1.mss	0
metin2_patch_w20_sound/sound/monster2/redthief2_boss2/front_damage.mss	sound/monster2/redthief2_boss2/front_damage.mss	0
metin2_patch_w20_sound/sound/monster2/ogre_boss2/special_attack1.mss	sound/monster2/ogre_boss2/special_attack1.mss	0
metin2_patch_w20_sound/sound/monster2/ogre_bow/back_knockdown.mss	sound/monster2/ogre_bow/back_knockdown.mss	0
metin2_patch_w20_sound/sound/monster2/ogre_bow/front_damage.mss	sound/monster2/ogre_bow/front_damage.mss	0
metin2_patch_w20_sound/sound/monster2/ogre_bow/front_dead.mss	sound/monster2/ogre_bow/front_dead.mss	0
metin2_patch_w20_sound/sound/monster2/ogre_bow/normal_attack.mss	sound/monster2/ogre_bow/normal_attack.mss	0
metin2_patch_w20_sound/sound/monster2/ogre_bow/normal_attack1.mss	sound/monster2/ogre_bow/normal_attack1.mss	0
metin2_patch_w20_sound/sound/monster2/ogre_bow/walk.mss	sound/monster2/ogre_bow/walk.mss	0
metin2_patch_w20_sound/sound/monster2/ogre_general/back_damage.mss	sound/monster2/ogre_general/back_damage.mss	0
metin2_patch_w20_sound/sound/monster2/ogre_general/normal_attack.mss	sound/monster2/ogre_general/normal_attack.mss	0
metin2_patch_w20_sound/sound/monster2/ogre_general/run.mss	sound/monster2/ogre_general/run.mss	0
metin2_patch_w20_sound/sound/monster2/ogre_general/wait2.mss	sound/monster2/ogre_general/wait2.mss	0
metin2_patch_w20_sound/sound/monster2/triton_officer/normal_attack1.mss	sound/monster2/triton_officer/normal_attack1.mss	0
metin2_patch_w20_sound/sound/monster2/ogre_general/walk.mss	sound/monster2/ogre_general/walk.mss	0
metin2_patch_w20_sound/sound/monster2/ogre_magic/back_damage.mss	sound/monster2/ogre_magic/back_damage.mss	0
metin2_patch_w20_sound/sound/monster2/triton_boss2/special_attack.mss	sound/monster2/triton_boss2/special_attack.mss	0
metin2_patch_w20_sound/sound/monster2/ogre_magic/back_knockdown.mss	sound/monster2/ogre_magic/back_knockdown.mss	0
metin2_patch_w20_sound/sound/monster2/ogre_magic/front_knockdown.mss	sound/monster2/ogre_magic/front_knockdown.mss	0
metin2_patch_w20_sound/sound/monster2/ogre_magic/run.mss	sound/monster2/ogre_magic/run.mss	0
metin2_patch_w20_sound/sound/monster2/ogre_magic/walk.mss	sound/monster2/ogre_magic/walk.mss	0
metin2_patch_w20_sound/sound/monster2/ogre_officer/back_damage.mss	sound/monster2/ogre_officer/back_damage.mss	0
metin2_patch_w20_sound/sound/monster2/ogre_officer/back_knockdown.mss	sound/monster2/ogre_officer/back_knockdown.mss	0
metin2_patch_w20_sound/sound/monster2/redthief_boss/special_attack.mss	sound/monster2/redthief_boss/special_attack.mss	0
metin2_patch_w20_sound/sound/monster2/redthief2_magic/front_damage.mss	sound/monster2/redthief2_magic/front_damage.mss	0
metin2_patch_w20_sound/sound/monster2/ogre_officer/front_damage.mss	sound/monster2/ogre_officer/front_damage.mss	0
metin2_patch_w20_sound/sound/monster2/redthief2_bow/normal_attack1.mss	sound/monster2/redthief2_bow/normal_attack1.mss	0
metin2_patch_w20_sound/sound/monster2/ogre_officer/normal_attack.mss	sound/monster2/ogre_officer/normal_attack.mss	0
metin2_patch_w20_sound/sound/monster2/ogre_officer/run.mss	sound/monster2/ogre_officer/run.mss	0
metin2_patch_w20_sound/sound/monster2/ogre_soldier/back_knockdown.mss	sound/monster2/ogre_soldier/back_knockdown.mss	0
metin2_patch_w20_sound/sound/monster2/triton_soldier2/back_knockdown.mss	sound/monster2/triton_soldier2/back_knockdown.mss	0
metin2_patch_w20_sound/sound/monster2/ogre_soldier/front_dead.mss	sound/monster2/ogre_soldier/front_dead.mss	0
metin2_patch_w20_sound/sound/monster2/ogre_soldier/front_knockdown.mss	sound/monster2/ogre_soldier/front_knockdown.mss	0
metin2_patch_w20_sound/sound/monster2/redthief_officer/walk.mss	sound/monster2/redthief_officer/walk.mss	0
metin2_patch_w20_sound/sound/monster2/redthief2_boss/back_damage.mss	sound/monster2/redthief2_boss/back_damage.mss	0
metin2_patch_w20_sound/sound/monster2/redthief2_officer/walk.mss	sound/monster2/redthief2_officer/walk.mss	0
metin2_patch_w20_sound/sound/monster2/redthief2_boss/back_damage1.mss	sound/monster2/redthief2_boss/back_damage1.mss	0
metin2_patch_w20_sound/sound/monster2/redthief2_boss/front_damage1.mss	sound/monster2/redthief2_boss/front_damage1.mss	0
metin2_patch_w20_sound/sound/monster2/redthief2_boss/front_knockdown.mss	sound/monster2/redthief2_boss/front_knockdown.mss	0
metin2_patch_w20_sound/sound/monster2/redthief2_boss/normal_attack1.mss	sound/monster2/redthief2_boss/normal_attack1.mss	0
metin2_patch_w20_sound/sound/monster2/triton_boss/run.mss	sound/monster2/triton_boss/run.mss	0
metin2_patch_w20_sound/sound/monster2/redthief2_boss/special_attack.mss	sound/monster2/redthief2_boss/special_attack.mss	0
metin2_patch_w20_sound/sound/monster2/redthief2_boss/walk.mss	sound/monster2/redthief2_boss/walk.mss	0
metin2_patch_w20_sound/sound/monster2/redthief2_magic/back_knockdown.mss	sound/monster2/redthief2_magic/back_knockdown.mss	0
metin2_patch_w20_sound/sound/monster2/redthief2_boss2/back_damage.mss	sound/monster2/redthief2_boss2/back_damage.mss	0
metin2_patch_w20_sound/sound/monster2/redthief2_boss2/back_knockdown.mss	sound/monster2/redthief2_boss2/back_knockdown.mss	0
metin2_patch_w20_sound/sound/monster2/redthief2_boss2/front_damage1.mss	sound/monster2/redthief2_boss2/front_damage1.mss	0
metin2_patch_w20_sound/sound/monster2/redthief2_general/front_damage.mss	sound/monster2/redthief2_general/front_damage.mss	0
metin2_patch_w20_sound/sound/monster2/redthief2_boss2/front_dead.mss	sound/monster2/redthief2_boss2/front_dead.mss	0
metin2_patch_w20_sound/sound/monster2/redthief2_boss2/front_knockdown.mss	sound/monster2/redthief2_boss2/front_knockdown.mss	0
metin2_patch_w20_sound/sound/monster2/triton_boss2/back_knockdown.mss	sound/monster2/triton_boss2/back_knockdown.mss	0
metin2_patch_w20_sound/sound/monster2/redthief2_boss2/normal_attack.mss	sound/monster2/redthief2_boss2/normal_attack.mss	0
metin2_patch_w20_sound/sound/monster2/triton_boss/front_damage1.mss	sound/monster2/triton_boss/front_damage1.mss	0
metin2_patch_w20_sound/sound/monster2/redthief2_boss2/run.mss	sound/monster2/redthief2_boss2/run.mss	0
metin2_patch_w20_sound/sound/monster2/redthief2_boss2/walk.mss	sound/monster2/redthief2_boss2/walk.mss	0
metin2_patch_w20_sound/sound/monster2/redthief_boss2/front_dead.mss	sound/monster2/redthief_boss2/front_dead.mss	0
metin2_patch_w20_sound/sound/monster2/redthief2_bow/front_dead.mss	sound/monster2/redthief2_bow/front_dead.mss	0
metin2_patch_w20_sound/sound/monster2/redthief2_bow/front_knockdown.mss	sound/monster2/redthief2_bow/front_knockdown.mss	0
metin2_patch_w20_sound/sound/monster2/triton_soldier/back_knockdown.mss	sound/monster2/triton_soldier/back_knockdown.mss	0
metin2_patch_w20_sound/sound/monster2/redthief2_bow/run.mss	sound/monster2/redthief2_bow/run.mss	0
metin2_patch_w20_sound/sound/monster2/redthief2_bow/walk.mss	sound/monster2/redthief2_bow/walk.mss	0
metin2_patch_w20_sound/sound/monster2/redthief2_general/back_damage.mss	sound/monster2/redthief2_general/back_damage.mss	0
metin2_patch_w20_sound/sound/monster2/redthief2_general/front_knockdown.mss	sound/monster2/redthief2_general/front_knockdown.mss	0
metin2_patch_w20_sound/sound/monster2/redthief_soldier2/normal_attack.mss	sound/monster2/redthief_soldier2/normal_attack.mss	0
metin2_patch_w20_sound/sound/monster2/redthief2_magic/run.mss	sound/monster2/redthief2_magic/run.mss	0
metin2_patch_w20_sound/sound/monster2/triton_general/back_damage.mss	sound/monster2/triton_general/back_damage.mss	0
metin2_patch_w20_sound/sound/monster2/redthief2_magic/walk.mss	sound/monster2/redthief2_magic/walk.mss	0
metin2_patch_w20_sound/sound/monster2/redthief2_officer/back_damage.mss	sound/monster2/redthief2_officer/back_damage.mss	0
metin2_patch_w20_sound/sound/monster2/redthief2_officer/front_damage.mss	sound/monster2/redthief2_officer/front_damage.mss	0
metin2_patch_w20_sound/sound/monster2/redthief2_officer/front_dead.mss	sound/monster2/redthief2_officer/front_dead.mss	0
metin2_patch_w20_sound/sound/monster2/redthief2_officer/normal_attack1.mss	sound/monster2/redthief2_officer/normal_attack1.mss	0
metin2_patch_w20_sound/sound/monster2/redthief2_officer/run.mss	sound/monster2/redthief2_officer/run.mss	0
metin2_patch_w20_sound/sound/monster2/redthief2_soldier2/back_knockdown.mss	sound/monster2/redthief2_soldier2/back_knockdown.mss	0
metin2_patch_w20_sound/sound/monster2/triton_officer/back_damage.mss	sound/monster2/triton_officer/back_damage.mss	0
metin2_patch_w20_sound/sound/monster2/redthief2_soldier2/front_damage.mss	sound/monster2/redthief2_soldier2/front_damage.mss	0
metin2_patch_w20_sound/sound/monster2/triton_boss2/normal_attack1.mss	sound/monster2/triton_boss2/normal_attack1.mss	0
metin2_patch_w20_sound/sound/monster2/redthief2_soldier2/front_knockdown.mss	sound/monster2/redthief2_soldier2/front_knockdown.mss	0
metin2_patch_w20_sound/sound/monster2/redthief2_soldier2/normal_attack1.mss	sound/monster2/redthief2_soldier2/normal_attack1.mss	0
metin2_patch_w20_sound/sound/monster2/redthief_boss/back_damage1.mss	sound/monster2/redthief_boss/back_damage1.mss	0
metin2_patch_w20_sound/sound/monster2/redthief_boss/back_knockdown.mss	sound/monster2/redthief_boss/back_knockdown.mss	0
metin2_patch_w20_sound/sound/monster2/redthief_boss/front_dead.mss	sound/monster2/redthief_boss/front_dead.mss	0
metin2_patch_w20_sound/sound/monster2/redthief_boss/normal_attack.mss	sound/monster2/redthief_boss/normal_attack.mss	0
metin2_patch_w20_sound/sound/monster2/redthief_boss/run.mss	sound/monster2/redthief_boss/run.mss	0
metin2_patch_w20_sound/sound/monster2/triton_soldier2/normal_attack.mss	sound/monster2/triton_soldier2/normal_attack.mss	0
metin2_patch_w20_sound/sound/monster2/redthief_boss2/back_damage.mss	sound/monster2/redthief_boss2/back_damage.mss	0
metin2_patch_w20_sound/sound/monster2/redthief_boss2/back_knockdown.mss	sound/monster2/redthief_boss2/back_knockdown.mss	0
metin2_patch_w20_sound/sound/monster2/redthief_boss2/front_knockdown.mss	sound/monster2/redthief_boss2/front_knockdown.mss	0
metin2_patch_w20_sound/sound/monster2/redthief_bow/back_damage.mss	sound/monster2/redthief_bow/back_damage.mss	0
metin2_patch_w20_sound/sound/monster2/redthief_bow/front_knockdown.mss	sound/monster2/redthief_bow/front_knockdown.mss	0
metin2_patch_w20_sound/sound/monster2/redthief_bow/run.mss	sound/monster2/redthief_bow/run.mss	0
metin2_patch_w20_sound/sound/monster2/redthief_bow/walk.mss	sound/monster2/redthief_bow/walk.mss	0
metin2_patch_w20_sound/sound/monster2/redthief_general/back_knockdown.mss	sound/monster2/redthief_general/back_knockdown.mss	0
metin2_patch_w20_sound/sound/monster2/redthief_general/front_dead.mss	sound/monster2/redthief_general/front_dead.mss	0
metin2_patch_w20_sound/sound/monster2/redthief_general/front_knockdown.mss	sound/monster2/redthief_general/front_knockdown.mss	0
metin2_patch_w20_sound/sound/monster2/redthief_general/run.mss	sound/monster2/redthief_general/run.mss	0
metin2_patch_w20_sound/sound/monster2/redthief_magic/back_knockdown.mss	sound/monster2/redthief_magic/back_knockdown.mss	0
metin2_patch_w20_sound/sound/monster2/redthief_magic/front_dead.mss	sound/monster2/redthief_magic/front_dead.mss	0
metin2_patch_w20_sound/sound/monster2/redthief_magic/front_knockdown.mss	sound/monster2/redthief_magic/front_knockdown.mss	0
metin2_patch_w20_sound/sound/monster2/redthief_magic/normal_attack.mss	sound/monster2/redthief_magic/normal_attack.mss	0
metin2_patch_w20_sound/sound/monster2/redthief_magic/normal_attack1.mss	sound/monster2/redthief_magic/normal_attack1.mss	0
metin2_patch_w20_sound/sound/monster2/redthief_magic/run.mss	sound/monster2/redthief_magic/run.mss	0
metin2_patch_w20_sound/sound/monster2/redthief_officer/back_damage.mss	sound/monster2/redthief_officer/back_damage.mss	0
metin2_patch_w20_sound/sound/monster2/redthief_officer/normal_attack.mss	sound/monster2/redthief_officer/normal_attack.mss	0
metin2_patch_w20_sound/sound/monster2/redthief_soldier2/back_damage.mss	sound/monster2/redthief_soldier2/back_damage.mss	0
metin2_patch_w20_sound/sound/monster2/redthief_soldier2/back_knockdown.mss	sound/monster2/redthief_soldier2/back_knockdown.mss	0
metin2_patch_w20_sound/sound/monster2/redthief_soldier2/front_damage.mss	sound/monster2/redthief_soldier2/front_damage.mss	0
metin2_patch_w20_sound/sound/monster2/redthief_soldier2/front_knockdown.mss	sound/monster2/redthief_soldier2/front_knockdown.mss	0
metin2_patch_w20_sound/sound/monster2/triton_soldier2/front_damage.mss	sound/monster2/triton_soldier2/front_damage.mss	0
metin2_patch_w20_sound/sound/monster2/redthief_soldier2/walk.mss	sound/monster2/redthief_soldier2/walk.mss	0
metin2_patch_w20_sound/sound/monster2/triton_boss/back_knockdown.mss	sound/monster2/triton_boss/back_knockdown.mss	0
metin2_patch_w20_sound/sound/monster2/triton_boss/front_dead.mss	sound/monster2/triton_boss/front_dead.mss	0
metin2_patch_w20_sound/sound/monster2/triton_boss/front_knockdown.mss	sound/monster2/triton_boss/front_knockdown.mss	0
metin2_patch_w20_sound/sound/monster2/triton_boss/walk.mss	sound/monster2/triton_boss/walk.mss	0
metin2_patch_w20_sound/sound/monster2/triton_boss2/back_damage.mss	sound/monster2/triton_boss2/back_damage.mss	0
metin2_patch_w20_sound/sound/monster2/triton_boss2/front_knockdown.mss	sound/monster2/triton_boss2/front_knockdown.mss	0
metin2_patch_w20_sound/sound/monster2/triton_boss2/normal_attack.mss	sound/monster2/triton_boss2/normal_attack.mss	0
metin2_patch_w20_sound/sound/monster2/triton_boss2/special_attack1.mss	sound/monster2/triton_boss2/special_attack1.mss	0
metin2_patch_w20_sound/sound/monster2/triton_general/normal_attack1.mss	sound/monster2/triton_general/normal_attack1.mss	0
metin2_patch_w20_sound/sound/monster2/triton_magic/front_damage.mss	sound/monster2/triton_magic/front_damage.mss	0
metin2_patch_w20_sound/sound/monster2/triton_magic/normal_attack1.mss	sound/monster2/triton_magic/normal_attack1.mss	0
metin2_patch_w20_sound/sound/monster2/triton_officer/walk.mss	sound/monster2/triton_officer/walk.mss	0
metin2_patch_w20_sound/sound/monster2/triton_soldier/back_damage.mss	sound/monster2/triton_soldier/back_damage.mss	0
metin2_patch_w20_sound/sound/monster2/triton_soldier/normal_attack.mss	sound/monster2/triton_soldier/normal_attack.mss	0
metin2_patch_w20_sound/sound/monster2/triton_soldier/normal_attack1.mss	sound/monster2/triton_soldier/normal_attack1.mss	0
metin2_patch_w20_sound/sound/monster2/triton_soldier2/front_dead.mss	sound/monster2/triton_soldier2/front_dead.mss	0
metin2_patch_w20_sound/sound/monster2/triton_soldier2/front_knockdown.mss	sound/monster2/triton_soldier2/front_knockdown.mss	0
metin2_patch_w20_sound/sound/monster2/triton_soldier2/normal_attack1.mss	sound/monster2/triton_soldier2/normal_attack1.mss	0
metin2_patch_w20_sound/sound/monster2/triton_soldier2/walk.mss	sound/monster2/triton_soldier2/walk.mss	0
