metin2_patch_dragon_rock_mobs/ymir work/monster2/crustacean_officer/crustacean_officer_lod_01.gr2	d:/ymir work/monster2/crustacean_officer/crustacean_officer_lod_01.gr2	0
metin2_patch_dragon_rock_mobs/ymir work/monster2/crustacean_boss/normal_attack.gr2	d:/ymir work/monster2/crustacean_boss/normal_attack.gr2	0
metin2_patch_dragon_rock_mobs/ymir work/monster2/redthief_bow/wait1.msa	d:/ymir work/monster2/redthief_bow/wait1.msa	0
metin2_patch_dragon_rock_mobs/ymir work/monster2/gnoll_boss/front_standup.gr2	d:/ymir work/monster2/gnoll_boss/front_standup.gr2	0
metin2_patch_dragon_rock_mobs/ymir work/monster2/crustacean_boss/crustacean_boss.wdp	d:/ymir work/monster2/crustacean_boss/crustacean_boss.wdp	0
metin2_patch_dragon_rock_mobs/ymir work/monster2/crustacean_boss/back_damage.gr2	d:/ymir work/monster2/crustacean_boss/back_damage.gr2	0
metin2_patch_dragon_rock_mobs/ymir work/monster2/lemures_boss2/back_damage1.gr2	d:/ymir work/monster2/lemures_boss2/back_damage1.gr2	0
metin2_patch_dragon_rock_mobs/ymir work/monster2/manticore_general/manticore_general.wdp	d:/ymir work/monster2/manticore_general/manticore_general.wdp	0
metin2_patch_dragon_rock_mobs/ymir work/monster2/ent_boss1/walk.gr2	d:/ymir work/monster2/ent_boss1/walk.gr2	0
metin2_patch_dragon_rock_mobs/ymir work/monster2/crustacean_boss2/motlist.txt	d:/ymir work/monster2/crustacean_boss2/motlist.txt	0
metin2_patch_dragon_rock_mobs/ymir work/monster2/triton_boss/normal_attack1.gr2	d:/ymir work/monster2/triton_boss/normal_attack1.gr2	0
metin2_patch_dragon_rock_mobs/ymir work/monster2/gnoll_boss/walk.gr2	d:/ymir work/monster2/gnoll_boss/walk.gr2	0
metin2_patch_dragon_rock_mobs/ymir work/monster2/ent_boss2/walk.gr2	d:/ymir work/monster2/ent_boss2/walk.gr2	0
metin2_patch_dragon_rock_mobs/ymir work/effect/monster2/boom2.dds	d:/ymir work/effect/monster2/boom2.dds	0
metin2_patch_dragon_rock_mobs/ymir work/monster2/ent_boss3/special_attack.msa	d:/ymir work/monster2/ent_boss3/special_attack.msa	0
metin2_patch_dragon_rock_mobs/ymir work/monster2/crustacean_officer/front_dead.gr2	d:/ymir work/monster2/crustacean_officer/front_dead.gr2	0
metin2_patch_dragon_rock_mobs/ymir work/monster2/gnoll_magic/front_standup.msa	d:/ymir work/monster2/gnoll_magic/front_standup.msa	0
metin2_patch_dragon_rock_mobs/ymir work/monster2/giant_boss2/special_attack.gr2	d:/ymir work/monster2/giant_boss2/special_attack.gr2	0
metin2_patch_dragon_rock_mobs/ymir work/monster2/crustacean_boss/back_damage.msa	d:/ymir work/monster2/crustacean_boss/back_damage.msa	0
metin2_patch_dragon_rock_mobs/ymir work/monster2/redthief_boss/front_standup.gr2	d:/ymir work/monster2/redthief_boss/front_standup.gr2	0
metin2_patch_dragon_rock_mobs/ymir work/monster2/crustacean_bow/front_standup.msa	d:/ymir work/monster2/crustacean_bow/front_standup.msa	0
metin2_patch_dragon_rock_mobs/ymir work/monster2/crustacean_boss/back_damage1.gr2	d:/ymir work/monster2/crustacean_boss/back_damage1.gr2	0
metin2_patch_dragon_rock_mobs/ymir work/monster2/redthief2_soldier2/normal_attack1.msa	d:/ymir work/monster2/redthief2_soldier2/normal_attack1.msa	0
metin2_patch_dragon_rock_mobs/ymir work/monster2/crustacean_boss/back_damage1.msa	d:/ymir work/monster2/crustacean_boss/back_damage1.msa	0
metin2_patch_dragon_rock_mobs/ymir work/monster2/cyclops_soldier/cyclops_soldier.gr2	d:/ymir work/monster2/cyclops_soldier/cyclops_soldier.gr2	0
metin2_patch_dragon_rock_mobs/ymir work/monster2/giant_soldier2/walk.gr2	d:/ymir work/monster2/giant_soldier2/walk.gr2	0
metin2_patch_dragon_rock_mobs/ymir work/monster2/lemures_officer/front_knockdown.gr2	d:/ymir work/monster2/lemures_officer/front_knockdown.gr2	0
metin2_patch_dragon_rock_mobs/ymir work/monster2/redthief2_soldier2/back_knockdown.msa	d:/ymir work/monster2/redthief2_soldier2/back_knockdown.msa	0
metin2_patch_dragon_rock_mobs/ymir work/monster2/crustacean_boss/back_knockdown.gr2	d:/ymir work/monster2/crustacean_boss/back_knockdown.gr2	0
metin2_patch_dragon_rock_mobs/ymir work/monster2/lemures_boss/run.msa	d:/ymir work/monster2/lemures_boss/run.msa	0
metin2_patch_dragon_rock_mobs/ymir work/monster2/cyclops_boss2/front_dead.gr2	d:/ymir work/monster2/cyclops_boss2/front_dead.gr2	0
metin2_patch_dragon_rock_mobs/ymir work/monster2/giant_officer/back_knockdown.gr2	d:/ymir work/monster2/giant_officer/back_knockdown.gr2	0
metin2_patch_dragon_rock_mobs/ymir work/monster2/manticore_officer/manticore_officer.gr2	d:/ymir work/monster2/manticore_officer/manticore_officer.gr2	0
metin2_patch_dragon_rock_mobs/ymir work/monster2/crustacean_boss2/normal_attack1.gr2	d:/ymir work/monster2/crustacean_boss2/normal_attack1.gr2	0
metin2_patch_dragon_rock_mobs/ymir work/monster2/crustacean_boss2/normal_attack.gr2	d:/ymir work/monster2/crustacean_boss2/normal_attack.gr2	0
metin2_patch_dragon_rock_mobs/ymir work/monster2/cyclops_general/cyclops_general_lod_01.gr2	d:/ymir work/monster2/cyclops_general/cyclops_general_lod_01.gr2	0
metin2_patch_dragon_rock_mobs/ymir work/monster2/giant_officer/front_standup.msa	d:/ymir work/monster2/giant_officer/front_standup.msa	0
metin2_patch_dragon_rock_mobs/ymir work/monster2/crustacean_boss/normal_attack1.msa	d:/ymir work/monster2/crustacean_boss/normal_attack1.msa	0
metin2_patch_dragon_rock_mobs/ymir work/monster2/crustacean_boss/back_knockdown.msa	d:/ymir work/monster2/crustacean_boss/back_knockdown.msa	0
metin2_patch_dragon_rock_mobs/ymir work/monster2/crustacean_bow/normal_attack.msa	d:/ymir work/monster2/crustacean_bow/normal_attack.msa	0
metin2_patch_dragon_rock_mobs/ymir work/effect/monster2/tornado1.mse	d:/ymir work/effect/monster2/tornado1.mse	0
metin2_patch_dragon_rock_mobs/ymir work/monster2/crustacean_boss2/front_knockdown.msa	d:/ymir work/monster2/crustacean_boss2/front_knockdown.msa	0
metin2_patch_dragon_rock_mobs/ymir work/monster2/lemures_general/normal_attack.gr2	d:/ymir work/monster2/lemures_general/normal_attack.gr2	0
metin2_patch_dragon_rock_mobs/ymir work/monster2/gnoll_magic/wait.gr2	d:/ymir work/monster2/gnoll_magic/wait.gr2	0
metin2_patch_dragon_rock_mobs/ymir work/monster2/redthief_magic/wait2.gr2	d:/ymir work/monster2/redthief_magic/wait2.gr2	0
metin2_patch_dragon_rock_mobs/ymir work/monster2/crustacean_boss/crustacean_boss.gr2	d:/ymir work/monster2/crustacean_boss/crustacean_boss.gr2	0
metin2_patch_dragon_rock_mobs/ymir work/monster2/gnoll_bow/normal_attack.gr2	d:/ymir work/monster2/gnoll_bow/normal_attack.gr2	0
metin2_patch_dragon_rock_mobs/ymir work/monster2/crustacean_boss/front_damage1.msa	d:/ymir work/monster2/crustacean_boss/front_damage1.msa	0
metin2_patch_dragon_rock_mobs/ymir work/monster2/redthief2_boss2/redthief2_boss2_weapon.wdp	d:/ymir work/monster2/redthief2_boss2/redthief2_boss2_weapon.wdp	0
metin2_patch_dragon_rock_mobs/ymir work/monster2/redthief2_bow/front_standup.msa	d:/ymir work/monster2/redthief2_bow/front_standup.msa	0
metin2_patch_dragon_rock_mobs/ymir work/monster2/crustacean_officer/normal_attack1.msa	d:/ymir work/monster2/crustacean_officer/normal_attack1.msa	0
metin2_patch_dragon_rock_mobs/ymir work/monster2/cyclops_magic/front_dead.msa	d:/ymir work/monster2/cyclops_magic/front_dead.msa	0
metin2_patch_dragon_rock_mobs/ymir work/monster2/redthief2_bow/redthief2_bow.msm	d:/ymir work/monster2/redthief2_bow/redthief2_bow.msm	0
metin2_patch_dragon_rock_mobs/ymir work/monster2/gnoll_general/front_dead.msa	d:/ymir work/monster2/gnoll_general/front_dead.msa	0
metin2_patch_dragon_rock_mobs/ymir work/monster2/crustacean_boss/crustacean_boss.msm	d:/ymir work/monster2/crustacean_boss/crustacean_boss.msm	0
metin2_patch_dragon_rock_mobs/ymir work/monster2/giant_soldier2/front_damage.msa	d:/ymir work/monster2/giant_soldier2/front_damage.msa	0
metin2_patch_dragon_rock_mobs/ymir work/monster2/crustacean_boss2/back_damage1.gr2	d:/ymir work/monster2/crustacean_boss2/back_damage1.gr2	0
metin2_patch_dragon_rock_mobs/ymir work/monster2/giant_general/giant_general.wdp	d:/ymir work/monster2/giant_general/giant_general.wdp	0
metin2_patch_dragon_rock_mobs/ymir work/monster2/crustacean_boss/crustacean_boss_lod_01.gr2	d:/ymir work/monster2/crustacean_boss/crustacean_boss_lod_01.gr2	0
metin2_patch_dragon_rock_mobs/ymir work/monster2/lemures_soldier/lemures_soldier.gr2	d:/ymir work/monster2/lemures_soldier/lemures_soldier.gr2	0
metin2_patch_dragon_rock_mobs/ymir work/monster2/ogre_bow/back_damage.gr2	d:/ymir work/monster2/ogre_bow/back_damage.gr2	0
metin2_patch_dragon_rock_mobs/ymir work/monster2/redthief2_boss/redthief2_boss.gr2	d:/ymir work/monster2/redthief2_boss/redthief2_boss.gr2	0
metin2_patch_dragon_rock_mobs/ymir work/monster2/crustacean_boss/front_damage.gr2	d:/ymir work/monster2/crustacean_boss/front_damage.gr2	0
metin2_patch_dragon_rock_mobs/ymir work/monster2/ogre_boss2/front_knockdown.gr2	d:/ymir work/monster2/ogre_boss2/front_knockdown.gr2	0
metin2_patch_dragon_rock_mobs/ymir work/monster2/ogre_boss/ogre_boss.msm	d:/ymir work/monster2/ogre_boss/ogre_boss.msm	0
metin2_patch_dragon_rock_mobs/ymir work/monster2/cyclops_boss2/run.msa	d:/ymir work/monster2/cyclops_boss2/run.msa	0
metin2_patch_dragon_rock_mobs/ymir work/monster2/crustacean_boss/normal_attack1.gr2	d:/ymir work/monster2/crustacean_boss/normal_attack1.gr2	0
metin2_patch_dragon_rock_mobs/ymir work/monster2/lemures_soldier/wait.msa	d:/ymir work/monster2/lemures_soldier/wait.msa	0
metin2_patch_dragon_rock_mobs/ymir work/monster2/lemures_soldier2/motlist.txt	d:/ymir work/monster2/lemures_soldier2/motlist.txt	0
metin2_patch_dragon_rock_mobs/ymir work/monster2/ent_boss3/ent_boss3.msm	d:/ymir work/monster2/ent_boss3/ent_boss3.msm	0
metin2_patch_dragon_rock_mobs/ymir work/monster2/crustacean_boss/front_damage.msa	d:/ymir work/monster2/crustacean_boss/front_damage.msa	0
metin2_patch_dragon_rock_mobs/ymir work/monster2/cyclops_general/back_damage.gr2	d:/ymir work/monster2/cyclops_general/back_damage.gr2	0
metin2_patch_dragon_rock_mobs/ymir work/monster2/triton_soldier/front_knockdown.gr2	d:/ymir work/monster2/triton_soldier/front_knockdown.gr2	0
metin2_patch_dragon_rock_mobs/ymir work/monster2/crustacean_boss2/front_dead.msa	d:/ymir work/monster2/crustacean_boss2/front_dead.msa	0
metin2_patch_dragon_rock_mobs/ymir work/monster2/cyclops_general/front_standup.gr2	d:/ymir work/monster2/cyclops_general/front_standup.gr2	0
metin2_patch_dragon_rock_mobs/ymir work/monster2/cyclops_boss/wait.msa	d:/ymir work/monster2/cyclops_boss/wait.msa	0
metin2_patch_dragon_rock_mobs/ymir work/monster2/lemures_boss/normal_attack1.msa	d:/ymir work/monster2/lemures_boss/normal_attack1.msa	0
metin2_patch_dragon_rock_mobs/ymir work/monster2/ogre_magic/walk.msa	d:/ymir work/monster2/ogre_magic/walk.msa	0
metin2_patch_dragon_rock_mobs/ymir work/monster2/crustacean_boss/front_damage1.gr2	d:/ymir work/monster2/crustacean_boss/front_damage1.gr2	0
metin2_patch_dragon_rock_mobs/ymir work/monster2/gnoll_bow/front_knockdown.gr2	d:/ymir work/monster2/gnoll_bow/front_knockdown.gr2	0
metin2_patch_dragon_rock_mobs/ymir work/monster2/redthief_boss2/normal_attack1.gr2	d:/ymir work/monster2/redthief_boss2/normal_attack1.gr2	0
metin2_patch_dragon_rock_mobs/ymir work/monster2/giant_soldier2/normal_attack.msa	d:/ymir work/monster2/giant_soldier2/normal_attack.msa	0
metin2_patch_dragon_rock_mobs/ymir work/monster2/crustacean_boss/front_dead.gr2	d:/ymir work/monster2/crustacean_boss/front_dead.gr2	0
metin2_patch_dragon_rock_mobs/ymir work/monster2/crustacean_bow/front_knockdown.gr2	d:/ymir work/monster2/crustacean_bow/front_knockdown.gr2	0
metin2_patch_dragon_rock_mobs/ymir work/monster2/crustacean_boss2/front_damage1.gr2	d:/ymir work/monster2/crustacean_boss2/front_damage1.gr2	0
metin2_patch_dragon_rock_mobs/ymir work/monster2/ent_boss2/front_damage1.gr2	d:/ymir work/monster2/ent_boss2/front_damage1.gr2	0
metin2_patch_dragon_rock_mobs/ymir work/monster2/crustacean_boss/front_dead.msa	d:/ymir work/monster2/crustacean_boss/front_dead.msa	0
metin2_patch_dragon_rock_mobs/ymir work/monster2/crustacean_bow/crustacean_bow_lod_01.gr2	d:/ymir work/monster2/crustacean_bow/crustacean_bow_lod_01.gr2	0
metin2_patch_dragon_rock_mobs/ymir work/monster2/gnoll_bow/wait1.gr2	d:/ymir work/monster2/gnoll_bow/wait1.gr2	0
metin2_patch_dragon_rock_mobs/ymir work/monster2/crustacean_boss/special_attack.msa	d:/ymir work/monster2/crustacean_boss/special_attack.msa	0
metin2_patch_dragon_rock_mobs/ymir work/monster2/cyclops_general/motlist.txt	d:/ymir work/monster2/cyclops_general/motlist.txt	0
metin2_patch_dragon_rock_mobs/ymir work/monster2/gnoll_soldier2/gnoll_soldier2_lod_01.gr2	d:/ymir work/monster2/gnoll_soldier2/gnoll_soldier2_lod_01.gr2	0
metin2_patch_dragon_rock_mobs/ymir work/monster2/redthief2_boss2/redthief2_boss2.gr2	d:/ymir work/monster2/redthief2_boss2/redthief2_boss2.gr2	0
metin2_patch_dragon_rock_mobs/ymir work/monster2/ogre_boss/wait2.msa	d:/ymir work/monster2/ogre_boss/wait2.msa	0
metin2_patch_dragon_rock_mobs/ymir work/monster2/lemures_general/front_knockdown.msa	d:/ymir work/monster2/lemures_general/front_knockdown.msa	0
metin2_patch_dragon_rock_mobs/ymir work/monster2/cyclops_boss2/run.gr2	d:/ymir work/monster2/cyclops_boss2/run.gr2	0
metin2_patch_dragon_rock_mobs/ymir work/monster2/crustacean_boss/front_knockdown.gr2	d:/ymir work/monster2/crustacean_boss/front_knockdown.gr2	0
metin2_patch_dragon_rock_mobs/ymir work/monster2/ogre_general/front_standup.msa	d:/ymir work/monster2/ogre_general/front_standup.msa	0
metin2_patch_dragon_rock_mobs/ymir work/monster2/giant_general/giant_general_lod_01.gr2	d:/ymir work/monster2/giant_general/giant_general_lod_01.gr2	0
metin2_patch_dragon_rock_mobs/ymir work/monster2/gnoll_soldier/wait.msa	d:/ymir work/monster2/gnoll_soldier/wait.msa	0
metin2_patch_dragon_rock_mobs/ymir work/monster2/giant_general/front_standup.msa	d:/ymir work/monster2/giant_general/front_standup.msa	0
metin2_patch_dragon_rock_mobs/ymir work/monster2/redthief_bow/wait.msa	d:/ymir work/monster2/redthief_bow/wait.msa	0
metin2_patch_dragon_rock_mobs/ymir work/monster2/crustacean_boss/front_knockdown.msa	d:/ymir work/monster2/crustacean_boss/front_knockdown.msa	0
metin2_patch_dragon_rock_mobs/ymir work/monster2/ogre_boss2/wait.gr2	d:/ymir work/monster2/ogre_boss2/wait.gr2	0
metin2_patch_dragon_rock_mobs/ymir work/monster2/crustacean_boss2/special_attack1.msa	d:/ymir work/monster2/crustacean_boss2/special_attack1.msa	0
metin2_patch_dragon_rock_mobs/ymir work/monster2/cyclops_magic/front_knockdown.msa	d:/ymir work/monster2/cyclops_magic/front_knockdown.msa	0
metin2_patch_dragon_rock_mobs/ymir work/effect/monster/alpha1.mse	d:/ymir work/effect/monster/alpha1.mse	0
metin2_patch_dragon_rock_mobs/ymir work/monster2/crustacean_boss/front_standup.gr2	d:/ymir work/monster2/crustacean_boss/front_standup.gr2	0
metin2_patch_dragon_rock_mobs/ymir work/monster2/cyclops_boss/front_damage1.msa	d:/ymir work/monster2/cyclops_boss/front_damage1.msa	0
metin2_patch_dragon_rock_mobs/ymir work/monster2/redthief2_boss2/run.msa	d:/ymir work/monster2/redthief2_boss2/run.msa	0
metin2_patch_dragon_rock_mobs/ymir work/monster2/crustacean_boss2/front_damage.gr2	d:/ymir work/monster2/crustacean_boss2/front_damage.gr2	0
metin2_patch_dragon_rock_mobs/ymir work/monster2/crustacean_boss/front_standup.msa	d:/ymir work/monster2/crustacean_boss/front_standup.msa	0
metin2_patch_dragon_rock_mobs/ymir work/effect/monster2/tornado_dirt2.wdp	d:/ymir work/effect/monster2/tornado_dirt2.wdp	0
metin2_patch_dragon_rock_mobs/ymir work/monster2/gnoll_boss/normal_attack.msa	d:/ymir work/monster2/gnoll_boss/normal_attack.msa	0
metin2_patch_dragon_rock_mobs/ymir work/monster2/giant_soldier/run.gr2	d:/ymir work/monster2/giant_soldier/run.gr2	0
metin2_patch_dragon_rock_mobs/ymir work/monster2/giant_boss2/special_attack.msa	d:/ymir work/monster2/giant_boss2/special_attack.msa	0
metin2_patch_dragon_rock_mobs/ymir work/monster2/crustacean_boss2/crustacean_boss2.gr2	d:/ymir work/monster2/crustacean_boss2/crustacean_boss2.gr2	0
metin2_patch_dragon_rock_mobs/ymir work/monster2/crustacean_boss/run.gr2	d:/ymir work/monster2/crustacean_boss/run.gr2	0
metin2_patch_dragon_rock_mobs/ymir work/monster2/crustacean_boss/motlist.txt	d:/ymir work/monster2/crustacean_boss/motlist.txt	0
metin2_patch_dragon_rock_mobs/ymir work/monster2/redthief_boss2/redthief_boss2_weapon.wdp	d:/ymir work/monster2/redthief_boss2/redthief_boss2_weapon.wdp	0
metin2_patch_dragon_rock_mobs/ymir work/monster2/ent_boss1/front_damage1.msa	d:/ymir work/monster2/ent_boss1/front_damage1.msa	0
metin2_patch_dragon_rock_mobs/ymir work/monster2/gnoll_boss2/back_damage.msa	d:/ymir work/monster2/gnoll_boss2/back_damage.msa	0
metin2_patch_dragon_rock_mobs/ymir work/monster2/redthief_magic/redthief_magic.gr2	d:/ymir work/monster2/redthief_magic/redthief_magic.gr2	0
metin2_patch_dragon_rock_mobs/ymir work/monster2/giant_boss2/special_attack1.msa	d:/ymir work/monster2/giant_boss2/special_attack1.msa	0
metin2_patch_dragon_rock_mobs/ymir work/monster2/redthief_general/run.msa	d:/ymir work/monster2/redthief_general/run.msa	0
metin2_patch_dragon_rock_mobs/ymir work/monster2/crustacean_boss/normal_attack.msa	d:/ymir work/monster2/crustacean_boss/normal_attack.msa	0
metin2_patch_dragon_rock_mobs/ymir work/monster2/triton_boss/back_knockdown.gr2	d:/ymir work/monster2/triton_boss/back_knockdown.gr2	0
metin2_patch_dragon_rock_mobs/ymir work/monster2/gnoll_bow/front_damage.gr2	d:/ymir work/monster2/gnoll_bow/front_damage.gr2	0
metin2_patch_dragon_rock_mobs/ymir work/monster2/crustacean_boss/run.msa	d:/ymir work/monster2/crustacean_boss/run.msa	0
metin2_patch_dragon_rock_mobs/ymir work/monster2/ogre_general/wait1.gr2	d:/ymir work/monster2/ogre_general/wait1.gr2	0
metin2_patch_dragon_rock_mobs/ymir work/monster2/redthief_soldier2/normal_attack1.gr2	d:/ymir work/monster2/redthief_soldier2/normal_attack1.gr2	0
metin2_patch_dragon_rock_mobs/ymir work/monster2/crustacean_boss2/back_damage.gr2	d:/ymir work/monster2/crustacean_boss2/back_damage.gr2	0
metin2_patch_dragon_rock_mobs/ymir work/monster2/lemures_boss/back_damage1.msa	d:/ymir work/monster2/lemures_boss/back_damage1.msa	0
metin2_patch_dragon_rock_mobs/ymir work/monster2/giant_magic/front_dead.msa	d:/ymir work/monster2/giant_magic/front_dead.msa	0
metin2_patch_dragon_rock_mobs/ymir work/monster2/crustacean_boss2/front_standup.msa	d:/ymir work/monster2/crustacean_boss2/front_standup.msa	0
metin2_patch_dragon_rock_mobs/ymir work/monster2/crustacean_soldier/normal_attack.gr2	d:/ymir work/monster2/crustacean_soldier/normal_attack.gr2	0
metin2_patch_dragon_rock_mobs/ymir work/monster2/ogre_officer/front_dead.msa	d:/ymir work/monster2/ogre_officer/front_dead.msa	0
metin2_patch_dragon_rock_mobs/ymir work/monster2/ogre_soldier/ogre_soldier.wdp	d:/ymir work/monster2/ogre_soldier/ogre_soldier.wdp	0
metin2_patch_dragon_rock_mobs/ymir work/monster2/crustacean_boss2/crustacean_boss2.msm	d:/ymir work/monster2/crustacean_boss2/crustacean_boss2.msm	0
metin2_patch_dragon_rock_mobs/ymir work/monster2/crustacean_soldier2/front_knockdown.gr2	d:/ymir work/monster2/crustacean_soldier2/front_knockdown.gr2	0
metin2_patch_dragon_rock_mobs/ymir work/monster2/crustacean_officer/normal_attack.msa	d:/ymir work/monster2/crustacean_officer/normal_attack.msa	0
metin2_patch_dragon_rock_mobs/ymir work/monster2/crustacean_boss/special_attack.gr2	d:/ymir work/monster2/crustacean_boss/special_attack.gr2	0
metin2_patch_dragon_rock_mobs/ymir work/monster2/crustacean_soldier2/crustacean_soldier2.msm	d:/ymir work/monster2/crustacean_soldier2/crustacean_soldier2.msm	0
metin2_patch_dragon_rock_mobs/ymir work/monster2/lemures_soldier2/lemures_soldier2.gr2	d:/ymir work/monster2/lemures_soldier2/lemures_soldier2.gr2	0
metin2_patch_dragon_rock_mobs/ymir work/monster2/giant_officer/back_knockdown.msa	d:/ymir work/monster2/giant_officer/back_knockdown.msa	0
metin2_patch_dragon_rock_mobs/ymir work/monster2/lemures_general/lemures_general_lod_01.gr2	d:/ymir work/monster2/lemures_general/lemures_general_lod_01.gr2	0
metin2_patch_dragon_rock_mobs/ymir work/monster2/crustacean_boss/wait.gr2	d:/ymir work/monster2/crustacean_boss/wait.gr2	0
metin2_patch_dragon_rock_mobs/ymir work/monster2/crustacean_general/back_damage.gr2	d:/ymir work/monster2/crustacean_general/back_damage.gr2	0
metin2_patch_dragon_rock_mobs/ymir work/monster2/lemures_boss2/front_standup.gr2	d:/ymir work/monster2/lemures_boss2/front_standup.gr2	0
metin2_patch_dragon_rock_mobs/ymir work/monster2/gnoll_soldier/normal_attack1.gr2	d:/ymir work/monster2/gnoll_soldier/normal_attack1.gr2	0
metin2_patch_dragon_rock_mobs/ymir work/monster2/gnoll_bow/back_damage.gr2	d:/ymir work/monster2/gnoll_bow/back_damage.gr2	0
metin2_patch_dragon_rock_mobs/ymir work/monster2/cyclops_officer/front_standup.gr2	d:/ymir work/monster2/cyclops_officer/front_standup.gr2	0
metin2_patch_dragon_rock_mobs/ymir work/monster2/crustacean_boss2/crustacean_boss2_lod_01.gr2	d:/ymir work/monster2/crustacean_boss2/crustacean_boss2_lod_01.gr2	0
metin2_patch_dragon_rock_mobs/ymir work/monster2/crustacean_general/back_damage.msa	d:/ymir work/monster2/crustacean_general/back_damage.msa	0
metin2_patch_dragon_rock_mobs/ymir work/monster2/redthief2_boss2/redthief2_boss2_1.wdp	d:/ymir work/monster2/redthief2_boss2/redthief2_boss2_1.wdp	0
metin2_patch_dragon_rock_mobs/ymir work/monster2/crustacean_boss/wait.msa	d:/ymir work/monster2/crustacean_boss/wait.msa	0
metin2_patch_dragon_rock_mobs/ymir work/monster2/triton_boss2/wait1.msa	d:/ymir work/monster2/triton_boss2/wait1.msa	0
metin2_patch_dragon_rock_mobs/ymir work/monster2/crustacean_boss/wait1.gr2	d:/ymir work/monster2/crustacean_boss/wait1.gr2	0
metin2_patch_dragon_rock_mobs/ymir work/monster2/ogre_boss/back_damage1.msa	d:/ymir work/monster2/ogre_boss/back_damage1.msa	0
metin2_patch_dragon_rock_mobs/ymir work/monster2/redthief_boss/redthief_boss.wdp	d:/ymir work/monster2/redthief_boss/redthief_boss.wdp	0
metin2_patch_dragon_rock_mobs/ymir work/monster2/crustacean_boss/wait1.msa	d:/ymir work/monster2/crustacean_boss/wait1.msa	0
metin2_patch_dragon_rock_mobs/ymir work/monster2/redthief2_magic/run.msa	d:/ymir work/monster2/redthief2_magic/run.msa	0
metin2_patch_dragon_rock_mobs/ymir work/monster2/ent_boss1/normal_attack.gr2	d:/ymir work/monster2/ent_boss1/normal_attack.gr2	0
metin2_patch_dragon_rock_mobs/ymir work/monster2/giant_officer/giant_officer.gr2	d:/ymir work/monster2/giant_officer/giant_officer.gr2	0
metin2_patch_dragon_rock_mobs/ymir work/monster2/crustacean_boss/wait2.gr2	d:/ymir work/monster2/crustacean_boss/wait2.gr2	0
metin2_patch_dragon_rock_mobs/ymir work/monster2/triton_soldier/wait.gr2	d:/ymir work/monster2/triton_soldier/wait.gr2	0
metin2_patch_dragon_rock_mobs/ymir work/monster2/giant_soldier2/motlist.txt	d:/ymir work/monster2/giant_soldier2/motlist.txt	0
metin2_patch_dragon_rock_mobs/ymir work/monster2/crustacean_boss2/front_dead.gr2	d:/ymir work/monster2/crustacean_boss2/front_dead.gr2	0
metin2_patch_dragon_rock_mobs/ymir work/monster2/lemures_boss/back_knockdown.msa	d:/ymir work/monster2/lemures_boss/back_knockdown.msa	0
metin2_patch_dragon_rock_mobs/ymir work/monster2/crustacean_boss/wait2.msa	d:/ymir work/monster2/crustacean_boss/wait2.msa	0
metin2_patch_dragon_rock_mobs/ymir work/monster2/manticore_magic/wait1.gr2	d:/ymir work/monster2/manticore_magic/wait1.gr2	0
metin2_patch_dragon_rock_mobs/ymir work/monster2/ogre_bow/run.msa	d:/ymir work/monster2/ogre_bow/run.msa	0
metin2_patch_dragon_rock_mobs/ymir work/monster2/crustacean_general/front_knockdown.msa	d:/ymir work/monster2/crustacean_general/front_knockdown.msa	0
metin2_patch_dragon_rock_mobs/ymir work/monster2/crustacean_boss2/run.gr2	d:/ymir work/monster2/crustacean_boss2/run.gr2	0
metin2_patch_dragon_rock_mobs/ymir work/monster2/gnoll_boss2/special_attack1.msa	d:/ymir work/monster2/gnoll_boss2/special_attack1.msa	0
metin2_patch_dragon_rock_mobs/ymir work/monster2/redthief_bow/front_standup.gr2	d:/ymir work/monster2/redthief_bow/front_standup.gr2	0
metin2_patch_dragon_rock_mobs/ymir work/monster2/cyclops_boss/back_damage1.gr2	d:/ymir work/monster2/cyclops_boss/back_damage1.gr2	0
metin2_patch_dragon_rock_mobs/ymir work/monster2/ogre_bow/walk.msa	d:/ymir work/monster2/ogre_bow/walk.msa	0
metin2_patch_dragon_rock_mobs/ymir work/monster2/crustacean_boss2/normal_attack.msa	d:/ymir work/monster2/crustacean_boss2/normal_attack.msa	0
metin2_patch_dragon_rock_mobs/ymir work/monster2/cyclops_soldier/front_damage.msa	d:/ymir work/monster2/cyclops_soldier/front_damage.msa	0
metin2_patch_dragon_rock_mobs/ymir work/monster2/crustacean_boss/walk.gr2	d:/ymir work/monster2/crustacean_boss/walk.gr2	0
metin2_patch_dragon_rock_mobs/ymir work/monster2/triton_officer/front_knockdown.gr2	d:/ymir work/monster2/triton_officer/front_knockdown.gr2	0
metin2_patch_dragon_rock_mobs/ymir work/monster2/ent_boss1/front_knockdown.gr2	d:/ymir work/monster2/ent_boss1/front_knockdown.gr2	0
metin2_patch_dragon_rock_mobs/ymir work/monster2/lemures_magic/motlist.txt	d:/ymir work/monster2/lemures_magic/motlist.txt	0
metin2_patch_dragon_rock_mobs/ymir work/monster2/crustacean_boss2/run.msa	d:/ymir work/monster2/crustacean_boss2/run.msa	0
metin2_patch_dragon_rock_mobs/ymir work/monster2/gnoll_bow/run.gr2	d:/ymir work/monster2/gnoll_bow/run.gr2	0
metin2_patch_dragon_rock_mobs/ymir work/monster2/gnoll_boss/back_damage.gr2	d:/ymir work/monster2/gnoll_boss/back_damage.gr2	0
metin2_patch_dragon_rock_mobs/ymir work/monster2/cyclops_officer/front_damage.gr2	d:/ymir work/monster2/cyclops_officer/front_damage.gr2	0
metin2_patch_dragon_rock_mobs/ymir work/monster2/cyclops_boss2/back_damage1.msa	d:/ymir work/monster2/cyclops_boss2/back_damage1.msa	0
metin2_patch_dragon_rock_mobs/ymir work/monster2/crustacean_boss/walk.msa	d:/ymir work/monster2/crustacean_boss/walk.msa	0
metin2_patch_dragon_rock_mobs/ymir work/monster2/manticore_officer/normal_attack.msa	d:/ymir work/monster2/manticore_officer/normal_attack.msa	0
metin2_patch_dragon_rock_mobs/ymir work/monster2/redthief2_general/redthief2_general.msm	d:/ymir work/monster2/redthief2_general/redthief2_general.msm	0
metin2_patch_dragon_rock_mobs/ymir work/monster2/crustacean_bow/front_damage.msa	d:/ymir work/monster2/crustacean_bow/front_damage.msa	0
metin2_patch_dragon_rock_mobs/ymir work/monster2/giant_officer/front_dead.gr2	d:/ymir work/monster2/giant_officer/front_dead.gr2	0
metin2_patch_dragon_rock_mobs/ymir work/monster2/lemures_officer/back_damage.msa	d:/ymir work/monster2/lemures_officer/back_damage.msa	0
metin2_patch_dragon_rock_mobs/ymir work/monster2/redthief_officer/normal_attack1.gr2	d:/ymir work/monster2/redthief_officer/normal_attack1.gr2	0
metin2_patch_dragon_rock_mobs/ymir work/monster2/cyclops_general/walk.gr2	d:/ymir work/monster2/cyclops_general/walk.gr2	0
metin2_patch_dragon_rock_mobs/ymir work/monster2/giant_general/front_damage.gr2	d:/ymir work/monster2/giant_general/front_damage.gr2	0
metin2_patch_dragon_rock_mobs/ymir work/monster2/crustacean_boss2/back_damage.msa	d:/ymir work/monster2/crustacean_boss2/back_damage.msa	0
metin2_patch_dragon_rock_mobs/ymir work/monster2/lemures_soldier2/walk.msa	d:/ymir work/monster2/lemures_soldier2/walk.msa	0
metin2_patch_dragon_rock_mobs/ymir work/monster2/gnoll_soldier2/front_damage.gr2	d:/ymir work/monster2/gnoll_soldier2/front_damage.gr2	0
metin2_patch_dragon_rock_mobs/ymir work/monster2/crustacean_boss2/back_damage1.msa	d:/ymir work/monster2/crustacean_boss2/back_damage1.msa	0
metin2_patch_dragon_rock_mobs/ymir work/monster2/gnoll_bow/front_knockdown.msa	d:/ymir work/monster2/gnoll_bow/front_knockdown.msa	0
metin2_patch_dragon_rock_mobs/ymir work/monster2/redthief2_officer/wait.msa	d:/ymir work/monster2/redthief2_officer/wait.msa	0
metin2_patch_dragon_rock_mobs/ymir work/monster2/crustacean_officer/walk.msa	d:/ymir work/monster2/crustacean_officer/walk.msa	0
metin2_patch_dragon_rock_mobs/ymir work/monster2/redthief_officer/run.msa	d:/ymir work/monster2/redthief_officer/run.msa	0
metin2_patch_dragon_rock_mobs/ymir work/monster2/cyclops_boss2/front_knockdown.msa	d:/ymir work/monster2/cyclops_boss2/front_knockdown.msa	0
metin2_patch_dragon_rock_mobs/ymir work/monster2/gnoll_bow/front_standup.gr2	d:/ymir work/monster2/gnoll_bow/front_standup.gr2	0
metin2_patch_dragon_rock_mobs/ymir work/monster2/giant_soldier/front_standup.gr2	d:/ymir work/monster2/giant_soldier/front_standup.gr2	0
metin2_patch_dragon_rock_mobs/ymir work/monster2/crustacean_boss2/back_knockdown.gr2	d:/ymir work/monster2/crustacean_boss2/back_knockdown.gr2	0
metin2_patch_dragon_rock_mobs/ymir work/monster2/cyclops_boss2/cyclops_boss2.msm	d:/ymir work/monster2/cyclops_boss2/cyclops_boss2.msm	0
metin2_patch_dragon_rock_mobs/ymir work/monster2/giant_boss2/front_knockdown.msa	d:/ymir work/monster2/giant_boss2/front_knockdown.msa	0
metin2_patch_dragon_rock_mobs/ymir work/monster2/crustacean_boss2/front_knockdown.gr2	d:/ymir work/monster2/crustacean_boss2/front_knockdown.gr2	0
metin2_patch_dragon_rock_mobs/ymir work/monster2/crustacean_soldier/crustacean_soldier_lod_01.gr2	d:/ymir work/monster2/crustacean_soldier/crustacean_soldier_lod_01.gr2	0
metin2_patch_dragon_rock_mobs/ymir work/monster2/ent_boss1/front_knockdown.msa	d:/ymir work/monster2/ent_boss1/front_knockdown.msa	0
metin2_patch_dragon_rock_mobs/ymir work/monster2/cyclops_officer/wait1.msa	d:/ymir work/monster2/cyclops_officer/wait1.msa	0
metin2_patch_dragon_rock_mobs/ymir work/monster2/crustacean_boss2/back_knockdown.msa	d:/ymir work/monster2/crustacean_boss2/back_knockdown.msa	0
metin2_patch_dragon_rock_mobs/ymir work/monster2/manticore_boss/manticore_boss.msm	d:/ymir work/monster2/manticore_boss/manticore_boss.msm	0
metin2_patch_dragon_rock_mobs/ymir work/monster2/ogre_general/front_damage.gr2	d:/ymir work/monster2/ogre_general/front_damage.gr2	0
metin2_patch_dragon_rock_mobs/ymir work/monster2/gnoll_general/normal_attack1.msa	d:/ymir work/monster2/gnoll_general/normal_attack1.msa	0
metin2_patch_dragon_rock_mobs/ymir work/monster2/crustacean_boss2/crustacean_boss2.wdp	d:/ymir work/monster2/crustacean_boss2/crustacean_boss2.wdp	0
metin2_patch_dragon_rock_mobs/ymir work/monster2/cyclops_magic/front_standup.msa	d:/ymir work/monster2/cyclops_magic/front_standup.msa	0
metin2_patch_dragon_rock_mobs/ymir work/monster2/redthief_magic/wait.gr2	d:/ymir work/monster2/redthief_magic/wait.gr2	0
metin2_patch_dragon_rock_mobs/ymir work/monster2/giant_soldier2/back_knockdown.gr2	d:/ymir work/monster2/giant_soldier2/back_knockdown.gr2	0
metin2_patch_dragon_rock_mobs/ymir work/monster2/cyclops_boss/cyclops_boss.msm	d:/ymir work/monster2/cyclops_boss/cyclops_boss.msm	0
metin2_patch_dragon_rock_mobs/ymir work/monster2/triton_general/normal_attack1.msa	d:/ymir work/monster2/triton_general/normal_attack1.msa	0
metin2_patch_dragon_rock_mobs/ymir work/monster2/crustacean_boss2/front_damage.msa	d:/ymir work/monster2/crustacean_boss2/front_damage.msa	0
metin2_patch_dragon_rock_mobs/ymir work/monster2/crustacean_boss2/front_damage1.msa	d:/ymir work/monster2/crustacean_boss2/front_damage1.msa	0
metin2_patch_dragon_rock_mobs/ymir work/monster2/cyclops_officer/normal_attack.gr2	d:/ymir work/monster2/cyclops_officer/normal_attack.gr2	0
metin2_patch_dragon_rock_mobs/ymir work/monster2/crustacean_boss2/front_standup.gr2	d:/ymir work/monster2/crustacean_boss2/front_standup.gr2	0
metin2_patch_dragon_rock_mobs/ymir work/monster2/crustacean_bow/back_knockdown.msa	d:/ymir work/monster2/crustacean_bow/back_knockdown.msa	0
metin2_patch_dragon_rock_mobs/ymir work/monster2/redthief2_boss/back_damage1.msa	d:/ymir work/monster2/redthief2_boss/back_damage1.msa	0
metin2_patch_dragon_rock_mobs/ymir work/monster2/crustacean_general/front_damage.gr2	d:/ymir work/monster2/crustacean_general/front_damage.gr2	0
metin2_patch_dragon_rock_mobs/ymir work/monster2/crustacean_boss2/normal_attack1.msa	d:/ymir work/monster2/crustacean_boss2/normal_attack1.msa	0
metin2_patch_dragon_rock_mobs/ymir work/monster2/crustacean_boss2/special_attack.gr2	d:/ymir work/monster2/crustacean_boss2/special_attack.gr2	0
metin2_patch_dragon_rock_mobs/ymir work/monster2/crustacean_soldier2/wait1.msa	d:/ymir work/monster2/crustacean_soldier2/wait1.msa	0
metin2_patch_dragon_rock_mobs/ymir work/monster2/crustacean_boss2/special_attack.msa	d:/ymir work/monster2/crustacean_boss2/special_attack.msa	0
metin2_patch_dragon_rock_mobs/ymir work/monster2/triton_magic/front_knockdown.gr2	d:/ymir work/monster2/triton_magic/front_knockdown.gr2	0
metin2_patch_dragon_rock_mobs/ymir work/monster2/crustacean_boss2/special_attack1.gr2	d:/ymir work/monster2/crustacean_boss2/special_attack1.gr2	0
metin2_patch_dragon_rock_mobs/ymir work/monster2/cyclops_soldier/front_damage.gr2	d:/ymir work/monster2/cyclops_soldier/front_damage.gr2	0
metin2_patch_dragon_rock_mobs/ymir work/monster2/ent_boss2/ent_boss2_2.wdp	d:/ymir work/monster2/ent_boss2/ent_boss2_2.wdp	0
metin2_patch_dragon_rock_mobs/ymir work/monster2/crustacean_boss2/wait.gr2	d:/ymir work/monster2/crustacean_boss2/wait.gr2	0
metin2_patch_dragon_rock_mobs/ymir work/monster2/crustacean_boss2/wait.msa	d:/ymir work/monster2/crustacean_boss2/wait.msa	0
metin2_patch_dragon_rock_mobs/ymir work/monster2/giant_boss/normal_attack1.msa	d:/ymir work/monster2/giant_boss/normal_attack1.msa	0
metin2_patch_dragon_rock_mobs/ymir work/monster2/ogre_officer/normal_attack.msa	d:/ymir work/monster2/ogre_officer/normal_attack.msa	0
metin2_patch_dragon_rock_mobs/ymir work/monster2/crustacean_boss2/wait1.gr2	d:/ymir work/monster2/crustacean_boss2/wait1.gr2	0
metin2_patch_dragon_rock_mobs/ymir work/monster2/cyclops_soldier2/wait.gr2	d:/ymir work/monster2/cyclops_soldier2/wait.gr2	0
metin2_patch_dragon_rock_mobs/ymir work/monster2/giant_boss2/wait3.msa	d:/ymir work/monster2/giant_boss2/wait3.msa	0
metin2_patch_dragon_rock_mobs/ymir work/monster2/crustacean_boss2/wait1.msa	d:/ymir work/monster2/crustacean_boss2/wait1.msa	0
metin2_patch_dragon_rock_mobs/ymir work/monster2/cyclops_soldier/wait.msa	d:/ymir work/monster2/cyclops_soldier/wait.msa	0
metin2_patch_dragon_rock_mobs/ymir work/monster2/cyclops_soldier2/front_dead.msa	d:/ymir work/monster2/cyclops_soldier2/front_dead.msa	0
metin2_patch_dragon_rock_mobs/ymir work/monster2/lemures_soldier/normal_attack.msa	d:/ymir work/monster2/lemures_soldier/normal_attack.msa	0
metin2_patch_dragon_rock_mobs/ymir work/monster2/gnoll_magic/run.gr2	d:/ymir work/monster2/gnoll_magic/run.gr2	0
metin2_patch_dragon_rock_mobs/ymir work/monster2/cyclops_boss2/cyclops_boss2.wdp	d:/ymir work/monster2/cyclops_boss2/cyclops_boss2.wdp	0
metin2_patch_dragon_rock_mobs/ymir work/monster2/redthief_boss2/wait2.gr2	d:/ymir work/monster2/redthief_boss2/wait2.gr2	0
metin2_patch_dragon_rock_mobs/ymir work/monster2/crustacean_boss2/wait2.gr2	d:/ymir work/monster2/crustacean_boss2/wait2.gr2	0
metin2_patch_dragon_rock_mobs/ymir work/monster2/crustacean_general/wait2.gr2	d:/ymir work/monster2/crustacean_general/wait2.gr2	0
metin2_patch_dragon_rock_mobs/ymir work/monster2/manticore_boss/back_damage.msa	d:/ymir work/monster2/manticore_boss/back_damage.msa	0
metin2_patch_dragon_rock_mobs/ymir work/monster2/crustacean_boss2/wait2.msa	d:/ymir work/monster2/crustacean_boss2/wait2.msa	0
metin2_patch_dragon_rock_mobs/ymir work/monster2/triton_boss/front_damage.msa	d:/ymir work/monster2/triton_boss/front_damage.msa	0
metin2_patch_dragon_rock_mobs/ymir work/monster2/cyclops_general/cyclops_general_weapon.wdp	d:/ymir work/monster2/cyclops_general/cyclops_general_weapon.wdp	0
metin2_patch_dragon_rock_mobs/ymir work/monster2/triton_officer/back_damage.gr2	d:/ymir work/monster2/triton_officer/back_damage.gr2	0
metin2_patch_dragon_rock_mobs/ymir work/monster2/gnoll_soldier/motlist.txt	d:/ymir work/monster2/gnoll_soldier/motlist.txt	0
metin2_patch_dragon_rock_mobs/ymir work/monster2/crustacean_boss2/walk.gr2	d:/ymir work/monster2/crustacean_boss2/walk.gr2	0
metin2_patch_dragon_rock_mobs/ymir work/monster2/crustacean_boss2/walk.msa	d:/ymir work/monster2/crustacean_boss2/walk.msa	0
metin2_patch_dragon_rock_mobs/ymir work/monster2/gnoll_soldier/back_knockdown.msa	d:/ymir work/monster2/gnoll_soldier/back_knockdown.msa	0
metin2_patch_dragon_rock_mobs/ymir work/monster2/redthief_soldier2/front_knockdown.gr2	d:/ymir work/monster2/redthief_soldier2/front_knockdown.gr2	0
metin2_patch_dragon_rock_mobs/ymir work/monster2/crustacean_bow/back_damage.gr2	d:/ymir work/monster2/crustacean_bow/back_damage.gr2	0
metin2_patch_dragon_rock_mobs/ymir work/monster2/giant_soldier/front_dead.msa	d:/ymir work/monster2/giant_soldier/front_dead.msa	0
metin2_patch_dragon_rock_mobs/ymir work/monster2/crustacean_bow/back_damage.msa	d:/ymir work/monster2/crustacean_bow/back_damage.msa	0
metin2_patch_dragon_rock_mobs/ymir work/monster2/manticore_magic/front_damage.msa	d:/ymir work/monster2/manticore_magic/front_damage.msa	0
metin2_patch_dragon_rock_mobs/ymir work/monster2/ogre_magic/wait.gr2	d:/ymir work/monster2/ogre_magic/wait.gr2	0
metin2_patch_dragon_rock_mobs/ymir work/monster2/gnoll_boss/normal_attack1.gr2	d:/ymir work/monster2/gnoll_boss/normal_attack1.gr2	0
metin2_patch_dragon_rock_mobs/ymir work/monster2/cyclops_boss2/normal_attack1.gr2	d:/ymir work/monster2/cyclops_boss2/normal_attack1.gr2	0
metin2_patch_dragon_rock_mobs/ymir work/monster2/cyclops_boss2/wait.msa	d:/ymir work/monster2/cyclops_boss2/wait.msa	0
metin2_patch_dragon_rock_mobs/ymir work/monster2/crustacean_bow/back_knockdown.gr2	d:/ymir work/monster2/crustacean_bow/back_knockdown.gr2	0
metin2_patch_dragon_rock_mobs/ymir work/monster2/giant_boss2/wait2.msa	d:/ymir work/monster2/giant_boss2/wait2.msa	0
metin2_patch_dragon_rock_mobs/ymir work/monster2/crustacean_soldier2/front_knockdown.msa	d:/ymir work/monster2/crustacean_soldier2/front_knockdown.msa	0
metin2_patch_dragon_rock_mobs/ymir work/monster2/crustacean_bow/crustacean_bow.wdp	d:/ymir work/monster2/crustacean_bow/crustacean_bow.wdp	0
metin2_patch_dragon_rock_mobs/ymir work/effect/monster2/fire_red1.mse	d:/ymir work/effect/monster2/fire_red1.mse	0
metin2_patch_dragon_rock_mobs/ymir work/monster2/crustacean_bow/crustacean_bow.gr2	d:/ymir work/monster2/crustacean_bow/crustacean_bow.gr2	0
metin2_patch_dragon_rock_mobs/ymir work/monster2/cyclops_officer/front_standup.msa	d:/ymir work/monster2/cyclops_officer/front_standup.msa	0
metin2_patch_dragon_rock_mobs/ymir work/monster2/redthief2_boss2/motlist.txt	d:/ymir work/monster2/redthief2_boss2/motlist.txt	0
metin2_patch_dragon_rock_mobs/ymir work/monster2/redthief_bow/walk.msa	d:/ymir work/monster2/redthief_bow/walk.msa	0
metin2_patch_dragon_rock_mobs/ymir work/monster2/crustacean_bow/front_dead.msa	d:/ymir work/monster2/crustacean_bow/front_dead.msa	0
metin2_patch_dragon_rock_mobs/ymir work/monster2/redthief2_officer/motlist.txt	d:/ymir work/monster2/redthief2_officer/motlist.txt	0
metin2_patch_dragon_rock_mobs/ymir work/monster2/crustacean_soldier2/front_dead.gr2	d:/ymir work/monster2/crustacean_soldier2/front_dead.gr2	0
metin2_patch_dragon_rock_mobs/ymir work/monster2/crustacean_bow/crustacean_bow.msm	d:/ymir work/monster2/crustacean_bow/crustacean_bow.msm	0
metin2_patch_dragon_rock_mobs/ymir work/monster2/gnoll_boss/front_knockdown.gr2	d:/ymir work/monster2/gnoll_boss/front_knockdown.gr2	0
metin2_patch_dragon_rock_mobs/ymir work/monster2/ogre_boss2/ogre_boss2_2.wdp	d:/ymir work/monster2/ogre_boss2/ogre_boss2_2.wdp	0
metin2_patch_dragon_rock_mobs/ymir work/monster2/redthief_soldier2/front_standup.gr2	d:/ymir work/monster2/redthief_soldier2/front_standup.gr2	0
metin2_patch_dragon_rock_mobs/ymir work/monster2/cyclops_soldier/back_damage.msa	d:/ymir work/monster2/cyclops_soldier/back_damage.msa	0
metin2_patch_dragon_rock_mobs/ymir work/monster2/crustacean_bow/front_damage.gr2	d:/ymir work/monster2/crustacean_bow/front_damage.gr2	0
metin2_patch_dragon_rock_mobs/ymir work/monster2/crustacean_bow/front_dead.gr2	d:/ymir work/monster2/crustacean_bow/front_dead.gr2	0
metin2_patch_dragon_rock_mobs/ymir work/monster2/redthief2_boss2/normal_attack.msa	d:/ymir work/monster2/redthief2_boss2/normal_attack.msa	0
metin2_patch_dragon_rock_mobs/ymir work/monster2/lemures_soldier/lemures_soldier_weapon.wdp	d:/ymir work/monster2/lemures_soldier/lemures_soldier_weapon.wdp	0
metin2_patch_dragon_rock_mobs/ymir work/monster2/triton_magic/triton_magic_lod_01.gr2	d:/ymir work/monster2/triton_magic/triton_magic_lod_01.gr2	0
metin2_patch_dragon_rock_mobs/ymir work/monster2/gnoll_general/normal_attack1.gr2	d:/ymir work/monster2/gnoll_general/normal_attack1.gr2	0
metin2_patch_dragon_rock_mobs/ymir work/monster2/redthief2_magic/redthief2_magic.gr2	d:/ymir work/monster2/redthief2_magic/redthief2_magic.gr2	0
metin2_patch_dragon_rock_mobs/ymir work/monster2/giant_boss2/normal_attack1.msa	d:/ymir work/monster2/giant_boss2/normal_attack1.msa	0
metin2_patch_dragon_rock_mobs/ymir work/monster2/crustacean_bow/front_knockdown.msa	d:/ymir work/monster2/crustacean_bow/front_knockdown.msa	0
metin2_patch_dragon_rock_mobs/ymir work/monster2/redthief_magic/normal_attack.gr2	d:/ymir work/monster2/redthief_magic/normal_attack.gr2	0
metin2_patch_dragon_rock_mobs/ymir work/monster2/gnoll_boss/run.msa	d:/ymir work/monster2/gnoll_boss/run.msa	0
metin2_patch_dragon_rock_mobs/ymir work/monster2/crustacean_bow/motlist.txt	d:/ymir work/monster2/crustacean_bow/motlist.txt	0
metin2_patch_dragon_rock_mobs/ymir work/monster2/crustacean_bow/front_standup.gr2	d:/ymir work/monster2/crustacean_bow/front_standup.gr2	0
metin2_patch_dragon_rock_mobs/ymir work/monster2/lemures_soldier2/run.gr2	d:/ymir work/monster2/lemures_soldier2/run.gr2	0
metin2_patch_dragon_rock_mobs/ymir work/monster2/crustacean_bow/normal_attack.gr2	d:/ymir work/monster2/crustacean_bow/normal_attack.gr2	0
metin2_patch_dragon_rock_mobs/ymir work/monster2/lemures_boss2/special_attack1.msa	d:/ymir work/monster2/lemures_boss2/special_attack1.msa	0
metin2_patch_dragon_rock_mobs/ymir work/monster2/cyclops_boss/normal_attack.msa	d:/ymir work/monster2/cyclops_boss/normal_attack.msa	0
metin2_patch_dragon_rock_mobs/ymir work/monster2/crustacean_bow/normal_attack1.gr2	d:/ymir work/monster2/crustacean_bow/normal_attack1.gr2	0
metin2_patch_dragon_rock_mobs/ymir work/monster2/redthief2_boss/redthief2_boss.wdp	d:/ymir work/monster2/redthief2_boss/redthief2_boss.wdp	0
metin2_patch_dragon_rock_mobs/ymir work/monster2/gnoll_general/gnoll_general.gr2	d:/ymir work/monster2/gnoll_general/gnoll_general.gr2	0
metin2_patch_dragon_rock_mobs/ymir work/monster2/ent_boss1/normal_attack1.msa	d:/ymir work/monster2/ent_boss1/normal_attack1.msa	0
metin2_patch_dragon_rock_mobs/ymir work/monster2/giant_boss/run.gr2	d:/ymir work/monster2/giant_boss/run.gr2	0
metin2_patch_dragon_rock_mobs/ymir work/monster2/manticore_soldier/maticore_soldier_lod_01.gr2	d:/ymir work/monster2/manticore_soldier/maticore_soldier_lod_01.gr2	0
metin2_patch_dragon_rock_mobs/ymir work/monster2/gnoll_boss2/normal_attack.gr2	d:/ymir work/monster2/gnoll_boss2/normal_attack.gr2	0
metin2_patch_dragon_rock_mobs/ymir work/monster2/crustacean_bow/normal_attack1.msa	d:/ymir work/monster2/crustacean_bow/normal_attack1.msa	0
metin2_patch_dragon_rock_mobs/ymir work/monster2/cyclops_boss/front_knockdown.msa	d:/ymir work/monster2/cyclops_boss/front_knockdown.msa	0
metin2_patch_dragon_rock_mobs/ymir work/monster2/manticore_general/manticore_general_weapon.wdp	d:/ymir work/monster2/manticore_general/manticore_general_weapon.wdp	0
metin2_patch_dragon_rock_mobs/ymir work/monster2/cyclops_officer/cyclops_officer.wdp	d:/ymir work/monster2/cyclops_officer/cyclops_officer.wdp	0
metin2_patch_dragon_rock_mobs/ymir work/monster2/crustacean_bow/run.gr2	d:/ymir work/monster2/crustacean_bow/run.gr2	0
metin2_patch_dragon_rock_mobs/ymir work/monster2/triton_magic/front_standup.gr2	d:/ymir work/monster2/triton_magic/front_standup.gr2	0
metin2_patch_dragon_rock_mobs/ymir work/monster2/crustacean_bow/run.msa	d:/ymir work/monster2/crustacean_bow/run.msa	0
metin2_patch_dragon_rock_mobs/ymir work/monster2/cyclops_general/run.gr2	d:/ymir work/monster2/cyclops_general/run.gr2	0
metin2_patch_dragon_rock_mobs/ymir work/monster2/cyclops_soldier2/walk.gr2	d:/ymir work/monster2/cyclops_soldier2/walk.gr2	0
metin2_patch_dragon_rock_mobs/ymir work/monster2/cyclops_boss2/wait.gr2	d:/ymir work/monster2/cyclops_boss2/wait.gr2	0
metin2_patch_dragon_rock_mobs/ymir work/monster2/manticore_boss/manticore_boss_2.wdp	d:/ymir work/monster2/manticore_boss/manticore_boss_2.wdp	0
metin2_patch_dragon_rock_mobs/ymir work/monster2/redthief2_soldier2/redthief2_soldier2.msm	d:/ymir work/monster2/redthief2_soldier2/redthief2_soldier2.msm	0
metin2_patch_dragon_rock_mobs/ymir work/monster2/gnoll_general/front_dead.gr2	d:/ymir work/monster2/gnoll_general/front_dead.gr2	0
metin2_patch_dragon_rock_mobs/ymir work/monster2/cyclops_soldier/cyclops_soldier_lod_01.gr2	d:/ymir work/monster2/cyclops_soldier/cyclops_soldier_lod_01.gr2	0
metin2_patch_dragon_rock_mobs/ymir work/monster2/redthief2_general/normal_attack.msa	d:/ymir work/monster2/redthief2_general/normal_attack.msa	0
metin2_patch_dragon_rock_mobs/ymir work/monster2/cyclops_soldier/front_knockdown.gr2	d:/ymir work/monster2/cyclops_soldier/front_knockdown.gr2	0
metin2_patch_dragon_rock_mobs/ymir work/monster2/cyclops_soldier2/normal_attack.gr2	d:/ymir work/monster2/cyclops_soldier2/normal_attack.gr2	0
metin2_patch_dragon_rock_mobs/ymir work/monster2/giant_magic/giant_magic.msm	d:/ymir work/monster2/giant_magic/giant_magic.msm	0
metin2_patch_dragon_rock_mobs/ymir work/monster2/manticore_boss2/run.gr2	d:/ymir work/monster2/manticore_boss2/run.gr2	0
metin2_patch_dragon_rock_mobs/ymir work/monster2/triton_officer/wait.gr2	d:/ymir work/monster2/triton_officer/wait.gr2	0
metin2_patch_dragon_rock_mobs/ymir work/monster2/ogre_bow/front_knockdown.msa	d:/ymir work/monster2/ogre_bow/front_knockdown.msa	0
metin2_patch_dragon_rock_mobs/ymir work/monster2/crustacean_bow/wait.gr2	d:/ymir work/monster2/crustacean_bow/wait.gr2	0
metin2_patch_dragon_rock_mobs/ymir work/monster2/crustacean_bow/wait.msa	d:/ymir work/monster2/crustacean_bow/wait.msa	0
metin2_patch_dragon_rock_mobs/ymir work/monster2/giant_magic/giant_magic.wdp	d:/ymir work/monster2/giant_magic/giant_magic.wdp	0
metin2_patch_dragon_rock_mobs/ymir work/monster2/crustacean_soldier/crustacean_soldier.msm	d:/ymir work/monster2/crustacean_soldier/crustacean_soldier.msm	0
metin2_patch_dragon_rock_mobs/ymir work/monster2/crustacean_bow/wait1.gr2	d:/ymir work/monster2/crustacean_bow/wait1.gr2	0
metin2_patch_dragon_rock_mobs/ymir work/monster2/gnoll_soldier/back_damage.gr2	d:/ymir work/monster2/gnoll_soldier/back_damage.gr2	0
metin2_patch_dragon_rock_mobs/ymir work/monster2/crustacean_general/front_dead.msa	d:/ymir work/monster2/crustacean_general/front_dead.msa	0
metin2_patch_dragon_rock_mobs/ymir work/monster2/cyclops_soldier/front_standup.msa	d:/ymir work/monster2/cyclops_soldier/front_standup.msa	0
metin2_patch_dragon_rock_mobs/ymir work/monster2/gnoll_magic/gnoll_magic.wdp	d:/ymir work/monster2/gnoll_magic/gnoll_magic.wdp	0
metin2_patch_dragon_rock_mobs/ymir work/monster2/crustacean_bow/wait1.msa	d:/ymir work/monster2/crustacean_bow/wait1.msa	0
metin2_patch_dragon_rock_mobs/ymir work/monster2/redthief_soldier2/front_dead.msa	d:/ymir work/monster2/redthief_soldier2/front_dead.msa	0
metin2_patch_dragon_rock_mobs/ymir work/monster2/cyclops_soldier/run.gr2	d:/ymir work/monster2/cyclops_soldier/run.gr2	0
metin2_patch_dragon_rock_mobs/ymir work/monster2/manticore_soldier2/front_knockdown.gr2	d:/ymir work/monster2/manticore_soldier2/front_knockdown.gr2	0
metin2_patch_dragon_rock_mobs/ymir work/monster2/ogre_magic/front_knockdown.msa	d:/ymir work/monster2/ogre_magic/front_knockdown.msa	0
metin2_patch_dragon_rock_mobs/ymir work/monster2/ent_boss3/back_damage1.gr2	d:/ymir work/monster2/ent_boss3/back_damage1.gr2	0
metin2_patch_dragon_rock_mobs/ymir work/monster2/crustacean_bow/wait2.gr2	d:/ymir work/monster2/crustacean_bow/wait2.gr2	0
metin2_patch_dragon_rock_mobs/ymir work/monster2/crustacean_bow/wait2.msa	d:/ymir work/monster2/crustacean_bow/wait2.msa	0
metin2_patch_dragon_rock_mobs/ymir work/monster2/gnoll_boss/wait2.msa	d:/ymir work/monster2/gnoll_boss/wait2.msa	0
metin2_patch_dragon_rock_mobs/ymir work/monster2/crustacean_bow/walk.gr2	d:/ymir work/monster2/crustacean_bow/walk.gr2	0
metin2_patch_dragon_rock_mobs/ymir work/monster2/crustacean_general/wait2.msa	d:/ymir work/monster2/crustacean_general/wait2.msa	0
metin2_patch_dragon_rock_mobs/ymir work/monster2/crustacean_soldier/crustacean_soldier.wdp	d:/ymir work/monster2/crustacean_soldier/crustacean_soldier.wdp	0
metin2_patch_dragon_rock_mobs/ymir work/monster2/manticore_boss2/normal_attack.msa	d:/ymir work/monster2/manticore_boss2/normal_attack.msa	0
metin2_patch_dragon_rock_mobs/ymir work/monster2/giant_magic/wait.msa	d:/ymir work/monster2/giant_magic/wait.msa	0
metin2_patch_dragon_rock_mobs/ymir work/monster2/triton_boss2/back_knockdown.gr2	d:/ymir work/monster2/triton_boss2/back_knockdown.gr2	0
metin2_patch_dragon_rock_mobs/ymir work/monster2/ogre_boss2/wait3.gr2	d:/ymir work/monster2/ogre_boss2/wait3.gr2	0
metin2_patch_dragon_rock_mobs/ymir work/monster2/crustacean_soldier2/walk.msa	d:/ymir work/monster2/crustacean_soldier2/walk.msa	0
metin2_patch_dragon_rock_mobs/ymir work/monster2/giant_soldier/wait1.gr2	d:/ymir work/monster2/giant_soldier/wait1.gr2	0
metin2_patch_dragon_rock_mobs/ymir work/monster2/crustacean_bow/walk.msa	d:/ymir work/monster2/crustacean_bow/walk.msa	0
metin2_patch_dragon_rock_mobs/ymir work/effect/monster2/tornado1.dds	d:/ymir work/effect/monster2/tornado1.dds	0
metin2_patch_dragon_rock_mobs/ymir work/monster2/redthief_officer/back_knockdown.gr2	d:/ymir work/monster2/redthief_officer/back_knockdown.gr2	0
metin2_patch_dragon_rock_mobs/ymir work/monster2/giant_magic/front_standup.gr2	d:/ymir work/monster2/giant_magic/front_standup.gr2	0
metin2_patch_dragon_rock_mobs/ymir work/monster2/lemures_boss/back_damage.gr2	d:/ymir work/monster2/lemures_boss/back_damage.gr2	0
metin2_patch_dragon_rock_mobs/ymir work/monster2/crustacean_general/back_knockdown.gr2	d:/ymir work/monster2/crustacean_general/back_knockdown.gr2	0
metin2_patch_dragon_rock_mobs/ymir work/monster2/crustacean_soldier/front_standup.gr2	d:/ymir work/monster2/crustacean_soldier/front_standup.gr2	0
metin2_patch_dragon_rock_mobs/ymir work/monster2/crustacean_general/back_knockdown.msa	d:/ymir work/monster2/crustacean_general/back_knockdown.msa	0
metin2_patch_dragon_rock_mobs/ymir work/monster2/ogre_boss2/walk.msa	d:/ymir work/monster2/ogre_boss2/walk.msa	0
metin2_patch_dragon_rock_mobs/ymir work/monster2/gnoll_boss/special_attack.gr2	d:/ymir work/monster2/gnoll_boss/special_attack.gr2	0
metin2_patch_dragon_rock_mobs/ymir work/monster2/giant_boss/wait1.gr2	d:/ymir work/monster2/giant_boss/wait1.gr2	0
metin2_patch_dragon_rock_mobs/ymir work/monster2/giant_general/giant_general.msm	d:/ymir work/monster2/giant_general/giant_general.msm	0
metin2_patch_dragon_rock_mobs/ymir work/monster2/crustacean_general/crustacean_general.wdp	d:/ymir work/monster2/crustacean_general/crustacean_general.wdp	0
metin2_patch_dragon_rock_mobs/ymir work/monster2/cyclops_boss2/front_damage.gr2	d:/ymir work/monster2/cyclops_boss2/front_damage.gr2	0
metin2_patch_dragon_rock_mobs/ymir work/monster2/triton_boss/front_dead.gr2	d:/ymir work/monster2/triton_boss/front_dead.gr2	0
metin2_patch_dragon_rock_mobs/ymir work/monster2/giant_general/back_knockdown.gr2	d:/ymir work/monster2/giant_general/back_knockdown.gr2	0
metin2_patch_dragon_rock_mobs/ymir work/monster2/cyclops_boss/front_knockdown.gr2	d:/ymir work/monster2/cyclops_boss/front_knockdown.gr2	0
metin2_patch_dragon_rock_mobs/ymir work/monster2/manticore_general/normal_attack.gr2	d:/ymir work/monster2/manticore_general/normal_attack.gr2	0
metin2_patch_dragon_rock_mobs/ymir work/monster2/crustacean_general/crustacean_general.gr2	d:/ymir work/monster2/crustacean_general/crustacean_general.gr2	0
metin2_patch_dragon_rock_mobs/ymir work/monster2/cyclops_boss2/special_attack.msa	d:/ymir work/monster2/cyclops_boss2/special_attack.msa	0
metin2_patch_dragon_rock_mobs/ymir work/monster2/triton_magic/front_dead.msa	d:/ymir work/monster2/triton_magic/front_dead.msa	0
metin2_patch_dragon_rock_mobs/ymir work/monster2/crustacean_general/crustacean_general.msm	d:/ymir work/monster2/crustacean_general/crustacean_general.msm	0
metin2_patch_dragon_rock_mobs/ymir work/monster2/crustacean_general/crustacean_general_lod_01.gr2	d:/ymir work/monster2/crustacean_general/crustacean_general_lod_01.gr2	0
metin2_patch_dragon_rock_mobs/ymir work/monster2/triton_soldier/walk.gr2	d:/ymir work/monster2/triton_soldier/walk.gr2	0
metin2_patch_dragon_rock_mobs/ymir work/monster2/cyclops_general/front_knockdown.gr2	d:/ymir work/monster2/cyclops_general/front_knockdown.gr2	0
metin2_patch_dragon_rock_mobs/ymir work/monster2/manticore_magic/front_standup.gr2	d:/ymir work/monster2/manticore_magic/front_standup.gr2	0
metin2_patch_dragon_rock_mobs/ymir work/monster2/manticore_boss2/wait1.msa	d:/ymir work/monster2/manticore_boss2/wait1.msa	0
metin2_patch_dragon_rock_mobs/ymir work/monster2/redthief_bow/wait.gr2	d:/ymir work/monster2/redthief_bow/wait.gr2	0
metin2_patch_dragon_rock_mobs/ymir work/monster2/crustacean_general/front_damage.msa	d:/ymir work/monster2/crustacean_general/front_damage.msa	0
metin2_patch_dragon_rock_mobs/ymir work/monster2/lemures_officer/front_damage.msa	d:/ymir work/monster2/lemures_officer/front_damage.msa	0
metin2_patch_dragon_rock_mobs/ymir work/monster2/cyclops_general/front_standup.msa	d:/ymir work/monster2/cyclops_general/front_standup.msa	0
metin2_patch_dragon_rock_mobs/ymir work/monster2/triton_soldier/triton_soldier_lod_01.gr2	d:/ymir work/monster2/triton_soldier/triton_soldier_lod_01.gr2	0
metin2_patch_dragon_rock_mobs/ymir work/monster2/giant_officer/giant_officer.wdp	d:/ymir work/monster2/giant_officer/giant_officer.wdp	0
metin2_patch_dragon_rock_mobs/ymir work/monster2/crustacean_general/front_dead.gr2	d:/ymir work/monster2/crustacean_general/front_dead.gr2	0
metin2_patch_dragon_rock_mobs/ymir work/monster2/manticore_soldier/front_dead.msa	d:/ymir work/monster2/manticore_soldier/front_dead.msa	0
metin2_patch_dragon_rock_mobs/ymir work/monster2/cyclops_soldier2/front_knockdown.msa	d:/ymir work/monster2/cyclops_soldier2/front_knockdown.msa	0
metin2_patch_dragon_rock_mobs/ymir work/monster2/cyclops_officer/wait.gr2	d:/ymir work/monster2/cyclops_officer/wait.gr2	0
metin2_patch_dragon_rock_mobs/ymir work/monster2/gnoll_boss2/normal_attack1.msa	d:/ymir work/monster2/gnoll_boss2/normal_attack1.msa	0
metin2_patch_dragon_rock_mobs/ymir work/monster2/cyclops_boss/front_damage.gr2	d:/ymir work/monster2/cyclops_boss/front_damage.gr2	0
metin2_patch_dragon_rock_mobs/ymir work/monster2/crustacean_general/front_knockdown.gr2	d:/ymir work/monster2/crustacean_general/front_knockdown.gr2	0
metin2_patch_dragon_rock_mobs/ymir work/monster2/lemures_boss/run.gr2	d:/ymir work/monster2/lemures_boss/run.gr2	0
metin2_patch_dragon_rock_mobs/ymir work/monster2/crustacean_general/front_standup.gr2	d:/ymir work/monster2/crustacean_general/front_standup.gr2	0
metin2_patch_dragon_rock_mobs/ymir work/monster2/cyclops_magic/normal_attack1.msa	d:/ymir work/monster2/cyclops_magic/normal_attack1.msa	0
metin2_patch_dragon_rock_mobs/ymir work/monster2/gnoll_soldier2/front_standup.msa	d:/ymir work/monster2/gnoll_soldier2/front_standup.msa	0
metin2_patch_dragon_rock_mobs/ymir work/monster2/crustacean_general/front_standup.msa	d:/ymir work/monster2/crustacean_general/front_standup.msa	0
metin2_patch_dragon_rock_mobs/ymir work/monster2/crustacean_general/motlist.txt	d:/ymir work/monster2/crustacean_general/motlist.txt	0
metin2_patch_dragon_rock_mobs/ymir work/monster2/ogre_boss/special_attack.gr2	d:/ymir work/monster2/ogre_boss/special_attack.gr2	0
metin2_patch_dragon_rock_mobs/ymir work/monster2/gnoll_boss2/back_knockdown.gr2	d:/ymir work/monster2/gnoll_boss2/back_knockdown.gr2	0
metin2_patch_dragon_rock_mobs/ymir work/monster2/lemures_soldier2/wait1.gr2	d:/ymir work/monster2/lemures_soldier2/wait1.gr2	0
metin2_patch_dragon_rock_mobs/ymir work/monster2/ogre_boss2/normal_attack.gr2	d:/ymir work/monster2/ogre_boss2/normal_attack.gr2	0
metin2_patch_dragon_rock_mobs/ymir work/monster2/cyclops_magic/back_knockdown.gr2	d:/ymir work/monster2/cyclops_magic/back_knockdown.gr2	0
metin2_patch_dragon_rock_mobs/ymir work/monster2/ogre_magic/wait.msa	d:/ymir work/monster2/ogre_magic/wait.msa	0
metin2_patch_dragon_rock_mobs/ymir work/monster2/crustacean_general/normal_attack.gr2	d:/ymir work/monster2/crustacean_general/normal_attack.gr2	0
metin2_patch_dragon_rock_mobs/ymir work/monster2/giant_soldier/giant_soldier.wdp	d:/ymir work/monster2/giant_soldier/giant_soldier.wdp	0
metin2_patch_dragon_rock_mobs/ymir work/monster2/crustacean_general/normal_attack.msa	d:/ymir work/monster2/crustacean_general/normal_attack.msa	0
metin2_patch_dragon_rock_mobs/ymir work/monster2/crustacean_general/normal_attack1.gr2	d:/ymir work/monster2/crustacean_general/normal_attack1.gr2	0
metin2_patch_dragon_rock_mobs/ymir work/monster2/cyclops_magic/run.gr2	d:/ymir work/monster2/cyclops_magic/run.gr2	0
metin2_patch_dragon_rock_mobs/ymir work/monster2/ent_boss1/wait2.gr2	d:/ymir work/monster2/ent_boss1/wait2.gr2	0
metin2_patch_dragon_rock_mobs/ymir work/monster2/crustacean_general/normal_attack1.msa	d:/ymir work/monster2/crustacean_general/normal_attack1.msa	0
metin2_patch_dragon_rock_mobs/ymir work/monster2/ent_boss1/front_standup.gr2	d:/ymir work/monster2/ent_boss1/front_standup.gr2	0
metin2_patch_dragon_rock_mobs/ymir work/monster2/crustacean_general/run.gr2	d:/ymir work/monster2/crustacean_general/run.gr2	0
metin2_patch_dragon_rock_mobs/ymir work/monster2/ogre_magic/ogre_magic_weapon.wdp	d:/ymir work/monster2/ogre_magic/ogre_magic_weapon.wdp	0
metin2_patch_dragon_rock_mobs/ymir work/monster2/redthief_boss2/front_knockdown.gr2	d:/ymir work/monster2/redthief_boss2/front_knockdown.gr2	0
metin2_patch_dragon_rock_mobs/ymir work/monster2/gnoll_magic/front_damage.msa	d:/ymir work/monster2/gnoll_magic/front_damage.msa	0
metin2_patch_dragon_rock_mobs/ymir work/monster2/gnoll_soldier2/back_knockdown.msa	d:/ymir work/monster2/gnoll_soldier2/back_knockdown.msa	0
metin2_patch_dragon_rock_mobs/ymir work/monster2/crustacean_general/run.msa	d:/ymir work/monster2/crustacean_general/run.msa	0
metin2_patch_dragon_rock_mobs/ymir work/monster2/giant_officer/front_dead.msa	d:/ymir work/monster2/giant_officer/front_dead.msa	0
metin2_patch_dragon_rock_mobs/ymir work/monster2/gnoll_general/back_knockdown.msa	d:/ymir work/monster2/gnoll_general/back_knockdown.msa	0
metin2_patch_dragon_rock_mobs/ymir work/monster2/crustacean_general/wait.gr2	d:/ymir work/monster2/crustacean_general/wait.gr2	0
metin2_patch_dragon_rock_mobs/ymir work/monster2/ogre_general/front_dead.gr2	d:/ymir work/monster2/ogre_general/front_dead.gr2	0
metin2_patch_dragon_rock_mobs/ymir work/monster2/gnoll_soldier2/front_dead.gr2	d:/ymir work/monster2/gnoll_soldier2/front_dead.gr2	0
metin2_patch_dragon_rock_mobs/ymir work/monster2/crustacean_general/wait.msa	d:/ymir work/monster2/crustacean_general/wait.msa	0
metin2_patch_dragon_rock_mobs/ymir work/monster2/cyclops_general/front_damage.gr2	d:/ymir work/monster2/cyclops_general/front_damage.gr2	0
metin2_patch_dragon_rock_mobs/ymir work/monster2/redthief_boss2/specil_attack.gr2	d:/ymir work/monster2/redthief_boss2/specil_attack.gr2	0
metin2_patch_dragon_rock_mobs/ymir work/monster2/lemures_general/back_knockdown.msa	d:/ymir work/monster2/lemures_general/back_knockdown.msa	0
metin2_patch_dragon_rock_mobs/ymir work/monster2/redthief_boss2/normal_attack.gr2	d:/ymir work/monster2/redthief_boss2/normal_attack.gr2	0
metin2_patch_dragon_rock_mobs/ymir work/monster2/ogre_soldier/front_dead.gr2	d:/ymir work/monster2/ogre_soldier/front_dead.gr2	0
metin2_patch_dragon_rock_mobs/ymir work/monster2/crustacean_general/wait1.gr2	d:/ymir work/monster2/crustacean_general/wait1.gr2	0
metin2_patch_dragon_rock_mobs/ymir work/monster2/manticore_officer/normal_attack1.gr2	d:/ymir work/monster2/manticore_officer/normal_attack1.gr2	0
metin2_patch_dragon_rock_mobs/ymir work/monster2/giant_officer/wait.msa	d:/ymir work/monster2/giant_officer/wait.msa	0
metin2_patch_dragon_rock_mobs/ymir work/monster2/redthief2_boss2/redthief2_boss2_lod_01.gr2	d:/ymir work/monster2/redthief2_boss2/redthief2_boss2_lod_01.gr2	0
metin2_patch_dragon_rock_mobs/ymir work/monster2/crustacean_general/wait1.msa	d:/ymir work/monster2/crustacean_general/wait1.msa	0
metin2_patch_dragon_rock_mobs/ymir work/monster2/giant_soldier2/front_dead.msa	d:/ymir work/monster2/giant_soldier2/front_dead.msa	0
metin2_patch_dragon_rock_mobs/ymir work/monster2/cyclops_soldier/wait1.gr2	d:/ymir work/monster2/cyclops_soldier/wait1.gr2	0
metin2_patch_dragon_rock_mobs/ymir work/monster2/manticore_magic/back_knockdown.msa	d:/ymir work/monster2/manticore_magic/back_knockdown.msa	0
metin2_patch_dragon_rock_mobs/ymir work/monster2/crustacean_general/walk.gr2	d:/ymir work/monster2/crustacean_general/walk.gr2	0
metin2_patch_dragon_rock_mobs/ymir work/monster2/redthief_soldier2/wait.msa	d:/ymir work/monster2/redthief_soldier2/wait.msa	0
metin2_patch_dragon_rock_mobs/ymir work/monster2/crustacean_general/walk.msa	d:/ymir work/monster2/crustacean_general/walk.msa	0
metin2_patch_dragon_rock_mobs/ymir work/monster2/cyclops_magic/cyclops_magic_weapon.wdp	d:/ymir work/monster2/cyclops_magic/cyclops_magic_weapon.wdp	0
metin2_patch_dragon_rock_mobs/ymir work/monster2/ogre_soldier/wait.msa	d:/ymir work/monster2/ogre_soldier/wait.msa	0
metin2_patch_dragon_rock_mobs/ymir work/monster2/ogre_boss2/ogre_boss2.gr2	d:/ymir work/monster2/ogre_boss2/ogre_boss2.gr2	0
metin2_patch_dragon_rock_mobs/ymir work/monster2/crustacean_officer/back_damage.gr2	d:/ymir work/monster2/crustacean_officer/back_damage.gr2	0
metin2_patch_dragon_rock_mobs/ymir work/monster2/crustacean_officer/wait1.gr2	d:/ymir work/monster2/crustacean_officer/wait1.gr2	0
metin2_patch_dragon_rock_mobs/ymir work/monster2/manticore_boss2/manticore_boss2_lod_01.gr2	d:/ymir work/monster2/manticore_boss2/manticore_boss2_lod_01.gr2	0
metin2_patch_dragon_rock_mobs/ymir work/monster2/crustacean_officer/back_damage.msa	d:/ymir work/monster2/crustacean_officer/back_damage.msa	0
metin2_patch_dragon_rock_mobs/ymir work/monster2/cyclops_magic/normal_attack.msa	d:/ymir work/monster2/cyclops_magic/normal_attack.msa	0
metin2_patch_dragon_rock_mobs/ymir work/monster2/lemures_soldier2/lemures_soldier2_lod_01.gr2	d:/ymir work/monster2/lemures_soldier2/lemures_soldier2_lod_01.gr2	0
metin2_patch_dragon_rock_mobs/ymir work/monster2/crustacean_officer/back_knockdown.gr2	d:/ymir work/monster2/crustacean_officer/back_knockdown.gr2	0
metin2_patch_dragon_rock_mobs/ymir work/monster2/crustacean_officer/back_knockdown.msa	d:/ymir work/monster2/crustacean_officer/back_knockdown.msa	0
metin2_patch_dragon_rock_mobs/ymir work/monster2/manticore_officer/back_damage.gr2	d:/ymir work/monster2/manticore_officer/back_damage.gr2	0
metin2_patch_dragon_rock_mobs/ymir work/monster2/gnoll_boss2/wait.gr2	d:/ymir work/monster2/gnoll_boss2/wait.gr2	0
metin2_patch_dragon_rock_mobs/ymir work/monster2/giant_soldier/giant_soldier.msm	d:/ymir work/monster2/giant_soldier/giant_soldier.msm	0
metin2_patch_dragon_rock_mobs/ymir work/monster2/ogre_general/wait.msa	d:/ymir work/monster2/ogre_general/wait.msa	0
metin2_patch_dragon_rock_mobs/ymir work/effect/monster2/ray_blue1.mse	d:/ymir work/effect/monster2/ray_blue1.mse	0
metin2_patch_dragon_rock_mobs/ymir work/monster2/crustacean_officer/crustacean_officer.wdp	d:/ymir work/monster2/crustacean_officer/crustacean_officer.wdp	0
metin2_patch_dragon_rock_mobs/ymir work/monster2/crustacean_soldier2/normal_attack.gr2	d:/ymir work/monster2/crustacean_soldier2/normal_attack.gr2	0
metin2_patch_dragon_rock_mobs/ymir work/monster2/cyclops_boss/back_damage.msa	d:/ymir work/monster2/cyclops_boss/back_damage.msa	0
metin2_patch_dragon_rock_mobs/ymir work/monster2/giant_soldier/front_knockdown.gr2	d:/ymir work/monster2/giant_soldier/front_knockdown.gr2	0
metin2_patch_dragon_rock_mobs/ymir work/monster2/crustacean_officer/crustacean_officer.gr2	d:/ymir work/monster2/crustacean_officer/crustacean_officer.gr2	0
metin2_patch_dragon_rock_mobs/ymir work/monster2/cyclops_soldier2/run.gr2	d:/ymir work/monster2/cyclops_soldier2/run.gr2	0
metin2_patch_dragon_rock_mobs/ymir work/monster2/crustacean_soldier/wait.gr2	d:/ymir work/monster2/crustacean_soldier/wait.gr2	0
metin2_patch_dragon_rock_mobs/ymir work/monster2/cyclops_boss2/wait3.msa	d:/ymir work/monster2/cyclops_boss2/wait3.msa	0
metin2_patch_dragon_rock_mobs/ymir work/monster2/giant_soldier2/wait1.msa	d:/ymir work/monster2/giant_soldier2/wait1.msa	0
metin2_patch_dragon_rock_mobs/ymir work/monster2/ogre_general/normal_attack.msa	d:/ymir work/monster2/ogre_general/normal_attack.msa	0
metin2_patch_dragon_rock_mobs/ymir work/monster2/crustacean_officer/crustacean_officer.msm	d:/ymir work/monster2/crustacean_officer/crustacean_officer.msm	0
metin2_patch_dragon_rock_mobs/ymir work/monster2/crustacean_officer/front_damage.gr2	d:/ymir work/monster2/crustacean_officer/front_damage.gr2	0
metin2_patch_dragon_rock_mobs/ymir work/monster2/crustacean_officer/front_damage.msa	d:/ymir work/monster2/crustacean_officer/front_damage.msa	0
metin2_patch_dragon_rock_mobs/ymir work/monster2/cyclops_boss/front_standup.gr2	d:/ymir work/monster2/cyclops_boss/front_standup.gr2	0
metin2_patch_dragon_rock_mobs/ymir work/monster2/cyclops_soldier/cyclops_soldier_weapon.wdp	d:/ymir work/monster2/cyclops_soldier/cyclops_soldier_weapon.wdp	0
metin2_patch_dragon_rock_mobs/ymir work/monster2/lemures_soldier/wait1.msa	d:/ymir work/monster2/lemures_soldier/wait1.msa	0
metin2_patch_dragon_rock_mobs/ymir work/monster2/cyclops_boss2/front_standup.gr2	d:/ymir work/monster2/cyclops_boss2/front_standup.gr2	0
metin2_patch_dragon_rock_mobs/ymir work/monster2/gnoll_boss/wait.msa	d:/ymir work/monster2/gnoll_boss/wait.msa	0
metin2_patch_dragon_rock_mobs/ymir work/monster2/crustacean_officer/front_dead.msa	d:/ymir work/monster2/crustacean_officer/front_dead.msa	0
metin2_patch_dragon_rock_mobs/ymir work/monster2/cyclops_magic/front_damage.gr2	d:/ymir work/monster2/cyclops_magic/front_damage.gr2	0
metin2_patch_dragon_rock_mobs/ymir work/monster2/cyclops_boss/cyclops_boss_lod_01.gr2	d:/ymir work/monster2/cyclops_boss/cyclops_boss_lod_01.gr2	0
metin2_patch_dragon_rock_mobs/ymir work/monster2/redthief2_boss/wait1.msa	d:/ymir work/monster2/redthief2_boss/wait1.msa	0
metin2_patch_dragon_rock_mobs/ymir work/monster2/cyclops_officer/front_dead.gr2	d:/ymir work/monster2/cyclops_officer/front_dead.gr2	0
metin2_patch_dragon_rock_mobs/ymir work/monster2/manticore_officer/normal_attack1.msa	d:/ymir work/monster2/manticore_officer/normal_attack1.msa	0
metin2_patch_dragon_rock_mobs/ymir work/monster2/ent_boss2/special_attack.msa	d:/ymir work/monster2/ent_boss2/special_attack.msa	0
metin2_patch_dragon_rock_mobs/ymir work/monster2/crustacean_officer/front_knockdown.gr2	d:/ymir work/monster2/crustacean_officer/front_knockdown.gr2	0
metin2_patch_dragon_rock_mobs/ymir work/monster2/giant_general/wait2.msa	d:/ymir work/monster2/giant_general/wait2.msa	0
metin2_patch_dragon_rock_mobs/ymir work/monster2/giant_general/normal_attack1.msa	d:/ymir work/monster2/giant_general/normal_attack1.msa	0
metin2_patch_dragon_rock_mobs/ymir work/monster2/redthief2_soldier2/wait2.msa	d:/ymir work/monster2/redthief2_soldier2/wait2.msa	0
metin2_patch_dragon_rock_mobs/ymir work/monster2/lemures_boss/front_knockdown.gr2	d:/ymir work/monster2/lemures_boss/front_knockdown.gr2	0
metin2_patch_dragon_rock_mobs/ymir work/monster2/crustacean_officer/front_knockdown.msa	d:/ymir work/monster2/crustacean_officer/front_knockdown.msa	0
metin2_patch_dragon_rock_mobs/ymir work/monster2/cyclops_magic/run.msa	d:/ymir work/monster2/cyclops_magic/run.msa	0
metin2_patch_dragon_rock_mobs/ymir work/monster2/crustacean_officer/front_standup.gr2	d:/ymir work/monster2/crustacean_officer/front_standup.gr2	0
metin2_patch_dragon_rock_mobs/ymir work/monster2/lemures_soldier2/normal_attack1.gr2	d:/ymir work/monster2/lemures_soldier2/normal_attack1.gr2	0
metin2_patch_dragon_rock_mobs/ymir work/monster2/crustacean_officer/front_standup.msa	d:/ymir work/monster2/crustacean_officer/front_standup.msa	0
metin2_patch_dragon_rock_mobs/ymir work/monster2/cyclops_soldier/normal_attack1.msa	d:/ymir work/monster2/cyclops_soldier/normal_attack1.msa	0
metin2_patch_dragon_rock_mobs/ymir work/monster2/crustacean_officer/motlist.txt	d:/ymir work/monster2/crustacean_officer/motlist.txt	0
metin2_patch_dragon_rock_mobs/ymir work/monster2/crustacean_soldier/back_damage.msa	d:/ymir work/monster2/crustacean_soldier/back_damage.msa	0
metin2_patch_dragon_rock_mobs/ymir work/monster2/cyclops_magic/walk.gr2	d:/ymir work/monster2/cyclops_magic/walk.gr2	0
metin2_patch_dragon_rock_mobs/ymir work/monster2/crustacean_officer/normal_attack.gr2	d:/ymir work/monster2/crustacean_officer/normal_attack.gr2	0
metin2_patch_dragon_rock_mobs/ymir work/monster2/crustacean_officer/normal_attack1.gr2	d:/ymir work/monster2/crustacean_officer/normal_attack1.gr2	0
metin2_patch_dragon_rock_mobs/ymir work/monster2/ogre_soldier/back_damage.msa	d:/ymir work/monster2/ogre_soldier/back_damage.msa	0
metin2_patch_dragon_rock_mobs/ymir work/monster2/crustacean_officer/run.gr2	d:/ymir work/monster2/crustacean_officer/run.gr2	0
metin2_patch_dragon_rock_mobs/ymir work/monster2/manticore_soldier2/front_damage.gr2	d:/ymir work/monster2/manticore_soldier2/front_damage.gr2	0
metin2_patch_dragon_rock_mobs/ymir work/monster2/giant_boss2/front_knockdown.gr2	d:/ymir work/monster2/giant_boss2/front_knockdown.gr2	0
metin2_patch_dragon_rock_mobs/ymir work/monster2/cyclops_officer/wait1.gr2	d:/ymir work/monster2/cyclops_officer/wait1.gr2	0
metin2_patch_dragon_rock_mobs/ymir work/monster2/crustacean_officer/run.msa	d:/ymir work/monster2/crustacean_officer/run.msa	0
metin2_patch_dragon_rock_mobs/ymir work/monster2/cyclops_boss/wait.gr2	d:/ymir work/monster2/cyclops_boss/wait.gr2	0
metin2_patch_dragon_rock_mobs/ymir work/monster2/crustacean_officer/wait.gr2	d:/ymir work/monster2/crustacean_officer/wait.gr2	0
metin2_patch_dragon_rock_mobs/ymir work/monster2/redthief_boss2/front_standup.msa	d:/ymir work/monster2/redthief_boss2/front_standup.msa	0
metin2_patch_dragon_rock_mobs/ymir work/monster2/crustacean_officer/wait.msa	d:/ymir work/monster2/crustacean_officer/wait.msa	0
metin2_patch_dragon_rock_mobs/ymir work/monster2/cyclops_soldier2/back_knockdown.msa	d:/ymir work/monster2/cyclops_soldier2/back_knockdown.msa	0
metin2_patch_dragon_rock_mobs/ymir work/monster2/crustacean_soldier2/front_damage.gr2	d:/ymir work/monster2/crustacean_soldier2/front_damage.gr2	0
metin2_patch_dragon_rock_mobs/ymir work/monster2/redthief_boss2/specil_attack.msa	d:/ymir work/monster2/redthief_boss2/specil_attack.msa	0
metin2_patch_dragon_rock_mobs/ymir work/monster2/cyclops_general/cyclops_general.msm	d:/ymir work/monster2/cyclops_general/cyclops_general.msm	0
metin2_patch_dragon_rock_mobs/ymir work/monster2/manticore_magic/manticore_magic.msm	d:/ymir work/monster2/manticore_magic/manticore_magic.msm	0
metin2_patch_dragon_rock_mobs/ymir work/monster2/crustacean_officer/wait1.msa	d:/ymir work/monster2/crustacean_officer/wait1.msa	0
metin2_patch_dragon_rock_mobs/ymir work/monster2/manticore_boss/run.msa	d:/ymir work/monster2/manticore_boss/run.msa	0
metin2_patch_dragon_rock_mobs/ymir work/monster2/crustacean_officer/wait2.gr2	d:/ymir work/monster2/crustacean_officer/wait2.gr2	0
metin2_patch_dragon_rock_mobs/ymir work/monster2/cyclops_soldier/back_knockdown.msa	d:/ymir work/monster2/cyclops_soldier/back_knockdown.msa	0
metin2_patch_dragon_rock_mobs/ymir work/monster2/cyclops_boss2/walk.msa	d:/ymir work/monster2/cyclops_boss2/walk.msa	0
metin2_patch_dragon_rock_mobs/ymir work/monster2/lemures_magic/front_knockdown.msa	d:/ymir work/monster2/lemures_magic/front_knockdown.msa	0
metin2_patch_dragon_rock_mobs/ymir work/monster2/manticore_soldier/normal_attack.gr2	d:/ymir work/monster2/manticore_soldier/normal_attack.gr2	0
metin2_patch_dragon_rock_mobs/ymir work/monster2/crustacean_officer/wait2.msa	d:/ymir work/monster2/crustacean_officer/wait2.msa	0
metin2_patch_dragon_rock_mobs/ymir work/monster2/cyclops_boss/front_standup.msa	d:/ymir work/monster2/cyclops_boss/front_standup.msa	0
metin2_patch_dragon_rock_mobs/ymir work/monster2/crustacean_officer/walk.gr2	d:/ymir work/monster2/crustacean_officer/walk.gr2	0
metin2_patch_dragon_rock_mobs/ymir work/monster2/crustacean_soldier/back_damage.gr2	d:/ymir work/monster2/crustacean_soldier/back_damage.gr2	0
metin2_patch_dragon_rock_mobs/ymir work/monster2/manticore_officer/maticore_officer_lod_01.gr2	d:/ymir work/monster2/manticore_officer/maticore_officer_lod_01.gr2	0
metin2_patch_dragon_rock_mobs/ymir work/monster2/triton_officer/triton_officer_lod_01.gr2	d:/ymir work/monster2/triton_officer/triton_officer_lod_01.gr2	0
metin2_patch_dragon_rock_mobs/ymir work/monster2/giant_boss/wait3.gr2	d:/ymir work/monster2/giant_boss/wait3.gr2	0
metin2_patch_dragon_rock_mobs/ymir work/monster2/crustacean_soldier/back_knockdown.gr2	d:/ymir work/monster2/crustacean_soldier/back_knockdown.gr2	0
metin2_patch_dragon_rock_mobs/ymir work/monster2/manticore_magic/manticore_magic_1.wdp	d:/ymir work/monster2/manticore_magic/manticore_magic_1.wdp	0
metin2_patch_dragon_rock_mobs/ymir work/monster2/manticore_soldier2/manticore_soldier2.gr2	d:/ymir work/monster2/manticore_soldier2/manticore_soldier2.gr2	0
metin2_patch_dragon_rock_mobs/ymir work/monster2/redthief2_bow/back_knockdown.msa	d:/ymir work/monster2/redthief2_bow/back_knockdown.msa	0
metin2_patch_dragon_rock_mobs/ymir work/monster2/ent_boss1/walk.msa	d:/ymir work/monster2/ent_boss1/walk.msa	0
metin2_patch_dragon_rock_mobs/ymir work/monster2/crustacean_soldier/back_knockdown.msa	d:/ymir work/monster2/crustacean_soldier/back_knockdown.msa	0
metin2_patch_dragon_rock_mobs/ymir work/monster2/crustacean_soldier/crustacean_soldier.gr2	d:/ymir work/monster2/crustacean_soldier/crustacean_soldier.gr2	0
metin2_patch_dragon_rock_mobs/ymir work/monster2/gnoll_soldier/gnoll_soldier.msm	d:/ymir work/monster2/gnoll_soldier/gnoll_soldier.msm	0
metin2_patch_dragon_rock_mobs/ymir work/monster2/crustacean_soldier2/crustacean_soldier2_lod_01.gr2	d:/ymir work/monster2/crustacean_soldier2/crustacean_soldier2_lod_01.gr2	0
metin2_patch_dragon_rock_mobs/ymir work/monster2/crustacean_soldier/front_damage.gr2	d:/ymir work/monster2/crustacean_soldier/front_damage.gr2	0
metin2_patch_dragon_rock_mobs/ymir work/monster2/crustacean_soldier/front_damage.msa	d:/ymir work/monster2/crustacean_soldier/front_damage.msa	0
metin2_patch_dragon_rock_mobs/ymir work/monster2/gnoll_boss2/front_standup.gr2	d:/ymir work/monster2/gnoll_boss2/front_standup.gr2	0
metin2_patch_dragon_rock_mobs/ymir work/monster2/crustacean_soldier/front_dead.gr2	d:/ymir work/monster2/crustacean_soldier/front_dead.gr2	0
metin2_patch_dragon_rock_mobs/ymir work/monster2/giant_boss2/special_attack1.gr2	d:/ymir work/monster2/giant_boss2/special_attack1.gr2	0
metin2_patch_dragon_rock_mobs/ymir work/monster2/giant_boss/wait.msa	d:/ymir work/monster2/giant_boss/wait.msa	0
metin2_patch_dragon_rock_mobs/ymir work/effect/monster/alpha1.wdp	d:/ymir work/effect/monster/alpha1.wdp	0
metin2_patch_dragon_rock_mobs/ymir work/monster2/gnoll_magic/normal_attack.msa	d:/ymir work/monster2/gnoll_magic/normal_attack.msa	0
metin2_patch_dragon_rock_mobs/ymir work/monster2/ent_boss2/ent_boss2_lod_01.gr2	d:/ymir work/monster2/ent_boss2/ent_boss2_lod_01.gr2	0
metin2_patch_dragon_rock_mobs/ymir work/monster2/manticore_boss/normal_attack1.gr2	d:/ymir work/monster2/manticore_boss/normal_attack1.gr2	0
metin2_patch_dragon_rock_mobs/ymir work/monster2/ent_boss1/front_damage.msa	d:/ymir work/monster2/ent_boss1/front_damage.msa	0
metin2_patch_dragon_rock_mobs/ymir work/monster2/triton_magic/front_damage.msa	d:/ymir work/monster2/triton_magic/front_damage.msa	0
metin2_patch_dragon_rock_mobs/ymir work/monster2/giant_boss/back_damage1.msa	d:/ymir work/monster2/giant_boss/back_damage1.msa	0
metin2_patch_dragon_rock_mobs/ymir work/monster2/crustacean_soldier/front_dead.msa	d:/ymir work/monster2/crustacean_soldier/front_dead.msa	0
metin2_patch_dragon_rock_mobs/ymir work/monster2/crustacean_soldier/front_knockdown.gr2	d:/ymir work/monster2/crustacean_soldier/front_knockdown.gr2	0
metin2_patch_dragon_rock_mobs/ymir work/monster2/gnoll_bow/back_knockdown.msa	d:/ymir work/monster2/gnoll_bow/back_knockdown.msa	0
metin2_patch_dragon_rock_mobs/ymir work/monster2/cyclops_officer/walk.gr2	d:/ymir work/monster2/cyclops_officer/walk.gr2	0
metin2_patch_dragon_rock_mobs/ymir work/monster2/manticore_soldier2/back_damage.msa	d:/ymir work/monster2/manticore_soldier2/back_damage.msa	0
metin2_patch_dragon_rock_mobs/ymir work/monster2/giant_general/normal_attack.msa	d:/ymir work/monster2/giant_general/normal_attack.msa	0
metin2_patch_dragon_rock_mobs/ymir work/monster2/crustacean_soldier/front_knockdown.msa	d:/ymir work/monster2/crustacean_soldier/front_knockdown.msa	0
metin2_patch_dragon_rock_mobs/ymir work/monster2/crustacean_soldier/front_standup.msa	d:/ymir work/monster2/crustacean_soldier/front_standup.msa	0
metin2_patch_dragon_rock_mobs/ymir work/monster2/ogre_magic/front_damage.gr2	d:/ymir work/monster2/ogre_magic/front_damage.gr2	0
metin2_patch_dragon_rock_mobs/ymir work/monster2/crustacean_soldier/motlist.txt	d:/ymir work/monster2/crustacean_soldier/motlist.txt	0
metin2_patch_dragon_rock_mobs/ymir work/monster2/manticore_boss/special_attack.msa	d:/ymir work/monster2/manticore_boss/special_attack.msa	0
metin2_patch_dragon_rock_mobs/ymir work/monster2/gnoll_general/gnoll_general.wdp	d:/ymir work/monster2/gnoll_general/gnoll_general.wdp	0
metin2_patch_dragon_rock_mobs/ymir work/monster2/lemures_boss/lemures_boss_lod_01.gr2	d:/ymir work/monster2/lemures_boss/lemures_boss_lod_01.gr2	0
metin2_patch_dragon_rock_mobs/ymir work/monster2/crustacean_soldier/normal_attack.msa	d:/ymir work/monster2/crustacean_soldier/normal_attack.msa	0
metin2_patch_dragon_rock_mobs/ymir work/monster2/gnoll_soldier/run.gr2	d:/ymir work/monster2/gnoll_soldier/run.gr2	0
metin2_patch_dragon_rock_mobs/ymir work/monster2/ent_boss2/back_damage.gr2	d:/ymir work/monster2/ent_boss2/back_damage.gr2	0
metin2_patch_dragon_rock_mobs/ymir work/monster2/manticore_boss/wait2.gr2	d:/ymir work/monster2/manticore_boss/wait2.gr2	0
metin2_patch_dragon_rock_mobs/ymir work/monster2/crustacean_soldier/normal_attack1.gr2	d:/ymir work/monster2/crustacean_soldier/normal_attack1.gr2	0
metin2_patch_dragon_rock_mobs/ymir work/monster2/cyclops_general/back_knockdown.msa	d:/ymir work/monster2/cyclops_general/back_knockdown.msa	0
metin2_patch_dragon_rock_mobs/ymir work/monster2/ent_boss1/wait1.gr2	d:/ymir work/monster2/ent_boss1/wait1.gr2	0
metin2_patch_dragon_rock_mobs/ymir work/monster2/crustacean_soldier/normal_attack1.msa	d:/ymir work/monster2/crustacean_soldier/normal_attack1.msa	0
metin2_patch_dragon_rock_mobs/ymir work/monster2/manticore_boss2/front_knockdown.msa	d:/ymir work/monster2/manticore_boss2/front_knockdown.msa	0
metin2_patch_dragon_rock_mobs/ymir work/monster2/gnoll_soldier/normal_attack1.msa	d:/ymir work/monster2/gnoll_soldier/normal_attack1.msa	0
metin2_patch_dragon_rock_mobs/ymir work/monster2/crustacean_soldier/run.gr2	d:/ymir work/monster2/crustacean_soldier/run.gr2	0
metin2_patch_dragon_rock_mobs/ymir work/monster2/redthief_bow/run.gr2	d:/ymir work/monster2/redthief_bow/run.gr2	0
metin2_patch_dragon_rock_mobs/ymir work/monster2/giant_soldier2/wait.msa	d:/ymir work/monster2/giant_soldier2/wait.msa	0
metin2_patch_dragon_rock_mobs/ymir work/monster2/ogre_boss/back_knockdown.gr2	d:/ymir work/monster2/ogre_boss/back_knockdown.gr2	0
metin2_patch_dragon_rock_mobs/ymir work/monster2/crustacean_soldier/run.msa	d:/ymir work/monster2/crustacean_soldier/run.msa	0
metin2_patch_dragon_rock_mobs/ymir work/monster2/triton_boss/front_damage1.gr2	d:/ymir work/monster2/triton_boss/front_damage1.gr2	0
metin2_patch_dragon_rock_mobs/ymir work/monster2/cyclops_boss2/front_standup.msa	d:/ymir work/monster2/cyclops_boss2/front_standup.msa	0
metin2_patch_dragon_rock_mobs/ymir work/monster2/giant_officer/wait2.msa	d:/ymir work/monster2/giant_officer/wait2.msa	0
metin2_patch_dragon_rock_mobs/ymir work/monster2/ogre_soldier/walk.gr2	d:/ymir work/monster2/ogre_soldier/walk.gr2	0
metin2_patch_dragon_rock_mobs/ymir work/monster2/triton_magic/front_damage.gr2	d:/ymir work/monster2/triton_magic/front_damage.gr2	0
metin2_patch_dragon_rock_mobs/ymir work/monster2/crustacean_soldier/wait.msa	d:/ymir work/monster2/crustacean_soldier/wait.msa	0
metin2_patch_dragon_rock_mobs/ymir work/monster2/giant_boss2/normal_attack.msa	d:/ymir work/monster2/giant_boss2/normal_attack.msa	0
metin2_patch_dragon_rock_mobs/ymir work/monster2/ent_boss1/back_damage.msa	d:/ymir work/monster2/ent_boss1/back_damage.msa	0
metin2_patch_dragon_rock_mobs/ymir work/monster2/crustacean_soldier/wait1.gr2	d:/ymir work/monster2/crustacean_soldier/wait1.gr2	0
metin2_patch_dragon_rock_mobs/ymir work/monster2/cyclops_soldier/normal_attack1.gr2	d:/ymir work/monster2/cyclops_soldier/normal_attack1.gr2	0
metin2_patch_dragon_rock_mobs/ymir work/monster2/cyclops_magic/front_dead.gr2	d:/ymir work/monster2/cyclops_magic/front_dead.gr2	0
metin2_patch_dragon_rock_mobs/ymir work/monster2/crustacean_soldier/wait1.msa	d:/ymir work/monster2/crustacean_soldier/wait1.msa	0
metin2_patch_dragon_rock_mobs/ymir work/monster2/manticore_boss2/motlist.txt	d:/ymir work/monster2/manticore_boss2/motlist.txt	0
metin2_patch_dragon_rock_mobs/ymir work/monster2/triton_boss/wait.gr2	d:/ymir work/monster2/triton_boss/wait.gr2	0
metin2_patch_dragon_rock_mobs/ymir work/monster2/giant_soldier2/front_standup.gr2	d:/ymir work/monster2/giant_soldier2/front_standup.gr2	0
metin2_patch_dragon_rock_mobs/ymir work/monster2/giant_officer/giant_officer_lod_01.gr2	d:/ymir work/monster2/giant_officer/giant_officer_lod_01.gr2	0
metin2_patch_dragon_rock_mobs/ymir work/monster2/redthief_general/front_knockdown.gr2	d:/ymir work/monster2/redthief_general/front_knockdown.gr2	0
metin2_patch_dragon_rock_mobs/ymir work/monster2/crustacean_soldier/wait2.gr2	d:/ymir work/monster2/crustacean_soldier/wait2.gr2	0
metin2_patch_dragon_rock_mobs/ymir work/monster2/redthief2_boss/wait2.msa	d:/ymir work/monster2/redthief2_boss/wait2.msa	0
metin2_patch_dragon_rock_mobs/ymir work/monster2/triton_soldier/run.gr2	d:/ymir work/monster2/triton_soldier/run.gr2	0
metin2_patch_dragon_rock_mobs/ymir work/monster2/cyclops_boss2/wait1.gr2	d:/ymir work/monster2/cyclops_boss2/wait1.gr2	0
metin2_patch_dragon_rock_mobs/ymir work/monster2/ogre_magic/front_standup.gr2	d:/ymir work/monster2/ogre_magic/front_standup.gr2	0
metin2_patch_dragon_rock_mobs/ymir work/monster2/triton_boss/wait.msa	d:/ymir work/monster2/triton_boss/wait.msa	0
metin2_patch_dragon_rock_mobs/ymir work/monster2/gnoll_boss2/wait1.msa	d:/ymir work/monster2/gnoll_boss2/wait1.msa	0
metin2_patch_dragon_rock_mobs/ymir work/monster2/redthief_officer/front_knockdown.msa	d:/ymir work/monster2/redthief_officer/front_knockdown.msa	0
metin2_patch_dragon_rock_mobs/ymir work/monster2/crustacean_soldier/wait2.msa	d:/ymir work/monster2/crustacean_soldier/wait2.msa	0
metin2_patch_dragon_rock_mobs/ymir work/monster2/cyclops_boss2/special_attack1.msa	d:/ymir work/monster2/cyclops_boss2/special_attack1.msa	0
metin2_patch_dragon_rock_mobs/ymir work/monster2/lemures_boss2/front_dead.gr2	d:/ymir work/monster2/lemures_boss2/front_dead.gr2	0
metin2_patch_dragon_rock_mobs/ymir work/monster2/cyclops_boss/front_damage1.gr2	d:/ymir work/monster2/cyclops_boss/front_damage1.gr2	0
metin2_patch_dragon_rock_mobs/ymir work/monster2/giant_boss2/back_damage1.gr2	d:/ymir work/monster2/giant_boss2/back_damage1.gr2	0
metin2_patch_dragon_rock_mobs/ymir work/monster2/redthief2_boss2/wait.msa	d:/ymir work/monster2/redthief2_boss2/wait.msa	0
metin2_patch_dragon_rock_mobs/ymir work/monster2/crustacean_soldier/walk.gr2	d:/ymir work/monster2/crustacean_soldier/walk.gr2	0
metin2_patch_dragon_rock_mobs/ymir work/monster2/ogre_boss2/special_attack.msa	d:/ymir work/monster2/ogre_boss2/special_attack.msa	0
metin2_patch_dragon_rock_mobs/ymir work/monster2/redthief2_soldier2/redthief2_soldier2.wdp	d:/ymir work/monster2/redthief2_soldier2/redthief2_soldier2.wdp	0
metin2_patch_dragon_rock_mobs/ymir work/monster2/gnoll_soldier/normal_attack.gr2	d:/ymir work/monster2/gnoll_soldier/normal_attack.gr2	0
metin2_patch_dragon_rock_mobs/ymir work/monster2/crustacean_soldier/walk.msa	d:/ymir work/monster2/crustacean_soldier/walk.msa	0
metin2_patch_dragon_rock_mobs/ymir work/monster2/gnoll_magic/normal_attack.gr2	d:/ymir work/monster2/gnoll_magic/normal_attack.gr2	0
metin2_patch_dragon_rock_mobs/ymir work/monster2/cyclops_general/cyclops_general.wdp	d:/ymir work/monster2/cyclops_general/cyclops_general.wdp	0
metin2_patch_dragon_rock_mobs/ymir work/monster2/giant_boss2/front_damage1.gr2	d:/ymir work/monster2/giant_boss2/front_damage1.gr2	0
metin2_patch_dragon_rock_mobs/ymir work/monster2/crustacean_soldier2/back_damage.gr2	d:/ymir work/monster2/crustacean_soldier2/back_damage.gr2	0
metin2_patch_dragon_rock_mobs/ymir work/monster2/manticore_magic/normal_attack1.gr2	d:/ymir work/monster2/manticore_magic/normal_attack1.gr2	0
metin2_patch_dragon_rock_mobs/ymir work/monster2/crustacean_soldier2/back_damage.msa	d:/ymir work/monster2/crustacean_soldier2/back_damage.msa	0
metin2_patch_dragon_rock_mobs/ymir work/monster2/cyclops_boss/back_knockdown.gr2	d:/ymir work/monster2/cyclops_boss/back_knockdown.gr2	0
metin2_patch_dragon_rock_mobs/ymir work/effect/monster2/mob_hide3.mse	d:/ymir work/effect/monster2/mob_hide3.mse	0
metin2_patch_dragon_rock_mobs/ymir work/monster2/lemures_boss/front_dead.gr2	d:/ymir work/monster2/lemures_boss/front_dead.gr2	0
metin2_patch_dragon_rock_mobs/ymir work/monster2/giant_boss/giant_boss.msm	d:/ymir work/monster2/giant_boss/giant_boss.msm	0
metin2_patch_dragon_rock_mobs/ymir work/monster2/crustacean_soldier2/back_knockdown.gr2	d:/ymir work/monster2/crustacean_soldier2/back_knockdown.gr2	0
metin2_patch_dragon_rock_mobs/ymir work/monster2/crustacean_soldier2/back_knockdown.msa	d:/ymir work/monster2/crustacean_soldier2/back_knockdown.msa	0
metin2_patch_dragon_rock_mobs/ymir work/monster2/gnoll_magic/front_knockdown.msa	d:/ymir work/monster2/gnoll_magic/front_knockdown.msa	0
metin2_patch_dragon_rock_mobs/ymir work/monster2/gnoll_boss/back_knockdown.msa	d:/ymir work/monster2/gnoll_boss/back_knockdown.msa	0
metin2_patch_dragon_rock_mobs/ymir work/monster2/gnoll_boss2/gnoll_boss2.gr2	d:/ymir work/monster2/gnoll_boss2/gnoll_boss2.gr2	0
metin2_patch_dragon_rock_mobs/ymir work/monster2/redthief_bow/wait1.gr2	d:/ymir work/monster2/redthief_bow/wait1.gr2	0
metin2_patch_dragon_rock_mobs/ymir work/monster2/redthief_officer/back_damage.gr2	d:/ymir work/monster2/redthief_officer/back_damage.gr2	0
metin2_patch_dragon_rock_mobs/ymir work/monster2/manticore_soldier/front_damage.msa	d:/ymir work/monster2/manticore_soldier/front_damage.msa	0
metin2_patch_dragon_rock_mobs/ymir work/monster2/redthief2_boss2/back_knockdown.msa	d:/ymir work/monster2/redthief2_boss2/back_knockdown.msa	0
metin2_patch_dragon_rock_mobs/ymir work/monster2/crustacean_soldier2/crustacean_soldier2.wdp	d:/ymir work/monster2/crustacean_soldier2/crustacean_soldier2.wdp	0
metin2_patch_dragon_rock_mobs/ymir work/monster2/gnoll_soldier2/back_knockdown.gr2	d:/ymir work/monster2/gnoll_soldier2/back_knockdown.gr2	0
metin2_patch_dragon_rock_mobs/ymir work/monster2/crustacean_soldier2/front_standup.gr2	d:/ymir work/monster2/crustacean_soldier2/front_standup.gr2	0
metin2_patch_dragon_rock_mobs/ymir work/monster2/redthief_boss2/redthief_boss2_lod_01.gr2	d:/ymir work/monster2/redthief_boss2/redthief_boss2_lod_01.gr2	0
metin2_patch_dragon_rock_mobs/ymir work/monster2/giant_soldier2/giant_soldier2.wdp	d:/ymir work/monster2/giant_soldier2/giant_soldier2.wdp	0
metin2_patch_dragon_rock_mobs/ymir work/monster2/manticore_soldier/walk.gr2	d:/ymir work/monster2/manticore_soldier/walk.gr2	0
metin2_patch_dragon_rock_mobs/ymir work/monster2/crustacean_soldier2/crustacean_soldier2.gr2	d:/ymir work/monster2/crustacean_soldier2/crustacean_soldier2.gr2	0
metin2_patch_dragon_rock_mobs/ymir work/monster2/crustacean_soldier2/front_damage.msa	d:/ymir work/monster2/crustacean_soldier2/front_damage.msa	0
metin2_patch_dragon_rock_mobs/ymir work/monster2/cyclops_officer/cyclops_officer.gr2	d:/ymir work/monster2/cyclops_officer/cyclops_officer.gr2	0
metin2_patch_dragon_rock_mobs/ymir work/monster2/gnoll_bow/gnoll_bow.gr2	d:/ymir work/monster2/gnoll_bow/gnoll_bow.gr2	0
metin2_patch_dragon_rock_mobs/ymir work/monster2/cyclops_boss2/cyclops_boss2.gr2	d:/ymir work/monster2/cyclops_boss2/cyclops_boss2.gr2	0
metin2_patch_dragon_rock_mobs/ymir work/monster2/lemures_officer/normal_attack.msa	d:/ymir work/monster2/lemures_officer/normal_attack.msa	0
metin2_patch_dragon_rock_mobs/ymir work/monster2/crustacean_soldier2/front_dead.msa	d:/ymir work/monster2/crustacean_soldier2/front_dead.msa	0
metin2_patch_dragon_rock_mobs/ymir work/monster2/giant_magic/walk.msa	d:/ymir work/monster2/giant_magic/walk.msa	0
metin2_patch_dragon_rock_mobs/ymir work/monster2/redthief_magic/redthief_magic_lod_01.gr2	d:/ymir work/monster2/redthief_magic/redthief_magic_lod_01.gr2	0
metin2_patch_dragon_rock_mobs/ymir work/monster2/ogre_magic/front_standup.msa	d:/ymir work/monster2/ogre_magic/front_standup.msa	0
metin2_patch_dragon_rock_mobs/ymir work/monster2/crustacean_soldier2/front_standup.msa	d:/ymir work/monster2/crustacean_soldier2/front_standup.msa	0
metin2_patch_dragon_rock_mobs/ymir work/monster2/lemures_magic/front_dead.gr2	d:/ymir work/monster2/lemures_magic/front_dead.gr2	0
metin2_patch_dragon_rock_mobs/ymir work/monster2/manticore_boss2/normal_attack1.msa	d:/ymir work/monster2/manticore_boss2/normal_attack1.msa	0
metin2_patch_dragon_rock_mobs/ymir work/monster2/gnoll_soldier/gnoll_soldier_weapon.wdp	d:/ymir work/monster2/gnoll_soldier/gnoll_soldier_weapon.wdp	0
metin2_patch_dragon_rock_mobs/ymir work/monster2/cyclops_soldier/wait1.msa	d:/ymir work/monster2/cyclops_soldier/wait1.msa	0
metin2_patch_dragon_rock_mobs/ymir work/monster2/crustacean_soldier2/motlist.txt	d:/ymir work/monster2/crustacean_soldier2/motlist.txt	0
metin2_patch_dragon_rock_mobs/ymir work/monster2/manticore_boss/motlist.txt	d:/ymir work/monster2/manticore_boss/motlist.txt	0
metin2_patch_dragon_rock_mobs/ymir work/monster2/ogre_boss/back_damage1.gr2	d:/ymir work/monster2/ogre_boss/back_damage1.gr2	0
metin2_patch_dragon_rock_mobs/ymir work/monster2/redthief2_magic/redthief2_magic.wdp	d:/ymir work/monster2/redthief2_magic/redthief2_magic.wdp	0
metin2_patch_dragon_rock_mobs/ymir work/monster2/gnoll_general/front_knockdown.msa	d:/ymir work/monster2/gnoll_general/front_knockdown.msa	0
metin2_patch_dragon_rock_mobs/ymir work/monster2/crustacean_soldier2/normal_attack.msa	d:/ymir work/monster2/crustacean_soldier2/normal_attack.msa	0
metin2_patch_dragon_rock_mobs/ymir work/monster2/ent_boss2/wait3.msa	d:/ymir work/monster2/ent_boss2/wait3.msa	0
metin2_patch_dragon_rock_mobs/ymir work/monster2/triton_boss/special_attack.gr2	d:/ymir work/monster2/triton_boss/special_attack.gr2	0
metin2_patch_dragon_rock_mobs/ymir work/monster2/giant_soldier2/normal_attack1.msa	d:/ymir work/monster2/giant_soldier2/normal_attack1.msa	0
metin2_patch_dragon_rock_mobs/ymir work/monster2/giant_boss2/front_damage.msa	d:/ymir work/monster2/giant_boss2/front_damage.msa	0
metin2_patch_dragon_rock_mobs/ymir work/monster2/redthief_bow/front_standup.msa	d:/ymir work/monster2/redthief_bow/front_standup.msa	0
metin2_patch_dragon_rock_mobs/ymir work/monster2/giant_boss/front_damage1.gr2	d:/ymir work/monster2/giant_boss/front_damage1.gr2	0
metin2_patch_dragon_rock_mobs/ymir work/monster2/crustacean_soldier2/normal_attack1.gr2	d:/ymir work/monster2/crustacean_soldier2/normal_attack1.gr2	0
metin2_patch_dragon_rock_mobs/ymir work/monster2/crustacean_soldier2/normal_attack1.msa	d:/ymir work/monster2/crustacean_soldier2/normal_attack1.msa	0
metin2_patch_dragon_rock_mobs/ymir work/monster2/crustacean_soldier2/run.gr2	d:/ymir work/monster2/crustacean_soldier2/run.gr2	0
metin2_patch_dragon_rock_mobs/ymir work/monster2/crustacean_soldier2/run.msa	d:/ymir work/monster2/crustacean_soldier2/run.msa	0
metin2_patch_dragon_rock_mobs/ymir work/monster2/crustacean_soldier2/wait.gr2	d:/ymir work/monster2/crustacean_soldier2/wait.gr2	0
metin2_patch_dragon_rock_mobs/ymir work/monster2/gnoll_soldier/front_standup.gr2	d:/ymir work/monster2/gnoll_soldier/front_standup.gr2	0
metin2_patch_dragon_rock_mobs/ymir work/monster2/lemures_boss/wait.msa	d:/ymir work/monster2/lemures_boss/wait.msa	0
metin2_patch_dragon_rock_mobs/ymir work/monster2/redthief2_boss2/wait1.msa	d:/ymir work/monster2/redthief2_boss2/wait1.msa	0
metin2_patch_dragon_rock_mobs/ymir work/monster2/crustacean_soldier2/wait.msa	d:/ymir work/monster2/crustacean_soldier2/wait.msa	0
metin2_patch_dragon_rock_mobs/ymir work/monster2/crustacean_soldier2/wait1.gr2	d:/ymir work/monster2/crustacean_soldier2/wait1.gr2	0
metin2_patch_dragon_rock_mobs/ymir work/monster2/redthief_bow/normal_attack1.msa	d:/ymir work/monster2/redthief_bow/normal_attack1.msa	0
metin2_patch_dragon_rock_mobs/ymir work/monster2/cyclops_soldier2/wait.msa	d:/ymir work/monster2/cyclops_soldier2/wait.msa	0
metin2_patch_dragon_rock_mobs/ymir work/monster2/redthief2_bow/redthief2_bow.gr2	d:/ymir work/monster2/redthief2_bow/redthief2_bow.gr2	0
metin2_patch_dragon_rock_mobs/ymir work/monster2/crustacean_soldier2/walk.gr2	d:/ymir work/monster2/crustacean_soldier2/walk.gr2	0
metin2_patch_dragon_rock_mobs/ymir work/monster2/cyclops_boss/back_damage.gr2	d:/ymir work/monster2/cyclops_boss/back_damage.gr2	0
metin2_patch_dragon_rock_mobs/ymir work/monster2/manticore_soldier/normal_attack1.gr2	d:/ymir work/monster2/manticore_soldier/normal_attack1.gr2	0
metin2_patch_dragon_rock_mobs/ymir work/monster2/manticore_boss/front_dead.gr2	d:/ymir work/monster2/manticore_boss/front_dead.gr2	0
metin2_patch_dragon_rock_mobs/ymir work/monster2/cyclops_boss/back_damage1.msa	d:/ymir work/monster2/cyclops_boss/back_damage1.msa	0
metin2_patch_dragon_rock_mobs/ymir work/monster2/cyclops_soldier2/walk.msa	d:/ymir work/monster2/cyclops_soldier2/walk.msa	0
metin2_patch_dragon_rock_mobs/ymir work/monster2/cyclops_boss/back_knockdown.msa	d:/ymir work/monster2/cyclops_boss/back_knockdown.msa	0
metin2_patch_dragon_rock_mobs/ymir work/monster2/ogre_boss2/back_damage1.gr2	d:/ymir work/monster2/ogre_boss2/back_damage1.gr2	0
metin2_patch_dragon_rock_mobs/ymir work/monster2/redthief2_officer/normal_attack.msa	d:/ymir work/monster2/redthief2_officer/normal_attack.msa	0
metin2_patch_dragon_rock_mobs/ymir work/monster2/cyclops_boss/cyclops_boss.wdp	d:/ymir work/monster2/cyclops_boss/cyclops_boss.wdp	0
metin2_patch_dragon_rock_mobs/ymir work/monster2/cyclops_boss2/front_damage.msa	d:/ymir work/monster2/cyclops_boss2/front_damage.msa	0
metin2_patch_dragon_rock_mobs/ymir work/monster2/lemures_magic/lemures_magic_lod_01.gr2	d:/ymir work/monster2/lemures_magic/lemures_magic_lod_01.gr2	0
metin2_patch_dragon_rock_mobs/ymir work/monster2/cyclops_boss/cyclops_boss.gr2	d:/ymir work/monster2/cyclops_boss/cyclops_boss.gr2	0
metin2_patch_dragon_rock_mobs/ymir work/monster2/lemures_boss2/lemures_boss2.gr2	d:/ymir work/monster2/lemures_boss2/lemures_boss2.gr2	0
metin2_patch_dragon_rock_mobs/ymir work/monster2/gnoll_boss2/special_attack.msa	d:/ymir work/monster2/gnoll_boss2/special_attack.msa	0
metin2_patch_dragon_rock_mobs/ymir work/monster2/ogre_magic/wait1.gr2	d:/ymir work/monster2/ogre_magic/wait1.gr2	0
metin2_patch_dragon_rock_mobs/ymir work/monster2/lemures_boss2/lemures_boss2.wdp	d:/ymir work/monster2/lemures_boss2/lemures_boss2.wdp	0
metin2_patch_dragon_rock_mobs/ymir work/monster2/cyclops_boss2/normal_attack.msa	d:/ymir work/monster2/cyclops_boss2/normal_attack.msa	0
metin2_patch_dragon_rock_mobs/ymir work/monster2/giant_boss/back_damage.gr2	d:/ymir work/monster2/giant_boss/back_damage.gr2	0
metin2_patch_dragon_rock_mobs/ymir work/monster2/cyclops_boss/cyclops_boss_weapon.wdp	d:/ymir work/monster2/cyclops_boss/cyclops_boss_weapon.wdp	0
metin2_patch_dragon_rock_mobs/ymir work/monster2/manticore_officer/run.gr2	d:/ymir work/monster2/manticore_officer/run.gr2	0
metin2_patch_dragon_rock_mobs/ymir work/monster2/redthief_bow/redthief_bow.msm	d:/ymir work/monster2/redthief_bow/redthief_bow.msm	0
metin2_patch_dragon_rock_mobs/ymir work/monster2/triton_magic/back_damage.gr2	d:/ymir work/monster2/triton_magic/back_damage.gr2	0
metin2_patch_dragon_rock_mobs/ymir work/monster2/giant_boss/wait1.msa	d:/ymir work/monster2/giant_boss/wait1.msa	0
metin2_patch_dragon_rock_mobs/ymir work/monster2/redthief2_general/front_standup.msa	d:/ymir work/monster2/redthief2_general/front_standup.msa	0
metin2_patch_dragon_rock_mobs/ymir work/monster2/cyclops_boss/front_damage.msa	d:/ymir work/monster2/cyclops_boss/front_damage.msa	0
metin2_patch_dragon_rock_mobs/ymir work/monster2/cyclops_boss/front_dead.gr2	d:/ymir work/monster2/cyclops_boss/front_dead.gr2	0
metin2_patch_dragon_rock_mobs/ymir work/monster2/cyclops_boss/front_dead.msa	d:/ymir work/monster2/cyclops_boss/front_dead.msa	0
metin2_patch_dragon_rock_mobs/ymir work/monster2/giant_general/walk.gr2	d:/ymir work/monster2/giant_general/walk.gr2	0
metin2_patch_dragon_rock_mobs/ymir work/monster2/redthief_magic/back_knockdown.msa	d:/ymir work/monster2/redthief_magic/back_knockdown.msa	0
metin2_patch_dragon_rock_mobs/ymir work/monster2/redthief_boss2/specil_attack1.gr2	d:/ymir work/monster2/redthief_boss2/specil_attack1.gr2	0
metin2_patch_dragon_rock_mobs/ymir work/monster2/cyclops_boss/motlist.txt	d:/ymir work/monster2/cyclops_boss/motlist.txt	0
metin2_patch_dragon_rock_mobs/ymir work/monster2/cyclops_boss/normal_attack.gr2	d:/ymir work/monster2/cyclops_boss/normal_attack.gr2	0
metin2_patch_dragon_rock_mobs/ymir work/effect/monster2/impact_water1.mse	d:/ymir work/effect/monster2/impact_water1.mse	0
metin2_patch_dragon_rock_mobs/ymir work/monster2/cyclops_boss/normal_attack1.gr2	d:/ymir work/monster2/cyclops_boss/normal_attack1.gr2	0
metin2_patch_dragon_rock_mobs/ymir work/monster2/redthief2_magic/wait2.msa	d:/ymir work/monster2/redthief2_magic/wait2.msa	0
metin2_patch_dragon_rock_mobs/ymir work/monster2/ent_boss1/ent_boss1.gr2	d:/ymir work/monster2/ent_boss1/ent_boss1.gr2	0
metin2_patch_dragon_rock_mobs/ymir work/monster2/redthief_bow/wait2.msa	d:/ymir work/monster2/redthief_bow/wait2.msa	0
metin2_patch_dragon_rock_mobs/ymir work/monster2/ent_boss1/front_standup.msa	d:/ymir work/monster2/ent_boss1/front_standup.msa	0
metin2_patch_dragon_rock_mobs/ymir work/monster2/triton_general/front_dead.msa	d:/ymir work/monster2/triton_general/front_dead.msa	0
metin2_patch_dragon_rock_mobs/ymir work/monster2/cyclops_boss/normal_attack1.msa	d:/ymir work/monster2/cyclops_boss/normal_attack1.msa	0
metin2_patch_dragon_rock_mobs/ymir work/monster2/lemures_boss/lemures_boss.msm	d:/ymir work/monster2/lemures_boss/lemures_boss.msm	0
metin2_patch_dragon_rock_mobs/ymir work/monster2/cyclops_boss/wait2.gr2	d:/ymir work/monster2/cyclops_boss/wait2.gr2	0
metin2_patch_dragon_rock_mobs/ymir work/monster2/cyclops_magic/front_standup.gr2	d:/ymir work/monster2/cyclops_magic/front_standup.gr2	0
metin2_patch_dragon_rock_mobs/ymir work/monster2/triton_boss2/wait.msa	d:/ymir work/monster2/triton_boss2/wait.msa	0
metin2_patch_dragon_rock_mobs/ymir work/monster2/giant_magic/run.gr2	d:/ymir work/monster2/giant_magic/run.gr2	0
metin2_patch_dragon_rock_mobs/ymir work/monster2/ent_boss3/wait3.gr2	d:/ymir work/monster2/ent_boss3/wait3.gr2	0
metin2_patch_dragon_rock_mobs/ymir work/monster2/manticore_boss2/special_attack1.gr2	d:/ymir work/monster2/manticore_boss2/special_attack1.gr2	0
metin2_patch_dragon_rock_mobs/ymir work/monster2/gnoll_soldier/wait1.gr2	d:/ymir work/monster2/gnoll_soldier/wait1.gr2	0
metin2_patch_dragon_rock_mobs/ymir work/monster2/giant_magic/motlist.txt	d:/ymir work/monster2/giant_magic/motlist.txt	0
metin2_patch_dragon_rock_mobs/ymir work/monster2/cyclops_boss2/cyclops_boss2_weapon.wdp	d:/ymir work/monster2/cyclops_boss2/cyclops_boss2_weapon.wdp	0
metin2_patch_dragon_rock_mobs/ymir work/monster2/cyclops_boss/run.gr2	d:/ymir work/monster2/cyclops_boss/run.gr2	0
metin2_patch_dragon_rock_mobs/ymir work/monster2/cyclops_boss/run.msa	d:/ymir work/monster2/cyclops_boss/run.msa	0
metin2_patch_dragon_rock_mobs/ymir work/monster2/cyclops_boss/special_attack.gr2	d:/ymir work/monster2/cyclops_boss/special_attack.gr2	0
metin2_patch_dragon_rock_mobs/ymir work/monster2/ent_boss2/special_attack.gr2	d:/ymir work/monster2/ent_boss2/special_attack.gr2	0
metin2_patch_dragon_rock_mobs/ymir work/monster2/ent_boss1/back_knockdown.msa	d:/ymir work/monster2/ent_boss1/back_knockdown.msa	0
metin2_patch_dragon_rock_mobs/ymir work/monster2/cyclops_boss/special_attack.msa	d:/ymir work/monster2/cyclops_boss/special_attack.msa	0
metin2_patch_dragon_rock_mobs/ymir work/monster2/cyclops_boss/wait1.gr2	d:/ymir work/monster2/cyclops_boss/wait1.gr2	0
metin2_patch_dragon_rock_mobs/ymir work/monster2/giant_general/giant_general.gr2	d:/ymir work/monster2/giant_general/giant_general.gr2	0
metin2_patch_dragon_rock_mobs/ymir work/monster2/cyclops_boss/wait1.msa	d:/ymir work/monster2/cyclops_boss/wait1.msa	0
metin2_patch_dragon_rock_mobs/ymir work/monster2/cyclops_boss/wait2.msa	d:/ymir work/monster2/cyclops_boss/wait2.msa	0
metin2_patch_dragon_rock_mobs/ymir work/monster2/triton_officer/wait1.msa	d:/ymir work/monster2/triton_officer/wait1.msa	0
metin2_patch_dragon_rock_mobs/ymir work/monster2/cyclops_boss/walk.gr2	d:/ymir work/monster2/cyclops_boss/walk.gr2	0
metin2_patch_dragon_rock_mobs/ymir work/monster2/cyclops_soldier/front_dead.msa	d:/ymir work/monster2/cyclops_soldier/front_dead.msa	0
metin2_patch_dragon_rock_mobs/ymir work/monster2/redthief2_magic/back_damage.msa	d:/ymir work/monster2/redthief2_magic/back_damage.msa	0
metin2_patch_dragon_rock_mobs/ymir work/monster2/cyclops_boss2/front_dead.msa	d:/ymir work/monster2/cyclops_boss2/front_dead.msa	0
metin2_patch_dragon_rock_mobs/ymir work/monster2/gnoll_magic/gnoll_magic.gr2	d:/ymir work/monster2/gnoll_magic/gnoll_magic.gr2	0
metin2_patch_dragon_rock_mobs/ymir work/monster2/cyclops_boss/walk.msa	d:/ymir work/monster2/cyclops_boss/walk.msa	0
metin2_patch_dragon_rock_mobs/ymir work/effect/monster2/spell1_2.wdp	d:/ymir work/effect/monster2/spell1_2.wdp	0
metin2_patch_dragon_rock_mobs/ymir work/monster2/gnoll_bow/gnoll_bow_weapon.wdp	d:/ymir work/monster2/gnoll_bow/gnoll_bow_weapon.wdp	0
metin2_patch_dragon_rock_mobs/ymir work/monster2/ogre_bow/ogre_bow_lod_01.gr2	d:/ymir work/monster2/ogre_bow/ogre_bow_lod_01.gr2	0
metin2_patch_dragon_rock_mobs/ymir work/monster2/cyclops_boss2/back_damage.gr2	d:/ymir work/monster2/cyclops_boss2/back_damage.gr2	0
metin2_patch_dragon_rock_mobs/ymir work/monster2/manticore_soldier2/walk.gr2	d:/ymir work/monster2/manticore_soldier2/walk.gr2	0
metin2_patch_dragon_rock_mobs/ymir work/monster2/cyclops_boss2/back_damage.msa	d:/ymir work/monster2/cyclops_boss2/back_damage.msa	0
metin2_patch_dragon_rock_mobs/ymir work/monster2/cyclops_boss2/back_damage1.gr2	d:/ymir work/monster2/cyclops_boss2/back_damage1.gr2	0
metin2_patch_dragon_rock_mobs/ymir work/monster2/cyclops_boss2/back_knockdown.gr2	d:/ymir work/monster2/cyclops_boss2/back_knockdown.gr2	0
metin2_patch_dragon_rock_mobs/ymir work/monster2/manticore_magic/front_dead.msa	d:/ymir work/monster2/manticore_magic/front_dead.msa	0
metin2_patch_dragon_rock_mobs/ymir work/monster2/triton_soldier2/back_damage.msa	d:/ymir work/monster2/triton_soldier2/back_damage.msa	0
metin2_patch_dragon_rock_mobs/ymir work/monster2/cyclops_boss2/back_knockdown.msa	d:/ymir work/monster2/cyclops_boss2/back_knockdown.msa	0
metin2_patch_dragon_rock_mobs/ymir work/monster2/cyclops_boss2/front_knockdown.gr2	d:/ymir work/monster2/cyclops_boss2/front_knockdown.gr2	0
metin2_patch_dragon_rock_mobs/ymir work/monster2/cyclops_soldier2/front_standup.gr2	d:/ymir work/monster2/cyclops_soldier2/front_standup.gr2	0
metin2_patch_dragon_rock_mobs/ymir work/monster2/gnoll_soldier/gnoll_soldier.wdp	d:/ymir work/monster2/gnoll_soldier/gnoll_soldier.wdp	0
metin2_patch_dragon_rock_mobs/ymir work/monster2/cyclops_magic/normal_attack.gr2	d:/ymir work/monster2/cyclops_magic/normal_attack.gr2	0
metin2_patch_dragon_rock_mobs/ymir work/monster2/manticore_boss2/front_standup.gr2	d:/ymir work/monster2/manticore_boss2/front_standup.gr2	0
metin2_patch_dragon_rock_mobs/ymir work/effect/monster2/mash_ray1_1.mde	d:/ymir work/effect/monster2/mash_ray1_1.mde	0
metin2_patch_dragon_rock_mobs/ymir work/monster2/cyclops_boss2/cyclops_boss2_lod_01.gr2	d:/ymir work/monster2/cyclops_boss2/cyclops_boss2_lod_01.gr2	0
metin2_patch_dragon_rock_mobs/ymir work/monster2/lemures_boss/wait2.msa	d:/ymir work/monster2/lemures_boss/wait2.msa	0
metin2_patch_dragon_rock_mobs/ymir work/monster2/cyclops_boss2/front_damage1.gr2	d:/ymir work/monster2/cyclops_boss2/front_damage1.gr2	0
metin2_patch_dragon_rock_mobs/ymir work/monster2/gnoll_boss2/run.msa	d:/ymir work/monster2/gnoll_boss2/run.msa	0
metin2_patch_dragon_rock_mobs/ymir work/monster2/giant_officer/back_damage.msa	d:/ymir work/monster2/giant_officer/back_damage.msa	0
metin2_patch_dragon_rock_mobs/ymir work/monster2/redthief2_boss/wait3.msa	d:/ymir work/monster2/redthief2_boss/wait3.msa	0
metin2_patch_dragon_rock_mobs/ymir work/monster2/gnoll_general/gnoll_general_lod_01.gr2	d:/ymir work/monster2/gnoll_general/gnoll_general_lod_01.gr2	0
metin2_patch_dragon_rock_mobs/ymir work/monster2/manticore_soldier/wait2.gr2	d:/ymir work/monster2/manticore_soldier/wait2.gr2	0
metin2_patch_dragon_rock_mobs/ymir work/monster2/cyclops_magic/front_knockdown.gr2	d:/ymir work/monster2/cyclops_magic/front_knockdown.gr2	0
metin2_patch_dragon_rock_mobs/ymir work/monster2/cyclops_boss2/front_damage1.msa	d:/ymir work/monster2/cyclops_boss2/front_damage1.msa	0
metin2_patch_dragon_rock_mobs/ymir work/monster2/giant_soldier2/back_knockdown.msa	d:/ymir work/monster2/giant_soldier2/back_knockdown.msa	0
metin2_patch_dragon_rock_mobs/ymir work/monster2/cyclops_boss2/motlist.txt	d:/ymir work/monster2/cyclops_boss2/motlist.txt	0
metin2_patch_dragon_rock_mobs/ymir work/monster2/ent_boss1/wait2.msa	d:/ymir work/monster2/ent_boss1/wait2.msa	0
metin2_patch_dragon_rock_mobs/ymir work/monster2/cyclops_boss2/normal_attack.gr2	d:/ymir work/monster2/cyclops_boss2/normal_attack.gr2	0
metin2_patch_dragon_rock_mobs/ymir work/monster2/cyclops_general/back_damage.msa	d:/ymir work/monster2/cyclops_general/back_damage.msa	0
metin2_patch_dragon_rock_mobs/ymir work/monster2/redthief2_officer/wait1.msa	d:/ymir work/monster2/redthief2_officer/wait1.msa	0
metin2_patch_dragon_rock_mobs/ymir work/monster2/cyclops_officer/front_dead.msa	d:/ymir work/monster2/cyclops_officer/front_dead.msa	0
metin2_patch_dragon_rock_mobs/ymir work/monster2/cyclops_magic/front_damage.msa	d:/ymir work/monster2/cyclops_magic/front_damage.msa	0
metin2_patch_dragon_rock_mobs/ymir work/monster2/gnoll_boss/wait1.gr2	d:/ymir work/monster2/gnoll_boss/wait1.gr2	0
metin2_patch_dragon_rock_mobs/ymir work/monster2/cyclops_boss2/normal_attack1.msa	d:/ymir work/monster2/cyclops_boss2/normal_attack1.msa	0
metin2_patch_dragon_rock_mobs/ymir work/monster2/gnoll_magic/back_knockdown.gr2	d:/ymir work/monster2/gnoll_magic/back_knockdown.gr2	0
metin2_patch_dragon_rock_mobs/ymir work/monster2/cyclops_boss2/special_attack.gr2	d:/ymir work/monster2/cyclops_boss2/special_attack.gr2	0
metin2_patch_dragon_rock_mobs/ymir work/monster2/ent_boss2/front_knockdown.msa	d:/ymir work/monster2/ent_boss2/front_knockdown.msa	0
metin2_patch_dragon_rock_mobs/ymir work/monster2/redthief_magic/normal_attack1.gr2	d:/ymir work/monster2/redthief_magic/normal_attack1.gr2	0
metin2_patch_dragon_rock_mobs/ymir work/monster2/cyclops_boss2/special_attack1.gr2	d:/ymir work/monster2/cyclops_boss2/special_attack1.gr2	0
metin2_patch_dragon_rock_mobs/ymir work/monster2/cyclops_boss2/wait1.msa	d:/ymir work/monster2/cyclops_boss2/wait1.msa	0
metin2_patch_dragon_rock_mobs/ymir work/monster2/redthief_bow/redthief_bow.wdp	d:/ymir work/monster2/redthief_bow/redthief_bow.wdp	0
metin2_patch_dragon_rock_mobs/ymir work/monster2/ent_boss1/run.gr2	d:/ymir work/monster2/ent_boss1/run.gr2	0
metin2_patch_dragon_rock_mobs/ymir work/monster2/cyclops_boss2/wait2.gr2	d:/ymir work/monster2/cyclops_boss2/wait2.gr2	0
metin2_patch_dragon_rock_mobs/ymir work/monster2/ogre_boss2/run.msa	d:/ymir work/monster2/ogre_boss2/run.msa	0
metin2_patch_dragon_rock_mobs/ymir work/monster2/ogre_magic/run.gr2	d:/ymir work/monster2/ogre_magic/run.gr2	0
metin2_patch_dragon_rock_mobs/ymir work/monster2/ogre_bow/front_dead.msa	d:/ymir work/monster2/ogre_bow/front_dead.msa	0
metin2_patch_dragon_rock_mobs/ymir work/monster2/giant_officer/wait1.gr2	d:/ymir work/monster2/giant_officer/wait1.gr2	0
metin2_patch_dragon_rock_mobs/ymir work/monster2/cyclops_boss2/wait2.msa	d:/ymir work/monster2/cyclops_boss2/wait2.msa	0
metin2_patch_dragon_rock_mobs/ymir work/monster2/cyclops_soldier2/front_damage.gr2	d:/ymir work/monster2/cyclops_soldier2/front_damage.gr2	0
metin2_patch_dragon_rock_mobs/ymir work/monster2/ogre_officer/wait1.msa	d:/ymir work/monster2/ogre_officer/wait1.msa	0
metin2_patch_dragon_rock_mobs/ymir work/monster2/cyclops_boss2/wait3.gr2	d:/ymir work/monster2/cyclops_boss2/wait3.gr2	0
metin2_patch_dragon_rock_mobs/ymir work/monster2/redthief_boss/front_damage.gr2	d:/ymir work/monster2/redthief_boss/front_damage.gr2	0
metin2_patch_dragon_rock_mobs/ymir work/effect/monster2/impact_poison1.mse	d:/ymir work/effect/monster2/impact_poison1.mse	0
metin2_patch_dragon_rock_mobs/ymir work/monster2/cyclops_boss2/walk.gr2	d:/ymir work/monster2/cyclops_boss2/walk.gr2	0
metin2_patch_dragon_rock_mobs/ymir work/monster2/cyclops_general/back_knockdown.gr2	d:/ymir work/monster2/cyclops_general/back_knockdown.gr2	0
metin2_patch_dragon_rock_mobs/ymir work/monster2/cyclops_general/cyclops_general.gr2	d:/ymir work/monster2/cyclops_general/cyclops_general.gr2	0
metin2_patch_dragon_rock_mobs/ymir work/monster2/triton_boss2/walk.gr2	d:/ymir work/monster2/triton_boss2/walk.gr2	0
metin2_patch_dragon_rock_mobs/ymir work/monster2/ent_boss3/front_standup.gr2	d:/ymir work/monster2/ent_boss3/front_standup.gr2	0
metin2_patch_dragon_rock_mobs/ymir work/monster2/cyclops_general/front_damage.msa	d:/ymir work/monster2/cyclops_general/front_damage.msa	0
metin2_patch_dragon_rock_mobs/ymir work/monster2/cyclops_soldier2/front_standup.msa	d:/ymir work/monster2/cyclops_soldier2/front_standup.msa	0
metin2_patch_dragon_rock_mobs/ymir work/monster2/cyclops_soldier2/motlist.txt	d:/ymir work/monster2/cyclops_soldier2/motlist.txt	0
metin2_patch_dragon_rock_mobs/ymir work/monster2/gnoll_general/motlist.txt	d:/ymir work/monster2/gnoll_general/motlist.txt	0
metin2_patch_dragon_rock_mobs/ymir work/monster2/giant_soldier2/front_knockdown.gr2	d:/ymir work/monster2/giant_soldier2/front_knockdown.gr2	0
metin2_patch_dragon_rock_mobs/ymir work/monster2/cyclops_general/front_dead.gr2	d:/ymir work/monster2/cyclops_general/front_dead.gr2	0
metin2_patch_dragon_rock_mobs/ymir work/monster2/redthief_boss2/front_knockdown.msa	d:/ymir work/monster2/redthief_boss2/front_knockdown.msa	0
metin2_patch_dragon_rock_mobs/ymir work/monster2/cyclops_general/front_dead.msa	d:/ymir work/monster2/cyclops_general/front_dead.msa	0
metin2_patch_dragon_rock_mobs/ymir work/monster2/ent_boss2/front_damage.gr2	d:/ymir work/monster2/ent_boss2/front_damage.gr2	0
metin2_patch_dragon_rock_mobs/ymir work/monster2/cyclops_general/front_knockdown.msa	d:/ymir work/monster2/cyclops_general/front_knockdown.msa	0
metin2_patch_dragon_rock_mobs/ymir work/monster2/cyclops_general/normal_attack.gr2	d:/ymir work/monster2/cyclops_general/normal_attack.gr2	0
metin2_patch_dragon_rock_mobs/ymir work/monster2/cyclops_general/normal_attack.msa	d:/ymir work/monster2/cyclops_general/normal_attack.msa	0
metin2_patch_dragon_rock_mobs/ymir work/monster2/cyclops_magic/back_knockdown.msa	d:/ymir work/monster2/cyclops_magic/back_knockdown.msa	0
metin2_patch_dragon_rock_mobs/ymir work/monster2/cyclops_general/normal_attack1.gr2	d:/ymir work/monster2/cyclops_general/normal_attack1.gr2	0
metin2_patch_dragon_rock_mobs/ymir work/monster2/cyclops_general/normal_attack1.msa	d:/ymir work/monster2/cyclops_general/normal_attack1.msa	0
metin2_patch_dragon_rock_mobs/ymir work/monster2/manticore_magic/front_standup.msa	d:/ymir work/monster2/manticore_magic/front_standup.msa	0
metin2_patch_dragon_rock_mobs/ymir work/monster2/triton_soldier/motlist.txt	d:/ymir work/monster2/triton_soldier/motlist.txt	0
metin2_patch_dragon_rock_mobs/ymir work/monster2/cyclops_general/run.msa	d:/ymir work/monster2/cyclops_general/run.msa	0
metin2_patch_dragon_rock_mobs/ymir work/monster2/cyclops_officer/cyclops_officer_lod_01.gr2	d:/ymir work/monster2/cyclops_officer/cyclops_officer_lod_01.gr2	0
metin2_patch_dragon_rock_mobs/ymir work/monster2/triton_officer/back_knockdown.msa	d:/ymir work/monster2/triton_officer/back_knockdown.msa	0
metin2_patch_dragon_rock_mobs/ymir work/monster2/cyclops_general/wait.gr2	d:/ymir work/monster2/cyclops_general/wait.gr2	0
metin2_patch_dragon_rock_mobs/ymir work/effect/monster/recycle_hand1.mse	d:/ymir work/effect/monster/recycle_hand1.mse	0
metin2_patch_dragon_rock_mobs/ymir work/monster2/giant_boss2/giant_boss2.gr2	d:/ymir work/monster2/giant_boss2/giant_boss2.gr2	0
metin2_patch_dragon_rock_mobs/ymir work/monster2/giant_boss/motlist.txt	d:/ymir work/monster2/giant_boss/motlist.txt	0
metin2_patch_dragon_rock_mobs/ymir work/monster2/triton_boss2/front_dead.msa	d:/ymir work/monster2/triton_boss2/front_dead.msa	0
metin2_patch_dragon_rock_mobs/ymir work/monster2/ogre_bow/front_standup.msa	d:/ymir work/monster2/ogre_bow/front_standup.msa	0
metin2_patch_dragon_rock_mobs/ymir work/monster2/cyclops_general/wait.msa	d:/ymir work/monster2/cyclops_general/wait.msa	0
metin2_patch_dragon_rock_mobs/ymir work/monster2/ogre_boss2/special_attack1.gr2	d:/ymir work/monster2/ogre_boss2/special_attack1.gr2	0
metin2_patch_dragon_rock_mobs/ymir work/monster2/cyclops_general/wait1.gr2	d:/ymir work/monster2/cyclops_general/wait1.gr2	0
metin2_patch_dragon_rock_mobs/ymir work/monster2/lemures_officer/lemures_officer.wdp	d:/ymir work/monster2/lemures_officer/lemures_officer.wdp	0
metin2_patch_dragon_rock_mobs/ymir work/monster2/redthief_boss/back_damage.gr2	d:/ymir work/monster2/redthief_boss/back_damage.gr2	0
metin2_patch_dragon_rock_mobs/ymir work/monster2/giant_soldier2/wait2.gr2	d:/ymir work/monster2/giant_soldier2/wait2.gr2	0
metin2_patch_dragon_rock_mobs/ymir work/monster2/cyclops_general/wait1.msa	d:/ymir work/monster2/cyclops_general/wait1.msa	0
metin2_patch_dragon_rock_mobs/ymir work/monster2/cyclops_general/walk.msa	d:/ymir work/monster2/cyclops_general/walk.msa	0
metin2_patch_dragon_rock_mobs/ymir work/monster2/gnoll_boss2/front_knockdown.msa	d:/ymir work/monster2/gnoll_boss2/front_knockdown.msa	0
metin2_patch_dragon_rock_mobs/ymir work/monster2/ogre_magic/back_damage.msa	d:/ymir work/monster2/ogre_magic/back_damage.msa	0
metin2_patch_dragon_rock_mobs/ymir work/monster2/giant_soldier/wait1.msa	d:/ymir work/monster2/giant_soldier/wait1.msa	0
metin2_patch_dragon_rock_mobs/ymir work/monster2/giant_officer/run.msa	d:/ymir work/monster2/giant_officer/run.msa	0
metin2_patch_dragon_rock_mobs/ymir work/monster2/gnoll_boss2/front_standup.msa	d:/ymir work/monster2/gnoll_boss2/front_standup.msa	0
metin2_patch_dragon_rock_mobs/ymir work/monster2/ogre_boss2/front_dead.gr2	d:/ymir work/monster2/ogre_boss2/front_dead.gr2	0
metin2_patch_dragon_rock_mobs/ymir work/monster2/lemures_boss2/lemures_boss2_weapon.wdp	d:/ymir work/monster2/lemures_boss2/lemures_boss2_weapon.wdp	0
metin2_patch_dragon_rock_mobs/ymir work/monster2/giant_boss/front_dead.gr2	d:/ymir work/monster2/giant_boss/front_dead.gr2	0
metin2_patch_dragon_rock_mobs/ymir work/monster2/cyclops_magic/back_damage.gr2	d:/ymir work/monster2/cyclops_magic/back_damage.gr2	0
metin2_patch_dragon_rock_mobs/ymir work/monster2/cyclops_magic/back_damage.msa	d:/ymir work/monster2/cyclops_magic/back_damage.msa	0
metin2_patch_dragon_rock_mobs/ymir work/monster2/manticore_soldier/run.msa	d:/ymir work/monster2/manticore_soldier/run.msa	0
metin2_patch_dragon_rock_mobs/ymir work/monster2/cyclops_magic/cyclops_magic.wdp	d:/ymir work/monster2/cyclops_magic/cyclops_magic.wdp	0
metin2_patch_dragon_rock_mobs/ymir work/monster2/lemures_general/back_knockdown.gr2	d:/ymir work/monster2/lemures_general/back_knockdown.gr2	0
metin2_patch_dragon_rock_mobs/ymir work/monster2/cyclops_magic/cyclops_magic.gr2	d:/ymir work/monster2/cyclops_magic/cyclops_magic.gr2	0
metin2_patch_dragon_rock_mobs/ymir work/monster2/ent_boss3/walk.gr2	d:/ymir work/monster2/ent_boss3/walk.gr2	0
metin2_patch_dragon_rock_mobs/ymir work/monster2/cyclops_soldier2/wait2.gr2	d:/ymir work/monster2/cyclops_soldier2/wait2.gr2	0
metin2_patch_dragon_rock_mobs/ymir work/monster2/redthief2_boss2/walk.msa	d:/ymir work/monster2/redthief2_boss2/walk.msa	0
metin2_patch_dragon_rock_mobs/ymir work/monster2/cyclops_magic/cyclops_magic.msm	d:/ymir work/monster2/cyclops_magic/cyclops_magic.msm	0
metin2_patch_dragon_rock_mobs/ymir work/monster2/redthief_officer/wait1.gr2	d:/ymir work/monster2/redthief_officer/wait1.gr2	0
metin2_patch_dragon_rock_mobs/ymir work/monster2/giant_boss2/giant_boss2.wdp	d:/ymir work/monster2/giant_boss2/giant_boss2.wdp	0
metin2_patch_dragon_rock_mobs/ymir work/monster2/cyclops_magic/cyclops_magic_lod_01.gr2	d:/ymir work/monster2/cyclops_magic/cyclops_magic_lod_01.gr2	0
metin2_patch_dragon_rock_mobs/ymir work/monster2/cyclops_magic/motlist.txt	d:/ymir work/monster2/cyclops_magic/motlist.txt	0
metin2_patch_dragon_rock_mobs/ymir work/monster2/cyclops_magic/normal_attack1.gr2	d:/ymir work/monster2/cyclops_magic/normal_attack1.gr2	0
metin2_patch_dragon_rock_mobs/ymir work/monster2/cyclops_soldier/front_dead.gr2	d:/ymir work/monster2/cyclops_soldier/front_dead.gr2	0
metin2_patch_dragon_rock_mobs/ymir work/monster2/cyclops_magic/wait.gr2	d:/ymir work/monster2/cyclops_magic/wait.gr2	0
metin2_patch_dragon_rock_mobs/ymir work/monster2/cyclops_soldier/front_knockdown.msa	d:/ymir work/monster2/cyclops_soldier/front_knockdown.msa	0
metin2_patch_dragon_rock_mobs/ymir work/monster2/cyclops_magic/wait.msa	d:/ymir work/monster2/cyclops_magic/wait.msa	0
metin2_patch_dragon_rock_mobs/ymir work/monster2/ogre_magic/normal_attack1.gr2	d:/ymir work/monster2/ogre_magic/normal_attack1.gr2	0
metin2_patch_dragon_rock_mobs/ymir work/monster2/cyclops_magic/wait1.gr2	d:/ymir work/monster2/cyclops_magic/wait1.gr2	0
metin2_patch_dragon_rock_mobs/ymir work/monster2/cyclops_magic/wait1.msa	d:/ymir work/monster2/cyclops_magic/wait1.msa	0
metin2_patch_dragon_rock_mobs/ymir work/monster2/cyclops_magic/walk.msa	d:/ymir work/monster2/cyclops_magic/walk.msa	0
metin2_patch_dragon_rock_mobs/ymir work/monster2/cyclops_officer/back_damage.gr2	d:/ymir work/monster2/cyclops_officer/back_damage.gr2	0
metin2_patch_dragon_rock_mobs/ymir work/monster2/triton_soldier/back_damage.gr2	d:/ymir work/monster2/triton_soldier/back_damage.gr2	0
metin2_patch_dragon_rock_mobs/ymir work/monster2/manticore_boss/front_damage1.gr2	d:/ymir work/monster2/manticore_boss/front_damage1.gr2	0
metin2_patch_dragon_rock_mobs/ymir work/monster2/ent_boss1/back_damage1.gr2	d:/ymir work/monster2/ent_boss1/back_damage1.gr2	0
metin2_patch_dragon_rock_mobs/ymir work/monster2/cyclops_officer/back_damage.msa	d:/ymir work/monster2/cyclops_officer/back_damage.msa	0
metin2_patch_dragon_rock_mobs/ymir work/monster2/cyclops_soldier/walk.msa	d:/ymir work/monster2/cyclops_soldier/walk.msa	0
metin2_patch_dragon_rock_mobs/ymir work/monster2/manticore_general/front_damage.msa	d:/ymir work/monster2/manticore_general/front_damage.msa	0
metin2_patch_dragon_rock_mobs/ymir work/monster2/ogre_soldier/wait1.gr2	d:/ymir work/monster2/ogre_soldier/wait1.gr2	0
metin2_patch_dragon_rock_mobs/ymir work/monster2/ogre_boss2/ogre_boss2_1.wdp	d:/ymir work/monster2/ogre_boss2/ogre_boss2_1.wdp	0
metin2_patch_dragon_rock_mobs/ymir work/monster2/giant_boss/back_damage1.gr2	d:/ymir work/monster2/giant_boss/back_damage1.gr2	0
metin2_patch_dragon_rock_mobs/ymir work/monster2/cyclops_officer/back_knockdown.gr2	d:/ymir work/monster2/cyclops_officer/back_knockdown.gr2	0
metin2_patch_dragon_rock_mobs/ymir work/monster2/cyclops_officer/back_knockdown.msa	d:/ymir work/monster2/cyclops_officer/back_knockdown.msa	0
metin2_patch_dragon_rock_mobs/ymir work/monster2/ent_boss1/wait.msa	d:/ymir work/monster2/ent_boss1/wait.msa	0
metin2_patch_dragon_rock_mobs/ymir work/monster2/cyclops_officer/cyclops_officer.msm	d:/ymir work/monster2/cyclops_officer/cyclops_officer.msm	0
metin2_patch_dragon_rock_mobs/ymir work/monster2/cyclops_officer/cyclops_officer_weapon.wdp	d:/ymir work/monster2/cyclops_officer/cyclops_officer_weapon.wdp	0
metin2_patch_dragon_rock_mobs/ymir work/monster2/gnoll_boss/gnoll_boss.wdp	d:/ymir work/monster2/gnoll_boss/gnoll_boss.wdp	0
metin2_patch_dragon_rock_mobs/ymir work/monster2/cyclops_officer/front_damage.msa	d:/ymir work/monster2/cyclops_officer/front_damage.msa	0
metin2_patch_dragon_rock_mobs/ymir work/monster2/manticore_general/manticore_general.msm	d:/ymir work/monster2/manticore_general/manticore_general.msm	0
metin2_patch_dragon_rock_mobs/ymir work/monster2/giant_general/run.gr2	d:/ymir work/monster2/giant_general/run.gr2	0
metin2_patch_dragon_rock_mobs/ymir work/monster2/gnoll_general/front_damage.msa	d:/ymir work/monster2/gnoll_general/front_damage.msa	0
metin2_patch_dragon_rock_mobs/ymir work/monster2/giant_boss/special_attack.msa	d:/ymir work/monster2/giant_boss/special_attack.msa	0
metin2_patch_dragon_rock_mobs/ymir work/monster2/gnoll_bow/front_standup.msa	d:/ymir work/monster2/gnoll_bow/front_standup.msa	0
metin2_patch_dragon_rock_mobs/ymir work/monster2/cyclops_officer/front_knockdown.gr2	d:/ymir work/monster2/cyclops_officer/front_knockdown.gr2	0
metin2_patch_dragon_rock_mobs/ymir work/monster2/triton_boss2/triton_boss2.wdp	d:/ymir work/monster2/triton_boss2/triton_boss2.wdp	0
metin2_patch_dragon_rock_mobs/ymir work/monster2/cyclops_officer/front_knockdown.msa	d:/ymir work/monster2/cyclops_officer/front_knockdown.msa	0
metin2_patch_dragon_rock_mobs/ymir work/monster2/redthief_bow/wait2.gr2	d:/ymir work/monster2/redthief_bow/wait2.gr2	0
metin2_patch_dragon_rock_mobs/ymir work/monster2/redthief2_bow/wait2.msa	d:/ymir work/monster2/redthief2_bow/wait2.msa	0
metin2_patch_dragon_rock_mobs/ymir work/monster2/triton_soldier2/normal_attack1.msa	d:/ymir work/monster2/triton_soldier2/normal_attack1.msa	0
metin2_patch_dragon_rock_mobs/ymir work/monster2/gnoll_magic/back_damage.msa	d:/ymir work/monster2/gnoll_magic/back_damage.msa	0
metin2_patch_dragon_rock_mobs/ymir work/monster2/giant_officer/front_standup.gr2	d:/ymir work/monster2/giant_officer/front_standup.gr2	0
metin2_patch_dragon_rock_mobs/ymir work/monster2/giant_boss2/motlist.txt	d:/ymir work/monster2/giant_boss2/motlist.txt	0
metin2_patch_dragon_rock_mobs/ymir work/monster2/cyclops_officer/motlist.txt	d:/ymir work/monster2/cyclops_officer/motlist.txt	0
metin2_patch_dragon_rock_mobs/ymir work/monster2/gnoll_general/wait.gr2	d:/ymir work/monster2/gnoll_general/wait.gr2	0
metin2_patch_dragon_rock_mobs/ymir work/monster2/cyclops_officer/normal_attack.msa	d:/ymir work/monster2/cyclops_officer/normal_attack.msa	0
metin2_patch_dragon_rock_mobs/ymir work/monster2/triton_boss/front_dead.msa	d:/ymir work/monster2/triton_boss/front_dead.msa	0
metin2_patch_dragon_rock_mobs/ymir work/monster2/gnoll_boss/front_dead.msa	d:/ymir work/monster2/gnoll_boss/front_dead.msa	0
metin2_patch_dragon_rock_mobs/ymir work/monster2/redthief_magic/normal_attack1.msa	d:/ymir work/monster2/redthief_magic/normal_attack1.msa	0
metin2_patch_dragon_rock_mobs/ymir work/monster2/cyclops_officer/normal_attack1.gr2	d:/ymir work/monster2/cyclops_officer/normal_attack1.gr2	0
metin2_patch_dragon_rock_mobs/ymir work/monster2/ogre_boss2/ogre_boss2_weapon.wdp	d:/ymir work/monster2/ogre_boss2/ogre_boss2_weapon.wdp	0
metin2_patch_dragon_rock_mobs/ymir work/monster2/gnoll_soldier/wait1.msa	d:/ymir work/monster2/gnoll_soldier/wait1.msa	0
metin2_patch_dragon_rock_mobs/ymir work/monster2/ogre_magic/back_knockdown.gr2	d:/ymir work/monster2/ogre_magic/back_knockdown.gr2	0
metin2_patch_dragon_rock_mobs/ymir work/monster2/lemures_general/lemures_general.msm	d:/ymir work/monster2/lemures_general/lemures_general.msm	0
metin2_patch_dragon_rock_mobs/ymir work/monster2/cyclops_officer/normal_attack1.msa	d:/ymir work/monster2/cyclops_officer/normal_attack1.msa	0
metin2_patch_dragon_rock_mobs/ymir work/monster2/gnoll_soldier/front_knockdown.msa	d:/ymir work/monster2/gnoll_soldier/front_knockdown.msa	0
metin2_patch_dragon_rock_mobs/ymir work/monster2/cyclops_officer/run.gr2	d:/ymir work/monster2/cyclops_officer/run.gr2	0
metin2_patch_dragon_rock_mobs/ymir work/monster2/triton_soldier/front_damage.msa	d:/ymir work/monster2/triton_soldier/front_damage.msa	0
metin2_patch_dragon_rock_mobs/ymir work/monster2/redthief2_general/wait.msa	d:/ymir work/monster2/redthief2_general/wait.msa	0
metin2_patch_dragon_rock_mobs/ymir work/monster2/cyclops_officer/run.msa	d:/ymir work/monster2/cyclops_officer/run.msa	0
metin2_patch_dragon_rock_mobs/ymir work/monster2/manticore_magic/motlist.txt	d:/ymir work/monster2/manticore_magic/motlist.txt	0
metin2_patch_dragon_rock_mobs/ymir work/monster2/cyclops_soldier2/normal_attack.msa	d:/ymir work/monster2/cyclops_soldier2/normal_attack.msa	0
metin2_patch_dragon_rock_mobs/ymir work/monster2/manticore_boss/front_standup.gr2	d:/ymir work/monster2/manticore_boss/front_standup.gr2	0
metin2_patch_dragon_rock_mobs/ymir work/monster2/redthief2_general/motlist.txt	d:/ymir work/monster2/redthief2_general/motlist.txt	0
metin2_patch_dragon_rock_mobs/ymir work/monster2/cyclops_officer/wait.msa	d:/ymir work/monster2/cyclops_officer/wait.msa	0
metin2_patch_dragon_rock_mobs/ymir work/monster2/gnoll_boss/front_damage1.msa	d:/ymir work/monster2/gnoll_boss/front_damage1.msa	0
metin2_patch_dragon_rock_mobs/ymir work/monster2/cyclops_officer/walk.msa	d:/ymir work/monster2/cyclops_officer/walk.msa	0
metin2_patch_dragon_rock_mobs/ymir work/monster2/cyclops_soldier/back_damage.gr2	d:/ymir work/monster2/cyclops_soldier/back_damage.gr2	0
metin2_patch_dragon_rock_mobs/ymir work/monster2/cyclops_soldier/back_knockdown.gr2	d:/ymir work/monster2/cyclops_soldier/back_knockdown.gr2	0
metin2_patch_dragon_rock_mobs/ymir work/monster2/gnoll_boss/front_damage.gr2	d:/ymir work/monster2/gnoll_boss/front_damage.gr2	0
metin2_patch_dragon_rock_mobs/ymir work/monster2/giant_officer/normal_attack1.gr2	d:/ymir work/monster2/giant_officer/normal_attack1.gr2	0
metin2_patch_dragon_rock_mobs/ymir work/monster2/giant_boss2/back_damage.msa	d:/ymir work/monster2/giant_boss2/back_damage.msa	0
metin2_patch_dragon_rock_mobs/ymir work/monster2/cyclops_soldier/cyclops_soldier.wdp	d:/ymir work/monster2/cyclops_soldier/cyclops_soldier.wdp	0
metin2_patch_dragon_rock_mobs/ymir work/monster2/cyclops_soldier/cyclops_soldier.msm	d:/ymir work/monster2/cyclops_soldier/cyclops_soldier.msm	0
metin2_patch_dragon_rock_mobs/ymir work/monster2/giant_soldier/normal_attack.msa	d:/ymir work/monster2/giant_soldier/normal_attack.msa	0
metin2_patch_dragon_rock_mobs/ymir work/monster2/cyclops_soldier/front_standup.gr2	d:/ymir work/monster2/cyclops_soldier/front_standup.gr2	0
metin2_patch_dragon_rock_mobs/ymir work/monster2/manticore_general/wait1.gr2	d:/ymir work/monster2/manticore_general/wait1.gr2	0
metin2_patch_dragon_rock_mobs/ymir work/monster2/redthief_boss/wait1.msa	d:/ymir work/monster2/redthief_boss/wait1.msa	0
metin2_patch_dragon_rock_mobs/ymir work/monster2/ogre_boss2/motlist.txt	d:/ymir work/monster2/ogre_boss2/motlist.txt	0
metin2_patch_dragon_rock_mobs/ymir work/monster2/cyclops_soldier/motlist.txt	d:/ymir work/monster2/cyclops_soldier/motlist.txt	0
metin2_patch_dragon_rock_mobs/ymir work/monster2/cyclops_soldier2/back_knockdown.gr2	d:/ymir work/monster2/cyclops_soldier2/back_knockdown.gr2	0
metin2_patch_dragon_rock_mobs/ymir work/monster2/gnoll_boss/front_damage.msa	d:/ymir work/monster2/gnoll_boss/front_damage.msa	0
metin2_patch_dragon_rock_mobs/ymir work/monster2/ent_boss2/normal_attack1.gr2	d:/ymir work/monster2/ent_boss2/normal_attack1.gr2	0
metin2_patch_dragon_rock_mobs/ymir work/monster2/redthief2_boss/run.msa	d:/ymir work/monster2/redthief2_boss/run.msa	0
metin2_patch_dragon_rock_mobs/ymir work/monster2/cyclops_soldier/normal_attack.gr2	d:/ymir work/monster2/cyclops_soldier/normal_attack.gr2	0
metin2_patch_dragon_rock_mobs/ymir work/monster2/ent_boss2/back_knockdown.msa	d:/ymir work/monster2/ent_boss2/back_knockdown.msa	0
metin2_patch_dragon_rock_mobs/ymir work/monster2/redthief2_boss2/specil_attack.msa	d:/ymir work/monster2/redthief2_boss2/specil_attack.msa	0
metin2_patch_dragon_rock_mobs/ymir work/monster2/cyclops_soldier/normal_attack.msa	d:/ymir work/monster2/cyclops_soldier/normal_attack.msa	0
metin2_patch_dragon_rock_mobs/ymir work/monster2/ent_boss3/normal_attack1.msa	d:/ymir work/monster2/ent_boss3/normal_attack1.msa	0
metin2_patch_dragon_rock_mobs/ymir work/monster2/lemures_magic/front_damage.gr2	d:/ymir work/monster2/lemures_magic/front_damage.gr2	0
metin2_patch_dragon_rock_mobs/ymir work/monster2/cyclops_soldier/run.msa	d:/ymir work/monster2/cyclops_soldier/run.msa	0
metin2_patch_dragon_rock_mobs/ymir work/monster2/lemures_boss/walk.gr2	d:/ymir work/monster2/lemures_boss/walk.gr2	0
metin2_patch_dragon_rock_mobs/ymir work/monster2/cyclops_soldier/wait.gr2	d:/ymir work/monster2/cyclops_soldier/wait.gr2	0
metin2_patch_dragon_rock_mobs/ymir work/monster2/ent_boss2/back_damage1.msa	d:/ymir work/monster2/ent_boss2/back_damage1.msa	0
metin2_patch_dragon_rock_mobs/ymir work/monster2/cyclops_soldier/walk.gr2	d:/ymir work/monster2/cyclops_soldier/walk.gr2	0
metin2_patch_dragon_rock_mobs/ymir work/monster2/redthief2_magic/front_dead.msa	d:/ymir work/monster2/redthief2_magic/front_dead.msa	0
metin2_patch_dragon_rock_mobs/ymir work/monster2/redthief_general/front_damage.gr2	d:/ymir work/monster2/redthief_general/front_damage.gr2	0
metin2_patch_dragon_rock_mobs/ymir work/monster2/cyclops_soldier2/back_damage.gr2	d:/ymir work/monster2/cyclops_soldier2/back_damage.gr2	0
metin2_patch_dragon_rock_mobs/ymir work/monster2/triton_boss2/normal_attack.msa	d:/ymir work/monster2/triton_boss2/normal_attack.msa	0
metin2_patch_dragon_rock_mobs/ymir work/monster2/cyclops_soldier2/back_damage.msa	d:/ymir work/monster2/cyclops_soldier2/back_damage.msa	0
metin2_patch_dragon_rock_mobs/ymir work/monster2/lemures_boss/lemures_boss.wdp	d:/ymir work/monster2/lemures_boss/lemures_boss.wdp	0
metin2_patch_dragon_rock_mobs/ymir work/monster2/gnoll_bow/wait.gr2	d:/ymir work/monster2/gnoll_bow/wait.gr2	0
metin2_patch_dragon_rock_mobs/ymir work/monster2/lemures_officer/normal_attack.gr2	d:/ymir work/monster2/lemures_officer/normal_attack.gr2	0
metin2_patch_dragon_rock_mobs/ymir work/monster2/triton_officer/run.gr2	d:/ymir work/monster2/triton_officer/run.gr2	0
metin2_patch_dragon_rock_mobs/ymir work/monster2/giant_boss2/giant_boss2_lod_01.gr2	d:/ymir work/monster2/giant_boss2/giant_boss2_lod_01.gr2	0
metin2_patch_dragon_rock_mobs/ymir work/monster2/cyclops_soldier2/cyclops_soldier2.wdp	d:/ymir work/monster2/cyclops_soldier2/cyclops_soldier2.wdp	0
metin2_patch_dragon_rock_mobs/ymir work/monster2/giant_boss2/normal_attack1.gr2	d:/ymir work/monster2/giant_boss2/normal_attack1.gr2	0
metin2_patch_dragon_rock_mobs/ymir work/monster2/cyclops_soldier2/cyclops_soldier2.gr2	d:/ymir work/monster2/cyclops_soldier2/cyclops_soldier2.gr2	0
metin2_patch_dragon_rock_mobs/ymir work/monster2/gnoll_boss2/special_attack1.gr2	d:/ymir work/monster2/gnoll_boss2/special_attack1.gr2	0
metin2_patch_dragon_rock_mobs/ymir work/monster2/cyclops_soldier2/cyclops_soldier2.msm	d:/ymir work/monster2/cyclops_soldier2/cyclops_soldier2.msm	0
metin2_patch_dragon_rock_mobs/ymir work/monster2/giant_boss2/back_damage.gr2	d:/ymir work/monster2/giant_boss2/back_damage.gr2	0
metin2_patch_dragon_rock_mobs/ymir work/monster2/cyclops_soldier2/cyclops_soldier2_lod_01.gr2	d:/ymir work/monster2/cyclops_soldier2/cyclops_soldier2_lod_01.gr2	0
metin2_patch_dragon_rock_mobs/ymir work/monster2/cyclops_soldier2/cyclops_soldier2_weapon.wdp	d:/ymir work/monster2/cyclops_soldier2/cyclops_soldier2_weapon.wdp	0
metin2_patch_dragon_rock_mobs/ymir work/monster2/gnoll_boss2/motlist.txt	d:/ymir work/monster2/gnoll_boss2/motlist.txt	0
metin2_patch_dragon_rock_mobs/ymir work/monster2/ent_boss3/ent_boss3_lod_01.gr2	d:/ymir work/monster2/ent_boss3/ent_boss3_lod_01.gr2	0
metin2_patch_dragon_rock_mobs/ymir work/monster2/triton_boss2/front_knockdown.gr2	d:/ymir work/monster2/triton_boss2/front_knockdown.gr2	0
metin2_patch_dragon_rock_mobs/ymir work/monster2/cyclops_soldier2/front_damage.msa	d:/ymir work/monster2/cyclops_soldier2/front_damage.msa	0
metin2_patch_dragon_rock_mobs/ymir work/monster2/lemures_general/back_damage.msa	d:/ymir work/monster2/lemures_general/back_damage.msa	0
metin2_patch_dragon_rock_mobs/ymir work/monster2/cyclops_soldier2/front_dead.gr2	d:/ymir work/monster2/cyclops_soldier2/front_dead.gr2	0
metin2_patch_dragon_rock_mobs/ymir work/monster2/ent_boss1/ent_boss1.msm	d:/ymir work/monster2/ent_boss1/ent_boss1.msm	0
metin2_patch_dragon_rock_mobs/ymir work/monster2/redthief2_bow/wait1.msa	d:/ymir work/monster2/redthief2_bow/wait1.msa	0
metin2_patch_dragon_rock_mobs/ymir work/monster2/giant_magic/giant_magic.gr2	d:/ymir work/monster2/giant_magic/giant_magic.gr2	0
metin2_patch_dragon_rock_mobs/ymir work/effect/monster2/blast2.mse	d:/ymir work/effect/monster2/blast2.mse	0
metin2_patch_dragon_rock_mobs/ymir work/monster2/manticore_officer/wait2.msa	d:/ymir work/monster2/manticore_officer/wait2.msa	0
metin2_patch_dragon_rock_mobs/ymir work/monster2/cyclops_soldier2/front_knockdown.gr2	d:/ymir work/monster2/cyclops_soldier2/front_knockdown.gr2	0
metin2_patch_dragon_rock_mobs/ymir work/monster2/cyclops_soldier2/normal_attack1.gr2	d:/ymir work/monster2/cyclops_soldier2/normal_attack1.gr2	0
metin2_patch_dragon_rock_mobs/ymir work/monster2/cyclops_soldier2/normal_attack1.msa	d:/ymir work/monster2/cyclops_soldier2/normal_attack1.msa	0
metin2_patch_dragon_rock_mobs/ymir work/monster2/giant_boss/front_knockdown.msa	d:/ymir work/monster2/giant_boss/front_knockdown.msa	0
metin2_patch_dragon_rock_mobs/ymir work/monster2/manticore_boss/front_knockdown.gr2	d:/ymir work/monster2/manticore_boss/front_knockdown.gr2	0
metin2_patch_dragon_rock_mobs/ymir work/monster2/cyclops_soldier2/run.msa	d:/ymir work/monster2/cyclops_soldier2/run.msa	0
metin2_patch_dragon_rock_mobs/ymir work/monster2/cyclops_soldier2/wait1.gr2	d:/ymir work/monster2/cyclops_soldier2/wait1.gr2	0
metin2_patch_dragon_rock_mobs/ymir work/monster2/ent_boss1/special_attack.msa	d:/ymir work/monster2/ent_boss1/special_attack.msa	0
metin2_patch_dragon_rock_mobs/ymir work/monster2/cyclops_soldier2/wait1.msa	d:/ymir work/monster2/cyclops_soldier2/wait1.msa	0
metin2_patch_dragon_rock_mobs/ymir work/monster2/cyclops_soldier2/wait2.msa	d:/ymir work/monster2/cyclops_soldier2/wait2.msa	0
metin2_patch_dragon_rock_mobs/ymir work/monster2/ent_boss1/back_damage.gr2	d:/ymir work/monster2/ent_boss1/back_damage.gr2	0
metin2_patch_dragon_rock_mobs/ymir work/monster2/redthief_general/wait1.msa	d:/ymir work/monster2/redthief_general/wait1.msa	0
metin2_patch_dragon_rock_mobs/ymir work/monster2/ent_boss3/ent_boss3.wdp	d:/ymir work/monster2/ent_boss3/ent_boss3.wdp	0
metin2_patch_dragon_rock_mobs/ymir work/monster2/ent_boss1/back_damage1.msa	d:/ymir work/monster2/ent_boss1/back_damage1.msa	0
metin2_patch_dragon_rock_mobs/ymir work/monster2/gnoll_general/run.gr2	d:/ymir work/monster2/gnoll_general/run.gr2	0
metin2_patch_dragon_rock_mobs/ymir work/monster2/manticore_soldier/manticore_soldier_lod_01.gr2	d:/ymir work/monster2/manticore_soldier/manticore_soldier_lod_01.gr2	0
metin2_patch_dragon_rock_mobs/ymir work/monster2/ent_boss1/back_knockdown.gr2	d:/ymir work/monster2/ent_boss1/back_knockdown.gr2	0
metin2_patch_dragon_rock_mobs/ymir work/monster2/redthief2_general/front_knockdown.msa	d:/ymir work/monster2/redthief2_general/front_knockdown.msa	0
metin2_patch_dragon_rock_mobs/ymir work/monster2/ent_boss1/ent_boss1_1.wdp	d:/ymir work/monster2/ent_boss1/ent_boss1_1.wdp	0
metin2_patch_dragon_rock_mobs/ymir work/monster2/ent_boss2/back_knockdown.gr2	d:/ymir work/monster2/ent_boss2/back_knockdown.gr2	0
metin2_patch_dragon_rock_mobs/ymir work/monster2/lemures_boss2/back_knockdown.gr2	d:/ymir work/monster2/lemures_boss2/back_knockdown.gr2	0
metin2_patch_dragon_rock_mobs/ymir work/monster2/lemures_soldier/back_damage.msa	d:/ymir work/monster2/lemures_soldier/back_damage.msa	0
metin2_patch_dragon_rock_mobs/ymir work/monster2/ent_boss1/ent_boss1_2.wdp	d:/ymir work/monster2/ent_boss1/ent_boss1_2.wdp	0
metin2_patch_dragon_rock_mobs/ymir work/monster2/redthief_boss/normal_attack.msa	d:/ymir work/monster2/redthief_boss/normal_attack.msa	0
metin2_patch_dragon_rock_mobs/ymir work/monster2/manticore_soldier2/walk.msa	d:/ymir work/monster2/manticore_soldier2/walk.msa	0
metin2_patch_dragon_rock_mobs/ymir work/monster2/ogre_bow/front_standup.gr2	d:/ymir work/monster2/ogre_bow/front_standup.gr2	0
metin2_patch_dragon_rock_mobs/ymir work/monster2/ent_boss2/back_damage.msa	d:/ymir work/monster2/ent_boss2/back_damage.msa	0
metin2_patch_dragon_rock_mobs/ymir work/monster2/lemures_soldier2/front_standup.msa	d:/ymir work/monster2/lemures_soldier2/front_standup.msa	0
metin2_patch_dragon_rock_mobs/ymir work/monster2/ent_boss1/ent_boss1_lod_01.gr2	d:/ymir work/monster2/ent_boss1/ent_boss1_lod_01.gr2	0
metin2_patch_dragon_rock_mobs/ymir work/monster2/ent_boss1/run.msa	d:/ymir work/monster2/ent_boss1/run.msa	0
metin2_patch_dragon_rock_mobs/ymir work/monster2/ent_boss1/ent_boss1_weapon.wdp	d:/ymir work/monster2/ent_boss1/ent_boss1_weapon.wdp	0
metin2_patch_dragon_rock_mobs/ymir work/monster2/ogre_magic/back_knockdown.msa	d:/ymir work/monster2/ogre_magic/back_knockdown.msa	0
metin2_patch_dragon_rock_mobs/ymir work/monster2/ent_boss1/front_damage.gr2	d:/ymir work/monster2/ent_boss1/front_damage.gr2	0
metin2_patch_dragon_rock_mobs/ymir work/monster2/ent_boss1/front_damage1.gr2	d:/ymir work/monster2/ent_boss1/front_damage1.gr2	0
metin2_patch_dragon_rock_mobs/ymir work/monster2/ent_boss1/front_dead.gr2	d:/ymir work/monster2/ent_boss1/front_dead.gr2	0
metin2_patch_dragon_rock_mobs/ymir work/monster2/ogre_general/normal_attack1.msa	d:/ymir work/monster2/ogre_general/normal_attack1.msa	0
metin2_patch_dragon_rock_mobs/ymir work/monster2/ent_boss1/front_dead.msa	d:/ymir work/monster2/ent_boss1/front_dead.msa	0
metin2_patch_dragon_rock_mobs/ymir work/monster2/ent_boss2/front_standup.gr2	d:/ymir work/monster2/ent_boss2/front_standup.gr2	0
metin2_patch_dragon_rock_mobs/ymir work/monster2/manticore_officer/wait2.gr2	d:/ymir work/monster2/manticore_officer/wait2.gr2	0
metin2_patch_dragon_rock_mobs/ymir work/monster2/redthief_boss/special_attack.msa	d:/ymir work/monster2/redthief_boss/special_attack.msa	0
metin2_patch_dragon_rock_mobs/ymir work/monster2/giant_soldier/giant_soldier.gr2	d:/ymir work/monster2/giant_soldier/giant_soldier.gr2	0
metin2_patch_dragon_rock_mobs/ymir work/monster2/ent_boss1/motlist.txt	d:/ymir work/monster2/ent_boss1/motlist.txt	0
metin2_patch_dragon_rock_mobs/ymir work/monster2/ogre_boss2/walk.gr2	d:/ymir work/monster2/ogre_boss2/walk.gr2	0
metin2_patch_dragon_rock_mobs/ymir work/monster2/ent_boss1/normal_attack.msa	d:/ymir work/monster2/ent_boss1/normal_attack.msa	0
metin2_patch_dragon_rock_mobs/ymir work/monster2/ent_boss1/normal_attack1.gr2	d:/ymir work/monster2/ent_boss1/normal_attack1.gr2	0
metin2_patch_dragon_rock_mobs/ymir work/monster2/ogre_boss/wait.gr2	d:/ymir work/monster2/ogre_boss/wait.gr2	0
metin2_patch_dragon_rock_mobs/ymir work/monster2/ogre_soldier/run.msa	d:/ymir work/monster2/ogre_soldier/run.msa	0
metin2_patch_dragon_rock_mobs/ymir work/monster2/ent_boss1/special_attack.gr2	d:/ymir work/monster2/ent_boss1/special_attack.gr2	0
metin2_patch_dragon_rock_mobs/ymir work/monster2/ent_boss2/wait.gr2	d:/ymir work/monster2/ent_boss2/wait.gr2	0
metin2_patch_dragon_rock_mobs/ymir work/monster2/ent_boss1/wait.gr2	d:/ymir work/monster2/ent_boss1/wait.gr2	0
metin2_patch_dragon_rock_mobs/ymir work/monster2/ent_boss1/wait1.msa	d:/ymir work/monster2/ent_boss1/wait1.msa	0
metin2_patch_dragon_rock_mobs/ymir work/monster2/triton_magic/walk.gr2	d:/ymir work/monster2/triton_magic/walk.gr2	0
metin2_patch_dragon_rock_mobs/ymir work/monster2/triton_boss/wait2.msa	d:/ymir work/monster2/triton_boss/wait2.msa	0
metin2_patch_dragon_rock_mobs/ymir work/monster2/ent_boss3/front_damage.msa	d:/ymir work/monster2/ent_boss3/front_damage.msa	0
metin2_patch_dragon_rock_mobs/ymir work/monster2/ent_boss2/back_damage1.gr2	d:/ymir work/monster2/ent_boss2/back_damage1.gr2	0
metin2_patch_dragon_rock_mobs/ymir work/monster2/ent_boss2/ent_boss2.gr2	d:/ymir work/monster2/ent_boss2/ent_boss2.gr2	0
metin2_patch_dragon_rock_mobs/ymir work/monster2/ogre_boss2/special_attack1.msa	d:/ymir work/monster2/ogre_boss2/special_attack1.msa	0
metin2_patch_dragon_rock_mobs/ymir work/monster2/giant_boss2/normal_attack.gr2	d:/ymir work/monster2/giant_boss2/normal_attack.gr2	0
metin2_patch_dragon_rock_mobs/ymir work/monster2/ent_boss2/ent_boss2.msm	d:/ymir work/monster2/ent_boss2/ent_boss2.msm	0
metin2_patch_dragon_rock_mobs/ymir work/monster2/ent_boss2/ent_boss2_1.wdp	d:/ymir work/monster2/ent_boss2/ent_boss2_1.wdp	0
metin2_patch_dragon_rock_mobs/ymir work/monster2/giant_soldier2/front_standup.msa	d:/ymir work/monster2/giant_soldier2/front_standup.msa	0
metin2_patch_dragon_rock_mobs/ymir work/monster2/ent_boss2/front_damage.msa	d:/ymir work/monster2/ent_boss2/front_damage.msa	0
metin2_patch_dragon_rock_mobs/ymir work/monster2/redthief_magic/front_standup.gr2	d:/ymir work/monster2/redthief_magic/front_standup.gr2	0
metin2_patch_dragon_rock_mobs/ymir work/monster2/ogre_boss2/normal_attack1.gr2	d:/ymir work/monster2/ogre_boss2/normal_attack1.gr2	0
metin2_patch_dragon_rock_mobs/ymir work/monster2/ent_boss2/front_damage1.msa	d:/ymir work/monster2/ent_boss2/front_damage1.msa	0
metin2_patch_dragon_rock_mobs/ymir work/monster2/gnoll_soldier2/normal_attack1.gr2	d:/ymir work/monster2/gnoll_soldier2/normal_attack1.gr2	0
metin2_patch_dragon_rock_mobs/ymir work/monster2/giant_general/back_damage.gr2	d:/ymir work/monster2/giant_general/back_damage.gr2	0
metin2_patch_dragon_rock_mobs/ymir work/monster2/redthief_boss/front_damage.msa	d:/ymir work/monster2/redthief_boss/front_damage.msa	0
metin2_patch_dragon_rock_mobs/ymir work/monster2/ent_boss2/front_dead.gr2	d:/ymir work/monster2/ent_boss2/front_dead.gr2	0
metin2_patch_dragon_rock_mobs/ymir work/monster2/ent_boss3/wait1.msa	d:/ymir work/monster2/ent_boss3/wait1.msa	0
metin2_patch_dragon_rock_mobs/ymir work/monster2/manticore_boss2/back_damage.msa	d:/ymir work/monster2/manticore_boss2/back_damage.msa	0
metin2_patch_dragon_rock_mobs/ymir work/monster2/ent_boss2/front_dead.msa	d:/ymir work/monster2/ent_boss2/front_dead.msa	0
metin2_patch_dragon_rock_mobs/ymir work/monster2/ent_boss2/front_knockdown.gr2	d:/ymir work/monster2/ent_boss2/front_knockdown.gr2	0
metin2_patch_dragon_rock_mobs/ymir work/monster2/redthief_soldier2/back_damage.msa	d:/ymir work/monster2/redthief_soldier2/back_damage.msa	0
metin2_patch_dragon_rock_mobs/ymir work/monster2/ent_boss2/front_standup.msa	d:/ymir work/monster2/ent_boss2/front_standup.msa	0
metin2_patch_dragon_rock_mobs/ymir work/monster2/manticore_boss2/manticore_boss2.gr2	d:/ymir work/monster2/manticore_boss2/manticore_boss2.gr2	0
metin2_patch_dragon_rock_mobs/ymir work/monster2/manticore_soldier/normal_attack.msa	d:/ymir work/monster2/manticore_soldier/normal_attack.msa	0
metin2_patch_dragon_rock_mobs/ymir work/monster2/ent_boss2/motlist.txt	d:/ymir work/monster2/ent_boss2/motlist.txt	0
metin2_patch_dragon_rock_mobs/ymir work/monster2/ent_boss2/normal_attack.gr2	d:/ymir work/monster2/ent_boss2/normal_attack.gr2	0
metin2_patch_dragon_rock_mobs/ymir work/monster2/ent_boss2/normal_attack.msa	d:/ymir work/monster2/ent_boss2/normal_attack.msa	0
metin2_patch_dragon_rock_mobs/ymir work/monster2/manticore_boss/normal_attack.msa	d:/ymir work/monster2/manticore_boss/normal_attack.msa	0
metin2_patch_dragon_rock_mobs/ymir work/monster2/ent_boss2/normal_attack1.msa	d:/ymir work/monster2/ent_boss2/normal_attack1.msa	0
metin2_patch_dragon_rock_mobs/ymir work/monster2/triton_magic/triton_magic.wdp	d:/ymir work/monster2/triton_magic/triton_magic.wdp	0
metin2_patch_dragon_rock_mobs/ymir work/monster2/ent_boss2/run.gr2	d:/ymir work/monster2/ent_boss2/run.gr2	0
metin2_patch_dragon_rock_mobs/ymir work/monster2/lemures_general/back_damage.gr2	d:/ymir work/monster2/lemures_general/back_damage.gr2	0
metin2_patch_dragon_rock_mobs/ymir work/monster2/ent_boss2/run.msa	d:/ymir work/monster2/ent_boss2/run.msa	0
metin2_patch_dragon_rock_mobs/ymir work/monster2/ent_boss2/wait.msa	d:/ymir work/monster2/ent_boss2/wait.msa	0
metin2_patch_dragon_rock_mobs/ymir work/monster2/manticore_boss/manticore_boss.gr2	d:/ymir work/monster2/manticore_boss/manticore_boss.gr2	0
metin2_patch_dragon_rock_mobs/ymir work/monster2/ent_boss2/wait1.gr2	d:/ymir work/monster2/ent_boss2/wait1.gr2	0
metin2_patch_dragon_rock_mobs/ymir work/monster2/ent_boss2/wait1.msa	d:/ymir work/monster2/ent_boss2/wait1.msa	0
metin2_patch_dragon_rock_mobs/ymir work/monster2/giant_soldier/giant_soldier_lod_01.gr2	d:/ymir work/monster2/giant_soldier/giant_soldier_lod_01.gr2	0
metin2_patch_dragon_rock_mobs/ymir work/monster2/redthief2_bow/redthief2_bow.wdp	d:/ymir work/monster2/redthief2_bow/redthief2_bow.wdp	0
metin2_patch_dragon_rock_mobs/ymir work/monster2/ent_boss2/wait2.gr2	d:/ymir work/monster2/ent_boss2/wait2.gr2	0
metin2_patch_dragon_rock_mobs/ymir work/monster2/ent_boss2/wait2.msa	d:/ymir work/monster2/ent_boss2/wait2.msa	0
metin2_patch_dragon_rock_mobs/ymir work/monster2/manticore_soldier/manticore_soldier.wdp	d:/ymir work/monster2/manticore_soldier/manticore_soldier.wdp	0
metin2_patch_dragon_rock_mobs/ymir work/monster2/manticore_boss/back_damage.gr2	d:/ymir work/monster2/manticore_boss/back_damage.gr2	0
metin2_patch_dragon_rock_mobs/ymir work/monster2/gnoll_boss2/front_damage.msa	d:/ymir work/monster2/gnoll_boss2/front_damage.msa	0
metin2_patch_dragon_rock_mobs/ymir work/monster2/ent_boss2/wait3.gr2	d:/ymir work/monster2/ent_boss2/wait3.gr2	0
metin2_patch_dragon_rock_mobs/ymir work/monster2/redthief_general/normal_attack.gr2	d:/ymir work/monster2/redthief_general/normal_attack.gr2	0
metin2_patch_dragon_rock_mobs/ymir work/monster2/ent_boss2/walk.msa	d:/ymir work/monster2/ent_boss2/walk.msa	0
metin2_patch_dragon_rock_mobs/ymir work/monster2/lemures_soldier2/lemures_soldier2.msm	d:/ymir work/monster2/lemures_soldier2/lemures_soldier2.msm	0
metin2_patch_dragon_rock_mobs/ymir work/monster2/ent_boss3/back_damage.gr2	d:/ymir work/monster2/ent_boss3/back_damage.gr2	0
metin2_patch_dragon_rock_mobs/ymir work/monster2/ent_boss3/back_damage.msa	d:/ymir work/monster2/ent_boss3/back_damage.msa	0
metin2_patch_dragon_rock_mobs/ymir work/monster2/redthief2_boss2/front_damage1.msa	d:/ymir work/monster2/redthief2_boss2/front_damage1.msa	0
metin2_patch_dragon_rock_mobs/ymir work/monster2/ent_boss3/back_damage1.msa	d:/ymir work/monster2/ent_boss3/back_damage1.msa	0
metin2_patch_dragon_rock_mobs/ymir work/monster2/triton_soldier2/triton_soldier2.msm	d:/ymir work/monster2/triton_soldier2/triton_soldier2.msm	0
metin2_patch_dragon_rock_mobs/ymir work/monster2/redthief2_bow/normal_attack1.msa	d:/ymir work/monster2/redthief2_bow/normal_attack1.msa	0
metin2_patch_dragon_rock_mobs/ymir work/monster2/gnoll_general/normal_attack.gr2	d:/ymir work/monster2/gnoll_general/normal_attack.gr2	0
metin2_patch_dragon_rock_mobs/ymir work/monster2/ent_boss3/back_knockdown.gr2	d:/ymir work/monster2/ent_boss3/back_knockdown.gr2	0
metin2_patch_dragon_rock_mobs/ymir work/monster2/giant_soldier/front_knockdown.msa	d:/ymir work/monster2/giant_soldier/front_knockdown.msa	0
metin2_patch_dragon_rock_mobs/ymir work/monster2/ent_boss3/back_knockdown.msa	d:/ymir work/monster2/ent_boss3/back_knockdown.msa	0
metin2_patch_dragon_rock_mobs/ymir work/monster2/ogre_bow/back_knockdown.gr2	d:/ymir work/monster2/ogre_bow/back_knockdown.gr2	0
metin2_patch_dragon_rock_mobs/ymir work/monster2/giant_boss2/front_damage1.msa	d:/ymir work/monster2/giant_boss2/front_damage1.msa	0
metin2_patch_dragon_rock_mobs/ymir work/monster2/giant_general/wait.msa	d:/ymir work/monster2/giant_general/wait.msa	0
metin2_patch_dragon_rock_mobs/ymir work/monster2/redthief2_boss/front_damage1.msa	d:/ymir work/monster2/redthief2_boss/front_damage1.msa	0
metin2_patch_dragon_rock_mobs/ymir work/monster2/ent_boss3/ent_boss3.gr2	d:/ymir work/monster2/ent_boss3/ent_boss3.gr2	0
metin2_patch_dragon_rock_mobs/ymir work/monster2/gnoll_boss2/walk.msa	d:/ymir work/monster2/gnoll_boss2/walk.msa	0
metin2_patch_dragon_rock_mobs/ymir work/monster2/ent_boss3/front_damage.gr2	d:/ymir work/monster2/ent_boss3/front_damage.gr2	0
metin2_patch_dragon_rock_mobs/ymir work/monster2/lemures_officer/front_knockdown.msa	d:/ymir work/monster2/lemures_officer/front_knockdown.msa	0
metin2_patch_dragon_rock_mobs/ymir work/monster2/triton_general/run.msa	d:/ymir work/monster2/triton_general/run.msa	0
metin2_patch_dragon_rock_mobs/ymir work/monster2/giant_boss/back_knockdown.gr2	d:/ymir work/monster2/giant_boss/back_knockdown.gr2	0
metin2_patch_dragon_rock_mobs/ymir work/monster2/ent_boss3/front_damage1.gr2	d:/ymir work/monster2/ent_boss3/front_damage1.gr2	0
metin2_patch_dragon_rock_mobs/ymir work/monster2/ent_boss3/front_damage1.msa	d:/ymir work/monster2/ent_boss3/front_damage1.msa	0
metin2_patch_dragon_rock_mobs/ymir work/monster2/manticore_soldier2/wait1.msa	d:/ymir work/monster2/manticore_soldier2/wait1.msa	0
metin2_patch_dragon_rock_mobs/ymir work/monster2/ent_boss3/front_dead.gr2	d:/ymir work/monster2/ent_boss3/front_dead.gr2	0
metin2_patch_dragon_rock_mobs/ymir work/monster2/ent_boss3/front_dead.msa	d:/ymir work/monster2/ent_boss3/front_dead.msa	0
metin2_patch_dragon_rock_mobs/ymir work/monster2/lemures_magic/back_knockdown.msa	d:/ymir work/monster2/lemures_magic/back_knockdown.msa	0
metin2_patch_dragon_rock_mobs/ymir work/monster2/ent_boss3/front_knockdown.gr2	d:/ymir work/monster2/ent_boss3/front_knockdown.gr2	0
metin2_patch_dragon_rock_mobs/ymir work/monster2/manticore_soldier/manticore_soldier.gr2	d:/ymir work/monster2/manticore_soldier/manticore_soldier.gr2	0
metin2_patch_dragon_rock_mobs/ymir work/monster2/giant_soldier2/normal_attack1.gr2	d:/ymir work/monster2/giant_soldier2/normal_attack1.gr2	0
metin2_patch_dragon_rock_mobs/ymir work/monster2/ent_boss3/front_knockdown.msa	d:/ymir work/monster2/ent_boss3/front_knockdown.msa	0
metin2_patch_dragon_rock_mobs/ymir work/monster2/ent_boss3/front_standup.msa	d:/ymir work/monster2/ent_boss3/front_standup.msa	0
metin2_patch_dragon_rock_mobs/ymir work/monster2/giant_soldier/front_damage.msa	d:/ymir work/monster2/giant_soldier/front_damage.msa	0
metin2_patch_dragon_rock_mobs/ymir work/monster2/redthief_boss/front_dead.msa	d:/ymir work/monster2/redthief_boss/front_dead.msa	0
metin2_patch_dragon_rock_mobs/ymir work/effect/monster2/tornado_dirt1.mse	d:/ymir work/effect/monster2/tornado_dirt1.mse	0
metin2_patch_dragon_rock_mobs/ymir work/monster2/ent_boss3/motlist.txt	d:/ymir work/monster2/ent_boss3/motlist.txt	0
metin2_patch_dragon_rock_mobs/ymir work/monster2/redthief_soldier2/walk.msa	d:/ymir work/monster2/redthief_soldier2/walk.msa	0
metin2_patch_dragon_rock_mobs/ymir work/monster2/giant_soldier2/giant_soldier2.gr2	d:/ymir work/monster2/giant_soldier2/giant_soldier2.gr2	0
metin2_patch_dragon_rock_mobs/ymir work/monster2/ent_boss3/normal_attack.gr2	d:/ymir work/monster2/ent_boss3/normal_attack.gr2	0
metin2_patch_dragon_rock_mobs/ymir work/monster2/lemures_magic/back_damage.gr2	d:/ymir work/monster2/lemures_magic/back_damage.gr2	0
metin2_patch_dragon_rock_mobs/ymir work/monster2/ent_boss3/special_attack.gr2	d:/ymir work/monster2/ent_boss3/special_attack.gr2	0
metin2_patch_dragon_rock_mobs/ymir work/monster2/redthief_magic/redthief_magic.wdp	d:/ymir work/monster2/redthief_magic/redthief_magic.wdp	0
metin2_patch_dragon_rock_mobs/ymir work/monster2/ent_boss3/normal_attack.msa	d:/ymir work/monster2/ent_boss3/normal_attack.msa	0
metin2_patch_dragon_rock_mobs/ymir work/monster2/ent_boss3/normal_attack1.gr2	d:/ymir work/monster2/ent_boss3/normal_attack1.gr2	0
metin2_patch_dragon_rock_mobs/ymir work/monster2/ent_boss3/run.gr2	d:/ymir work/monster2/ent_boss3/run.gr2	0
metin2_patch_dragon_rock_mobs/ymir work/monster2/redthief2_boss2/back_damage1.msa	d:/ymir work/monster2/redthief2_boss2/back_damage1.msa	0
metin2_patch_dragon_rock_mobs/ymir work/monster2/ent_boss3/run.msa	d:/ymir work/monster2/ent_boss3/run.msa	0
metin2_patch_dragon_rock_mobs/ymir work/monster2/redthief_soldier2/redthief_soldier2.msm	d:/ymir work/monster2/redthief_soldier2/redthief_soldier2.msm	0
metin2_patch_dragon_rock_mobs/ymir work/monster2/ent_boss3/wait.gr2	d:/ymir work/monster2/ent_boss3/wait.gr2	0
metin2_patch_dragon_rock_mobs/ymir work/monster2/giant_magic/front_knockdown.gr2	d:/ymir work/monster2/giant_magic/front_knockdown.gr2	0
metin2_patch_dragon_rock_mobs/ymir work/monster2/ent_boss3/wait.msa	d:/ymir work/monster2/ent_boss3/wait.msa	0
metin2_patch_dragon_rock_mobs/ymir work/monster2/manticore_officer/back_damage.msa	d:/ymir work/monster2/manticore_officer/back_damage.msa	0
metin2_patch_dragon_rock_mobs/ymir work/monster2/ent_boss3/wait1.gr2	d:/ymir work/monster2/ent_boss3/wait1.gr2	0
metin2_patch_dragon_rock_mobs/ymir work/monster2/ent_boss3/wait2.gr2	d:/ymir work/monster2/ent_boss3/wait2.gr2	0
metin2_patch_dragon_rock_mobs/ymir work/monster2/ent_boss3/wait2.msa	d:/ymir work/monster2/ent_boss3/wait2.msa	0
metin2_patch_dragon_rock_mobs/ymir work/monster2/lemures_officer/back_damage.gr2	d:/ymir work/monster2/lemures_officer/back_damage.gr2	0
metin2_patch_dragon_rock_mobs/ymir work/monster2/ent_boss3/wait3.msa	d:/ymir work/monster2/ent_boss3/wait3.msa	0
metin2_patch_dragon_rock_mobs/ymir work/monster2/redthief_boss2/walk.gr2	d:/ymir work/monster2/redthief_boss2/walk.gr2	0
metin2_patch_dragon_rock_mobs/ymir work/monster2/giant_magic/wait1.msa	d:/ymir work/monster2/giant_magic/wait1.msa	0
metin2_patch_dragon_rock_mobs/ymir work/monster2/ent_boss3/walk.msa	d:/ymir work/monster2/ent_boss3/walk.msa	0
metin2_patch_dragon_rock_mobs/ymir work/monster2/giant_boss/back_damage.msa	d:/ymir work/monster2/giant_boss/back_damage.msa	0
metin2_patch_dragon_rock_mobs/ymir work/monster2/giant_boss/back_knockdown.msa	d:/ymir work/monster2/giant_boss/back_knockdown.msa	0
metin2_patch_dragon_rock_mobs/ymir work/monster2/giant_boss/front_damage.gr2	d:/ymir work/monster2/giant_boss/front_damage.gr2	0
metin2_patch_dragon_rock_mobs/ymir work/monster2/giant_boss/front_damage.msa	d:/ymir work/monster2/giant_boss/front_damage.msa	0
metin2_patch_dragon_rock_mobs/ymir work/monster2/redthief2_soldier2/redthief2_soldier2.gr2	d:/ymir work/monster2/redthief2_soldier2/redthief2_soldier2.gr2	0
metin2_patch_dragon_rock_mobs/ymir work/monster2/gnoll_boss/front_damage1.gr2	d:/ymir work/monster2/gnoll_boss/front_damage1.gr2	0
metin2_patch_dragon_rock_mobs/ymir work/monster2/giant_boss/front_damage1.msa	d:/ymir work/monster2/giant_boss/front_damage1.msa	0
metin2_patch_dragon_rock_mobs/ymir work/monster2/giant_boss/front_dead.msa	d:/ymir work/monster2/giant_boss/front_dead.msa	0
metin2_patch_dragon_rock_mobs/ymir work/monster2/giant_boss/front_knockdown.gr2	d:/ymir work/monster2/giant_boss/front_knockdown.gr2	0
metin2_patch_dragon_rock_mobs/ymir work/monster2/giant_boss/front_standup.gr2	d:/ymir work/monster2/giant_boss/front_standup.gr2	0
metin2_patch_dragon_rock_mobs/ymir work/monster2/gnoll_magic/wait.msa	d:/ymir work/monster2/gnoll_magic/wait.msa	0
metin2_patch_dragon_rock_mobs/ymir work/monster2/giant_boss/front_standup.msa	d:/ymir work/monster2/giant_boss/front_standup.msa	0
metin2_patch_dragon_rock_mobs/ymir work/monster2/lemures_boss2/lemures_boss2.msm	d:/ymir work/monster2/lemures_boss2/lemures_boss2.msm	0
metin2_patch_dragon_rock_mobs/ymir work/monster2/giant_boss/giant_boss.wdp	d:/ymir work/monster2/giant_boss/giant_boss.wdp	0
metin2_patch_dragon_rock_mobs/ymir work/monster2/redthief_general/wait.gr2	d:/ymir work/monster2/redthief_general/wait.gr2	0
metin2_patch_dragon_rock_mobs/ymir work/monster2/giant_boss/giant_boss.gr2	d:/ymir work/monster2/giant_boss/giant_boss.gr2	0
metin2_patch_dragon_rock_mobs/ymir work/monster2/manticore_soldier/front_dead.gr2	d:/ymir work/monster2/manticore_soldier/front_dead.gr2	0
metin2_patch_dragon_rock_mobs/ymir work/monster2/giant_boss/giant_boss_lod_01.gr2	d:/ymir work/monster2/giant_boss/giant_boss_lod_01.gr2	0
metin2_patch_dragon_rock_mobs/ymir work/monster2/giant_boss/normal_attack.gr2	d:/ymir work/monster2/giant_boss/normal_attack.gr2	0
metin2_patch_dragon_rock_mobs/ymir work/monster2/gnoll_bow/walk.gr2	d:/ymir work/monster2/gnoll_bow/walk.gr2	0
metin2_patch_dragon_rock_mobs/ymir work/monster2/giant_boss/normal_attack.msa	d:/ymir work/monster2/giant_boss/normal_attack.msa	0
metin2_patch_dragon_rock_mobs/ymir work/monster2/giant_boss/normal_attack1.gr2	d:/ymir work/monster2/giant_boss/normal_attack1.gr2	0
metin2_patch_dragon_rock_mobs/ymir work/monster2/gnoll_soldier/wait.gr2	d:/ymir work/monster2/gnoll_soldier/wait.gr2	0
metin2_patch_dragon_rock_mobs/ymir work/monster2/giant_boss/run.msa	d:/ymir work/monster2/giant_boss/run.msa	0
metin2_patch_dragon_rock_mobs/ymir work/monster2/triton_soldier/back_knockdown.msa	d:/ymir work/monster2/triton_soldier/back_knockdown.msa	0
metin2_patch_dragon_rock_mobs/ymir work/monster2/giant_boss/special_attack.gr2	d:/ymir work/monster2/giant_boss/special_attack.gr2	0
metin2_patch_dragon_rock_mobs/ymir work/monster2/giant_boss/wait.gr2	d:/ymir work/monster2/giant_boss/wait.gr2	0
metin2_patch_dragon_rock_mobs/ymir work/monster2/manticore_magic/walk.msa	d:/ymir work/monster2/manticore_magic/walk.msa	0
metin2_patch_dragon_rock_mobs/ymir work/monster2/giant_boss/wait2.gr2	d:/ymir work/monster2/giant_boss/wait2.gr2	0
metin2_patch_dragon_rock_mobs/ymir work/monster2/giant_boss/wait2.msa	d:/ymir work/monster2/giant_boss/wait2.msa	0
metin2_patch_dragon_rock_mobs/ymir work/monster2/lemures_magic/front_damage.msa	d:/ymir work/monster2/lemures_magic/front_damage.msa	0
metin2_patch_dragon_rock_mobs/ymir work/monster2/gnoll_boss2/back_damage1.gr2	d:/ymir work/monster2/gnoll_boss2/back_damage1.gr2	0
metin2_patch_dragon_rock_mobs/ymir work/monster2/redthief_boss2/walk.msa	d:/ymir work/monster2/redthief_boss2/walk.msa	0
metin2_patch_dragon_rock_mobs/ymir work/monster2/giant_boss/wait3.msa	d:/ymir work/monster2/giant_boss/wait3.msa	0
metin2_patch_dragon_rock_mobs/ymir work/monster2/gnoll_soldier/gnoll_soldier.gr2	d:/ymir work/monster2/gnoll_soldier/gnoll_soldier.gr2	0
metin2_patch_dragon_rock_mobs/ymir work/monster2/giant_boss/walk.gr2	d:/ymir work/monster2/giant_boss/walk.gr2	0
metin2_patch_dragon_rock_mobs/ymir work/monster2/giant_soldier/wait.gr2	d:/ymir work/monster2/giant_soldier/wait.gr2	0
metin2_patch_dragon_rock_mobs/ymir work/monster2/manticore_general/walk.gr2	d:/ymir work/monster2/manticore_general/walk.gr2	0
metin2_patch_dragon_rock_mobs/ymir work/monster2/giant_general/front_knockdown.gr2	d:/ymir work/monster2/giant_general/front_knockdown.gr2	0
metin2_patch_dragon_rock_mobs/ymir work/monster2/redthief_general/redthief_general.gr2	d:/ymir work/monster2/redthief_general/redthief_general.gr2	0
metin2_patch_dragon_rock_mobs/ymir work/monster2/giant_boss/walk.msa	d:/ymir work/monster2/giant_boss/walk.msa	0
metin2_patch_dragon_rock_mobs/ymir work/monster2/redthief_boss2/front_damage.gr2	d:/ymir work/monster2/redthief_boss2/front_damage.gr2	0
metin2_patch_dragon_rock_mobs/ymir work/monster2/giant_boss2/back_damage1.msa	d:/ymir work/monster2/giant_boss2/back_damage1.msa	0
metin2_patch_dragon_rock_mobs/ymir work/monster2/giant_boss2/back_knockdown.gr2	d:/ymir work/monster2/giant_boss2/back_knockdown.gr2	0
metin2_patch_dragon_rock_mobs/ymir work/monster2/redthief2_officer/front_damage.msa	d:/ymir work/monster2/redthief2_officer/front_damage.msa	0
metin2_patch_dragon_rock_mobs/ymir work/monster2/giant_boss2/back_knockdown.msa	d:/ymir work/monster2/giant_boss2/back_knockdown.msa	0
metin2_patch_dragon_rock_mobs/ymir work/monster2/giant_boss2/front_damage.gr2	d:/ymir work/monster2/giant_boss2/front_damage.gr2	0
metin2_patch_dragon_rock_mobs/ymir work/monster2/triton_officer/run.msa	d:/ymir work/monster2/triton_officer/run.msa	0
metin2_patch_dragon_rock_mobs/ymir work/monster2/lemures_boss2/back_damage1.msa	d:/ymir work/monster2/lemures_boss2/back_damage1.msa	0
metin2_patch_dragon_rock_mobs/ymir work/monster2/giant_boss2/front_dead.gr2	d:/ymir work/monster2/giant_boss2/front_dead.gr2	0
metin2_patch_dragon_rock_mobs/ymir work/monster2/gnoll_soldier/front_knockdown.gr2	d:/ymir work/monster2/gnoll_soldier/front_knockdown.gr2	0
metin2_patch_dragon_rock_mobs/ymir work/monster2/manticore_soldier2/run.gr2	d:/ymir work/monster2/manticore_soldier2/run.gr2	0
metin2_patch_dragon_rock_mobs/ymir work/monster2/giant_boss2/front_dead.msa	d:/ymir work/monster2/giant_boss2/front_dead.msa	0
metin2_patch_dragon_rock_mobs/ymir work/monster2/triton_soldier2/run.gr2	d:/ymir work/monster2/triton_soldier2/run.gr2	0
metin2_patch_dragon_rock_mobs/ymir work/monster2/giant_boss2/front_standup.gr2	d:/ymir work/monster2/giant_boss2/front_standup.gr2	0
metin2_patch_dragon_rock_mobs/ymir work/monster2/lemures_boss/special_attack.msa	d:/ymir work/monster2/lemures_boss/special_attack.msa	0
metin2_patch_dragon_rock_mobs/ymir work/monster2/redthief2_boss/back_damage.msa	d:/ymir work/monster2/redthief2_boss/back_damage.msa	0
metin2_patch_dragon_rock_mobs/ymir work/monster2/giant_soldier2/wait1.gr2	d:/ymir work/monster2/giant_soldier2/wait1.gr2	0
metin2_patch_dragon_rock_mobs/ymir work/monster2/giant_boss2/front_standup.msa	d:/ymir work/monster2/giant_boss2/front_standup.msa	0
metin2_patch_dragon_rock_mobs/ymir work/monster2/giant_boss2/giant_boss2.msm	d:/ymir work/monster2/giant_boss2/giant_boss2.msm	0
metin2_patch_dragon_rock_mobs/ymir work/monster2/triton_boss/front_knockdown.msa	d:/ymir work/monster2/triton_boss/front_knockdown.msa	0
metin2_patch_dragon_rock_mobs/ymir work/monster2/giant_boss2/run.gr2	d:/ymir work/monster2/giant_boss2/run.gr2	0
metin2_patch_dragon_rock_mobs/ymir work/monster2/lemures_soldier2/front_knockdown.gr2	d:/ymir work/monster2/lemures_soldier2/front_knockdown.gr2	0
metin2_patch_dragon_rock_mobs/ymir work/monster2/gnoll_magic/motlist.txt	d:/ymir work/monster2/gnoll_magic/motlist.txt	0
metin2_patch_dragon_rock_mobs/ymir work/monster2/redthief_bow/front_knockdown.gr2	d:/ymir work/monster2/redthief_bow/front_knockdown.gr2	0
metin2_patch_dragon_rock_mobs/ymir work/monster2/redthief_boss2/redthief_boss2.gr2	d:/ymir work/monster2/redthief_boss2/redthief_boss2.gr2	0
metin2_patch_dragon_rock_mobs/ymir work/monster2/giant_boss2/run.msa	d:/ymir work/monster2/giant_boss2/run.msa	0
metin2_patch_dragon_rock_mobs/ymir work/monster2/lemures_magic/walk.msa	d:/ymir work/monster2/lemures_magic/walk.msa	0
metin2_patch_dragon_rock_mobs/ymir work/monster2/giant_boss2/wait.gr2	d:/ymir work/monster2/giant_boss2/wait.gr2	0
metin2_patch_dragon_rock_mobs/ymir work/monster2/giant_boss2/wait.msa	d:/ymir work/monster2/giant_boss2/wait.msa	0
metin2_patch_dragon_rock_mobs/ymir work/monster2/triton_boss2/triton_boss2.msm	d:/ymir work/monster2/triton_boss2/triton_boss2.msm	0
metin2_patch_dragon_rock_mobs/ymir work/monster2/giant_boss2/wait1.gr2	d:/ymir work/monster2/giant_boss2/wait1.gr2	0
metin2_patch_dragon_rock_mobs/ymir work/monster2/gnoll_bow/front_damage.msa	d:/ymir work/monster2/gnoll_bow/front_damage.msa	0
metin2_patch_dragon_rock_mobs/ymir work/monster2/giant_soldier/front_dead.gr2	d:/ymir work/monster2/giant_soldier/front_dead.gr2	0
metin2_patch_dragon_rock_mobs/ymir work/monster2/giant_boss2/wait1.msa	d:/ymir work/monster2/giant_boss2/wait1.msa	0
metin2_patch_dragon_rock_mobs/ymir work/monster2/giant_officer/normal_attack.gr2	d:/ymir work/monster2/giant_officer/normal_attack.gr2	0
metin2_patch_dragon_rock_mobs/ymir work/monster2/giant_boss2/wait2.gr2	d:/ymir work/monster2/giant_boss2/wait2.gr2	0
metin2_patch_dragon_rock_mobs/ymir work/monster2/giant_boss2/wait3.gr2	d:/ymir work/monster2/giant_boss2/wait3.gr2	0
metin2_patch_dragon_rock_mobs/ymir work/monster2/manticore_officer/wait.msa	d:/ymir work/monster2/manticore_officer/wait.msa	0
metin2_patch_dragon_rock_mobs/ymir work/monster2/redthief_officer/front_standup.gr2	d:/ymir work/monster2/redthief_officer/front_standup.gr2	0
metin2_patch_dragon_rock_mobs/ymir work/monster2/giant_boss2/walk.gr2	d:/ymir work/monster2/giant_boss2/walk.gr2	0
metin2_patch_dragon_rock_mobs/ymir work/monster2/giant_boss2/walk.msa	d:/ymir work/monster2/giant_boss2/walk.msa	0
metin2_patch_dragon_rock_mobs/ymir work/monster2/gnoll_boss2/back_damage.gr2	d:/ymir work/monster2/gnoll_boss2/back_damage.gr2	0
metin2_patch_dragon_rock_mobs/ymir work/monster2/giant_general/back_damage.msa	d:/ymir work/monster2/giant_general/back_damage.msa	0
metin2_patch_dragon_rock_mobs/ymir work/monster2/redthief_bow/motlist.txt	d:/ymir work/monster2/redthief_bow/motlist.txt	0
metin2_patch_dragon_rock_mobs/ymir work/monster2/giant_general/back_knockdown.msa	d:/ymir work/monster2/giant_general/back_knockdown.msa	0
metin2_patch_dragon_rock_mobs/ymir work/monster2/triton_boss/run.msa	d:/ymir work/monster2/triton_boss/run.msa	0
metin2_patch_dragon_rock_mobs/ymir work/monster2/gnoll_soldier/normal_attack.msa	d:/ymir work/monster2/gnoll_soldier/normal_attack.msa	0
metin2_patch_dragon_rock_mobs/ymir work/monster2/lemures_officer/front_standup.msa	d:/ymir work/monster2/lemures_officer/front_standup.msa	0
metin2_patch_dragon_rock_mobs/ymir work/monster2/giant_general/front_damage.msa	d:/ymir work/monster2/giant_general/front_damage.msa	0
metin2_patch_dragon_rock_mobs/ymir work/monster2/gnoll_soldier2/gnoll_soldier2.wdp	d:/ymir work/monster2/gnoll_soldier2/gnoll_soldier2.wdp	0
metin2_patch_dragon_rock_mobs/ymir work/monster2/giant_general/front_dead.gr2	d:/ymir work/monster2/giant_general/front_dead.gr2	0
metin2_patch_dragon_rock_mobs/ymir work/monster2/manticore_general/manticore_general_lod_01.gr2	d:/ymir work/monster2/manticore_general/manticore_general_lod_01.gr2	0
metin2_patch_dragon_rock_mobs/ymir work/monster2/ogre_boss/wait.msa	d:/ymir work/monster2/ogre_boss/wait.msa	0
metin2_patch_dragon_rock_mobs/ymir work/monster2/giant_general/front_dead.msa	d:/ymir work/monster2/giant_general/front_dead.msa	0
metin2_patch_dragon_rock_mobs/ymir work/monster2/giant_general/front_knockdown.msa	d:/ymir work/monster2/giant_general/front_knockdown.msa	0
metin2_patch_dragon_rock_mobs/ymir work/monster2/redthief2_boss2/redthief2_boss2_2.wdp	d:/ymir work/monster2/redthief2_boss2/redthief2_boss2_2.wdp	0
metin2_patch_dragon_rock_mobs/ymir work/monster2/giant_general/front_standup.gr2	d:/ymir work/monster2/giant_general/front_standup.gr2	0
metin2_patch_dragon_rock_mobs/ymir work/monster2/gnoll_boss/wait2.gr2	d:/ymir work/monster2/gnoll_boss/wait2.gr2	0
metin2_patch_dragon_rock_mobs/ymir work/monster2/giant_general/motlist.txt	d:/ymir work/monster2/giant_general/motlist.txt	0
metin2_patch_dragon_rock_mobs/ymir work/monster2/giant_soldier/wait2.msa	d:/ymir work/monster2/giant_soldier/wait2.msa	0
metin2_patch_dragon_rock_mobs/ymir work/monster2/giant_general/normal_attack.gr2	d:/ymir work/monster2/giant_general/normal_attack.gr2	0
metin2_patch_dragon_rock_mobs/ymir work/monster2/redthief_boss/special_attack.gr2	d:/ymir work/monster2/redthief_boss/special_attack.gr2	0
metin2_patch_dragon_rock_mobs/ymir work/monster2/manticore_officer/front_dead.msa	d:/ymir work/monster2/manticore_officer/front_dead.msa	0
metin2_patch_dragon_rock_mobs/ymir work/monster2/giant_general/normal_attack1.gr2	d:/ymir work/monster2/giant_general/normal_attack1.gr2	0
metin2_patch_dragon_rock_mobs/ymir work/monster2/giant_general/run.msa	d:/ymir work/monster2/giant_general/run.msa	0
metin2_patch_dragon_rock_mobs/ymir work/monster2/giant_soldier/back_damage.gr2	d:/ymir work/monster2/giant_soldier/back_damage.gr2	0
metin2_patch_dragon_rock_mobs/ymir work/monster2/ogre_boss/ogre_boss.gr2	d:/ymir work/monster2/ogre_boss/ogre_boss.gr2	0
metin2_patch_dragon_rock_mobs/ymir work/monster2/giant_general/wait.gr2	d:/ymir work/monster2/giant_general/wait.gr2	0
metin2_patch_dragon_rock_mobs/ymir work/monster2/gnoll_bow/wait.msa	d:/ymir work/monster2/gnoll_bow/wait.msa	0
metin2_patch_dragon_rock_mobs/ymir work/monster2/ogre_soldier/back_knockdown.msa	d:/ymir work/monster2/ogre_soldier/back_knockdown.msa	0
metin2_patch_dragon_rock_mobs/ymir work/monster2/giant_general/wait1.gr2	d:/ymir work/monster2/giant_general/wait1.gr2	0
metin2_patch_dragon_rock_mobs/ymir work/monster2/giant_general/wait1.msa	d:/ymir work/monster2/giant_general/wait1.msa	0
metin2_patch_dragon_rock_mobs/ymir work/monster2/giant_general/wait2.gr2	d:/ymir work/monster2/giant_general/wait2.gr2	0
metin2_patch_dragon_rock_mobs/ymir work/monster2/gnoll_boss2/front_damage.gr2	d:/ymir work/monster2/gnoll_boss2/front_damage.gr2	0
metin2_patch_dragon_rock_mobs/ymir work/monster2/giant_general/walk.msa	d:/ymir work/monster2/giant_general/walk.msa	0
metin2_patch_dragon_rock_mobs/ymir work/monster2/giant_magic/back_damage.gr2	d:/ymir work/monster2/giant_magic/back_damage.gr2	0
metin2_patch_dragon_rock_mobs/ymir work/monster2/giant_magic/back_damage.msa	d:/ymir work/monster2/giant_magic/back_damage.msa	0
metin2_patch_dragon_rock_mobs/ymir work/monster2/giant_magic/back_knockdown.gr2	d:/ymir work/monster2/giant_magic/back_knockdown.gr2	0
metin2_patch_dragon_rock_mobs/ymir work/monster2/gnoll_general/gnoll_general.msm	d:/ymir work/monster2/gnoll_general/gnoll_general.msm	0
metin2_patch_dragon_rock_mobs/ymir work/monster2/giant_soldier/wait.msa	d:/ymir work/monster2/giant_soldier/wait.msa	0
metin2_patch_dragon_rock_mobs/ymir work/monster2/giant_magic/back_knockdown.msa	d:/ymir work/monster2/giant_magic/back_knockdown.msa	0
metin2_patch_dragon_rock_mobs/ymir work/monster2/ogre_officer/motlist.txt	d:/ymir work/monster2/ogre_officer/motlist.txt	0
metin2_patch_dragon_rock_mobs/ymir work/monster2/giant_magic/front_damage.gr2	d:/ymir work/monster2/giant_magic/front_damage.gr2	0
metin2_patch_dragon_rock_mobs/ymir work/monster2/giant_magic/run.msa	d:/ymir work/monster2/giant_magic/run.msa	0
metin2_patch_dragon_rock_mobs/ymir work/monster2/giant_magic/front_damage.msa	d:/ymir work/monster2/giant_magic/front_damage.msa	0
metin2_patch_dragon_rock_mobs/ymir work/monster2/triton_boss/triton_boss_lod_01.gr2	d:/ymir work/monster2/triton_boss/triton_boss_lod_01.gr2	0
metin2_patch_dragon_rock_mobs/ymir work/monster2/giant_magic/front_dead.gr2	d:/ymir work/monster2/giant_magic/front_dead.gr2	0
metin2_patch_dragon_rock_mobs/ymir work/monster2/redthief2_boss2/back_damage.msa	d:/ymir work/monster2/redthief2_boss2/back_damage.msa	0
metin2_patch_dragon_rock_mobs/ymir work/monster2/gnoll_bow/front_dead.gr2	d:/ymir work/monster2/gnoll_bow/front_dead.gr2	0
metin2_patch_dragon_rock_mobs/ymir work/monster2/lemures_magic/front_standup.msa	d:/ymir work/monster2/lemures_magic/front_standup.msa	0
metin2_patch_dragon_rock_mobs/ymir work/monster2/redthief2_boss2/redthief2_boss2.msm	d:/ymir work/monster2/redthief2_boss2/redthief2_boss2.msm	0
metin2_patch_dragon_rock_mobs/ymir work/monster2/giant_magic/front_knockdown.msa	d:/ymir work/monster2/giant_magic/front_knockdown.msa	0
metin2_patch_dragon_rock_mobs/ymir work/monster2/triton_general/back_knockdown.gr2	d:/ymir work/monster2/triton_general/back_knockdown.gr2	0
metin2_patch_dragon_rock_mobs/ymir work/monster2/redthief_boss2/back_knockdown.msa	d:/ymir work/monster2/redthief_boss2/back_knockdown.msa	0
metin2_patch_dragon_rock_mobs/ymir work/monster2/giant_magic/front_standup.msa	d:/ymir work/monster2/giant_magic/front_standup.msa	0
metin2_patch_dragon_rock_mobs/ymir work/monster2/giant_magic/giant_magic_lod_01.gr2	d:/ymir work/monster2/giant_magic/giant_magic_lod_01.gr2	0
metin2_patch_dragon_rock_mobs/ymir work/monster2/giant_magic/normal_attack.gr2	d:/ymir work/monster2/giant_magic/normal_attack.gr2	0
metin2_patch_dragon_rock_mobs/ymir work/monster2/giant_magic/normal_attack.msa	d:/ymir work/monster2/giant_magic/normal_attack.msa	0
metin2_patch_dragon_rock_mobs/ymir work/monster2/ogre_general/motlist.txt	d:/ymir work/monster2/ogre_general/motlist.txt	0
metin2_patch_dragon_rock_mobs/ymir work/monster2/manticore_soldier2/normal_attack.gr2	d:/ymir work/monster2/manticore_soldier2/normal_attack.gr2	0
metin2_patch_dragon_rock_mobs/ymir work/monster2/gnoll_boss2/front_dead.msa	d:/ymir work/monster2/gnoll_boss2/front_dead.msa	0
metin2_patch_dragon_rock_mobs/ymir work/monster2/giant_magic/normal_attack1.gr2	d:/ymir work/monster2/giant_magic/normal_attack1.gr2	0
metin2_patch_dragon_rock_mobs/ymir work/monster2/triton_general/back_damage.gr2	d:/ymir work/monster2/triton_general/back_damage.gr2	0
metin2_patch_dragon_rock_mobs/ymir work/monster2/giant_magic/normal_attack1.msa	d:/ymir work/monster2/giant_magic/normal_attack1.msa	0
metin2_patch_dragon_rock_mobs/ymir work/monster2/redthief_boss/wait.gr2	d:/ymir work/monster2/redthief_boss/wait.gr2	0
metin2_patch_dragon_rock_mobs/ymir work/monster2/giant_magic/wait.gr2	d:/ymir work/monster2/giant_magic/wait.gr2	0
metin2_patch_dragon_rock_mobs/ymir work/monster2/giant_magic/wait1.gr2	d:/ymir work/monster2/giant_magic/wait1.gr2	0
metin2_patch_dragon_rock_mobs/ymir work/monster2/giant_magic/walk.gr2	d:/ymir work/monster2/giant_magic/walk.gr2	0
metin2_patch_dragon_rock_mobs/ymir work/monster2/giant_officer/back_damage.gr2	d:/ymir work/monster2/giant_officer/back_damage.gr2	0
metin2_patch_dragon_rock_mobs/ymir work/monster2/giant_officer/front_damage.gr2	d:/ymir work/monster2/giant_officer/front_damage.gr2	0
metin2_patch_dragon_rock_mobs/ymir work/effect/monster2/spell2_1.dds	d:/ymir work/effect/monster2/spell2_1.dds	0
metin2_patch_dragon_rock_mobs/ymir work/monster2/gnoll_magic/front_standup.gr2	d:/ymir work/monster2/gnoll_magic/front_standup.gr2	0
metin2_patch_dragon_rock_mobs/ymir work/monster2/giant_officer/front_damage.msa	d:/ymir work/monster2/giant_officer/front_damage.msa	0
metin2_patch_dragon_rock_mobs/ymir work/monster2/giant_officer/front_knockdown.gr2	d:/ymir work/monster2/giant_officer/front_knockdown.gr2	0
metin2_patch_dragon_rock_mobs/ymir work/monster2/giant_soldier2/normal_attack.gr2	d:/ymir work/monster2/giant_soldier2/normal_attack.gr2	0
metin2_patch_dragon_rock_mobs/ymir work/monster2/giant_officer/front_knockdown.msa	d:/ymir work/monster2/giant_officer/front_knockdown.msa	0
metin2_patch_dragon_rock_mobs/ymir work/monster2/gnoll_boss/gnoll_boss_lod_01.gr2	d:/ymir work/monster2/gnoll_boss/gnoll_boss_lod_01.gr2	0
metin2_patch_dragon_rock_mobs/ymir work/monster2/giant_officer/giant_officer.msm	d:/ymir work/monster2/giant_officer/giant_officer.msm	0
metin2_patch_dragon_rock_mobs/ymir work/monster2/redthief2_magic/front_knockdown.msa	d:/ymir work/monster2/redthief2_magic/front_knockdown.msa	0
metin2_patch_dragon_rock_mobs/ymir work/monster2/giant_officer/motlist.txt	d:/ymir work/monster2/giant_officer/motlist.txt	0
metin2_patch_dragon_rock_mobs/ymir work/monster2/giant_officer/normal_attack.msa	d:/ymir work/monster2/giant_officer/normal_attack.msa	0
metin2_patch_dragon_rock_mobs/ymir work/monster2/triton_boss2/wait2.gr2	d:/ymir work/monster2/triton_boss2/wait2.gr2	0
metin2_patch_dragon_rock_mobs/ymir work/monster2/giant_officer/normal_attack1.msa	d:/ymir work/monster2/giant_officer/normal_attack1.msa	0
metin2_patch_dragon_rock_mobs/ymir work/monster2/giant_officer/run.gr2	d:/ymir work/monster2/giant_officer/run.gr2	0
metin2_patch_dragon_rock_mobs/ymir work/monster2/giant_officer/wait.gr2	d:/ymir work/monster2/giant_officer/wait.gr2	0
metin2_patch_dragon_rock_mobs/ymir work/monster2/redthief_general/front_dead.msa	d:/ymir work/monster2/redthief_general/front_dead.msa	0
metin2_patch_dragon_rock_mobs/ymir work/monster2/giant_officer/wait1.msa	d:/ymir work/monster2/giant_officer/wait1.msa	0
metin2_patch_dragon_rock_mobs/ymir work/monster2/lemures_boss/front_damage1.gr2	d:/ymir work/monster2/lemures_boss/front_damage1.gr2	0
metin2_patch_dragon_rock_mobs/ymir work/monster2/ogre_boss2/wait1.gr2	d:/ymir work/monster2/ogre_boss2/wait1.gr2	0
metin2_patch_dragon_rock_mobs/ymir work/monster2/giant_officer/wait2.gr2	d:/ymir work/monster2/giant_officer/wait2.gr2	0
metin2_patch_dragon_rock_mobs/ymir work/monster2/gnoll_boss/motlist.txt	d:/ymir work/monster2/gnoll_boss/motlist.txt	0
metin2_patch_dragon_rock_mobs/ymir work/monster2/giant_officer/walk.gr2	d:/ymir work/monster2/giant_officer/walk.gr2	0
metin2_patch_dragon_rock_mobs/ymir work/monster2/giant_officer/walk.msa	d:/ymir work/monster2/giant_officer/walk.msa	0
metin2_patch_dragon_rock_mobs/ymir work/monster2/giant_soldier/back_damage.msa	d:/ymir work/monster2/giant_soldier/back_damage.msa	0
metin2_patch_dragon_rock_mobs/ymir work/monster2/lemures_general/front_damage.msa	d:/ymir work/monster2/lemures_general/front_damage.msa	0
metin2_patch_dragon_rock_mobs/ymir work/monster2/ogre_magic/ogre_magic.wdp	d:/ymir work/monster2/ogre_magic/ogre_magic.wdp	0
metin2_patch_dragon_rock_mobs/ymir work/monster2/giant_soldier/back_knockdown.gr2	d:/ymir work/monster2/giant_soldier/back_knockdown.gr2	0
metin2_patch_dragon_rock_mobs/ymir work/monster2/giant_soldier/back_knockdown.msa	d:/ymir work/monster2/giant_soldier/back_knockdown.msa	0
metin2_patch_dragon_rock_mobs/ymir work/monster2/giant_soldier/front_damage.gr2	d:/ymir work/monster2/giant_soldier/front_damage.gr2	0
metin2_patch_dragon_rock_mobs/ymir work/monster2/giant_soldier/front_standup.msa	d:/ymir work/monster2/giant_soldier/front_standup.msa	0
metin2_patch_dragon_rock_mobs/ymir work/monster2/redthief2_general/redthief2_general_weapon.wdp	d:/ymir work/monster2/redthief2_general/redthief2_general_weapon.wdp	0
metin2_patch_dragon_rock_mobs/ymir work/monster2/giant_soldier/motlist.txt	d:/ymir work/monster2/giant_soldier/motlist.txt	0
metin2_patch_dragon_rock_mobs/ymir work/monster2/manticore_soldier2/front_dead.gr2	d:/ymir work/monster2/manticore_soldier2/front_dead.gr2	0
metin2_patch_dragon_rock_mobs/ymir work/monster2/gnoll_boss/back_knockdown.gr2	d:/ymir work/monster2/gnoll_boss/back_knockdown.gr2	0
metin2_patch_dragon_rock_mobs/ymir work/monster2/giant_soldier/normal_attack.gr2	d:/ymir work/monster2/giant_soldier/normal_attack.gr2	0
metin2_patch_dragon_rock_mobs/ymir work/monster2/giant_soldier/normal_attack1.gr2	d:/ymir work/monster2/giant_soldier/normal_attack1.gr2	0
metin2_patch_dragon_rock_mobs/ymir work/monster2/giant_soldier/normal_attack1.msa	d:/ymir work/monster2/giant_soldier/normal_attack1.msa	0
metin2_patch_dragon_rock_mobs/ymir work/monster2/giant_soldier/run.msa	d:/ymir work/monster2/giant_soldier/run.msa	0
metin2_patch_dragon_rock_mobs/ymir work/monster2/triton_soldier2/back_knockdown.msa	d:/ymir work/monster2/triton_soldier2/back_knockdown.msa	0
metin2_patch_dragon_rock_mobs/ymir work/monster2/giant_soldier/wait2.gr2	d:/ymir work/monster2/giant_soldier/wait2.gr2	0
metin2_patch_dragon_rock_mobs/ymir work/monster2/gnoll_boss2/normal_attack1.gr2	d:/ymir work/monster2/gnoll_boss2/normal_attack1.gr2	0
metin2_patch_dragon_rock_mobs/ymir work/monster2/manticore_boss/front_damage.msa	d:/ymir work/monster2/manticore_boss/front_damage.msa	0
metin2_patch_dragon_rock_mobs/ymir work/monster2/giant_soldier/walk.gr2	d:/ymir work/monster2/giant_soldier/walk.gr2	0
metin2_patch_dragon_rock_mobs/ymir work/monster2/gnoll_soldier2/gnoll_soldier2.msm	d:/ymir work/monster2/gnoll_soldier2/gnoll_soldier2.msm	0
metin2_patch_dragon_rock_mobs/ymir work/monster2/giant_soldier/walk.msa	d:/ymir work/monster2/giant_soldier/walk.msa	0
metin2_patch_dragon_rock_mobs/ymir work/monster2/giant_soldier2/back_damage.gr2	d:/ymir work/monster2/giant_soldier2/back_damage.gr2	0
metin2_patch_dragon_rock_mobs/ymir work/monster2/gnoll_magic/back_knockdown.msa	d:/ymir work/monster2/gnoll_magic/back_knockdown.msa	0
metin2_patch_dragon_rock_mobs/ymir work/monster2/triton_boss2/wait2.msa	d:/ymir work/monster2/triton_boss2/wait2.msa	0
metin2_patch_dragon_rock_mobs/ymir work/monster2/giant_soldier2/back_damage.msa	d:/ymir work/monster2/giant_soldier2/back_damage.msa	0
metin2_patch_dragon_rock_mobs/ymir work/monster2/giant_soldier2/front_damage.gr2	d:/ymir work/monster2/giant_soldier2/front_damage.gr2	0
metin2_patch_dragon_rock_mobs/ymir work/monster2/giant_soldier2/front_dead.gr2	d:/ymir work/monster2/giant_soldier2/front_dead.gr2	0
metin2_patch_dragon_rock_mobs/ymir work/monster2/redthief2_officer/back_knockdown.msa	d:/ymir work/monster2/redthief2_officer/back_knockdown.msa	0
metin2_patch_dragon_rock_mobs/ymir work/monster2/giant_soldier2/front_knockdown.msa	d:/ymir work/monster2/giant_soldier2/front_knockdown.msa	0
metin2_patch_dragon_rock_mobs/ymir work/monster2/giant_soldier2/giant_soldier2.msm	d:/ymir work/monster2/giant_soldier2/giant_soldier2.msm	0
metin2_patch_dragon_rock_mobs/ymir work/monster2/gnoll_general/front_damage.gr2	d:/ymir work/monster2/gnoll_general/front_damage.gr2	0
metin2_patch_dragon_rock_mobs/ymir work/monster2/giant_soldier2/giant_soldier2_lod_01.gr2	d:/ymir work/monster2/giant_soldier2/giant_soldier2_lod_01.gr2	0
metin2_patch_dragon_rock_mobs/ymir work/monster2/lemures_general/normal_attack1.gr2	d:/ymir work/monster2/lemures_general/normal_attack1.gr2	0
metin2_patch_dragon_rock_mobs/ymir work/monster2/ogre_soldier/walk.msa	d:/ymir work/monster2/ogre_soldier/walk.msa	0
metin2_patch_dragon_rock_mobs/ymir work/monster2/gnoll_boss2/wait1.gr2	d:/ymir work/monster2/gnoll_boss2/wait1.gr2	0
metin2_patch_dragon_rock_mobs/ymir work/monster2/giant_soldier2/run.gr2	d:/ymir work/monster2/giant_soldier2/run.gr2	0
metin2_patch_dragon_rock_mobs/ymir work/monster2/manticore_boss/manticore_boss_1.wdp	d:/ymir work/monster2/manticore_boss/manticore_boss_1.wdp	0
metin2_patch_dragon_rock_mobs/ymir work/monster2/giant_soldier2/run.msa	d:/ymir work/monster2/giant_soldier2/run.msa	0
metin2_patch_dragon_rock_mobs/ymir work/monster2/giant_soldier2/wait.gr2	d:/ymir work/monster2/giant_soldier2/wait.gr2	0
metin2_patch_dragon_rock_mobs/ymir work/monster2/giant_soldier2/wait2.msa	d:/ymir work/monster2/giant_soldier2/wait2.msa	0
metin2_patch_dragon_rock_mobs/ymir work/monster2/gnoll_boss2/wait.msa	d:/ymir work/monster2/gnoll_boss2/wait.msa	0
metin2_patch_dragon_rock_mobs/ymir work/monster2/giant_soldier2/walk.msa	d:/ymir work/monster2/giant_soldier2/walk.msa	0
metin2_patch_dragon_rock_mobs/ymir work/monster2/gnoll_general/walk.msa	d:/ymir work/monster2/gnoll_general/walk.msa	0
metin2_patch_dragon_rock_mobs/ymir work/monster2/gnoll_boss/back_damage.msa	d:/ymir work/monster2/gnoll_boss/back_damage.msa	0
metin2_patch_dragon_rock_mobs/ymir work/monster2/gnoll_boss/back_damage1.gr2	d:/ymir work/monster2/gnoll_boss/back_damage1.gr2	0
metin2_patch_dragon_rock_mobs/ymir work/monster2/gnoll_boss/back_damage1.msa	d:/ymir work/monster2/gnoll_boss/back_damage1.msa	0
metin2_patch_dragon_rock_mobs/ymir work/monster2/lemures_boss2/back_damage.msa	d:/ymir work/monster2/lemures_boss2/back_damage.msa	0
metin2_patch_dragon_rock_mobs/ymir work/monster2/gnoll_boss/front_dead.gr2	d:/ymir work/monster2/gnoll_boss/front_dead.gr2	0
metin2_patch_dragon_rock_mobs/ymir work/monster2/lemures_officer/back_knockdown.gr2	d:/ymir work/monster2/lemures_officer/back_knockdown.gr2	0
metin2_patch_dragon_rock_mobs/ymir work/monster2/gnoll_boss/front_knockdown.msa	d:/ymir work/monster2/gnoll_boss/front_knockdown.msa	0
metin2_patch_dragon_rock_mobs/ymir work/monster2/redthief_general/wait2.gr2	d:/ymir work/monster2/redthief_general/wait2.gr2	0
metin2_patch_dragon_rock_mobs/ymir work/monster2/gnoll_boss/front_standup.msa	d:/ymir work/monster2/gnoll_boss/front_standup.msa	0
metin2_patch_dragon_rock_mobs/ymir work/monster2/triton_soldier2/front_dead.gr2	d:/ymir work/monster2/triton_soldier2/front_dead.gr2	0
metin2_patch_dragon_rock_mobs/ymir work/monster2/lemures_soldier2/lemures_soldier2.wdp	d:/ymir work/monster2/lemures_soldier2/lemures_soldier2.wdp	0
metin2_patch_dragon_rock_mobs/ymir work/monster2/gnoll_boss/gnoll_boss.gr2	d:/ymir work/monster2/gnoll_boss/gnoll_boss.gr2	0
metin2_patch_dragon_rock_mobs/ymir work/monster2/gnoll_boss/gnoll_boss.msm	d:/ymir work/monster2/gnoll_boss/gnoll_boss.msm	0
metin2_patch_dragon_rock_mobs/ymir work/monster2/gnoll_general/wait1.msa	d:/ymir work/monster2/gnoll_general/wait1.msa	0
metin2_patch_dragon_rock_mobs/ymir work/monster2/redthief_magic/front_damage.gr2	d:/ymir work/monster2/redthief_magic/front_damage.gr2	0
metin2_patch_dragon_rock_mobs/ymir work/monster2/gnoll_boss/normal_attack.gr2	d:/ymir work/monster2/gnoll_boss/normal_attack.gr2	0
metin2_patch_dragon_rock_mobs/ymir work/monster2/gnoll_boss/normal_attack1.msa	d:/ymir work/monster2/gnoll_boss/normal_attack1.msa	0
metin2_patch_dragon_rock_mobs/ymir work/monster2/ogre_officer/wait.msa	d:/ymir work/monster2/ogre_officer/wait.msa	0
metin2_patch_dragon_rock_mobs/ymir work/monster2/redthief_boss/back_damage1.msa	d:/ymir work/monster2/redthief_boss/back_damage1.msa	0
metin2_patch_dragon_rock_mobs/ymir work/monster2/manticore_boss/front_standup.msa	d:/ymir work/monster2/manticore_boss/front_standup.msa	0
metin2_patch_dragon_rock_mobs/ymir work/effect/monster/holy_red1_hand.mse	d:/ymir work/effect/monster/holy_red1_hand.mse	0
metin2_patch_dragon_rock_mobs/ymir work/monster2/gnoll_boss/run.gr2	d:/ymir work/monster2/gnoll_boss/run.gr2	0
metin2_patch_dragon_rock_mobs/ymir work/monster2/gnoll_boss/special_attack.msa	d:/ymir work/monster2/gnoll_boss/special_attack.msa	0
metin2_patch_dragon_rock_mobs/ymir work/monster2/gnoll_soldier2/motlist.txt	d:/ymir work/monster2/gnoll_soldier2/motlist.txt	0
metin2_patch_dragon_rock_mobs/ymir work/monster2/gnoll_boss/wait.gr2	d:/ymir work/monster2/gnoll_boss/wait.gr2	0
metin2_patch_dragon_rock_mobs/ymir work/monster2/manticore_magic/wait.msa	d:/ymir work/monster2/manticore_magic/wait.msa	0
metin2_patch_dragon_rock_mobs/ymir work/monster2/lemures_magic/normal_attack1.gr2	d:/ymir work/monster2/lemures_magic/normal_attack1.gr2	0
metin2_patch_dragon_rock_mobs/ymir work/monster2/triton_soldier2/walk.gr2	d:/ymir work/monster2/triton_soldier2/walk.gr2	0
metin2_patch_dragon_rock_mobs/ymir work/monster2/gnoll_boss/wait1.msa	d:/ymir work/monster2/gnoll_boss/wait1.msa	0
metin2_patch_dragon_rock_mobs/ymir work/monster2/gnoll_boss/walk.msa	d:/ymir work/monster2/gnoll_boss/walk.msa	0
metin2_patch_dragon_rock_mobs/ymir work/monster2/gnoll_boss2/back_damage1.msa	d:/ymir work/monster2/gnoll_boss2/back_damage1.msa	0
metin2_patch_dragon_rock_mobs/ymir work/monster2/gnoll_boss2/back_knockdown.msa	d:/ymir work/monster2/gnoll_boss2/back_knockdown.msa	0
metin2_patch_dragon_rock_mobs/ymir work/monster2/gnoll_soldier/run.msa	d:/ymir work/monster2/gnoll_soldier/run.msa	0
metin2_patch_dragon_rock_mobs/ymir work/monster2/redthief_general/wait2.msa	d:/ymir work/monster2/redthief_general/wait2.msa	0
metin2_patch_dragon_rock_mobs/ymir work/monster2/gnoll_boss2/front_damage1.gr2	d:/ymir work/monster2/gnoll_boss2/front_damage1.gr2	0
metin2_patch_dragon_rock_mobs/ymir work/monster2/manticore_soldier2/manticore_soldier2.wdp	d:/ymir work/monster2/manticore_soldier2/manticore_soldier2.wdp	0
metin2_patch_dragon_rock_mobs/ymir work/monster2/gnoll_boss2/front_damage1.msa	d:/ymir work/monster2/gnoll_boss2/front_damage1.msa	0
metin2_patch_dragon_rock_mobs/ymir work/monster2/gnoll_boss2/front_dead.gr2	d:/ymir work/monster2/gnoll_boss2/front_dead.gr2	0
metin2_patch_dragon_rock_mobs/ymir work/monster2/redthief_boss2/front_damage.msa	d:/ymir work/monster2/redthief_boss2/front_damage.msa	0
metin2_patch_dragon_rock_mobs/ymir work/monster2/ogre_general/ogre_general.gr2	d:/ymir work/monster2/ogre_general/ogre_general.gr2	0
metin2_patch_dragon_rock_mobs/ymir work/monster2/gnoll_boss2/front_knockdown.gr2	d:/ymir work/monster2/gnoll_boss2/front_knockdown.gr2	0
metin2_patch_dragon_rock_mobs/ymir work/monster2/gnoll_boss2/gnoll_boss2.wdp	d:/ymir work/monster2/gnoll_boss2/gnoll_boss2.wdp	0
metin2_patch_dragon_rock_mobs/ymir work/monster2/manticore_boss/run.gr2	d:/ymir work/monster2/manticore_boss/run.gr2	0
metin2_patch_dragon_rock_mobs/ymir work/monster2/gnoll_boss2/gnoll_boss2.msm	d:/ymir work/monster2/gnoll_boss2/gnoll_boss2.msm	0
metin2_patch_dragon_rock_mobs/ymir work/monster2/gnoll_boss2/gnoll_boss2_lod_01.gr2	d:/ymir work/monster2/gnoll_boss2/gnoll_boss2_lod_01.gr2	0
metin2_patch_dragon_rock_mobs/ymir work/monster2/gnoll_boss2/gnoll_boss2_weapon.wdp	d:/ymir work/monster2/gnoll_boss2/gnoll_boss2_weapon.wdp	0
metin2_patch_dragon_rock_mobs/ymir work/monster2/gnoll_boss2/normal_attack.msa	d:/ymir work/monster2/gnoll_boss2/normal_attack.msa	0
metin2_patch_dragon_rock_mobs/ymir work/monster2/gnoll_boss2/run.gr2	d:/ymir work/monster2/gnoll_boss2/run.gr2	0
metin2_patch_dragon_rock_mobs/ymir work/monster2/gnoll_boss2/special_attack.gr2	d:/ymir work/monster2/gnoll_boss2/special_attack.gr2	0
metin2_patch_dragon_rock_mobs/ymir work/monster2/ogre_boss/front_dead.msa	d:/ymir work/monster2/ogre_boss/front_dead.msa	0
metin2_patch_dragon_rock_mobs/ymir work/monster2/gnoll_boss2/wait2.gr2	d:/ymir work/monster2/gnoll_boss2/wait2.gr2	0
metin2_patch_dragon_rock_mobs/ymir work/monster2/ogre_general/back_knockdown.msa	d:/ymir work/monster2/ogre_general/back_knockdown.msa	0
metin2_patch_dragon_rock_mobs/ymir work/monster2/gnoll_boss2/wait2.msa	d:/ymir work/monster2/gnoll_boss2/wait2.msa	0
metin2_patch_dragon_rock_mobs/ymir work/monster2/gnoll_boss2/walk.gr2	d:/ymir work/monster2/gnoll_boss2/walk.gr2	0
metin2_patch_dragon_rock_mobs/ymir work/monster2/triton_soldier/back_knockdown.gr2	d:/ymir work/monster2/triton_soldier/back_knockdown.gr2	0
metin2_patch_dragon_rock_mobs/ymir work/monster2/gnoll_soldier2/front_knockdown.gr2	d:/ymir work/monster2/gnoll_soldier2/front_knockdown.gr2	0
metin2_patch_dragon_rock_mobs/ymir work/monster2/ogre_general/normal_attack.gr2	d:/ymir work/monster2/ogre_general/normal_attack.gr2	0
metin2_patch_dragon_rock_mobs/ymir work/monster2/gnoll_bow/back_damage.msa	d:/ymir work/monster2/gnoll_bow/back_damage.msa	0
metin2_patch_dragon_rock_mobs/ymir work/monster2/lemures_soldier/run.gr2	d:/ymir work/monster2/lemures_soldier/run.gr2	0
metin2_patch_dragon_rock_mobs/ymir work/monster2/ogre_soldier/front_dead.msa	d:/ymir work/monster2/ogre_soldier/front_dead.msa	0
metin2_patch_dragon_rock_mobs/ymir work/monster2/gnoll_bow/back_knockdown.gr2	d:/ymir work/monster2/gnoll_bow/back_knockdown.gr2	0
metin2_patch_dragon_rock_mobs/ymir work/monster2/gnoll_bow/front_dead.msa	d:/ymir work/monster2/gnoll_bow/front_dead.msa	0
metin2_patch_dragon_rock_mobs/ymir work/monster2/gnoll_magic/gnoll_magic.msm	d:/ymir work/monster2/gnoll_magic/gnoll_magic.msm	0
metin2_patch_dragon_rock_mobs/ymir work/monster2/gnoll_bow/gnoll_bow.wdp	d:/ymir work/monster2/gnoll_bow/gnoll_bow.wdp	0
metin2_patch_dragon_rock_mobs/ymir work/monster2/redthief2_soldier2/walk.msa	d:/ymir work/monster2/redthief2_soldier2/walk.msa	0
metin2_patch_dragon_rock_mobs/ymir work/monster2/gnoll_bow/gnoll_bow.msm	d:/ymir work/monster2/gnoll_bow/gnoll_bow.msm	0
metin2_patch_dragon_rock_mobs/ymir work/monster2/manticore_general/back_knockdown.msa	d:/ymir work/monster2/manticore_general/back_knockdown.msa	0
metin2_patch_dragon_rock_mobs/ymir work/monster2/gnoll_bow/gnoll_bow_lod_01.gr2	d:/ymir work/monster2/gnoll_bow/gnoll_bow_lod_01.gr2	0
metin2_patch_dragon_rock_mobs/ymir work/monster2/manticore_boss2/manticoe_boss2.wdp	d:/ymir work/monster2/manticore_boss2/manticoe_boss2.wdp	0
metin2_patch_dragon_rock_mobs/ymir work/effect/monster/holy_blue1_hand.mse	d:/ymir work/effect/monster/holy_blue1_hand.mse	0
metin2_patch_dragon_rock_mobs/ymir work/monster2/gnoll_bow/motlist.txt	d:/ymir work/monster2/gnoll_bow/motlist.txt	0
metin2_patch_dragon_rock_mobs/ymir work/monster2/ogre_officer/back_knockdown.msa	d:/ymir work/monster2/ogre_officer/back_knockdown.msa	0
metin2_patch_dragon_rock_mobs/ymir work/monster2/gnoll_bow/normal_attack.msa	d:/ymir work/monster2/gnoll_bow/normal_attack.msa	0
metin2_patch_dragon_rock_mobs/ymir work/monster2/ogre_bow/ogre_bow.wdp	d:/ymir work/monster2/ogre_bow/ogre_bow.wdp	0
metin2_patch_dragon_rock_mobs/ymir work/monster2/redthief_boss2/front_dead.gr2	d:/ymir work/monster2/redthief_boss2/front_dead.gr2	0
metin2_patch_dragon_rock_mobs/ymir work/monster2/gnoll_bow/normal_attack1.gr2	d:/ymir work/monster2/gnoll_bow/normal_attack1.gr2	0
metin2_patch_dragon_rock_mobs/ymir work/monster2/gnoll_bow/normal_attack1.msa	d:/ymir work/monster2/gnoll_bow/normal_attack1.msa	0
metin2_patch_dragon_rock_mobs/ymir work/monster2/gnoll_bow/run.msa	d:/ymir work/monster2/gnoll_bow/run.msa	0
metin2_patch_dragon_rock_mobs/ymir work/monster2/gnoll_bow/wait1.msa	d:/ymir work/monster2/gnoll_bow/wait1.msa	0
metin2_patch_dragon_rock_mobs/ymir work/monster2/gnoll_bow/walk.msa	d:/ymir work/monster2/gnoll_bow/walk.msa	0
metin2_patch_dragon_rock_mobs/ymir work/monster2/gnoll_general/back_damage.gr2	d:/ymir work/monster2/gnoll_general/back_damage.gr2	0
metin2_patch_dragon_rock_mobs/ymir work/monster2/triton_general/run.gr2	d:/ymir work/monster2/triton_general/run.gr2	0
metin2_patch_dragon_rock_mobs/ymir work/monster2/gnoll_general/back_damage.msa	d:/ymir work/monster2/gnoll_general/back_damage.msa	0
metin2_patch_dragon_rock_mobs/ymir work/monster2/lemures_boss/wait1.msa	d:/ymir work/monster2/lemures_boss/wait1.msa	0
metin2_patch_dragon_rock_mobs/ymir work/monster2/triton_boss/run.gr2	d:/ymir work/monster2/triton_boss/run.gr2	0
metin2_patch_dragon_rock_mobs/ymir work/monster2/redthief_boss/wait3.msa	d:/ymir work/monster2/redthief_boss/wait3.msa	0
metin2_patch_dragon_rock_mobs/ymir work/monster2/gnoll_general/back_knockdown.gr2	d:/ymir work/monster2/gnoll_general/back_knockdown.gr2	0
metin2_patch_dragon_rock_mobs/ymir work/monster2/lemures_soldier2/normal_attack.msa	d:/ymir work/monster2/lemures_soldier2/normal_attack.msa	0
metin2_patch_dragon_rock_mobs/ymir work/monster2/ogre_general/walk.msa	d:/ymir work/monster2/ogre_general/walk.msa	0
metin2_patch_dragon_rock_mobs/ymir work/monster2/gnoll_general/front_knockdown.gr2	d:/ymir work/monster2/gnoll_general/front_knockdown.gr2	0
metin2_patch_dragon_rock_mobs/ymir work/monster2/gnoll_general/front_standup.gr2	d:/ymir work/monster2/gnoll_general/front_standup.gr2	0
metin2_patch_dragon_rock_mobs/ymir work/monster2/redthief_soldier2/wait1.msa	d:/ymir work/monster2/redthief_soldier2/wait1.msa	0
metin2_patch_dragon_rock_mobs/ymir work/monster2/gnoll_general/front_standup.msa	d:/ymir work/monster2/gnoll_general/front_standup.msa	0
metin2_patch_dragon_rock_mobs/ymir work/monster2/manticore_soldier2/run.msa	d:/ymir work/monster2/manticore_soldier2/run.msa	0
metin2_patch_dragon_rock_mobs/ymir work/monster2/gnoll_general/gnoll_general_weapon.wdp	d:/ymir work/monster2/gnoll_general/gnoll_general_weapon.wdp	0
metin2_patch_dragon_rock_mobs/ymir work/monster2/gnoll_magic/front_dead.msa	d:/ymir work/monster2/gnoll_magic/front_dead.msa	0
metin2_patch_dragon_rock_mobs/ymir work/monster2/redthief_boss2/wait.gr2	d:/ymir work/monster2/redthief_boss2/wait.gr2	0
metin2_patch_dragon_rock_mobs/ymir work/monster2/gnoll_general/normal_attack.msa	d:/ymir work/monster2/gnoll_general/normal_attack.msa	0
metin2_patch_dragon_rock_mobs/ymir work/monster2/gnoll_general/run.msa	d:/ymir work/monster2/gnoll_general/run.msa	0
metin2_patch_dragon_rock_mobs/ymir work/monster2/ogre_boss2/wait1.msa	d:/ymir work/monster2/ogre_boss2/wait1.msa	0
metin2_patch_dragon_rock_mobs/ymir work/monster2/gnoll_general/wait.msa	d:/ymir work/monster2/gnoll_general/wait.msa	0
metin2_patch_dragon_rock_mobs/ymir work/monster2/gnoll_general/wait1.gr2	d:/ymir work/monster2/gnoll_general/wait1.gr2	0
metin2_patch_dragon_rock_mobs/ymir work/monster2/lemures_boss2/special_attack.gr2	d:/ymir work/monster2/lemures_boss2/special_attack.gr2	0
metin2_patch_dragon_rock_mobs/ymir work/monster2/gnoll_general/walk.gr2	d:/ymir work/monster2/gnoll_general/walk.gr2	0
metin2_patch_dragon_rock_mobs/ymir work/monster2/redthief2_soldier2/front_damage.msa	d:/ymir work/monster2/redthief2_soldier2/front_damage.msa	0
metin2_patch_dragon_rock_mobs/ymir work/monster2/triton_general/wait.gr2	d:/ymir work/monster2/triton_general/wait.gr2	0
metin2_patch_dragon_rock_mobs/ymir work/monster2/gnoll_magic/back_damage.gr2	d:/ymir work/monster2/gnoll_magic/back_damage.gr2	0
metin2_patch_dragon_rock_mobs/ymir work/monster2/gnoll_magic/front_damage.gr2	d:/ymir work/monster2/gnoll_magic/front_damage.gr2	0
metin2_patch_dragon_rock_mobs/ymir work/monster2/gnoll_magic/front_dead.gr2	d:/ymir work/monster2/gnoll_magic/front_dead.gr2	0
metin2_patch_dragon_rock_mobs/ymir work/monster2/gnoll_magic/front_knockdown.gr2	d:/ymir work/monster2/gnoll_magic/front_knockdown.gr2	0
metin2_patch_dragon_rock_mobs/ymir work/monster2/manticore_general/front_knockdown.msa	d:/ymir work/monster2/manticore_general/front_knockdown.msa	0
metin2_patch_dragon_rock_mobs/ymir work/monster2/redthief2_soldier2/front_standup.msa	d:/ymir work/monster2/redthief2_soldier2/front_standup.msa	0
metin2_patch_dragon_rock_mobs/ymir work/monster2/gnoll_magic/gnoll_magic_lod_01.gr2	d:/ymir work/monster2/gnoll_magic/gnoll_magic_lod_01.gr2	0
metin2_patch_dragon_rock_mobs/ymir work/monster2/gnoll_magic/gnoll_magic_weapon.wdp	d:/ymir work/monster2/gnoll_magic/gnoll_magic_weapon.wdp	0
metin2_patch_dragon_rock_mobs/ymir work/monster2/redthief_boss/front_damage1.gr2	d:/ymir work/monster2/redthief_boss/front_damage1.gr2	0
metin2_patch_dragon_rock_mobs/ymir work/monster2/gnoll_soldier/back_knockdown.gr2	d:/ymir work/monster2/gnoll_soldier/back_knockdown.gr2	0
metin2_patch_dragon_rock_mobs/ymir work/monster2/gnoll_magic/normal_attack1.gr2	d:/ymir work/monster2/gnoll_magic/normal_attack1.gr2	0
metin2_patch_dragon_rock_mobs/ymir work/monster2/gnoll_magic/normal_attack1.msa	d:/ymir work/monster2/gnoll_magic/normal_attack1.msa	0
metin2_patch_dragon_rock_mobs/ymir work/monster2/gnoll_magic/run.msa	d:/ymir work/monster2/gnoll_magic/run.msa	0
metin2_patch_dragon_rock_mobs/ymir work/effect/monster2/mash_spell1_2.mde	d:/ymir work/effect/monster2/mash_spell1_2.mde	0
metin2_patch_dragon_rock_mobs/ymir work/monster2/gnoll_soldier/gnoll_soldier_lod_01.gr2	d:/ymir work/monster2/gnoll_soldier/gnoll_soldier_lod_01.gr2	0
metin2_patch_dragon_rock_mobs/ymir work/monster2/ogre_boss/ogre_boss_weapon.wdp	d:/ymir work/monster2/ogre_boss/ogre_boss_weapon.wdp	0
metin2_patch_dragon_rock_mobs/ymir work/monster2/gnoll_magic/wait1.gr2	d:/ymir work/monster2/gnoll_magic/wait1.gr2	0
metin2_patch_dragon_rock_mobs/ymir work/monster2/gnoll_magic/wait1.msa	d:/ymir work/monster2/gnoll_magic/wait1.msa	0
metin2_patch_dragon_rock_mobs/ymir work/monster2/gnoll_magic/walk.gr2	d:/ymir work/monster2/gnoll_magic/walk.gr2	0
metin2_patch_dragon_rock_mobs/ymir work/monster2/redthief_bow/front_knockdown.msa	d:/ymir work/monster2/redthief_bow/front_knockdown.msa	0
metin2_patch_dragon_rock_mobs/ymir work/monster2/lemures_boss/wait2.gr2	d:/ymir work/monster2/lemures_boss/wait2.gr2	0
metin2_patch_dragon_rock_mobs/ymir work/monster2/gnoll_magic/walk.msa	d:/ymir work/monster2/gnoll_magic/walk.msa	0
metin2_patch_dragon_rock_mobs/ymir work/monster2/gnoll_soldier/back_damage.msa	d:/ymir work/monster2/gnoll_soldier/back_damage.msa	0
metin2_patch_dragon_rock_mobs/ymir work/monster2/manticore_general/front_standup.msa	d:/ymir work/monster2/manticore_general/front_standup.msa	0
metin2_patch_dragon_rock_mobs/ymir work/monster2/gnoll_soldier/front_damage.gr2	d:/ymir work/monster2/gnoll_soldier/front_damage.gr2	0
metin2_patch_dragon_rock_mobs/ymir work/monster2/gnoll_soldier/front_damage.msa	d:/ymir work/monster2/gnoll_soldier/front_damage.msa	0
metin2_patch_dragon_rock_mobs/ymir work/monster2/ogre_bow/walk.gr2	d:/ymir work/monster2/ogre_bow/walk.gr2	0
metin2_patch_dragon_rock_mobs/ymir work/monster2/lemures_soldier/motlist.txt	d:/ymir work/monster2/lemures_soldier/motlist.txt	0
metin2_patch_dragon_rock_mobs/ymir work/monster2/lemures_magic/front_standup.gr2	d:/ymir work/monster2/lemures_magic/front_standup.gr2	0
metin2_patch_dragon_rock_mobs/ymir work/monster2/gnoll_soldier/front_dead.gr2	d:/ymir work/monster2/gnoll_soldier/front_dead.gr2	0
metin2_patch_dragon_rock_mobs/ymir work/monster2/gnoll_soldier/front_dead.msa	d:/ymir work/monster2/gnoll_soldier/front_dead.msa	0
metin2_patch_dragon_rock_mobs/ymir work/monster2/gnoll_soldier/front_standup.msa	d:/ymir work/monster2/gnoll_soldier/front_standup.msa	0
metin2_patch_dragon_rock_mobs/ymir work/monster2/redthief2_boss/front_dead.msa	d:/ymir work/monster2/redthief2_boss/front_dead.msa	0
metin2_patch_dragon_rock_mobs/ymir work/monster2/gnoll_soldier/walk.gr2	d:/ymir work/monster2/gnoll_soldier/walk.gr2	0
metin2_patch_dragon_rock_mobs/ymir work/monster2/gnoll_soldier/walk.msa	d:/ymir work/monster2/gnoll_soldier/walk.msa	0
metin2_patch_dragon_rock_mobs/ymir work/monster2/gnoll_soldier2/back_damage.gr2	d:/ymir work/monster2/gnoll_soldier2/back_damage.gr2	0
metin2_patch_dragon_rock_mobs/ymir work/monster2/gnoll_soldier2/back_damage.msa	d:/ymir work/monster2/gnoll_soldier2/back_damage.msa	0
metin2_patch_dragon_rock_mobs/ymir work/monster2/redthief_general/walk.gr2	d:/ymir work/monster2/redthief_general/walk.gr2	0
metin2_patch_dragon_rock_mobs/ymir work/monster2/ogre_magic/normal_attack1.msa	d:/ymir work/monster2/ogre_magic/normal_attack1.msa	0
metin2_patch_dragon_rock_mobs/ymir work/monster2/gnoll_soldier2/front_damage.msa	d:/ymir work/monster2/gnoll_soldier2/front_damage.msa	0
metin2_patch_dragon_rock_mobs/ymir work/monster2/lemures_boss/lemures_boss.gr2	d:/ymir work/monster2/lemures_boss/lemures_boss.gr2	0
metin2_patch_dragon_rock_mobs/ymir work/monster2/triton_boss2/front_standup.gr2	d:/ymir work/monster2/triton_boss2/front_standup.gr2	0
metin2_patch_dragon_rock_mobs/ymir work/monster2/gnoll_soldier2/front_dead.msa	d:/ymir work/monster2/gnoll_soldier2/front_dead.msa	0
metin2_patch_dragon_rock_mobs/ymir work/monster2/lemures_soldier/normal_attack1.gr2	d:/ymir work/monster2/lemures_soldier/normal_attack1.gr2	0
metin2_patch_dragon_rock_mobs/ymir work/monster2/gnoll_soldier2/front_knockdown.msa	d:/ymir work/monster2/gnoll_soldier2/front_knockdown.msa	0
metin2_patch_dragon_rock_mobs/ymir work/monster2/gnoll_soldier2/front_standup.gr2	d:/ymir work/monster2/gnoll_soldier2/front_standup.gr2	0
metin2_patch_dragon_rock_mobs/ymir work/monster2/gnoll_soldier2/gnoll_soldier2.gr2	d:/ymir work/monster2/gnoll_soldier2/gnoll_soldier2.gr2	0
metin2_patch_dragon_rock_mobs/ymir work/monster2/gnoll_soldier2/gnoll_soldier2_weapon.wdp	d:/ymir work/monster2/gnoll_soldier2/gnoll_soldier2_weapon.wdp	0
metin2_patch_dragon_rock_mobs/ymir work/monster2/gnoll_soldier2/normal_attack.gr2	d:/ymir work/monster2/gnoll_soldier2/normal_attack.gr2	0
metin2_patch_dragon_rock_mobs/ymir work/monster2/manticore_soldier/wait1.msa	d:/ymir work/monster2/manticore_soldier/wait1.msa	0
metin2_patch_dragon_rock_mobs/ymir work/monster2/lemures_magic/lemures_magic.msm	d:/ymir work/monster2/lemures_magic/lemures_magic.msm	0
metin2_patch_dragon_rock_mobs/ymir work/monster2/lemures_boss2/lemures_boss2_lod_01.gr2	d:/ymir work/monster2/lemures_boss2/lemures_boss2_lod_01.gr2	0
metin2_patch_dragon_rock_mobs/ymir work/monster2/lemures_soldier/front_knockdown.msa	d:/ymir work/monster2/lemures_soldier/front_knockdown.msa	0
metin2_patch_dragon_rock_mobs/ymir work/monster2/gnoll_soldier2/normal_attack.msa	d:/ymir work/monster2/gnoll_soldier2/normal_attack.msa	0
metin2_patch_dragon_rock_mobs/ymir work/monster2/gnoll_soldier2/normal_attack1.msa	d:/ymir work/monster2/gnoll_soldier2/normal_attack1.msa	0
metin2_patch_dragon_rock_mobs/ymir work/monster2/lemures_boss2/run.gr2	d:/ymir work/monster2/lemures_boss2/run.gr2	0
metin2_patch_dragon_rock_mobs/ymir work/monster2/ogre_general/wait.gr2	d:/ymir work/monster2/ogre_general/wait.gr2	0
metin2_patch_dragon_rock_mobs/ymir work/monster2/gnoll_soldier2/run.gr2	d:/ymir work/monster2/gnoll_soldier2/run.gr2	0
metin2_patch_dragon_rock_mobs/ymir work/monster2/ogre_magic/front_damage.msa	d:/ymir work/monster2/ogre_magic/front_damage.msa	0
metin2_patch_dragon_rock_mobs/ymir work/monster2/gnoll_soldier2/run.msa	d:/ymir work/monster2/gnoll_soldier2/run.msa	0
metin2_patch_dragon_rock_mobs/ymir work/monster2/gnoll_soldier2/wait.gr2	d:/ymir work/monster2/gnoll_soldier2/wait.gr2	0
metin2_patch_dragon_rock_mobs/ymir work/monster2/ogre_boss/walk.msa	d:/ymir work/monster2/ogre_boss/walk.msa	0
metin2_patch_dragon_rock_mobs/ymir work/monster2/gnoll_soldier2/wait.msa	d:/ymir work/monster2/gnoll_soldier2/wait.msa	0
metin2_patch_dragon_rock_mobs/ymir work/monster2/redthief_general/front_dead.gr2	d:/ymir work/monster2/redthief_general/front_dead.gr2	0
metin2_patch_dragon_rock_mobs/ymir work/monster2/ogre_boss2/normal_attack1.msa	d:/ymir work/monster2/ogre_boss2/normal_attack1.msa	0
metin2_patch_dragon_rock_mobs/ymir work/monster2/ogre_magic/normal_attack.msa	d:/ymir work/monster2/ogre_magic/normal_attack.msa	0
metin2_patch_dragon_rock_mobs/ymir work/monster2/gnoll_soldier2/wait1.gr2	d:/ymir work/monster2/gnoll_soldier2/wait1.gr2	0
metin2_patch_dragon_rock_mobs/ymir work/monster2/gnoll_soldier2/wait1.msa	d:/ymir work/monster2/gnoll_soldier2/wait1.msa	0
metin2_patch_dragon_rock_mobs/ymir work/monster2/lemures_magic/walk.gr2	d:/ymir work/monster2/lemures_magic/walk.gr2	0
metin2_patch_dragon_rock_mobs/ymir work/monster2/gnoll_soldier2/walk.gr2	d:/ymir work/monster2/gnoll_soldier2/walk.gr2	0
metin2_patch_dragon_rock_mobs/ymir work/monster2/gnoll_soldier2/walk.msa	d:/ymir work/monster2/gnoll_soldier2/walk.msa	0
metin2_patch_dragon_rock_mobs/ymir work/monster2/ogre_boss/wait3.msa	d:/ymir work/monster2/ogre_boss/wait3.msa	0
metin2_patch_dragon_rock_mobs/ymir work/monster2/ogre_boss2/back_damage.gr2	d:/ymir work/monster2/ogre_boss2/back_damage.gr2	0
metin2_patch_dragon_rock_mobs/ymir work/monster2/lemures_boss/back_damage.msa	d:/ymir work/monster2/lemures_boss/back_damage.msa	0
metin2_patch_dragon_rock_mobs/ymir work/monster2/redthief_boss2/redthief_boss2_1.wdp	d:/ymir work/monster2/redthief_boss2/redthief_boss2_1.wdp	0
metin2_patch_dragon_rock_mobs/ymir work/monster2/lemures_boss/back_damage1.gr2	d:/ymir work/monster2/lemures_boss/back_damage1.gr2	0
metin2_patch_dragon_rock_mobs/ymir work/monster2/lemures_boss/back_knockdown.gr2	d:/ymir work/monster2/lemures_boss/back_knockdown.gr2	0
metin2_patch_dragon_rock_mobs/ymir work/monster2/lemures_boss/front_damage.gr2	d:/ymir work/monster2/lemures_boss/front_damage.gr2	0
metin2_patch_dragon_rock_mobs/ymir work/monster2/ogre_officer/ogre_officer_weapon.wdp	d:/ymir work/monster2/ogre_officer/ogre_officer_weapon.wdp	0
metin2_patch_dragon_rock_mobs/ymir work/monster2/redthief2_magic/wait1.msa	d:/ymir work/monster2/redthief2_magic/wait1.msa	0
metin2_patch_dragon_rock_mobs/ymir work/monster2/lemures_boss/front_damage.msa	d:/ymir work/monster2/lemures_boss/front_damage.msa	0
metin2_patch_dragon_rock_mobs/ymir work/monster2/manticore_boss/wait.msa	d:/ymir work/monster2/manticore_boss/wait.msa	0
metin2_patch_dragon_rock_mobs/ymir work/monster2/lemures_boss/front_damage1.msa	d:/ymir work/monster2/lemures_boss/front_damage1.msa	0
metin2_patch_dragon_rock_mobs/ymir work/monster2/lemures_boss/front_dead.msa	d:/ymir work/monster2/lemures_boss/front_dead.msa	0
metin2_patch_dragon_rock_mobs/ymir work/monster2/lemures_boss/front_knockdown.msa	d:/ymir work/monster2/lemures_boss/front_knockdown.msa	0
metin2_patch_dragon_rock_mobs/ymir work/monster2/ogre_boss2/wait.msa	d:/ymir work/monster2/ogre_boss2/wait.msa	0
metin2_patch_dragon_rock_mobs/ymir work/monster2/lemures_boss/front_standup.gr2	d:/ymir work/monster2/lemures_boss/front_standup.gr2	0
metin2_patch_dragon_rock_mobs/ymir work/monster2/lemures_boss/front_standup.msa	d:/ymir work/monster2/lemures_boss/front_standup.msa	0
metin2_patch_dragon_rock_mobs/ymir work/monster2/lemures_boss/lemures_boss_weapon.wdp	d:/ymir work/monster2/lemures_boss/lemures_boss_weapon.wdp	0
metin2_patch_dragon_rock_mobs/ymir work/monster2/lemures_boss/motlist.txt	d:/ymir work/monster2/lemures_boss/motlist.txt	0
metin2_patch_dragon_rock_mobs/ymir work/monster2/redthief_boss/motlist.txt	d:/ymir work/monster2/redthief_boss/motlist.txt	0
metin2_patch_dragon_rock_mobs/ymir work/monster2/lemures_boss/normal_attack.gr2	d:/ymir work/monster2/lemures_boss/normal_attack.gr2	0
metin2_patch_dragon_rock_mobs/ymir work/monster2/lemures_boss/normal_attack.msa	d:/ymir work/monster2/lemures_boss/normal_attack.msa	0
metin2_patch_dragon_rock_mobs/ymir work/monster2/lemures_boss/normal_attack1.gr2	d:/ymir work/monster2/lemures_boss/normal_attack1.gr2	0
metin2_patch_dragon_rock_mobs/ymir work/monster2/lemures_boss/special_attack.gr2	d:/ymir work/monster2/lemures_boss/special_attack.gr2	0
metin2_patch_dragon_rock_mobs/ymir work/monster2/lemures_boss/wait.gr2	d:/ymir work/monster2/lemures_boss/wait.gr2	0
metin2_patch_dragon_rock_mobs/ymir work/monster2/lemures_boss/wait1.gr2	d:/ymir work/monster2/lemures_boss/wait1.gr2	0
metin2_patch_dragon_rock_mobs/ymir work/monster2/lemures_boss/walk.msa	d:/ymir work/monster2/lemures_boss/walk.msa	0
metin2_patch_dragon_rock_mobs/ymir work/monster2/lemures_boss2/back_damage.gr2	d:/ymir work/monster2/lemures_boss2/back_damage.gr2	0
metin2_patch_dragon_rock_mobs/ymir work/monster2/lemures_boss2/back_knockdown.msa	d:/ymir work/monster2/lemures_boss2/back_knockdown.msa	0
metin2_patch_dragon_rock_mobs/ymir work/monster2/lemures_general/front_standup.gr2	d:/ymir work/monster2/lemures_general/front_standup.gr2	0
metin2_patch_dragon_rock_mobs/ymir work/monster2/lemures_boss2/front_damage.gr2	d:/ymir work/monster2/lemures_boss2/front_damage.gr2	0
metin2_patch_dragon_rock_mobs/ymir work/monster2/triton_soldier/front_dead.msa	d:/ymir work/monster2/triton_soldier/front_dead.msa	0
metin2_patch_dragon_rock_mobs/ymir work/monster2/lemures_boss2/front_damage.msa	d:/ymir work/monster2/lemures_boss2/front_damage.msa	0
metin2_patch_dragon_rock_mobs/ymir work/monster2/redthief2_soldier2/wait1.msa	d:/ymir work/monster2/redthief2_soldier2/wait1.msa	0
metin2_patch_dragon_rock_mobs/ymir work/monster2/lemures_boss2/front_damage1.gr2	d:/ymir work/monster2/lemures_boss2/front_damage1.gr2	0
metin2_patch_dragon_rock_mobs/ymir work/monster2/manticore_boss/front_damage.gr2	d:/ymir work/monster2/manticore_boss/front_damage.gr2	0
metin2_patch_dragon_rock_mobs/ymir work/monster2/lemures_boss2/front_damage1.msa	d:/ymir work/monster2/lemures_boss2/front_damage1.msa	0
metin2_patch_dragon_rock_mobs/ymir work/monster2/lemures_officer/front_dead.gr2	d:/ymir work/monster2/lemures_officer/front_dead.gr2	0
metin2_patch_dragon_rock_mobs/ymir work/monster2/lemures_officer/lemures_officer_lod_01.gr2	d:/ymir work/monster2/lemures_officer/lemures_officer_lod_01.gr2	0
metin2_patch_dragon_rock_mobs/ymir work/monster2/lemures_boss2/front_dead.msa	d:/ymir work/monster2/lemures_boss2/front_dead.msa	0
metin2_patch_dragon_rock_mobs/ymir work/monster2/redthief_officer/back_knockdown.msa	d:/ymir work/monster2/redthief_officer/back_knockdown.msa	0
metin2_patch_dragon_rock_mobs/ymir work/monster2/lemures_boss2/front_knockdown.gr2	d:/ymir work/monster2/lemures_boss2/front_knockdown.gr2	0
metin2_patch_dragon_rock_mobs/ymir work/monster2/lemures_boss2/front_knockdown.msa	d:/ymir work/monster2/lemures_boss2/front_knockdown.msa	0
metin2_patch_dragon_rock_mobs/ymir work/monster2/ogre_boss/front_knockdown.gr2	d:/ymir work/monster2/ogre_boss/front_knockdown.gr2	0
metin2_patch_dragon_rock_mobs/ymir work/monster2/lemures_boss2/front_standup.msa	d:/ymir work/monster2/lemures_boss2/front_standup.msa	0
metin2_patch_dragon_rock_mobs/ymir work/monster2/lemures_boss2/motlist.txt	d:/ymir work/monster2/lemures_boss2/motlist.txt	0
metin2_patch_dragon_rock_mobs/ymir work/monster2/lemures_boss2/normal_attack.gr2	d:/ymir work/monster2/lemures_boss2/normal_attack.gr2	0
metin2_patch_dragon_rock_mobs/ymir work/monster2/lemures_boss2/normal_attack.msa	d:/ymir work/monster2/lemures_boss2/normal_attack.msa	0
metin2_patch_dragon_rock_mobs/ymir work/monster2/redthief_boss/back_knockdown.gr2	d:/ymir work/monster2/redthief_boss/back_knockdown.gr2	0
metin2_patch_dragon_rock_mobs/ymir work/monster2/lemures_boss2/normal_attack1.gr2	d:/ymir work/monster2/lemures_boss2/normal_attack1.gr2	0
metin2_patch_dragon_rock_mobs/ymir work/monster2/ogre_bow/front_damage.msa	d:/ymir work/monster2/ogre_bow/front_damage.msa	0
metin2_patch_dragon_rock_mobs/ymir work/monster2/lemures_boss2/normal_attack1.msa	d:/ymir work/monster2/lemures_boss2/normal_attack1.msa	0
metin2_patch_dragon_rock_mobs/ymir work/effect/monster2/mob_blow1.mse	d:/ymir work/effect/monster2/mob_blow1.mse	0
metin2_patch_dragon_rock_mobs/ymir work/monster2/lemures_boss2/run.msa	d:/ymir work/monster2/lemures_boss2/run.msa	0
metin2_patch_dragon_rock_mobs/ymir work/monster2/ogre_magic/walk.gr2	d:/ymir work/monster2/ogre_magic/walk.gr2	0
metin2_patch_dragon_rock_mobs/ymir work/monster2/redthief_magic/front_dead.msa	d:/ymir work/monster2/redthief_magic/front_dead.msa	0
metin2_patch_dragon_rock_mobs/ymir work/monster2/lemures_boss2/special_attack.msa	d:/ymir work/monster2/lemures_boss2/special_attack.msa	0
metin2_patch_dragon_rock_mobs/ymir work/monster2/lemures_boss2/special_attack1.gr2	d:/ymir work/monster2/lemures_boss2/special_attack1.gr2	0
metin2_patch_dragon_rock_mobs/ymir work/monster2/manticore_general/front_knockdown.gr2	d:/ymir work/monster2/manticore_general/front_knockdown.gr2	0
metin2_patch_dragon_rock_mobs/ymir work/monster2/lemures_boss2/wait.gr2	d:/ymir work/monster2/lemures_boss2/wait.gr2	0
metin2_patch_dragon_rock_mobs/ymir work/monster2/lemures_boss2/wait.msa	d:/ymir work/monster2/lemures_boss2/wait.msa	0
metin2_patch_dragon_rock_mobs/ymir work/monster2/lemures_general/walk.msa	d:/ymir work/monster2/lemures_general/walk.msa	0
metin2_patch_dragon_rock_mobs/ymir work/monster2/lemures_boss2/wait1.gr2	d:/ymir work/monster2/lemures_boss2/wait1.gr2	0
metin2_patch_dragon_rock_mobs/ymir work/monster2/triton_general/triton_general.wdp	d:/ymir work/monster2/triton_general/triton_general.wdp	0
metin2_patch_dragon_rock_mobs/ymir work/monster2/lemures_boss2/wait1.msa	d:/ymir work/monster2/lemures_boss2/wait1.msa	0
metin2_patch_dragon_rock_mobs/ymir work/monster2/manticore_soldier/back_damage.msa	d:/ymir work/monster2/manticore_soldier/back_damage.msa	0
metin2_patch_dragon_rock_mobs/ymir work/monster2/triton_magic/front_knockdown.msa	d:/ymir work/monster2/triton_magic/front_knockdown.msa	0
metin2_patch_dragon_rock_mobs/ymir work/monster2/lemures_boss2/wait2.gr2	d:/ymir work/monster2/lemures_boss2/wait2.gr2	0
metin2_patch_dragon_rock_mobs/ymir work/monster2/lemures_boss2/wait2.msa	d:/ymir work/monster2/lemures_boss2/wait2.msa	0
metin2_patch_dragon_rock_mobs/ymir work/monster2/lemures_boss2/walk.gr2	d:/ymir work/monster2/lemures_boss2/walk.gr2	0
metin2_patch_dragon_rock_mobs/ymir work/monster2/lemures_boss2/walk.msa	d:/ymir work/monster2/lemures_boss2/walk.msa	0
metin2_patch_dragon_rock_mobs/ymir work/monster2/redthief_boss/front_standup.msa	d:/ymir work/monster2/redthief_boss/front_standup.msa	0
metin2_patch_dragon_rock_mobs/ymir work/monster2/lemures_general/front_damage.gr2	d:/ymir work/monster2/lemures_general/front_damage.gr2	0
metin2_patch_dragon_rock_mobs/ymir work/monster2/lemures_general/front_dead.gr2	d:/ymir work/monster2/lemures_general/front_dead.gr2	0
metin2_patch_dragon_rock_mobs/ymir work/monster2/lemures_general/front_dead.msa	d:/ymir work/monster2/lemures_general/front_dead.msa	0
metin2_patch_dragon_rock_mobs/ymir work/monster2/manticore_general/front_standup.gr2	d:/ymir work/monster2/manticore_general/front_standup.gr2	0
metin2_patch_dragon_rock_mobs/ymir work/monster2/lemures_general/front_knockdown.gr2	d:/ymir work/monster2/lemures_general/front_knockdown.gr2	0
metin2_patch_dragon_rock_mobs/ymir work/monster2/manticore_boss2/front_dead.gr2	d:/ymir work/monster2/manticore_boss2/front_dead.gr2	0
metin2_patch_dragon_rock_mobs/ymir work/monster2/lemures_general/front_standup.msa	d:/ymir work/monster2/lemures_general/front_standup.msa	0
metin2_patch_dragon_rock_mobs/ymir work/monster2/triton_officer/wait1.gr2	d:/ymir work/monster2/triton_officer/wait1.gr2	0
metin2_patch_dragon_rock_mobs/ymir work/monster2/lemures_general/lemures_general.wdp	d:/ymir work/monster2/lemures_general/lemures_general.wdp	0
metin2_patch_dragon_rock_mobs/ymir work/monster2/lemures_general/lemures_general.gr2	d:/ymir work/monster2/lemures_general/lemures_general.gr2	0
metin2_patch_dragon_rock_mobs/ymir work/monster2/ogre_officer/front_knockdown.msa	d:/ymir work/monster2/ogre_officer/front_knockdown.msa	0
metin2_patch_dragon_rock_mobs/ymir work/monster2/lemures_general/motlist.txt	d:/ymir work/monster2/lemures_general/motlist.txt	0
metin2_patch_dragon_rock_mobs/ymir work/monster2/lemures_general/normal_attack.msa	d:/ymir work/monster2/lemures_general/normal_attack.msa	0
metin2_patch_dragon_rock_mobs/ymir work/monster2/lemures_general/normal_attack1.msa	d:/ymir work/monster2/lemures_general/normal_attack1.msa	0
metin2_patch_dragon_rock_mobs/ymir work/monster2/lemures_general/run.gr2	d:/ymir work/monster2/lemures_general/run.gr2	0
metin2_patch_dragon_rock_mobs/ymir work/monster2/redthief_general/walk.msa	d:/ymir work/monster2/redthief_general/walk.msa	0
metin2_patch_dragon_rock_mobs/ymir work/monster2/lemures_general/run.msa	d:/ymir work/monster2/lemures_general/run.msa	0
metin2_patch_dragon_rock_mobs/ymir work/monster2/redthief_boss/redthief_boss_weapon.wdp	d:/ymir work/monster2/redthief_boss/redthief_boss_weapon.wdp	0
metin2_patch_dragon_rock_mobs/ymir work/monster2/lemures_general/wait.gr2	d:/ymir work/monster2/lemures_general/wait.gr2	0
metin2_patch_dragon_rock_mobs/ymir work/monster2/triton_boss2/triton_boss2.gr2	d:/ymir work/monster2/triton_boss2/triton_boss2.gr2	0
metin2_patch_dragon_rock_mobs/ymir work/monster2/lemures_general/wait.msa	d:/ymir work/monster2/lemures_general/wait.msa	0
metin2_patch_dragon_rock_mobs/ymir work/monster2/lemures_general/wait1.gr2	d:/ymir work/monster2/lemures_general/wait1.gr2	0
metin2_patch_dragon_rock_mobs/ymir work/monster2/lemures_general/wait1.msa	d:/ymir work/monster2/lemures_general/wait1.msa	0
metin2_patch_dragon_rock_mobs/ymir work/monster2/lemures_general/walk.gr2	d:/ymir work/monster2/lemures_general/walk.gr2	0
metin2_patch_dragon_rock_mobs/ymir work/monster2/lemures_soldier2/front_dead.msa	d:/ymir work/monster2/lemures_soldier2/front_dead.msa	0
metin2_patch_dragon_rock_mobs/ymir work/monster2/lemures_magic/back_damage.msa	d:/ymir work/monster2/lemures_magic/back_damage.msa	0
metin2_patch_dragon_rock_mobs/ymir work/monster2/lemures_soldier2/normal_attack1.msa	d:/ymir work/monster2/lemures_soldier2/normal_attack1.msa	0
metin2_patch_dragon_rock_mobs/ymir work/monster2/lemures_magic/back_knockdown.gr2	d:/ymir work/monster2/lemures_magic/back_knockdown.gr2	0
metin2_patch_dragon_rock_mobs/ymir work/monster2/ogre_boss/ogre_boss_lod_01.gr2	d:/ymir work/monster2/ogre_boss/ogre_boss_lod_01.gr2	0
metin2_patch_dragon_rock_mobs/ymir work/monster2/lemures_magic/front_dead.msa	d:/ymir work/monster2/lemures_magic/front_dead.msa	0
metin2_patch_dragon_rock_mobs/ymir work/monster2/lemures_magic/front_knockdown.gr2	d:/ymir work/monster2/lemures_magic/front_knockdown.gr2	0
metin2_patch_dragon_rock_mobs/ymir work/monster2/redthief_magic/back_damage.gr2	d:/ymir work/monster2/redthief_magic/back_damage.gr2	0
metin2_patch_dragon_rock_mobs/ymir work/monster2/lemures_magic/lemures_magic.wdp	d:/ymir work/monster2/lemures_magic/lemures_magic.wdp	0
metin2_patch_dragon_rock_mobs/ymir work/monster2/lemures_magic/lemures_magic.gr2	d:/ymir work/monster2/lemures_magic/lemures_magic.gr2	0
metin2_patch_dragon_rock_mobs/ymir work/monster2/lemures_magic/normal_attack.gr2	d:/ymir work/monster2/lemures_magic/normal_attack.gr2	0
metin2_patch_dragon_rock_mobs/ymir work/monster2/lemures_magic/normal_attack.msa	d:/ymir work/monster2/lemures_magic/normal_attack.msa	0
metin2_patch_dragon_rock_mobs/ymir work/monster2/lemures_magic/normal_attack1.msa	d:/ymir work/monster2/lemures_magic/normal_attack1.msa	0
metin2_patch_dragon_rock_mobs/ymir work/monster2/lemures_magic/run.gr2	d:/ymir work/monster2/lemures_magic/run.gr2	0
metin2_patch_dragon_rock_mobs/ymir work/monster2/lemures_officer/wait1.gr2	d:/ymir work/monster2/lemures_officer/wait1.gr2	0
metin2_patch_dragon_rock_mobs/ymir work/monster2/lemures_magic/run.msa	d:/ymir work/monster2/lemures_magic/run.msa	0
metin2_patch_dragon_rock_mobs/ymir work/monster2/lemures_magic/wait.gr2	d:/ymir work/monster2/lemures_magic/wait.gr2	0
metin2_patch_dragon_rock_mobs/ymir work/monster2/lemures_magic/wait.msa	d:/ymir work/monster2/lemures_magic/wait.msa	0
metin2_patch_dragon_rock_mobs/ymir work/monster2/lemures_magic/wait1.gr2	d:/ymir work/monster2/lemures_magic/wait1.gr2	0
metin2_patch_dragon_rock_mobs/ymir work/monster2/lemures_magic/wait1.msa	d:/ymir work/monster2/lemures_magic/wait1.msa	0
metin2_patch_dragon_rock_mobs/ymir work/monster2/lemures_officer/back_knockdown.msa	d:/ymir work/monster2/lemures_officer/back_knockdown.msa	0
metin2_patch_dragon_rock_mobs/ymir work/monster2/redthief_boss/back_knockdown.msa	d:/ymir work/monster2/redthief_boss/back_knockdown.msa	0
metin2_patch_dragon_rock_mobs/ymir work/monster2/lemures_officer/front_damage.gr2	d:/ymir work/monster2/lemures_officer/front_damage.gr2	0
metin2_patch_dragon_rock_mobs/ymir work/monster2/lemures_officer/front_dead.msa	d:/ymir work/monster2/lemures_officer/front_dead.msa	0
metin2_patch_dragon_rock_mobs/ymir work/monster2/redthief_boss2/back_damage.msa	d:/ymir work/monster2/redthief_boss2/back_damage.msa	0
metin2_patch_dragon_rock_mobs/ymir work/monster2/lemures_officer/front_standup.gr2	d:/ymir work/monster2/lemures_officer/front_standup.gr2	0
metin2_patch_dragon_rock_mobs/ymir work/monster2/lemures_officer/lemures_officer.gr2	d:/ymir work/monster2/lemures_officer/lemures_officer.gr2	0
metin2_patch_dragon_rock_mobs/ymir work/monster2/triton_boss2/wait3.gr2	d:/ymir work/monster2/triton_boss2/wait3.gr2	0
metin2_patch_dragon_rock_mobs/ymir work/monster2/lemures_officer/lemures_officer.msm	d:/ymir work/monster2/lemures_officer/lemures_officer.msm	0
metin2_patch_dragon_rock_mobs/ymir work/monster2/ogre_boss2/front_damage1.msa	d:/ymir work/monster2/ogre_boss2/front_damage1.msa	0
metin2_patch_dragon_rock_mobs/ymir work/monster2/lemures_officer/lemures_officer_weapon.wdp	d:/ymir work/monster2/lemures_officer/lemures_officer_weapon.wdp	0
metin2_patch_dragon_rock_mobs/ymir work/monster2/lemures_officer/motlist.txt	d:/ymir work/monster2/lemures_officer/motlist.txt	0
metin2_patch_dragon_rock_mobs/ymir work/monster2/lemures_officer/normal_attack1.gr2	d:/ymir work/monster2/lemures_officer/normal_attack1.gr2	0
metin2_patch_dragon_rock_mobs/ymir work/monster2/lemures_officer/normal_attack1.msa	d:/ymir work/monster2/lemures_officer/normal_attack1.msa	0
metin2_patch_dragon_rock_mobs/ymir work/monster2/lemures_officer/run.gr2	d:/ymir work/monster2/lemures_officer/run.gr2	0
metin2_patch_dragon_rock_mobs/ymir work/monster2/redthief_boss/normal_attack1.msa	d:/ymir work/monster2/redthief_boss/normal_attack1.msa	0
metin2_patch_dragon_rock_mobs/ymir work/monster2/redthief_boss/back_damage1.gr2	d:/ymir work/monster2/redthief_boss/back_damage1.gr2	0
metin2_patch_dragon_rock_mobs/ymir work/monster2/lemures_officer/run.msa	d:/ymir work/monster2/lemures_officer/run.msa	0
metin2_patch_dragon_rock_mobs/ymir work/monster2/lemures_officer/wait.gr2	d:/ymir work/monster2/lemures_officer/wait.gr2	0
metin2_patch_dragon_rock_mobs/ymir work/monster2/lemures_officer/wait.msa	d:/ymir work/monster2/lemures_officer/wait.msa	0
metin2_patch_dragon_rock_mobs/ymir work/monster2/redthief2_magic/wait.msa	d:/ymir work/monster2/redthief2_magic/wait.msa	0
metin2_patch_dragon_rock_mobs/ymir work/monster2/manticore_soldier/wait2.msa	d:/ymir work/monster2/manticore_soldier/wait2.msa	0
metin2_patch_dragon_rock_mobs/ymir work/monster2/lemures_officer/wait1.msa	d:/ymir work/monster2/lemures_officer/wait1.msa	0
metin2_patch_dragon_rock_mobs/ymir work/monster2/lemures_officer/walk.gr2	d:/ymir work/monster2/lemures_officer/walk.gr2	0
metin2_patch_dragon_rock_mobs/ymir work/monster2/ogre_general/front_dead.msa	d:/ymir work/monster2/ogre_general/front_dead.msa	0
metin2_patch_dragon_rock_mobs/ymir work/monster2/lemures_officer/walk.msa	d:/ymir work/monster2/lemures_officer/walk.msa	0
metin2_patch_dragon_rock_mobs/ymir work/monster2/lemures_soldier/back_damage.gr2	d:/ymir work/monster2/lemures_soldier/back_damage.gr2	0
metin2_patch_dragon_rock_mobs/ymir work/monster2/lemures_soldier/back_knockdown.gr2	d:/ymir work/monster2/lemures_soldier/back_knockdown.gr2	0
metin2_patch_dragon_rock_mobs/ymir work/monster2/lemures_soldier/back_knockdown.msa	d:/ymir work/monster2/lemures_soldier/back_knockdown.msa	0
metin2_patch_dragon_rock_mobs/ymir work/monster2/ogre_boss/wait3.gr2	d:/ymir work/monster2/ogre_boss/wait3.gr2	0
metin2_patch_dragon_rock_mobs/ymir work/monster2/lemures_soldier/front_damage.gr2	d:/ymir work/monster2/lemures_soldier/front_damage.gr2	0
metin2_patch_dragon_rock_mobs/ymir work/monster2/lemures_soldier/front_damage.msa	d:/ymir work/monster2/lemures_soldier/front_damage.msa	0
metin2_patch_dragon_rock_mobs/ymir work/monster2/lemures_soldier/front_dead.gr2	d:/ymir work/monster2/lemures_soldier/front_dead.gr2	0
metin2_patch_dragon_rock_mobs/ymir work/monster2/lemures_soldier/front_dead.msa	d:/ymir work/monster2/lemures_soldier/front_dead.msa	0
metin2_patch_dragon_rock_mobs/ymir work/monster2/lemures_soldier/front_knockdown.gr2	d:/ymir work/monster2/lemures_soldier/front_knockdown.gr2	0
metin2_patch_dragon_rock_mobs/ymir work/monster2/lemures_soldier/front_standup.gr2	d:/ymir work/monster2/lemures_soldier/front_standup.gr2	0
metin2_patch_dragon_rock_mobs/ymir work/monster2/ogre_general/run.msa	d:/ymir work/monster2/ogre_general/run.msa	0
metin2_patch_dragon_rock_mobs/ymir work/monster2/redthief_boss2/back_damage1.gr2	d:/ymir work/monster2/redthief_boss2/back_damage1.gr2	0
metin2_patch_dragon_rock_mobs/ymir work/monster2/lemures_soldier/front_standup.msa	d:/ymir work/monster2/lemures_soldier/front_standup.msa	0
metin2_patch_dragon_rock_mobs/ymir work/monster2/manticore_magic/wait2.gr2	d:/ymir work/monster2/manticore_magic/wait2.gr2	0
metin2_patch_dragon_rock_mobs/ymir work/monster2/redthief_officer/redthief_officer.msm	d:/ymir work/monster2/redthief_officer/redthief_officer.msm	0
metin2_patch_dragon_rock_mobs/ymir work/monster2/lemures_soldier/lemures_soldier.wdp	d:/ymir work/monster2/lemures_soldier/lemures_soldier.wdp	0
metin2_patch_dragon_rock_mobs/ymir work/monster2/redthief2_magic/front_damage.msa	d:/ymir work/monster2/redthief2_magic/front_damage.msa	0
metin2_patch_dragon_rock_mobs/ymir work/monster2/lemures_soldier/lemures_soldier.msm	d:/ymir work/monster2/lemures_soldier/lemures_soldier.msm	0
metin2_patch_dragon_rock_mobs/ymir work/monster2/ogre_officer/front_standup.msa	d:/ymir work/monster2/ogre_officer/front_standup.msa	0
metin2_patch_dragon_rock_mobs/ymir work/monster2/lemures_soldier/lemures_soldier_lod_01.gr2	d:/ymir work/monster2/lemures_soldier/lemures_soldier_lod_01.gr2	0
metin2_patch_dragon_rock_mobs/ymir work/monster2/redthief2_bow/normal_attack.msa	d:/ymir work/monster2/redthief2_bow/normal_attack.msa	0
metin2_patch_dragon_rock_mobs/ymir work/monster2/lemures_soldier/normal_attack.gr2	d:/ymir work/monster2/lemures_soldier/normal_attack.gr2	0
metin2_patch_dragon_rock_mobs/ymir work/monster2/ogre_officer/ogre_officer_lod_01.gr2	d:/ymir work/monster2/ogre_officer/ogre_officer_lod_01.gr2	0
metin2_patch_dragon_rock_mobs/ymir work/monster2/redthief_magic/redthief_magic_weapon.wdp	d:/ymir work/monster2/redthief_magic/redthief_magic_weapon.wdp	0
metin2_patch_dragon_rock_mobs/ymir work/monster2/lemures_soldier/normal_attack1.msa	d:/ymir work/monster2/lemures_soldier/normal_attack1.msa	0
metin2_patch_dragon_rock_mobs/ymir work/monster2/ogre_boss/back_damage.gr2	d:/ymir work/monster2/ogre_boss/back_damage.gr2	0
metin2_patch_dragon_rock_mobs/ymir work/monster2/lemures_soldier/run.msa	d:/ymir work/monster2/lemures_soldier/run.msa	0
metin2_patch_dragon_rock_mobs/ymir work/monster2/lemures_soldier/wait.gr2	d:/ymir work/monster2/lemures_soldier/wait.gr2	0
metin2_patch_dragon_rock_mobs/ymir work/monster2/ogre_soldier/front_knockdown.gr2	d:/ymir work/monster2/ogre_soldier/front_knockdown.gr2	0
metin2_patch_dragon_rock_mobs/ymir work/monster2/lemures_soldier/wait1.gr2	d:/ymir work/monster2/lemures_soldier/wait1.gr2	0
metin2_patch_dragon_rock_mobs/ymir work/monster2/lemures_soldier/walk.gr2	d:/ymir work/monster2/lemures_soldier/walk.gr2	0
metin2_patch_dragon_rock_mobs/ymir work/monster2/lemures_soldier/walk.msa	d:/ymir work/monster2/lemures_soldier/walk.msa	0
metin2_patch_dragon_rock_mobs/ymir work/monster2/lemures_soldier2/back_damage.gr2	d:/ymir work/monster2/lemures_soldier2/back_damage.gr2	0
metin2_patch_dragon_rock_mobs/ymir work/monster2/lemures_soldier2/back_damage.msa	d:/ymir work/monster2/lemures_soldier2/back_damage.msa	0
metin2_patch_dragon_rock_mobs/ymir work/monster2/lemures_soldier2/back_knockdown.gr2	d:/ymir work/monster2/lemures_soldier2/back_knockdown.gr2	0
metin2_patch_dragon_rock_mobs/ymir work/monster2/lemures_soldier2/back_knockdown.msa	d:/ymir work/monster2/lemures_soldier2/back_knockdown.msa	0
metin2_patch_dragon_rock_mobs/ymir work/monster2/manticore_boss/back_knockdown.msa	d:/ymir work/monster2/manticore_boss/back_knockdown.msa	0
metin2_patch_dragon_rock_mobs/ymir work/monster2/ogre_boss/wait1.gr2	d:/ymir work/monster2/ogre_boss/wait1.gr2	0
metin2_patch_dragon_rock_mobs/ymir work/monster2/lemures_soldier2/front_damage.gr2	d:/ymir work/monster2/lemures_soldier2/front_damage.gr2	0
metin2_patch_dragon_rock_mobs/ymir work/monster2/manticore_soldier/motlist.txt	d:/ymir work/monster2/manticore_soldier/motlist.txt	0
metin2_patch_dragon_rock_mobs/ymir work/monster2/lemures_soldier2/front_damage.msa	d:/ymir work/monster2/lemures_soldier2/front_damage.msa	0
metin2_patch_dragon_rock_mobs/ymir work/monster2/lemures_soldier2/front_dead.gr2	d:/ymir work/monster2/lemures_soldier2/front_dead.gr2	0
metin2_patch_dragon_rock_mobs/ymir work/monster2/lemures_soldier2/front_knockdown.msa	d:/ymir work/monster2/lemures_soldier2/front_knockdown.msa	0
metin2_patch_dragon_rock_mobs/ymir work/monster2/manticore_boss/back_damage1.msa	d:/ymir work/monster2/manticore_boss/back_damage1.msa	0
metin2_patch_dragon_rock_mobs/ymir work/monster2/lemures_soldier2/front_standup.gr2	d:/ymir work/monster2/lemures_soldier2/front_standup.gr2	0
metin2_patch_dragon_rock_mobs/ymir work/monster2/ogre_boss/front_damage.msa	d:/ymir work/monster2/ogre_boss/front_damage.msa	0
metin2_patch_dragon_rock_mobs/ymir work/monster2/redthief_general/back_knockdown.msa	d:/ymir work/monster2/redthief_general/back_knockdown.msa	0
metin2_patch_dragon_rock_mobs/ymir work/monster2/manticore_soldier2/motlist.txt	d:/ymir work/monster2/manticore_soldier2/motlist.txt	0
metin2_patch_dragon_rock_mobs/ymir work/monster2/lemures_soldier2/lemures_soldier2_weapon.wdp	d:/ymir work/monster2/lemures_soldier2/lemures_soldier2_weapon.wdp	0
metin2_patch_dragon_rock_mobs/ymir work/monster2/ogre_bow/motlist.txt	d:/ymir work/monster2/ogre_bow/motlist.txt	0
metin2_patch_dragon_rock_mobs/ymir work/monster2/triton_boss2/back_damage.gr2	d:/ymir work/monster2/triton_boss2/back_damage.gr2	0
metin2_patch_dragon_rock_mobs/ymir work/monster2/lemures_soldier2/normal_attack.gr2	d:/ymir work/monster2/lemures_soldier2/normal_attack.gr2	0
metin2_patch_dragon_rock_mobs/ymir work/monster2/redthief2_bow/back_damage.msa	d:/ymir work/monster2/redthief2_bow/back_damage.msa	0
metin2_patch_dragon_rock_mobs/ymir work/monster2/lemures_soldier2/run.msa	d:/ymir work/monster2/lemures_soldier2/run.msa	0
metin2_patch_dragon_rock_mobs/ymir work/monster2/lemures_soldier2/wait.gr2	d:/ymir work/monster2/lemures_soldier2/wait.gr2	0
metin2_patch_dragon_rock_mobs/ymir work/monster2/lemures_soldier2/wait.msa	d:/ymir work/monster2/lemures_soldier2/wait.msa	0
metin2_patch_dragon_rock_mobs/ymir work/monster2/lemures_soldier2/wait1.msa	d:/ymir work/monster2/lemures_soldier2/wait1.msa	0
metin2_patch_dragon_rock_mobs/ymir work/monster2/triton_boss/front_standup.gr2	d:/ymir work/monster2/triton_boss/front_standup.gr2	0
metin2_patch_dragon_rock_mobs/ymir work/monster2/redthief2_general/normal_attack1.msa	d:/ymir work/monster2/redthief2_general/normal_attack1.msa	0
metin2_patch_dragon_rock_mobs/ymir work/monster2/lemures_soldier2/walk.gr2	d:/ymir work/monster2/lemures_soldier2/walk.gr2	0
metin2_patch_dragon_rock_mobs/ymir work/monster2/manticore_boss/back_damage1.gr2	d:/ymir work/monster2/manticore_boss/back_damage1.gr2	0
metin2_patch_dragon_rock_mobs/ymir work/monster2/manticore_boss/back_knockdown.gr2	d:/ymir work/monster2/manticore_boss/back_knockdown.gr2	0
metin2_patch_dragon_rock_mobs/ymir work/monster2/manticore_boss/front_damage1.msa	d:/ymir work/monster2/manticore_boss/front_damage1.msa	0
metin2_patch_dragon_rock_mobs/ymir work/monster2/manticore_boss/front_dead.msa	d:/ymir work/monster2/manticore_boss/front_dead.msa	0
metin2_patch_dragon_rock_mobs/ymir work/monster2/manticore_boss/front_knockdown.msa	d:/ymir work/monster2/manticore_boss/front_knockdown.msa	0
metin2_patch_dragon_rock_mobs/ymir work/monster2/manticore_boss/manticore_boss_lod_01.gr2	d:/ymir work/monster2/manticore_boss/manticore_boss_lod_01.gr2	0
metin2_patch_dragon_rock_mobs/ymir work/effect/monster2/impact4.mse	d:/ymir work/effect/monster2/impact4.mse	0
metin2_patch_dragon_rock_mobs/ymir work/monster2/manticore_boss/normal_attack.gr2	d:/ymir work/monster2/manticore_boss/normal_attack.gr2	0
metin2_patch_dragon_rock_mobs/ymir work/monster2/redthief2_general/redthief2_general_lod_01.gr2	d:/ymir work/monster2/redthief2_general/redthief2_general_lod_01.gr2	0
metin2_patch_dragon_rock_mobs/ymir work/monster2/redthief2_soldier2/front_knockdown.msa	d:/ymir work/monster2/redthief2_soldier2/front_knockdown.msa	0
metin2_patch_dragon_rock_mobs/ymir work/monster2/manticore_boss/normal_attack1.msa	d:/ymir work/monster2/manticore_boss/normal_attack1.msa	0
metin2_patch_dragon_rock_mobs/ymir work/monster2/manticore_boss/special_attack.gr2	d:/ymir work/monster2/manticore_boss/special_attack.gr2	0
metin2_patch_dragon_rock_mobs/ymir work/monster2/redthief_general/normal_attack.msa	d:/ymir work/monster2/redthief_general/normal_attack.msa	0
metin2_patch_dragon_rock_mobs/ymir work/monster2/manticore_boss/wait.gr2	d:/ymir work/monster2/manticore_boss/wait.gr2	0
metin2_patch_dragon_rock_mobs/ymir work/monster2/manticore_boss/wait1.gr2	d:/ymir work/monster2/manticore_boss/wait1.gr2	0
metin2_patch_dragon_rock_mobs/ymir work/monster2/manticore_boss/wait1.msa	d:/ymir work/monster2/manticore_boss/wait1.msa	0
metin2_patch_dragon_rock_mobs/ymir work/monster2/redthief_soldier2/run.msa	d:/ymir work/monster2/redthief_soldier2/run.msa	0
metin2_patch_dragon_rock_mobs/ymir work/monster2/manticore_boss/wait2.msa	d:/ymir work/monster2/manticore_boss/wait2.msa	0
metin2_patch_dragon_rock_mobs/ymir work/monster2/triton_boss2/front_damage.msa	d:/ymir work/monster2/triton_boss2/front_damage.msa	0
metin2_patch_dragon_rock_mobs/ymir work/monster2/manticore_boss/wait3.gr2	d:/ymir work/monster2/manticore_boss/wait3.gr2	0
metin2_patch_dragon_rock_mobs/ymir work/monster2/manticore_boss/wait3.msa	d:/ymir work/monster2/manticore_boss/wait3.msa	0
metin2_patch_dragon_rock_mobs/ymir work/monster2/ogre_bow/normal_attack.msa	d:/ymir work/monster2/ogre_bow/normal_attack.msa	0
metin2_patch_dragon_rock_mobs/ymir work/monster2/manticore_boss/walk.gr2	d:/ymir work/monster2/manticore_boss/walk.gr2	0
metin2_patch_dragon_rock_mobs/ymir work/monster2/manticore_boss/walk.msa	d:/ymir work/monster2/manticore_boss/walk.msa	0
metin2_patch_dragon_rock_mobs/ymir work/monster2/manticore_boss2/back_damage.gr2	d:/ymir work/monster2/manticore_boss2/back_damage.gr2	0
metin2_patch_dragon_rock_mobs/ymir work/monster2/manticore_soldier2/normal_attack1.msa	d:/ymir work/monster2/manticore_soldier2/normal_attack1.msa	0
metin2_patch_dragon_rock_mobs/ymir work/monster2/manticore_boss2/front_knockdown.gr2	d:/ymir work/monster2/manticore_boss2/front_knockdown.gr2	0
metin2_patch_dragon_rock_mobs/ymir work/monster2/triton_officer/normal_attack.gr2	d:/ymir work/monster2/triton_officer/normal_attack.gr2	0
metin2_patch_dragon_rock_mobs/ymir work/monster2/manticore_boss2/back_damage1.gr2	d:/ymir work/monster2/manticore_boss2/back_damage1.gr2	0
metin2_patch_dragon_rock_mobs/ymir work/monster2/manticore_boss2/back_damage1.msa	d:/ymir work/monster2/manticore_boss2/back_damage1.msa	0
metin2_patch_dragon_rock_mobs/ymir work/monster2/redthief2_general/wait2.msa	d:/ymir work/monster2/redthief2_general/wait2.msa	0
metin2_patch_dragon_rock_mobs/ymir work/monster2/manticore_boss2/back_knockdown.gr2	d:/ymir work/monster2/manticore_boss2/back_knockdown.gr2	0
metin2_patch_dragon_rock_mobs/ymir work/monster2/manticore_boss2/back_knockdown.msa	d:/ymir work/monster2/manticore_boss2/back_knockdown.msa	0
metin2_patch_dragon_rock_mobs/ymir work/monster2/manticore_boss2/front_damage.gr2	d:/ymir work/monster2/manticore_boss2/front_damage.gr2	0
metin2_patch_dragon_rock_mobs/ymir work/monster2/redthief_boss2/wait1.msa	d:/ymir work/monster2/redthief_boss2/wait1.msa	0
metin2_patch_dragon_rock_mobs/ymir work/monster2/manticore_boss2/front_damage.msa	d:/ymir work/monster2/manticore_boss2/front_damage.msa	0
metin2_patch_dragon_rock_mobs/ymir work/monster2/manticore_boss2/front_damage1.gr2	d:/ymir work/monster2/manticore_boss2/front_damage1.gr2	0
metin2_patch_dragon_rock_mobs/ymir work/monster2/manticore_boss2/front_damage1.msa	d:/ymir work/monster2/manticore_boss2/front_damage1.msa	0
metin2_patch_dragon_rock_mobs/ymir work/monster2/manticore_boss2/front_dead.msa	d:/ymir work/monster2/manticore_boss2/front_dead.msa	0
metin2_patch_dragon_rock_mobs/ymir work/monster2/manticore_boss2/front_standup.msa	d:/ymir work/monster2/manticore_boss2/front_standup.msa	0
metin2_patch_dragon_rock_mobs/ymir work/monster2/redthief_boss2/normal_attack1.msa	d:/ymir work/monster2/redthief_boss2/normal_attack1.msa	0
metin2_patch_dragon_rock_mobs/ymir work/monster2/redthief_officer/front_knockdown.gr2	d:/ymir work/monster2/redthief_officer/front_knockdown.gr2	0
metin2_patch_dragon_rock_mobs/ymir work/monster2/manticore_soldier2/manticore_soldier2_lod_01.gr2	d:/ymir work/monster2/manticore_soldier2/manticore_soldier2_lod_01.gr2	0
metin2_patch_dragon_rock_mobs/ymir work/monster2/triton_boss2/special_attack1.msa	d:/ymir work/monster2/triton_boss2/special_attack1.msa	0
metin2_patch_dragon_rock_mobs/ymir work/monster2/manticore_boss2/manticore_boss2.msm	d:/ymir work/monster2/manticore_boss2/manticore_boss2.msm	0
metin2_patch_dragon_rock_mobs/ymir work/monster2/manticore_boss2/manticore_boss2_weapon.wdp	d:/ymir work/monster2/manticore_boss2/manticore_boss2_weapon.wdp	0
metin2_patch_dragon_rock_mobs/ymir work/monster2/manticore_boss2/normal_attack.gr2	d:/ymir work/monster2/manticore_boss2/normal_attack.gr2	0
metin2_patch_dragon_rock_mobs/ymir work/monster2/manticore_boss2/normal_attack1.gr2	d:/ymir work/monster2/manticore_boss2/normal_attack1.gr2	0
metin2_patch_dragon_rock_mobs/ymir work/monster2/manticore_boss2/run.msa	d:/ymir work/monster2/manticore_boss2/run.msa	0
metin2_patch_dragon_rock_mobs/ymir work/monster2/redthief2_boss/redthief2_boss.msm	d:/ymir work/monster2/redthief2_boss/redthief2_boss.msm	0
metin2_patch_dragon_rock_mobs/ymir work/monster2/manticore_boss2/special_attack.gr2	d:/ymir work/monster2/manticore_boss2/special_attack.gr2	0
metin2_patch_dragon_rock_mobs/ymir work/monster2/manticore_boss2/special_attack.msa	d:/ymir work/monster2/manticore_boss2/special_attack.msa	0
metin2_patch_dragon_rock_mobs/ymir work/monster2/ogre_general/ogre_general_lod_01.gr2	d:/ymir work/monster2/ogre_general/ogre_general_lod_01.gr2	0
metin2_patch_dragon_rock_mobs/ymir work/monster2/manticore_boss2/special_attack1.msa	d:/ymir work/monster2/manticore_boss2/special_attack1.msa	0
metin2_patch_dragon_rock_mobs/ymir work/monster2/manticore_boss2/wait.gr2	d:/ymir work/monster2/manticore_boss2/wait.gr2	0
metin2_patch_dragon_rock_mobs/ymir work/monster2/manticore_boss2/wait.msa	d:/ymir work/monster2/manticore_boss2/wait.msa	0
metin2_patch_dragon_rock_mobs/ymir work/monster2/triton_general/front_standup.msa	d:/ymir work/monster2/triton_general/front_standup.msa	0
metin2_patch_dragon_rock_mobs/ymir work/monster2/redthief2_bow/walk.msa	d:/ymir work/monster2/redthief2_bow/walk.msa	0
metin2_patch_dragon_rock_mobs/ymir work/monster2/manticore_boss2/wait1.gr2	d:/ymir work/monster2/manticore_boss2/wait1.gr2	0
metin2_patch_dragon_rock_mobs/ymir work/monster2/manticore_boss2/wait2.gr2	d:/ymir work/monster2/manticore_boss2/wait2.gr2	0
metin2_patch_dragon_rock_mobs/ymir work/monster2/manticore_boss2/wait2.msa	d:/ymir work/monster2/manticore_boss2/wait2.msa	0
metin2_patch_dragon_rock_mobs/ymir work/monster2/manticore_boss2/wait3.gr2	d:/ymir work/monster2/manticore_boss2/wait3.gr2	0
metin2_patch_dragon_rock_mobs/ymir work/monster2/manticore_boss2/wait3.msa	d:/ymir work/monster2/manticore_boss2/wait3.msa	0
metin2_patch_dragon_rock_mobs/ymir work/monster2/manticore_boss2/walk.gr2	d:/ymir work/monster2/manticore_boss2/walk.gr2	0
metin2_patch_dragon_rock_mobs/ymir work/monster2/manticore_boss2/walk.msa	d:/ymir work/monster2/manticore_boss2/walk.msa	0
metin2_patch_dragon_rock_mobs/ymir work/monster2/manticore_general/back_damage.gr2	d:/ymir work/monster2/manticore_general/back_damage.gr2	0
metin2_patch_dragon_rock_mobs/ymir work/monster2/redthief_boss2/back_damage.gr2	d:/ymir work/monster2/redthief_boss2/back_damage.gr2	0
metin2_patch_dragon_rock_mobs/ymir work/monster2/manticore_magic/back_knockdown.gr2	d:/ymir work/monster2/manticore_magic/back_knockdown.gr2	0
metin2_patch_dragon_rock_mobs/ymir work/monster2/manticore_general/back_damage.msa	d:/ymir work/monster2/manticore_general/back_damage.msa	0
metin2_patch_dragon_rock_mobs/ymir work/monster2/manticore_general/back_knockdown.gr2	d:/ymir work/monster2/manticore_general/back_knockdown.gr2	0
metin2_patch_dragon_rock_mobs/ymir work/monster2/redthief_boss2/redthief_boss2.msm	d:/ymir work/monster2/redthief_boss2/redthief_boss2.msm	0
metin2_patch_dragon_rock_mobs/ymir work/monster2/manticore_general/front_damage.gr2	d:/ymir work/monster2/manticore_general/front_damage.gr2	0
metin2_patch_dragon_rock_mobs/ymir work/monster2/triton_officer/motlist.txt	d:/ymir work/monster2/triton_officer/motlist.txt	0
metin2_patch_dragon_rock_mobs/ymir work/monster2/manticore_general/front_dead.gr2	d:/ymir work/monster2/manticore_general/front_dead.gr2	0
metin2_patch_dragon_rock_mobs/ymir work/monster2/triton_magic/wait.gr2	d:/ymir work/monster2/triton_magic/wait.gr2	0
metin2_patch_dragon_rock_mobs/ymir work/monster2/manticore_general/front_dead.msa	d:/ymir work/monster2/manticore_general/front_dead.msa	0
metin2_patch_dragon_rock_mobs/ymir work/monster2/redthief_boss/wait2.msa	d:/ymir work/monster2/redthief_boss/wait2.msa	0
metin2_patch_dragon_rock_mobs/ymir work/monster2/manticore_general/manticore_general.gr2	d:/ymir work/monster2/manticore_general/manticore_general.gr2	0
metin2_patch_dragon_rock_mobs/ymir work/monster2/manticore_general/motlist.txt	d:/ymir work/monster2/manticore_general/motlist.txt	0
metin2_patch_dragon_rock_mobs/ymir work/monster2/manticore_general/normal_attack.msa	d:/ymir work/monster2/manticore_general/normal_attack.msa	0
metin2_patch_dragon_rock_mobs/ymir work/monster2/manticore_general/normal_attack1.gr2	d:/ymir work/monster2/manticore_general/normal_attack1.gr2	0
metin2_patch_dragon_rock_mobs/ymir work/monster2/manticore_general/normal_attack1.msa	d:/ymir work/monster2/manticore_general/normal_attack1.msa	0
metin2_patch_dragon_rock_mobs/ymir work/monster2/manticore_general/run.gr2	d:/ymir work/monster2/manticore_general/run.gr2	0
metin2_patch_dragon_rock_mobs/ymir work/monster2/redthief_magic/run.gr2	d:/ymir work/monster2/redthief_magic/run.gr2	0
metin2_patch_dragon_rock_mobs/ymir work/monster2/ogre_boss/back_damage.msa	d:/ymir work/monster2/ogre_boss/back_damage.msa	0
metin2_patch_dragon_rock_mobs/ymir work/monster2/manticore_general/run.msa	d:/ymir work/monster2/manticore_general/run.msa	0
metin2_patch_dragon_rock_mobs/ymir work/effect/monster2/boom1.wdp	d:/ymir work/effect/monster2/boom1.wdp	0
metin2_patch_dragon_rock_mobs/ymir work/monster2/manticore_general/wait.gr2	d:/ymir work/monster2/manticore_general/wait.gr2	0
metin2_patch_dragon_rock_mobs/ymir work/monster2/triton_boss/special_attack.msa	d:/ymir work/monster2/triton_boss/special_attack.msa	0
metin2_patch_dragon_rock_mobs/ymir work/monster2/redthief_soldier2/wait.gr2	d:/ymir work/monster2/redthief_soldier2/wait.gr2	0
metin2_patch_dragon_rock_mobs/ymir work/monster2/manticore_general/wait.msa	d:/ymir work/monster2/manticore_general/wait.msa	0
metin2_patch_dragon_rock_mobs/ymir work/monster2/manticore_general/wait1.msa	d:/ymir work/monster2/manticore_general/wait1.msa	0
metin2_patch_dragon_rock_mobs/ymir work/monster2/redthief2_officer/wait2.msa	d:/ymir work/monster2/redthief2_officer/wait2.msa	0
metin2_patch_dragon_rock_mobs/ymir work/monster2/manticore_general/wait2.gr2	d:/ymir work/monster2/manticore_general/wait2.gr2	0
metin2_patch_dragon_rock_mobs/ymir work/monster2/ogre_boss2/back_knockdown.msa	d:/ymir work/monster2/ogre_boss2/back_knockdown.msa	0
metin2_patch_dragon_rock_mobs/ymir work/monster2/manticore_general/wait2.msa	d:/ymir work/monster2/manticore_general/wait2.msa	0
metin2_patch_dragon_rock_mobs/ymir work/monster2/manticore_general/walk.msa	d:/ymir work/monster2/manticore_general/walk.msa	0
metin2_patch_dragon_rock_mobs/ymir work/monster2/manticore_magic/back_damage.gr2	d:/ymir work/monster2/manticore_magic/back_damage.gr2	0
metin2_patch_dragon_rock_mobs/ymir work/monster2/manticore_magic/back_damage.msa	d:/ymir work/monster2/manticore_magic/back_damage.msa	0
metin2_patch_dragon_rock_mobs/ymir work/monster2/redthief_boss2/run.gr2	d:/ymir work/monster2/redthief_boss2/run.gr2	0
metin2_patch_dragon_rock_mobs/ymir work/monster2/manticore_magic/front_damage.gr2	d:/ymir work/monster2/manticore_magic/front_damage.gr2	0
metin2_patch_dragon_rock_mobs/ymir work/monster2/ogre_boss2/run.gr2	d:/ymir work/monster2/ogre_boss2/run.gr2	0
metin2_patch_dragon_rock_mobs/ymir work/monster2/manticore_magic/front_dead.gr2	d:/ymir work/monster2/manticore_magic/front_dead.gr2	0
metin2_patch_dragon_rock_mobs/ymir work/monster2/manticore_magic/normal_attack1.msa	d:/ymir work/monster2/manticore_magic/normal_attack1.msa	0
metin2_patch_dragon_rock_mobs/ymir work/monster2/manticore_magic/front_knockdown.gr2	d:/ymir work/monster2/manticore_magic/front_knockdown.gr2	0
metin2_patch_dragon_rock_mobs/ymir work/monster2/manticore_magic/front_knockdown.msa	d:/ymir work/monster2/manticore_magic/front_knockdown.msa	0
metin2_patch_dragon_rock_mobs/ymir work/monster2/manticore_magic/manticore_magic.gr2	d:/ymir work/monster2/manticore_magic/manticore_magic.gr2	0
metin2_patch_dragon_rock_mobs/ymir work/monster2/ogre_boss/motlist.txt	d:/ymir work/monster2/ogre_boss/motlist.txt	0
metin2_patch_dragon_rock_mobs/ymir work/monster2/manticore_magic/manticore_magic_2.wdp	d:/ymir work/monster2/manticore_magic/manticore_magic_2.wdp	0
metin2_patch_dragon_rock_mobs/ymir work/monster2/manticore_magic/manticore_magic_lod_01.gr2	d:/ymir work/monster2/manticore_magic/manticore_magic_lod_01.gr2	0
metin2_patch_dragon_rock_mobs/ymir work/monster2/manticore_magic/manticore_magic_weapon.wdp	d:/ymir work/monster2/manticore_magic/manticore_magic_weapon.wdp	0
metin2_patch_dragon_rock_mobs/ymir work/monster2/ogre_soldier/back_knockdown.gr2	d:/ymir work/monster2/ogre_soldier/back_knockdown.gr2	0
metin2_patch_dragon_rock_mobs/ymir work/monster2/redthief_officer/wait2.msa	d:/ymir work/monster2/redthief_officer/wait2.msa	0
metin2_patch_dragon_rock_mobs/ymir work/monster2/manticore_magic/normal_attack.gr2	d:/ymir work/monster2/manticore_magic/normal_attack.gr2	0
metin2_patch_dragon_rock_mobs/ymir work/monster2/manticore_magic/normal_attack.msa	d:/ymir work/monster2/manticore_magic/normal_attack.msa	0
metin2_patch_dragon_rock_mobs/ymir work/monster2/manticore_magic/run.gr2	d:/ymir work/monster2/manticore_magic/run.gr2	0
metin2_patch_dragon_rock_mobs/ymir work/monster2/redthief2_boss2/front_dead.msa	d:/ymir work/monster2/redthief2_boss2/front_dead.msa	0
metin2_patch_dragon_rock_mobs/ymir work/monster2/manticore_magic/run.msa	d:/ymir work/monster2/manticore_magic/run.msa	0
metin2_patch_dragon_rock_mobs/ymir work/monster2/ogre_soldier/wait1.msa	d:/ymir work/monster2/ogre_soldier/wait1.msa	0
metin2_patch_dragon_rock_mobs/ymir work/monster2/manticore_soldier/back_damage.gr2	d:/ymir work/monster2/manticore_soldier/back_damage.gr2	0
metin2_patch_dragon_rock_mobs/ymir work/monster2/manticore_magic/wait.gr2	d:/ymir work/monster2/manticore_magic/wait.gr2	0
metin2_patch_dragon_rock_mobs/ymir work/monster2/triton_soldier2/wait1.msa	d:/ymir work/monster2/triton_soldier2/wait1.msa	0
metin2_patch_dragon_rock_mobs/ymir work/monster2/ogre_boss2/normal_attack.msa	d:/ymir work/monster2/ogre_boss2/normal_attack.msa	0
metin2_patch_dragon_rock_mobs/ymir work/monster2/manticore_magic/wait1.msa	d:/ymir work/monster2/manticore_magic/wait1.msa	0
metin2_patch_dragon_rock_mobs/ymir work/monster2/manticore_magic/wait2.msa	d:/ymir work/monster2/manticore_magic/wait2.msa	0
metin2_patch_dragon_rock_mobs/ymir work/monster2/manticore_magic/walk.gr2	d:/ymir work/monster2/manticore_magic/walk.gr2	0
metin2_patch_dragon_rock_mobs/ymir work/monster2/manticore_officer/back_knockdown.gr2	d:/ymir work/monster2/manticore_officer/back_knockdown.gr2	0
metin2_patch_dragon_rock_mobs/ymir work/monster2/manticore_officer/back_knockdown.msa	d:/ymir work/monster2/manticore_officer/back_knockdown.msa	0
metin2_patch_dragon_rock_mobs/ymir work/monster2/manticore_officer/front_damage.gr2	d:/ymir work/monster2/manticore_officer/front_damage.gr2	0
metin2_patch_dragon_rock_mobs/ymir work/effect/monster2/tornado_poison1.mse	d:/ymir work/effect/monster2/tornado_poison1.mse	0
metin2_patch_dragon_rock_mobs/ymir work/monster2/manticore_officer/front_damage.msa	d:/ymir work/monster2/manticore_officer/front_damage.msa	0
metin2_patch_dragon_rock_mobs/ymir work/monster2/manticore_officer/front_dead.gr2	d:/ymir work/monster2/manticore_officer/front_dead.gr2	0
metin2_patch_dragon_rock_mobs/ymir work/monster2/manticore_officer/front_knockdown.gr2	d:/ymir work/monster2/manticore_officer/front_knockdown.gr2	0
metin2_patch_dragon_rock_mobs/ymir work/monster2/manticore_officer/front_knockdown.msa	d:/ymir work/monster2/manticore_officer/front_knockdown.msa	0
metin2_patch_dragon_rock_mobs/ymir work/monster2/ogre_general/back_knockdown.gr2	d:/ymir work/monster2/ogre_general/back_knockdown.gr2	0
metin2_patch_dragon_rock_mobs/ymir work/monster2/manticore_officer/front_standup.gr2	d:/ymir work/monster2/manticore_officer/front_standup.gr2	0
metin2_patch_dragon_rock_mobs/ymir work/monster2/redthief2_bow/run.msa	d:/ymir work/monster2/redthief2_bow/run.msa	0
metin2_patch_dragon_rock_mobs/ymir work/monster2/manticore_officer/front_standup.msa	d:/ymir work/monster2/manticore_officer/front_standup.msa	0
metin2_patch_dragon_rock_mobs/ymir work/monster2/manticore_officer/manticore_officer.wdp	d:/ymir work/monster2/manticore_officer/manticore_officer.wdp	0
metin2_patch_dragon_rock_mobs/ymir work/monster2/manticore_officer/wait1.msa	d:/ymir work/monster2/manticore_officer/wait1.msa	0
metin2_patch_dragon_rock_mobs/ymir work/monster2/manticore_officer/manticore_officer.msm	d:/ymir work/monster2/manticore_officer/manticore_officer.msm	0
metin2_patch_dragon_rock_mobs/ymir work/monster2/manticore_officer/manticore_officer_lod_01.gr2	d:/ymir work/monster2/manticore_officer/manticore_officer_lod_01.gr2	0
metin2_patch_dragon_rock_mobs/ymir work/monster2/manticore_soldier/front_damage.gr2	d:/ymir work/monster2/manticore_soldier/front_damage.gr2	0
metin2_patch_dragon_rock_mobs/ymir work/monster2/redthief2_bow/front_dead.msa	d:/ymir work/monster2/redthief2_bow/front_dead.msa	0
metin2_patch_dragon_rock_mobs/ymir work/monster2/redthief2_soldier2/normal_attack.msa	d:/ymir work/monster2/redthief2_soldier2/normal_attack.msa	0
metin2_patch_dragon_rock_mobs/ymir work/monster2/manticore_officer/motlist.txt	d:/ymir work/monster2/manticore_officer/motlist.txt	0
metin2_patch_dragon_rock_mobs/ymir work/monster2/triton_boss/wait1.msa	d:/ymir work/monster2/triton_boss/wait1.msa	0
metin2_patch_dragon_rock_mobs/ymir work/monster2/redthief2_boss2/wait2.msa	d:/ymir work/monster2/redthief2_boss2/wait2.msa	0
metin2_patch_dragon_rock_mobs/ymir work/monster2/manticore_officer/normal_attack.gr2	d:/ymir work/monster2/manticore_officer/normal_attack.gr2	0
metin2_patch_dragon_rock_mobs/ymir work/monster2/manticore_officer/run.msa	d:/ymir work/monster2/manticore_officer/run.msa	0
metin2_patch_dragon_rock_mobs/ymir work/monster2/manticore_officer/wait.gr2	d:/ymir work/monster2/manticore_officer/wait.gr2	0
metin2_patch_dragon_rock_mobs/ymir work/monster2/ogre_soldier/normal_attack1.gr2	d:/ymir work/monster2/ogre_soldier/normal_attack1.gr2	0
metin2_patch_dragon_rock_mobs/ymir work/monster2/manticore_officer/wait1.gr2	d:/ymir work/monster2/manticore_officer/wait1.gr2	0
metin2_patch_dragon_rock_mobs/ymir work/monster2/triton_soldier/wait.msa	d:/ymir work/monster2/triton_soldier/wait.msa	0
metin2_patch_dragon_rock_mobs/ymir work/monster2/manticore_officer/walk.gr2	d:/ymir work/monster2/manticore_officer/walk.gr2	0
metin2_patch_dragon_rock_mobs/ymir work/monster2/manticore_officer/walk.msa	d:/ymir work/monster2/manticore_officer/walk.msa	0
metin2_patch_dragon_rock_mobs/ymir work/monster2/redthief_officer/motlist.txt	d:/ymir work/monster2/redthief_officer/motlist.txt	0
metin2_patch_dragon_rock_mobs/ymir work/monster2/manticore_soldier/back_knockdown.gr2	d:/ymir work/monster2/manticore_soldier/back_knockdown.gr2	0
metin2_patch_dragon_rock_mobs/ymir work/monster2/manticore_soldier/back_knockdown.msa	d:/ymir work/monster2/manticore_soldier/back_knockdown.msa	0
metin2_patch_dragon_rock_mobs/ymir work/monster2/manticore_soldier/front_knockdown.gr2	d:/ymir work/monster2/manticore_soldier/front_knockdown.gr2	0
metin2_patch_dragon_rock_mobs/ymir work/monster2/manticore_soldier/front_knockdown.msa	d:/ymir work/monster2/manticore_soldier/front_knockdown.msa	0
metin2_patch_dragon_rock_mobs/ymir work/monster2/manticore_soldier/front_standup.gr2	d:/ymir work/monster2/manticore_soldier/front_standup.gr2	0
metin2_patch_dragon_rock_mobs/ymir work/monster2/manticore_soldier/front_standup.msa	d:/ymir work/monster2/manticore_soldier/front_standup.msa	0
metin2_patch_dragon_rock_mobs/ymir work/monster2/manticore_soldier/manticore_soldier.msm	d:/ymir work/monster2/manticore_soldier/manticore_soldier.msm	0
metin2_patch_dragon_rock_mobs/ymir work/monster2/manticore_soldier/normal_attack1.msa	d:/ymir work/monster2/manticore_soldier/normal_attack1.msa	0
metin2_patch_dragon_rock_mobs/ymir work/monster2/manticore_soldier/run.gr2	d:/ymir work/monster2/manticore_soldier/run.gr2	0
metin2_patch_dragon_rock_mobs/ymir work/monster2/ogre_bow/back_knockdown.msa	d:/ymir work/monster2/ogre_bow/back_knockdown.msa	0
metin2_patch_dragon_rock_mobs/ymir work/monster2/manticore_soldier/wait.gr2	d:/ymir work/monster2/manticore_soldier/wait.gr2	0
metin2_patch_dragon_rock_mobs/ymir work/monster2/manticore_soldier/wait.msa	d:/ymir work/monster2/manticore_soldier/wait.msa	0
metin2_patch_dragon_rock_mobs/ymir work/monster2/redthief_bow/front_dead.msa	d:/ymir work/monster2/redthief_bow/front_dead.msa	0
metin2_patch_dragon_rock_mobs/ymir work/monster2/redthief2_boss/front_standup.msa	d:/ymir work/monster2/redthief2_boss/front_standup.msa	0
metin2_patch_dragon_rock_mobs/ymir work/monster2/manticore_soldier/wait1.gr2	d:/ymir work/monster2/manticore_soldier/wait1.gr2	0
metin2_patch_dragon_rock_mobs/ymir work/monster2/manticore_soldier/walk.msa	d:/ymir work/monster2/manticore_soldier/walk.msa	0
metin2_patch_dragon_rock_mobs/ymir work/monster2/manticore_soldier2/back_damage.gr2	d:/ymir work/monster2/manticore_soldier2/back_damage.gr2	0
metin2_patch_dragon_rock_mobs/ymir work/monster2/manticore_soldier2/back_knockdown.gr2	d:/ymir work/monster2/manticore_soldier2/back_knockdown.gr2	0
metin2_patch_dragon_rock_mobs/ymir work/monster2/manticore_soldier2/back_knockdown.msa	d:/ymir work/monster2/manticore_soldier2/back_knockdown.msa	0
metin2_patch_dragon_rock_mobs/ymir work/monster2/manticore_soldier2/front_damage.msa	d:/ymir work/monster2/manticore_soldier2/front_damage.msa	0
metin2_patch_dragon_rock_mobs/ymir work/monster2/triton_general/walk.msa	d:/ymir work/monster2/triton_general/walk.msa	0
metin2_patch_dragon_rock_mobs/ymir work/monster2/manticore_soldier2/front_dead.msa	d:/ymir work/monster2/manticore_soldier2/front_dead.msa	0
metin2_patch_dragon_rock_mobs/ymir work/monster2/manticore_soldier2/front_knockdown.msa	d:/ymir work/monster2/manticore_soldier2/front_knockdown.msa	0
metin2_patch_dragon_rock_mobs/ymir work/monster2/manticore_soldier2/front_standup.gr2	d:/ymir work/monster2/manticore_soldier2/front_standup.gr2	0
metin2_patch_dragon_rock_mobs/ymir work/monster2/triton_general/front_damage.gr2	d:/ymir work/monster2/triton_general/front_damage.gr2	0
metin2_patch_dragon_rock_mobs/ymir work/monster2/manticore_soldier2/front_standup.msa	d:/ymir work/monster2/manticore_soldier2/front_standup.msa	0
metin2_patch_dragon_rock_mobs/ymir work/monster2/ogre_magic/ogre_magic.gr2	d:/ymir work/monster2/ogre_magic/ogre_magic.gr2	0
metin2_patch_dragon_rock_mobs/ymir work/monster2/manticore_soldier2/manticore_soldier2.msm	d:/ymir work/monster2/manticore_soldier2/manticore_soldier2.msm	0
metin2_patch_dragon_rock_mobs/ymir work/monster2/ogre_boss/special_attack.msa	d:/ymir work/monster2/ogre_boss/special_attack.msa	0
metin2_patch_dragon_rock_mobs/ymir work/monster2/manticore_soldier2/maticore_soldier2_lod_01.gr2	d:/ymir work/monster2/manticore_soldier2/maticore_soldier2_lod_01.gr2	0
metin2_patch_dragon_rock_mobs/ymir work/monster2/redthief_magic/walk.msa	d:/ymir work/monster2/redthief_magic/walk.msa	0
metin2_patch_dragon_rock_mobs/ymir work/monster2/manticore_soldier2/normal_attack.msa	d:/ymir work/monster2/manticore_soldier2/normal_attack.msa	0
metin2_patch_dragon_rock_mobs/ymir work/monster2/ogre_general/back_damage.msa	d:/ymir work/monster2/ogre_general/back_damage.msa	0
metin2_patch_dragon_rock_mobs/ymir work/monster2/manticore_soldier2/normal_attack1.gr2	d:/ymir work/monster2/manticore_soldier2/normal_attack1.gr2	0
metin2_patch_dragon_rock_mobs/ymir work/monster2/manticore_soldier2/wait.gr2	d:/ymir work/monster2/manticore_soldier2/wait.gr2	0
metin2_patch_dragon_rock_mobs/ymir work/monster2/manticore_soldier2/wait.msa	d:/ymir work/monster2/manticore_soldier2/wait.msa	0
metin2_patch_dragon_rock_mobs/ymir work/monster2/manticore_soldier2/wait1.gr2	d:/ymir work/monster2/manticore_soldier2/wait1.gr2	0
metin2_patch_dragon_rock_mobs/ymir work/monster2/manticore_soldier2/wait2.gr2	d:/ymir work/monster2/manticore_soldier2/wait2.gr2	0
metin2_patch_dragon_rock_mobs/ymir work/monster2/manticore_soldier2/wait2.msa	d:/ymir work/monster2/manticore_soldier2/wait2.msa	0
metin2_patch_dragon_rock_mobs/ymir work/monster2/ogre_boss/back_knockdown.msa	d:/ymir work/monster2/ogre_boss/back_knockdown.msa	0
metin2_patch_dragon_rock_mobs/ymir work/monster2/redthief_officer/wait1.msa	d:/ymir work/monster2/redthief_officer/wait1.msa	0
metin2_patch_dragon_rock_mobs/ymir work/monster2/ogre_magic/normal_attack.gr2	d:/ymir work/monster2/ogre_magic/normal_attack.gr2	0
metin2_patch_dragon_rock_mobs/ymir work/monster2/ogre_boss/front_damage.gr2	d:/ymir work/monster2/ogre_boss/front_damage.gr2	0
metin2_patch_dragon_rock_mobs/ymir work/monster2/ogre_boss/front_damage1.gr2	d:/ymir work/monster2/ogre_boss/front_damage1.gr2	0
metin2_patch_dragon_rock_mobs/ymir work/monster2/ogre_boss/front_damage1.msa	d:/ymir work/monster2/ogre_boss/front_damage1.msa	0
metin2_patch_dragon_rock_mobs/ymir work/monster2/ogre_boss/front_dead.gr2	d:/ymir work/monster2/ogre_boss/front_dead.gr2	0
metin2_patch_dragon_rock_mobs/ymir work/monster2/ogre_boss/front_knockdown.msa	d:/ymir work/monster2/ogre_boss/front_knockdown.msa	0
metin2_patch_dragon_rock_mobs/ymir work/monster2/ogre_boss/front_standup.gr2	d:/ymir work/monster2/ogre_boss/front_standup.gr2	0
metin2_patch_dragon_rock_mobs/ymir work/monster2/ogre_boss/front_standup.msa	d:/ymir work/monster2/ogre_boss/front_standup.msa	0
metin2_patch_dragon_rock_mobs/ymir work/monster2/ogre_boss/normal_attack.gr2	d:/ymir work/monster2/ogre_boss/normal_attack.gr2	0
metin2_patch_dragon_rock_mobs/ymir work/monster2/redthief2_boss2/front_knockdown.msa	d:/ymir work/monster2/redthief2_boss2/front_knockdown.msa	0
metin2_patch_dragon_rock_mobs/ymir work/monster2/ogre_officer/run.gr2	d:/ymir work/monster2/ogre_officer/run.gr2	0
metin2_patch_dragon_rock_mobs/ymir work/monster2/ogre_boss/normal_attack.msa	d:/ymir work/monster2/ogre_boss/normal_attack.msa	0
metin2_patch_dragon_rock_mobs/ymir work/monster2/ogre_boss/normal_attack1.gr2	d:/ymir work/monster2/ogre_boss/normal_attack1.gr2	0
metin2_patch_dragon_rock_mobs/ymir work/monster2/ogre_boss/normal_attack1.msa	d:/ymir work/monster2/ogre_boss/normal_attack1.msa	0
metin2_patch_dragon_rock_mobs/ymir work/monster2/ogre_boss/ogre_boss.wdp	d:/ymir work/monster2/ogre_boss/ogre_boss.wdp	0
metin2_patch_dragon_rock_mobs/ymir work/monster2/ogre_boss/run.gr2	d:/ymir work/monster2/ogre_boss/run.gr2	0
metin2_patch_dragon_rock_mobs/ymir work/monster2/ogre_boss2/back_damage1.msa	d:/ymir work/monster2/ogre_boss2/back_damage1.msa	0
metin2_patch_dragon_rock_mobs/ymir work/monster2/triton_soldier/normal_attack1.msa	d:/ymir work/monster2/triton_soldier/normal_attack1.msa	0
metin2_patch_dragon_rock_mobs/ymir work/monster2/ogre_boss/run.msa	d:/ymir work/monster2/ogre_boss/run.msa	0
metin2_patch_dragon_rock_mobs/ymir work/monster2/ogre_boss/wait1.msa	d:/ymir work/monster2/ogre_boss/wait1.msa	0
metin2_patch_dragon_rock_mobs/ymir work/monster2/ogre_boss/wait2.gr2	d:/ymir work/monster2/ogre_boss/wait2.gr2	0
metin2_patch_dragon_rock_mobs/ymir work/monster2/ogre_boss/walk.gr2	d:/ymir work/monster2/ogre_boss/walk.gr2	0
metin2_patch_dragon_rock_mobs/ymir work/monster2/ogre_officer/ogre_officer.gr2	d:/ymir work/monster2/ogre_officer/ogre_officer.gr2	0
metin2_patch_dragon_rock_mobs/ymir work/monster2/ogre_boss2/back_damage.msa	d:/ymir work/monster2/ogre_boss2/back_damage.msa	0
metin2_patch_dragon_rock_mobs/ymir work/monster2/triton_officer/normal_attack1.msa	d:/ymir work/monster2/triton_officer/normal_attack1.msa	0
metin2_patch_dragon_rock_mobs/ymir work/monster2/ogre_boss2/back_knockdown.gr2	d:/ymir work/monster2/ogre_boss2/back_knockdown.gr2	0
metin2_patch_dragon_rock_mobs/ymir work/monster2/redthief_officer/wait2.gr2	d:/ymir work/monster2/redthief_officer/wait2.gr2	0
metin2_patch_dragon_rock_mobs/ymir work/monster2/ogre_boss2/front_damage.gr2	d:/ymir work/monster2/ogre_boss2/front_damage.gr2	0
metin2_patch_dragon_rock_mobs/ymir work/monster2/ogre_boss2/front_damage.msa	d:/ymir work/monster2/ogre_boss2/front_damage.msa	0
metin2_patch_dragon_rock_mobs/ymir work/monster2/ogre_boss2/front_damage1.gr2	d:/ymir work/monster2/ogre_boss2/front_damage1.gr2	0
metin2_patch_dragon_rock_mobs/ymir work/monster2/triton_officer/front_knockdown.msa	d:/ymir work/monster2/triton_officer/front_knockdown.msa	0
metin2_patch_dragon_rock_mobs/ymir work/monster2/ogre_boss2/front_dead.msa	d:/ymir work/monster2/ogre_boss2/front_dead.msa	0
metin2_patch_dragon_rock_mobs/ymir work/monster2/ogre_boss2/front_knockdown.msa	d:/ymir work/monster2/ogre_boss2/front_knockdown.msa	0
metin2_patch_dragon_rock_mobs/ymir work/monster2/ogre_boss2/front_standup.gr2	d:/ymir work/monster2/ogre_boss2/front_standup.gr2	0
metin2_patch_dragon_rock_mobs/ymir work/monster2/redthief_bow/front_damage.msa	d:/ymir work/monster2/redthief_bow/front_damage.msa	0
metin2_patch_dragon_rock_mobs/ymir work/monster2/ogre_bow/wait.msa	d:/ymir work/monster2/ogre_bow/wait.msa	0
metin2_patch_dragon_rock_mobs/ymir work/monster2/ogre_boss2/front_standup.msa	d:/ymir work/monster2/ogre_boss2/front_standup.msa	0
metin2_patch_dragon_rock_mobs/ymir work/monster2/ogre_boss2/ogre_boss2.msm	d:/ymir work/monster2/ogre_boss2/ogre_boss2.msm	0
metin2_patch_dragon_rock_mobs/ymir work/monster2/redthief_general/back_knockdown.gr2	d:/ymir work/monster2/redthief_general/back_knockdown.gr2	0
metin2_patch_dragon_rock_mobs/ymir work/monster2/ogre_boss2/ogre_boss2_lod_01.gr2	d:/ymir work/monster2/ogre_boss2/ogre_boss2_lod_01.gr2	0
metin2_patch_dragon_rock_mobs/ymir work/monster2/triton_officer/front_dead.gr2	d:/ymir work/monster2/triton_officer/front_dead.gr2	0
metin2_patch_dragon_rock_mobs/ymir work/monster2/triton_boss2/back_damage.msa	d:/ymir work/monster2/triton_boss2/back_damage.msa	0
metin2_patch_dragon_rock_mobs/ymir work/monster2/ogre_boss2/special_attack.gr2	d:/ymir work/monster2/ogre_boss2/special_attack.gr2	0
metin2_patch_dragon_rock_mobs/ymir work/monster2/ogre_boss2/wait2.gr2	d:/ymir work/monster2/ogre_boss2/wait2.gr2	0
metin2_patch_dragon_rock_mobs/ymir work/monster2/redthief2_magic/walk.msa	d:/ymir work/monster2/redthief2_magic/walk.msa	0
metin2_patch_dragon_rock_mobs/ymir work/monster2/ogre_boss2/wait2.msa	d:/ymir work/monster2/ogre_boss2/wait2.msa	0
metin2_patch_dragon_rock_mobs/ymir work/monster2/ogre_boss2/wait3.msa	d:/ymir work/monster2/ogre_boss2/wait3.msa	0
metin2_patch_dragon_rock_mobs/ymir work/monster2/ogre_bow/back_damage.msa	d:/ymir work/monster2/ogre_bow/back_damage.msa	0
metin2_patch_dragon_rock_mobs/ymir work/monster2/ogre_bow/front_damage.gr2	d:/ymir work/monster2/ogre_bow/front_damage.gr2	0
metin2_patch_dragon_rock_mobs/ymir work/monster2/redthief_general/redthief_general.msm	d:/ymir work/monster2/redthief_general/redthief_general.msm	0
metin2_patch_dragon_rock_mobs/ymir work/monster2/ogre_bow/front_dead.gr2	d:/ymir work/monster2/ogre_bow/front_dead.gr2	0
metin2_patch_dragon_rock_mobs/ymir work/monster2/redthief_soldier2/redthief_soldier2_weapon.wdp	d:/ymir work/monster2/redthief_soldier2/redthief_soldier2_weapon.wdp	0
metin2_patch_dragon_rock_mobs/ymir work/monster2/ogre_bow/front_knockdown.gr2	d:/ymir work/monster2/ogre_bow/front_knockdown.gr2	0
metin2_patch_dragon_rock_mobs/ymir work/monster2/ogre_bow/normal_attack.gr2	d:/ymir work/monster2/ogre_bow/normal_attack.gr2	0
metin2_patch_dragon_rock_mobs/ymir work/monster2/ogre_bow/normal_attack1.gr2	d:/ymir work/monster2/ogre_bow/normal_attack1.gr2	0
metin2_patch_dragon_rock_mobs/ymir work/monster2/redthief_boss2/front_damage1.gr2	d:/ymir work/monster2/redthief_boss2/front_damage1.gr2	0
metin2_patch_dragon_rock_mobs/ymir work/monster2/ogre_bow/normal_attack1.msa	d:/ymir work/monster2/ogre_bow/normal_attack1.msa	0
metin2_patch_dragon_rock_mobs/ymir work/monster2/redthief2_bow/redthief2_bow_lod_01.gr2	d:/ymir work/monster2/redthief2_bow/redthief2_bow_lod_01.gr2	0
metin2_patch_dragon_rock_mobs/ymir work/monster2/triton_soldier/normal_attack1.gr2	d:/ymir work/monster2/triton_soldier/normal_attack1.gr2	0
metin2_patch_dragon_rock_mobs/ymir work/monster2/ogre_bow/ogre_bow.gr2	d:/ymir work/monster2/ogre_bow/ogre_bow.gr2	0
metin2_patch_dragon_rock_mobs/ymir work/monster2/ogre_bow/ogre_bow.msm	d:/ymir work/monster2/ogre_bow/ogre_bow.msm	0
metin2_patch_dragon_rock_mobs/ymir work/monster2/triton_soldier/wait1.msa	d:/ymir work/monster2/triton_soldier/wait1.msa	0
metin2_patch_dragon_rock_mobs/ymir work/monster2/ogre_bow/ogre_bow_weapon.wdp	d:/ymir work/monster2/ogre_bow/ogre_bow_weapon.wdp	0
metin2_patch_dragon_rock_mobs/ymir work/monster2/ogre_bow/run.gr2	d:/ymir work/monster2/ogre_bow/run.gr2	0
metin2_patch_dragon_rock_mobs/ymir work/monster2/ogre_bow/wait.gr2	d:/ymir work/monster2/ogre_bow/wait.gr2	0
metin2_patch_dragon_rock_mobs/ymir work/monster2/ogre_bow/wait1.gr2	d:/ymir work/monster2/ogre_bow/wait1.gr2	0
metin2_patch_dragon_rock_mobs/ymir work/monster2/ogre_bow/wait1.msa	d:/ymir work/monster2/ogre_bow/wait1.msa	0
metin2_patch_dragon_rock_mobs/ymir work/monster2/ogre_general/back_damage.gr2	d:/ymir work/monster2/ogre_general/back_damage.gr2	0
metin2_patch_dragon_rock_mobs/ymir work/monster2/ogre_general/front_damage.msa	d:/ymir work/monster2/ogre_general/front_damage.msa	0
metin2_patch_dragon_rock_mobs/ymir work/monster2/ogre_general/front_knockdown.gr2	d:/ymir work/monster2/ogre_general/front_knockdown.gr2	0
metin2_patch_dragon_rock_mobs/ymir work/monster2/ogre_general/front_knockdown.msa	d:/ymir work/monster2/ogre_general/front_knockdown.msa	0
metin2_patch_dragon_rock_mobs/ymir work/monster2/ogre_general/front_standup.gr2	d:/ymir work/monster2/ogre_general/front_standup.gr2	0
metin2_patch_dragon_rock_mobs/ymir work/monster2/ogre_general/normal_attack1.gr2	d:/ymir work/monster2/ogre_general/normal_attack1.gr2	0
metin2_patch_dragon_rock_mobs/ymir work/monster2/ogre_general/ogre_general.wdp	d:/ymir work/monster2/ogre_general/ogre_general.wdp	0
metin2_patch_dragon_rock_mobs/ymir work/monster2/ogre_general/ogre_general.msm	d:/ymir work/monster2/ogre_general/ogre_general.msm	0
metin2_patch_dragon_rock_mobs/ymir work/monster2/redthief2_bow/motlist.txt	d:/ymir work/monster2/redthief2_bow/motlist.txt	0
metin2_patch_dragon_rock_mobs/ymir work/monster2/redthief_magic/back_knockdown.gr2	d:/ymir work/monster2/redthief_magic/back_knockdown.gr2	0
metin2_patch_dragon_rock_mobs/ymir work/monster2/ogre_general/ogre_general_weapon.wdp	d:/ymir work/monster2/ogre_general/ogre_general_weapon.wdp	0
metin2_patch_dragon_rock_mobs/ymir work/monster2/ogre_soldier/normal_attack1.msa	d:/ymir work/monster2/ogre_soldier/normal_attack1.msa	0
metin2_patch_dragon_rock_mobs/ymir work/monster2/ogre_general/run.gr2	d:/ymir work/monster2/ogre_general/run.gr2	0
metin2_patch_dragon_rock_mobs/ymir work/monster2/ogre_general/wait1.msa	d:/ymir work/monster2/ogre_general/wait1.msa	0
metin2_patch_dragon_rock_mobs/ymir work/monster2/ogre_general/wait2.gr2	d:/ymir work/monster2/ogre_general/wait2.gr2	0
metin2_patch_dragon_rock_mobs/ymir work/monster2/ogre_general/wait2.msa	d:/ymir work/monster2/ogre_general/wait2.msa	0
metin2_patch_dragon_rock_mobs/ymir work/monster2/ogre_general/walk.gr2	d:/ymir work/monster2/ogre_general/walk.gr2	0
metin2_patch_dragon_rock_mobs/ymir work/monster2/ogre_magic/back_damage.gr2	d:/ymir work/monster2/ogre_magic/back_damage.gr2	0
metin2_patch_dragon_rock_mobs/ymir work/monster2/triton_officer/normal_attack.msa	d:/ymir work/monster2/triton_officer/normal_attack.msa	0
metin2_patch_dragon_rock_mobs/ymir work/monster2/ogre_magic/front_dead.gr2	d:/ymir work/monster2/ogre_magic/front_dead.gr2	0
metin2_patch_dragon_rock_mobs/ymir work/monster2/ogre_magic/front_dead.msa	d:/ymir work/monster2/ogre_magic/front_dead.msa	0
metin2_patch_dragon_rock_mobs/ymir work/monster2/ogre_magic/front_knockdown.gr2	d:/ymir work/monster2/ogre_magic/front_knockdown.gr2	0
metin2_patch_dragon_rock_mobs/ymir work/monster2/ogre_magic/motlist.txt	d:/ymir work/monster2/ogre_magic/motlist.txt	0
metin2_patch_dragon_rock_mobs/ymir work/monster2/ogre_magic/ogre_magic.msm	d:/ymir work/monster2/ogre_magic/ogre_magic.msm	0
metin2_patch_dragon_rock_mobs/ymir work/monster2/ogre_magic/ogre_magic_lod_01.gr2	d:/ymir work/monster2/ogre_magic/ogre_magic_lod_01.gr2	0
metin2_patch_dragon_rock_mobs/ymir work/monster2/ogre_magic/run.msa	d:/ymir work/monster2/ogre_magic/run.msa	0
metin2_patch_dragon_rock_mobs/ymir work/monster2/ogre_magic/wait1.msa	d:/ymir work/monster2/ogre_magic/wait1.msa	0
metin2_patch_dragon_rock_mobs/ymir work/monster2/ogre_officer/back_damage.gr2	d:/ymir work/monster2/ogre_officer/back_damage.gr2	0
metin2_patch_dragon_rock_mobs/ymir work/monster2/ogre_officer/back_damage.msa	d:/ymir work/monster2/ogre_officer/back_damage.msa	0
metin2_patch_dragon_rock_mobs/ymir work/monster2/triton_soldier/walk.msa	d:/ymir work/monster2/triton_soldier/walk.msa	0
metin2_patch_dragon_rock_mobs/ymir work/monster2/ogre_officer/back_knockdown.gr2	d:/ymir work/monster2/ogre_officer/back_knockdown.gr2	0
metin2_patch_dragon_rock_mobs/ymir work/monster2/ogre_officer/front_damage.gr2	d:/ymir work/monster2/ogre_officer/front_damage.gr2	0
metin2_patch_dragon_rock_mobs/ymir work/monster2/ogre_officer/front_damage.msa	d:/ymir work/monster2/ogre_officer/front_damage.msa	0
metin2_patch_dragon_rock_mobs/ymir work/monster2/ogre_officer/front_dead.gr2	d:/ymir work/monster2/ogre_officer/front_dead.gr2	0
metin2_patch_dragon_rock_mobs/ymir work/monster2/ogre_officer/front_knockdown.gr2	d:/ymir work/monster2/ogre_officer/front_knockdown.gr2	0
metin2_patch_dragon_rock_mobs/ymir work/monster2/ogre_officer/front_standup.gr2	d:/ymir work/monster2/ogre_officer/front_standup.gr2	0
metin2_patch_dragon_rock_mobs/ymir work/monster2/ogre_officer/normal_attack.gr2	d:/ymir work/monster2/ogre_officer/normal_attack.gr2	0
metin2_patch_dragon_rock_mobs/ymir work/monster2/ogre_officer/normal_attack1.gr2	d:/ymir work/monster2/ogre_officer/normal_attack1.gr2	0
metin2_patch_dragon_rock_mobs/ymir work/monster2/ogre_officer/normal_attack1.msa	d:/ymir work/monster2/ogre_officer/normal_attack1.msa	0
metin2_patch_dragon_rock_mobs/ymir work/monster2/ogre_officer/ogre_officer.wdp	d:/ymir work/monster2/ogre_officer/ogre_officer.wdp	0
metin2_patch_dragon_rock_mobs/ymir work/monster2/ogre_officer/ogre_officer.msm	d:/ymir work/monster2/ogre_officer/ogre_officer.msm	0
metin2_patch_dragon_rock_mobs/ymir work/monster2/ogre_officer/run.msa	d:/ymir work/monster2/ogre_officer/run.msa	0
metin2_patch_dragon_rock_mobs/ymir work/monster2/ogre_officer/wait.gr2	d:/ymir work/monster2/ogre_officer/wait.gr2	0
metin2_patch_dragon_rock_mobs/ymir work/monster2/ogre_officer/wait1.gr2	d:/ymir work/monster2/ogre_officer/wait1.gr2	0
metin2_patch_dragon_rock_mobs/ymir work/monster2/ogre_officer/walk.gr2	d:/ymir work/monster2/ogre_officer/walk.gr2	0
metin2_patch_dragon_rock_mobs/ymir work/monster2/redthief_boss/front_dead.gr2	d:/ymir work/monster2/redthief_boss/front_dead.gr2	0
metin2_patch_dragon_rock_mobs/ymir work/monster2/ogre_officer/walk.msa	d:/ymir work/monster2/ogre_officer/walk.msa	0
metin2_patch_dragon_rock_mobs/ymir work/monster2/ogre_soldier/run.gr2	d:/ymir work/monster2/ogre_soldier/run.gr2	0
metin2_patch_dragon_rock_mobs/ymir work/monster2/ogre_soldier/back_damage.gr2	d:/ymir work/monster2/ogre_soldier/back_damage.gr2	0
metin2_patch_dragon_rock_mobs/ymir work/monster2/triton_boss2/wait1.gr2	d:/ymir work/monster2/triton_boss2/wait1.gr2	0
metin2_patch_dragon_rock_mobs/ymir work/monster2/ogre_soldier/front_damage.gr2	d:/ymir work/monster2/ogre_soldier/front_damage.gr2	0
metin2_patch_dragon_rock_mobs/ymir work/monster2/ogre_soldier/front_damage.msa	d:/ymir work/monster2/ogre_soldier/front_damage.msa	0
metin2_patch_dragon_rock_mobs/ymir work/monster2/ogre_soldier/front_knockdown.msa	d:/ymir work/monster2/ogre_soldier/front_knockdown.msa	0
metin2_patch_dragon_rock_mobs/ymir work/monster2/triton_soldier2/front_knockdown.msa	d:/ymir work/monster2/triton_soldier2/front_knockdown.msa	0
metin2_patch_dragon_rock_mobs/ymir work/monster2/ogre_soldier/front_standup.gr2	d:/ymir work/monster2/ogre_soldier/front_standup.gr2	0
metin2_patch_dragon_rock_mobs/ymir work/monster2/ogre_soldier/front_standup.msa	d:/ymir work/monster2/ogre_soldier/front_standup.msa	0
metin2_patch_dragon_rock_mobs/ymir work/monster2/ogre_soldier/motlist.txt	d:/ymir work/monster2/ogre_soldier/motlist.txt	0
metin2_patch_dragon_rock_mobs/ymir work/monster2/redthief2_magic/redthief2_magic.msm	d:/ymir work/monster2/redthief2_magic/redthief2_magic.msm	0
metin2_patch_dragon_rock_mobs/ymir work/monster2/ogre_soldier/normal_attack.gr2	d:/ymir work/monster2/ogre_soldier/normal_attack.gr2	0
metin2_patch_dragon_rock_mobs/ymir work/monster2/ogre_soldier/normal_attack.msa	d:/ymir work/monster2/ogre_soldier/normal_attack.msa	0
metin2_patch_dragon_rock_mobs/ymir work/monster2/redthief2_magic/redthief2_magic_weapon.wdp	d:/ymir work/monster2/redthief2_magic/redthief2_magic_weapon.wdp	0
metin2_patch_dragon_rock_mobs/ymir work/monster2/ogre_soldier/ogre_soldier.gr2	d:/ymir work/monster2/ogre_soldier/ogre_soldier.gr2	0
metin2_patch_dragon_rock_mobs/ymir work/monster2/ogre_soldier/ogre_soldier.msm	d:/ymir work/monster2/ogre_soldier/ogre_soldier.msm	0
metin2_patch_dragon_rock_mobs/ymir work/monster2/ogre_soldier/ogre_soldier_lod_01.gr2	d:/ymir work/monster2/ogre_soldier/ogre_soldier_lod_01.gr2	0
metin2_patch_dragon_rock_mobs/ymir work/effect/monster2/spell2_2.dds	d:/ymir work/effect/monster2/spell2_2.dds	0
metin2_patch_dragon_rock_mobs/ymir work/monster2/ogre_soldier/ogre_soldier_weapon.wdp	d:/ymir work/monster2/ogre_soldier/ogre_soldier_weapon.wdp	0
metin2_patch_dragon_rock_mobs/ymir work/monster2/ogre_soldier/wait.gr2	d:/ymir work/monster2/ogre_soldier/wait.gr2	0
metin2_patch_dragon_rock_mobs/ymir work/monster2/redthief2_boss/back_knockdown.msa	d:/ymir work/monster2/redthief2_boss/back_knockdown.msa	0
metin2_patch_dragon_rock_mobs/ymir work/monster2/redthief2_boss/front_damage.msa	d:/ymir work/monster2/redthief2_boss/front_damage.msa	0
metin2_patch_dragon_rock_mobs/ymir work/monster2/redthief2_boss/front_knockdown.msa	d:/ymir work/monster2/redthief2_boss/front_knockdown.msa	0
metin2_patch_dragon_rock_mobs/ymir work/monster2/redthief2_magic/normal_attack1.msa	d:/ymir work/monster2/redthief2_magic/normal_attack1.msa	0
metin2_patch_dragon_rock_mobs/ymir work/monster2/redthief2_boss/motlist.txt	d:/ymir work/monster2/redthief2_boss/motlist.txt	0
metin2_patch_dragon_rock_mobs/ymir work/monster2/redthief2_magic/motlist.txt	d:/ymir work/monster2/redthief2_magic/motlist.txt	0
metin2_patch_dragon_rock_mobs/ymir work/monster2/redthief2_boss/normal_attack.msa	d:/ymir work/monster2/redthief2_boss/normal_attack.msa	0
metin2_patch_dragon_rock_mobs/ymir work/monster2/redthief_bow/back_damage.gr2	d:/ymir work/monster2/redthief_bow/back_damage.gr2	0
metin2_patch_dragon_rock_mobs/ymir work/monster2/redthief2_boss/normal_attack1.msa	d:/ymir work/monster2/redthief2_boss/normal_attack1.msa	0
metin2_patch_dragon_rock_mobs/ymir work/monster2/redthief2_boss/redthief2_boss_lod_01.gr2	d:/ymir work/monster2/redthief2_boss/redthief2_boss_lod_01.gr2	0
metin2_patch_dragon_rock_mobs/ymir work/monster2/redthief2_boss/redthief2_boss_weapon.wdp	d:/ymir work/monster2/redthief2_boss/redthief2_boss_weapon.wdp	0
metin2_patch_dragon_rock_mobs/ymir work/monster2/redthief2_boss/special_attack.msa	d:/ymir work/monster2/redthief2_boss/special_attack.msa	0
metin2_patch_dragon_rock_mobs/ymir work/monster2/redthief2_boss/wait.msa	d:/ymir work/monster2/redthief2_boss/wait.msa	0
metin2_patch_dragon_rock_mobs/ymir work/monster2/redthief2_boss/walk.msa	d:/ymir work/monster2/redthief2_boss/walk.msa	0
metin2_patch_dragon_rock_mobs/ymir work/monster2/redthief2_boss2/front_damage.msa	d:/ymir work/monster2/redthief2_boss2/front_damage.msa	0
metin2_patch_dragon_rock_mobs/ymir work/monster2/redthief_bow/back_damage.msa	d:/ymir work/monster2/redthief_bow/back_damage.msa	0
metin2_patch_dragon_rock_mobs/ymir work/monster2/redthief_boss/run.gr2	d:/ymir work/monster2/redthief_boss/run.gr2	0
metin2_patch_dragon_rock_mobs/ymir work/monster2/redthief2_boss2/front_standup.msa	d:/ymir work/monster2/redthief2_boss2/front_standup.msa	0
metin2_patch_dragon_rock_mobs/ymir work/monster2/redthief2_boss2/normal_attack1.msa	d:/ymir work/monster2/redthief2_boss2/normal_attack1.msa	0
metin2_patch_dragon_rock_mobs/ymir work/monster2/redthief2_boss2/specil_attack1.msa	d:/ymir work/monster2/redthief2_boss2/specil_attack1.msa	0
metin2_patch_dragon_rock_mobs/ymir work/effect/monster2/impact3.mse	d:/ymir work/effect/monster2/impact3.mse	0
metin2_patch_dragon_rock_mobs/ymir work/monster2/redthief_general/front_knockdown.msa	d:/ymir work/monster2/redthief_general/front_knockdown.msa	0
metin2_patch_dragon_rock_mobs/ymir work/monster2/redthief2_bow/front_damage.msa	d:/ymir work/monster2/redthief2_bow/front_damage.msa	0
metin2_patch_dragon_rock_mobs/ymir work/monster2/redthief2_bow/front_knockdown.msa	d:/ymir work/monster2/redthief2_bow/front_knockdown.msa	0
metin2_patch_dragon_rock_mobs/ymir work/monster2/redthief2_bow/wait.msa	d:/ymir work/monster2/redthief2_bow/wait.msa	0
metin2_patch_dragon_rock_mobs/ymir work/monster2/redthief2_general/back_damage.msa	d:/ymir work/monster2/redthief2_general/back_damage.msa	0
metin2_patch_dragon_rock_mobs/ymir work/monster2/redthief2_general/back_knockdown.msa	d:/ymir work/monster2/redthief2_general/back_knockdown.msa	0
metin2_patch_dragon_rock_mobs/ymir work/monster2/redthief2_general/front_damage.msa	d:/ymir work/monster2/redthief2_general/front_damage.msa	0
metin2_patch_dragon_rock_mobs/ymir work/monster2/redthief_boss2/back_knockdown.gr2	d:/ymir work/monster2/redthief_boss2/back_knockdown.gr2	0
metin2_patch_dragon_rock_mobs/ymir work/monster2/redthief2_general/front_dead.msa	d:/ymir work/monster2/redthief2_general/front_dead.msa	0
metin2_patch_dragon_rock_mobs/ymir work/monster2/redthief_magic/front_standup.msa	d:/ymir work/monster2/redthief_magic/front_standup.msa	0
metin2_patch_dragon_rock_mobs/ymir work/monster2/redthief2_general/redthief2_general.wdp	d:/ymir work/monster2/redthief2_general/redthief2_general.wdp	0
metin2_patch_dragon_rock_mobs/ymir work/monster2/redthief2_general/redthief2_general.gr2	d:/ymir work/monster2/redthief2_general/redthief2_general.gr2	0
metin2_patch_dragon_rock_mobs/ymir work/monster2/redthief2_general/run.msa	d:/ymir work/monster2/redthief2_general/run.msa	0
metin2_patch_dragon_rock_mobs/ymir work/monster2/redthief_general/back_damage.msa	d:/ymir work/monster2/redthief_general/back_damage.msa	0
metin2_patch_dragon_rock_mobs/ymir work/monster2/redthief2_general/wait1.msa	d:/ymir work/monster2/redthief2_general/wait1.msa	0
metin2_patch_dragon_rock_mobs/ymir work/monster2/redthief2_general/walk.msa	d:/ymir work/monster2/redthief2_general/walk.msa	0
metin2_patch_dragon_rock_mobs/ymir work/monster2/redthief2_magic/back_knockdown.msa	d:/ymir work/monster2/redthief2_magic/back_knockdown.msa	0
metin2_patch_dragon_rock_mobs/ymir work/monster2/redthief2_magic/front_standup.msa	d:/ymir work/monster2/redthief2_magic/front_standup.msa	0
metin2_patch_dragon_rock_mobs/ymir work/monster2/redthief2_magic/normal_attack.msa	d:/ymir work/monster2/redthief2_magic/normal_attack.msa	0
metin2_patch_dragon_rock_mobs/ymir work/monster2/redthief2_magic/redthief2_magic_lod_01.gr2	d:/ymir work/monster2/redthief2_magic/redthief2_magic_lod_01.gr2	0
metin2_patch_dragon_rock_mobs/ymir work/monster2/redthief2_soldier2/run.msa	d:/ymir work/monster2/redthief2_soldier2/run.msa	0
metin2_patch_dragon_rock_mobs/ymir work/monster2/redthief2_officer/back_damage.msa	d:/ymir work/monster2/redthief2_officer/back_damage.msa	0
metin2_patch_dragon_rock_mobs/ymir work/monster2/redthief2_officer/front_dead.msa	d:/ymir work/monster2/redthief2_officer/front_dead.msa	0
metin2_patch_dragon_rock_mobs/ymir work/monster2/redthief2_officer/front_knockdown.msa	d:/ymir work/monster2/redthief2_officer/front_knockdown.msa	0
metin2_patch_dragon_rock_mobs/ymir work/monster2/redthief2_officer/front_standup.msa	d:/ymir work/monster2/redthief2_officer/front_standup.msa	0
metin2_patch_dragon_rock_mobs/ymir work/monster2/redthief2_officer/normal_attack1.msa	d:/ymir work/monster2/redthief2_officer/normal_attack1.msa	0
metin2_patch_dragon_rock_mobs/ymir work/monster2/redthief2_officer/redthief2_officer.wdp	d:/ymir work/monster2/redthief2_officer/redthief2_officer.wdp	0
metin2_patch_dragon_rock_mobs/ymir work/monster2/redthief2_officer/redthief2_officer.gr2	d:/ymir work/monster2/redthief2_officer/redthief2_officer.gr2	0
metin2_patch_dragon_rock_mobs/ymir work/monster2/redthief_magic/front_dead.gr2	d:/ymir work/monster2/redthief_magic/front_dead.gr2	0
metin2_patch_dragon_rock_mobs/ymir work/monster2/redthief2_officer/redthief2_officer.msm	d:/ymir work/monster2/redthief2_officer/redthief2_officer.msm	0
metin2_patch_dragon_rock_mobs/ymir work/monster2/redthief2_officer/redthief2_officer_lod_01.gr2	d:/ymir work/monster2/redthief2_officer/redthief2_officer_lod_01.gr2	0
metin2_patch_dragon_rock_mobs/ymir work/monster2/redthief2_officer/run.msa	d:/ymir work/monster2/redthief2_officer/run.msa	0
metin2_patch_dragon_rock_mobs/ymir work/monster2/redthief2_officer/walk.msa	d:/ymir work/monster2/redthief2_officer/walk.msa	0
metin2_patch_dragon_rock_mobs/ymir work/monster2/redthief2_soldier2/back_damage.msa	d:/ymir work/monster2/redthief2_soldier2/back_damage.msa	0
metin2_patch_dragon_rock_mobs/ymir work/monster2/redthief2_soldier2/front_dead.msa	d:/ymir work/monster2/redthief2_soldier2/front_dead.msa	0
metin2_patch_dragon_rock_mobs/ymir work/monster2/redthief2_soldier2/motlist.txt	d:/ymir work/monster2/redthief2_soldier2/motlist.txt	0
metin2_patch_dragon_rock_mobs/ymir work/monster2/redthief2_soldier2/redthief2_soldier2_lod_01.gr2	d:/ymir work/monster2/redthief2_soldier2/redthief2_soldier2_lod_01.gr2	0
metin2_patch_dragon_rock_mobs/ymir work/monster2/redthief2_soldier2/redthief2_soldier2_weapon.wdp	d:/ymir work/monster2/redthief2_soldier2/redthief2_soldier2_weapon.wdp	0
metin2_patch_dragon_rock_mobs/ymir work/effect/monster2/back_blast1.mse	d:/ymir work/effect/monster2/back_blast1.mse	0
metin2_patch_dragon_rock_mobs/ymir work/monster2/redthief2_soldier2/wait.msa	d:/ymir work/monster2/redthief2_soldier2/wait.msa	0
metin2_patch_dragon_rock_mobs/ymir work/monster2/redthief_boss/back_damage.msa	d:/ymir work/monster2/redthief_boss/back_damage.msa	0
metin2_patch_dragon_rock_mobs/ymir work/monster2/redthief_boss/front_damage1.msa	d:/ymir work/monster2/redthief_boss/front_damage1.msa	0
metin2_patch_dragon_rock_mobs/ymir work/monster2/redthief_boss/front_knockdown.gr2	d:/ymir work/monster2/redthief_boss/front_knockdown.gr2	0
metin2_patch_dragon_rock_mobs/ymir work/monster2/redthief_boss/front_knockdown.msa	d:/ymir work/monster2/redthief_boss/front_knockdown.msa	0
metin2_patch_dragon_rock_mobs/ymir work/monster2/redthief_boss/normal_attack.gr2	d:/ymir work/monster2/redthief_boss/normal_attack.gr2	0
metin2_patch_dragon_rock_mobs/ymir work/monster2/redthief_boss/normal_attack1.gr2	d:/ymir work/monster2/redthief_boss/normal_attack1.gr2	0
metin2_patch_dragon_rock_mobs/ymir work/monster2/redthief_boss/redthief_boss.gr2	d:/ymir work/monster2/redthief_boss/redthief_boss.gr2	0
metin2_patch_dragon_rock_mobs/ymir work/monster2/redthief_boss/redthief_boss.msm	d:/ymir work/monster2/redthief_boss/redthief_boss.msm	0
metin2_patch_dragon_rock_mobs/ymir work/monster2/redthief_boss2/front_damage1.msa	d:/ymir work/monster2/redthief_boss2/front_damage1.msa	0
metin2_patch_dragon_rock_mobs/ymir work/monster2/redthief_soldier2/back_knockdown.gr2	d:/ymir work/monster2/redthief_soldier2/back_knockdown.gr2	0
metin2_patch_dragon_rock_mobs/ymir work/monster2/redthief_boss/redthief_boss_lod_01.gr2	d:/ymir work/monster2/redthief_boss/redthief_boss_lod_01.gr2	0
metin2_patch_dragon_rock_mobs/ymir work/monster2/redthief_boss/run.msa	d:/ymir work/monster2/redthief_boss/run.msa	0
metin2_patch_dragon_rock_mobs/ymir work/monster2/redthief_boss/wait.msa	d:/ymir work/monster2/redthief_boss/wait.msa	0
metin2_patch_dragon_rock_mobs/ymir work/monster2/redthief_bow/run.msa	d:/ymir work/monster2/redthief_bow/run.msa	0
metin2_patch_dragon_rock_mobs/ymir work/monster2/redthief_soldier2/redthief_soldier2.gr2	d:/ymir work/monster2/redthief_soldier2/redthief_soldier2.gr2	0
metin2_patch_dragon_rock_mobs/ymir work/monster2/redthief_boss/wait1.gr2	d:/ymir work/monster2/redthief_boss/wait1.gr2	0
metin2_patch_dragon_rock_mobs/ymir work/monster2/redthief_boss/wait2.gr2	d:/ymir work/monster2/redthief_boss/wait2.gr2	0
metin2_patch_dragon_rock_mobs/ymir work/monster2/redthief_boss/wait3.gr2	d:/ymir work/monster2/redthief_boss/wait3.gr2	0
metin2_patch_dragon_rock_mobs/ymir work/monster2/redthief_boss/walk.gr2	d:/ymir work/monster2/redthief_boss/walk.gr2	0
metin2_patch_dragon_rock_mobs/ymir work/monster2/triton_boss/triton_boss.gr2	d:/ymir work/monster2/triton_boss/triton_boss.gr2	0
metin2_patch_dragon_rock_mobs/ymir work/monster2/redthief_boss/walk.msa	d:/ymir work/monster2/redthief_boss/walk.msa	0
metin2_patch_dragon_rock_mobs/ymir work/monster2/redthief_general/front_standup.gr2	d:/ymir work/monster2/redthief_general/front_standup.gr2	0
metin2_patch_dragon_rock_mobs/ymir work/monster2/redthief_boss2/back_damage1.msa	d:/ymir work/monster2/redthief_boss2/back_damage1.msa	0
metin2_patch_dragon_rock_mobs/ymir work/monster2/redthief_boss2/front_dead.msa	d:/ymir work/monster2/redthief_boss2/front_dead.msa	0
metin2_patch_dragon_rock_mobs/ymir work/monster2/redthief_boss2/front_standup.gr2	d:/ymir work/monster2/redthief_boss2/front_standup.gr2	0
metin2_patch_dragon_rock_mobs/ymir work/monster2/redthief_boss2/motlist.txt	d:/ymir work/monster2/redthief_boss2/motlist.txt	0
metin2_patch_dragon_rock_mobs/ymir work/monster2/triton_soldier2/back_damage.gr2	d:/ymir work/monster2/triton_soldier2/back_damage.gr2	0
metin2_patch_dragon_rock_mobs/ymir work/monster2/redthief_boss2/normal_attack.msa	d:/ymir work/monster2/redthief_boss2/normal_attack.msa	0
metin2_patch_dragon_rock_mobs/ymir work/monster2/redthief_boss2/redthief_boss2_2.wdp	d:/ymir work/monster2/redthief_boss2/redthief_boss2_2.wdp	0
metin2_patch_dragon_rock_mobs/ymir work/monster2/redthief_boss2/run.msa	d:/ymir work/monster2/redthief_boss2/run.msa	0
metin2_patch_dragon_rock_mobs/ymir work/monster2/triton_boss2/back_damage1.gr2	d:/ymir work/monster2/triton_boss2/back_damage1.gr2	0
metin2_patch_dragon_rock_mobs/ymir work/monster2/redthief_boss2/specil_attack1.msa	d:/ymir work/monster2/redthief_boss2/specil_attack1.msa	0
metin2_patch_dragon_rock_mobs/ymir work/monster2/redthief_boss2/wait.msa	d:/ymir work/monster2/redthief_boss2/wait.msa	0
metin2_patch_dragon_rock_mobs/ymir work/monster2/redthief_boss2/wait1.gr2	d:/ymir work/monster2/redthief_boss2/wait1.gr2	0
metin2_patch_dragon_rock_mobs/ymir work/monster2/redthief_boss2/wait2.msa	d:/ymir work/monster2/redthief_boss2/wait2.msa	0
metin2_patch_dragon_rock_mobs/ymir work/monster2/redthief_bow/back_knockdown.gr2	d:/ymir work/monster2/redthief_bow/back_knockdown.gr2	0
metin2_patch_dragon_rock_mobs/ymir work/monster2/redthief_bow/back_knockdown.msa	d:/ymir work/monster2/redthief_bow/back_knockdown.msa	0
metin2_patch_dragon_rock_mobs/ymir work/monster2/redthief_bow/front_damage.gr2	d:/ymir work/monster2/redthief_bow/front_damage.gr2	0
metin2_patch_dragon_rock_mobs/ymir work/monster2/redthief_bow/normal_attack.msa	d:/ymir work/monster2/redthief_bow/normal_attack.msa	0
metin2_patch_dragon_rock_mobs/ymir work/monster2/redthief_bow/front_dead.gr2	d:/ymir work/monster2/redthief_bow/front_dead.gr2	0
metin2_patch_dragon_rock_mobs/ymir work/monster2/redthief_bow/normal_attack.gr2	d:/ymir work/monster2/redthief_bow/normal_attack.gr2	0
metin2_patch_dragon_rock_mobs/ymir work/monster2/redthief_bow/normal_attack1.gr2	d:/ymir work/monster2/redthief_bow/normal_attack1.gr2	0
metin2_patch_dragon_rock_mobs/ymir work/monster2/redthief_bow/redthief_bow.gr2	d:/ymir work/monster2/redthief_bow/redthief_bow.gr2	0
metin2_patch_dragon_rock_mobs/ymir work/monster2/redthief_bow/redthief_bow_lod_01.gr2	d:/ymir work/monster2/redthief_bow/redthief_bow_lod_01.gr2	0
metin2_patch_dragon_rock_mobs/ymir work/monster2/redthief_bow/walk.gr2	d:/ymir work/monster2/redthief_bow/walk.gr2	0
metin2_patch_dragon_rock_mobs/ymir work/monster2/redthief_general/back_damage.gr2	d:/ymir work/monster2/redthief_general/back_damage.gr2	0
metin2_patch_dragon_rock_mobs/ymir work/monster2/redthief_general/front_damage.msa	d:/ymir work/monster2/redthief_general/front_damage.msa	0
metin2_patch_dragon_rock_mobs/ymir work/monster2/redthief_general/front_standup.msa	d:/ymir work/monster2/redthief_general/front_standup.msa	0
metin2_patch_dragon_rock_mobs/ymir work/monster2/redthief_general/motlist.txt	d:/ymir work/monster2/redthief_general/motlist.txt	0
metin2_patch_dragon_rock_mobs/ymir work/monster2/redthief_general/normal_attack1.gr2	d:/ymir work/monster2/redthief_general/normal_attack1.gr2	0
metin2_patch_dragon_rock_mobs/ymir work/monster2/redthief_general/normal_attack1.msa	d:/ymir work/monster2/redthief_general/normal_attack1.msa	0
metin2_patch_dragon_rock_mobs/ymir work/monster2/redthief_general/redthief_general.wdp	d:/ymir work/monster2/redthief_general/redthief_general.wdp	0
metin2_patch_dragon_rock_mobs/ymir work/monster2/redthief_general/redthief_general_lod_01.gr2	d:/ymir work/monster2/redthief_general/redthief_general_lod_01.gr2	0
metin2_patch_dragon_rock_mobs/ymir work/monster2/redthief_general/redthief_general_weapon.wdp	d:/ymir work/monster2/redthief_general/redthief_general_weapon.wdp	0
metin2_patch_dragon_rock_mobs/ymir work/monster2/redthief_general/run.gr2	d:/ymir work/monster2/redthief_general/run.gr2	0
metin2_patch_dragon_rock_mobs/ymir work/monster2/redthief_general/wait.msa	d:/ymir work/monster2/redthief_general/wait.msa	0
metin2_patch_dragon_rock_mobs/ymir work/monster2/redthief_general/wait1.gr2	d:/ymir work/monster2/redthief_general/wait1.gr2	0
metin2_patch_dragon_rock_mobs/ymir work/monster2/redthief_magic/back_damage.msa	d:/ymir work/monster2/redthief_magic/back_damage.msa	0
metin2_patch_dragon_rock_mobs/ymir work/monster2/triton_general/wait1.msa	d:/ymir work/monster2/triton_general/wait1.msa	0
metin2_patch_dragon_rock_mobs/ymir work/monster2/redthief_magic/front_damage.msa	d:/ymir work/monster2/redthief_magic/front_damage.msa	0
metin2_patch_dragon_rock_mobs/ymir work/monster2/redthief_magic/front_knockdown.gr2	d:/ymir work/monster2/redthief_magic/front_knockdown.gr2	0
metin2_patch_dragon_rock_mobs/ymir work/monster2/redthief_magic/front_knockdown.msa	d:/ymir work/monster2/redthief_magic/front_knockdown.msa	0
metin2_patch_dragon_rock_mobs/ymir work/monster2/redthief_magic/motlist.txt	d:/ymir work/monster2/redthief_magic/motlist.txt	0
metin2_patch_dragon_rock_mobs/ymir work/monster2/redthief_magic/normal_attack.msa	d:/ymir work/monster2/redthief_magic/normal_attack.msa	0
metin2_patch_dragon_rock_mobs/ymir work/monster2/redthief_magic/redthief_magic.msm	d:/ymir work/monster2/redthief_magic/redthief_magic.msm	0
metin2_patch_dragon_rock_mobs/ymir work/monster2/redthief_magic/run.msa	d:/ymir work/monster2/redthief_magic/run.msa	0
metin2_patch_dragon_rock_mobs/ymir work/monster2/redthief_magic/wait.msa	d:/ymir work/monster2/redthief_magic/wait.msa	0
metin2_patch_dragon_rock_mobs/ymir work/monster2/redthief_magic/wait1.gr2	d:/ymir work/monster2/redthief_magic/wait1.gr2	0
metin2_patch_dragon_rock_mobs/ymir work/monster2/redthief_magic/wait1.msa	d:/ymir work/monster2/redthief_magic/wait1.msa	0
metin2_patch_dragon_rock_mobs/ymir work/monster2/redthief_magic/wait2.msa	d:/ymir work/monster2/redthief_magic/wait2.msa	0
metin2_patch_dragon_rock_mobs/ymir work/monster2/redthief_magic/walk.gr2	d:/ymir work/monster2/redthief_magic/walk.gr2	0
metin2_patch_dragon_rock_mobs/ymir work/monster2/redthief_officer/back_damage.msa	d:/ymir work/monster2/redthief_officer/back_damage.msa	0
metin2_patch_dragon_rock_mobs/ymir work/monster2/redthief_officer/front_damage.gr2	d:/ymir work/monster2/redthief_officer/front_damage.gr2	0
metin2_patch_dragon_rock_mobs/ymir work/monster2/redthief_officer/front_damage.msa	d:/ymir work/monster2/redthief_officer/front_damage.msa	0
metin2_patch_dragon_rock_mobs/ymir work/monster2/redthief_officer/front_dead.gr2	d:/ymir work/monster2/redthief_officer/front_dead.gr2	0
metin2_patch_dragon_rock_mobs/ymir work/monster2/redthief_officer/front_dead.msa	d:/ymir work/monster2/redthief_officer/front_dead.msa	0
metin2_patch_dragon_rock_mobs/ymir work/monster2/redthief_officer/front_standup.msa	d:/ymir work/monster2/redthief_officer/front_standup.msa	0
metin2_patch_dragon_rock_mobs/ymir work/monster2/redthief_officer/normal_attack.gr2	d:/ymir work/monster2/redthief_officer/normal_attack.gr2	0
metin2_patch_dragon_rock_mobs/ymir work/monster2/redthief_officer/normal_attack.msa	d:/ymir work/monster2/redthief_officer/normal_attack.msa	0
metin2_patch_dragon_rock_mobs/ymir work/monster2/redthief_officer/normal_attack1.msa	d:/ymir work/monster2/redthief_officer/normal_attack1.msa	0
metin2_patch_dragon_rock_mobs/ymir work/monster2/redthief_officer/redthief_officer.wdp	d:/ymir work/monster2/redthief_officer/redthief_officer.wdp	0
metin2_patch_dragon_rock_mobs/ymir work/monster2/redthief_officer/redthief_officer.gr2	d:/ymir work/monster2/redthief_officer/redthief_officer.gr2	0
metin2_patch_dragon_rock_mobs/ymir work/monster2/redthief_officer/redthief_officer_lod_01.gr2	d:/ymir work/monster2/redthief_officer/redthief_officer_lod_01.gr2	0
metin2_patch_dragon_rock_mobs/ymir work/monster2/redthief_officer/run.gr2	d:/ymir work/monster2/redthief_officer/run.gr2	0
metin2_patch_dragon_rock_mobs/ymir work/monster2/redthief_officer/wait.gr2	d:/ymir work/monster2/redthief_officer/wait.gr2	0
metin2_patch_dragon_rock_mobs/ymir work/monster2/redthief_officer/wait.msa	d:/ymir work/monster2/redthief_officer/wait.msa	0
metin2_patch_dragon_rock_mobs/ymir work/monster2/redthief_officer/walk.gr2	d:/ymir work/monster2/redthief_officer/walk.gr2	0
metin2_patch_dragon_rock_mobs/ymir work/monster2/redthief_officer/walk.msa	d:/ymir work/monster2/redthief_officer/walk.msa	0
metin2_patch_dragon_rock_mobs/ymir work/monster2/redthief_soldier2/back_damage.gr2	d:/ymir work/monster2/redthief_soldier2/back_damage.gr2	0
metin2_patch_dragon_rock_mobs/ymir work/monster2/triton_magic/wait1.msa	d:/ymir work/monster2/triton_magic/wait1.msa	0
metin2_patch_dragon_rock_mobs/ymir work/monster2/redthief_soldier2/back_knockdown.msa	d:/ymir work/monster2/redthief_soldier2/back_knockdown.msa	0
metin2_patch_dragon_rock_mobs/ymir work/monster2/triton_magic/wait1.gr2	d:/ymir work/monster2/triton_magic/wait1.gr2	0
metin2_patch_dragon_rock_mobs/ymir work/monster2/redthief_soldier2/front_damage.gr2	d:/ymir work/monster2/redthief_soldier2/front_damage.gr2	0
metin2_patch_dragon_rock_mobs/ymir work/monster2/redthief_soldier2/front_damage.msa	d:/ymir work/monster2/redthief_soldier2/front_damage.msa	0
metin2_patch_dragon_rock_mobs/ymir work/monster2/redthief_soldier2/front_dead.gr2	d:/ymir work/monster2/redthief_soldier2/front_dead.gr2	0
metin2_patch_dragon_rock_mobs/ymir work/monster2/redthief_soldier2/front_knockdown.msa	d:/ymir work/monster2/redthief_soldier2/front_knockdown.msa	0
metin2_patch_dragon_rock_mobs/ymir work/monster2/redthief_soldier2/front_standup.msa	d:/ymir work/monster2/redthief_soldier2/front_standup.msa	0
metin2_patch_dragon_rock_mobs/ymir work/monster2/redthief_soldier2/motlist.txt	d:/ymir work/monster2/redthief_soldier2/motlist.txt	0
metin2_patch_dragon_rock_mobs/ymir work/monster2/redthief_soldier2/normal_attack.gr2	d:/ymir work/monster2/redthief_soldier2/normal_attack.gr2	0
metin2_patch_dragon_rock_mobs/ymir work/monster2/redthief_soldier2/normal_attack.msa	d:/ymir work/monster2/redthief_soldier2/normal_attack.msa	0
metin2_patch_dragon_rock_mobs/ymir work/monster2/redthief_soldier2/normal_attack1.msa	d:/ymir work/monster2/redthief_soldier2/normal_attack1.msa	0
metin2_patch_dragon_rock_mobs/ymir work/monster2/redthief_soldier2/redthief_soldier2.wdp	d:/ymir work/monster2/redthief_soldier2/redthief_soldier2.wdp	0
metin2_patch_dragon_rock_mobs/ymir work/monster2/redthief_soldier2/walk.gr2	d:/ymir work/monster2/redthief_soldier2/walk.gr2	0
metin2_patch_dragon_rock_mobs/ymir work/monster2/redthief_soldier2/redthief_soldier2_lod_01.gr2	d:/ymir work/monster2/redthief_soldier2/redthief_soldier2_lod_01.gr2	0
metin2_patch_dragon_rock_mobs/ymir work/monster2/redthief_soldier2/run.gr2	d:/ymir work/monster2/redthief_soldier2/run.gr2	0
metin2_patch_dragon_rock_mobs/ymir work/monster2/redthief_soldier2/wait1.gr2	d:/ymir work/monster2/redthief_soldier2/wait1.gr2	0
metin2_patch_dragon_rock_mobs/ymir work/monster2/redthief_soldier2/wait2.gr2	d:/ymir work/monster2/redthief_soldier2/wait2.gr2	0
metin2_patch_dragon_rock_mobs/ymir work/monster2/redthief_soldier2/wait2.msa	d:/ymir work/monster2/redthief_soldier2/wait2.msa	0
metin2_patch_dragon_rock_mobs/ymir work/monster2/triton_boss/front_damage.gr2	d:/ymir work/monster2/triton_boss/front_damage.gr2	0
metin2_patch_dragon_rock_mobs/ymir work/monster2/triton_boss/back_damage.gr2	d:/ymir work/monster2/triton_boss/back_damage.gr2	0
metin2_patch_dragon_rock_mobs/ymir work/monster2/triton_boss/back_damage.msa	d:/ymir work/monster2/triton_boss/back_damage.msa	0
metin2_patch_dragon_rock_mobs/ymir work/monster2/triton_boss/back_damage1.gr2	d:/ymir work/monster2/triton_boss/back_damage1.gr2	0
metin2_patch_dragon_rock_mobs/ymir work/monster2/triton_boss/back_damage1.msa	d:/ymir work/monster2/triton_boss/back_damage1.msa	0
metin2_patch_dragon_rock_mobs/ymir work/monster2/triton_boss/back_knockdown.msa	d:/ymir work/monster2/triton_boss/back_knockdown.msa	0
metin2_patch_dragon_rock_mobs/ymir work/monster2/triton_boss/front_damage1.msa	d:/ymir work/monster2/triton_boss/front_damage1.msa	0
metin2_patch_dragon_rock_mobs/ymir work/monster2/triton_boss/front_knockdown.gr2	d:/ymir work/monster2/triton_boss/front_knockdown.gr2	0
metin2_patch_dragon_rock_mobs/ymir work/monster2/triton_boss/front_standup.msa	d:/ymir work/monster2/triton_boss/front_standup.msa	0
metin2_patch_dragon_rock_mobs/ymir work/monster2/triton_boss/motlist.txt	d:/ymir work/monster2/triton_boss/motlist.txt	0
metin2_patch_dragon_rock_mobs/ymir work/monster2/triton_boss/normal_attack.gr2	d:/ymir work/monster2/triton_boss/normal_attack.gr2	0
metin2_patch_dragon_rock_mobs/ymir work/monster2/triton_boss/normal_attack.msa	d:/ymir work/monster2/triton_boss/normal_attack.msa	0
metin2_patch_dragon_rock_mobs/ymir work/monster2/triton_boss/normal_attack1.msa	d:/ymir work/monster2/triton_boss/normal_attack1.msa	0
metin2_patch_dragon_rock_mobs/ymir work/monster2/triton_boss/triton_boss.wdp	d:/ymir work/monster2/triton_boss/triton_boss.wdp	0
metin2_patch_dragon_rock_mobs/ymir work/monster2/triton_boss/triton_boss.msm	d:/ymir work/monster2/triton_boss/triton_boss.msm	0
metin2_patch_dragon_rock_mobs/ymir work/monster2/triton_boss/wait1.gr2	d:/ymir work/monster2/triton_boss/wait1.gr2	0
metin2_patch_dragon_rock_mobs/ymir work/monster2/triton_boss/wait2.gr2	d:/ymir work/monster2/triton_boss/wait2.gr2	0
metin2_patch_dragon_rock_mobs/ymir work/monster2/triton_boss/walk.gr2	d:/ymir work/monster2/triton_boss/walk.gr2	0
metin2_patch_dragon_rock_mobs/ymir work/monster2/triton_boss/walk.msa	d:/ymir work/monster2/triton_boss/walk.msa	0
metin2_patch_dragon_rock_mobs/ymir work/monster2/triton_boss2/back_damage1.msa	d:/ymir work/monster2/triton_boss2/back_damage1.msa	0
metin2_patch_dragon_rock_mobs/ymir work/monster2/triton_boss2/back_knockdown.msa	d:/ymir work/monster2/triton_boss2/back_knockdown.msa	0
metin2_patch_dragon_rock_mobs/ymir work/monster2/triton_boss2/front_damage.gr2	d:/ymir work/monster2/triton_boss2/front_damage.gr2	0
metin2_patch_dragon_rock_mobs/ymir work/monster2/triton_boss2/front_damage1.gr2	d:/ymir work/monster2/triton_boss2/front_damage1.gr2	0
metin2_patch_dragon_rock_mobs/ymir work/monster2/triton_boss2/front_damage1.msa	d:/ymir work/monster2/triton_boss2/front_damage1.msa	0
metin2_patch_dragon_rock_mobs/ymir work/monster2/triton_boss2/front_dead.gr2	d:/ymir work/monster2/triton_boss2/front_dead.gr2	0
metin2_patch_dragon_rock_mobs/ymir work/monster2/triton_boss2/front_knockdown.msa	d:/ymir work/monster2/triton_boss2/front_knockdown.msa	0
metin2_patch_dragon_rock_mobs/ymir work/monster2/triton_boss2/front_standup.msa	d:/ymir work/monster2/triton_boss2/front_standup.msa	0
metin2_patch_dragon_rock_mobs/ymir work/monster2/triton_boss2/motlist.txt	d:/ymir work/monster2/triton_boss2/motlist.txt	0
metin2_patch_dragon_rock_mobs/ymir work/monster2/triton_boss2/normal_attack.gr2	d:/ymir work/monster2/triton_boss2/normal_attack.gr2	0
metin2_patch_dragon_rock_mobs/ymir work/monster2/triton_boss2/normal_attack1.gr2	d:/ymir work/monster2/triton_boss2/normal_attack1.gr2	0
metin2_patch_dragon_rock_mobs/ymir work/monster2/triton_boss2/normal_attack1.msa	d:/ymir work/monster2/triton_boss2/normal_attack1.msa	0
metin2_patch_dragon_rock_mobs/ymir work/monster2/triton_boss2/run.gr2	d:/ymir work/monster2/triton_boss2/run.gr2	0
metin2_patch_dragon_rock_mobs/ymir work/monster2/triton_boss2/run.msa	d:/ymir work/monster2/triton_boss2/run.msa	0
metin2_patch_dragon_rock_mobs/ymir work/monster2/triton_boss2/special_attack.gr2	d:/ymir work/monster2/triton_boss2/special_attack.gr2	0
metin2_patch_dragon_rock_mobs/ymir work/monster2/triton_boss2/special_attack.msa	d:/ymir work/monster2/triton_boss2/special_attack.msa	0
metin2_patch_dragon_rock_mobs/ymir work/monster2/triton_boss2/special_attack1.gr2	d:/ymir work/monster2/triton_boss2/special_attack1.gr2	0
metin2_patch_dragon_rock_mobs/ymir work/monster2/triton_boss2/triton_boss2_lod_01.gr2	d:/ymir work/monster2/triton_boss2/triton_boss2_lod_01.gr2	0
metin2_patch_dragon_rock_mobs/ymir work/monster2/triton_boss2/wait.gr2	d:/ymir work/monster2/triton_boss2/wait.gr2	0
metin2_patch_dragon_rock_mobs/ymir work/monster2/triton_boss2/wait3.msa	d:/ymir work/monster2/triton_boss2/wait3.msa	0
metin2_patch_dragon_rock_mobs/ymir work/monster2/triton_boss2/walk.msa	d:/ymir work/monster2/triton_boss2/walk.msa	0
metin2_patch_dragon_rock_mobs/ymir work/monster2/triton_general/back_damage.msa	d:/ymir work/monster2/triton_general/back_damage.msa	0
metin2_patch_dragon_rock_mobs/ymir work/monster2/triton_general/back_knockdown.msa	d:/ymir work/monster2/triton_general/back_knockdown.msa	0
metin2_patch_dragon_rock_mobs/ymir work/monster2/triton_general/front_damage.msa	d:/ymir work/monster2/triton_general/front_damage.msa	0
metin2_patch_dragon_rock_mobs/ymir work/monster2/triton_general/front_dead.gr2	d:/ymir work/monster2/triton_general/front_dead.gr2	0
metin2_patch_dragon_rock_mobs/ymir work/monster2/triton_general/front_knockdown.gr2	d:/ymir work/monster2/triton_general/front_knockdown.gr2	0
metin2_patch_dragon_rock_mobs/ymir work/monster2/triton_general/front_knockdown.msa	d:/ymir work/monster2/triton_general/front_knockdown.msa	0
metin2_patch_dragon_rock_mobs/ymir work/monster2/triton_general/front_standup.gr2	d:/ymir work/monster2/triton_general/front_standup.gr2	0
metin2_patch_dragon_rock_mobs/ymir work/monster2/triton_general/motlist.txt	d:/ymir work/monster2/triton_general/motlist.txt	0
metin2_patch_dragon_rock_mobs/ymir work/monster2/triton_general/normal_attack.gr2	d:/ymir work/monster2/triton_general/normal_attack.gr2	0
metin2_patch_dragon_rock_mobs/ymir work/monster2/triton_general/normal_attack.msa	d:/ymir work/monster2/triton_general/normal_attack.msa	0
metin2_patch_dragon_rock_mobs/ymir work/monster2/triton_general/normal_attack1.gr2	d:/ymir work/monster2/triton_general/normal_attack1.gr2	0
metin2_patch_dragon_rock_mobs/ymir work/monster2/triton_general/triton_general.gr2	d:/ymir work/monster2/triton_general/triton_general.gr2	0
metin2_patch_dragon_rock_mobs/ymir work/monster2/triton_general/triton_general.msm	d:/ymir work/monster2/triton_general/triton_general.msm	0
metin2_patch_dragon_rock_mobs/ymir work/monster2/triton_general/triton_general_lod_01.gr2	d:/ymir work/monster2/triton_general/triton_general_lod_01.gr2	0
metin2_patch_dragon_rock_mobs/ymir work/monster2/triton_general/wait.msa	d:/ymir work/monster2/triton_general/wait.msa	0
metin2_patch_dragon_rock_mobs/ymir work/monster2/triton_general/wait1.gr2	d:/ymir work/monster2/triton_general/wait1.gr2	0
metin2_patch_dragon_rock_mobs/ymir work/monster2/triton_general/walk.gr2	d:/ymir work/monster2/triton_general/walk.gr2	0
metin2_patch_dragon_rock_mobs/ymir work/monster2/triton_magic/back_damage.msa	d:/ymir work/monster2/triton_magic/back_damage.msa	0
metin2_patch_dragon_rock_mobs/ymir work/monster2/triton_magic/back_knockdown.gr2	d:/ymir work/monster2/triton_magic/back_knockdown.gr2	0
metin2_patch_dragon_rock_mobs/ymir work/monster2/triton_magic/back_knockdown.msa	d:/ymir work/monster2/triton_magic/back_knockdown.msa	0
metin2_patch_dragon_rock_mobs/ymir work/monster2/triton_magic/front_dead.gr2	d:/ymir work/monster2/triton_magic/front_dead.gr2	0
metin2_patch_dragon_rock_mobs/ymir work/monster2/triton_magic/front_standup.msa	d:/ymir work/monster2/triton_magic/front_standup.msa	0
metin2_patch_dragon_rock_mobs/ymir work/monster2/triton_magic/motlist.txt	d:/ymir work/monster2/triton_magic/motlist.txt	0
metin2_patch_dragon_rock_mobs/ymir work/monster2/triton_magic/normal_attack.gr2	d:/ymir work/monster2/triton_magic/normal_attack.gr2	0
metin2_patch_dragon_rock_mobs/ymir work/monster2/triton_magic/normal_attack.msa	d:/ymir work/monster2/triton_magic/normal_attack.msa	0
metin2_patch_dragon_rock_mobs/ymir work/monster2/triton_magic/normal_attack1.gr2	d:/ymir work/monster2/triton_magic/normal_attack1.gr2	0
metin2_patch_dragon_rock_mobs/ymir work/monster2/triton_magic/normal_attack1.msa	d:/ymir work/monster2/triton_magic/normal_attack1.msa	0
metin2_patch_dragon_rock_mobs/ymir work/monster2/triton_magic/run.gr2	d:/ymir work/monster2/triton_magic/run.gr2	0
metin2_patch_dragon_rock_mobs/ymir work/monster2/triton_magic/run.msa	d:/ymir work/monster2/triton_magic/run.msa	0
metin2_patch_dragon_rock_mobs/ymir work/monster2/triton_magic/triton_magic.gr2	d:/ymir work/monster2/triton_magic/triton_magic.gr2	0
metin2_patch_dragon_rock_mobs/ymir work/monster2/triton_magic/triton_magic.msm	d:/ymir work/monster2/triton_magic/triton_magic.msm	0
metin2_patch_dragon_rock_mobs/ymir work/monster2/triton_magic/wait.msa	d:/ymir work/monster2/triton_magic/wait.msa	0
metin2_patch_dragon_rock_mobs/ymir work/monster2/triton_magic/walk.msa	d:/ymir work/monster2/triton_magic/walk.msa	0
metin2_patch_dragon_rock_mobs/ymir work/monster2/triton_officer/back_damage.msa	d:/ymir work/monster2/triton_officer/back_damage.msa	0
metin2_patch_dragon_rock_mobs/ymir work/monster2/triton_officer/back_knockdown.gr2	d:/ymir work/monster2/triton_officer/back_knockdown.gr2	0
metin2_patch_dragon_rock_mobs/ymir work/monster2/triton_officer/front_damage.gr2	d:/ymir work/monster2/triton_officer/front_damage.gr2	0
metin2_patch_dragon_rock_mobs/ymir work/monster2/triton_officer/front_damage.msa	d:/ymir work/monster2/triton_officer/front_damage.msa	0
metin2_patch_dragon_rock_mobs/ymir work/monster2/triton_officer/front_dead.msa	d:/ymir work/monster2/triton_officer/front_dead.msa	0
metin2_patch_dragon_rock_mobs/ymir work/monster2/triton_officer/front_standup.gr2	d:/ymir work/monster2/triton_officer/front_standup.gr2	0
metin2_patch_dragon_rock_mobs/ymir work/monster2/triton_officer/front_standup.msa	d:/ymir work/monster2/triton_officer/front_standup.msa	0
metin2_patch_dragon_rock_mobs/ymir work/monster2/triton_officer/normal_attack1.gr2	d:/ymir work/monster2/triton_officer/normal_attack1.gr2	0
metin2_patch_dragon_rock_mobs/ymir work/monster2/triton_officer/triton_officer.wdp	d:/ymir work/monster2/triton_officer/triton_officer.wdp	0
metin2_patch_dragon_rock_mobs/ymir work/monster2/triton_officer/triton_officer.gr2	d:/ymir work/monster2/triton_officer/triton_officer.gr2	0
metin2_patch_dragon_rock_mobs/ymir work/monster2/triton_officer/triton_officer.msm	d:/ymir work/monster2/triton_officer/triton_officer.msm	0
metin2_patch_dragon_rock_mobs/ymir work/monster2/triton_officer/wait.msa	d:/ymir work/monster2/triton_officer/wait.msa	0
metin2_patch_dragon_rock_mobs/ymir work/monster2/triton_officer/walk.gr2	d:/ymir work/monster2/triton_officer/walk.gr2	0
metin2_patch_dragon_rock_mobs/ymir work/monster2/triton_officer/walk.msa	d:/ymir work/monster2/triton_officer/walk.msa	0
metin2_patch_dragon_rock_mobs/ymir work/monster2/triton_soldier/back_damage.msa	d:/ymir work/monster2/triton_soldier/back_damage.msa	0
metin2_patch_dragon_rock_mobs/ymir work/monster2/triton_soldier/front_damage.gr2	d:/ymir work/monster2/triton_soldier/front_damage.gr2	0
metin2_patch_dragon_rock_mobs/ymir work/monster2/triton_soldier/front_dead.gr2	d:/ymir work/monster2/triton_soldier/front_dead.gr2	0
metin2_patch_dragon_rock_mobs/ymir work/monster2/triton_soldier/front_knockdown.msa	d:/ymir work/monster2/triton_soldier/front_knockdown.msa	0
metin2_patch_dragon_rock_mobs/ymir work/monster2/triton_soldier/front_standup.gr2	d:/ymir work/monster2/triton_soldier/front_standup.gr2	0
metin2_patch_dragon_rock_mobs/ymir work/monster2/triton_soldier/front_standup.msa	d:/ymir work/monster2/triton_soldier/front_standup.msa	0
metin2_patch_dragon_rock_mobs/ymir work/monster2/triton_soldier/normal_attack.gr2	d:/ymir work/monster2/triton_soldier/normal_attack.gr2	0
metin2_patch_dragon_rock_mobs/ymir work/monster2/triton_soldier/normal_attack.msa	d:/ymir work/monster2/triton_soldier/normal_attack.msa	0
metin2_patch_dragon_rock_mobs/ymir work/monster2/triton_soldier/run.msa	d:/ymir work/monster2/triton_soldier/run.msa	0
metin2_patch_dragon_rock_mobs/ymir work/monster2/triton_soldier/triton_soldier.wdp	d:/ymir work/monster2/triton_soldier/triton_soldier.wdp	0
metin2_patch_dragon_rock_mobs/ymir work/monster2/triton_soldier/triton_soldier.gr2	d:/ymir work/monster2/triton_soldier/triton_soldier.gr2	0
metin2_patch_dragon_rock_mobs/ymir work/monster2/triton_soldier/triton_soldier.msm	d:/ymir work/monster2/triton_soldier/triton_soldier.msm	0
metin2_patch_dragon_rock_mobs/ymir work/monster2/triton_soldier/triton_soldier_weapon.wdp	d:/ymir work/monster2/triton_soldier/triton_soldier_weapon.wdp	0
metin2_patch_dragon_rock_mobs/ymir work/monster2/triton_soldier/wait1.gr2	d:/ymir work/monster2/triton_soldier/wait1.gr2	0
metin2_patch_dragon_rock_mobs/ymir work/monster2/triton_soldier2/back_knockdown.gr2	d:/ymir work/monster2/triton_soldier2/back_knockdown.gr2	0
metin2_patch_dragon_rock_mobs/ymir work/monster2/triton_soldier2/front_damage.gr2	d:/ymir work/monster2/triton_soldier2/front_damage.gr2	0
metin2_patch_dragon_rock_mobs/ymir work/monster2/triton_soldier2/front_damage.msa	d:/ymir work/monster2/triton_soldier2/front_damage.msa	0
metin2_patch_dragon_rock_mobs/ymir work/monster2/triton_soldier2/front_dead.msa	d:/ymir work/monster2/triton_soldier2/front_dead.msa	0
metin2_patch_dragon_rock_mobs/ymir work/monster2/triton_soldier2/front_knockdown.gr2	d:/ymir work/monster2/triton_soldier2/front_knockdown.gr2	0
metin2_patch_dragon_rock_mobs/ymir work/effect/monster2/tornado1_blue.mse	d:/ymir work/effect/monster2/tornado1_blue.mse	0
metin2_patch_dragon_rock_mobs/ymir work/monster2/triton_soldier2/front_standup.gr2	d:/ymir work/monster2/triton_soldier2/front_standup.gr2	0
metin2_patch_dragon_rock_mobs/ymir work/monster2/triton_soldier2/front_standup.msa	d:/ymir work/monster2/triton_soldier2/front_standup.msa	0
metin2_patch_dragon_rock_mobs/ymir work/monster2/triton_soldier2/motlist.txt	d:/ymir work/monster2/triton_soldier2/motlist.txt	0
metin2_patch_dragon_rock_mobs/ymir work/monster2/triton_soldier2/normal_attack.gr2	d:/ymir work/monster2/triton_soldier2/normal_attack.gr2	0
metin2_patch_dragon_rock_mobs/ymir work/monster2/triton_soldier2/normal_attack.msa	d:/ymir work/monster2/triton_soldier2/normal_attack.msa	0
metin2_patch_dragon_rock_mobs/ymir work/monster2/triton_soldier2/normal_attack1.gr2	d:/ymir work/monster2/triton_soldier2/normal_attack1.gr2	0
metin2_patch_dragon_rock_mobs/ymir work/monster2/triton_soldier2/run.msa	d:/ymir work/monster2/triton_soldier2/run.msa	0
metin2_patch_dragon_rock_mobs/ymir work/monster2/triton_soldier2/triton_soldier2.wdp	d:/ymir work/monster2/triton_soldier2/triton_soldier2.wdp	0
metin2_patch_dragon_rock_mobs/ymir work/monster2/triton_soldier2/triton_soldier2.gr2	d:/ymir work/monster2/triton_soldier2/triton_soldier2.gr2	0
metin2_patch_dragon_rock_mobs/ymir work/monster2/triton_soldier2/triton_soldier2_lod_01.gr2	d:/ymir work/monster2/triton_soldier2/triton_soldier2_lod_01.gr2	0
metin2_patch_dragon_rock_mobs/ymir work/monster2/triton_soldier2/triton_soldier2_weapon.wdp	d:/ymir work/monster2/triton_soldier2/triton_soldier2_weapon.wdp	0
metin2_patch_dragon_rock_mobs/ymir work/effect/monster2/fury1.mde	d:/ymir work/effect/monster2/fury1.mde	0
metin2_patch_dragon_rock_mobs/ymir work/monster2/triton_soldier2/wait.gr2	d:/ymir work/monster2/triton_soldier2/wait.gr2	0
metin2_patch_dragon_rock_mobs/ymir work/monster2/triton_soldier2/wait.msa	d:/ymir work/monster2/triton_soldier2/wait.msa	0
metin2_patch_dragon_rock_mobs/ymir work/monster2/triton_soldier2/wait1.gr2	d:/ymir work/monster2/triton_soldier2/wait1.gr2	0
metin2_patch_dragon_rock_mobs/ymir work/monster2/triton_soldier2/walk.msa	d:/ymir work/monster2/triton_soldier2/walk.msa	0
metin2_patch_dragon_rock_mobs/ymir work/effect/monster/holy_red1_throw.mse	d:/ymir work/effect/monster/holy_red1_throw.mse	0
metin2_patch_dragon_rock_mobs/ymir work/effect/monster/red_blow1.mse	d:/ymir work/effect/monster/red_blow1.mse	0
metin2_patch_dragon_rock_mobs/ymir work/effect/monster2/blast1.mse	d:/ymir work/effect/monster2/blast1.mse	0
metin2_patch_dragon_rock_mobs/ymir work/effect/monster2/boom3.dds	d:/ymir work/effect/monster2/boom3.dds	0
metin2_patch_dragon_rock_mobs/ymir work/effect/monster2/casting2.mse	d:/ymir work/effect/monster2/casting2.mse	0
metin2_patch_dragon_rock_mobs/ymir work/effect/monster2/impact2.mse	d:/ymir work/effect/monster2/impact2.mse	0
metin2_patch_dragon_rock_mobs/ymir work/effect/monster2/impact3.mde	d:/ymir work/effect/monster2/impact3.mde	0
metin2_patch_dragon_rock_mobs/ymir work/effect/monster2/impact_dirt1.mse	d:/ymir work/effect/monster2/impact_dirt1.mse	0
metin2_patch_dragon_rock_mobs/ymir work/effect/monster2/light_emissive4.mse	d:/ymir work/effect/monster2/light_emissive4.mse	0
metin2_patch_dragon_rock_mobs/ymir work/effect/monster2/mash_ray1_2.mde	d:/ymir work/effect/monster2/mash_ray1_2.mde	0
metin2_patch_dragon_rock_mobs/ymir work/effect/monster2/mash_spell1_1.mde	d:/ymir work/effect/monster2/mash_spell1_1.mde	0
metin2_patch_dragon_rock_mobs/ymir work/effect/monster2/mash_trunk1.mde	d:/ymir work/effect/monster2/mash_trunk1.mde	0
metin2_patch_dragon_rock_mobs/ymir work/effect/monster2/mob_hide1.mse	d:/ymir work/effect/monster2/mob_hide1.mse	0
metin2_patch_dragon_rock_mobs/ymir work/effect/monster2/mob_hide2.mse	d:/ymir work/effect/monster2/mob_hide2.mse	0
metin2_patch_dragon_rock_mobs/ymir work/effect/monster2/mob_show1.mse	d:/ymir work/effect/monster2/mob_show1.mse	0
metin2_patch_dragon_rock_mobs/ymir work/effect/monster2/poison_redblack.mse	d:/ymir work/effect/monster2/poison_redblack.mse	0
metin2_patch_dragon_rock_mobs/ymir work/effect/monster2/red_boom1.mse	d:/ymir work/effect/monster2/red_boom1.mse	0
metin2_patch_dragon_rock_mobs/ymir work/effect/monster2/ring01.wdp	d:/ymir work/effect/monster2/ring01.wdp	0
metin2_patch_dragon_rock_mobs/ymir work/effect/monster2/smoke2.mse	d:/ymir work/effect/monster2/smoke2.mse	0
metin2_patch_dragon_rock_mobs/ymir work/effect/monster2/smoke_dirt1.wdp	d:/ymir work/effect/monster2/smoke_dirt1.wdp	0
metin2_patch_dragon_rock_mobs/ymir work/effect/monster2/smoke_dirt1.mse	d:/ymir work/effect/monster2/smoke_dirt1.mse	0
metin2_patch_dragon_rock_mobs/ymir work/effect/monster2/spell1.mse	d:/ymir work/effect/monster2/spell1.mse	0
metin2_patch_dragon_rock_mobs/ymir work/effect/monster2/spell1_1.dds	d:/ymir work/effect/monster2/spell1_1.dds	0
metin2_patch_dragon_rock_mobs/ymir work/effect/monster2/spell2.mse	d:/ymir work/effect/monster2/spell2.mse	0
metin2_patch_dragon_rock_mobs/ymir work/effect/monster2/tornado2.wdp	d:/ymir work/effect/monster2/tornado2.wdp	0
metin2_patch_dragon_rock_mobs/ymir work/effect/monster2/tornado2.mse	d:/ymir work/effect/monster2/tornado2.mse	0
metin2_patch_dragon_rock_mobs/ymir work/effect/monster2/tornado3.dds	d:/ymir work/effect/monster2/tornado3.dds	0
metin2_patch_dragon_rock_mobs/ymir work/effect/monster2/tornado_dirt1.wdp	d:/ymir work/effect/monster2/tornado_dirt1.wdp	0
metin2_patch_dragon_rock_mobs/ymir work/effect/monster2/trunk1_fly.msf	d:/ymir work/effect/monster2/trunk1_fly.msf	0
