metin2_patch_eu3/ymir work/monster2/zombie_soldier_bow/zombie_soldier.dds	d:/ymir work/monster2/zombie_soldier_bow/zombie_soldier.dds	1
metin2_patch_eu3/ymir work/monster2/zombie_soldier_bow/37.gr2	d:/ymir work/monster2/zombie_soldier_bow/37.gr2	1
metin2_patch_eu3/ymir work/monster2/zombie_soldier_bow/32.msa	d:/ymir work/monster2/zombie_soldier_bow/32.msa	1
metin2_patch_eu3/metin2_map_devilscatacomb/004007/attr.atr	metin2_map_devilscatacomb/004007/attr.atr	1
metin2_patch_eu3/metin2_map_devilscatacomb/map_dd_teste.msenv	metin2_map_devilscatacomb/map_dd_teste.msenv	1
metin2_patch_eu3/metin2_map_devilscatacomb/000003/water.wtr	metin2_map_devilscatacomb/000003/water.wtr	1
metin2_patch_eu3/ymir work/zone/devilcave/statue2_1.dds	d:/ymir work/zone/devilcave/statue2_1.dds	1
metin2_patch_eu3/ymir work/monster2/zombie_general/03.gr2	d:/ymir work/monster2/zombie_general/03.gr2	1
metin2_patch_eu3/metin2_map_devilscatacomb/001005/water.wtr	metin2_map_devilscatacomb/001005/water.wtr	1
metin2_patch_eu3/ymir work/monster2/zombie_god/25.gr2	d:/ymir work/monster2/zombie_god/25.gr2	1
metin2_patch_eu3/metin2_map_devilscatacomb/006005/water.wtr	metin2_map_devilscatacomb/006005/water.wtr	1
metin2_patch_eu3/metin2_map_devilscatacomb/006000/tile.raw	metin2_map_devilscatacomb/006000/tile.raw	1
metin2_patch_eu3/metin2_map_devilscatacomb/000005/attr.atr	metin2_map_devilscatacomb/000005/attr.atr	1
metin2_patch_eu3/metin2_map_devilscatacomb/001007/tile.raw	metin2_map_devilscatacomb/001007/tile.raw	1
metin2_patch_eu3/metin2_map_devilscatacomb/000000/areaambiencedata.txt	metin2_map_devilscatacomb/000000/areaambiencedata.txt	1
metin2_patch_eu3/ymir work/monster2/zombie_diseased_kid/motlist.txt	d:/ymir work/monster2/zombie_diseased_kid/motlist.txt	1
metin2_patch_eu3/ymir work/monster2/zombie_soldier_scythe/30_1.msa	d:/ymir work/monster2/zombie_soldier_scythe/30_1.msa	1
metin2_patch_eu3/metin2_map_devilscatacomb/000005/areaproperty.txt	metin2_map_devilscatacomb/000005/areaproperty.txt	1
metin2_patch_eu3/metin2_map_devilscatacomb/006005/height.raw	metin2_map_devilscatacomb/006005/height.raw	1
metin2_patch_eu3/ymir work/monster2/zombie_bigboss/zombie_bigboss_lod_01.gr2	d:/ymir work/monster2/zombie_bigboss/zombie_bigboss_lod_01.gr2	1
metin2_patch_eu3/metin2_map_devilscatacomb/mapproperty.txt	metin2_map_devilscatacomb/mapproperty.txt	1
metin2_patch_eu3/ymir work/monster2/zombie_general/30.msa	d:/ymir work/monster2/zombie_general/30.msa	1
metin2_patch_eu3/metin2_map_devilscatacomb/003006/shadowmap.raw	metin2_map_devilscatacomb/003006/shadowmap.raw	1
metin2_patch_eu3/metin2_map_devilscatacomb/004004/water.wtr	metin2_map_devilscatacomb/004004/water.wtr	1
metin2_patch_eu3/metin2_map_devilscatacomb/000002/shadowmap.dds	metin2_map_devilscatacomb/000002/shadowmap.dds	1
metin2_patch_eu3/metin2_map_devilscatacomb/002003/shadowmap.raw	metin2_map_devilscatacomb/002003/shadowmap.raw	1
metin2_patch_eu3/sound/monster2/zombie_bigboss2/special_attack01.mss	sound/monster2/zombie_bigboss2/special_attack01.mss	1
metin2_patch_eu3/metin2_map_devilscatacomb/regen.txt	metin2_map_devilscatacomb/regen.txt	1
metin2_patch_eu3/ymir work/monster2/zombie_diseased_sword/20.msa	d:/ymir work/monster2/zombie_diseased_sword/20.msa	1
metin2_patch_eu3/ymir work/monster2/zombie_diseased_boss/30.gr2	d:/ymir work/monster2/zombie_diseased_boss/30.gr2	1
metin2_patch_eu3/ymir work/monster2/zombie_soldier_bow/35.gr2	d:/ymir work/monster2/zombie_soldier_bow/35.gr2	1
metin2_patch_eu3/metin2_map_devilscatacomb/001001/tile.raw	metin2_map_devilscatacomb/001001/tile.raw	1
metin2_patch_eu3/sound/monster2/zombie_ghost/03.mss	sound/monster2/zombie_ghost/03.mss	1
metin2_patch_eu3/metin2_map_devilscatacomb/000002/attr.atr	metin2_map_devilscatacomb/000002/attr.atr	1
metin2_patch_eu3/metin2_map_devilscatacomb/000000/attr.atr	metin2_map_devilscatacomb/000000/attr.atr	1
metin2_patch_eu3/metin2_map_devilscatacomb/001003/tile.raw	metin2_map_devilscatacomb/001003/tile.raw	1
metin2_patch_eu3/ymir work/monster2/zombie_diseased_infector/02.gr2	d:/ymir work/monster2/zombie_diseased_infector/02.gr2	1
metin2_patch_eu3/ymir work/monster2/zombie_diseased_sword/30.msa	d:/ymir work/monster2/zombie_diseased_sword/30.msa	1
metin2_patch_eu3/metin2_map_devilscatacomb/setting.txt	metin2_map_devilscatacomb/setting.txt	1
metin2_patch_eu3/sound/monster2/zombie_king/20_1.mss	sound/monster2/zombie_king/20_1.mss	1
metin2_patch_eu3/metin2_map_devilscatacomb/000000/water.wtr	metin2_map_devilscatacomb/000000/water.wtr	1
metin2_patch_eu3/ymir work/monster2/zombie_soldier_spear/35.msa	d:/ymir work/monster2/zombie_soldier_spear/35.msa	1
metin2_patch_eu3/ymir work/monster2/zombie_general/zombie_general.dds	d:/ymir work/monster2/zombie_general/zombie_general.dds	1
metin2_patch_eu3/metin2_map_devilscatacomb/000006/water.wtr	metin2_map_devilscatacomb/000006/water.wtr	1
metin2_patch_eu3/metin2_map_devilscatacomb/001002/shadowmap.dds	metin2_map_devilscatacomb/001002/shadowmap.dds	1
metin2_patch_eu3/metin2_map_devilscatacomb/000000/areadata.txt	metin2_map_devilscatacomb/000000/areadata.txt	1
metin2_patch_eu3/ymir work/monster2/zombie_diseased_dog/35.msa	d:/ymir work/monster2/zombie_diseased_dog/35.msa	1
metin2_patch_eu3/ymir work/monster2/zombie_general/motlist.txt	d:/ymir work/monster2/zombie_general/motlist.txt	1
metin2_patch_eu3/metin2_map_devilscatacomb/004006/water.wtr	metin2_map_devilscatacomb/004006/water.wtr	1
metin2_patch_eu3/metin2_map_devilscatacomb/002005/height.raw	metin2_map_devilscatacomb/002005/height.raw	1
metin2_patch_eu3/metin2_map_devilscatacomb/001003/areaambiencedata.txt	metin2_map_devilscatacomb/001003/areaambiencedata.txt	1
metin2_patch_eu3/metin2_map_devilscatacomb/000000/areaproperty.txt	metin2_map_devilscatacomb/000000/areaproperty.txt	1
metin2_patch_eu3/metin2_map_devilscatacomb/001003/shadowmap.raw	metin2_map_devilscatacomb/001003/shadowmap.raw	1
metin2_patch_eu3/metin2_map_devilscatacomb/000000/height.raw	metin2_map_devilscatacomb/000000/height.raw	1
metin2_patch_eu3/metin2_map_devilscatacomb/005003/tile.raw	metin2_map_devilscatacomb/005003/tile.raw	1
metin2_patch_eu3/metin2_map_devilscatacomb/000001/height.raw	metin2_map_devilscatacomb/000001/height.raw	1
metin2_patch_eu3/metin2_map_devilscatacomb/003007/areaproperty.txt	metin2_map_devilscatacomb/003007/areaproperty.txt	1
metin2_patch_eu3/metin2_map_devilscatacomb/003003/shadowmap.raw	metin2_map_devilscatacomb/003003/shadowmap.raw	1
metin2_patch_eu3/metin2_map_devilscatacomb/000000/shadowmap.dds	metin2_map_devilscatacomb/000000/shadowmap.dds	1
metin2_patch_eu3/metin2_map_devilscatacomb/003001/shadowmap.raw	metin2_map_devilscatacomb/003001/shadowmap.raw	1
metin2_patch_eu3/metin2_map_devilscatacomb/000002/shadowmap.raw	metin2_map_devilscatacomb/000002/shadowmap.raw	1
metin2_patch_eu3/ymir work/monster2/zombie_diseased_dog/31.gr2	d:/ymir work/monster2/zombie_diseased_dog/31.gr2	1
metin2_patch_eu3/ymir work/monster2/zombie_diseased_dog/30.gr2	d:/ymir work/monster2/zombie_diseased_dog/30.gr2	1
metin2_patch_eu3/ymir work/zone/devilcave/devil_entrance2f_3f.gr2	d:/ymir work/zone/devilcave/devil_entrance2f_3f.gr2	1
metin2_patch_eu3/ymir work/monster2/zombie_diseased_spear/03.msa	d:/ymir work/monster2/zombie_diseased_spear/03.msa	1
metin2_patch_eu3/metin2_map_devilscatacomb/000000/shadowmap.raw	metin2_map_devilscatacomb/000000/shadowmap.raw	1
metin2_patch_eu3/sound/monster2/zombie_diseased_bow/37.mss	sound/monster2/zombie_diseased_bow/37.mss	1
metin2_patch_eu3/metin2_map_devilscatacomb/000002/areadata.txt	metin2_map_devilscatacomb/000002/areadata.txt	1
metin2_patch_eu3/metin2_map_devilscatacomb/000000/tile.raw	metin2_map_devilscatacomb/000000/tile.raw	1
metin2_patch_eu3/metin2_map_devilscatacomb/000003/height.raw	metin2_map_devilscatacomb/000003/height.raw	1
metin2_patch_eu3/sound/monster2/zombie_soldier_bow/34.mss	sound/monster2/zombie_soldier_bow/34.mss	1
metin2_patch_eu3/sound/monster2/zombie_bigboss2/front_damage01.mss	sound/monster2/zombie_bigboss2/front_damage01.mss	1
metin2_patch_eu3/metin2_map_devilscatacomb/004006/attr.atr	metin2_map_devilscatacomb/004006/attr.atr	1
metin2_patch_eu3/sound/monster2/zombie_soldier_scythe/03.mss	sound/monster2/zombie_soldier_scythe/03.mss	1
metin2_patch_eu3/sound/monster2/zombie_diseased_infector/31.mss	sound/monster2/zombie_diseased_infector/31.mss	1
metin2_patch_eu3/metin2_map_devilscatacomb/004006/areaproperty.txt	metin2_map_devilscatacomb/004006/areaproperty.txt	1
metin2_patch_eu3/ymir work/monster2/zombie_diseased_sword/00.gr2	d:/ymir work/monster2/zombie_diseased_sword/00.gr2	1
metin2_patch_eu3/metin2_map_devilscatacomb/000001/areaambiencedata.txt	metin2_map_devilscatacomb/000001/areaambiencedata.txt	1
metin2_patch_eu3/metin2_map_devilscatacomb/006005/areaproperty.txt	metin2_map_devilscatacomb/006005/areaproperty.txt	1
metin2_patch_eu3/metin2_map_devilscatacomb/000001/areadata.txt	metin2_map_devilscatacomb/000001/areadata.txt	1
metin2_patch_eu3/metin2_map_devilscatacomb/000004/areadata.txt	metin2_map_devilscatacomb/000004/areadata.txt	1
metin2_patch_eu3/metin2_map_devilscatacomb/000002/height.raw	metin2_map_devilscatacomb/000002/height.raw	1
metin2_patch_eu3/metin2_map_devilscatacomb/000001/attr.atr	metin2_map_devilscatacomb/000001/attr.atr	1
metin2_patch_eu3/metin2_map_devilscatacomb/006006/shadowmap.dds	metin2_map_devilscatacomb/006006/shadowmap.dds	1
metin2_patch_eu3/metin2_map_devilscatacomb/003001/tile.raw	metin2_map_devilscatacomb/003001/tile.raw	1
metin2_patch_eu3/metin2_map_devilscatacomb/000001/areaproperty.txt	metin2_map_devilscatacomb/000001/areaproperty.txt	1
metin2_patch_eu3/ymir work/npc/dog_god/dog_god_0.msm	d:/ymir work/npc/dog_god/dog_god_0.msm	1
metin2_patch_eu3/ymir work/monster2/zombie_diseased_dog/motlist.txt	d:/ymir work/monster2/zombie_diseased_dog/motlist.txt	1
metin2_patch_eu3/metin2_map_devilscatacomb/006006/areadata.txt	metin2_map_devilscatacomb/006006/areadata.txt	1
metin2_patch_eu3/metin2_map_devilscatacomb/000001/shadowmap.dds	metin2_map_devilscatacomb/000001/shadowmap.dds	1
metin2_patch_eu3/ymir work/monster2/zombie_magician/32.gr2	d:/ymir work/monster2/zombie_magician/32.gr2	1
metin2_patch_eu3/metin2_map_devilscatacomb/000003/areadata.txt	metin2_map_devilscatacomb/000003/areadata.txt	1
metin2_patch_eu3/metin2_map_devilscatacomb/006001/water.wtr	metin2_map_devilscatacomb/006001/water.wtr	1
metin2_patch_eu3/ymir work/monster2/zombie_diseased_kid/30.gr2	d:/ymir work/monster2/zombie_diseased_kid/30.gr2	1
metin2_patch_eu3/metin2_map_devilscatacomb/000001/shadowmap.raw	metin2_map_devilscatacomb/000001/shadowmap.raw	1
metin2_patch_eu3/sound/monster2/zombie_diseased_spear/34.mss	sound/monster2/zombie_diseased_spear/34.mss	1
metin2_patch_eu3/sound/monster2/zombie_magician/34.mss	sound/monster2/zombie_magician/34.mss	1
metin2_patch_eu3/sound/monster2/zombie_bigboss/32.mss	sound/monster2/zombie_bigboss/32.mss	1
metin2_patch_eu3/ymir work/effect/monster2/smoke01.dds	d:/ymir work/effect/monster2/smoke01.dds	1
metin2_patch_eu3/sound/monster2/zombie_king/24.mss	sound/monster2/zombie_king/24.mss	1
metin2_patch_eu3/sound/monster2/zombie_soldier_bow/35.mss	sound/monster2/zombie_soldier_bow/35.mss	1
metin2_patch_eu3/ymir work/monster/metinstone_02/metinstone_attack.msa	d:/ymir work/monster/metinstone_02/metinstone_attack.msa	1
metin2_patch_eu3/metin2_map_devilscatacomb/000004/height.raw	metin2_map_devilscatacomb/000004/height.raw	1
metin2_patch_eu3/metin2_map_devilscatacomb/000001/tile.raw	metin2_map_devilscatacomb/000001/tile.raw	1
metin2_patch_eu3/metin2_map_devilscatacomb/003000/areaambiencedata.txt	metin2_map_devilscatacomb/003000/areaambiencedata.txt	1
metin2_patch_eu3/metin2_map_devilscatacomb/003007/attr.atr	metin2_map_devilscatacomb/003007/attr.atr	1
metin2_patch_eu3/metin2_map_devilscatacomb/000001/water.wtr	metin2_map_devilscatacomb/000001/water.wtr	1
metin2_patch_eu3/sound/monster2/zombie_skeleton_god/37.mss	sound/monster2/zombie_skeleton_god/37.mss	1
metin2_patch_eu3/ymir work/npc/boar/boar_3_lod_01.gr2	d:/ymir work/npc/boar/boar_3_lod_01.gr2	1
metin2_patch_eu3/metin2_map_devilscatacomb/000007/water.wtr	metin2_map_devilscatacomb/000007/water.wtr	1
metin2_patch_eu3/metin2_map_devilscatacomb/006005/areaambiencedata.txt	metin2_map_devilscatacomb/006005/areaambiencedata.txt	1
metin2_patch_eu3/metin2_map_devilscatacomb/000002/areaambiencedata.txt	metin2_map_devilscatacomb/000002/areaambiencedata.txt	1
metin2_patch_eu3/metin2_map_devilscatacomb/000005/areadata.txt	metin2_map_devilscatacomb/000005/areadata.txt	1
metin2_patch_eu3/ymir work/monster2/zombie_diseased_boss/zombie_bigboss1_weapon.dds	d:/ymir work/monster2/zombie_diseased_boss/zombie_bigboss1_weapon.dds	1
metin2_patch_eu3/metin2_map_devilscatacomb/000004/tile.raw	metin2_map_devilscatacomb/000004/tile.raw	1
metin2_patch_eu3/ymir work/npc2/phoenix1/phoenix1.dds	d:/ymir work/npc2/phoenix1/phoenix1.dds	1
metin2_patch_eu3/metin2_map_devilscatacomb/005001/tile.raw	metin2_map_devilscatacomb/005001/tile.raw	1
metin2_patch_eu3/metin2_map_devilscatacomb/000002/areaproperty.txt	metin2_map_devilscatacomb/000002/areaproperty.txt	1
metin2_patch_eu3/metin2_map_devilscatacomb/000005/water.wtr	metin2_map_devilscatacomb/000005/water.wtr	1
metin2_patch_eu3/metin2_map_devilscatacomb/000005/areaambiencedata.txt	metin2_map_devilscatacomb/000005/areaambiencedata.txt	1
metin2_patch_eu3/metin2_map_devilscatacomb/003002/areadata.txt	metin2_map_devilscatacomb/003002/areadata.txt	1
metin2_patch_eu3/metin2_map_devilscatacomb/003000/height.raw	metin2_map_devilscatacomb/003000/height.raw	1
metin2_patch_eu3/metin2_map_devilscatacomb/000002/tile.raw	metin2_map_devilscatacomb/000002/tile.raw	1
metin2_patch_eu3/metin2_map_devilscatacomb/002003/height.raw	metin2_map_devilscatacomb/002003/height.raw	1
metin2_patch_eu3/metin2_map_devilscatacomb/000002/water.wtr	metin2_map_devilscatacomb/000002/water.wtr	1
metin2_patch_eu3/metin2_map_devilscatacomb/000004/attr.atr	metin2_map_devilscatacomb/000004/attr.atr	1
metin2_patch_eu3/ymir work/monster2/zombie_bigboss/motlist.txt	d:/ymir work/monster2/zombie_bigboss/motlist.txt	1
metin2_patch_eu3/ymir work/monster2/zombie_diseased_infector/32.gr2	d:/ymir work/monster2/zombie_diseased_infector/32.gr2	1
metin2_patch_eu3/metin2_map_devilscatacomb/003000/areaproperty.txt	metin2_map_devilscatacomb/003000/areaproperty.txt	1
metin2_patch_eu3/metin2_map_devilscatacomb/000003/areaambiencedata.txt	metin2_map_devilscatacomb/000003/areaambiencedata.txt	1
metin2_patch_eu3/metin2_map_devilscatacomb/000003/areaproperty.txt	metin2_map_devilscatacomb/000003/areaproperty.txt	1
metin2_patch_eu3/ymir work/monster2/zombie_soldier_bow/34.gr2	d:/ymir work/monster2/zombie_soldier_bow/34.gr2	1
metin2_patch_eu3/ymir work/monster2/zombie_soldier_bow/31.msa	d:/ymir work/monster2/zombie_soldier_bow/31.msa	1
metin2_patch_eu3/metin2_map_devilscatacomb/000005/height.raw	metin2_map_devilscatacomb/000005/height.raw	1
metin2_patch_eu3/ymir work/monster2/zombie_diseased_infector/20.gr2	d:/ymir work/monster2/zombie_diseased_infector/20.gr2	1
metin2_patch_eu3/metin2_map_devilscatacomb/000003/attr.atr	metin2_map_devilscatacomb/000003/attr.atr	1
metin2_patch_eu3/ymir work/monster2/zombie_diseased_boss/35.msa	d:/ymir work/monster2/zombie_diseased_boss/35.msa	1
metin2_patch_eu3/ymir work/monster2/zombie_diseased_infector/34.gr2	d:/ymir work/monster2/zombie_diseased_infector/34.gr2	1
metin2_patch_eu3/metin2_map_devilscatacomb/000003/shadowmap.dds	metin2_map_devilscatacomb/000003/shadowmap.dds	1
metin2_patch_eu3/metin2_map_devilscatacomb/000006/areadata.txt	metin2_map_devilscatacomb/000006/areadata.txt	1
metin2_patch_eu3/metin2_map_devilscatacomb/004000/water.wtr	metin2_map_devilscatacomb/004000/water.wtr	1
metin2_patch_eu3/ymir work/monster2/zombie_general/zombie_general.msm	d:/ymir work/monster2/zombie_general/zombie_general.msm	1
metin2_patch_eu3/metin2_map_devilscatacomb/000003/shadowmap.raw	metin2_map_devilscatacomb/000003/shadowmap.raw	1
metin2_patch_eu3/ymir work/npc/lion/combo_attack1.gr2	d:/ymir work/npc/lion/combo_attack1.gr2	1
metin2_patch_eu3/metin2_map_devilscatacomb/000003/tile.raw	metin2_map_devilscatacomb/000003/tile.raw	1
metin2_patch_eu3/ymir work/monster2/zombie_king/33_1.msa	d:/ymir work/monster2/zombie_king/33_1.msa	1
metin2_patch_eu3/metin2_map_devilscatacomb/004002/areadata.txt	metin2_map_devilscatacomb/004002/areadata.txt	1
metin2_patch_eu3/metin2_map_devilscatacomb/000005/shadowmap.dds	metin2_map_devilscatacomb/000005/shadowmap.dds	1
metin2_patch_eu3/sound/monster2/zombie_soldier_scythe/31.mss	sound/monster2/zombie_soldier_scythe/31.mss	1
metin2_patch_eu3/ymir work/monster2/zombie_diseased_bow/33.msa	d:/ymir work/monster2/zombie_diseased_bow/33.msa	1
metin2_patch_eu3/ymir work/monster2/zombie_soldier_spear/00_1.msa	d:/ymir work/monster2/zombie_soldier_spear/00_1.msa	1
metin2_patch_eu3/metin2_map_devilscatacomb/000004/areaambiencedata.txt	metin2_map_devilscatacomb/000004/areaambiencedata.txt	1
metin2_patch_eu3/ymir work/monster/metinstone_02/metinstone_11.msm	d:/ymir work/monster/metinstone_02/metinstone_11.msm	1
metin2_patch_eu3/metin2_map_devilscatacomb/000004/areaproperty.txt	metin2_map_devilscatacomb/000004/areaproperty.txt	1
metin2_patch_eu3/metin2_map_devilscatacomb/000004/shadowmap.dds	metin2_map_devilscatacomb/000004/shadowmap.dds	1
metin2_patch_eu3/metin2_map_devilscatacomb/006002/areaproperty.txt	metin2_map_devilscatacomb/006002/areaproperty.txt	1
metin2_patch_eu3/metin2_map_devilscatacomb/001002/attr.atr	metin2_map_devilscatacomb/001002/attr.atr	1
metin2_patch_eu3/metin2_map_devilscatacomb/000006/areaambiencedata.txt	metin2_map_devilscatacomb/000006/areaambiencedata.txt	1
metin2_patch_eu3/metin2_map_devilscatacomb/000004/shadowmap.raw	metin2_map_devilscatacomb/000004/shadowmap.raw	1
metin2_patch_eu3/metin2_map_devilscatacomb/000004/water.wtr	metin2_map_devilscatacomb/000004/water.wtr	1
metin2_patch_eu3/metin2_map_devilscatacomb/000005/shadowmap.raw	metin2_map_devilscatacomb/000005/shadowmap.raw	1
metin2_patch_eu3/metin2_map_devilscatacomb/002007/tile.raw	metin2_map_devilscatacomb/002007/tile.raw	1
metin2_patch_eu3/ymir work/monster2/zombie_diseased_infector/34.msa	d:/ymir work/monster2/zombie_diseased_infector/34.msa	1
metin2_patch_eu3/metin2_map_devilscatacomb/000005/tile.raw	metin2_map_devilscatacomb/000005/tile.raw	1
metin2_patch_eu3/ymir work/monster2/zombie_diseased_spear/34.msa	d:/ymir work/monster2/zombie_diseased_spear/34.msa	1
metin2_patch_eu3/ymir work/monster2/zombie_god/31.msa	d:/ymir work/monster2/zombie_god/31.msa	1
metin2_patch_eu3/metin2_map_devilscatacomb/000006/shadowmap.dds	metin2_map_devilscatacomb/000006/shadowmap.dds	1
metin2_patch_eu3/ymir work/monster2/zombie_soldier_spear/36.gr2	d:/ymir work/monster2/zombie_soldier_spear/36.gr2	1
metin2_patch_eu3/ymir work/monster2/zombie_magician/30_1.gr2	d:/ymir work/monster2/zombie_magician/30_1.gr2	1
metin2_patch_eu3/metin2_map_devilscatacomb/005002/shadowmap.dds	metin2_map_devilscatacomb/005002/shadowmap.dds	1
metin2_patch_eu3/metin2_map_devilscatacomb/004000/areaambiencedata.txt	metin2_map_devilscatacomb/004000/areaambiencedata.txt	1
metin2_patch_eu3/sound/monster2/zombie_soldier_spear/30_1.mss	sound/monster2/zombie_soldier_spear/30_1.mss	1
metin2_patch_eu3/ymir work/monster2/zombie_diseased_kid/31_1.gr2	d:/ymir work/monster2/zombie_diseased_kid/31_1.gr2	1
metin2_patch_eu3/ymir work/monster2/zombie_diseased_spear/zombie_diseased_spear.dds	d:/ymir work/monster2/zombie_diseased_spear/zombie_diseased_spear.dds	1
metin2_patch_eu3/sound/monster2/zombie_bigboss2/back_knockdown.mss	sound/monster2/zombie_bigboss2/back_knockdown.mss	1
metin2_patch_eu3/metin2_map_devilscatacomb/000006/areaproperty.txt	metin2_map_devilscatacomb/000006/areaproperty.txt	1
metin2_patch_eu3/metin2_map_devilscatacomb/000006/attr.atr	metin2_map_devilscatacomb/000006/attr.atr	1
metin2_patch_eu3/ymir work/monster2/zombie_diseased_spear/20.msa	d:/ymir work/monster2/zombie_diseased_spear/20.msa	1
metin2_patch_eu3/ymir work/monster2/zombie_general/32.msa	d:/ymir work/monster2/zombie_general/32.msa	1
metin2_patch_eu3/metin2_map_devilscatacomb/000006/height.raw	metin2_map_devilscatacomb/000006/height.raw	1
metin2_patch_eu3/ymir work/monster2/zombie_king/34_1.gr2	d:/ymir work/monster2/zombie_king/34_1.gr2	1
metin2_patch_eu3/metin2_map_devilscatacomb/000006/shadowmap.raw	metin2_map_devilscatacomb/000006/shadowmap.raw	1
metin2_patch_eu3/sound/monster2/zombie_bigboss/31_1.mss	sound/monster2/zombie_bigboss/31_1.mss	1
metin2_patch_eu3/metin2_map_devilscatacomb/000006/tile.raw	metin2_map_devilscatacomb/000006/tile.raw	1
metin2_patch_eu3/metin2_map_devilscatacomb/000007/areaambiencedata.txt	metin2_map_devilscatacomb/000007/areaambiencedata.txt	1
metin2_patch_eu3/metin2_map_devilscatacomb/002000/height.raw	metin2_map_devilscatacomb/002000/height.raw	1
metin2_patch_eu3/sound/monster2/zombie_bigboss/03.mss	sound/monster2/zombie_bigboss/03.mss	1
metin2_patch_eu3/metin2_map_devilscatacomb/000007/areadata.txt	metin2_map_devilscatacomb/000007/areadata.txt	1
metin2_patch_eu3/metin2_map_devilscatacomb/000007/areaproperty.txt	metin2_map_devilscatacomb/000007/areaproperty.txt	1
metin2_patch_eu3/ymir work/npc/fire_tiger/fire_tiger_3_lod_03.gr2	d:/ymir work/npc/fire_tiger/fire_tiger_3_lod_03.gr2	1
metin2_patch_eu3/metin2_map_devilscatacomb/004001/areaambiencedata.txt	metin2_map_devilscatacomb/004001/areaambiencedata.txt	1
metin2_patch_eu3/ymir work/monster2/zombie_soldier_scythe/34_1.msa	d:/ymir work/monster2/zombie_soldier_scythe/34_1.msa	1
metin2_patch_eu3/metin2_map_devilscatacomb/000007/attr.atr	metin2_map_devilscatacomb/000007/attr.atr	1
metin2_patch_eu3/metin2_map_devilscatacomb/000007/height.raw	metin2_map_devilscatacomb/000007/height.raw	1
metin2_patch_eu3/sound/monster2/zombie_ghost/32.mss	sound/monster2/zombie_ghost/32.mss	1
metin2_patch_eu3/sound/monster2/zombie_bigboss2/walk.mss	sound/monster2/zombie_bigboss2/walk.mss	1
metin2_patch_eu3/ymir work/npc/boar/skill2.msa	d:/ymir work/npc/boar/skill2.msa	1
metin2_patch_eu3/metin2_map_devilscatacomb/001006/attr.atr	metin2_map_devilscatacomb/001006/attr.atr	1
metin2_patch_eu3/metin2_map_devilscatacomb/000007/tile.raw	metin2_map_devilscatacomb/000007/tile.raw	1
metin2_patch_eu3/metin2_map_devilscatacomb/001000/water.wtr	metin2_map_devilscatacomb/001000/water.wtr	1
metin2_patch_eu3/ymir work/monster2/zombie_bigboss2/special_attack01.msa	d:/ymir work/monster2/zombie_bigboss2/special_attack01.msa	1
metin2_patch_eu3/sound/monster2/zombie_diseased_spear/20.mss	sound/monster2/zombie_diseased_spear/20.mss	1
metin2_patch_eu3/metin2_map_devilscatacomb/001000/areaambiencedata.txt	metin2_map_devilscatacomb/001000/areaambiencedata.txt	1
metin2_patch_eu3/ymir work/zone/devilcave/devil_entrance_pilla.mdatr	d:/ymir work/zone/devilcave/devil_entrance_pilla.mdatr	1
metin2_patch_eu3/metin2_map_devilscatacomb/001002/areadata.txt	metin2_map_devilscatacomb/001002/areadata.txt	1
metin2_patch_eu3/metin2_map_devilscatacomb/001000/areadata.txt	metin2_map_devilscatacomb/001000/areadata.txt	1
metin2_patch_eu3/ymir work/monster2/zombie_diseased_spear/20.gr2	d:/ymir work/monster2/zombie_diseased_spear/20.gr2	1
metin2_patch_eu3/metin2_map_devilscatacomb/003000/shadowmap.raw	metin2_map_devilscatacomb/003000/shadowmap.raw	1
metin2_patch_eu3/metin2_map_devilscatacomb/001000/areaproperty.txt	metin2_map_devilscatacomb/001000/areaproperty.txt	1
metin2_patch_eu3/metin2_map_devilscatacomb/001000/attr.atr	metin2_map_devilscatacomb/001000/attr.atr	1
metin2_patch_eu3/metin2_map_devilscatacomb/004007/areaambiencedata.txt	metin2_map_devilscatacomb/004007/areaambiencedata.txt	1
metin2_patch_eu3/ymir work/monster2/zombie_bigboss2/normal_attack01.gr2	d:/ymir work/monster2/zombie_bigboss2/normal_attack01.gr2	1
metin2_patch_eu3/metin2_map_devilscatacomb/001000/height.raw	metin2_map_devilscatacomb/001000/height.raw	1
metin2_patch_eu3/metin2_map_devilscatacomb/006003/tile.raw	metin2_map_devilscatacomb/006003/tile.raw	1
metin2_patch_eu3/metin2_map_devilscatacomb/001000/minimap.dds	metin2_map_devilscatacomb/001000/minimap.dds	1
metin2_patch_eu3/metin2_map_devilscatacomb/002006/shadowmap.dds	metin2_map_devilscatacomb/002006/shadowmap.dds	1
metin2_patch_eu3/sound/monster2/zombie_magician/30.mss	sound/monster2/zombie_magician/30.mss	1
metin2_patch_eu3/metin2_map_devilscatacomb/001000/shadowmap.dds	metin2_map_devilscatacomb/001000/shadowmap.dds	1
metin2_patch_eu3/sound/monster2/zombie_diseased_sword/30.mss	sound/monster2/zombie_diseased_sword/30.mss	1
metin2_patch_eu3/sound/monster2/zombie_magician/34_1.mss	sound/monster2/zombie_magician/34_1.mss	1
metin2_patch_eu3/ymir work/monster2/zombie_god/33.gr2	d:/ymir work/monster2/zombie_god/33.gr2	1
metin2_patch_eu3/metin2_map_devilscatacomb/001000/shadowmap.raw	metin2_map_devilscatacomb/001000/shadowmap.raw	1
metin2_patch_eu3/metin2_map_devilscatacomb/001000/tile.raw	metin2_map_devilscatacomb/001000/tile.raw	1
metin2_patch_eu3/ymir work/monster2/zombie_diseased_bow/30.msa	d:/ymir work/monster2/zombie_diseased_bow/30.msa	1
metin2_patch_eu3/metin2_map_devilscatacomb/004000/attr.atr	metin2_map_devilscatacomb/004000/attr.atr	1
metin2_patch_eu3/ymir work/monster2/zombie_bigboss/zombie_bigboss1_weapon.dds	d:/ymir work/monster2/zombie_bigboss/zombie_bigboss1_weapon.dds	1
metin2_patch_eu3/metin2_map_devilscatacomb/001006/areaambiencedata.txt	metin2_map_devilscatacomb/001006/areaambiencedata.txt	1
metin2_patch_eu3/metin2_map_devilscatacomb/001001/areaambiencedata.txt	metin2_map_devilscatacomb/001001/areaambiencedata.txt	1
metin2_patch_eu3/metin2_map_devilscatacomb/001004/attr.atr	metin2_map_devilscatacomb/001004/attr.atr	1
metin2_patch_eu3/metin2_map_devilscatacomb/001001/areadata.txt	metin2_map_devilscatacomb/001001/areadata.txt	1
metin2_patch_eu3/metin2_map_devilscatacomb/001001/areaproperty.txt	metin2_map_devilscatacomb/001001/areaproperty.txt	1
metin2_patch_eu3/metin2_map_devilscatacomb/006006/height.raw	metin2_map_devilscatacomb/006006/height.raw	1
metin2_patch_eu3/ymir work/monster2/zombie_diseased_bow/32.gr2	d:/ymir work/monster2/zombie_diseased_bow/32.gr2	1
metin2_patch_eu3/metin2_map_devilscatacomb/001001/attr.atr	metin2_map_devilscatacomb/001001/attr.atr	1
metin2_patch_eu3/metin2_map_devilscatacomb/003003/attr.atr	metin2_map_devilscatacomb/003003/attr.atr	1
metin2_patch_eu3/metin2_map_devilscatacomb/006003/areadata.txt	metin2_map_devilscatacomb/006003/areadata.txt	1
metin2_patch_eu3/sound/monster2/zombie_magician/20.mss	sound/monster2/zombie_magician/20.mss	1
metin2_patch_eu3/metin2_map_devilscatacomb/001003/shadowmap.dds	metin2_map_devilscatacomb/001003/shadowmap.dds	1
metin2_patch_eu3/metin2_map_devilscatacomb/001001/height.raw	metin2_map_devilscatacomb/001001/height.raw	1
metin2_patch_eu3/metin2_map_devilscatacomb/001001/shadowmap.dds	metin2_map_devilscatacomb/001001/shadowmap.dds	1
metin2_patch_eu3/ymir work/npc/fire_tiger/fire_tiger_blue.dds	d:/ymir work/npc/fire_tiger/fire_tiger_blue.dds	1
metin2_patch_eu3/metin2_map_devilscatacomb/005005/shadowmap.raw	metin2_map_devilscatacomb/005005/shadowmap.raw	1
metin2_patch_eu3/metin2_map_devilscatacomb/005001/areaproperty.txt	metin2_map_devilscatacomb/005001/areaproperty.txt	1
metin2_patch_eu3/metin2_map_devilscatacomb/002003/attr.atr	metin2_map_devilscatacomb/002003/attr.atr	1
metin2_patch_eu3/ymir work/monster2/zombie_diseased_dog/00_2.msa	d:/ymir work/monster2/zombie_diseased_dog/00_2.msa	1
metin2_patch_eu3/metin2_map_devilscatacomb/002004/areaproperty.txt	metin2_map_devilscatacomb/002004/areaproperty.txt	1
metin2_patch_eu3/ymir work/monster2/zombie_diseased_sword/03.gr2	d:/ymir work/monster2/zombie_diseased_sword/03.gr2	1
metin2_patch_eu3/ymir work/monster2/zombie_soldier_spear/35.gr2	d:/ymir work/monster2/zombie_soldier_spear/35.gr2	1
metin2_patch_eu3/metin2_map_devilscatacomb/001001/shadowmap.raw	metin2_map_devilscatacomb/001001/shadowmap.raw	1
metin2_patch_eu3/metin2_map_devilscatacomb/003003/tile.raw	metin2_map_devilscatacomb/003003/tile.raw	1
metin2_patch_eu3/metin2_map_devilscatacomb/001005/areadata.txt	metin2_map_devilscatacomb/001005/areadata.txt	1
metin2_patch_eu3/metin2_map_devilscatacomb/001001/water.wtr	metin2_map_devilscatacomb/001001/water.wtr	1
metin2_patch_eu3/ymir work/monster2/zombie_diseased_infector/35.gr2	d:/ymir work/monster2/zombie_diseased_infector/35.gr2	1
metin2_patch_eu3/sound/monster2/zombie_soldier_scythe/32.mss	sound/monster2/zombie_soldier_scythe/32.mss	1
metin2_patch_eu3/ymir work/monster2/zombie_bigboss2/special_attack00.gr2	d:/ymir work/monster2/zombie_bigboss2/special_attack00.gr2	1
metin2_patch_eu3/metin2_map_devilscatacomb/001002/areaambiencedata.txt	metin2_map_devilscatacomb/001002/areaambiencedata.txt	1
metin2_patch_eu3/metin2_map_devilscatacomb/004004/shadowmap.dds	metin2_map_devilscatacomb/004004/shadowmap.dds	1
metin2_patch_eu3/metin2_map_devilscatacomb/001002/areaproperty.txt	metin2_map_devilscatacomb/001002/areaproperty.txt	1
metin2_patch_eu3/ymir work/monster2/zombie_diseased_boss/34.gr2	d:/ymir work/monster2/zombie_diseased_boss/34.gr2	1
metin2_patch_eu3/sound/monster2/zombie_bigboss/20_1.mss	sound/monster2/zombie_bigboss/20_1.mss	1
metin2_patch_eu3/ymir work/monster2/zombie_diseased_spear/30.gr2	d:/ymir work/monster2/zombie_diseased_spear/30.gr2	1
metin2_patch_eu3/metin2_map_devilscatacomb/001002/height.raw	metin2_map_devilscatacomb/001002/height.raw	1
metin2_patch_eu3/metin2_map_devilscatacomb/002001/height.raw	metin2_map_devilscatacomb/002001/height.raw	1
metin2_patch_eu3/ymir work/monster2/zombie_diseased_dog/zombie_diseased_dog.dds	d:/ymir work/monster2/zombie_diseased_dog/zombie_diseased_dog.dds	1
metin2_patch_eu3/metin2_map_devilscatacomb/004004/shadowmap.raw	metin2_map_devilscatacomb/004004/shadowmap.raw	1
metin2_patch_eu3/ymir work/monster/metinstone_02/metinstone_13.msm	d:/ymir work/monster/metinstone_02/metinstone_13.msm	1
metin2_patch_eu3/metin2_map_devilscatacomb/001002/shadowmap.raw	metin2_map_devilscatacomb/001002/shadowmap.raw	1
metin2_patch_eu3/metin2_map_devilscatacomb/006004/tile.raw	metin2_map_devilscatacomb/006004/tile.raw	1
metin2_patch_eu3/metin2_map_devilscatacomb/001002/tile.raw	metin2_map_devilscatacomb/001002/tile.raw	1
metin2_patch_eu3/ymir work/monster2/zombie_diseased_infector/20_1.gr2	d:/ymir work/monster2/zombie_diseased_infector/20_1.gr2	1
metin2_patch_eu3/ymir work/monster2/zombie_ghost/30.gr2	d:/ymir work/monster2/zombie_ghost/30.gr2	1
metin2_patch_eu3/ymir work/monster2/zombie_ghost/20.msa	d:/ymir work/monster2/zombie_ghost/20.msa	1
metin2_patch_eu3/metin2_map_devilscatacomb/001002/water.wtr	metin2_map_devilscatacomb/001002/water.wtr	1
metin2_patch_eu3/metin2_map_devilscatacomb/001003/areadata.txt	metin2_map_devilscatacomb/001003/areadata.txt	1
metin2_patch_eu3/metin2_map_devilscatacomb/006000/attr.atr	metin2_map_devilscatacomb/006000/attr.atr	1
metin2_patch_eu3/ymir work/monster2/zombie_diseased_dog/34.msa	d:/ymir work/monster2/zombie_diseased_dog/34.msa	1
metin2_patch_eu3/metin2_map_devilscatacomb/003005/height.raw	metin2_map_devilscatacomb/003005/height.raw	1
metin2_patch_eu3/metin2_map_devilscatacomb/001003/areaproperty.txt	metin2_map_devilscatacomb/001003/areaproperty.txt	1
metin2_patch_eu3/ymir work/monster2/zombie_diseased_boss/zombie_diseased_boss.msm	d:/ymir work/monster2/zombie_diseased_boss/zombie_diseased_boss.msm	1
metin2_patch_eu3/metin2_map_devilscatacomb/001003/attr.atr	metin2_map_devilscatacomb/001003/attr.atr	1
metin2_patch_eu3/sound/monster2/zombie_general/20_1.mss	sound/monster2/zombie_general/20_1.mss	1
metin2_patch_eu3/ymir work/monster2/zombie_king/34_1.msa	d:/ymir work/monster2/zombie_king/34_1.msa	1
metin2_patch_eu3/ymir work/effect/monster2/impact1.dds	d:/ymir work/effect/monster2/impact1.dds	1
metin2_patch_eu3/metin2_map_devilscatacomb/004005/areadata.txt	metin2_map_devilscatacomb/004005/areadata.txt	1
metin2_patch_eu3/ymir work/effect/background/smoke04.dds	d:/ymir work/effect/background/smoke04.dds	1
metin2_patch_eu3/ymir work/npc/fire_tiger/fire_tiger_darkred.dds	d:/ymir work/npc/fire_tiger/fire_tiger_darkred.dds	1
metin2_patch_eu3/ymir work/monster2/zombie_diseased_bow/34_1.gr2	d:/ymir work/monster2/zombie_diseased_bow/34_1.gr2	1
metin2_patch_eu3/ymir work/monster2/zombie_diseased_spear/32.gr2	d:/ymir work/monster2/zombie_diseased_spear/32.gr2	1
metin2_patch_eu3/metin2_map_devilscatacomb/001003/height.raw	metin2_map_devilscatacomb/001003/height.raw	1
metin2_patch_eu3/metin2_map_devilscatacomb/006002/height.raw	metin2_map_devilscatacomb/006002/height.raw	1
metin2_patch_eu3/metin2_map_devilscatacomb/004000/areadata.txt	metin2_map_devilscatacomb/004000/areadata.txt	1
metin2_patch_eu3/metin2_map_devilscatacomb/001003/water.wtr	metin2_map_devilscatacomb/001003/water.wtr	1
metin2_patch_eu3/metin2_map_devilscatacomb/003005/tile.raw	metin2_map_devilscatacomb/003005/tile.raw	1
metin2_patch_eu3/ymir work/monster2/zombie_diseased_sword/31.msa	d:/ymir work/monster2/zombie_diseased_sword/31.msa	1
metin2_patch_eu3/metin2_map_devilscatacomb/003005/areaambiencedata.txt	metin2_map_devilscatacomb/003005/areaambiencedata.txt	1
metin2_patch_eu3/sound/monster2/zombie_king/34_1.mss	sound/monster2/zombie_king/34_1.mss	1
metin2_patch_eu3/ymir work/monster2/zombie_soldier_spear/30_1.gr2	d:/ymir work/monster2/zombie_soldier_spear/30_1.gr2	1
metin2_patch_eu3/ymir work/monster2/zombie_diseased_infector/31.msa	d:/ymir work/monster2/zombie_diseased_infector/31.msa	1
metin2_patch_eu3/metin2_map_devilscatacomb/001004/areaambiencedata.txt	metin2_map_devilscatacomb/001004/areaambiencedata.txt	1
metin2_patch_eu3/sound/monster2/zombie_diseased_spear/30.mss	sound/monster2/zombie_diseased_spear/30.mss	1
metin2_patch_eu3/ymir work/monster2/zombie_king/03.gr2	d:/ymir work/monster2/zombie_king/03.gr2	1
metin2_patch_eu3/metin2_map_devilscatacomb/003006/attr.atr	metin2_map_devilscatacomb/003006/attr.atr	1
metin2_patch_eu3/metin2_map_devilscatacomb/003001/shadowmap.dds	metin2_map_devilscatacomb/003001/shadowmap.dds	1
metin2_patch_eu3/metin2_map_devilscatacomb/001004/areadata.txt	metin2_map_devilscatacomb/001004/areadata.txt	1
metin2_patch_eu3/ymir work/monster2/zombie_god/motlist.txt	d:/ymir work/monster2/zombie_god/motlist.txt	1
metin2_patch_eu3/metin2_map_devilscatacomb/001004/areaproperty.txt	metin2_map_devilscatacomb/001004/areaproperty.txt	1
metin2_patch_eu3/ymir work/monster2/zombie_diseased_spear/34_1.gr2	d:/ymir work/monster2/zombie_diseased_spear/34_1.gr2	1
metin2_patch_eu3/ymir work/monster2/zombie_soldier_bow/00.msa	d:/ymir work/monster2/zombie_soldier_bow/00.msa	1
metin2_patch_eu3/metin2_map_devilscatacomb/001004/height.raw	metin2_map_devilscatacomb/001004/height.raw	1
metin2_patch_eu3/ymir work/monster2/zombie_diseased_kid/32.msa	d:/ymir work/monster2/zombie_diseased_kid/32.msa	1
metin2_patch_eu3/metin2_map_devilscatacomb/002004/areaambiencedata.txt	metin2_map_devilscatacomb/002004/areaambiencedata.txt	1
metin2_patch_eu3/sound/monster2/zombie_soldier_spear/34_1.mss	sound/monster2/zombie_soldier_spear/34_1.mss	1
metin2_patch_eu3/ymir work/monster2/zombie_diseased_dog/00.gr2	d:/ymir work/monster2/zombie_diseased_dog/00.gr2	1
metin2_patch_eu3/metin2_map_devilscatacomb/001004/shadowmap.dds	metin2_map_devilscatacomb/001004/shadowmap.dds	1
metin2_patch_eu3/metin2_map_devilscatacomb/001007/height.raw	metin2_map_devilscatacomb/001007/height.raw	1
metin2_patch_eu3/metin2_map_devilscatacomb/001006/shadowmap.raw	metin2_map_devilscatacomb/001006/shadowmap.raw	1
metin2_patch_eu3/ymir work/monster2/zombie_diseased_dog/32.msa	d:/ymir work/monster2/zombie_diseased_dog/32.msa	1
metin2_patch_eu3/metin2_map_devilscatacomb/001004/shadowmap.raw	metin2_map_devilscatacomb/001004/shadowmap.raw	1
metin2_patch_eu3/metin2_map_devilscatacomb/001004/tile.raw	metin2_map_devilscatacomb/001004/tile.raw	1
metin2_patch_eu3/metin2_map_devilscatacomb/004005/areaambiencedata.txt	metin2_map_devilscatacomb/004005/areaambiencedata.txt	1
metin2_patch_eu3/metin2_map_devilscatacomb/002002/areaambiencedata.txt	metin2_map_devilscatacomb/002002/areaambiencedata.txt	1
metin2_patch_eu3/metin2_map_devilscatacomb/001004/water.wtr	metin2_map_devilscatacomb/001004/water.wtr	1
metin2_patch_eu3/ymir work/monster2/zombie_diseased_kid/34.gr2	d:/ymir work/monster2/zombie_diseased_kid/34.gr2	1
metin2_patch_eu3/metin2_map_devilscatacomb/003005/attr.atr	metin2_map_devilscatacomb/003005/attr.atr	1
metin2_patch_eu3/ymir work/zone/devilcave/dc_enterance_2f-3frock.dds	d:/ymir work/zone/devilcave/dc_enterance_2f-3frock.dds	1
metin2_patch_eu3/metin2_map_devilscatacomb/001005/areaambiencedata.txt	metin2_map_devilscatacomb/001005/areaambiencedata.txt	1
metin2_patch_eu3/ymir work/monster2/zombie_bigboss2/run.gr2	d:/ymir work/monster2/zombie_bigboss2/run.gr2	1
metin2_patch_eu3/sound/monster2/zombie_soldier_scythe/34_1.mss	sound/monster2/zombie_soldier_scythe/34_1.mss	1
metin2_patch_eu3/metin2_map_devilscatacomb/001005/areaproperty.txt	metin2_map_devilscatacomb/001005/areaproperty.txt	1
metin2_patch_eu3/ymir work/monster2/zombie_diseased_sword/36.msa	d:/ymir work/monster2/zombie_diseased_sword/36.msa	1
metin2_patch_eu3/metin2_map_devilscatacomb/002004/attr.atr	metin2_map_devilscatacomb/002004/attr.atr	1
metin2_patch_eu3/metin2_map_devilscatacomb/001005/attr.atr	metin2_map_devilscatacomb/001005/attr.atr	1
metin2_patch_eu3/sound/monster2/zombie_soldier_spear/32.mss	sound/monster2/zombie_soldier_spear/32.mss	1
metin2_patch_eu3/ymir work/npc2/zombie_ghost_door/zombie_ghost_door.gr2	d:/ymir work/npc2/zombie_ghost_door/zombie_ghost_door.gr2	1
metin2_patch_eu3/sound/monster2/zombie_diseased_boss/37.mss	sound/monster2/zombie_diseased_boss/37.mss	1
metin2_patch_eu3/metin2_map_devilscatacomb/005002/areaproperty.txt	metin2_map_devilscatacomb/005002/areaproperty.txt	1
metin2_patch_eu3/metin2_map_devilscatacomb/001005/height.raw	metin2_map_devilscatacomb/001005/height.raw	1
metin2_patch_eu3/ymir work/monster2/zombie_bigboss/03.msa	d:/ymir work/monster2/zombie_bigboss/03.msa	1
metin2_patch_eu3/metin2_map_devilscatacomb/002001/water.wtr	metin2_map_devilscatacomb/002001/water.wtr	1
metin2_patch_eu3/metin2_map_devilscatacomb/001005/shadowmap.dds	metin2_map_devilscatacomb/001005/shadowmap.dds	1
metin2_patch_eu3/metin2_map_devilscatacomb/005002/attr.atr	metin2_map_devilscatacomb/005002/attr.atr	1
metin2_patch_eu3/ymir work/monster2/zombie_bigboss/37.msa	d:/ymir work/monster2/zombie_bigboss/37.msa	1
metin2_patch_eu3/ymir work/monster2/zombie_diseased_spear/00.msa	d:/ymir work/monster2/zombie_diseased_spear/00.msa	1
metin2_patch_eu3/ymir work/monster2/zombie_god/30_1.msa	d:/ymir work/monster2/zombie_god/30_1.msa	1
metin2_patch_eu3/metin2_map_devilscatacomb/001005/shadowmap.raw	metin2_map_devilscatacomb/001005/shadowmap.raw	1
metin2_patch_eu3/metin2_map_devilscatacomb/005005/areaproperty.txt	metin2_map_devilscatacomb/005005/areaproperty.txt	1
metin2_patch_eu3/metin2_map_devilscatacomb/001005/tile.raw	metin2_map_devilscatacomb/001005/tile.raw	1
metin2_patch_eu3/ymir work/monster2/zombie_ghost/35.msa	d:/ymir work/monster2/zombie_ghost/35.msa	1
metin2_patch_eu3/metin2_map_devilscatacomb/004006/areaambiencedata.txt	metin2_map_devilscatacomb/004006/areaambiencedata.txt	1
metin2_patch_eu3/sound/monster2/zombie_soldier_bow/31.mss	sound/monster2/zombie_soldier_bow/31.mss	1
metin2_patch_eu3/metin2_map_devilscatacomb/001006/areadata.txt	metin2_map_devilscatacomb/001006/areadata.txt	1
metin2_patch_eu3/sound/monster2/zombie_skeleton_god/24.mss	sound/monster2/zombie_skeleton_god/24.mss	1
metin2_patch_eu3/metin2_map_devilscatacomb/001006/areaproperty.txt	metin2_map_devilscatacomb/001006/areaproperty.txt	1
metin2_patch_eu3/sound/monster2/zombie_bigboss2/wait01.mss	sound/monster2/zombie_bigboss2/wait01.mss	1
metin2_patch_eu3/ymir work/npc2/zombie_ghost_door/close_wait.msa	d:/ymir work/npc2/zombie_ghost_door/close_wait.msa	1
metin2_patch_eu3/metin2_map_devilscatacomb/001006/height.raw	metin2_map_devilscatacomb/001006/height.raw	1
metin2_patch_eu3/sound/monster2/zombie_diseased_kid/37_1.mss	sound/monster2/zombie_diseased_kid/37_1.mss	1
metin2_patch_eu3/ymir work/monster2/zombie_diseased_bow/33.gr2	d:/ymir work/monster2/zombie_diseased_bow/33.gr2	1
metin2_patch_eu3/ymir work/monster2/zombie_diseased_kid/36.msa	d:/ymir work/monster2/zombie_diseased_kid/36.msa	1
metin2_patch_eu3/ymir work/monster2/zombie_diseased_spear/34_1.msa	d:/ymir work/monster2/zombie_diseased_spear/34_1.msa	1
metin2_patch_eu3/metin2_map_devilscatacomb/001006/shadowmap.dds	metin2_map_devilscatacomb/001006/shadowmap.dds	1
metin2_patch_eu3/metin2_map_devilscatacomb/001006/tile.raw	metin2_map_devilscatacomb/001006/tile.raw	1
metin2_patch_eu3/metin2_map_devilscatacomb/003002/shadowmap.raw	metin2_map_devilscatacomb/003002/shadowmap.raw	1
metin2_patch_eu3/metin2_map_devilscatacomb/001006/water.wtr	metin2_map_devilscatacomb/001006/water.wtr	1
metin2_patch_eu3/sound/monster2/zombie_diseased_bow/32.mss	sound/monster2/zombie_diseased_bow/32.mss	1
metin2_patch_eu3/ymir work/monster2/zombie_god/zombie_god.msm	d:/ymir work/monster2/zombie_god/zombie_god.msm	1
metin2_patch_eu3/metin2_map_devilscatacomb/001007/areaambiencedata.txt	metin2_map_devilscatacomb/001007/areaambiencedata.txt	1
metin2_patch_eu3/metin2_map_devilscatacomb/004000/height.raw	metin2_map_devilscatacomb/004000/height.raw	1
metin2_patch_eu3/metin2_map_devilscatacomb/003004/areaproperty.txt	metin2_map_devilscatacomb/003004/areaproperty.txt	1
metin2_patch_eu3/metin2_map_devilscatacomb/001007/areadata.txt	metin2_map_devilscatacomb/001007/areadata.txt	1
metin2_patch_eu3/metin2_map_devilscatacomb/006004/areaproperty.txt	metin2_map_devilscatacomb/006004/areaproperty.txt	1
metin2_patch_eu3/metin2_map_devilscatacomb/002000/attr.atr	metin2_map_devilscatacomb/002000/attr.atr	1
metin2_patch_eu3/metin2_map_devilscatacomb/001007/areaproperty.txt	metin2_map_devilscatacomb/001007/areaproperty.txt	1
metin2_patch_eu3/ymir work/monster2/zombie_soldier_scythe/zombie_soldier_scythe.msm	d:/ymir work/monster2/zombie_soldier_scythe/zombie_soldier_scythe.msm	1
metin2_patch_eu3/ymir work/monster2/zombie_general/33.msa	d:/ymir work/monster2/zombie_general/33.msa	1
metin2_patch_eu3/metin2_map_devilscatacomb/005000/water.wtr	metin2_map_devilscatacomb/005000/water.wtr	1
metin2_patch_eu3/ymir work/monster2/zombie_diseased_dog/20_1.gr2	d:/ymir work/monster2/zombie_diseased_dog/20_1.gr2	1
metin2_patch_eu3/ymir work/monster2/zombie_diseased_spear/00_1.gr2	d:/ymir work/monster2/zombie_diseased_spear/00_1.gr2	1
metin2_patch_eu3/metin2_map_devilscatacomb/001007/attr.atr	metin2_map_devilscatacomb/001007/attr.atr	1
metin2_patch_eu3/metin2_map_devilscatacomb/001007/water.wtr	metin2_map_devilscatacomb/001007/water.wtr	1
metin2_patch_eu3/metin2_map_devilscatacomb/002000/areaambiencedata.txt	metin2_map_devilscatacomb/002000/areaambiencedata.txt	1
metin2_patch_eu3/ymir work/monster2/zombie_soldier_spear/33.msa	d:/ymir work/monster2/zombie_soldier_spear/33.msa	1
metin2_patch_eu3/metin2_map_devilscatacomb/002003/water.wtr	metin2_map_devilscatacomb/002003/water.wtr	1
metin2_patch_eu3/metin2_map_devilscatacomb/005001/attr.atr	metin2_map_devilscatacomb/005001/attr.atr	1
metin2_patch_eu3/metin2_map_devilscatacomb/002000/areadata.txt	metin2_map_devilscatacomb/002000/areadata.txt	1
metin2_patch_eu3/ymir work/monster2/zombie_bigboss2/zombie_bigboss2.dds	d:/ymir work/monster2/zombie_bigboss2/zombie_bigboss2.dds	1
metin2_patch_eu3/metin2_map_devilscatacomb/002000/areaproperty.txt	metin2_map_devilscatacomb/002000/areaproperty.txt	1
metin2_patch_eu3/ymir work/monster2/zombie_bigboss/31.msa	d:/ymir work/monster2/zombie_bigboss/31.msa	1
metin2_patch_eu3/metin2_map_devilscatacomb/005005/areaambiencedata.txt	metin2_map_devilscatacomb/005005/areaambiencedata.txt	1
metin2_patch_eu3/ymir work/monster2/zombie_bigboss/20.gr2	d:/ymir work/monster2/zombie_bigboss/20.gr2	1
metin2_patch_eu3/ymir work/monster2/zombie_god/00_1.gr2	d:/ymir work/monster2/zombie_god/00_1.gr2	1
metin2_patch_eu3/metin2_map_devilscatacomb/002000/shadowmap.dds	metin2_map_devilscatacomb/002000/shadowmap.dds	1
metin2_patch_eu3/metin2_map_devilscatacomb/002000/shadowmap.raw	metin2_map_devilscatacomb/002000/shadowmap.raw	1
metin2_patch_eu3/ymir work/npc/fire_tiger/fire_tiger_white_lod_02.gr2	d:/ymir work/npc/fire_tiger/fire_tiger_white_lod_02.gr2	1
metin2_patch_eu3/ymir work/monster2/zombie_general/34_1.msa	d:/ymir work/monster2/zombie_general/34_1.msa	1
metin2_patch_eu3/metin2_map_devilscatacomb/002000/tile.raw	metin2_map_devilscatacomb/002000/tile.raw	1
metin2_patch_eu3/ymir work/monster2/zombie_ghost/35.gr2	d:/ymir work/monster2/zombie_ghost/35.gr2	1
metin2_patch_eu3/metin2_map_devilscatacomb/004005/attr.atr	metin2_map_devilscatacomb/004005/attr.atr	1
metin2_patch_eu3/metin2_map_devilscatacomb/002000/water.wtr	metin2_map_devilscatacomb/002000/water.wtr	1
metin2_patch_eu3/ymir work/monster2/zombie_diseased_bow/35.gr2	d:/ymir work/monster2/zombie_diseased_bow/35.gr2	1
metin2_patch_eu3/sound/monster2/zombie_soldier_spear/31.mss	sound/monster2/zombie_soldier_spear/31.mss	1
metin2_patch_eu3/metin2_map_devilscatacomb/002001/areaambiencedata.txt	metin2_map_devilscatacomb/002001/areaambiencedata.txt	1
metin2_patch_eu3/metin2_map_devilscatacomb/002001/areadata.txt	metin2_map_devilscatacomb/002001/areadata.txt	1
metin2_patch_eu3/metin2_map_devilscatacomb/002001/areaproperty.txt	metin2_map_devilscatacomb/002001/areaproperty.txt	1
metin2_patch_eu3/ymir work/monster2/zombie_diseased_kid/35.msa	d:/ymir work/monster2/zombie_diseased_kid/35.msa	1
metin2_patch_eu3/metin2_map_devilscatacomb/004005/shadowmap.dds	metin2_map_devilscatacomb/004005/shadowmap.dds	1
metin2_patch_eu3/metin2_map_devilscatacomb/002001/attr.atr	metin2_map_devilscatacomb/002001/attr.atr	1
metin2_patch_eu3/metin2_map_devilscatacomb/002001/shadowmap.dds	metin2_map_devilscatacomb/002001/shadowmap.dds	1
metin2_patch_eu3/metin2_map_devilscatacomb/002001/shadowmap.raw	metin2_map_devilscatacomb/002001/shadowmap.raw	1
metin2_patch_eu3/ymir work/monster2/zombie_diseased_dog/02.msa	d:/ymir work/monster2/zombie_diseased_dog/02.msa	1
metin2_patch_eu3/metin2_map_devilscatacomb/004002/shadowmap.dds	metin2_map_devilscatacomb/004002/shadowmap.dds	1
metin2_patch_eu3/metin2_map_devilscatacomb/002001/tile.raw	metin2_map_devilscatacomb/002001/tile.raw	1
metin2_patch_eu3/sound/monster2/zombie_diseased_dog/35.mss	sound/monster2/zombie_diseased_dog/35.mss	1
metin2_patch_eu3/ymir work/monster2/zombie_god/30.msa	d:/ymir work/monster2/zombie_god/30.msa	1
metin2_patch_eu3/sound/monster2/zombie_diseased_bow/31.mss	sound/monster2/zombie_diseased_bow/31.mss	1
metin2_patch_eu3/ymir work/monster2/zombie_soldier_bow/34_1.gr2	d:/ymir work/monster2/zombie_soldier_bow/34_1.gr2	1
metin2_patch_eu3/ymir work/monster2/zombie_magician/30_1.msa	d:/ymir work/monster2/zombie_magician/30_1.msa	1
metin2_patch_eu3/metin2_map_devilscatacomb/002002/areadata.txt	metin2_map_devilscatacomb/002002/areadata.txt	1
metin2_patch_eu3/ymir work/monster2/zombie_diseased_kid/36.gr2	d:/ymir work/monster2/zombie_diseased_kid/36.gr2	1
metin2_patch_eu3/ymir work/monster2/zombie_diseased_sword/zombie_diseased_sword.msm	d:/ymir work/monster2/zombie_diseased_sword/zombie_diseased_sword.msm	1
metin2_patch_eu3/metin2_map_devilscatacomb/002002/areaproperty.txt	metin2_map_devilscatacomb/002002/areaproperty.txt	1
metin2_patch_eu3/ymir work/monster2/zombie_diseased_spear/zombie_diseased_spear_lod_01.gr2	d:/ymir work/monster2/zombie_diseased_spear/zombie_diseased_spear_lod_01.gr2	1
metin2_patch_eu3/metin2_map_devilscatacomb/002002/attr.atr	metin2_map_devilscatacomb/002002/attr.atr	1
metin2_patch_eu3/metin2_map_devilscatacomb/004005/tile.raw	metin2_map_devilscatacomb/004005/tile.raw	1
metin2_patch_eu3/metin2_map_devilscatacomb/003001/height.raw	metin2_map_devilscatacomb/003001/height.raw	1
metin2_patch_eu3/metin2_map_devilscatacomb/002002/height.raw	metin2_map_devilscatacomb/002002/height.raw	1
metin2_patch_eu3/metin2_map_devilscatacomb/006001/areadata.txt	metin2_map_devilscatacomb/006001/areadata.txt	1
metin2_patch_eu3/metin2_map_devilscatacomb/002002/shadowmap.dds	metin2_map_devilscatacomb/002002/shadowmap.dds	1
metin2_patch_eu3/ymir work/terrainmaps/dungeon/devilcave/dc_rock_01.dds	d:/ymir work/terrainmaps/dungeon/devilcave/dc_rock_01.dds	1
metin2_patch_eu3/metin2_map_devilscatacomb/006006/tile.raw	metin2_map_devilscatacomb/006006/tile.raw	1
metin2_patch_eu3/ymir work/monster2/zombie_diseased_sword/20.gr2	d:/ymir work/monster2/zombie_diseased_sword/20.gr2	1
metin2_patch_eu3/metin2_map_devilscatacomb/002002/shadowmap.raw	metin2_map_devilscatacomb/002002/shadowmap.raw	1
metin2_patch_eu3/metin2_map_devilscatacomb/003006/areaambiencedata.txt	metin2_map_devilscatacomb/003006/areaambiencedata.txt	1
metin2_patch_eu3/metin2_map_devilscatacomb/005005/tile.raw	metin2_map_devilscatacomb/005005/tile.raw	1
metin2_patch_eu3/ymir work/monster2/zombie_diseased_boss/30_1.gr2	d:/ymir work/monster2/zombie_diseased_boss/30_1.gr2	1
metin2_patch_eu3/ymir work/monster2/zombie_soldier_spear/00_1.gr2	d:/ymir work/monster2/zombie_soldier_spear/00_1.gr2	1
metin2_patch_eu3/ymir work/monster2/zombie_soldier_scythe/zombie_weapon.dds	d:/ymir work/monster2/zombie_soldier_scythe/zombie_weapon.dds	1
metin2_patch_eu3/metin2_map_devilscatacomb/002002/tile.raw	metin2_map_devilscatacomb/002002/tile.raw	1
metin2_patch_eu3/metin2_map_devilscatacomb/006003/shadowmap.dds	metin2_map_devilscatacomb/006003/shadowmap.dds	1
metin2_patch_eu3/metin2_map_devilscatacomb/004006/height.raw	metin2_map_devilscatacomb/004006/height.raw	1
metin2_patch_eu3/ymir work/monster/metinstone_02/metinstone_11.dds	d:/ymir work/monster/metinstone_02/metinstone_11.dds	1
metin2_patch_eu3/ymir work/npc2/zombie_ghost_door/open.msa	d:/ymir work/npc2/zombie_ghost_door/open.msa	1
metin2_patch_eu3/metin2_map_devilscatacomb/002002/water.wtr	metin2_map_devilscatacomb/002002/water.wtr	1
metin2_patch_eu3/ymir work/monster/metinstone_02/metinstone_15.msm	d:/ymir work/monster/metinstone_02/metinstone_15.msm	1
metin2_patch_eu3/metin2_map_devilscatacomb/002003/areaambiencedata.txt	metin2_map_devilscatacomb/002003/areaambiencedata.txt	1
metin2_patch_eu3/ymir work/monster2/zombie_magician/34_1.gr2	d:/ymir work/monster2/zombie_magician/34_1.gr2	1
metin2_patch_eu3/metin2_map_devilscatacomb/002007/areaambiencedata.txt	metin2_map_devilscatacomb/002007/areaambiencedata.txt	1
metin2_patch_eu3/ymir work/monster2/zombie_diseased_boss/34_1.gr2	d:/ymir work/monster2/zombie_diseased_boss/34_1.gr2	1
metin2_patch_eu3/metin2_map_devilscatacomb/002003/areadata.txt	metin2_map_devilscatacomb/002003/areadata.txt	1
metin2_patch_eu3/sound/monster2/zombie_skeleton_god/31.mss	sound/monster2/zombie_skeleton_god/31.mss	1
metin2_patch_eu3/metin2_map_devilscatacomb/003007/height.raw	metin2_map_devilscatacomb/003007/height.raw	1
metin2_patch_eu3/ymir work/monster2/zombie_king/36.msa	d:/ymir work/monster2/zombie_king/36.msa	1
metin2_patch_eu3/metin2_map_devilscatacomb/002003/areaproperty.txt	metin2_map_devilscatacomb/002003/areaproperty.txt	1
metin2_patch_eu3/metin2_map_devilscatacomb/002003/shadowmap.dds	metin2_map_devilscatacomb/002003/shadowmap.dds	1
metin2_patch_eu3/ymir work/monster2/zombie_diseased_sword/31_1.gr2	d:/ymir work/monster2/zombie_diseased_sword/31_1.gr2	1
metin2_patch_eu3/ymir work/monster2/zombie_diseased_infector/zombie_diseased_infector.gr2	d:/ymir work/monster2/zombie_diseased_infector/zombie_diseased_infector.gr2	1
metin2_patch_eu3/metin2_map_devilscatacomb/003001/attr.atr	metin2_map_devilscatacomb/003001/attr.atr	1
metin2_patch_eu3/metin2_map_devilscatacomb/002003/tile.raw	metin2_map_devilscatacomb/002003/tile.raw	1
metin2_patch_eu3/sound/monster2/zombie_diseased_infector/30.mss	sound/monster2/zombie_diseased_infector/30.mss	1
metin2_patch_eu3/ymir work/monster2/zombie_bigboss/33.msa	d:/ymir work/monster2/zombie_bigboss/33.msa	1
metin2_patch_eu3/metin2_map_devilscatacomb/002004/areadata.txt	metin2_map_devilscatacomb/002004/areadata.txt	1
metin2_patch_eu3/metin2_map_devilscatacomb/002004/height.raw	metin2_map_devilscatacomb/002004/height.raw	1
metin2_patch_eu3/metin2_map_devilscatacomb/002004/shadowmap.dds	metin2_map_devilscatacomb/002004/shadowmap.dds	1
metin2_patch_eu3/sound/monster2/zombie_bigboss2/back_dead.mss	sound/monster2/zombie_bigboss2/back_dead.mss	1
metin2_patch_eu3/metin2_map_devilscatacomb/006003/areaambiencedata.txt	metin2_map_devilscatacomb/006003/areaambiencedata.txt	1
metin2_patch_eu3/metin2_map_devilscatacomb/002004/shadowmap.raw	metin2_map_devilscatacomb/002004/shadowmap.raw	1
metin2_patch_eu3/metin2_map_devilscatacomb/006002/water.wtr	metin2_map_devilscatacomb/006002/water.wtr	1
metin2_patch_eu3/metin2_map_devilscatacomb/002004/tile.raw	metin2_map_devilscatacomb/002004/tile.raw	1
metin2_patch_eu3/ymir work/monster2/zombie_king/00_1.msa	d:/ymir work/monster2/zombie_king/00_1.msa	1
metin2_patch_eu3/metin2_map_devilscatacomb/004006/shadowmap.dds	metin2_map_devilscatacomb/004006/shadowmap.dds	1
metin2_patch_eu3/ymir work/terrainmaps/dungeon/devilcave/dc_spider_00.dds	d:/ymir work/terrainmaps/dungeon/devilcave/dc_spider_00.dds	1
metin2_patch_eu3/metin2_map_devilscatacomb/006003/areaproperty.txt	metin2_map_devilscatacomb/006003/areaproperty.txt	1
metin2_patch_eu3/metin2_map_devilscatacomb/002004/water.wtr	metin2_map_devilscatacomb/002004/water.wtr	1
metin2_patch_eu3/metin2_map_devilscatacomb/004003/water.wtr	metin2_map_devilscatacomb/004003/water.wtr	1
metin2_patch_eu3/ymir work/monster2/zombie_bigboss2/normal_attack01.msa	d:/ymir work/monster2/zombie_bigboss2/normal_attack01.msa	1
metin2_patch_eu3/ymir work/npc/dog_god/combo_attack1.gr2	d:/ymir work/npc/dog_god/combo_attack1.gr2	1
metin2_patch_eu3/metin2_map_devilscatacomb/002005/areaambiencedata.txt	metin2_map_devilscatacomb/002005/areaambiencedata.txt	1
metin2_patch_eu3/ymir work/monster/metinstone_02/metinstone_10.msm	d:/ymir work/monster/metinstone_02/metinstone_10.msm	1
metin2_patch_eu3/metin2_map_devilscatacomb/002005/areadata.txt	metin2_map_devilscatacomb/002005/areadata.txt	1
metin2_patch_eu3/metin2_map_devilscatacomb/002005/areaproperty.txt	metin2_map_devilscatacomb/002005/areaproperty.txt	1
metin2_patch_eu3/ymir work/monster/metinstone_02/metinstone_drop.gr2	d:/ymir work/monster/metinstone_02/metinstone_drop.gr2	1
metin2_patch_eu3/ymir work/monster2/zombie_diseased_bow/30_1.gr2	d:/ymir work/monster2/zombie_diseased_bow/30_1.gr2	1
metin2_patch_eu3/metin2_map_devilscatacomb/002005/attr.atr	metin2_map_devilscatacomb/002005/attr.atr	1
metin2_patch_eu3/metin2_map_devilscatacomb/006001/areaambiencedata.txt	metin2_map_devilscatacomb/006001/areaambiencedata.txt	1
metin2_patch_eu3/metin2_map_devilscatacomb/002005/shadowmap.dds	metin2_map_devilscatacomb/002005/shadowmap.dds	1
metin2_patch_eu3/metin2_map_devilscatacomb/004003/areadata.txt	metin2_map_devilscatacomb/004003/areadata.txt	1
metin2_patch_eu3/metin2_map_devilscatacomb/002005/shadowmap.raw	metin2_map_devilscatacomb/002005/shadowmap.raw	1
metin2_patch_eu3/ymir work/monster2/zombie_bigboss/32.msa	d:/ymir work/monster2/zombie_bigboss/32.msa	1
metin2_patch_eu3/metin2_map_devilscatacomb/002005/tile.raw	metin2_map_devilscatacomb/002005/tile.raw	1
metin2_patch_eu3/metin2_map_devilscatacomb/003000/areadata.txt	metin2_map_devilscatacomb/003000/areadata.txt	1
metin2_patch_eu3/ymir work/monster2/zombie_king/zombie_king.gr2	d:/ymir work/monster2/zombie_king/zombie_king.gr2	1
metin2_patch_eu3/ymir work/monster2/zombie_diseased_kid/37.msa	d:/ymir work/monster2/zombie_diseased_kid/37.msa	1
metin2_patch_eu3/metin2_map_devilscatacomb/002005/water.wtr	metin2_map_devilscatacomb/002005/water.wtr	1
metin2_patch_eu3/metin2_map_devilscatacomb/002006/areaambiencedata.txt	metin2_map_devilscatacomb/002006/areaambiencedata.txt	1
metin2_patch_eu3/sound/monster2/zombie_king/34.mss	sound/monster2/zombie_king/34.mss	1
metin2_patch_eu3/sound/monster2/zombie_soldier_spear/30.mss	sound/monster2/zombie_soldier_spear/30.mss	1
metin2_patch_eu3/ymir work/monster2/zombie_bigboss/00_1.msa	d:/ymir work/monster2/zombie_bigboss/00_1.msa	1
metin2_patch_eu3/sound/monster2/zombie_diseased_infector/34.mss	sound/monster2/zombie_diseased_infector/34.mss	1
metin2_patch_eu3/ymir work/monster/metinstone_02/metinstone_10.dds	d:/ymir work/monster/metinstone_02/metinstone_10.dds	1
metin2_patch_eu3/metin2_map_devilscatacomb/002006/areadata.txt	metin2_map_devilscatacomb/002006/areadata.txt	1
metin2_patch_eu3/ymir work/monster2/zombie_diseased_bow/34.gr2	d:/ymir work/monster2/zombie_diseased_bow/34.gr2	1
metin2_patch_eu3/metin2_map_devilscatacomb/002006/areaproperty.txt	metin2_map_devilscatacomb/002006/areaproperty.txt	1
metin2_patch_eu3/ymir work/monster2/zombie_diseased_bow/00.gr2	d:/ymir work/monster2/zombie_diseased_bow/00.gr2	1
metin2_patch_eu3/metin2_map_devilscatacomb/002006/attr.atr	metin2_map_devilscatacomb/002006/attr.atr	1
metin2_patch_eu3/metin2_map_devilscatacomb/005000/tile.raw	metin2_map_devilscatacomb/005000/tile.raw	1
metin2_patch_eu3/ymir work/monster2/zombie_ghost/00_1.msa	d:/ymir work/monster2/zombie_ghost/00_1.msa	1
metin2_patch_eu3/metin2_map_devilscatacomb/002006/height.raw	metin2_map_devilscatacomb/002006/height.raw	1
metin2_patch_eu3/metin2_map_devilscatacomb/002006/shadowmap.raw	metin2_map_devilscatacomb/002006/shadowmap.raw	1
metin2_patch_eu3/metin2_map_devilscatacomb/006000/areaambiencedata.txt	metin2_map_devilscatacomb/006000/areaambiencedata.txt	1
metin2_patch_eu3/ymir work/zone/devilcave/door1.dds	d:/ymir work/zone/devilcave/door1.dds	1
metin2_patch_eu3/ymir work/monster2/zombie_general/00.gr2	d:/ymir work/monster2/zombie_general/00.gr2	1
metin2_patch_eu3/metin2_map_devilscatacomb/002006/tile.raw	metin2_map_devilscatacomb/002006/tile.raw	1
metin2_patch_eu3/metin2_map_devilscatacomb/004002/areaproperty.txt	metin2_map_devilscatacomb/004002/areaproperty.txt	1
metin2_patch_eu3/metin2_map_devilscatacomb/006006/areaproperty.txt	metin2_map_devilscatacomb/006006/areaproperty.txt	1
metin2_patch_eu3/metin2_map_devilscatacomb/002006/water.wtr	metin2_map_devilscatacomb/002006/water.wtr	1
metin2_patch_eu3/ymir work/monster2/zombie_diseased_kid/20.gr2	d:/ymir work/monster2/zombie_diseased_kid/20.gr2	1
metin2_patch_eu3/metin2_map_devilscatacomb/005003/shadowmap.raw	metin2_map_devilscatacomb/005003/shadowmap.raw	1
metin2_patch_eu3/metin2_map_devilscatacomb/002007/areadata.txt	metin2_map_devilscatacomb/002007/areadata.txt	1
metin2_patch_eu3/metin2_map_devilscatacomb/002007/areaproperty.txt	metin2_map_devilscatacomb/002007/areaproperty.txt	1
metin2_patch_eu3/metin2_map_devilscatacomb/006002/tile.raw	metin2_map_devilscatacomb/006002/tile.raw	1
metin2_patch_eu3/metin2_map_devilscatacomb/002007/attr.atr	metin2_map_devilscatacomb/002007/attr.atr	1
metin2_patch_eu3/ymir work/monster2/zombie_diseased_kid/37.gr2	d:/ymir work/monster2/zombie_diseased_kid/37.gr2	1
metin2_patch_eu3/metin2_map_devilscatacomb/002007/height.raw	metin2_map_devilscatacomb/002007/height.raw	1
metin2_patch_eu3/sound/monster2/zombie_diseased_dog/30.mss	sound/monster2/zombie_diseased_dog/30.mss	1
metin2_patch_eu3/ymir work/monster/metinstone_02/metinstone_blow.msa	d:/ymir work/monster/metinstone_02/metinstone_blow.msa	1
metin2_patch_eu3/metin2_map_devilscatacomb/002007/water.wtr	metin2_map_devilscatacomb/002007/water.wtr	1
metin2_patch_eu3/sound/monster2/zombie_soldier_spear/20_1.mss	sound/monster2/zombie_soldier_spear/20_1.mss	1
metin2_patch_eu3/metin2_map_devilscatacomb/003000/attr.atr	metin2_map_devilscatacomb/003000/attr.atr	1
metin2_patch_eu3/sound/monster2/zombie_diseased_boss/20_1.mss	sound/monster2/zombie_diseased_boss/20_1.mss	1
metin2_patch_eu3/ymir work/monster2/zombie_bigboss2/back_knockdown.msa	d:/ymir work/monster2/zombie_bigboss2/back_knockdown.msa	1
metin2_patch_eu3/ymir work/monster2/zombie_diseased_infector/03.gr2	d:/ymir work/monster2/zombie_diseased_infector/03.gr2	1
metin2_patch_eu3/ymir work/terrainmaps/b/stone/dc_rock_00.dds	d:/ymir work/terrainmaps/b/stone/dc_rock_00.dds	1
metin2_patch_eu3/metin2_map_devilscatacomb/003000/shadowmap.dds	metin2_map_devilscatacomb/003000/shadowmap.dds	1
metin2_patch_eu3/metin2_map_devilscatacomb/003000/tile.raw	metin2_map_devilscatacomb/003000/tile.raw	1
metin2_patch_eu3/ymir work/monster2/zombie_diseased_infector/34_1.gr2	d:/ymir work/monster2/zombie_diseased_infector/34_1.gr2	1
metin2_patch_eu3/metin2_map_devilscatacomb/006006/water.wtr	metin2_map_devilscatacomb/006006/water.wtr	1
metin2_patch_eu3/ymir work/monster2/zombie_bigboss2/wait02.gr2	d:/ymir work/monster2/zombie_bigboss2/wait02.gr2	1
metin2_patch_eu3/metin2_map_devilscatacomb/003000/water.wtr	metin2_map_devilscatacomb/003000/water.wtr	1
metin2_patch_eu3/metin2_map_devilscatacomb/003001/areaambiencedata.txt	metin2_map_devilscatacomb/003001/areaambiencedata.txt	1
metin2_patch_eu3/ymir work/monster2/zombie_ghost/zombie_ghost.dds	d:/ymir work/monster2/zombie_ghost/zombie_ghost.dds	1
metin2_patch_eu3/metin2_map_devilscatacomb/003001/areadata.txt	metin2_map_devilscatacomb/003001/areadata.txt	1
metin2_patch_eu3/metin2_map_devilscatacomb/003001/areaproperty.txt	metin2_map_devilscatacomb/003001/areaproperty.txt	1
metin2_patch_eu3/sound/monster2/zombie_king/20.mss	sound/monster2/zombie_king/20.mss	1
metin2_patch_eu3/metin2_map_devilscatacomb/006000/shadowmap.dds	metin2_map_devilscatacomb/006000/shadowmap.dds	1
metin2_patch_eu3/sound/monster2/zombie_diseased_boss/34.mss	sound/monster2/zombie_diseased_boss/34.mss	1
metin2_patch_eu3/metin2_map_devilscatacomb/003004/tile.raw	metin2_map_devilscatacomb/003004/tile.raw	1
metin2_patch_eu3/ymir work/monster2/zombie_diseased_boss/32.msa	d:/ymir work/monster2/zombie_diseased_boss/32.msa	1
metin2_patch_eu3/metin2_map_devilscatacomb/003001/water.wtr	metin2_map_devilscatacomb/003001/water.wtr	1
metin2_patch_eu3/metin2_map_devilscatacomb/006004/shadowmap.raw	metin2_map_devilscatacomb/006004/shadowmap.raw	1
metin2_patch_eu3/metin2_map_devilscatacomb/003002/areaambiencedata.txt	metin2_map_devilscatacomb/003002/areaambiencedata.txt	1
metin2_patch_eu3/ymir work/monster2/zombie_bigboss2/front_damage00.msa	d:/ymir work/monster2/zombie_bigboss2/front_damage00.msa	1
metin2_patch_eu3/metin2_map_devilscatacomb/003002/areaproperty.txt	metin2_map_devilscatacomb/003002/areaproperty.txt	1
metin2_patch_eu3/metin2_map_devilscatacomb/003002/attr.atr	metin2_map_devilscatacomb/003002/attr.atr	1
metin2_patch_eu3/ymir work/monster2/zombie_diseased_boss/36.msa	d:/ymir work/monster2/zombie_diseased_boss/36.msa	1
metin2_patch_eu3/ymir work/effect/monster2/redblack4.mse	d:/ymir work/effect/monster2/redblack4.mse	1
metin2_patch_eu3/metin2_map_devilscatacomb/006000/areadata.txt	metin2_map_devilscatacomb/006000/areadata.txt	1
metin2_patch_eu3/metin2_map_devilscatacomb/003002/height.raw	metin2_map_devilscatacomb/003002/height.raw	1
metin2_patch_eu3/ymir work/monster2/zombie_diseased_bow/35.msa	d:/ymir work/monster2/zombie_diseased_bow/35.msa	1
metin2_patch_eu3/metin2_map_devilscatacomb/003002/shadowmap.dds	metin2_map_devilscatacomb/003002/shadowmap.dds	1
metin2_patch_eu3/ymir work/monster2/zombie_diseased_bow/30.gr2	d:/ymir work/monster2/zombie_diseased_bow/30.gr2	1
metin2_patch_eu3/metin2_map_devilscatacomb/003002/tile.raw	metin2_map_devilscatacomb/003002/tile.raw	1
metin2_patch_eu3/metin2_map_devilscatacomb/005004/height.raw	metin2_map_devilscatacomb/005004/height.raw	1
metin2_patch_eu3/ymir work/monster2/zombie_soldier_scythe/35.msa	d:/ymir work/monster2/zombie_soldier_scythe/35.msa	1
metin2_patch_eu3/metin2_map_devilscatacomb/003002/water.wtr	metin2_map_devilscatacomb/003002/water.wtr	1
metin2_patch_eu3/sound/monster2/zombie_diseased_infector/02.mss	sound/monster2/zombie_diseased_infector/02.mss	1
metin2_patch_eu3/ymir work/monster2/zombie_diseased_dog/03_1.gr2	d:/ymir work/monster2/zombie_diseased_dog/03_1.gr2	1
metin2_patch_eu3/sound/monster2/zombie_bigboss/34_1.mss	sound/monster2/zombie_bigboss/34_1.mss	1
metin2_patch_eu3/ymir work/monster2/zombie_god/zombie_god.dds	d:/ymir work/monster2/zombie_god/zombie_god.dds	1
metin2_patch_eu3/ymir work/monster2/zombie_diseased_kid/31.msa	d:/ymir work/monster2/zombie_diseased_kid/31.msa	1
metin2_patch_eu3/metin2_map_devilscatacomb/003003/areaambiencedata.txt	metin2_map_devilscatacomb/003003/areaambiencedata.txt	1
metin2_patch_eu3/ymir work/monster2/zombie_soldier_scythe/31.gr2	d:/ymir work/monster2/zombie_soldier_scythe/31.gr2	1
metin2_patch_eu3/metin2_map_devilscatacomb/003003/areadata.txt	metin2_map_devilscatacomb/003003/areadata.txt	1
metin2_patch_eu3/metin2_map_devilscatacomb/005006/areaproperty.txt	metin2_map_devilscatacomb/005006/areaproperty.txt	1
metin2_patch_eu3/metin2_map_devilscatacomb/004003/areaambiencedata.txt	metin2_map_devilscatacomb/004003/areaambiencedata.txt	1
metin2_patch_eu3/ymir work/npc/fire_tiger/fire_tiger_green_lod_03.gr2	d:/ymir work/npc/fire_tiger/fire_tiger_green_lod_03.gr2	1
metin2_patch_eu3/metin2_map_devilscatacomb/006003/shadowmap.raw	metin2_map_devilscatacomb/006003/shadowmap.raw	1
metin2_patch_eu3/ymir work/monster2/zombie_god/20.gr2	d:/ymir work/monster2/zombie_god/20.gr2	1
metin2_patch_eu3/metin2_map_devilscatacomb/003003/areaproperty.txt	metin2_map_devilscatacomb/003003/areaproperty.txt	1
metin2_patch_eu3/ymir work/monster2/zombie_diseased_infector/37.msa	d:/ymir work/monster2/zombie_diseased_infector/37.msa	1
metin2_patch_eu3/metin2_map_devilscatacomb/003003/height.raw	metin2_map_devilscatacomb/003003/height.raw	1
metin2_patch_eu3/metin2_map_devilscatacomb/006002/areadata.txt	metin2_map_devilscatacomb/006002/areadata.txt	1
metin2_patch_eu3/textureset/metin2_milgyo.txt	textureset/metin2_milgyo.txt	1
metin2_patch_eu3/ymir work/monster2/zombie_diseased_infector/20.msa	d:/ymir work/monster2/zombie_diseased_infector/20.msa	1
metin2_patch_eu3/metin2_map_devilscatacomb/003003/shadowmap.dds	metin2_map_devilscatacomb/003003/shadowmap.dds	1
metin2_patch_eu3/metin2_map_devilscatacomb/005003/areaambiencedata.txt	metin2_map_devilscatacomb/005003/areaambiencedata.txt	1
metin2_patch_eu3/metin2_map_devilscatacomb/003003/water.wtr	metin2_map_devilscatacomb/003003/water.wtr	1
metin2_patch_eu3/metin2_map_devilscatacomb/003004/areaambiencedata.txt	metin2_map_devilscatacomb/003004/areaambiencedata.txt	1
metin2_patch_eu3/metin2_map_devilscatacomb/003004/height.raw	metin2_map_devilscatacomb/003004/height.raw	1
metin2_patch_eu3/metin2_map_devilscatacomb/003004/areadata.txt	metin2_map_devilscatacomb/003004/areadata.txt	1
metin2_patch_eu3/ymir work/monster/metinstone_02/metinstone_12.msm	d:/ymir work/monster/metinstone_02/metinstone_12.msm	1
metin2_patch_eu3/metin2_map_devilscatacomb/003004/attr.atr	metin2_map_devilscatacomb/003004/attr.atr	1
metin2_patch_eu3/metin2_map_devilscatacomb/003004/shadowmap.raw	metin2_map_devilscatacomb/003004/shadowmap.raw	1
metin2_patch_eu3/metin2_map_devilscatacomb/003004/shadowmap.dds	metin2_map_devilscatacomb/003004/shadowmap.dds	1
metin2_patch_eu3/metin2_map_devilscatacomb/005000/attr.atr	metin2_map_devilscatacomb/005000/attr.atr	1
metin2_patch_eu3/sound/monster2/zombie_diseased_spear/32.mss	sound/monster2/zombie_diseased_spear/32.mss	1
metin2_patch_eu3/metin2_map_devilscatacomb/003004/water.wtr	metin2_map_devilscatacomb/003004/water.wtr	1
metin2_patch_eu3/metin2_map_devilscatacomb/006001/shadowmap.raw	metin2_map_devilscatacomb/006001/shadowmap.raw	1
metin2_patch_eu3/metin2_map_devilscatacomb/003005/areadata.txt	metin2_map_devilscatacomb/003005/areadata.txt	1
metin2_patch_eu3/metin2_map_devilscatacomb/003005/areaproperty.txt	metin2_map_devilscatacomb/003005/areaproperty.txt	1
metin2_patch_eu3/ymir work/monster2/zombie_diseased_dog/00_1.msa	d:/ymir work/monster2/zombie_diseased_dog/00_1.msa	1
metin2_patch_eu3/metin2_map_devilscatacomb/003005/shadowmap.dds	metin2_map_devilscatacomb/003005/shadowmap.dds	1
metin2_patch_eu3/metin2_map_devilscatacomb/003005/shadowmap.raw	metin2_map_devilscatacomb/003005/shadowmap.raw	1
metin2_patch_eu3/metin2_map_devilscatacomb/003005/water.wtr	metin2_map_devilscatacomb/003005/water.wtr	1
metin2_patch_eu3/ymir work/monster2/zombie_ghost/34.msa	d:/ymir work/monster2/zombie_ghost/34.msa	1
metin2_patch_eu3/ymir work/monster2/zombie_diseased_boss/37.gr2	d:/ymir work/monster2/zombie_diseased_boss/37.gr2	1
metin2_patch_eu3/metin2_map_devilscatacomb/003006/areadata.txt	metin2_map_devilscatacomb/003006/areadata.txt	1
metin2_patch_eu3/metin2_map_devilscatacomb/003006/areaproperty.txt	metin2_map_devilscatacomb/003006/areaproperty.txt	1
metin2_patch_eu3/ymir work/zone/devilcave/devilcave_boss1.mdatr	d:/ymir work/zone/devilcave/devilcave_boss1.mdatr	1
metin2_patch_eu3/metin2_map_devilscatacomb/003006/height.raw	metin2_map_devilscatacomb/003006/height.raw	1
metin2_patch_eu3/metin2_map_devilscatacomb/003006/shadowmap.dds	metin2_map_devilscatacomb/003006/shadowmap.dds	1
metin2_patch_eu3/ymir work/zone/devilcave/devil_entrance.gr2	d:/ymir work/zone/devilcave/devil_entrance.gr2	1
metin2_patch_eu3/metin2_map_devilscatacomb/006002/shadowmap.raw	metin2_map_devilscatacomb/006002/shadowmap.raw	1
metin2_patch_eu3/metin2_map_devilscatacomb/003006/tile.raw	metin2_map_devilscatacomb/003006/tile.raw	1
metin2_patch_eu3/metin2_map_devilscatacomb/006002/shadowmap.dds	metin2_map_devilscatacomb/006002/shadowmap.dds	1
metin2_patch_eu3/metin2_map_devilscatacomb/003006/water.wtr	metin2_map_devilscatacomb/003006/water.wtr	1
metin2_patch_eu3/metin2_map_devilscatacomb/004007/water.wtr	metin2_map_devilscatacomb/004007/water.wtr	1
metin2_patch_eu3/metin2_map_devilscatacomb/003007/areaambiencedata.txt	metin2_map_devilscatacomb/003007/areaambiencedata.txt	1
metin2_patch_eu3/ymir work/monster2/zombie_bigboss2/zombie_bigboss2_weapon1.dds	d:/ymir work/monster2/zombie_bigboss2/zombie_bigboss2_weapon1.dds	1
metin2_patch_eu3/metin2_map_devilscatacomb/003007/areadata.txt	metin2_map_devilscatacomb/003007/areadata.txt	1
metin2_patch_eu3/metin2_map_devilscatacomb/006000/shadowmap.raw	metin2_map_devilscatacomb/006000/shadowmap.raw	1
metin2_patch_eu3/metin2_map_devilscatacomb/003007/tile.raw	metin2_map_devilscatacomb/003007/tile.raw	1
metin2_patch_eu3/ymir work/monster2/zombie_diseased_dog/zombie_diseased_dog_lod_01.gr2	d:/ymir work/monster2/zombie_diseased_dog/zombie_diseased_dog_lod_01.gr2	1
metin2_patch_eu3/metin2_map_devilscatacomb/003007/water.wtr	metin2_map_devilscatacomb/003007/water.wtr	1
metin2_patch_eu3/metin2_map_devilscatacomb/004000/areaproperty.txt	metin2_map_devilscatacomb/004000/areaproperty.txt	1
metin2_patch_eu3/metin2_map_devilscatacomb/004000/shadowmap.dds	metin2_map_devilscatacomb/004000/shadowmap.dds	1
metin2_patch_eu3/ymir work/npc/fire_tiger/fire_tiger_white_lod_03.gr2	d:/ymir work/npc/fire_tiger/fire_tiger_white_lod_03.gr2	1
metin2_patch_eu3/ymir work/monster2/zombie_king/32.gr2	d:/ymir work/monster2/zombie_king/32.gr2	1
metin2_patch_eu3/metin2_map_devilscatacomb/004001/areadata.txt	metin2_map_devilscatacomb/004001/areadata.txt	1
metin2_patch_eu3/metin2_map_devilscatacomb/004000/shadowmap.raw	metin2_map_devilscatacomb/004000/shadowmap.raw	1
metin2_patch_eu3/ymir work/monster2/zombie_bigboss/36.gr2	d:/ymir work/monster2/zombie_bigboss/36.gr2	1
metin2_patch_eu3/metin2_map_devilscatacomb/006002/areaambiencedata.txt	metin2_map_devilscatacomb/006002/areaambiencedata.txt	1
metin2_patch_eu3/ymir work/monster2/zombie_king/37.gr2	d:/ymir work/monster2/zombie_king/37.gr2	1
metin2_patch_eu3/ymir work/monster2/zombie_diseased_boss/36.gr2	d:/ymir work/monster2/zombie_diseased_boss/36.gr2	1
metin2_patch_eu3/metin2_map_devilscatacomb/004000/tile.raw	metin2_map_devilscatacomb/004000/tile.raw	1
metin2_patch_eu3/metin2_map_devilscatacomb/004001/areaproperty.txt	metin2_map_devilscatacomb/004001/areaproperty.txt	1
metin2_patch_eu3/sound/monster2/zombie_bigboss/30.mss	sound/monster2/zombie_bigboss/30.mss	1
metin2_patch_eu3/metin2_map_devilscatacomb/006005/shadowmap.dds	metin2_map_devilscatacomb/006005/shadowmap.dds	1
metin2_patch_eu3/metin2_map_devilscatacomb/004001/attr.atr	metin2_map_devilscatacomb/004001/attr.atr	1
metin2_patch_eu3/ymir work/monster2/zombie_god/37.msa	d:/ymir work/monster2/zombie_god/37.msa	1
metin2_patch_eu3/metin2_map_devilscatacomb/004003/height.raw	metin2_map_devilscatacomb/004003/height.raw	1
metin2_patch_eu3/metin2_map_devilscatacomb/004001/height.raw	metin2_map_devilscatacomb/004001/height.raw	1
metin2_patch_eu3/ymir work/monster2/zombie_soldier_bow/36.msa	d:/ymir work/monster2/zombie_soldier_bow/36.msa	1
metin2_patch_eu3/metin2_map_devilscatacomb/004001/shadowmap.dds	metin2_map_devilscatacomb/004001/shadowmap.dds	1
metin2_patch_eu3/metin2_map_devilscatacomb/004001/shadowmap.raw	metin2_map_devilscatacomb/004001/shadowmap.raw	1
metin2_patch_eu3/metin2_map_devilscatacomb/005003/shadowmap.dds	metin2_map_devilscatacomb/005003/shadowmap.dds	1
metin2_patch_eu3/metin2_map_devilscatacomb/004001/tile.raw	metin2_map_devilscatacomb/004001/tile.raw	1
metin2_patch_eu3/metin2_map_devilscatacomb/004001/water.wtr	metin2_map_devilscatacomb/004001/water.wtr	1
metin2_patch_eu3/sound/monster2/zombie_diseased_kid/32.mss	sound/monster2/zombie_diseased_kid/32.mss	1
metin2_patch_eu3/metin2_map_devilscatacomb/004002/areaambiencedata.txt	metin2_map_devilscatacomb/004002/areaambiencedata.txt	1
metin2_patch_eu3/metin2_map_devilscatacomb/006002/attr.atr	metin2_map_devilscatacomb/006002/attr.atr	1
metin2_patch_eu3/metin2_map_devilscatacomb/005006/water.wtr	metin2_map_devilscatacomb/005006/water.wtr	1
metin2_patch_eu3/metin2_map_devilscatacomb/004002/attr.atr	metin2_map_devilscatacomb/004002/attr.atr	1
metin2_patch_eu3/ymir work/monster2/zombie_diseased_sword/33.gr2	d:/ymir work/monster2/zombie_diseased_sword/33.gr2	1
metin2_patch_eu3/ymir work/monster2/zombie_diseased_sword/20_1.msa	d:/ymir work/monster2/zombie_diseased_sword/20_1.msa	1
metin2_patch_eu3/metin2_map_devilscatacomb/004002/height.raw	metin2_map_devilscatacomb/004002/height.raw	1
metin2_patch_eu3/metin2_map_devilscatacomb/004002/shadowmap.raw	metin2_map_devilscatacomb/004002/shadowmap.raw	1
metin2_patch_eu3/ymir work/effect/monster2/redblack2.mse	d:/ymir work/effect/monster2/redblack2.mse	1
metin2_patch_eu3/ymir work/monster2/zombie_soldier_scythe/20.msa	d:/ymir work/monster2/zombie_soldier_scythe/20.msa	1
metin2_patch_eu3/metin2_map_devilscatacomb/004002/tile.raw	metin2_map_devilscatacomb/004002/tile.raw	1
metin2_patch_eu3/metin2_map_devilscatacomb/005006/height.raw	metin2_map_devilscatacomb/005006/height.raw	1
metin2_patch_eu3/ymir work/effect/background/metinstone_loop_bluegreen.mse	d:/ymir work/effect/background/metinstone_loop_bluegreen.mse	1
metin2_patch_eu3/ymir work/monster2/zombie_diseased_boss/34_1.msa	d:/ymir work/monster2/zombie_diseased_boss/34_1.msa	1
metin2_patch_eu3/ymir work/monster2/zombie_ghost/31.gr2	d:/ymir work/monster2/zombie_ghost/31.gr2	1
metin2_patch_eu3/metin2_map_devilscatacomb/004002/water.wtr	metin2_map_devilscatacomb/004002/water.wtr	1
metin2_patch_eu3/metin2_map_devilscatacomb/004003/areaproperty.txt	metin2_map_devilscatacomb/004003/areaproperty.txt	1
metin2_patch_eu3/metin2_map_devilscatacomb/004003/attr.atr	metin2_map_devilscatacomb/004003/attr.atr	1
metin2_patch_eu3/metin2_map_devilscatacomb/004003/shadowmap.dds	metin2_map_devilscatacomb/004003/shadowmap.dds	1
metin2_patch_eu3/metin2_map_devilscatacomb/004003/shadowmap.raw	metin2_map_devilscatacomb/004003/shadowmap.raw	1
metin2_patch_eu3/sound/monster2/zombie_diseased_kid/03.mss	sound/monster2/zombie_diseased_kid/03.mss	1
metin2_patch_eu3/ymir work/monster2/zombie_ghost/03.msa	d:/ymir work/monster2/zombie_ghost/03.msa	1
metin2_patch_eu3/sound/monster2/zombie_ghost/30_1.mss	sound/monster2/zombie_ghost/30_1.mss	1
metin2_patch_eu3/metin2_map_devilscatacomb/004003/tile.raw	metin2_map_devilscatacomb/004003/tile.raw	1
metin2_patch_eu3/metin2_map_devilscatacomb/004004/areaambiencedata.txt	metin2_map_devilscatacomb/004004/areaambiencedata.txt	1
metin2_patch_eu3/ymir work/monster2/zombie_diseased_dog/zombie_diseased_dog.gr2	d:/ymir work/monster2/zombie_diseased_dog/zombie_diseased_dog.gr2	1
metin2_patch_eu3/ymir work/monster2/zombie_bigboss/00_1.gr2	d:/ymir work/monster2/zombie_bigboss/00_1.gr2	1
metin2_patch_eu3/sound/monster2/zombie_bigboss2/front_damage00.mss	sound/monster2/zombie_bigboss2/front_damage00.mss	1
metin2_patch_eu3/ymir work/monster2/zombie_soldier_scythe/30_1.gr2	d:/ymir work/monster2/zombie_soldier_scythe/30_1.gr2	1
metin2_patch_eu3/ymir work/monster2/zombie_soldier_scythe/20.gr2	d:/ymir work/monster2/zombie_soldier_scythe/20.gr2	1
metin2_patch_eu3/metin2_map_devilscatacomb/004004/areadata.txt	metin2_map_devilscatacomb/004004/areadata.txt	1
metin2_patch_eu3/sound/monster2/zombie_king/03.mss	sound/monster2/zombie_king/03.mss	1
metin2_patch_eu3/metin2_map_devilscatacomb/005001/shadowmap.dds	metin2_map_devilscatacomb/005001/shadowmap.dds	1
metin2_patch_eu3/metin2_map_devilscatacomb/004004/areaproperty.txt	metin2_map_devilscatacomb/004004/areaproperty.txt	1
metin2_patch_eu3/metin2_map_devilscatacomb/004004/attr.atr	metin2_map_devilscatacomb/004004/attr.atr	1
metin2_patch_eu3/metin2_map_devilscatacomb/004004/height.raw	metin2_map_devilscatacomb/004004/height.raw	1
metin2_patch_eu3/metin2_map_devilscatacomb/005001/water.wtr	metin2_map_devilscatacomb/005001/water.wtr	1
metin2_patch_eu3/metin2_map_devilscatacomb/004004/tile.raw	metin2_map_devilscatacomb/004004/tile.raw	1
metin2_patch_eu3/ymir work/monster2/zombie_god/31.gr2	d:/ymir work/monster2/zombie_god/31.gr2	1
metin2_patch_eu3/metin2_map_devilscatacomb/004005/areaproperty.txt	metin2_map_devilscatacomb/004005/areaproperty.txt	1
metin2_patch_eu3/sound/monster2/zombie_bigboss2/back_damage00.mss	sound/monster2/zombie_bigboss2/back_damage00.mss	1
metin2_patch_eu3/metin2_map_devilscatacomb/004005/height.raw	metin2_map_devilscatacomb/004005/height.raw	1
metin2_patch_eu3/ymir work/monster2/zombie_diseased_bow/31.gr2	d:/ymir work/monster2/zombie_diseased_bow/31.gr2	1
metin2_patch_eu3/metin2_map_devilscatacomb/004005/shadowmap.raw	metin2_map_devilscatacomb/004005/shadowmap.raw	1
metin2_patch_eu3/metin2_map_devilscatacomb/004005/water.wtr	metin2_map_devilscatacomb/004005/water.wtr	1
metin2_patch_eu3/ymir work/npc2/zombie_security_stone/zombie_security_stone.msm	d:/ymir work/npc2/zombie_security_stone/zombie_security_stone.msm	1
metin2_patch_eu3/metin2_map_devilscatacomb/005003/attr.atr	metin2_map_devilscatacomb/005003/attr.atr	1
metin2_patch_eu3/ymir work/npc/boar/boar_0_lod_02.gr2	d:/ymir work/npc/boar/boar_0_lod_02.gr2	1
metin2_patch_eu3/sound/monster2/zombie_general/20.mss	sound/monster2/zombie_general/20.mss	1
metin2_patch_eu3/ymir work/monster2/zombie_king/37.msa	d:/ymir work/monster2/zombie_king/37.msa	1
metin2_patch_eu3/metin2_map_devilscatacomb/004006/areadata.txt	metin2_map_devilscatacomb/004006/areadata.txt	1
metin2_patch_eu3/ymir work/monster2/zombie_diseased_sword/zombie_bigboss1_weapon.dds	d:/ymir work/monster2/zombie_diseased_sword/zombie_bigboss1_weapon.dds	1
metin2_patch_eu3/sound/monster2/zombie_diseased_dog/20_1.mss	sound/monster2/zombie_diseased_dog/20_1.mss	1
metin2_patch_eu3/ymir work/monster2/zombie_diseased_dog/33_1.gr2	d:/ymir work/monster2/zombie_diseased_dog/33_1.gr2	1
metin2_patch_eu3/metin2_map_devilscatacomb/004006/shadowmap.raw	metin2_map_devilscatacomb/004006/shadowmap.raw	1
metin2_patch_eu3/metin2_map_devilscatacomb/004006/tile.raw	metin2_map_devilscatacomb/004006/tile.raw	1
metin2_patch_eu3/metin2_map_devilscatacomb/004007/areadata.txt	metin2_map_devilscatacomb/004007/areadata.txt	1
metin2_patch_eu3/metin2_map_devilscatacomb/005006/tile.raw	metin2_map_devilscatacomb/005006/tile.raw	1
metin2_patch_eu3/metin2_map_devilscatacomb/004007/areaproperty.txt	metin2_map_devilscatacomb/004007/areaproperty.txt	1
metin2_patch_eu3/ymir work/monster2/zombie_ghost/36.gr2	d:/ymir work/monster2/zombie_ghost/36.gr2	1
metin2_patch_eu3/metin2_map_devilscatacomb/004007/height.raw	metin2_map_devilscatacomb/004007/height.raw	1
metin2_patch_eu3/ymir work/monster2/zombie_diseased_infector/30_1.gr2	d:/ymir work/monster2/zombie_diseased_infector/30_1.gr2	1
metin2_patch_eu3/metin2_map_devilscatacomb/004007/tile.raw	metin2_map_devilscatacomb/004007/tile.raw	1
metin2_patch_eu3/metin2_map_devilscatacomb/005002/tile.raw	metin2_map_devilscatacomb/005002/tile.raw	1
metin2_patch_eu3/metin2_map_devilscatacomb/005000/areaambiencedata.txt	metin2_map_devilscatacomb/005000/areaambiencedata.txt	1
metin2_patch_eu3/ymir work/monster2/zombie_ghost/zombie_ghost.msm	d:/ymir work/monster2/zombie_ghost/zombie_ghost.msm	1
metin2_patch_eu3/ymir work/monster2/zombie_diseased_kid/33.gr2	d:/ymir work/monster2/zombie_diseased_kid/33.gr2	1
metin2_patch_eu3/ymir work/monster2/zombie_general/30_1.msa	d:/ymir work/monster2/zombie_general/30_1.msa	1
metin2_patch_eu3/metin2_map_devilscatacomb/005000/areadata.txt	metin2_map_devilscatacomb/005000/areadata.txt	1
metin2_patch_eu3/metin2_map_devilscatacomb/006006/shadowmap.raw	metin2_map_devilscatacomb/006006/shadowmap.raw	1
metin2_patch_eu3/metin2_map_devilscatacomb/005000/areaproperty.txt	metin2_map_devilscatacomb/005000/areaproperty.txt	1
metin2_patch_eu3/ymir work/monster2/zombie_bigboss/34_1.gr2	d:/ymir work/monster2/zombie_bigboss/34_1.gr2	1
metin2_patch_eu3/ymir work/monster2/zombie_diseased_dog/30.msa	d:/ymir work/monster2/zombie_diseased_dog/30.msa	1
metin2_patch_eu3/metin2_map_devilscatacomb/005000/height.raw	metin2_map_devilscatacomb/005000/height.raw	1
metin2_patch_eu3/metin2_map_devilscatacomb/005000/minimap.dds	metin2_map_devilscatacomb/005000/minimap.dds	1
metin2_patch_eu3/ymir work/monster2/zombie_diseased_dog/02.gr2	d:/ymir work/monster2/zombie_diseased_dog/02.gr2	1
metin2_patch_eu3/metin2_map_devilscatacomb/005000/shadowmap.dds	metin2_map_devilscatacomb/005000/shadowmap.dds	1
metin2_patch_eu3/metin2_map_devilscatacomb/005000/shadowmap.raw	metin2_map_devilscatacomb/005000/shadowmap.raw	1
metin2_patch_eu3/ymir work/monster2/zombie_general/37.msa	d:/ymir work/monster2/zombie_general/37.msa	1
metin2_patch_eu3/metin2_map_devilscatacomb/005001/areaambiencedata.txt	metin2_map_devilscatacomb/005001/areaambiencedata.txt	1
metin2_patch_eu3/metin2_map_devilscatacomb/005004/attr.atr	metin2_map_devilscatacomb/005004/attr.atr	1
metin2_patch_eu3/sound/monster2/zombie_skeleton_god/20.mss	sound/monster2/zombie_skeleton_god/20.mss	1
metin2_patch_eu3/ymir work/monster2/zombie_bigboss2/back_damage01.msa	d:/ymir work/monster2/zombie_bigboss2/back_damage01.msa	1
metin2_patch_eu3/sound/monster2/zombie_bigboss2/back_damage01.mss	sound/monster2/zombie_bigboss2/back_damage01.mss	1
metin2_patch_eu3/sound/monster2/zombie_diseased_infector/20.mss	sound/monster2/zombie_diseased_infector/20.mss	1
metin2_patch_eu3/ymir work/monster2/zombie_diseased_dog/00.msa	d:/ymir work/monster2/zombie_diseased_dog/00.msa	1
metin2_patch_eu3/ymir work/npc/fire_tiger/fire_tiger_blue_lod_01.gr2	d:/ymir work/npc/fire_tiger/fire_tiger_blue_lod_01.gr2	1
metin2_patch_eu3/metin2_map_devilscatacomb/005001/areadata.txt	metin2_map_devilscatacomb/005001/areadata.txt	1
metin2_patch_eu3/sound/monster2/zombie_diseased_bow/03.mss	sound/monster2/zombie_diseased_bow/03.mss	1
metin2_patch_eu3/metin2_map_devilscatacomb/006004/water.wtr	metin2_map_devilscatacomb/006004/water.wtr	1
metin2_patch_eu3/metin2_map_devilscatacomb/005001/height.raw	metin2_map_devilscatacomb/005001/height.raw	1
metin2_patch_eu3/metin2_map_devilscatacomb/005006/areadata.txt	metin2_map_devilscatacomb/005006/areadata.txt	1
metin2_patch_eu3/metin2_map_devilscatacomb/005001/shadowmap.raw	metin2_map_devilscatacomb/005001/shadowmap.raw	1
metin2_patch_eu3/metin2_map_devilscatacomb/005002/areaambiencedata.txt	metin2_map_devilscatacomb/005002/areaambiencedata.txt	1
metin2_patch_eu3/metin2_map_devilscatacomb/005002/areadata.txt	metin2_map_devilscatacomb/005002/areadata.txt	1
metin2_patch_eu3/ymir work/zone/devilcave/bone1.dds	d:/ymir work/zone/devilcave/bone1.dds	1
metin2_patch_eu3/metin2_map_devilscatacomb/005002/height.raw	metin2_map_devilscatacomb/005002/height.raw	1
metin2_patch_eu3/metin2_map_devilscatacomb/005002/shadowmap.raw	metin2_map_devilscatacomb/005002/shadowmap.raw	1
metin2_patch_eu3/ymir work/monster2/zombie_diseased_boss/33.gr2	d:/ymir work/monster2/zombie_diseased_boss/33.gr2	1
metin2_patch_eu3/metin2_map_devilscatacomb/005002/water.wtr	metin2_map_devilscatacomb/005002/water.wtr	1
metin2_patch_eu3/ymir work/monster2/zombie_bigboss/37.gr2	d:/ymir work/monster2/zombie_bigboss/37.gr2	1
metin2_patch_eu3/ymir work/zone/devilcave/pillar1.dds	d:/ymir work/zone/devilcave/pillar1.dds	1
metin2_patch_eu3/sound/monster2/zombie_soldier_bow/20.mss	sound/monster2/zombie_soldier_bow/20.mss	1
metin2_patch_eu3/metin2_map_devilscatacomb/006001/areaproperty.txt	metin2_map_devilscatacomb/006001/areaproperty.txt	1
metin2_patch_eu3/metin2_map_devilscatacomb/005003/areadata.txt	metin2_map_devilscatacomb/005003/areadata.txt	1
metin2_patch_eu3/ymir work/monster2/zombie_soldier_scythe/32.gr2	d:/ymir work/monster2/zombie_soldier_scythe/32.gr2	1
metin2_patch_eu3/metin2_map_devilscatacomb/005003/areaproperty.txt	metin2_map_devilscatacomb/005003/areaproperty.txt	1
metin2_patch_eu3/sound/monster2/zombie_magician/20_1.mss	sound/monster2/zombie_magician/20_1.mss	1
metin2_patch_eu3/metin2_map_devilscatacomb/005003/height.raw	metin2_map_devilscatacomb/005003/height.raw	1
metin2_patch_eu3/metin2_map_devilscatacomb/005003/water.wtr	metin2_map_devilscatacomb/005003/water.wtr	1
metin2_patch_eu3/ymir work/monster2/zombie_soldier_spear/34.msa	d:/ymir work/monster2/zombie_soldier_spear/34.msa	1
metin2_patch_eu3/metin2_map_devilscatacomb/005004/areaambiencedata.txt	metin2_map_devilscatacomb/005004/areaambiencedata.txt	1
metin2_patch_eu3/ymir work/npc/boar/boar_3.gr2	d:/ymir work/npc/boar/boar_3.gr2	1
metin2_patch_eu3/metin2_map_devilscatacomb/005004/areadata.txt	metin2_map_devilscatacomb/005004/areadata.txt	1
metin2_patch_eu3/ymir work/monster2/zombie_diseased_boss/20_1.msa	d:/ymir work/monster2/zombie_diseased_boss/20_1.msa	1
metin2_patch_eu3/metin2_map_devilscatacomb/005004/areaproperty.txt	metin2_map_devilscatacomb/005004/areaproperty.txt	1
metin2_patch_eu3/ymir work/monster2/zombie_diseased_dog/00_2.gr2	d:/ymir work/monster2/zombie_diseased_dog/00_2.gr2	1
metin2_patch_eu3/metin2_map_devilscatacomb/005004/shadowmap.dds	metin2_map_devilscatacomb/005004/shadowmap.dds	1
metin2_patch_eu3/metin2_map_devilscatacomb/005004/shadowmap.raw	metin2_map_devilscatacomb/005004/shadowmap.raw	1
metin2_patch_eu3/metin2_map_devilscatacomb/005004/tile.raw	metin2_map_devilscatacomb/005004/tile.raw	1
metin2_patch_eu3/metin2_map_devilscatacomb/005004/water.wtr	metin2_map_devilscatacomb/005004/water.wtr	1
metin2_patch_eu3/metin2_map_devilscatacomb/005005/areadata.txt	metin2_map_devilscatacomb/005005/areadata.txt	1
metin2_patch_eu3/metin2_map_devilscatacomb/005005/attr.atr	metin2_map_devilscatacomb/005005/attr.atr	1
metin2_patch_eu3/sound/monster2/zombie_diseased_sword/20.mss	sound/monster2/zombie_diseased_sword/20.mss	1
metin2_patch_eu3/metin2_map_devilscatacomb/005005/height.raw	metin2_map_devilscatacomb/005005/height.raw	1
metin2_patch_eu3/metin2_map_devilscatacomb/005005/shadowmap.dds	metin2_map_devilscatacomb/005005/shadowmap.dds	1
metin2_patch_eu3/ymir work/monster2/zombie_general/zombie_general.gr2	d:/ymir work/monster2/zombie_general/zombie_general.gr2	1
metin2_patch_eu3/sound/monster2/zombie_general/30_1.mss	sound/monster2/zombie_general/30_1.mss	1
metin2_patch_eu3/ymir work/monster2/zombie_god/zombie_god.gr2	d:/ymir work/monster2/zombie_god/zombie_god.gr2	1
metin2_patch_eu3/metin2_map_devilscatacomb/005005/water.wtr	metin2_map_devilscatacomb/005005/water.wtr	1
metin2_patch_eu3/ymir work/monster2/zombie_diseased_boss/zombie_diseased_boss.gr2	d:/ymir work/monster2/zombie_diseased_boss/zombie_diseased_boss.gr2	1
metin2_patch_eu3/ymir work/monster2/zombie_ghost/00.gr2	d:/ymir work/monster2/zombie_ghost/00.gr2	1
metin2_patch_eu3/metin2_map_devilscatacomb/005006/areaambiencedata.txt	metin2_map_devilscatacomb/005006/areaambiencedata.txt	1
metin2_patch_eu3/ymir work/monster2/zombie_general/36.msa	d:/ymir work/monster2/zombie_general/36.msa	1
metin2_patch_eu3/sound/monster2/zombie_bigboss/31.mss	sound/monster2/zombie_bigboss/31.mss	1
metin2_patch_eu3/metin2_map_devilscatacomb/005006/attr.atr	metin2_map_devilscatacomb/005006/attr.atr	1
metin2_patch_eu3/metin2_map_devilscatacomb/005006/shadowmap.dds	metin2_map_devilscatacomb/005006/shadowmap.dds	1
metin2_patch_eu3/ymir work/npc/fire_tiger/fire_tiger_gold_lod_02.gr2	d:/ymir work/npc/fire_tiger/fire_tiger_gold_lod_02.gr2	1
metin2_patch_eu3/metin2_map_devilscatacomb/005006/shadowmap.raw	metin2_map_devilscatacomb/005006/shadowmap.raw	1
metin2_patch_eu3/metin2_map_devilscatacomb/006000/areaproperty.txt	metin2_map_devilscatacomb/006000/areaproperty.txt	1
metin2_patch_eu3/sound/monster2/zombie_diseased_infector/35.mss	sound/monster2/zombie_diseased_infector/35.mss	1
metin2_patch_eu3/metin2_map_devilscatacomb/006000/height.raw	metin2_map_devilscatacomb/006000/height.raw	1
metin2_patch_eu3/metin2_map_devilscatacomb/006000/water.wtr	metin2_map_devilscatacomb/006000/water.wtr	1
metin2_patch_eu3/metin2_map_devilscatacomb/006001/attr.atr	metin2_map_devilscatacomb/006001/attr.atr	1
metin2_patch_eu3/ymir work/monster2/zombie_diseased_kid/03.gr2	d:/ymir work/monster2/zombie_diseased_kid/03.gr2	1
metin2_patch_eu3/metin2_map_devilscatacomb/006001/height.raw	metin2_map_devilscatacomb/006001/height.raw	1
metin2_patch_eu3/ymir work/effect/background/metinstone_loop_pinkpurple.mse	d:/ymir work/effect/background/metinstone_loop_pinkpurple.mse	1
metin2_patch_eu3/sound/monster2/zombie_king/31.mss	sound/monster2/zombie_king/31.mss	1
metin2_patch_eu3/metin2_map_devilscatacomb/006001/shadowmap.dds	metin2_map_devilscatacomb/006001/shadowmap.dds	1
metin2_patch_eu3/metin2_map_devilscatacomb/006001/tile.raw	metin2_map_devilscatacomb/006001/tile.raw	1
metin2_patch_eu3/ymir work/monster2/zombie_magician/00.gr2	d:/ymir work/monster2/zombie_magician/00.gr2	1
metin2_patch_eu3/ymir work/monster2/zombie_bigboss/31.gr2	d:/ymir work/monster2/zombie_bigboss/31.gr2	1
metin2_patch_eu3/sound/monster2/zombie_bigboss2/special_attack00.mss	sound/monster2/zombie_bigboss2/special_attack00.mss	1
metin2_patch_eu3/sound/monster2/zombie_ghost/30.mss	sound/monster2/zombie_ghost/30.mss	1
metin2_patch_eu3/metin2_map_devilscatacomb/006003/attr.atr	metin2_map_devilscatacomb/006003/attr.atr	1
metin2_patch_eu3/sound/monster2/zombie_soldier_bow/34_1.mss	sound/monster2/zombie_soldier_bow/34_1.mss	1
metin2_patch_eu3/metin2_map_devilscatacomb/006005/shadowmap.raw	metin2_map_devilscatacomb/006005/shadowmap.raw	1
metin2_patch_eu3/metin2_map_devilscatacomb/006003/height.raw	metin2_map_devilscatacomb/006003/height.raw	1
metin2_patch_eu3/ymir work/npc/fire_tiger/fire_tiger_red.dds	d:/ymir work/npc/fire_tiger/fire_tiger_red.dds	1
metin2_patch_eu3/metin2_map_devilscatacomb/006003/water.wtr	metin2_map_devilscatacomb/006003/water.wtr	1
metin2_patch_eu3/metin2_map_devilscatacomb/006004/areaambiencedata.txt	metin2_map_devilscatacomb/006004/areaambiencedata.txt	1
metin2_patch_eu3/sound/monster2/zombie_bigboss/37.mss	sound/monster2/zombie_bigboss/37.mss	1
metin2_patch_eu3/metin2_map_devilscatacomb/006004/areadata.txt	metin2_map_devilscatacomb/006004/areadata.txt	1
metin2_patch_eu3/sound/monster2/zombie_diseased_spear/34_1.mss	sound/monster2/zombie_diseased_spear/34_1.mss	1
metin2_patch_eu3/sound/monster2/zombie_ghost/35.mss	sound/monster2/zombie_ghost/35.mss	1
metin2_patch_eu3/ymir work/npc/fire_tiger/fire_tiger_darkred.msm	d:/ymir work/npc/fire_tiger/fire_tiger_darkred.msm	1
metin2_patch_eu3/metin2_map_devilscatacomb/006004/attr.atr	metin2_map_devilscatacomb/006004/attr.atr	1
metin2_patch_eu3/ymir work/monster2/zombie_diseased_boss/35.gr2	d:/ymir work/monster2/zombie_diseased_boss/35.gr2	1
metin2_patch_eu3/metin2_map_devilscatacomb/006004/height.raw	metin2_map_devilscatacomb/006004/height.raw	1
metin2_patch_eu3/metin2_map_devilscatacomb/006004/shadowmap.dds	metin2_map_devilscatacomb/006004/shadowmap.dds	1
metin2_patch_eu3/metin2_map_devilscatacomb/006005/areadata.txt	metin2_map_devilscatacomb/006005/areadata.txt	1
metin2_patch_eu3/ymir work/monster2/zombie_general/20.msa	d:/ymir work/monster2/zombie_general/20.msa	1
metin2_patch_eu3/metin2_map_devilscatacomb/006005/attr.atr	metin2_map_devilscatacomb/006005/attr.atr	1
metin2_patch_eu3/ymir work/effect/background/metinstone_loop_blackred.mse	d:/ymir work/effect/background/metinstone_loop_blackred.mse	1
metin2_patch_eu3/metin2_map_devilscatacomb/006005/tile.raw	metin2_map_devilscatacomb/006005/tile.raw	1
metin2_patch_eu3/metin2_map_devilscatacomb/006006/areaambiencedata.txt	metin2_map_devilscatacomb/006006/areaambiencedata.txt	1
metin2_patch_eu3/sound/monster2/zombie_skeleton_god/20_1.mss	sound/monster2/zombie_skeleton_god/20_1.mss	1
metin2_patch_eu3/metin2_map_devilscatacomb/006006/attr.atr	metin2_map_devilscatacomb/006006/attr.atr	1
metin2_patch_eu3/ymir work/monster2/zombie_diseased_infector/00_1.gr2	d:/ymir work/monster2/zombie_diseased_infector/00_1.gr2	1
metin2_patch_eu3/sound/monster2/zombie_general/03.mss	sound/monster2/zombie_general/03.mss	1
metin2_patch_eu3/sound/monster2/zombie_bigboss/20.mss	sound/monster2/zombie_bigboss/20.mss	1
metin2_patch_eu3/sound/monster2/zombie_bigboss/30_1.mss	sound/monster2/zombie_bigboss/30_1.mss	1
metin2_patch_eu3/sound/monster2/zombie_bigboss/34.mss	sound/monster2/zombie_bigboss/34.mss	1
metin2_patch_eu3/ymir work/npc2/phoenix1/wait.gr2	d:/ymir work/npc2/phoenix1/wait.gr2	1
metin2_patch_eu3/sound/monster2/zombie_bigboss/35.mss	sound/monster2/zombie_bigboss/35.mss	1
metin2_patch_eu3/sound/monster2/zombie_soldier_bow/32.mss	sound/monster2/zombie_soldier_bow/32.mss	1
metin2_patch_eu3/sound/monster2/zombie_bigboss2/front_dead.mss	sound/monster2/zombie_bigboss2/front_dead.mss	1
metin2_patch_eu3/sound/monster2/zombie_bigboss2/front_knockdown.mss	sound/monster2/zombie_bigboss2/front_knockdown.mss	1
metin2_patch_eu3/sound/monster2/zombie_magician/03.mss	sound/monster2/zombie_magician/03.mss	1
metin2_patch_eu3/sound/monster2/zombie_bigboss2/run.mss	sound/monster2/zombie_bigboss2/run.mss	1
metin2_patch_eu3/ymir work/npc2/phoenix1/phoenix1.msm	d:/ymir work/npc2/phoenix1/phoenix1.msm	1
metin2_patch_eu3/sound/monster2/zombie_bigboss2/wait00.mss	sound/monster2/zombie_bigboss2/wait00.mss	1
metin2_patch_eu3/sound/monster2/zombie_diseased_sword/35.mss	sound/monster2/zombie_diseased_sword/35.mss	1
metin2_patch_eu3/sound/monster2/zombie_diseased_boss/03.mss	sound/monster2/zombie_diseased_boss/03.mss	1
metin2_patch_eu3/sound/monster2/zombie_diseased_boss/20.mss	sound/monster2/zombie_diseased_boss/20.mss	1
metin2_patch_eu3/sound/monster2/zombie_diseased_boss/30.mss	sound/monster2/zombie_diseased_boss/30.mss	1
metin2_patch_eu3/sound/monster2/zombie_diseased_boss/30_1.mss	sound/monster2/zombie_diseased_boss/30_1.mss	1
metin2_patch_eu3/ymir work/monster/metinstone_02/metinstone_loop.gr2	d:/ymir work/monster/metinstone_02/metinstone_loop.gr2	1
metin2_patch_eu3/ymir work/effect/background/blackblue_loop.mse	d:/ymir work/effect/background/blackblue_loop.mse	1
metin2_patch_eu3/sound/monster2/zombie_diseased_boss/31.mss	sound/monster2/zombie_diseased_boss/31.mss	1
metin2_patch_eu3/sound/monster2/zombie_diseased_boss/32.mss	sound/monster2/zombie_diseased_boss/32.mss	1
metin2_patch_eu3/ymir work/monster2/zombie_soldier_spear/zombie_weapon.dds	d:/ymir work/monster2/zombie_soldier_spear/zombie_weapon.dds	1
metin2_patch_eu3/sound/monster2/zombie_diseased_boss/34_1.mss	sound/monster2/zombie_diseased_boss/34_1.mss	1
metin2_patch_eu3/sound/monster2/zombie_diseased_boss/35.mss	sound/monster2/zombie_diseased_boss/35.mss	1
metin2_patch_eu3/sound/monster2/zombie_diseased_bow/20.mss	sound/monster2/zombie_diseased_bow/20.mss	1
metin2_patch_eu3/ymir work/monster2/zombie_diseased_infector/37.gr2	d:/ymir work/monster2/zombie_diseased_infector/37.gr2	1
metin2_patch_eu3/ymir work/npc/fire_tiger/fire_tiger_gold.gr2	d:/ymir work/npc/fire_tiger/fire_tiger_gold.gr2	1
metin2_patch_eu3/sound/monster2/zombie_diseased_bow/30.mss	sound/monster2/zombie_diseased_bow/30.mss	1
metin2_patch_eu3/ymir work/zone/devilcave/devilcave_door_rock.gr2	d:/ymir work/zone/devilcave/devilcave_door_rock.gr2	1
metin2_patch_eu3/sound/monster2/zombie_diseased_bow/30_1.mss	sound/monster2/zombie_diseased_bow/30_1.mss	1
metin2_patch_eu3/sound/monster2/zombie_diseased_bow/34.mss	sound/monster2/zombie_diseased_bow/34.mss	1
metin2_patch_eu3/sound/monster2/zombie_diseased_bow/34_1.mss	sound/monster2/zombie_diseased_bow/34_1.mss	1
metin2_patch_eu3/sound/monster2/zombie_diseased_bow/35.mss	sound/monster2/zombie_diseased_bow/35.mss	1
metin2_patch_eu3/sound/monster2/zombie_diseased_sword/32.mss	sound/monster2/zombie_diseased_sword/32.mss	1
metin2_patch_eu3/ymir work/monster2/zombie_soldier_bow/34_1.msa	d:/ymir work/monster2/zombie_soldier_bow/34_1.msa	1
metin2_patch_eu3/ymir work/monster2/zombie_god/24.msa	d:/ymir work/monster2/zombie_god/24.msa	1
metin2_patch_eu3/sound/monster2/zombie_diseased_dog/20.mss	sound/monster2/zombie_diseased_dog/20.mss	1
metin2_patch_eu3/sound/monster2/zombie_diseased_dog/31.mss	sound/monster2/zombie_diseased_dog/31.mss	1
metin2_patch_eu3/sound/monster2/zombie_diseased_dog/32.mss	sound/monster2/zombie_diseased_dog/32.mss	1
metin2_patch_eu3/ymir work/npc2/zombie_god_stone/zombie_god_stone.msm	d:/ymir work/npc2/zombie_god_stone/zombie_god_stone.msm	1
metin2_patch_eu3/sound/monster2/zombie_diseased_dog/34.mss	sound/monster2/zombie_diseased_dog/34.mss	1
metin2_patch_eu3/ymir work/npc/fire_tiger/fire_tiger_pied_lod_01.gr2	d:/ymir work/npc/fire_tiger/fire_tiger_pied_lod_01.gr2	1
metin2_patch_eu3/sound/monster2/zombie_diseased_infector/03.mss	sound/monster2/zombie_diseased_infector/03.mss	1
metin2_patch_eu3/sound/monster2/zombie_diseased_infector/20_1.mss	sound/monster2/zombie_diseased_infector/20_1.mss	1
metin2_patch_eu3/sound/monster2/zombie_diseased_infector/30_1.mss	sound/monster2/zombie_diseased_infector/30_1.mss	1
metin2_patch_eu3/sound/monster2/zombie_diseased_infector/32.mss	sound/monster2/zombie_diseased_infector/32.mss	1
metin2_patch_eu3/sound/monster2/zombie_diseased_infector/34_1.mss	sound/monster2/zombie_diseased_infector/34_1.mss	1
metin2_patch_eu3/ymir work/monster2/zombie_diseased_infector/35.msa	d:/ymir work/monster2/zombie_diseased_infector/35.msa	1
metin2_patch_eu3/ymir work/monster2/zombie_king/zombie_king.dds	d:/ymir work/monster2/zombie_king/zombie_king.dds	1
metin2_patch_eu3/ymir work/monster2/zombie_diseased_boss/03.gr2	d:/ymir work/monster2/zombie_diseased_boss/03.gr2	1
metin2_patch_eu3/sound/monster2/zombie_diseased_infector/37.mss	sound/monster2/zombie_diseased_infector/37.mss	1
metin2_patch_eu3/ymir work/monster2/zombie_king/36.gr2	d:/ymir work/monster2/zombie_king/36.gr2	1
metin2_patch_eu3/sound/monster2/zombie_diseased_kid/20.mss	sound/monster2/zombie_diseased_kid/20.mss	1
metin2_patch_eu3/sound/monster2/zombie_diseased_kid/30.mss	sound/monster2/zombie_diseased_kid/30.mss	1
metin2_patch_eu3/ymir work/effect/monster2/impact3.mse	d:/ymir work/effect/monster2/impact3.mse	1
metin2_patch_eu3/sound/monster2/zombie_diseased_kid/31.mss	sound/monster2/zombie_diseased_kid/31.mss	1
metin2_patch_eu3/sound/monster2/zombie_diseased_spear/37.mss	sound/monster2/zombie_diseased_spear/37.mss	1
metin2_patch_eu3/sound/monster2/zombie_diseased_kid/31_1.mss	sound/monster2/zombie_diseased_kid/31_1.mss	1
metin2_patch_eu3/sound/monster2/zombie_diseased_kid/34.mss	sound/monster2/zombie_diseased_kid/34.mss	1
metin2_patch_eu3/sound/monster2/zombie_diseased_kid/35.mss	sound/monster2/zombie_diseased_kid/35.mss	1
metin2_patch_eu3/sound/monster2/zombie_diseased_kid/37.mss	sound/monster2/zombie_diseased_kid/37.mss	1
metin2_patch_eu3/ymir work/npc2/phoenix1/wait.msa	d:/ymir work/npc2/phoenix1/wait.msa	1
metin2_patch_eu3/sound/monster2/zombie_diseased_spear/03.mss	sound/monster2/zombie_diseased_spear/03.mss	1
metin2_patch_eu3/ymir work/terrainmaps/dungeon/devilcave/dc_lava_red_00.dds	d:/ymir work/terrainmaps/dungeon/devilcave/dc_lava_red_00.dds	1
metin2_patch_eu3/ymir work/monster2/zombie_king/34.msa	d:/ymir work/monster2/zombie_king/34.msa	1
metin2_patch_eu3/sound/monster2/zombie_diseased_spear/20_1.mss	sound/monster2/zombie_diseased_spear/20_1.mss	1
metin2_patch_eu3/ymir work/monster2/zombie_diseased_dog/20.gr2	d:/ymir work/monster2/zombie_diseased_dog/20.gr2	1
metin2_patch_eu3/sound/monster2/zombie_diseased_spear/30_1.mss	sound/monster2/zombie_diseased_spear/30_1.mss	1
metin2_patch_eu3/sound/monster2/zombie_diseased_spear/31.mss	sound/monster2/zombie_diseased_spear/31.mss	1
metin2_patch_eu3/sound/monster2/zombie_diseased_spear/35.mss	sound/monster2/zombie_diseased_spear/35.mss	1
metin2_patch_eu3/ymir work/monster2/zombie_bigboss2/special_attack00.msa	d:/ymir work/monster2/zombie_bigboss2/special_attack00.msa	1
metin2_patch_eu3/sound/monster2/zombie_diseased_sword/03.mss	sound/monster2/zombie_diseased_sword/03.mss	1
metin2_patch_eu3/sound/monster2/zombie_diseased_sword/20_1.mss	sound/monster2/zombie_diseased_sword/20_1.mss	1
metin2_patch_eu3/sound/monster2/zombie_diseased_sword/30_1.mss	sound/monster2/zombie_diseased_sword/30_1.mss	1
metin2_patch_eu3/ymir work/monster2/zombie_bigboss2/special_attack01.gr2	d:/ymir work/monster2/zombie_bigboss2/special_attack01.gr2	1
metin2_patch_eu3/ymir work/monster2/zombie_diseased_bow/00_1.gr2	d:/ymir work/monster2/zombie_diseased_bow/00_1.gr2	1
metin2_patch_eu3/sound/monster2/zombie_diseased_sword/31.mss	sound/monster2/zombie_diseased_sword/31.mss	1
metin2_patch_eu3/sound/monster2/zombie_diseased_sword/31_1.mss	sound/monster2/zombie_diseased_sword/31_1.mss	1
metin2_patch_eu3/ymir work/monster2/zombie_soldier_scythe/00.gr2	d:/ymir work/monster2/zombie_soldier_scythe/00.gr2	1
metin2_patch_eu3/sound/monster2/zombie_diseased_sword/34.mss	sound/monster2/zombie_diseased_sword/34.mss	1
metin2_patch_eu3/sound/monster2/zombie_diseased_sword/34_1.mss	sound/monster2/zombie_diseased_sword/34_1.mss	1
metin2_patch_eu3/sound/monster2/zombie_diseased_sword/37.mss	sound/monster2/zombie_diseased_sword/37.mss	1
metin2_patch_eu3/ymir work/monster2/zombie_diseased_kid/00.gr2	d:/ymir work/monster2/zombie_diseased_kid/00.gr2	1
metin2_patch_eu3/ymir work/monster2/zombie_general/34.gr2	d:/ymir work/monster2/zombie_general/34.gr2	1
metin2_patch_eu3/sound/monster2/zombie_general/30.mss	sound/monster2/zombie_general/30.mss	1
metin2_patch_eu3/ymir work/monster2/zombie_diseased_spear/zombie_diseased_spear.msm	d:/ymir work/monster2/zombie_diseased_spear/zombie_diseased_spear.msm	1
metin2_patch_eu3/sound/monster2/zombie_general/31.mss	sound/monster2/zombie_general/31.mss	1
metin2_patch_eu3/sound/monster2/zombie_magician/31.mss	sound/monster2/zombie_magician/31.mss	1
metin2_patch_eu3/sound/monster2/zombie_general/32.mss	sound/monster2/zombie_general/32.mss	1
metin2_patch_eu3/sound/monster2/zombie_general/34.mss	sound/monster2/zombie_general/34.mss	1
metin2_patch_eu3/ymir work/monster2/zombie_diseased_spear/20_1.msa	d:/ymir work/monster2/zombie_diseased_spear/20_1.msa	1
metin2_patch_eu3/sound/monster2/zombie_general/34_1.mss	sound/monster2/zombie_general/34_1.mss	1
metin2_patch_eu3/sound/monster2/zombie_general/35.mss	sound/monster2/zombie_general/35.mss	1
metin2_patch_eu3/sound/monster2/zombie_skeleton_god/30.mss	sound/monster2/zombie_skeleton_god/30.mss	1
metin2_patch_eu3/sound/monster2/zombie_general/37.mss	sound/monster2/zombie_general/37.mss	1
metin2_patch_eu3/ymir work/monster2/zombie_diseased_kid/03.msa	d:/ymir work/monster2/zombie_diseased_kid/03.msa	1
metin2_patch_eu3/ymir work/monster2/zombie_diseased_spear/31.msa	d:/ymir work/monster2/zombie_diseased_spear/31.msa	1
metin2_patch_eu3/ymir work/monster2/zombie_king/31.gr2	d:/ymir work/monster2/zombie_king/31.gr2	1
metin2_patch_eu3/sound/monster2/zombie_ghost/20.mss	sound/monster2/zombie_ghost/20.mss	1
metin2_patch_eu3/sound/monster2/zombie_ghost/31.mss	sound/monster2/zombie_ghost/31.mss	1
metin2_patch_eu3/sound/monster2/zombie_ghost/34.mss	sound/monster2/zombie_ghost/34.mss	1
metin2_patch_eu3/sound/monster2/zombie_ghost/34_1.mss	sound/monster2/zombie_ghost/34_1.mss	1
metin2_patch_eu3/ymir work/monster2/zombie_magician/03.msa	d:/ymir work/monster2/zombie_magician/03.msa	1
metin2_patch_eu3/sound/monster2/zombie_ghost/37.mss	sound/monster2/zombie_ghost/37.mss	1
metin2_patch_eu3/sound/monster2/zombie_soldier_spear/37.mss	sound/monster2/zombie_soldier_spear/37.mss	1
metin2_patch_eu3/sound/monster2/zombie_king/32.mss	sound/monster2/zombie_king/32.mss	1
metin2_patch_eu3/sound/monster2/zombie_king/32_1.mss	sound/monster2/zombie_king/32_1.mss	1
metin2_patch_eu3/sound/monster2/zombie_king/35.mss	sound/monster2/zombie_king/35.mss	1
metin2_patch_eu3/ymir work/monster2/zombie_diseased_spear/35.msa	d:/ymir work/monster2/zombie_diseased_spear/35.msa	1
metin2_patch_eu3/sound/monster2/zombie_king/37.mss	sound/monster2/zombie_king/37.mss	1
metin2_patch_eu3/ymir work/zone/devilcave/skeleton1.dds	d:/ymir work/zone/devilcave/skeleton1.dds	1
metin2_patch_eu3/ymir work/monster2/zombie_soldier_scythe/34_1.gr2	d:/ymir work/monster2/zombie_soldier_scythe/34_1.gr2	1
metin2_patch_eu3/sound/monster2/zombie_magician/00.mss	sound/monster2/zombie_magician/00.mss	1
metin2_patch_eu3/sound/monster2/zombie_magician/20_2.mss	sound/monster2/zombie_magician/20_2.mss	1
metin2_patch_eu3/sound/monster2/zombie_magician/30_1.mss	sound/monster2/zombie_magician/30_1.mss	1
metin2_patch_eu3/ymir work/monster/metinstone_02/metinstone_15.dds	d:/ymir work/monster/metinstone_02/metinstone_15.dds	1
metin2_patch_eu3/ymir work/monster2/zombie_bigboss2/wait00.msa	d:/ymir work/monster2/zombie_bigboss2/wait00.msa	1
metin2_patch_eu3/sound/monster2/zombie_magician/32.mss	sound/monster2/zombie_magician/32.mss	1
metin2_patch_eu3/sound/monster2/zombie_magician/35.mss	sound/monster2/zombie_magician/35.mss	1
metin2_patch_eu3/ymir work/monster2/zombie_king/motlist.txt	d:/ymir work/monster2/zombie_king/motlist.txt	1
metin2_patch_eu3/ymir work/monster2/zombie_diseased_sword/37.gr2	d:/ymir work/monster2/zombie_diseased_sword/37.gr2	1
metin2_patch_eu3/ymir work/effect/background/smoke01.dds	d:/ymir work/effect/background/smoke01.dds	1
metin2_patch_eu3/ymir work/monster2/zombie_ghost/34_1.gr2	d:/ymir work/monster2/zombie_ghost/34_1.gr2	1
metin2_patch_eu3/sound/monster2/zombie_magician/37.mss	sound/monster2/zombie_magician/37.mss	1
metin2_patch_eu3/sound/monster2/zombie_skeleton_god/03.mss	sound/monster2/zombie_skeleton_god/03.mss	1
metin2_patch_eu3/sound/monster2/zombie_skeleton_god/25.mss	sound/monster2/zombie_skeleton_god/25.mss	1
metin2_patch_eu3/sound/monster2/zombie_skeleton_god/30_1.mss	sound/monster2/zombie_skeleton_god/30_1.mss	1
metin2_patch_eu3/sound/monster2/zombie_skeleton_god/32.mss	sound/monster2/zombie_skeleton_god/32.mss	1
metin2_patch_eu3/ymir work/zone/devilcave/statue2.dds	d:/ymir work/zone/devilcave/statue2.dds	1
metin2_patch_eu3/sound/monster2/zombie_skeleton_god/34.mss	sound/monster2/zombie_skeleton_god/34.mss	1
metin2_patch_eu3/sound/monster2/zombie_skeleton_god/34_1.mss	sound/monster2/zombie_skeleton_god/34_1.mss	1
metin2_patch_eu3/ymir work/monster2/zombie_bigboss/36.msa	d:/ymir work/monster2/zombie_bigboss/36.msa	1
metin2_patch_eu3/sound/monster2/zombie_skeleton_god/35.mss	sound/monster2/zombie_skeleton_god/35.mss	1
metin2_patch_eu3/ymir work/terrainmaps/dungeon/devilcave/dc_tile_00.dds	d:/ymir work/terrainmaps/dungeon/devilcave/dc_tile_00.dds	1
metin2_patch_eu3/sound/monster2/zombie_soldier_bow/03.mss	sound/monster2/zombie_soldier_bow/03.mss	1
metin2_patch_eu3/ymir work/monster2/zombie_diseased_bow/34_1.msa	d:/ymir work/monster2/zombie_diseased_bow/34_1.msa	1
metin2_patch_eu3/ymir work/monster2/zombie_diseased_dog/00_1.gr2	d:/ymir work/monster2/zombie_diseased_dog/00_1.gr2	1
metin2_patch_eu3/sound/monster2/zombie_soldier_bow/30.mss	sound/monster2/zombie_soldier_bow/30.mss	1
metin2_patch_eu3/sound/monster2/zombie_soldier_bow/30_1.mss	sound/monster2/zombie_soldier_bow/30_1.mss	1
metin2_patch_eu3/sound/monster2/zombie_soldier_bow/37.mss	sound/monster2/zombie_soldier_bow/37.mss	1
metin2_patch_eu3/sound/monster2/zombie_soldier_scythe/20.mss	sound/monster2/zombie_soldier_scythe/20.mss	1
metin2_patch_eu3/sound/monster2/zombie_soldier_scythe/20_1.mss	sound/monster2/zombie_soldier_scythe/20_1.mss	1
metin2_patch_eu3/sound/monster2/zombie_soldier_scythe/30.mss	sound/monster2/zombie_soldier_scythe/30.mss	1
metin2_patch_eu3/ymir work/monster2/zombie_god/32.gr2	d:/ymir work/monster2/zombie_god/32.gr2	1
metin2_patch_eu3/ymir work/monster2/zombie_diseased_kid/35.gr2	d:/ymir work/monster2/zombie_diseased_kid/35.gr2	1
metin2_patch_eu3/sound/monster2/zombie_soldier_scythe/30_1.mss	sound/monster2/zombie_soldier_scythe/30_1.mss	1
metin2_patch_eu3/ymir work/monster2/zombie_bigboss/30_1.msa	d:/ymir work/monster2/zombie_bigboss/30_1.msa	1
metin2_patch_eu3/sound/monster2/zombie_soldier_scythe/34.mss	sound/monster2/zombie_soldier_scythe/34.mss	1
metin2_patch_eu3/sound/monster2/zombie_soldier_scythe/35.mss	sound/monster2/zombie_soldier_scythe/35.mss	1
metin2_patch_eu3/sound/monster2/zombie_soldier_scythe/37.mss	sound/monster2/zombie_soldier_scythe/37.mss	1
metin2_patch_eu3/ymir work/npc/fire_tiger/fire_tiger_green_lod_02.gr2	d:/ymir work/npc/fire_tiger/fire_tiger_green_lod_02.gr2	1
metin2_patch_eu3/sound/monster2/zombie_soldier_spear/03.mss	sound/monster2/zombie_soldier_spear/03.mss	1
metin2_patch_eu3/ymir work/monster/metinstone_02/13.dds	d:/ymir work/monster/metinstone_02/13.dds	1
metin2_patch_eu3/ymir work/npc/lion/lion_3.gr2	d:/ymir work/npc/lion/lion_3.gr2	1
metin2_patch_eu3/ymir work/monster2/zombie_soldier_scythe/30.msa	d:/ymir work/monster2/zombie_soldier_scythe/30.msa	1
metin2_patch_eu3/ymir work/monster2/zombie_general/20_1.msa	d:/ymir work/monster2/zombie_general/20_1.msa	1
metin2_patch_eu3/sound/monster2/zombie_soldier_spear/20.mss	sound/monster2/zombie_soldier_spear/20.mss	1
metin2_patch_eu3/sound/monster2/zombie_soldier_spear/34.mss	sound/monster2/zombie_soldier_spear/34.mss	1
metin2_patch_eu3/sound/monster2/zombie_soldier_spear/35.mss	sound/monster2/zombie_soldier_spear/35.mss	1
metin2_patch_eu3/ymir work/monster2/zombie_bigboss/35.gr2	d:/ymir work/monster2/zombie_bigboss/35.gr2	1
metin2_patch_eu3/ymir work/monster2/zombie_soldier_bow/30.msa	d:/ymir work/monster2/zombie_soldier_bow/30.msa	1
metin2_patch_eu3/textureset/metin2_map_devilscatacomb.txt	textureset/metin2_map_devilscatacomb.txt	1
metin2_patch_eu3/ymir work/monster2/zombie_god/34.gr2	d:/ymir work/monster2/zombie_god/34.gr2	1
metin2_patch_eu3/ymir work/effect/background/fire_blue1.mse	d:/ymir work/effect/background/fire_blue1.mse	1
metin2_patch_eu3/ymir work/monster2/zombie_bigboss2/wait01.gr2	d:/ymir work/monster2/zombie_bigboss2/wait01.gr2	1
metin2_patch_eu3/ymir work/effect/background/metinstone_loop_blackblue.mse	d:/ymir work/effect/background/metinstone_loop_blackblue.mse	1
metin2_patch_eu3/ymir work/monster2/zombie_king/03.msa	d:/ymir work/monster2/zombie_king/03.msa	1
metin2_patch_eu3/ymir work/effect/background/metinstone_loop_greenred.mse	d:/ymir work/effect/background/metinstone_loop_greenred.mse	1
metin2_patch_eu3/ymir work/monster2/zombie_general/zombie_bigboss1_weapon.dds	d:/ymir work/monster2/zombie_general/zombie_bigboss1_weapon.dds	1
metin2_patch_eu3/ymir work/effect/background/smoke02.dds	d:/ymir work/effect/background/smoke02.dds	1
metin2_patch_eu3/ymir work/monster2/zombie_diseased_bow/00_1.msa	d:/ymir work/monster2/zombie_diseased_bow/00_1.msa	1
metin2_patch_eu3/ymir work/effect/background/smoke03.dds	d:/ymir work/effect/background/smoke03.dds	1
metin2_patch_eu3/ymir work/monster2/zombie_soldier_spear/30.gr2	d:/ymir work/monster2/zombie_soldier_spear/30.gr2	1
metin2_patch_eu3/ymir work/effect/background/torch1.mse	d:/ymir work/effect/background/torch1.mse	1
metin2_patch_eu3/ymir work/monster2/zombie_diseased_spear/30.msa	d:/ymir work/monster2/zombie_diseased_spear/30.msa	1
metin2_patch_eu3/ymir work/effect/monster2/half_ring_rainbow_line.dds	d:/ymir work/effect/monster2/half_ring_rainbow_line.dds	1
metin2_patch_eu3/ymir work/monster2/zombie_soldier_spear/37.msa	d:/ymir work/monster2/zombie_soldier_spear/37.msa	1
metin2_patch_eu3/ymir work/effect/monster2/impact1.mde	d:/ymir work/effect/monster2/impact1.mde	1
metin2_patch_eu3/ymir work/monster2/zombie_diseased_dog/33_1.msa	d:/ymir work/monster2/zombie_diseased_dog/33_1.msa	1
metin2_patch_eu3/ymir work/effect/monster2/impact1.mse	d:/ymir work/effect/monster2/impact1.mse	1
metin2_patch_eu3/ymir work/effect/monster2/impact2.dds	d:/ymir work/effect/monster2/impact2.dds	1
metin2_patch_eu3/ymir work/monster2/zombie_diseased_infector/20_1.msa	d:/ymir work/monster2/zombie_diseased_infector/20_1.msa	1
metin2_patch_eu3/ymir work/effect/monster2/impact2.mde	d:/ymir work/effect/monster2/impact2.mde	1
metin2_patch_eu3/ymir work/npc/boar/combo_attack1.gr2	d:/ymir work/npc/boar/combo_attack1.gr2	1
metin2_patch_eu3/ymir work/effect/monster2/impact3.dds	d:/ymir work/effect/monster2/impact3.dds	1
metin2_patch_eu3/ymir work/effect/monster2/redblack.mse	d:/ymir work/effect/monster2/redblack.mse	1
metin2_patch_eu3/ymir work/effect/monster2/redblack1.mse	d:/ymir work/effect/monster2/redblack1.mse	1
metin2_patch_eu3/ymir work/effect/monster2/smoke1.mse	d:/ymir work/effect/monster2/smoke1.mse	1
metin2_patch_eu3/ymir work/monster2/zombie_bigboss2/front_knockdown.msa	d:/ymir work/monster2/zombie_bigboss2/front_knockdown.msa	1
metin2_patch_eu3/ymir work/environment/map_devilscatacomb.msenv	d:/ymir work/environment/map_devilscatacomb.msenv	1
metin2_patch_eu3/ymir work/monster/metinstone_02/metinstone_10.gr2	d:/ymir work/monster/metinstone_02/metinstone_10.gr2	1
metin2_patch_eu3/ymir work/monster2/zombie_ghost/zombie_ghost.gr2	d:/ymir work/monster2/zombie_ghost/zombie_ghost.gr2	1
metin2_patch_eu3/ymir work/monster/metinstone_02/metinstone_12.dds	d:/ymir work/monster/metinstone_02/metinstone_12.dds	1
metin2_patch_eu3/ymir work/monster/metinstone_02/metinstone_13.dds	d:/ymir work/monster/metinstone_02/metinstone_13.dds	1
metin2_patch_eu3/ymir work/npc2/zombie_god_stone/zombie_god_stone.dds	d:/ymir work/npc2/zombie_god_stone/zombie_god_stone.dds	1
metin2_patch_eu3/ymir work/monster/metinstone_02/metinstone_14.dds	d:/ymir work/monster/metinstone_02/metinstone_14.dds	1
metin2_patch_eu3/ymir work/monster/metinstone_02/metinstone_14.msm	d:/ymir work/monster/metinstone_02/metinstone_14.msm	1
metin2_patch_eu3/ymir work/monster2/zombie_diseased_sword/20_1.gr2	d:/ymir work/monster2/zombie_diseased_sword/20_1.gr2	1
metin2_patch_eu3/ymir work/monster/metinstone_02/metinstone_attack.gr2	d:/ymir work/monster/metinstone_02/metinstone_attack.gr2	1
metin2_patch_eu3/ymir work/monster2/zombie_magician/35.msa	d:/ymir work/monster2/zombie_magician/35.msa	1
metin2_patch_eu3/ymir work/monster/metinstone_02/metinstone_blow.gr2	d:/ymir work/monster/metinstone_02/metinstone_blow.gr2	1
metin2_patch_eu3/ymir work/monster2/zombie_diseased_spear/33.msa	d:/ymir work/monster2/zombie_diseased_spear/33.msa	1
metin2_patch_eu3/ymir work/monster/metinstone_02/metinstone_drop.msa	d:/ymir work/monster/metinstone_02/metinstone_drop.msa	1
metin2_patch_eu3/ymir work/monster/metinstone_02/metinstone_loop.msa	d:/ymir work/monster/metinstone_02/metinstone_loop.msa	1
metin2_patch_eu3/ymir work/monster/metinstone_02/motlist.txt	d:/ymir work/monster/metinstone_02/motlist.txt	1
metin2_patch_eu3/ymir work/monster2/zombie_diseased_kid/30.msa	d:/ymir work/monster2/zombie_diseased_kid/30.msa	1
metin2_patch_eu3/ymir work/monster2/zombie_bigboss/00.gr2	d:/ymir work/monster2/zombie_bigboss/00.gr2	1
metin2_patch_eu3/ymir work/monster2/zombie_bigboss/00.msa	d:/ymir work/monster2/zombie_bigboss/00.msa	1
metin2_patch_eu3/ymir work/npc/fire_tiger/fire_tiger_white.msm	d:/ymir work/npc/fire_tiger/fire_tiger_white.msm	1
metin2_patch_eu3/ymir work/monster2/zombie_bigboss/03.gr2	d:/ymir work/monster2/zombie_bigboss/03.gr2	1
metin2_patch_eu3/ymir work/monster2/zombie_diseased_bow/20.gr2	d:/ymir work/monster2/zombie_diseased_bow/20.gr2	1
metin2_patch_eu3/ymir work/monster2/zombie_bigboss/20.msa	d:/ymir work/monster2/zombie_bigboss/20.msa	1
metin2_patch_eu3/ymir work/monster2/zombie_bigboss/20_1.gr2	d:/ymir work/monster2/zombie_bigboss/20_1.gr2	1
metin2_patch_eu3/ymir work/monster2/zombie_bigboss2/back_knockdown.gr2	d:/ymir work/monster2/zombie_bigboss2/back_knockdown.gr2	1
metin2_patch_eu3/ymir work/monster2/zombie_diseased_bow/zombie_diseased_bow.gr2	d:/ymir work/monster2/zombie_diseased_bow/zombie_diseased_bow.gr2	1
metin2_patch_eu3/ymir work/monster2/zombie_bigboss/20_1.msa	d:/ymir work/monster2/zombie_bigboss/20_1.msa	1
metin2_patch_eu3/ymir work/monster2/zombie_bigboss/30.gr2	d:/ymir work/monster2/zombie_bigboss/30.gr2	1
metin2_patch_eu3/ymir work/monster2/zombie_bigboss/30.msa	d:/ymir work/monster2/zombie_bigboss/30.msa	1
metin2_patch_eu3/ymir work/monster2/zombie_diseased_kid/20.msa	d:/ymir work/monster2/zombie_diseased_kid/20.msa	1
metin2_patch_eu3/ymir work/monster2/zombie_bigboss/30_1.gr2	d:/ymir work/monster2/zombie_bigboss/30_1.gr2	1
metin2_patch_eu3/ymir work/monster2/zombie_diseased_dog/37_1.msa	d:/ymir work/monster2/zombie_diseased_dog/37_1.msa	1
metin2_patch_eu3/ymir work/monster2/zombie_bigboss/31_1.gr2	d:/ymir work/monster2/zombie_bigboss/31_1.gr2	1
metin2_patch_eu3/ymir work/zone/devilcave/ob_stone_fence_b.mdatr	d:/ymir work/zone/devilcave/ob_stone_fence_b.mdatr	1
metin2_patch_eu3/ymir work/monster2/zombie_bigboss/31_1.msa	d:/ymir work/monster2/zombie_bigboss/31_1.msa	1
metin2_patch_eu3/ymir work/zone/devilcave/lightingmap0.dds	d:/ymir work/zone/devilcave/lightingmap0.dds	1
metin2_patch_eu3/ymir work/monster2/zombie_bigboss/32.gr2	d:/ymir work/monster2/zombie_bigboss/32.gr2	1
metin2_patch_eu3/ymir work/monster2/zombie_diseased_dog/37.msa	d:/ymir work/monster2/zombie_diseased_dog/37.msa	1
metin2_patch_eu3/ymir work/monster2/zombie_bigboss/33.gr2	d:/ymir work/monster2/zombie_bigboss/33.gr2	1
metin2_patch_eu3/ymir work/monster2/zombie_bigboss/34.gr2	d:/ymir work/monster2/zombie_bigboss/34.gr2	1
metin2_patch_eu3/ymir work/monster2/zombie_bigboss/34.msa	d:/ymir work/monster2/zombie_bigboss/34.msa	1
metin2_patch_eu3/ymir work/monster2/zombie_bigboss/34_1.msa	d:/ymir work/monster2/zombie_bigboss/34_1.msa	1
metin2_patch_eu3/ymir work/monster2/zombie_bigboss/35.msa	d:/ymir work/monster2/zombie_bigboss/35.msa	1
metin2_patch_eu3/ymir work/monster2/zombie_bigboss/zombie_bigboss.gr2	d:/ymir work/monster2/zombie_bigboss/zombie_bigboss.gr2	1
metin2_patch_eu3/ymir work/monster2/zombie_bigboss/zombie_bigboss.msm	d:/ymir work/monster2/zombie_bigboss/zombie_bigboss.msm	1
metin2_patch_eu3/ymir work/monster2/zombie_diseased_sword/30_1.gr2	d:/ymir work/monster2/zombie_diseased_sword/30_1.gr2	1
metin2_patch_eu3/ymir work/npc2/phoenix1/wait2.gr2	d:/ymir work/npc2/phoenix1/wait2.gr2	1
metin2_patch_eu3/ymir work/monster2/zombie_bigboss/zombie_bigboss1.dds	d:/ymir work/monster2/zombie_bigboss/zombie_bigboss1.dds	1
metin2_patch_eu3/ymir work/zone/devilcave/devil_entrance1f.mdatr	d:/ymir work/zone/devilcave/devil_entrance1f.mdatr	1
metin2_patch_eu3/ymir work/monster2/zombie_bigboss2/back_damage00.gr2	d:/ymir work/monster2/zombie_bigboss2/back_damage00.gr2	1
metin2_patch_eu3/ymir work/monster2/zombie_bigboss2/back_damage00.msa	d:/ymir work/monster2/zombie_bigboss2/back_damage00.msa	1
metin2_patch_eu3/ymir work/monster2/zombie_bigboss2/back_damage01.gr2	d:/ymir work/monster2/zombie_bigboss2/back_damage01.gr2	1
metin2_patch_eu3/ymir work/monster2/zombie_bigboss2/back_dead.gr2	d:/ymir work/monster2/zombie_bigboss2/back_dead.gr2	1
metin2_patch_eu3/ymir work/npc/fire_tiger/fire_tiger_gold.msm	d:/ymir work/npc/fire_tiger/fire_tiger_gold.msm	1
metin2_patch_eu3/ymir work/npc/dog_god/dog_god_3_lod_01.gr2	d:/ymir work/npc/dog_god/dog_god_3_lod_01.gr2	1
metin2_patch_eu3/ymir work/monster2/zombie_diseased_kid/00_1.gr2	d:/ymir work/monster2/zombie_diseased_kid/00_1.gr2	1
metin2_patch_eu3/ymir work/monster2/zombie_bigboss2/back_dead.msa	d:/ymir work/monster2/zombie_bigboss2/back_dead.msa	1
metin2_patch_eu3/ymir work/monster2/zombie_bigboss2/front_damage00.gr2	d:/ymir work/monster2/zombie_bigboss2/front_damage00.gr2	1
metin2_patch_eu3/ymir work/monster2/zombie_magician/32.msa	d:/ymir work/monster2/zombie_magician/32.msa	1
metin2_patch_eu3/ymir work/monster2/zombie_bigboss2/front_damage01.gr2	d:/ymir work/monster2/zombie_bigboss2/front_damage01.gr2	1
metin2_patch_eu3/ymir work/monster2/zombie_diseased_infector/34_1.msa	d:/ymir work/monster2/zombie_diseased_infector/34_1.msa	1
metin2_patch_eu3/ymir work/monster2/zombie_bigboss2/front_damage01.msa	d:/ymir work/monster2/zombie_bigboss2/front_damage01.msa	1
metin2_patch_eu3/ymir work/monster2/zombie_diseased_boss/zombie_diseased_boss1.dds	d:/ymir work/monster2/zombie_diseased_boss/zombie_diseased_boss1.dds	1
metin2_patch_eu3/ymir work/monster2/zombie_bigboss2/front_dead.gr2	d:/ymir work/monster2/zombie_bigboss2/front_dead.gr2	1
metin2_patch_eu3/ymir work/monster2/zombie_diseased_sword/34_1.msa	d:/ymir work/monster2/zombie_diseased_sword/34_1.msa	1
metin2_patch_eu3/ymir work/monster2/zombie_bigboss2/front_dead.msa	d:/ymir work/monster2/zombie_bigboss2/front_dead.msa	1
metin2_patch_eu3/ymir work/monster2/zombie_bigboss2/front_knockdown.gr2	d:/ymir work/monster2/zombie_bigboss2/front_knockdown.gr2	1
metin2_patch_eu3/ymir work/monster2/zombie_bigboss2/motlist.txt	d:/ymir work/monster2/zombie_bigboss2/motlist.txt	1
metin2_patch_eu3/ymir work/monster2/zombie_diseased_spear/36.gr2	d:/ymir work/monster2/zombie_diseased_spear/36.gr2	1
metin2_patch_eu3/ymir work/monster2/zombie_bigboss2/normal_attack00.gr2	d:/ymir work/monster2/zombie_bigboss2/normal_attack00.gr2	1
metin2_patch_eu3/ymir work/monster2/zombie_bigboss2/normal_attack00.msa	d:/ymir work/monster2/zombie_bigboss2/normal_attack00.msa	1
metin2_patch_eu3/ymir work/monster2/zombie_bigboss2/run.msa	d:/ymir work/monster2/zombie_bigboss2/run.msa	1
metin2_patch_eu3/ymir work/monster2/zombie_bigboss2/wait00.gr2	d:/ymir work/monster2/zombie_bigboss2/wait00.gr2	1
metin2_patch_eu3/ymir work/monster2/zombie_diseased_spear/00.gr2	d:/ymir work/monster2/zombie_diseased_spear/00.gr2	1
metin2_patch_eu3/ymir work/monster2/zombie_bigboss2/wait01.msa	d:/ymir work/monster2/zombie_bigboss2/wait01.msa	1
metin2_patch_eu3/ymir work/monster2/zombie_bigboss2/wait02.msa	d:/ymir work/monster2/zombie_bigboss2/wait02.msa	1
metin2_patch_eu3/ymir work/monster2/zombie_bigboss2/walk.gr2	d:/ymir work/monster2/zombie_bigboss2/walk.gr2	1
metin2_patch_eu3/ymir work/monster2/zombie_bigboss2/walk.msa	d:/ymir work/monster2/zombie_bigboss2/walk.msa	1
metin2_patch_eu3/ymir work/npc/boar/combo_attack1.msa	d:/ymir work/npc/boar/combo_attack1.msa	1
metin2_patch_eu3/ymir work/monster2/zombie_bigboss2/zombie_bigboss2.gr2	d:/ymir work/monster2/zombie_bigboss2/zombie_bigboss2.gr2	1
metin2_patch_eu3/ymir work/monster2/zombie_bigboss2/zombie_bigboss2.msm	d:/ymir work/monster2/zombie_bigboss2/zombie_bigboss2.msm	1
metin2_patch_eu3/ymir work/monster2/zombie_diseased_spear/30_1.gr2	d:/ymir work/monster2/zombie_diseased_spear/30_1.gr2	1
metin2_patch_eu3/ymir work/monster2/zombie_diseased_boss/00.gr2	d:/ymir work/monster2/zombie_diseased_boss/00.gr2	1
metin2_patch_eu3/ymir work/monster2/zombie_diseased_boss/00.msa	d:/ymir work/monster2/zombie_diseased_boss/00.msa	1
metin2_patch_eu3/ymir work/monster2/zombie_diseased_boss/03.msa	d:/ymir work/monster2/zombie_diseased_boss/03.msa	1
metin2_patch_eu3/ymir work/monster2/zombie_diseased_boss/20.gr2	d:/ymir work/monster2/zombie_diseased_boss/20.gr2	1
metin2_patch_eu3/ymir work/monster2/zombie_soldier_spear/zombie_soldier.dds	d:/ymir work/monster2/zombie_soldier_spear/zombie_soldier.dds	1
metin2_patch_eu3/ymir work/monster2/zombie_diseased_boss/20.msa	d:/ymir work/monster2/zombie_diseased_boss/20.msa	1
metin2_patch_eu3/ymir work/monster2/zombie_diseased_boss/20_1.gr2	d:/ymir work/monster2/zombie_diseased_boss/20_1.gr2	1
metin2_patch_eu3/ymir work/monster2/zombie_diseased_boss/30.msa	d:/ymir work/monster2/zombie_diseased_boss/30.msa	1
metin2_patch_eu3/ymir work/monster2/zombie_diseased_boss/30_1.msa	d:/ymir work/monster2/zombie_diseased_boss/30_1.msa	1
metin2_patch_eu3/ymir work/monster2/zombie_diseased_boss/31.gr2	d:/ymir work/monster2/zombie_diseased_boss/31.gr2	1
metin2_patch_eu3/ymir work/monster2/zombie_diseased_boss/31.msa	d:/ymir work/monster2/zombie_diseased_boss/31.msa	1
metin2_patch_eu3/ymir work/monster2/zombie_soldier_scythe/31.msa	d:/ymir work/monster2/zombie_soldier_scythe/31.msa	1
metin2_patch_eu3/ymir work/monster2/zombie_diseased_boss/32.gr2	d:/ymir work/monster2/zombie_diseased_boss/32.gr2	1
metin2_patch_eu3/ymir work/monster2/zombie_diseased_boss/33.msa	d:/ymir work/monster2/zombie_diseased_boss/33.msa	1
metin2_patch_eu3/ymir work/monster2/zombie_diseased_boss/34.msa	d:/ymir work/monster2/zombie_diseased_boss/34.msa	1
metin2_patch_eu3/ymir work/monster2/zombie_diseased_dog/20_1.msa	d:/ymir work/monster2/zombie_diseased_dog/20_1.msa	1
metin2_patch_eu3/ymir work/monster2/zombie_diseased_spear/37.gr2	d:/ymir work/monster2/zombie_diseased_spear/37.gr2	1
metin2_patch_eu3/ymir work/monster2/zombie_diseased_sword/36.gr2	d:/ymir work/monster2/zombie_diseased_sword/36.gr2	1
metin2_patch_eu3/ymir work/monster2/zombie_diseased_boss/37.msa	d:/ymir work/monster2/zombie_diseased_boss/37.msa	1
metin2_patch_eu3/ymir work/monster2/zombie_diseased_boss/motlist.txt	d:/ymir work/monster2/zombie_diseased_boss/motlist.txt	1
metin2_patch_eu3/ymir work/monster2/zombie_soldier_bow/00.gr2	d:/ymir work/monster2/zombie_soldier_bow/00.gr2	1
metin2_patch_eu3/ymir work/monster2/zombie_diseased_boss/zombie_diseased_boss_lod_01.gr2	d:/ymir work/monster2/zombie_diseased_boss/zombie_diseased_boss_lod_01.gr2	1
metin2_patch_eu3/ymir work/monster2/zombie_diseased_bow/00.msa	d:/ymir work/monster2/zombie_diseased_bow/00.msa	1
metin2_patch_eu3/ymir work/monster2/zombie_soldier_scythe/37.msa	d:/ymir work/monster2/zombie_soldier_scythe/37.msa	1
metin2_patch_eu3/ymir work/monster2/zombie_diseased_bow/03.gr2	d:/ymir work/monster2/zombie_diseased_bow/03.gr2	1
metin2_patch_eu3/ymir work/monster2/zombie_diseased_kid/34.msa	d:/ymir work/monster2/zombie_diseased_kid/34.msa	1
metin2_patch_eu3/ymir work/monster2/zombie_general/00.msa	d:/ymir work/monster2/zombie_general/00.msa	1
metin2_patch_eu3/ymir work/monster2/zombie_diseased_bow/03.msa	d:/ymir work/monster2/zombie_diseased_bow/03.msa	1
metin2_patch_eu3/ymir work/monster2/zombie_diseased_bow/20.msa	d:/ymir work/monster2/zombie_diseased_bow/20.msa	1
metin2_patch_eu3/ymir work/monster2/zombie_diseased_bow/30_1.msa	d:/ymir work/monster2/zombie_diseased_bow/30_1.msa	1
metin2_patch_eu3/ymir work/monster2/zombie_soldier_spear/20.msa	d:/ymir work/monster2/zombie_soldier_spear/20.msa	1
metin2_patch_eu3/ymir work/monster2/zombie_diseased_bow/31.msa	d:/ymir work/monster2/zombie_diseased_bow/31.msa	1
metin2_patch_eu3/ymir work/monster2/zombie_diseased_bow/32.msa	d:/ymir work/monster2/zombie_diseased_bow/32.msa	1
metin2_patch_eu3/ymir work/monster2/zombie_diseased_bow/37.gr2	d:/ymir work/monster2/zombie_diseased_bow/37.gr2	1
metin2_patch_eu3/ymir work/monster2/zombie_diseased_bow/34.msa	d:/ymir work/monster2/zombie_diseased_bow/34.msa	1
metin2_patch_eu3/ymir work/monster2/zombie_diseased_bow/37.msa	d:/ymir work/monster2/zombie_diseased_bow/37.msa	1
metin2_patch_eu3/ymir work/monster2/zombie_diseased_bow/motlist.txt	d:/ymir work/monster2/zombie_diseased_bow/motlist.txt	1
metin2_patch_eu3/ymir work/monster2/zombie_diseased_bow/zombie_bigboss1_weapon.dds	d:/ymir work/monster2/zombie_diseased_bow/zombie_bigboss1_weapon.dds	1
metin2_patch_eu3/ymir work/monster2/zombie_diseased_bow/zombie_diseased_bow.dds	d:/ymir work/monster2/zombie_diseased_bow/zombie_diseased_bow.dds	1
metin2_patch_eu3/ymir work/monster2/zombie_diseased_bow/zombie_diseased_bow.msm	d:/ymir work/monster2/zombie_diseased_bow/zombie_diseased_bow.msm	1
metin2_patch_eu3/ymir work/monster2/zombie_diseased_kid/zombie_diseased_kid1.dds	d:/ymir work/monster2/zombie_diseased_kid/zombie_diseased_kid1.dds	1
metin2_patch_eu3/ymir work/monster2/zombie_god/25.msa	d:/ymir work/monster2/zombie_god/25.msa	1
metin2_patch_eu3/ymir work/monster2/zombie_diseased_bow/zombie_diseased_bow_lod_01.gr2	d:/ymir work/monster2/zombie_diseased_bow/zombie_diseased_bow_lod_01.gr2	1
metin2_patch_eu3/ymir work/monster2/zombie_diseased_dog/02_1.gr2	d:/ymir work/monster2/zombie_diseased_dog/02_1.gr2	1
metin2_patch_eu3/ymir work/monster2/zombie_diseased_dog/02_1.msa	d:/ymir work/monster2/zombie_diseased_dog/02_1.msa	1
metin2_patch_eu3/ymir work/monster2/zombie_diseased_dog/03.gr2	d:/ymir work/monster2/zombie_diseased_dog/03.gr2	1
metin2_patch_eu3/ymir work/monster2/zombie_diseased_dog/03.msa	d:/ymir work/monster2/zombie_diseased_dog/03.msa	1
metin2_patch_eu3/ymir work/monster2/zombie_diseased_dog/03_1.msa	d:/ymir work/monster2/zombie_diseased_dog/03_1.msa	1
metin2_patch_eu3/ymir work/monster2/zombie_diseased_dog/37_1.gr2	d:/ymir work/monster2/zombie_diseased_dog/37_1.gr2	1
metin2_patch_eu3/ymir work/monster2/zombie_diseased_dog/20.msa	d:/ymir work/monster2/zombie_diseased_dog/20.msa	1
metin2_patch_eu3/ymir work/monster2/zombie_diseased_dog/31.msa	d:/ymir work/monster2/zombie_diseased_dog/31.msa	1
metin2_patch_eu3/ymir work/monster2/zombie_soldier_bow/30_1.gr2	d:/ymir work/monster2/zombie_soldier_bow/30_1.gr2	1
metin2_patch_eu3/ymir work/monster2/zombie_diseased_dog/32.gr2	d:/ymir work/monster2/zombie_diseased_dog/32.gr2	1
metin2_patch_eu3/ymir work/monster2/zombie_diseased_dog/33.gr2	d:/ymir work/monster2/zombie_diseased_dog/33.gr2	1
metin2_patch_eu3/ymir work/zone/devilcave/obj1.dds	d:/ymir work/zone/devilcave/obj1.dds	1
metin2_patch_eu3/ymir work/npc2/zombie_security_stone/zombie_security_stone.dds	d:/ymir work/npc2/zombie_security_stone/zombie_security_stone.dds	1
metin2_patch_eu3/ymir work/monster2/zombie_diseased_dog/33.msa	d:/ymir work/monster2/zombie_diseased_dog/33.msa	1
metin2_patch_eu3/ymir work/npc/dog_god/dog_god_3.gr2	d:/ymir work/npc/dog_god/dog_god_3.gr2	1
metin2_patch_eu3/ymir work/monster2/zombie_diseased_dog/34.gr2	d:/ymir work/monster2/zombie_diseased_dog/34.gr2	1
metin2_patch_eu3/ymir work/monster2/zombie_king/zombie_king_lod_01.gr2	d:/ymir work/monster2/zombie_king/zombie_king_lod_01.gr2	1
metin2_patch_eu3/ymir work/monster2/zombie_diseased_dog/35.gr2	d:/ymir work/monster2/zombie_diseased_dog/35.gr2	1
metin2_patch_eu3/ymir work/monster2/zombie_diseased_dog/37.gr2	d:/ymir work/monster2/zombie_diseased_dog/37.gr2	1
metin2_patch_eu3/ymir work/monster2/zombie_diseased_dog/zombie_diseased_dog.msm	d:/ymir work/monster2/zombie_diseased_dog/zombie_diseased_dog.msm	1
metin2_patch_eu3/ymir work/monster2/zombie_diseased_infector/00.gr2	d:/ymir work/monster2/zombie_diseased_infector/00.gr2	1
metin2_patch_eu3/ymir work/monster2/zombie_diseased_infector/00.msa	d:/ymir work/monster2/zombie_diseased_infector/00.msa	1
metin2_patch_eu3/ymir work/monster2/zombie_diseased_infector/00_1.msa	d:/ymir work/monster2/zombie_diseased_infector/00_1.msa	1
metin2_patch_eu3/ymir work/monster2/zombie_diseased_infector/02.msa	d:/ymir work/monster2/zombie_diseased_infector/02.msa	1
metin2_patch_eu3/ymir work/npc/fire_tiger/combo_attack1.gr2	d:/ymir work/npc/fire_tiger/combo_attack1.gr2	1
metin2_patch_eu3/ymir work/monster2/zombie_diseased_infector/03.msa	d:/ymir work/monster2/zombie_diseased_infector/03.msa	1
metin2_patch_eu3/ymir work/monster2/zombie_diseased_infector/30.gr2	d:/ymir work/monster2/zombie_diseased_infector/30.gr2	1
metin2_patch_eu3/ymir work/monster2/zombie_diseased_infector/30.msa	d:/ymir work/monster2/zombie_diseased_infector/30.msa	1
metin2_patch_eu3/ymir work/monster2/zombie_soldier_scythe/00_1.msa	d:/ymir work/monster2/zombie_soldier_scythe/00_1.msa	1
metin2_patch_eu3/ymir work/monster2/zombie_diseased_infector/30_1.msa	d:/ymir work/monster2/zombie_diseased_infector/30_1.msa	1
metin2_patch_eu3/ymir work/monster2/zombie_diseased_infector/31.gr2	d:/ymir work/monster2/zombie_diseased_infector/31.gr2	1
metin2_patch_eu3/ymir work/monster2/zombie_diseased_infector/32.msa	d:/ymir work/monster2/zombie_diseased_infector/32.msa	1
metin2_patch_eu3/ymir work/monster2/zombie_general/35.gr2	d:/ymir work/monster2/zombie_general/35.gr2	1
metin2_patch_eu3/ymir work/monster2/zombie_diseased_infector/33.gr2	d:/ymir work/monster2/zombie_diseased_infector/33.gr2	1
metin2_patch_eu3/ymir work/npc/boar/boar_0_lod_03.gr2	d:/ymir work/npc/boar/boar_0_lod_03.gr2	1
metin2_patch_eu3/ymir work/monster2/zombie_diseased_infector/33.msa	d:/ymir work/monster2/zombie_diseased_infector/33.msa	1
metin2_patch_eu3/ymir work/monster2/zombie_diseased_infector/motlist.txt	d:/ymir work/monster2/zombie_diseased_infector/motlist.txt	1
metin2_patch_eu3/ymir work/monster2/zombie_diseased_infector/zombie_diseased_infector.dds	d:/ymir work/monster2/zombie_diseased_infector/zombie_diseased_infector.dds	1
metin2_patch_eu3/ymir work/monster2/zombie_diseased_infector/zombie_diseased_infector.msm	d:/ymir work/monster2/zombie_diseased_infector/zombie_diseased_infector.msm	1
metin2_patch_eu3/ymir work/monster2/zombie_diseased_infector/zombie_diseased_infector_lod_01.gr2	d:/ymir work/monster2/zombie_diseased_infector/zombie_diseased_infector_lod_01.gr2	1
metin2_patch_eu3/ymir work/monster2/zombie_diseased_kid/00.msa	d:/ymir work/monster2/zombie_diseased_kid/00.msa	1
metin2_patch_eu3/ymir work/monster2/zombie_diseased_kid/00_1.msa	d:/ymir work/monster2/zombie_diseased_kid/00_1.msa	1
metin2_patch_eu3/ymir work/monster2/zombie_ghost/00_1.gr2	d:/ymir work/monster2/zombie_ghost/00_1.gr2	1
metin2_patch_eu3/ymir work/monster2/zombie_diseased_kid/31.gr2	d:/ymir work/monster2/zombie_diseased_kid/31.gr2	1
metin2_patch_eu3/ymir work/monster2/zombie_god/35.msa	d:/ymir work/monster2/zombie_god/35.msa	1
metin2_patch_eu3/ymir work/monster2/zombie_diseased_kid/31_1.msa	d:/ymir work/monster2/zombie_diseased_kid/31_1.msa	1
metin2_patch_eu3/ymir work/monster2/zombie_diseased_kid/32.gr2	d:/ymir work/monster2/zombie_diseased_kid/32.gr2	1
metin2_patch_eu3/ymir work/monster2/zombie_diseased_kid/33.msa	d:/ymir work/monster2/zombie_diseased_kid/33.msa	1
metin2_patch_eu3/ymir work/monster2/zombie_diseased_kid/37_1.gr2	d:/ymir work/monster2/zombie_diseased_kid/37_1.gr2	1
metin2_patch_eu3/ymir work/monster2/zombie_diseased_kid/37_1.msa	d:/ymir work/monster2/zombie_diseased_kid/37_1.msa	1
metin2_patch_eu3/ymir work/monster2/zombie_ghost/zombie_ghost_lod_01.gr2	d:/ymir work/monster2/zombie_ghost/zombie_ghost_lod_01.gr2	1
metin2_patch_eu3/ymir work/monster2/zombie_diseased_kid/zombie_diseased_kid.gr2	d:/ymir work/monster2/zombie_diseased_kid/zombie_diseased_kid.gr2	1
metin2_patch_eu3/ymir work/monster2/zombie_diseased_kid/zombie_diseased_kid.msm	d:/ymir work/monster2/zombie_diseased_kid/zombie_diseased_kid.msm	1
metin2_patch_eu3/ymir work/monster2/zombie_diseased_kid/zombie_diseased_kid_lod_01.gr2	d:/ymir work/monster2/zombie_diseased_kid/zombie_diseased_kid_lod_01.gr2	1
metin2_patch_eu3/ymir work/monster2/zombie_diseased_spear/00_1.msa	d:/ymir work/monster2/zombie_diseased_spear/00_1.msa	1
metin2_patch_eu3/ymir work/monster2/zombie_diseased_spear/03.gr2	d:/ymir work/monster2/zombie_diseased_spear/03.gr2	1
metin2_patch_eu3/ymir work/monster2/zombie_diseased_spear/20_1.gr2	d:/ymir work/monster2/zombie_diseased_spear/20_1.gr2	1
metin2_patch_eu3/ymir work/monster2/zombie_diseased_spear/30_1.msa	d:/ymir work/monster2/zombie_diseased_spear/30_1.msa	1
metin2_patch_eu3/ymir work/monster2/zombie_diseased_spear/31.gr2	d:/ymir work/monster2/zombie_diseased_spear/31.gr2	1
metin2_patch_eu3/ymir work/zone/devilcave/bottom2.dds	d:/ymir work/zone/devilcave/bottom2.dds	1
metin2_patch_eu3/ymir work/monster2/zombie_diseased_spear/32.msa	d:/ymir work/monster2/zombie_diseased_spear/32.msa	1
metin2_patch_eu3/ymir work/monster2/zombie_diseased_spear/33.gr2	d:/ymir work/monster2/zombie_diseased_spear/33.gr2	1
metin2_patch_eu3/ymir work/monster2/zombie_diseased_spear/34.gr2	d:/ymir work/monster2/zombie_diseased_spear/34.gr2	1
metin2_patch_eu3/ymir work/monster2/zombie_diseased_spear/35.gr2	d:/ymir work/monster2/zombie_diseased_spear/35.gr2	1
metin2_patch_eu3/ymir work/monster2/zombie_magician/35.gr2	d:/ymir work/monster2/zombie_magician/35.gr2	1
metin2_patch_eu3/ymir work/monster2/zombie_diseased_spear/36.msa	d:/ymir work/monster2/zombie_diseased_spear/36.msa	1
metin2_patch_eu3/ymir work/monster2/zombie_diseased_spear/37.msa	d:/ymir work/monster2/zombie_diseased_spear/37.msa	1
metin2_patch_eu3/ymir work/monster2/zombie_diseased_spear/motlist.txt	d:/ymir work/monster2/zombie_diseased_spear/motlist.txt	1
metin2_patch_eu3/ymir work/monster2/zombie_diseased_spear/zombie_diseased_spear.gr2	d:/ymir work/monster2/zombie_diseased_spear/zombie_diseased_spear.gr2	1
metin2_patch_eu3/ymir work/monster2/zombie_diseased_sword/00.msa	d:/ymir work/monster2/zombie_diseased_sword/00.msa	1
metin2_patch_eu3/ymir work/npc/fire_tiger/fire_tiger_blue_lod_02.gr2	d:/ymir work/npc/fire_tiger/fire_tiger_blue_lod_02.gr2	1
metin2_patch_eu3/ymir work/monster2/zombie_diseased_sword/03.msa	d:/ymir work/monster2/zombie_diseased_sword/03.msa	1
metin2_patch_eu3/ymir work/monster2/zombie_diseased_sword/30.gr2	d:/ymir work/monster2/zombie_diseased_sword/30.gr2	1
metin2_patch_eu3/ymir work/monster2/zombie_diseased_sword/30_1.msa	d:/ymir work/monster2/zombie_diseased_sword/30_1.msa	1
metin2_patch_eu3/ymir work/monster2/zombie_soldier_spear/31.gr2	d:/ymir work/monster2/zombie_soldier_spear/31.gr2	1
metin2_patch_eu3/ymir work/monster2/zombie_diseased_sword/31.gr2	d:/ymir work/monster2/zombie_diseased_sword/31.gr2	1
metin2_patch_eu3/ymir work/monster2/zombie_diseased_sword/31_1.msa	d:/ymir work/monster2/zombie_diseased_sword/31_1.msa	1
metin2_patch_eu3/ymir work/monster2/zombie_diseased_sword/32.gr2	d:/ymir work/monster2/zombie_diseased_sword/32.gr2	1
metin2_patch_eu3/ymir work/monster2/zombie_diseased_sword/32.msa	d:/ymir work/monster2/zombie_diseased_sword/32.msa	1
metin2_patch_eu3/ymir work/monster2/zombie_diseased_sword/33.msa	d:/ymir work/monster2/zombie_diseased_sword/33.msa	1
metin2_patch_eu3/ymir work/monster2/zombie_diseased_sword/34.gr2	d:/ymir work/monster2/zombie_diseased_sword/34.gr2	1
metin2_patch_eu3/ymir work/npc/dog_god/skill2.gr2	d:/ymir work/npc/dog_god/skill2.gr2	1
metin2_patch_eu3/ymir work/monster2/zombie_diseased_sword/34.msa	d:/ymir work/monster2/zombie_diseased_sword/34.msa	1
metin2_patch_eu3/ymir work/monster2/zombie_diseased_sword/34_1.gr2	d:/ymir work/monster2/zombie_diseased_sword/34_1.gr2	1
metin2_patch_eu3/ymir work/monster2/zombie_diseased_sword/35.gr2	d:/ymir work/monster2/zombie_diseased_sword/35.gr2	1
metin2_patch_eu3/ymir work/monster2/zombie_diseased_sword/35.msa	d:/ymir work/monster2/zombie_diseased_sword/35.msa	1
metin2_patch_eu3/ymir work/monster2/zombie_soldier_scythe/zombie_soldier_scythe.gr2	d:/ymir work/monster2/zombie_soldier_scythe/zombie_soldier_scythe.gr2	1
metin2_patch_eu3/ymir work/monster2/zombie_magician/zombie_magician.gr2	d:/ymir work/monster2/zombie_magician/zombie_magician.gr2	1
metin2_patch_eu3/ymir work/monster2/zombie_diseased_sword/37.msa	d:/ymir work/monster2/zombie_diseased_sword/37.msa	1
metin2_patch_eu3/ymir work/monster2/zombie_diseased_sword/motlist.txt	d:/ymir work/monster2/zombie_diseased_sword/motlist.txt	1
metin2_patch_eu3/ymir work/monster2/zombie_diseased_sword/zombie_diseased_sword.dds	d:/ymir work/monster2/zombie_diseased_sword/zombie_diseased_sword.dds	1
metin2_patch_eu3/ymir work/npc2/zombie_warp_stone/zombie_warp_stone.dds	d:/ymir work/npc2/zombie_warp_stone/zombie_warp_stone.dds	1
metin2_patch_eu3/ymir work/monster2/zombie_diseased_sword/zombie_diseased_sword.gr2	d:/ymir work/monster2/zombie_diseased_sword/zombie_diseased_sword.gr2	1
metin2_patch_eu3/ymir work/monster2/zombie_diseased_sword/zombie_diseased_sword_lod_01.gr2	d:/ymir work/monster2/zombie_diseased_sword/zombie_diseased_sword_lod_01.gr2	1
metin2_patch_eu3/ymir work/npc/fire_tiger/fire_tiger_0_lod_02.gr2	d:/ymir work/npc/fire_tiger/fire_tiger_0_lod_02.gr2	1
metin2_patch_eu3/ymir work/npc/fire_tiger/fire_tiger_0.gr2	d:/ymir work/npc/fire_tiger/fire_tiger_0.gr2	1
metin2_patch_eu3/ymir work/monster2/zombie_general/03.msa	d:/ymir work/monster2/zombie_general/03.msa	1
metin2_patch_eu3/ymir work/monster2/zombie_magician/20_1.msa	d:/ymir work/monster2/zombie_magician/20_1.msa	1
metin2_patch_eu3/ymir work/monster2/zombie_general/20.gr2	d:/ymir work/monster2/zombie_general/20.gr2	1
metin2_patch_eu3/ymir work/monster2/zombie_general/20_1.gr2	d:/ymir work/monster2/zombie_general/20_1.gr2	1
metin2_patch_eu3/ymir work/monster2/zombie_general/30.gr2	d:/ymir work/monster2/zombie_general/30.gr2	1
metin2_patch_eu3/ymir work/monster2/zombie_god/30.gr2	d:/ymir work/monster2/zombie_god/30.gr2	1
metin2_patch_eu3/ymir work/monster2/zombie_general/30_1.gr2	d:/ymir work/monster2/zombie_general/30_1.gr2	1
metin2_patch_eu3/ymir work/monster2/zombie_general/31.gr2	d:/ymir work/monster2/zombie_general/31.gr2	1
metin2_patch_eu3/ymir work/monster2/zombie_god/34_1.msa	d:/ymir work/monster2/zombie_god/34_1.msa	1
metin2_patch_eu3/ymir work/monster2/zombie_general/31.msa	d:/ymir work/monster2/zombie_general/31.msa	1
metin2_patch_eu3/ymir work/monster2/zombie_general/32.gr2	d:/ymir work/monster2/zombie_general/32.gr2	1
metin2_patch_eu3/ymir work/monster2/zombie_general/33.gr2	d:/ymir work/monster2/zombie_general/33.gr2	1
metin2_patch_eu3/ymir work/monster2/zombie_general/34.msa	d:/ymir work/monster2/zombie_general/34.msa	1
metin2_patch_eu3/ymir work/monster2/zombie_general/34_1.gr2	d:/ymir work/monster2/zombie_general/34_1.gr2	1
metin2_patch_eu3/ymir work/monster2/zombie_general/35.msa	d:/ymir work/monster2/zombie_general/35.msa	1
metin2_patch_eu3/ymir work/monster2/zombie_general/36.gr2	d:/ymir work/monster2/zombie_general/36.gr2	1
metin2_patch_eu3/ymir work/monster2/zombie_general/37.gr2	d:/ymir work/monster2/zombie_general/37.gr2	1
metin2_patch_eu3/ymir work/npc/fire_tiger/fire_tiger_pied.gr2	d:/ymir work/npc/fire_tiger/fire_tiger_pied.gr2	1
metin2_patch_eu3/ymir work/monster2/zombie_general/zombie_general_lod_01.gr2	d:/ymir work/monster2/zombie_general/zombie_general_lod_01.gr2	1
metin2_patch_eu3/ymir work/monster2/zombie_soldier_bow/30.gr2	d:/ymir work/monster2/zombie_soldier_bow/30.gr2	1
metin2_patch_eu3/ymir work/monster2/zombie_ghost/00.msa	d:/ymir work/monster2/zombie_ghost/00.msa	1
metin2_patch_eu3/ymir work/monster2/zombie_ghost/03.gr2	d:/ymir work/monster2/zombie_ghost/03.gr2	1
metin2_patch_eu3/ymir work/monster2/zombie_ghost/20.gr2	d:/ymir work/monster2/zombie_ghost/20.gr2	1
metin2_patch_eu3/ymir work/zone/devilcave/devil_entrance_pilla.gr2	d:/ymir work/zone/devilcave/devil_entrance_pilla.gr2	1
metin2_patch_eu3/ymir work/monster2/zombie_ghost/20_1.gr2	d:/ymir work/monster2/zombie_ghost/20_1.gr2	1
metin2_patch_eu3/ymir work/monster2/zombie_ghost/20_1.msa	d:/ymir work/monster2/zombie_ghost/20_1.msa	1
metin2_patch_eu3/ymir work/npc/fire_tiger/fire_tiger_white.gr2	d:/ymir work/npc/fire_tiger/fire_tiger_white.gr2	1
metin2_patch_eu3/ymir work/monster2/zombie_ghost/30.msa	d:/ymir work/monster2/zombie_ghost/30.msa	1
metin2_patch_eu3/ymir work/monster2/zombie_ghost/30_1.gr2	d:/ymir work/monster2/zombie_ghost/30_1.gr2	1
metin2_patch_eu3/ymir work/monster2/zombie_ghost/30_1.msa	d:/ymir work/monster2/zombie_ghost/30_1.msa	1
metin2_patch_eu3/ymir work/monster2/zombie_ghost/31.msa	d:/ymir work/monster2/zombie_ghost/31.msa	1
metin2_patch_eu3/ymir work/monster2/zombie_ghost/32.gr2	d:/ymir work/monster2/zombie_ghost/32.gr2	1
metin2_patch_eu3/ymir work/monster2/zombie_ghost/32.msa	d:/ymir work/monster2/zombie_ghost/32.msa	1
metin2_patch_eu3/ymir work/monster2/zombie_ghost/33.gr2	d:/ymir work/monster2/zombie_ghost/33.gr2	1
metin2_patch_eu3/ymir work/monster2/zombie_ghost/33.msa	d:/ymir work/monster2/zombie_ghost/33.msa	1
metin2_patch_eu3/ymir work/monster2/zombie_magician/30.gr2	d:/ymir work/monster2/zombie_magician/30.gr2	1
metin2_patch_eu3/ymir work/monster2/zombie_ghost/34.gr2	d:/ymir work/monster2/zombie_ghost/34.gr2	1
metin2_patch_eu3/ymir work/monster2/zombie_ghost/34_1.msa	d:/ymir work/monster2/zombie_ghost/34_1.msa	1
metin2_patch_eu3/ymir work/monster2/zombie_ghost/36.msa	d:/ymir work/monster2/zombie_ghost/36.msa	1
metin2_patch_eu3/ymir work/npc/fire_tiger/combo_attack1.msa	d:/ymir work/npc/fire_tiger/combo_attack1.msa	1
metin2_patch_eu3/ymir work/monster2/zombie_ghost/37.gr2	d:/ymir work/monster2/zombie_ghost/37.gr2	1
metin2_patch_eu3/ymir work/monster2/zombie_ghost/37.msa	d:/ymir work/monster2/zombie_ghost/37.msa	1
metin2_patch_eu3/ymir work/monster2/zombie_ghost/motlist.txt	d:/ymir work/monster2/zombie_ghost/motlist.txt	1
metin2_patch_eu3/ymir work/monster2/zombie_soldier_spear/34.gr2	d:/ymir work/monster2/zombie_soldier_spear/34.gr2	1
metin2_patch_eu3/ymir work/monster2/zombie_soldier_scythe/zombie_soldier.dds	d:/ymir work/monster2/zombie_soldier_scythe/zombie_soldier.dds	1
metin2_patch_eu3/ymir work/monster2/zombie_god/00.gr2	d:/ymir work/monster2/zombie_god/00.gr2	1
metin2_patch_eu3/ymir work/monster2/zombie_god/00.msa	d:/ymir work/monster2/zombie_god/00.msa	1
metin2_patch_eu3/ymir work/monster2/zombie_god/00_1.msa	d:/ymir work/monster2/zombie_god/00_1.msa	1
metin2_patch_eu3/ymir work/monster2/zombie_god/03.gr2	d:/ymir work/monster2/zombie_god/03.gr2	1
metin2_patch_eu3/ymir work/monster2/zombie_god/03.msa	d:/ymir work/monster2/zombie_god/03.msa	1
metin2_patch_eu3/ymir work/monster2/zombie_god/20.msa	d:/ymir work/monster2/zombie_god/20.msa	1
metin2_patch_eu3/ymir work/monster2/zombie_god/20_1.gr2	d:/ymir work/monster2/zombie_god/20_1.gr2	1
metin2_patch_eu3/ymir work/monster2/zombie_god/20_1.msa	d:/ymir work/monster2/zombie_god/20_1.msa	1
metin2_patch_eu3/ymir work/monster2/zombie_god/24.gr2	d:/ymir work/monster2/zombie_god/24.gr2	1
metin2_patch_eu3/ymir work/monster2/zombie_god/30_1.gr2	d:/ymir work/monster2/zombie_god/30_1.gr2	1
metin2_patch_eu3/ymir work/monster2/zombie_god/32.msa	d:/ymir work/monster2/zombie_god/32.msa	1
metin2_patch_eu3/ymir work/monster2/zombie_god/33.msa	d:/ymir work/monster2/zombie_god/33.msa	1
metin2_patch_eu3/ymir work/monster2/zombie_god/34.msa	d:/ymir work/monster2/zombie_god/34.msa	1
metin2_patch_eu3/ymir work/monster2/zombie_god/34_1.gr2	d:/ymir work/monster2/zombie_god/34_1.gr2	1
metin2_patch_eu3/ymir work/monster2/zombie_god/35.gr2	d:/ymir work/monster2/zombie_god/35.gr2	1
metin2_patch_eu3/ymir work/monster2/zombie_god/36.gr2	d:/ymir work/monster2/zombie_god/36.gr2	1
metin2_patch_eu3/ymir work/monster2/zombie_god/36.msa	d:/ymir work/monster2/zombie_god/36.msa	1
metin2_patch_eu3/ymir work/monster2/zombie_god/37.gr2	d:/ymir work/monster2/zombie_god/37.gr2	1
metin2_patch_eu3/ymir work/monster2/zombie_god/zombie_god_lod_01.gr2	d:/ymir work/monster2/zombie_god/zombie_god_lod_01.gr2	1
metin2_patch_eu3/ymir work/monster2/zombie_king/00.gr2	d:/ymir work/monster2/zombie_king/00.gr2	1
metin2_patch_eu3/ymir work/monster2/zombie_king/00.msa	d:/ymir work/monster2/zombie_king/00.msa	1
metin2_patch_eu3/ymir work/monster2/zombie_king/00_1.gr2	d:/ymir work/monster2/zombie_king/00_1.gr2	1
metin2_patch_eu3/ymir work/monster2/zombie_king/20.gr2	d:/ymir work/monster2/zombie_king/20.gr2	1
metin2_patch_eu3/ymir work/monster2/zombie_king/20.msa	d:/ymir work/monster2/zombie_king/20.msa	1
metin2_patch_eu3/ymir work/npc/boar/boar_violet.dds	d:/ymir work/npc/boar/boar_violet.dds	1
metin2_patch_eu3/ymir work/monster2/zombie_king/20_1.gr2	d:/ymir work/monster2/zombie_king/20_1.gr2	1
metin2_patch_eu3/ymir work/monster2/zombie_king/20_1.msa	d:/ymir work/monster2/zombie_king/20_1.msa	1
metin2_patch_eu3/ymir work/monster2/zombie_king/24.msa	d:/ymir work/monster2/zombie_king/24.msa	1
metin2_patch_eu3/ymir work/monster2/zombie_king/31.msa	d:/ymir work/monster2/zombie_king/31.msa	1
metin2_patch_eu3/ymir work/npc/lion/lion_3_lod_02.gr2	d:/ymir work/npc/lion/lion_3_lod_02.gr2	1
metin2_patch_eu3/ymir work/monster2/zombie_king/32.msa	d:/ymir work/monster2/zombie_king/32.msa	1
metin2_patch_eu3/ymir work/monster2/zombie_king/32_1.gr2	d:/ymir work/monster2/zombie_king/32_1.gr2	1
metin2_patch_eu3/ymir work/monster2/zombie_soldier_bow/33.gr2	d:/ymir work/monster2/zombie_soldier_bow/33.gr2	1
metin2_patch_eu3/ymir work/monster2/zombie_king/32_1.msa	d:/ymir work/monster2/zombie_king/32_1.msa	1
metin2_patch_eu3/ymir work/monster2/zombie_king/33.gr2	d:/ymir work/monster2/zombie_king/33.gr2	1
metin2_patch_eu3/ymir work/monster2/zombie_king/33.msa	d:/ymir work/monster2/zombie_king/33.msa	1
metin2_patch_eu3/ymir work/monster2/zombie_king/33_1.gr2	d:/ymir work/monster2/zombie_king/33_1.gr2	1
metin2_patch_eu3/ymir work/monster2/zombie_king/34.gr2	d:/ymir work/monster2/zombie_king/34.gr2	1
metin2_patch_eu3/ymir work/monster2/zombie_king/35.gr2	d:/ymir work/monster2/zombie_king/35.gr2	1
metin2_patch_eu3/ymir work/monster2/zombie_king/35.msa	d:/ymir work/monster2/zombie_king/35.msa	1
metin2_patch_eu3/ymir work/monster2/zombie_king/zombie_king.msm	d:/ymir work/monster2/zombie_king/zombie_king.msm	1
metin2_patch_eu3/ymir work/monster2/zombie_magician/00.msa	d:/ymir work/monster2/zombie_magician/00.msa	1
metin2_patch_eu3/ymir work/monster2/zombie_magician/03.gr2	d:/ymir work/monster2/zombie_magician/03.gr2	1
metin2_patch_eu3/ymir work/monster2/zombie_magician/20.gr2	d:/ymir work/monster2/zombie_magician/20.gr2	1
metin2_patch_eu3/ymir work/monster2/zombie_magician/20.msa	d:/ymir work/monster2/zombie_magician/20.msa	1
metin2_patch_eu3/ymir work/monster2/zombie_magician/20_1.gr2	d:/ymir work/monster2/zombie_magician/20_1.gr2	1
metin2_patch_eu3/ymir work/monster2/zombie_magician/20_2.gr2	d:/ymir work/monster2/zombie_magician/20_2.gr2	1
metin2_patch_eu3/ymir work/monster2/zombie_magician/20_2.msa	d:/ymir work/monster2/zombie_magician/20_2.msa	1
metin2_patch_eu3/ymir work/monster2/zombie_magician/30.msa	d:/ymir work/monster2/zombie_magician/30.msa	1
metin2_patch_eu3/ymir work/monster2/zombie_magician/31.gr2	d:/ymir work/monster2/zombie_magician/31.gr2	1
metin2_patch_eu3/ymir work/monster2/zombie_magician/31.msa	d:/ymir work/monster2/zombie_magician/31.msa	1
metin2_patch_eu3/ymir work/monster2/zombie_magician/33.gr2	d:/ymir work/monster2/zombie_magician/33.gr2	1
metin2_patch_eu3/ymir work/monster2/zombie_magician/33.msa	d:/ymir work/monster2/zombie_magician/33.msa	1
metin2_patch_eu3/ymir work/monster2/zombie_magician/34.gr2	d:/ymir work/monster2/zombie_magician/34.gr2	1
metin2_patch_eu3/ymir work/monster2/zombie_soldier_spear/32.msa	d:/ymir work/monster2/zombie_soldier_spear/32.msa	1
metin2_patch_eu3/ymir work/monster2/zombie_magician/34.msa	d:/ymir work/monster2/zombie_magician/34.msa	1
metin2_patch_eu3/ymir work/monster2/zombie_magician/34_1.msa	d:/ymir work/monster2/zombie_magician/34_1.msa	1
metin2_patch_eu3/ymir work/monster2/zombie_magician/37.gr2	d:/ymir work/monster2/zombie_magician/37.gr2	1
metin2_patch_eu3/ymir work/monster2/zombie_magician/37.msa	d:/ymir work/monster2/zombie_magician/37.msa	1
metin2_patch_eu3/ymir work/monster2/zombie_magician/motlist.txt	d:/ymir work/monster2/zombie_magician/motlist.txt	1
metin2_patch_eu3/ymir work/monster2/zombie_magician/zombie_magician.dds	d:/ymir work/monster2/zombie_magician/zombie_magician.dds	1
metin2_patch_eu3/ymir work/monster2/zombie_magician/zombie_magician.msm	d:/ymir work/monster2/zombie_magician/zombie_magician.msm	1
metin2_patch_eu3/ymir work/monster2/zombie_soldier_scythe/35.gr2	d:/ymir work/monster2/zombie_soldier_scythe/35.gr2	1
metin2_patch_eu3/ymir work/monster2/zombie_magician/zombie_magician_lod_01.gr2	d:/ymir work/monster2/zombie_magician/zombie_magician_lod_01.gr2	1
metin2_patch_eu3/ymir work/npc/lion/lion_0_lod_01.gr2	d:/ymir work/npc/lion/lion_0_lod_01.gr2	1
metin2_patch_eu3/ymir work/monster2/zombie_soldier_bow/03.gr2	d:/ymir work/monster2/zombie_soldier_bow/03.gr2	1
metin2_patch_eu3/ymir work/monster2/zombie_soldier_bow/03.msa	d:/ymir work/monster2/zombie_soldier_bow/03.msa	1
metin2_patch_eu3/ymir work/monster2/zombie_soldier_bow/20.gr2	d:/ymir work/monster2/zombie_soldier_bow/20.gr2	1
metin2_patch_eu3/ymir work/npc2/phoenix1/wait1.gr2	d:/ymir work/npc2/phoenix1/wait1.gr2	1
metin2_patch_eu3/ymir work/npc/dog_god/dog_god_violet.dds	d:/ymir work/npc/dog_god/dog_god_violet.dds	1
metin2_patch_eu3/ymir work/monster2/zombie_soldier_bow/20.msa	d:/ymir work/monster2/zombie_soldier_bow/20.msa	1
metin2_patch_eu3/ymir work/monster2/zombie_soldier_bow/30_1.msa	d:/ymir work/monster2/zombie_soldier_bow/30_1.msa	1
metin2_patch_eu3/ymir work/monster2/zombie_soldier_bow/31.gr2	d:/ymir work/monster2/zombie_soldier_bow/31.gr2	1
metin2_patch_eu3/ymir work/monster2/zombie_soldier_bow/32.gr2	d:/ymir work/monster2/zombie_soldier_bow/32.gr2	1
metin2_patch_eu3/ymir work/monster2/zombie_soldier_bow/33.msa	d:/ymir work/monster2/zombie_soldier_bow/33.msa	1
metin2_patch_eu3/ymir work/monster2/zombie_soldier_bow/34.msa	d:/ymir work/monster2/zombie_soldier_bow/34.msa	1
metin2_patch_eu3/ymir work/monster2/zombie_soldier_bow/35.msa	d:/ymir work/monster2/zombie_soldier_bow/35.msa	1
metin2_patch_eu3/ymir work/monster2/zombie_soldier_bow/36.gr2	d:/ymir work/monster2/zombie_soldier_bow/36.gr2	1
metin2_patch_eu3/ymir work/monster2/zombie_soldier_bow/37.msa	d:/ymir work/monster2/zombie_soldier_bow/37.msa	1
metin2_patch_eu3/ymir work/monster2/zombie_soldier_bow/motlist.txt	d:/ymir work/monster2/zombie_soldier_bow/motlist.txt	1
metin2_patch_eu3/ymir work/monster2/zombie_soldier_bow/zombie_bigboss1_weapon.dds	d:/ymir work/monster2/zombie_soldier_bow/zombie_bigboss1_weapon.dds	1
metin2_patch_eu3/ymir work/monster2/zombie_soldier_bow/zombie_soldier_bow.gr2	d:/ymir work/monster2/zombie_soldier_bow/zombie_soldier_bow.gr2	1
metin2_patch_eu3/ymir work/monster2/zombie_soldier_bow/zombie_soldier_bow.msm	d:/ymir work/monster2/zombie_soldier_bow/zombie_soldier_bow.msm	1
metin2_patch_eu3/ymir work/monster2/zombie_soldier_bow/zombie_soldier_bow_lod_01.gr2	d:/ymir work/monster2/zombie_soldier_bow/zombie_soldier_bow_lod_01.gr2	1
metin2_patch_eu3/ymir work/monster2/zombie_soldier_bow/zombie_weapon.dds	d:/ymir work/monster2/zombie_soldier_bow/zombie_weapon.dds	1
metin2_patch_eu3/ymir work/monster2/zombie_soldier_scythe/00.msa	d:/ymir work/monster2/zombie_soldier_scythe/00.msa	1
metin2_patch_eu3/ymir work/monster2/zombie_soldier_scythe/00_1.gr2	d:/ymir work/monster2/zombie_soldier_scythe/00_1.gr2	1
metin2_patch_eu3/ymir work/monster2/zombie_soldier_scythe/03.gr2	d:/ymir work/monster2/zombie_soldier_scythe/03.gr2	1
metin2_patch_eu3/ymir work/monster2/zombie_soldier_scythe/03.msa	d:/ymir work/monster2/zombie_soldier_scythe/03.msa	1
metin2_patch_eu3/ymir work/monster2/zombie_soldier_scythe/20_1.gr2	d:/ymir work/monster2/zombie_soldier_scythe/20_1.gr2	1
metin2_patch_eu3/ymir work/monster2/zombie_soldier_scythe/20_1.msa	d:/ymir work/monster2/zombie_soldier_scythe/20_1.msa	1
metin2_patch_eu3/ymir work/monster2/zombie_soldier_scythe/30.gr2	d:/ymir work/monster2/zombie_soldier_scythe/30.gr2	1
metin2_patch_eu3/ymir work/monster2/zombie_soldier_scythe/32.msa	d:/ymir work/monster2/zombie_soldier_scythe/32.msa	1
metin2_patch_eu3/ymir work/monster2/zombie_soldier_scythe/33.gr2	d:/ymir work/monster2/zombie_soldier_scythe/33.gr2	1
metin2_patch_eu3/ymir work/monster2/zombie_soldier_scythe/33.msa	d:/ymir work/monster2/zombie_soldier_scythe/33.msa	1
metin2_patch_eu3/ymir work/monster2/zombie_soldier_scythe/34.gr2	d:/ymir work/monster2/zombie_soldier_scythe/34.gr2	1
metin2_patch_eu3/ymir work/monster2/zombie_soldier_scythe/34.msa	d:/ymir work/monster2/zombie_soldier_scythe/34.msa	1
metin2_patch_eu3/ymir work/monster2/zombie_soldier_scythe/36.gr2	d:/ymir work/monster2/zombie_soldier_scythe/36.gr2	1
metin2_patch_eu3/ymir work/monster2/zombie_soldier_scythe/36.msa	d:/ymir work/monster2/zombie_soldier_scythe/36.msa	1
metin2_patch_eu3/ymir work/monster2/zombie_soldier_scythe/37.gr2	d:/ymir work/monster2/zombie_soldier_scythe/37.gr2	1
metin2_patch_eu3/ymir work/monster2/zombie_soldier_scythe/motlist.txt	d:/ymir work/monster2/zombie_soldier_scythe/motlist.txt	1
metin2_patch_eu3/ymir work/monster2/zombie_soldier_scythe/zombie_bigboss1_weapon.dds	d:/ymir work/monster2/zombie_soldier_scythe/zombie_bigboss1_weapon.dds	1
metin2_patch_eu3/ymir work/monster2/zombie_soldier_scythe/zombie_soldier_scythe_lod_01.gr2	d:/ymir work/monster2/zombie_soldier_scythe/zombie_soldier_scythe_lod_01.gr2	1
metin2_patch_eu3/ymir work/monster2/zombie_soldier_spear/00.gr2	d:/ymir work/monster2/zombie_soldier_spear/00.gr2	1
metin2_patch_eu3/ymir work/monster2/zombie_soldier_spear/00.msa	d:/ymir work/monster2/zombie_soldier_spear/00.msa	1
metin2_patch_eu3/ymir work/monster2/zombie_soldier_spear/03.gr2	d:/ymir work/monster2/zombie_soldier_spear/03.gr2	1
metin2_patch_eu3/ymir work/monster2/zombie_soldier_spear/03.msa	d:/ymir work/monster2/zombie_soldier_spear/03.msa	1
metin2_patch_eu3/ymir work/monster2/zombie_soldier_spear/20.gr2	d:/ymir work/monster2/zombie_soldier_spear/20.gr2	1
metin2_patch_eu3/ymir work/npc2/zombie_god_stone/zombie_god_stone.gr2	d:/ymir work/npc2/zombie_god_stone/zombie_god_stone.gr2	1
metin2_patch_eu3/ymir work/monster2/zombie_soldier_spear/20_1.gr2	d:/ymir work/monster2/zombie_soldier_spear/20_1.gr2	1
metin2_patch_eu3/ymir work/monster2/zombie_soldier_spear/20_1.msa	d:/ymir work/monster2/zombie_soldier_spear/20_1.msa	1
metin2_patch_eu3/ymir work/monster2/zombie_soldier_spear/30.msa	d:/ymir work/monster2/zombie_soldier_spear/30.msa	1
metin2_patch_eu3/ymir work/monster2/zombie_soldier_spear/30_1.msa	d:/ymir work/monster2/zombie_soldier_spear/30_1.msa	1
metin2_patch_eu3/ymir work/monster2/zombie_soldier_spear/31.msa	d:/ymir work/monster2/zombie_soldier_spear/31.msa	1
metin2_patch_eu3/ymir work/zone/devilcave/statue3.dds	d:/ymir work/zone/devilcave/statue3.dds	1
metin2_patch_eu3/ymir work/monster2/zombie_soldier_spear/32.gr2	d:/ymir work/monster2/zombie_soldier_spear/32.gr2	1
metin2_patch_eu3/ymir work/monster2/zombie_soldier_spear/33.gr2	d:/ymir work/monster2/zombie_soldier_spear/33.gr2	1
metin2_patch_eu3/ymir work/monster2/zombie_soldier_spear/34_1.gr2	d:/ymir work/monster2/zombie_soldier_spear/34_1.gr2	1
metin2_patch_eu3/ymir work/npc2/phoenix1/run.msa	d:/ymir work/npc2/phoenix1/run.msa	1
metin2_patch_eu3/ymir work/monster2/zombie_soldier_spear/34_1.msa	d:/ymir work/monster2/zombie_soldier_spear/34_1.msa	1
metin2_patch_eu3/ymir work/monster2/zombie_soldier_spear/36.msa	d:/ymir work/monster2/zombie_soldier_spear/36.msa	1
metin2_patch_eu3/ymir work/monster2/zombie_soldier_spear/37.gr2	d:/ymir work/monster2/zombie_soldier_spear/37.gr2	1
metin2_patch_eu3/ymir work/monster2/zombie_soldier_spear/motlist.txt	d:/ymir work/monster2/zombie_soldier_spear/motlist.txt	1
metin2_patch_eu3/ymir work/monster2/zombie_soldier_spear/zombie_bigboss1_weapon.dds	d:/ymir work/monster2/zombie_soldier_spear/zombie_bigboss1_weapon.dds	1
metin2_patch_eu3/ymir work/monster2/zombie_soldier_spear/zombie_soldier_spear.gr2	d:/ymir work/monster2/zombie_soldier_spear/zombie_soldier_spear.gr2	1
metin2_patch_eu3/ymir work/monster2/zombie_soldier_spear/zombie_soldier_spear.msm	d:/ymir work/monster2/zombie_soldier_spear/zombie_soldier_spear.msm	1
metin2_patch_eu3/ymir work/npc2/zombie_ghost_door/motlist.txt	d:/ymir work/npc2/zombie_ghost_door/motlist.txt	1
metin2_patch_eu3/ymir work/monster2/zombie_soldier_spear/zombie_soldier_spear_lod_01.gr2	d:/ymir work/monster2/zombie_soldier_spear/zombie_soldier_spear_lod_01.gr2	1
metin2_patch_eu3/ymir work/npc/boar/boar_0.gr2	d:/ymir work/npc/boar/boar_0.gr2	1
metin2_patch_eu3/ymir work/zone/devilcave/lightingmap1.dds	d:/ymir work/zone/devilcave/lightingmap1.dds	1
metin2_patch_eu3/ymir work/npc/boar/boar_0.msm	d:/ymir work/npc/boar/boar_0.msm	1
metin2_patch_eu3/ymir work/npc2/phoenix1/run.gr2	d:/ymir work/npc2/phoenix1/run.gr2	1
metin2_patch_eu3/ymir work/npc/boar/boar_0_lod_01.gr2	d:/ymir work/npc/boar/boar_0_lod_01.gr2	1
metin2_patch_eu3/ymir work/npc/boar/boar_3.msm	d:/ymir work/npc/boar/boar_3.msm	1
metin2_patch_eu3/ymir work/npc/boar/boar_3_lod_03.gr2	d:/ymir work/npc/boar/boar_3_lod_03.gr2	1
metin2_patch_eu3/ymir work/npc/boar/boar_3_lod_02.gr2	d:/ymir work/npc/boar/boar_3_lod_02.gr2	1
metin2_patch_eu3/ymir work/npc/lion/lion_0_lod_03.gr2	d:/ymir work/npc/lion/lion_0_lod_03.gr2	1
metin2_patch_eu3/ymir work/npc/boar/boar_red.dds	d:/ymir work/npc/boar/boar_red.dds	1
metin2_patch_eu3/ymir work/npc/boar/skill2.gr2	d:/ymir work/npc/boar/skill2.gr2	1
metin2_patch_eu3/ymir work/npc/dog_god/combo_attack1.msa	d:/ymir work/npc/dog_god/combo_attack1.msa	1
metin2_patch_eu3/ymir work/npc/dog_god/dog_god_0.gr2	d:/ymir work/npc/dog_god/dog_god_0.gr2	1
metin2_patch_eu3/ymir work/npc/dog_god/dog_god_0_lod_01.gr2	d:/ymir work/npc/dog_god/dog_god_0_lod_01.gr2	1
metin2_patch_eu3/ymir work/npc/dog_god/dog_god_0_lod_02.gr2	d:/ymir work/npc/dog_god/dog_god_0_lod_02.gr2	1
metin2_patch_eu3/ymir work/npc/dog_god/dog_god_0_lod_03.gr2	d:/ymir work/npc/dog_god/dog_god_0_lod_03.gr2	1
metin2_patch_eu3/ymir work/npc/dog_god/dog_god_3.msm	d:/ymir work/npc/dog_god/dog_god_3.msm	1
metin2_patch_eu3/ymir work/npc/dog_god/dog_god_3_lod_02.gr2	d:/ymir work/npc/dog_god/dog_god_3_lod_02.gr2	1
metin2_patch_eu3/ymir work/npc/dog_god/dog_god_3_lod_03.gr2	d:/ymir work/npc/dog_god/dog_god_3_lod_03.gr2	1
metin2_patch_eu3/ymir work/npc/dog_god/dog_god_red.dds	d:/ymir work/npc/dog_god/dog_god_red.dds	1
metin2_patch_eu3/ymir work/npc/dog_god/skill2.msa	d:/ymir work/npc/dog_god/skill2.msa	1
metin2_patch_eu3/ymir work/npc/fire_tiger/fire_tiger_0.msm	d:/ymir work/npc/fire_tiger/fire_tiger_0.msm	1
metin2_patch_eu3/ymir work/npc/fire_tiger/skill2.gr2	d:/ymir work/npc/fire_tiger/skill2.gr2	1
metin2_patch_eu3/ymir work/npc/fire_tiger/fire_tiger_0_lod_01.gr2	d:/ymir work/npc/fire_tiger/fire_tiger_0_lod_01.gr2	1
metin2_patch_eu3/ymir work/npc/fire_tiger/fire_tiger_0_lod_03.gr2	d:/ymir work/npc/fire_tiger/fire_tiger_0_lod_03.gr2	1
metin2_patch_eu3/ymir work/npc/fire_tiger/fire_tiger_3.gr2	d:/ymir work/npc/fire_tiger/fire_tiger_3.gr2	1
metin2_patch_eu3/ymir work/npc/fire_tiger/fire_tiger_3.msm	d:/ymir work/npc/fire_tiger/fire_tiger_3.msm	1
metin2_patch_eu3/ymir work/npc/fire_tiger/fire_tiger_3_lod_01.gr2	d:/ymir work/npc/fire_tiger/fire_tiger_3_lod_01.gr2	1
metin2_patch_eu3/ymir work/npc/fire_tiger/fire_tiger_3_lod_02.gr2	d:/ymir work/npc/fire_tiger/fire_tiger_3_lod_02.gr2	1
metin2_patch_eu3/ymir work/npc/fire_tiger/fire_tiger_blue.gr2	d:/ymir work/npc/fire_tiger/fire_tiger_blue.gr2	1
metin2_patch_eu3/ymir work/npc/fire_tiger/fire_tiger_blue_lod_03.gr2	d:/ymir work/npc/fire_tiger/fire_tiger_blue_lod_03.gr2	1
metin2_patch_eu3/ymir work/npc/fire_tiger/fire_tiger_blue.msm	d:/ymir work/npc/fire_tiger/fire_tiger_blue.msm	1
metin2_patch_eu3/ymir work/npc/fire_tiger/fire_tiger_darkred.gr2	d:/ymir work/npc/fire_tiger/fire_tiger_darkred.gr2	1
metin2_patch_eu3/ymir work/npc/fire_tiger/fire_tiger_darkred_lod_01.gr2	d:/ymir work/npc/fire_tiger/fire_tiger_darkred_lod_01.gr2	1
metin2_patch_eu3/ymir work/npc/fire_tiger/fire_tiger_darkred_lod_02.gr2	d:/ymir work/npc/fire_tiger/fire_tiger_darkred_lod_02.gr2	1
metin2_patch_eu3/ymir work/npc/fire_tiger/fire_tiger_green.dds	d:/ymir work/npc/fire_tiger/fire_tiger_green.dds	1
metin2_patch_eu3/ymir work/npc/fire_tiger/fire_tiger_darkred_lod_03.gr2	d:/ymir work/npc/fire_tiger/fire_tiger_darkred_lod_03.gr2	1
metin2_patch_eu3/ymir work/npc/fire_tiger/fire_tiger_gold.dds	d:/ymir work/npc/fire_tiger/fire_tiger_gold.dds	1
metin2_patch_eu3/ymir work/npc/fire_tiger/fire_tiger_gold_lod_01.gr2	d:/ymir work/npc/fire_tiger/fire_tiger_gold_lod_01.gr2	1
metin2_patch_eu3/ymir work/npc/fire_tiger/fire_tiger_gold_lod_03.gr2	d:/ymir work/npc/fire_tiger/fire_tiger_gold_lod_03.gr2	1
metin2_patch_eu3/ymir work/npc/fire_tiger/fire_tiger_green.gr2	d:/ymir work/npc/fire_tiger/fire_tiger_green.gr2	1
metin2_patch_eu3/ymir work/npc/fire_tiger/fire_tiger_green.msm	d:/ymir work/npc/fire_tiger/fire_tiger_green.msm	1
metin2_patch_eu3/ymir work/npc/fire_tiger/fire_tiger_green_lod_01.gr2	d:/ymir work/npc/fire_tiger/fire_tiger_green_lod_01.gr2	1
metin2_patch_eu3/ymir work/npc/fire_tiger/fire_tiger_pied.dds	d:/ymir work/npc/fire_tiger/fire_tiger_pied.dds	1
metin2_patch_eu3/ymir work/npc/fire_tiger/fire_tiger_pied.msm	d:/ymir work/npc/fire_tiger/fire_tiger_pied.msm	1
metin2_patch_eu3/ymir work/npc/fire_tiger/fire_tiger_pied_lod_02.gr2	d:/ymir work/npc/fire_tiger/fire_tiger_pied_lod_02.gr2	1
metin2_patch_eu3/ymir work/npc/fire_tiger/fire_tiger_pied_lod_03.gr2	d:/ymir work/npc/fire_tiger/fire_tiger_pied_lod_03.gr2	1
metin2_patch_eu3/ymir work/npc/fire_tiger/fire_tiger_violet.dds	d:/ymir work/npc/fire_tiger/fire_tiger_violet.dds	1
metin2_patch_eu3/ymir work/npc/fire_tiger/fire_tiger_white.dds	d:/ymir work/npc/fire_tiger/fire_tiger_white.dds	1
metin2_patch_eu3/ymir work/npc/fire_tiger/fire_tiger_white_lod_01.gr2	d:/ymir work/npc/fire_tiger/fire_tiger_white_lod_01.gr2	1
metin2_patch_eu3/ymir work/npc/fire_tiger/skill2.msa	d:/ymir work/npc/fire_tiger/skill2.msa	1
metin2_patch_eu3/ymir work/npc/lion/combo_attack1.msa	d:/ymir work/npc/lion/combo_attack1.msa	1
metin2_patch_eu3/ymir work/npc/lion/lion_0.gr2	d:/ymir work/npc/lion/lion_0.gr2	1
metin2_patch_eu3/ymir work/npc/lion/lion_0.msm	d:/ymir work/npc/lion/lion_0.msm	1
metin2_patch_eu3/ymir work/npc/lion/lion_0_lod_02.gr2	d:/ymir work/npc/lion/lion_0_lod_02.gr2	1
metin2_patch_eu3/ymir work/zone/devilcave/devil_entrance.mdatr	d:/ymir work/zone/devilcave/devil_entrance.mdatr	1
metin2_patch_eu3/ymir work/zone/devilcave/bottom1.dds	d:/ymir work/zone/devilcave/bottom1.dds	1
metin2_patch_eu3/ymir work/npc/lion/lion_3.msm	d:/ymir work/npc/lion/lion_3.msm	1
metin2_patch_eu3/ymir work/npc/lion/lion_3_lod_01.gr2	d:/ymir work/npc/lion/lion_3_lod_01.gr2	1
metin2_patch_eu3/ymir work/npc/lion/lion_3_lod_03.gr2	d:/ymir work/npc/lion/lion_3_lod_03.gr2	1
metin2_patch_eu3/ymir work/npc/lion/lion_red.dds	d:/ymir work/npc/lion/lion_red.dds	1
metin2_patch_eu3/ymir work/npc/lion/lion_violet.dds	d:/ymir work/npc/lion/lion_violet.dds	1
metin2_patch_eu3/ymir work/npc/lion/skill2.gr2	d:/ymir work/npc/lion/skill2.gr2	1
metin2_patch_eu3/ymir work/npc/lion/skill2.msa	d:/ymir work/npc/lion/skill2.msa	1
metin2_patch_eu3/ymir work/npc2/phoenix1/motlist.txt	d:/ymir work/npc2/phoenix1/motlist.txt	1
metin2_patch_eu3/ymir work/npc2/phoenix1/phoenix1.gr2	d:/ymir work/npc2/phoenix1/phoenix1.gr2	1
metin2_patch_eu3/ymir work/npc2/phoenix1/wait1.msa	d:/ymir work/npc2/phoenix1/wait1.msa	1
metin2_patch_eu3/ymir work/npc2/phoenix1/wait2.msa	d:/ymir work/npc2/phoenix1/wait2.msa	1
metin2_patch_eu3/ymir work/npc2/phoenix1/walk.gr2	d:/ymir work/npc2/phoenix1/walk.gr2	1
metin2_patch_eu3/ymir work/npc2/phoenix1/walk.msa	d:/ymir work/npc2/phoenix1/walk.msa	1
metin2_patch_eu3/ymir work/npc2/zombie_ghost_door/close_wait.gr2	d:/ymir work/npc2/zombie_ghost_door/close_wait.gr2	1
metin2_patch_eu3/ymir work/npc2/zombie_ghost_door/open.gr2	d:/ymir work/npc2/zombie_ghost_door/open.gr2	1
metin2_patch_eu3/ymir work/npc2/zombie_ghost_door/zombie_ghost_door.dds	d:/ymir work/npc2/zombie_ghost_door/zombie_ghost_door.dds	1
metin2_patch_eu3/ymir work/npc2/zombie_ghost_door/zombie_ghost_door.msm	d:/ymir work/npc2/zombie_ghost_door/zombie_ghost_door.msm	1
metin2_patch_eu3/ymir work/zone/devilcave/ob_stone_fence_a.dds	d:/ymir work/zone/devilcave/ob_stone_fence_a.dds	1
metin2_patch_eu3/ymir work/npc2/zombie_key_stone/zombie_key_stone.dds	d:/ymir work/npc2/zombie_key_stone/zombie_key_stone.dds	1
metin2_patch_eu3/ymir work/npc2/zombie_key_stone/zombie_key_stone.gr2	d:/ymir work/npc2/zombie_key_stone/zombie_key_stone.gr2	1
metin2_patch_eu3/ymir work/npc2/zombie_key_stone/zombie_key_stone.mdatr	d:/ymir work/npc2/zombie_key_stone/zombie_key_stone.mdatr	1
metin2_patch_eu3/ymir work/npc2/zombie_key_stone/zombie_key_stone.msm	d:/ymir work/npc2/zombie_key_stone/zombie_key_stone.msm	1
metin2_patch_eu3/ymir work/npc2/zombie_security_stone/zombie_security_stone.gr2	d:/ymir work/npc2/zombie_security_stone/zombie_security_stone.gr2	1
metin2_patch_eu3/ymir work/npc2/zombie_warp_stone/zombie_warp_stone.gr2	d:/ymir work/npc2/zombie_warp_stone/zombie_warp_stone.gr2	1
metin2_patch_eu3/ymir work/npc2/zombie_warp_stone/zombie_warp_stone.msm	d:/ymir work/npc2/zombie_warp_stone/zombie_warp_stone.msm	1
metin2_patch_eu3/ymir work/terrainmaps/dungeon/devilcave/dc_field_00.dds	d:/ymir work/terrainmaps/dungeon/devilcave/dc_field_00.dds	1
metin2_patch_eu3/ymir work/terrainmaps/dungeon/devilcave/dc_field_01.dds	d:/ymir work/terrainmaps/dungeon/devilcave/dc_field_01.dds	1
metin2_patch_eu3/ymir work/terrainmaps/dungeon/devilcave/dc_field_02.dds	d:/ymir work/terrainmaps/dungeon/devilcave/dc_field_02.dds	1
metin2_patch_eu3/ymir work/terrainmaps/dungeon/devilcave/dc_grass_00.dds	d:/ymir work/terrainmaps/dungeon/devilcave/dc_grass_00.dds	1
metin2_patch_eu3/ymir work/terrainmaps/dungeon/devilcave/dc_lava_red_01.dds	d:/ymir work/terrainmaps/dungeon/devilcave/dc_lava_red_01.dds	1
metin2_patch_eu3/ymir work/terrainmaps/dungeon/devilcave/dc_rock_00.dds	d:/ymir work/terrainmaps/dungeon/devilcave/dc_rock_00.dds	1
metin2_patch_eu3/ymir work/terrainmaps/dungeon/devilcave/dc_stone_lava_00.dds	d:/ymir work/terrainmaps/dungeon/devilcave/dc_stone_lava_00.dds	1
metin2_patch_eu3/ymir work/zone/devilcave/bottom3.dds	d:/ymir work/zone/devilcave/bottom3.dds	1
metin2_patch_eu3/ymir work/zone/devilcave/dc_enterance_build.dds	d:/ymir work/zone/devilcave/dc_enterance_build.dds	1
metin2_patch_eu3/ymir work/zone/devilcave/dc_enterance_rock.dds	d:/ymir work/zone/devilcave/dc_enterance_rock.dds	1
metin2_patch_eu3/ymir work/zone/devilcave/dc_rock_00.dds	d:/ymir work/zone/devilcave/dc_rock_00.dds	1
metin2_patch_eu3/ymir work/zone/devilcave/devil_entrance1f.gr2	d:/ymir work/zone/devilcave/devil_entrance1f.gr2	1
metin2_patch_eu3/ymir work/zone/devilcave/devil_entrance2f_3f.mdatr	d:/ymir work/zone/devilcave/devil_entrance2f_3f.mdatr	1
metin2_patch_eu3/ymir work/zone/devilcave/devilcave_boss1.gr2	d:/ymir work/zone/devilcave/devilcave_boss1.gr2	1
metin2_patch_eu3/ymir work/zone/devilcave/lightingmap2.dds	d:/ymir work/zone/devilcave/lightingmap2.dds	1
metin2_patch_eu3/ymir work/zone/devilcave/lightingmap3.dds	d:/ymir work/zone/devilcave/lightingmap3.dds	1
metin2_patch_eu3/ymir work/zone/devilcave/lightingmap4.dds	d:/ymir work/zone/devilcave/lightingmap4.dds	1
metin2_patch_eu3/ymir work/zone/devilcave/lightingmap5.dds	d:/ymir work/zone/devilcave/lightingmap5.dds	1
metin2_patch_eu3/ymir work/zone/devilcave/ob_stone_fence_a.gr2	d:/ymir work/zone/devilcave/ob_stone_fence_a.gr2	1
metin2_patch_eu3/ymir work/zone/devilcave/ob_stone_fence_a.mdatr	d:/ymir work/zone/devilcave/ob_stone_fence_a.mdatr	1
metin2_patch_eu3/ymir work/zone/devilcave/ob_stone_fence_b.gr2	d:/ymir work/zone/devilcave/ob_stone_fence_b.gr2	1
metin2_patch_eu3/ymir work/zone/devilcave/pillar2.dds	d:/ymir work/zone/devilcave/pillar2.dds	1
metin2_patch_eu3/ymir work/zone/devilcave/rock01.dds	d:/ymir work/zone/devilcave/rock01.dds	1
metin2_patch_eu3/ymir work/zone/devilcave/statue1.dds	d:/ymir work/zone/devilcave/statue1.dds	1
