metin2_patch_dragon_rock/metin2_map_bayblacksand/000001/water.wtr	metin2_map_bayblacksand/000001/water.wtr	0
metin2_patch_dragon_rock/ymir work/environment/skybox/bayblacksand-b.wdp	d:/ymir work/environment/skybox/bayblacksand-b.wdp	0
metin2_patch_dragon_rock/metin2_map_capedragonhead/001005/attr.atr	metin2_map_capedragonhead/001005/attr.atr	0
metin2_patch_dragon_rock/ymir work/environment/mtthunder.msenv	d:/ymir work/environment/mtthunder.msenv	0
metin2_patch_dragon_rock/metin2_map_capedragonhead/001004/shadowmap.wdp	metin2_map_capedragonhead/001004/shadowmap.wdp	0
metin2_patch_dragon_rock/metin2_map_capedragonhead/004000/shadowmap.wdp	metin2_map_capedragonhead/004000/shadowmap.wdp	0
metin2_patch_dragon_rock/metin2_map_bayblacksand/setting.txt	metin2_map_bayblacksand/setting.txt	0
metin2_patch_dragon_rock/metin2_map_capedragonhead/004004/water.wtr	metin2_map_capedragonhead/004004/water.wtr	0
metin2_patch_dragon_rock/ymir work/environment/bayblacksand.msenv	d:/ymir work/environment/bayblacksand.msenv	0
metin2_patch_dragon_rock/metin2_map_capedragonhead/003000/shadowmap.raw	metin2_map_capedragonhead/003000/shadowmap.raw	0
metin2_patch_dragon_rock/metin2_map_capedragonhead/001005/height.raw	metin2_map_capedragonhead/001005/height.raw	0
metin2_patch_dragon_rock/ymir work/effect/background/pattern1_glow1.dds	d:/ymir work/effect/background/pattern1_glow1.dds	0
metin2_patch_dragon_rock/metin2_map_mt_thunder/003004/shadowmap.raw	metin2_map_mt_thunder/003004/shadowmap.raw	0
metin2_patch_dragon_rock/metin2_map_bayblacksand/000000/shadowmap.wdp	metin2_map_bayblacksand/000000/shadowmap.wdp	0
metin2_patch_dragon_rock/ymir work/environment/skybox/bayblacksand-l.wdp	d:/ymir work/environment/skybox/bayblacksand-l.wdp	0
metin2_patch_dragon_rock/metin2_map_dawnmistwood/004003/height.raw	metin2_map_dawnmistwood/004003/height.raw	0
metin2_patch_dragon_rock/metin2_map_mt_thunder/000000/attr.atr	metin2_map_mt_thunder/000000/attr.atr	0
metin2_patch_dragon_rock/ymir work/zone/devils_dragon_island/camp/camp_woodhut_01.gr2	d:/ymir work/zone/devils_dragon_island/camp/camp_woodhut_01.gr2	0
metin2_patch_dragon_rock/metin2_map_capedragonhead/004004/attr.atr	metin2_map_capedragonhead/004004/attr.atr	0
metin2_patch_dragon_rock/metin2_map_capedragonhead/001005/areaambiencedata.txt	metin2_map_capedragonhead/001005/areaambiencedata.txt	0
metin2_patch_dragon_rock/ymir work/environment/skybox/thunder_b.wdp	d:/ymir work/environment/skybox/thunder_b.wdp	0
metin2_patch_dragon_rock/ymir work/tree/compositemapb3.dds	d:/ymir work/tree/compositemapb3.dds	0
metin2_patch_dragon_rock/ymir work/zone/devils_dragon_island/camp/gaint_builda_11.mdatr	d:/ymir work/zone/devils_dragon_island/camp/gaint_builda_11.mdatr	0
metin2_patch_dragon_rock/ymir work/zone/devils_dragon_island/dawnmist_wallpillar.gr2	d:/ymir work/zone/devils_dragon_island/dawnmist_wallpillar.gr2	0
metin2_patch_dragon_rock/ymir work/environment/capedragonhead.msenv	d:/ymir work/environment/capedragonhead.msenv	0
metin2_patch_dragon_rock/metin2_map_capedragonhead/001003/areaproperty.txt	metin2_map_capedragonhead/001003/areaproperty.txt	0
metin2_patch_dragon_rock/ymir work/zone/devils_dragon_island/bone/bone_whale_lump00.gr2	d:/ymir work/zone/devils_dragon_island/bone/bone_whale_lump00.gr2	0
metin2_patch_dragon_rock/ymir work/zone/devils_dragon_island/thing_market tent_01.wdp	d:/ymir work/zone/devils_dragon_island/thing_market tent_01.wdp	0
metin2_patch_dragon_rock/ymir work/environment/skybox/bayblacksand-f.wdp	d:/ymir work/environment/skybox/bayblacksand-f.wdp	0
metin2_patch_dragon_rock/metin2_map_capedragonhead/002005/height.raw	metin2_map_capedragonhead/002005/height.raw	0
metin2_patch_dragon_rock/metin2_map_bayblacksand/000005/shadowmap.wdp	metin2_map_bayblacksand/000005/shadowmap.wdp	0
metin2_patch_dragon_rock/ymir work/environment/skybox/thunder_r.wdp	d:/ymir work/environment/skybox/thunder_r.wdp	0
metin2_patch_dragon_rock/metin2_map_mt_thunder/000002/shadowmap.raw	metin2_map_mt_thunder/000002/shadowmap.raw	0
metin2_patch_dragon_rock/metin2_map_mt_thunder/003004/shadowmap.wdp	metin2_map_mt_thunder/003004/shadowmap.wdp	0
metin2_patch_dragon_rock/metin2_map_dawnmistwood/000001/shadowmap.wdp	metin2_map_dawnmistwood/000001/shadowmap.wdp	0
metin2_patch_dragon_rock/ymir work/zone/devils_dragon_island/fortms_fence.wdp	d:/ymir work/zone/devils_dragon_island/fortms_fence.wdp	0
metin2_patch_dragon_rock/metin2_map_dawnmistwood/005000/areaproperty.txt	metin2_map_dawnmistwood/005000/areaproperty.txt	0
metin2_patch_dragon_rock/ymir work/zone/devils_dragon_island/camp/camp_redthief_gate_01.gr2	d:/ymir work/zone/devils_dragon_island/camp/camp_redthief_gate_01.gr2	0
metin2_patch_dragon_rock/metin2_map_capedragonhead/000003/attr.atr	metin2_map_capedragonhead/000003/attr.atr	0
metin2_patch_dragon_rock/ymir work/environment/dawnmistwood.msenv	d:/ymir work/environment/dawnmistwood.msenv	0
metin2_patch_dragon_rock/metin2_map_capedragonhead/000004/areaambiencedata.txt	metin2_map_capedragonhead/000004/areaambiencedata.txt	0
metin2_patch_dragon_rock/metin2_map_bayblacksand/002000/attr.atr	metin2_map_bayblacksand/002000/attr.atr	0
metin2_patch_dragon_rock/ymir work/zone/devils_dragon_island/fortms_build_normal_wall.wdp	d:/ymir work/zone/devils_dragon_island/fortms_build_normal_wall.wdp	0
metin2_patch_dragon_rock/ymir work/environment/skybox/bayblacksand-r.wdp	d:/ymir work/environment/skybox/bayblacksand-r.wdp	0
metin2_patch_dragon_rock/metin2_map_capedragonhead/005001/water.wtr	metin2_map_capedragonhead/005001/water.wtr	0
metin2_patch_dragon_rock/metin2_map_mt_thunder/001004/areaproperty.txt	metin2_map_mt_thunder/001004/areaproperty.txt	0
metin2_patch_dragon_rock/ymir work/zone/devils_dragon_island/camp/camp_redthief_build_06.gr2	d:/ymir work/zone/devils_dragon_island/camp/camp_redthief_build_06.gr2	0
metin2_patch_dragon_rock/metin2_map_bayblacksand/001000/height.raw	metin2_map_bayblacksand/001000/height.raw	0
metin2_patch_dragon_rock/ymir work/zone/devils_dragon_island/weapon_bowcart.gr2	d:/ymir work/zone/devils_dragon_island/weapon_bowcart.gr2	0
metin2_patch_dragon_rock/metin2_map_bayblacksand/000003/areaambiencedata.txt	metin2_map_bayblacksand/000003/areaambiencedata.txt	0
metin2_patch_dragon_rock/metin2_map_bayblacksand/000002/shadowmap.raw	metin2_map_bayblacksand/000002/shadowmap.raw	0
metin2_patch_dragon_rock/metin2_map_bayblacksand/002003/areadata.txt	metin2_map_bayblacksand/002003/areadata.txt	0
metin2_patch_dragon_rock/metin2_map_dawnmistwood/004001/areaproperty.txt	metin2_map_dawnmistwood/004001/areaproperty.txt	0
metin2_patch_dragon_rock/metin2_map_bayblacksand/000000/areaambiencedata.txt	metin2_map_bayblacksand/000000/areaambiencedata.txt	0
metin2_patch_dragon_rock/metin2_map_capedragonhead/005003/height.raw	metin2_map_capedragonhead/005003/height.raw	0
metin2_patch_dragon_rock/ymir work/zone/devils_dragon_island/thing_bag_00.gr2	d:/ymir work/zone/devils_dragon_island/thing_bag_00.gr2	0
metin2_patch_dragon_rock/metin2_map_capedragonhead/002004/minimap.wdp	metin2_map_capedragonhead/002004/minimap.wdp	0
metin2_patch_dragon_rock/metin2_map_mt_thunder/002001/shadowmap.raw	metin2_map_mt_thunder/002001/shadowmap.raw	0
metin2_patch_dragon_rock/ymir work/zone/devils_dragon_island/donkey_bag_d.wdp	d:/ymir work/zone/devils_dragon_island/donkey_bag_d.wdp	0
metin2_patch_dragon_rock/ymir work/environment/skybox/dawnmistwood-b.wdp	d:/ymir work/environment/skybox/dawnmistwood-b.wdp	0
metin2_patch_dragon_rock/metin2_map_capedragonhead/001000/tile.raw	metin2_map_capedragonhead/001000/tile.raw	0
metin2_patch_dragon_rock/ymir work/environment/skybox/bayblacksand-t.wdp	d:/ymir work/environment/skybox/bayblacksand-t.wdp	0
metin2_patch_dragon_rock/metin2_map_dawnmistwood/002001/tile.raw	metin2_map_dawnmistwood/002001/tile.raw	0
metin2_patch_dragon_rock/ymir work/zone/devils_dragon_island/camp/camp_redthief_build_08.gr2	d:/ymir work/zone/devils_dragon_island/camp/camp_redthief_build_08.gr2	0
metin2_patch_dragon_rock/metin2_map_bayblacksand/000002/areadata.txt	metin2_map_bayblacksand/000002/areadata.txt	0
metin2_patch_dragon_rock/ymir work/npc2/npc_fence/npc_fence00.mdatr	d:/ymir work/npc2/npc_fence/npc_fence00.mdatr	0
metin2_patch_dragon_rock/metin2_map_capedragonhead/001004/shadowmap.raw	metin2_map_capedragonhead/001004/shadowmap.raw	0
metin2_patch_dragon_rock/ymir work/environment/skybox/capedragonhead_b.wdp	d:/ymir work/environment/skybox/capedragonhead_b.wdp	0
metin2_patch_dragon_rock/metin2_map_capedragonhead/000004/shadowmap.raw	metin2_map_capedragonhead/000004/shadowmap.raw	0
metin2_patch_dragon_rock/ymir work/npc2/donkey/donkey.msm	d:/ymir work/npc2/donkey/donkey.msm	0
metin2_patch_dragon_rock/ymir work/environment/skybox/capedragonhead_f.wdp	d:/ymir work/environment/skybox/capedragonhead_f.wdp	0
metin2_patch_dragon_rock/metin2_map_mt_thunder/001002/shadowmap.wdp	metin2_map_mt_thunder/001002/shadowmap.wdp	0
metin2_patch_dragon_rock/metin2_map_capedragonhead/004005/areaambiencedata.txt	metin2_map_capedragonhead/004005/areaambiencedata.txt	0
metin2_patch_dragon_rock/ymir work/environment/skybox/capedragonhead_l.wdp	d:/ymir work/environment/skybox/capedragonhead_l.wdp	0
metin2_patch_dragon_rock/metin2_map_bayblacksand/000002/minimap.wdp	metin2_map_bayblacksand/000002/minimap.wdp	0
metin2_patch_dragon_rock/ymir work/environment/skybox/capedragonhead_r.wdp	d:/ymir work/environment/skybox/capedragonhead_r.wdp	0
metin2_patch_dragon_rock/ymir work/zone/devils_dragon_island/fortms_pier_pillar00.gr2	d:/ymir work/zone/devils_dragon_island/fortms_pier_pillar00.gr2	0
metin2_patch_dragon_rock/metin2_map_capedragonhead/004004/areaambiencedata.txt	metin2_map_capedragonhead/004004/areaambiencedata.txt	0
metin2_patch_dragon_rock/ymir work/terrainmaps/dawnmistwood/dawnmistwood_sand001.wdp	d:/ymir work/terrainmaps/dawnmistwood/dawnmistwood_sand001.wdp	0
metin2_patch_dragon_rock/metin2_map_bayblacksand/000003/areadata.txt	metin2_map_bayblacksand/000003/areadata.txt	0
metin2_patch_dragon_rock/ymir work/environment/skybox/capedragonhead_t.wdp	d:/ymir work/environment/skybox/capedragonhead_t.wdp	0
metin2_patch_dragon_rock/metin2_map_dawnmistwood/001003/tile.raw	metin2_map_dawnmistwood/001003/tile.raw	0
metin2_patch_dragon_rock/metin2_map_capedragonhead/000003/height.raw	metin2_map_capedragonhead/000003/height.raw	0
metin2_patch_dragon_rock/metin2_map_bayblacksand/001004/areaproperty.txt	metin2_map_bayblacksand/001004/areaproperty.txt	0
metin2_patch_dragon_rock/metin2_map_dawnmistwood/002001/areadata.txt	metin2_map_dawnmistwood/002001/areadata.txt	0
metin2_patch_dragon_rock/metin2_map_capedragonhead/001003/water.wtr	metin2_map_capedragonhead/001003/water.wtr	0
metin2_patch_dragon_rock/ymir work/environment/skybox/dawnmistwood-t.wdp	d:/ymir work/environment/skybox/dawnmistwood-t.wdp	0
metin2_patch_dragon_rock/metin2_map_capedragonhead/004003/areaambiencedata.txt	metin2_map_capedragonhead/004003/areaambiencedata.txt	0
metin2_patch_dragon_rock/metin2_map_dawnmistwood/000000/areadata.txt	metin2_map_dawnmistwood/000000/areadata.txt	0
metin2_patch_dragon_rock/metin2_map_capedragonhead/003002/height.raw	metin2_map_capedragonhead/003002/height.raw	0
metin2_patch_dragon_rock/metin2_map_mt_thunder/001002/areaproperty.txt	metin2_map_mt_thunder/001002/areaproperty.txt	0
metin2_patch_dragon_rock/metin2_map_capedragonhead/003005/attr.atr	metin2_map_capedragonhead/003005/attr.atr	0
metin2_patch_dragon_rock/metin2_map_capedragonhead/000004/shadowmap.wdp	metin2_map_capedragonhead/000004/shadowmap.wdp	0
metin2_patch_dragon_rock/ymir work/environment/skybox/dawnmistwood-f.wdp	d:/ymir work/environment/skybox/dawnmistwood-f.wdp	0
metin2_patch_dragon_rock/metin2_map_capedragonhead/005003/areadata.txt	metin2_map_capedragonhead/005003/areadata.txt	0
metin2_patch_dragon_rock/ymir work/environment/skybox/dawnmistwood-l.wdp	d:/ymir work/environment/skybox/dawnmistwood-l.wdp	0
metin2_patch_dragon_rock/ymir work/environment/skybox/thunder_f.wdp	d:/ymir work/environment/skybox/thunder_f.wdp	0
metin2_patch_dragon_rock/metin2_map_mt_thunder/000005/areadata.txt	metin2_map_mt_thunder/000005/areadata.txt	0
metin2_patch_dragon_rock/metin2_map_dawnmistwood/004003/attr.atr	metin2_map_dawnmistwood/004003/attr.atr	0
metin2_patch_dragon_rock/metin2_map_bayblacksand/000003/tile.raw	metin2_map_bayblacksand/000003/tile.raw	0
metin2_patch_dragon_rock/metin2_map_bayblacksand/000001/minimap.wdp	metin2_map_bayblacksand/000001/minimap.wdp	0
metin2_patch_dragon_rock/ymir work/zone/devils_dragon_island/fortms_ship00.gr2	d:/ymir work/zone/devils_dragon_island/fortms_ship00.gr2	0
metin2_patch_dragon_rock/metin2_map_bayblacksand/001000/areadata.txt	metin2_map_bayblacksand/001000/areadata.txt	0
metin2_patch_dragon_rock/metin2_map_dawnmistwood/006003/areaambiencedata.txt	metin2_map_dawnmistwood/006003/areaambiencedata.txt	0
metin2_patch_dragon_rock/metin2_map_capedragonhead/001000/height.raw	metin2_map_capedragonhead/001000/height.raw	0
metin2_patch_dragon_rock/metin2_map_bayblacksand/002000/tile.raw	metin2_map_bayblacksand/002000/tile.raw	0
metin2_patch_dragon_rock/metin2_map_bayblacksand/000001/areadata.txt	metin2_map_bayblacksand/000001/areadata.txt	0
metin2_patch_dragon_rock/ymir work/environment/skybox/dawnmistwood-r.wdp	d:/ymir work/environment/skybox/dawnmistwood-r.wdp	0
metin2_patch_dragon_rock/metin2_map_bayblacksand/001003/height.raw	metin2_map_bayblacksand/001003/height.raw	0
metin2_patch_dragon_rock/ymir work/zone/devils_dragon_island/camp/camp_redthief_build_08.mdatr	d:/ymir work/zone/devils_dragon_island/camp/camp_redthief_build_08.mdatr	0
metin2_patch_dragon_rock/ymir work/terrainmaps/capedragonhead/capedragon_sand002.wdp	d:/ymir work/terrainmaps/capedragonhead/capedragon_sand002.wdp	0
metin2_patch_dragon_rock/metin2_map_capedragonhead/002000/areaambiencedata.txt	metin2_map_capedragonhead/002000/areaambiencedata.txt	0
metin2_patch_dragon_rock/ymir work/environment/skybox/ruins_down.jpg	d:/ymir work/environment/skybox/ruins_down.jpg	0
metin2_patch_dragon_rock/ymir work/environment/skybox/ruins_east.jpg	d:/ymir work/environment/skybox/ruins_east.jpg	0
metin2_patch_dragon_rock/ymir work/terrainmaps/dawnmistwood/dawnmistwood_tile000.wdp	d:/ymir work/terrainmaps/dawnmistwood/dawnmistwood_tile000.wdp	0
metin2_patch_dragon_rock/metin2_map_capedragonhead/001001/attr.atr	metin2_map_capedragonhead/001001/attr.atr	0
metin2_patch_dragon_rock/ymir work/environment/skybox/ruins_north.jpg	d:/ymir work/environment/skybox/ruins_north.jpg	0
metin2_patch_dragon_rock/metin2_map_bayblacksand/000000/areadata.txt	metin2_map_bayblacksand/000000/areadata.txt	0
metin2_patch_dragon_rock/metin2_map_dawnmistwood/006000/height.raw	metin2_map_dawnmistwood/006000/height.raw	0
metin2_patch_dragon_rock/metin2_map_capedragonhead/001005/tile.raw	metin2_map_capedragonhead/001005/tile.raw	0
metin2_patch_dragon_rock/metin2_map_capedragonhead/003001/minimap.wdp	metin2_map_capedragonhead/003001/minimap.wdp	0
metin2_patch_dragon_rock/metin2_map_capedragonhead/002002/shadowmap.wdp	metin2_map_capedragonhead/002002/shadowmap.wdp	0
metin2_patch_dragon_rock/metin2_map_dawnmistwood/001000/shadowmap.raw	metin2_map_dawnmistwood/001000/shadowmap.raw	0
metin2_patch_dragon_rock/ymir work/environment/skybox/ruins_south.jpg	d:/ymir work/environment/skybox/ruins_south.jpg	0
metin2_patch_dragon_rock/metin2_map_mt_thunder/003003/areaambiencedata.txt	metin2_map_mt_thunder/003003/areaambiencedata.txt	0
metin2_patch_dragon_rock/metin2_map_bayblacksand/000001/shadowmap.raw	metin2_map_bayblacksand/000001/shadowmap.raw	0
metin2_patch_dragon_rock/metin2_map_dawnmistwood/005003/shadowmap.raw	metin2_map_dawnmistwood/005003/shadowmap.raw	0
metin2_patch_dragon_rock/metin2_map_capedragonhead/004004/height.raw	metin2_map_capedragonhead/004004/height.raw	0
metin2_patch_dragon_rock/metin2_map_bayblacksand/000001/areaambiencedata.txt	metin2_map_bayblacksand/000001/areaambiencedata.txt	0
metin2_patch_dragon_rock/ymir work/environment/skybox/ruins_up.jpg	d:/ymir work/environment/skybox/ruins_up.jpg	0
metin2_patch_dragon_rock/metin2_map_capedragonhead/001003/shadowmap.raw	metin2_map_capedragonhead/001003/shadowmap.raw	0
metin2_patch_dragon_rock/ymir work/environment/skybox/ruins_west.jpg	d:/ymir work/environment/skybox/ruins_west.jpg	0
metin2_patch_dragon_rock/metin2_map_mt_thunder/001005/water.wtr	metin2_map_mt_thunder/001005/water.wtr	0
metin2_patch_dragon_rock/ymir work/terrainmaps/mtthunder/mtthunder_sand00.wdp	d:/ymir work/terrainmaps/mtthunder/mtthunder_sand00.wdp	0
metin2_patch_dragon_rock/ymir work/environment/skybox/thunder_l.wdp	d:/ymir work/environment/skybox/thunder_l.wdp	0
metin2_patch_dragon_rock/ymir work/terrainmaps/capedragonhead/capedragon_cliff002.wdp	d:/ymir work/terrainmaps/capedragonhead/capedragon_cliff002.wdp	0
metin2_patch_dragon_rock/metin2_map_dawnmistwood/006000/attr.atr	metin2_map_dawnmistwood/006000/attr.atr	0
metin2_patch_dragon_rock/ymir work/environment/skybox/thunder_t.wdp	d:/ymir work/environment/skybox/thunder_t.wdp	0
metin2_patch_dragon_rock/metin2_map_bayblacksand/000005/areadata.txt	metin2_map_bayblacksand/000005/areadata.txt	0
metin2_patch_dragon_rock/metin2_map_mt_thunder/003002/water.wtr	metin2_map_mt_thunder/003002/water.wtr	0
metin2_patch_dragon_rock/metin2_map_bayblacksand/002002/areaproperty.txt	metin2_map_bayblacksand/002002/areaproperty.txt	0
metin2_patch_dragon_rock/metin2_map_bayblacksand/000001/shadowmap.wdp	metin2_map_bayblacksand/000001/shadowmap.wdp	0
metin2_patch_dragon_rock/ymir work/zone/devils_dragon_island/camp/camp_redthief_build_01.gr2	d:/ymir work/zone/devils_dragon_island/camp/camp_redthief_build_01.gr2	0
metin2_patch_dragon_rock/metin2_map_bayblacksand/000001/height.raw	metin2_map_bayblacksand/000001/height.raw	0
metin2_patch_dragon_rock/metin2_map_dawnmistwood/000003/minimap.wdp	metin2_map_dawnmistwood/000003/minimap.wdp	0
metin2_patch_dragon_rock/ymir work/zone/devils_dragon_island/camp/camp_redthief_gate_00a.gr2	d:/ymir work/zone/devils_dragon_island/camp/camp_redthief_gate_00a.gr2	0
metin2_patch_dragon_rock/metin2_map_bayblacksand/mapproperty.txt	metin2_map_bayblacksand/mapproperty.txt	0
metin2_patch_dragon_rock/metin2_map_bayblacksand/000000/height.raw	metin2_map_bayblacksand/000000/height.raw	0
metin2_patch_dragon_rock/metin2_map_capedragonhead/004003/minimap.wdp	metin2_map_capedragonhead/004003/minimap.wdp	0
metin2_patch_dragon_rock/ymir work/zone/devils_dragon_island/tunder_ruins_bridge_02.wdp	d:/ymir work/zone/devils_dragon_island/tunder_ruins_bridge_02.wdp	0
metin2_patch_dragon_rock/metin2_map_bayblacksand/002000/areaambiencedata.txt	metin2_map_bayblacksand/002000/areaambiencedata.txt	0
metin2_patch_dragon_rock/metin2_map_bayblacksand/000000/areaproperty.txt	metin2_map_bayblacksand/000000/areaproperty.txt	0
metin2_patch_dragon_rock/metin2_map_bayblacksand/001004/attr.atr	metin2_map_bayblacksand/001004/attr.atr	0
metin2_patch_dragon_rock/metin2_map_bayblacksand/000004/shadowmap.wdp	metin2_map_bayblacksand/000004/shadowmap.wdp	0
metin2_patch_dragon_rock/metin2_map_mt_thunder/000003/tile.raw	metin2_map_mt_thunder/000003/tile.raw	0
metin2_patch_dragon_rock/ymir work/zone/devils_dragon_island/camp/camp_woodhut_02.gr2	d:/ymir work/zone/devils_dragon_island/camp/camp_woodhut_02.gr2	0
metin2_patch_dragon_rock/ymir work/zone/devils_dragon_island/dawnmist_gate.mdatr	d:/ymir work/zone/devils_dragon_island/dawnmist_gate.mdatr	0
metin2_patch_dragon_rock/metin2_map_mt_thunder/003001/attr.atr	metin2_map_mt_thunder/003001/attr.atr	0
metin2_patch_dragon_rock/metin2_map_capedragonhead/002005/water.wtr	metin2_map_capedragonhead/002005/water.wtr	0
metin2_patch_dragon_rock/metin2_map_bayblacksand/000002/areaproperty.txt	metin2_map_bayblacksand/000002/areaproperty.txt	0
metin2_patch_dragon_rock/metin2_map_bayblacksand/000000/attr.atr	metin2_map_bayblacksand/000000/attr.atr	0
metin2_patch_dragon_rock/metin2_map_mt_thunder/002004/areaproperty.txt	metin2_map_mt_thunder/002004/areaproperty.txt	0
metin2_patch_dragon_rock/textureset/metin2_bayblacksand.txt	textureset/metin2_bayblacksand.txt	0
metin2_patch_dragon_rock/metin2_map_bayblacksand/000000/minimap.wdp	metin2_map_bayblacksand/000000/minimap.wdp	0
metin2_patch_dragon_rock/metin2_map_bayblacksand/000000/shadowmap.raw	metin2_map_bayblacksand/000000/shadowmap.raw	0
metin2_patch_dragon_rock/metin2_map_bayblacksand/000002/attr.atr	metin2_map_bayblacksand/000002/attr.atr	0
metin2_patch_dragon_rock/metin2_map_mt_thunder/001000/areaambiencedata.txt	metin2_map_mt_thunder/001000/areaambiencedata.txt	0
metin2_patch_dragon_rock/ymir work/zone/devils_dragon_island/thing_cagoboxset01.gr2	d:/ymir work/zone/devils_dragon_island/thing_cagoboxset01.gr2	0
metin2_patch_dragon_rock/metin2_map_capedragonhead/000000/minimap.wdp	metin2_map_capedragonhead/000000/minimap.wdp	0
metin2_patch_dragon_rock/metin2_map_bayblacksand/001003/tile.raw	metin2_map_bayblacksand/001003/tile.raw	0
metin2_patch_dragon_rock/metin2_map_dawnmistwood/003002/shadowmap.wdp	metin2_map_dawnmistwood/003002/shadowmap.wdp	0
metin2_patch_dragon_rock/metin2_map_mt_thunder/000001/areaproperty.txt	metin2_map_mt_thunder/000001/areaproperty.txt	0
metin2_patch_dragon_rock/metin2_map_bayblacksand/002004/minimap.wdp	metin2_map_bayblacksand/002004/minimap.wdp	0
metin2_patch_dragon_rock/metin2_map_capedragonhead/000005/shadowmap.raw	metin2_map_capedragonhead/000005/shadowmap.raw	0
metin2_patch_dragon_rock/metin2_map_mt_thunder/002003/shadowmap.wdp	metin2_map_mt_thunder/002003/shadowmap.wdp	0
metin2_patch_dragon_rock/metin2_map_bayblacksand/000000/tile.raw	metin2_map_bayblacksand/000000/tile.raw	0
metin2_patch_dragon_rock/metin2_map_mt_thunder/001005/areaambiencedata.txt	metin2_map_mt_thunder/001005/areaambiencedata.txt	0
metin2_patch_dragon_rock/metin2_map_capedragonhead/001004/attr.atr	metin2_map_capedragonhead/001004/attr.atr	0
metin2_patch_dragon_rock/metin2_map_bayblacksand/000000/water.wtr	metin2_map_bayblacksand/000000/water.wtr	0
metin2_patch_dragon_rock/metin2_map_bayblacksand/002001/water.wtr	metin2_map_bayblacksand/002001/water.wtr	0
metin2_patch_dragon_rock/metin2_map_bayblacksand/000005/areaambiencedata.txt	metin2_map_bayblacksand/000005/areaambiencedata.txt	0
metin2_patch_dragon_rock/metin2_map_dawnmistwood/006000/shadowmap.raw	metin2_map_dawnmistwood/006000/shadowmap.raw	0
metin2_patch_dragon_rock/metin2_map_bayblacksand/002003/areaambiencedata.txt	metin2_map_bayblacksand/002003/areaambiencedata.txt	0
metin2_patch_dragon_rock/metin2_map_mt_thunder/002000/areadata.txt	metin2_map_mt_thunder/002000/areadata.txt	0
metin2_patch_dragon_rock/metin2_map_bayblacksand/000001/areaproperty.txt	metin2_map_bayblacksand/000001/areaproperty.txt	0
metin2_patch_dragon_rock/metin2_map_dawnmistwood/005000/attr.atr	metin2_map_dawnmistwood/005000/attr.atr	0
metin2_patch_dragon_rock/metin2_map_dawnmistwood/005001/areaambiencedata.txt	metin2_map_dawnmistwood/005001/areaambiencedata.txt	0
metin2_patch_dragon_rock/metin2_map_bayblacksand/000001/attr.atr	metin2_map_bayblacksand/000001/attr.atr	0
metin2_patch_dragon_rock/metin2_map_capedragonhead/004002/areaambiencedata.txt	metin2_map_capedragonhead/004002/areaambiencedata.txt	0
metin2_patch_dragon_rock/metin2_map_bayblacksand/002001/shadowmap.raw	metin2_map_bayblacksand/002001/shadowmap.raw	0
metin2_patch_dragon_rock/ymir work/zone/devils_dragon_island/camp/camp_redthief_gate_03.gr2	d:/ymir work/zone/devils_dragon_island/camp/camp_redthief_gate_03.gr2	0
metin2_patch_dragon_rock/metin2_map_bayblacksand/000002/tile.raw	metin2_map_bayblacksand/000002/tile.raw	0
metin2_patch_dragon_rock/metin2_map_capedragonhead/000002/shadowmap.wdp	metin2_map_capedragonhead/000002/shadowmap.wdp	0
metin2_patch_dragon_rock/metin2_map_bayblacksand/000001/tile.raw	metin2_map_bayblacksand/000001/tile.raw	0
metin2_patch_dragon_rock/metin2_map_mt_thunder/001005/shadowmap.raw	metin2_map_mt_thunder/001005/shadowmap.raw	0
metin2_patch_dragon_rock/ymir work/zone/devils_dragon_island/thing_cagobox00.gr2	d:/ymir work/zone/devils_dragon_island/thing_cagobox00.gr2	0
metin2_patch_dragon_rock/metin2_map_capedragonhead/002002/minimap.wdp	metin2_map_capedragonhead/002002/minimap.wdp	0
metin2_patch_dragon_rock/metin2_map_bayblacksand/000002/areaambiencedata.txt	metin2_map_bayblacksand/000002/areaambiencedata.txt	0
metin2_patch_dragon_rock/metin2_map_capedragonhead/001001/minimap.wdp	metin2_map_capedragonhead/001001/minimap.wdp	0
metin2_patch_dragon_rock/metin2_map_bayblacksand/000002/height.raw	metin2_map_bayblacksand/000002/height.raw	0
metin2_patch_dragon_rock/ymir work/zone/devils_dragon_island/camp_manticore_boss_00.wdp	d:/ymir work/zone/devils_dragon_island/camp_manticore_boss_00.wdp	0
metin2_patch_dragon_rock/metin2_map_mt_thunder/003005/height.raw	metin2_map_mt_thunder/003005/height.raw	0
metin2_patch_dragon_rock/metin2_map_bayblacksand/000002/shadowmap.wdp	metin2_map_bayblacksand/000002/shadowmap.wdp	0
metin2_patch_dragon_rock/metin2_map_bayblacksand/000002/water.wtr	metin2_map_bayblacksand/000002/water.wtr	0
metin2_patch_dragon_rock/metin2_map_bayblacksand/000003/areaproperty.txt	metin2_map_bayblacksand/000003/areaproperty.txt	0
metin2_patch_dragon_rock/metin2_map_mt_thunder/002003/tile.raw	metin2_map_mt_thunder/002003/tile.raw	0
metin2_patch_dragon_rock/metin2_map_capedragonhead/002002/water.wtr	metin2_map_capedragonhead/002002/water.wtr	0
metin2_patch_dragon_rock/metin2_map_capedragonhead/002002/areaambiencedata.txt	metin2_map_capedragonhead/002002/areaambiencedata.txt	0
metin2_patch_dragon_rock/metin2_map_bayblacksand/000003/attr.atr	metin2_map_bayblacksand/000003/attr.atr	0
metin2_patch_dragon_rock/metin2_map_capedragonhead/003001/areaproperty.txt	metin2_map_capedragonhead/003001/areaproperty.txt	0
metin2_patch_dragon_rock/metin2_map_bayblacksand/000004/areaambiencedata.txt	metin2_map_bayblacksand/000004/areaambiencedata.txt	0
metin2_patch_dragon_rock/metin2_map_dawnmistwood/001001/attr.atr	metin2_map_dawnmistwood/001001/attr.atr	0
metin2_patch_dragon_rock/metin2_map_bayblacksand/000003/height.raw	metin2_map_bayblacksand/000003/height.raw	0
metin2_patch_dragon_rock/metin2_map_capedragonhead/004005/tile.raw	metin2_map_capedragonhead/004005/tile.raw	0
metin2_patch_dragon_rock/metin2_map_bayblacksand/000003/minimap.wdp	metin2_map_bayblacksand/000003/minimap.wdp	0
metin2_patch_dragon_rock/metin2_map_dawnmistwood/006003/shadowmap.wdp	metin2_map_dawnmistwood/006003/shadowmap.wdp	0
metin2_patch_dragon_rock/metin2_map_capedragonhead/001002/areaproperty.txt	metin2_map_capedragonhead/001002/areaproperty.txt	0
metin2_patch_dragon_rock/metin2_map_bayblacksand/002005/minimap.wdp	metin2_map_bayblacksand/002005/minimap.wdp	0
metin2_patch_dragon_rock/metin2_map_bayblacksand/000003/shadowmap.wdp	metin2_map_bayblacksand/000003/shadowmap.wdp	0
metin2_patch_dragon_rock/metin2_map_capedragonhead/000005/tile.raw	metin2_map_capedragonhead/000005/tile.raw	0
metin2_patch_dragon_rock/metin2_map_dawnmistwood/000000/shadowmap.wdp	metin2_map_dawnmistwood/000000/shadowmap.wdp	0
metin2_patch_dragon_rock/metin2_map_bayblacksand/000003/shadowmap.raw	metin2_map_bayblacksand/000003/shadowmap.raw	0
metin2_patch_dragon_rock/metin2_map_capedragonhead/002003/height.raw	metin2_map_capedragonhead/002003/height.raw	0
metin2_patch_dragon_rock/metin2_map_dawnmistwood/000000/areaambiencedata.txt	metin2_map_dawnmistwood/000000/areaambiencedata.txt	0
metin2_patch_dragon_rock/metin2_map_dawnmistwood/002002/areaambiencedata.txt	metin2_map_dawnmistwood/002002/areaambiencedata.txt	0
metin2_patch_dragon_rock/metin2_map_capedragonhead/004003/shadowmap.raw	metin2_map_capedragonhead/004003/shadowmap.raw	0
metin2_patch_dragon_rock/ymir work/zone/devils_dragon_island/thing_target javelin_00.gr2	d:/ymir work/zone/devils_dragon_island/thing_target javelin_00.gr2	0
metin2_patch_dragon_rock/metin2_map_bayblacksand/002002/tile.raw	metin2_map_bayblacksand/002002/tile.raw	0
metin2_patch_dragon_rock/metin2_map_bayblacksand/000003/water.wtr	metin2_map_bayblacksand/000003/water.wtr	0
metin2_patch_dragon_rock/ymir work/zone/devils_dragon_island/camp/gaint_builda_03.mdatr	d:/ymir work/zone/devils_dragon_island/camp/gaint_builda_03.mdatr	0
metin2_patch_dragon_rock/metin2_map_bayblacksand/000004/areadata.txt	metin2_map_bayblacksand/000004/areadata.txt	0
metin2_patch_dragon_rock/metin2_map_mt_thunder/001000/areadata.txt	metin2_map_mt_thunder/001000/areadata.txt	0
metin2_patch_dragon_rock/metin2_map_capedragonhead/005004/tile.raw	metin2_map_capedragonhead/005004/tile.raw	0
metin2_patch_dragon_rock/metin2_map_capedragonhead/001002/attr.atr	metin2_map_capedragonhead/001002/attr.atr	0
metin2_patch_dragon_rock/metin2_map_bayblacksand/001001/areaambiencedata.txt	metin2_map_bayblacksand/001001/areaambiencedata.txt	0
metin2_patch_dragon_rock/metin2_map_capedragonhead/005002/areadata.txt	metin2_map_capedragonhead/005002/areadata.txt	0
metin2_patch_dragon_rock/ymir work/zone/devils_dragon_island/camp/gaint_buildb_01.mdatr	d:/ymir work/zone/devils_dragon_island/camp/gaint_buildb_01.mdatr	0
metin2_patch_dragon_rock/metin2_map_bayblacksand/000004/areaproperty.txt	metin2_map_bayblacksand/000004/areaproperty.txt	0
metin2_patch_dragon_rock/ymir work/zone/devils_dragon_island/thing_target javelin_00.wdp	d:/ymir work/zone/devils_dragon_island/thing_target javelin_00.wdp	0
metin2_patch_dragon_rock/metin2_map_capedragonhead/003004/height.raw	metin2_map_capedragonhead/003004/height.raw	0
metin2_patch_dragon_rock/metin2_map_dawnmistwood/003003/areadata.txt	metin2_map_dawnmistwood/003003/areadata.txt	0
metin2_patch_dragon_rock/metin2_map_dawnmistwood/006001/areaambiencedata.txt	metin2_map_dawnmistwood/006001/areaambiencedata.txt	0
metin2_patch_dragon_rock/metin2_map_capedragonhead/002005/areaproperty.txt	metin2_map_capedragonhead/002005/areaproperty.txt	0
metin2_patch_dragon_rock/metin2_map_bayblacksand/000004/attr.atr	metin2_map_bayblacksand/000004/attr.atr	0
metin2_patch_dragon_rock/metin2_map_bayblacksand/001003/areaambiencedata.txt	metin2_map_bayblacksand/001003/areaambiencedata.txt	0
metin2_patch_dragon_rock/ymir work/zone/devils_dragon_island/camp/camp_woodhut_break04.gr2	d:/ymir work/zone/devils_dragon_island/camp/camp_woodhut_break04.gr2	0
metin2_patch_dragon_rock/metin2_map_dawnmistwood/002003/tile.raw	metin2_map_dawnmistwood/002003/tile.raw	0
metin2_patch_dragon_rock/metin2_map_capedragonhead/000002/shadowmap.raw	metin2_map_capedragonhead/000002/shadowmap.raw	0
metin2_patch_dragon_rock/metin2_map_bayblacksand/000004/height.raw	metin2_map_bayblacksand/000004/height.raw	0
metin2_patch_dragon_rock/metin2_map_dawnmistwood/003001/attr.atr	metin2_map_dawnmistwood/003001/attr.atr	0
metin2_patch_dragon_rock/metin2_map_capedragonhead/003000/minimap.wdp	metin2_map_capedragonhead/003000/minimap.wdp	0
metin2_patch_dragon_rock/metin2_map_bayblacksand/002005/areaproperty.txt	metin2_map_bayblacksand/002005/areaproperty.txt	0
metin2_patch_dragon_rock/metin2_map_bayblacksand/000004/minimap.wdp	metin2_map_bayblacksand/000004/minimap.wdp	0
metin2_patch_dragon_rock/metin2_map_mt_thunder/002001/water.wtr	metin2_map_mt_thunder/002001/water.wtr	0
metin2_patch_dragon_rock/ymir work/zone/devils_dragon_island/obj_mtthund_thorn05b.gr2	d:/ymir work/zone/devils_dragon_island/obj_mtthund_thorn05b.gr2	0
metin2_patch_dragon_rock/metin2_map_bayblacksand/000004/shadowmap.raw	metin2_map_bayblacksand/000004/shadowmap.raw	0
metin2_patch_dragon_rock/metin2_map_dawnmistwood/001000/water.wtr	metin2_map_dawnmistwood/001000/water.wtr	0
metin2_patch_dragon_rock/metin2_map_mt_thunder/000001/minimap.wdp	metin2_map_mt_thunder/000001/minimap.wdp	0
metin2_patch_dragon_rock/ymir work/zone/devils_dragon_island/thing_barricade_00.wdp	d:/ymir work/zone/devils_dragon_island/thing_barricade_00.wdp	0
metin2_patch_dragon_rock/metin2_map_bayblacksand/000004/tile.raw	metin2_map_bayblacksand/000004/tile.raw	0
metin2_patch_dragon_rock/metin2_map_dawnmistwood/003002/areaambiencedata.txt	metin2_map_dawnmistwood/003002/areaambiencedata.txt	0
metin2_patch_dragon_rock/metin2_map_mt_thunder/001002/minimap.wdp	metin2_map_mt_thunder/001002/minimap.wdp	0
metin2_patch_dragon_rock/metin2_map_dawnmistwood/001003/shadowmap.raw	metin2_map_dawnmistwood/001003/shadowmap.raw	0
metin2_patch_dragon_rock/metin2_map_bayblacksand/000004/water.wtr	metin2_map_bayblacksand/000004/water.wtr	0
metin2_patch_dragon_rock/metin2_map_bayblacksand/000005/areaproperty.txt	metin2_map_bayblacksand/000005/areaproperty.txt	0
metin2_patch_dragon_rock/metin2_map_dawnmistwood/006002/areaproperty.txt	metin2_map_dawnmistwood/006002/areaproperty.txt	0
metin2_patch_dragon_rock/metin2_map_bayblacksand/000005/attr.atr	metin2_map_bayblacksand/000005/attr.atr	0
metin2_patch_dragon_rock/metin2_map_mt_thunder/002001/areaproperty.txt	metin2_map_mt_thunder/002001/areaproperty.txt	0
metin2_patch_dragon_rock/metin2_map_dawnmistwood/006001/water.wtr	metin2_map_dawnmistwood/006001/water.wtr	0
metin2_patch_dragon_rock/ymir work/zone/devils_dragon_island/dawnmist_statue00.wdp	d:/ymir work/zone/devils_dragon_island/dawnmist_statue00.wdp	0
metin2_patch_dragon_rock/metin2_map_capedragonhead/004005/attr.atr	metin2_map_capedragonhead/004005/attr.atr	0
metin2_patch_dragon_rock/metin2_map_bayblacksand/000005/height.raw	metin2_map_bayblacksand/000005/height.raw	0
metin2_patch_dragon_rock/metin2_map_capedragonhead/004004/shadowmap.wdp	metin2_map_capedragonhead/004004/shadowmap.wdp	0
metin2_patch_dragon_rock/ymir work/zone/devils_dragon_island/thunder_ruins_gate00.gr2	d:/ymir work/zone/devils_dragon_island/thunder_ruins_gate00.gr2	0
metin2_patch_dragon_rock/metin2_map_capedragonhead/005001/height.raw	metin2_map_capedragonhead/005001/height.raw	0
metin2_patch_dragon_rock/metin2_map_capedragonhead/004002/areadata.txt	metin2_map_capedragonhead/004002/areadata.txt	0
metin2_patch_dragon_rock/metin2_map_bayblacksand/000005/minimap.wdp	metin2_map_bayblacksand/000005/minimap.wdp	0
metin2_patch_dragon_rock/metin2_map_bayblacksand/000005/shadowmap.raw	metin2_map_bayblacksand/000005/shadowmap.raw	0
metin2_patch_dragon_rock/metin2_map_bayblacksand/000005/tile.raw	metin2_map_bayblacksand/000005/tile.raw	0
metin2_patch_dragon_rock/metin2_map_bayblacksand/002005/tile.raw	metin2_map_bayblacksand/002005/tile.raw	0
metin2_patch_dragon_rock/metin2_map_bayblacksand/002005/height.raw	metin2_map_bayblacksand/002005/height.raw	0
metin2_patch_dragon_rock/ymir work/zone/devils_dragon_island/camp/gaint_builda_04.mdatr	d:/ymir work/zone/devils_dragon_island/camp/gaint_builda_04.mdatr	0
metin2_patch_dragon_rock/metin2_map_dawnmistwood/004000/minimap.wdp	metin2_map_dawnmistwood/004000/minimap.wdp	0
metin2_patch_dragon_rock/metin2_map_bayblacksand/000005/water.wtr	metin2_map_bayblacksand/000005/water.wtr	0
metin2_patch_dragon_rock/metin2_map_dawnmistwood/001001/water.wtr	metin2_map_dawnmistwood/001001/water.wtr	0
metin2_patch_dragon_rock/metin2_map_dawnmistwood/003001/height.raw	metin2_map_dawnmistwood/003001/height.raw	0
metin2_patch_dragon_rock/metin2_map_bayblacksand/001000/areaambiencedata.txt	metin2_map_bayblacksand/001000/areaambiencedata.txt	0
metin2_patch_dragon_rock/metin2_map_bayblacksand/001001/shadowmap.raw	metin2_map_bayblacksand/001001/shadowmap.raw	0
metin2_patch_dragon_rock/metin2_map_bayblacksand/001000/areaproperty.txt	metin2_map_bayblacksand/001000/areaproperty.txt	0
metin2_patch_dragon_rock/metin2_map_bayblacksand/001000/attr.atr	metin2_map_bayblacksand/001000/attr.atr	0
metin2_patch_dragon_rock/metin2_map_bayblacksand/001000/minimap.wdp	metin2_map_bayblacksand/001000/minimap.wdp	0
metin2_patch_dragon_rock/metin2_map_bayblacksand/001000/shadowmap.wdp	metin2_map_bayblacksand/001000/shadowmap.wdp	0
metin2_patch_dragon_rock/metin2_map_capedragonhead/000005/shadowmap.wdp	metin2_map_capedragonhead/000005/shadowmap.wdp	0
metin2_patch_dragon_rock/metin2_map_bayblacksand/001001/water.wtr	metin2_map_bayblacksand/001001/water.wtr	0
metin2_patch_dragon_rock/metin2_map_dawnmistwood/004003/water.wtr	metin2_map_dawnmistwood/004003/water.wtr	0
metin2_patch_dragon_rock/metin2_map_bayblacksand/001002/tile.raw	metin2_map_bayblacksand/001002/tile.raw	0
metin2_patch_dragon_rock/metin2_map_bayblacksand/001000/shadowmap.raw	metin2_map_bayblacksand/001000/shadowmap.raw	0
metin2_patch_dragon_rock/metin2_map_bayblacksand/001000/tile.raw	metin2_map_bayblacksand/001000/tile.raw	0
metin2_patch_dragon_rock/metin2_map_capedragonhead/000002/water.wtr	metin2_map_capedragonhead/000002/water.wtr	0
metin2_patch_dragon_rock/metin2_map_bayblacksand/001000/water.wtr	metin2_map_bayblacksand/001000/water.wtr	0
metin2_patch_dragon_rock/metin2_map_bayblacksand/001001/areadata.txt	metin2_map_bayblacksand/001001/areadata.txt	0
metin2_patch_dragon_rock/metin2_map_capedragonhead/005000/height.raw	metin2_map_capedragonhead/005000/height.raw	0
metin2_patch_dragon_rock/ymir work/zone/devils_dragon_island/fortms_ship03.wdp	d:/ymir work/zone/devils_dragon_island/fortms_ship03.wdp	0
metin2_patch_dragon_rock/metin2_map_bayblacksand/001001/areaproperty.txt	metin2_map_bayblacksand/001001/areaproperty.txt	0
metin2_patch_dragon_rock/metin2_map_capedragonhead/003000/areaambiencedata.txt	metin2_map_capedragonhead/003000/areaambiencedata.txt	0
metin2_patch_dragon_rock/metin2_map_dawnmistwood/002001/height.raw	metin2_map_dawnmistwood/002001/height.raw	0
metin2_patch_dragon_rock/metin2_map_capedragonhead/000000/tile.raw	metin2_map_capedragonhead/000000/tile.raw	0
metin2_patch_dragon_rock/metin2_map_bayblacksand/001001/attr.atr	metin2_map_bayblacksand/001001/attr.atr	0
metin2_patch_dragon_rock/metin2_map_bayblacksand/001003/minimap.wdp	metin2_map_bayblacksand/001003/minimap.wdp	0
metin2_patch_dragon_rock/ymir work/zone/devils_dragon_island/bone/bone_whale_lump00a.gr2	d:/ymir work/zone/devils_dragon_island/bone/bone_whale_lump00a.gr2	0
metin2_patch_dragon_rock/metin2_map_dawnmistwood/004003/areadata.txt	metin2_map_dawnmistwood/004003/areadata.txt	0
metin2_patch_dragon_rock/metin2_map_bayblacksand/001001/height.raw	metin2_map_bayblacksand/001001/height.raw	0
metin2_patch_dragon_rock/metin2_map_mt_thunder/003002/areaproperty.txt	metin2_map_mt_thunder/003002/areaproperty.txt	0
metin2_patch_dragon_rock/metin2_map_capedragonhead/004003/areadata.txt	metin2_map_capedragonhead/004003/areadata.txt	0
metin2_patch_dragon_rock/metin2_map_bayblacksand/001001/minimap.wdp	metin2_map_bayblacksand/001001/minimap.wdp	0
metin2_patch_dragon_rock/metin2_map_capedragonhead/000002/tile.raw	metin2_map_capedragonhead/000002/tile.raw	0
metin2_patch_dragon_rock/metin2_map_capedragonhead/000001/water.wtr	metin2_map_capedragonhead/000001/water.wtr	0
metin2_patch_dragon_rock/metin2_map_bayblacksand/001001/shadowmap.wdp	metin2_map_bayblacksand/001001/shadowmap.wdp	0
metin2_patch_dragon_rock/ymir work/zone/devils_dragon_island/bone/bone_whale_lump01.gr2	d:/ymir work/zone/devils_dragon_island/bone/bone_whale_lump01.gr2	0
metin2_patch_dragon_rock/metin2_map_bayblacksand/001001/tile.raw	metin2_map_bayblacksand/001001/tile.raw	0
metin2_patch_dragon_rock/metin2_map_capedragonhead/004002/areaproperty.txt	metin2_map_capedragonhead/004002/areaproperty.txt	0
metin2_patch_dragon_rock/metin2_map_bayblacksand/001002/attr.atr	metin2_map_bayblacksand/001002/attr.atr	0
metin2_patch_dragon_rock/metin2_map_bayblacksand/001002/areaambiencedata.txt	metin2_map_bayblacksand/001002/areaambiencedata.txt	0
metin2_patch_dragon_rock/metin2_map_bayblacksand/001002/areadata.txt	metin2_map_bayblacksand/001002/areadata.txt	0
metin2_patch_dragon_rock/metin2_map_mt_thunder/003001/water.wtr	metin2_map_mt_thunder/003001/water.wtr	0
metin2_patch_dragon_rock/metin2_map_bayblacksand/002004/areadata.txt	metin2_map_bayblacksand/002004/areadata.txt	0
metin2_patch_dragon_rock/metin2_map_bayblacksand/001002/areaproperty.txt	metin2_map_bayblacksand/001002/areaproperty.txt	0
metin2_patch_dragon_rock/ymir work/zone/devils_dragon_island/bone/bone_turtle_head00.gr2	d:/ymir work/zone/devils_dragon_island/bone/bone_turtle_head00.gr2	0
metin2_patch_dragon_rock/metin2_map_capedragonhead/004003/tile.raw	metin2_map_capedragonhead/004003/tile.raw	0
metin2_patch_dragon_rock/metin2_map_bayblacksand/001002/height.raw	metin2_map_bayblacksand/001002/height.raw	0
metin2_patch_dragon_rock/metin2_map_dawnmistwood/002000/areaambiencedata.txt	metin2_map_dawnmistwood/002000/areaambiencedata.txt	0
metin2_patch_dragon_rock/metin2_map_capedragonhead/000001/areaproperty.txt	metin2_map_capedragonhead/000001/areaproperty.txt	0
metin2_patch_dragon_rock/metin2_map_capedragonhead/000003/areaambiencedata.txt	metin2_map_capedragonhead/000003/areaambiencedata.txt	0
metin2_patch_dragon_rock/metin2_map_bayblacksand/001002/minimap.wdp	metin2_map_bayblacksand/001002/minimap.wdp	0
metin2_patch_dragon_rock/metin2_map_bayblacksand/001002/shadowmap.wdp	metin2_map_bayblacksand/001002/shadowmap.wdp	0
metin2_patch_dragon_rock/metin2_map_capedragonhead/001000/minimap.wdp	metin2_map_capedragonhead/001000/minimap.wdp	0
metin2_patch_dragon_rock/metin2_map_mt_thunder/002001/areadata.txt	metin2_map_mt_thunder/002001/areadata.txt	0
metin2_patch_dragon_rock/metin2_map_capedragonhead/000002/height.raw	metin2_map_capedragonhead/000002/height.raw	0
metin2_patch_dragon_rock/metin2_map_bayblacksand/001002/shadowmap.raw	metin2_map_bayblacksand/001002/shadowmap.raw	0
metin2_patch_dragon_rock/metin2_map_capedragonhead/004005/areadata.txt	metin2_map_capedragonhead/004005/areadata.txt	0
metin2_patch_dragon_rock/metin2_map_capedragonhead/004000/minimap.wdp	metin2_map_capedragonhead/004000/minimap.wdp	0
metin2_patch_dragon_rock/metin2_map_bayblacksand/001002/water.wtr	metin2_map_bayblacksand/001002/water.wtr	0
metin2_patch_dragon_rock/metin2_map_dawnmistwood/001002/shadowmap.raw	metin2_map_dawnmistwood/001002/shadowmap.raw	0
metin2_patch_dragon_rock/metin2_map_bayblacksand/001003/areadata.txt	metin2_map_bayblacksand/001003/areadata.txt	0
metin2_patch_dragon_rock/ymir work/zone/devils_dragon_island/thing_cagobox_long00.gr2	d:/ymir work/zone/devils_dragon_island/thing_cagobox_long00.gr2	0
metin2_patch_dragon_rock/metin2_map_capedragonhead/000000/areaambiencedata.txt	metin2_map_capedragonhead/000000/areaambiencedata.txt	0
metin2_patch_dragon_rock/metin2_map_bayblacksand/001003/areaproperty.txt	metin2_map_bayblacksand/001003/areaproperty.txt	0
metin2_patch_dragon_rock/metin2_map_bayblacksand/001003/attr.atr	metin2_map_bayblacksand/001003/attr.atr	0
metin2_patch_dragon_rock/ymir work/zone/devils_dragon_island/bone/bone_whale_deco01.gr2	d:/ymir work/zone/devils_dragon_island/bone/bone_whale_deco01.gr2	0
metin2_patch_dragon_rock/metin2_map_capedragonhead/001001/areaproperty.txt	metin2_map_capedragonhead/001001/areaproperty.txt	0
metin2_patch_dragon_rock/metin2_map_capedragonhead/001000/areaproperty.txt	metin2_map_capedragonhead/001000/areaproperty.txt	0
metin2_patch_dragon_rock/metin2_map_bayblacksand/001003/shadowmap.wdp	metin2_map_bayblacksand/001003/shadowmap.wdp	0
metin2_patch_dragon_rock/metin2_map_bayblacksand/001003/shadowmap.raw	metin2_map_bayblacksand/001003/shadowmap.raw	0
metin2_patch_dragon_rock/metin2_map_bayblacksand/001003/water.wtr	metin2_map_bayblacksand/001003/water.wtr	0
metin2_patch_dragon_rock/metin2_map_capedragonhead/003000/shadowmap.wdp	metin2_map_capedragonhead/003000/shadowmap.wdp	0
metin2_patch_dragon_rock/metin2_map_capedragonhead/000000/height.raw	metin2_map_capedragonhead/000000/height.raw	0
metin2_patch_dragon_rock/metin2_map_bayblacksand/001004/areaambiencedata.txt	metin2_map_bayblacksand/001004/areaambiencedata.txt	0
metin2_patch_dragon_rock/metin2_map_dawnmistwood/004000/areadata.txt	metin2_map_dawnmistwood/004000/areadata.txt	0
metin2_patch_dragon_rock/metin2_map_bayblacksand/001004/areadata.txt	metin2_map_bayblacksand/001004/areadata.txt	0
metin2_patch_dragon_rock/metin2_map_bayblacksand/001004/height.raw	metin2_map_bayblacksand/001004/height.raw	0
metin2_patch_dragon_rock/metin2_map_dawnmistwood/004001/height.raw	metin2_map_dawnmistwood/004001/height.raw	0
metin2_patch_dragon_rock/metin2_map_bayblacksand/001004/minimap.wdp	metin2_map_bayblacksand/001004/minimap.wdp	0
metin2_patch_dragon_rock/metin2_map_capedragonhead/002003/areaambiencedata.txt	metin2_map_capedragonhead/002003/areaambiencedata.txt	0
metin2_patch_dragon_rock/ymir work/zone/devils_dragon_island/camp/camp_manticore_00.mdatr	d:/ymir work/zone/devils_dragon_island/camp/camp_manticore_00.mdatr	0
metin2_patch_dragon_rock/metin2_map_capedragonhead/002002/areaproperty.txt	metin2_map_capedragonhead/002002/areaproperty.txt	0
metin2_patch_dragon_rock/metin2_map_mt_thunder/000000/minimap.wdp	metin2_map_mt_thunder/000000/minimap.wdp	0
metin2_patch_dragon_rock/metin2_map_bayblacksand/001004/shadowmap.wdp	metin2_map_bayblacksand/001004/shadowmap.wdp	0
metin2_patch_dragon_rock/metin2_map_dawnmistwood/002001/shadowmap.raw	metin2_map_dawnmistwood/002001/shadowmap.raw	0
metin2_patch_dragon_rock/metin2_map_bayblacksand/001004/shadowmap.raw	metin2_map_bayblacksand/001004/shadowmap.raw	0
metin2_patch_dragon_rock/metin2_map_dawnmistwood/004001/attr.atr	metin2_map_dawnmistwood/004001/attr.atr	0
metin2_patch_dragon_rock/ymir work/zone/devils_dragon_island/camp/camp_manticore_00.gr2	d:/ymir work/zone/devils_dragon_island/camp/camp_manticore_00.gr2	0
metin2_patch_dragon_rock/ymir work/zone/devils_dragon_island/obj_mtthund_thorn05c.gr2	d:/ymir work/zone/devils_dragon_island/obj_mtthund_thorn05c.gr2	0
metin2_patch_dragon_rock/ymir work/terrainmaps/mtthunder/mtthunder_field01.wdp	d:/ymir work/terrainmaps/mtthunder/mtthunder_field01.wdp	0
metin2_patch_dragon_rock/metin2_map_bayblacksand/001004/tile.raw	metin2_map_bayblacksand/001004/tile.raw	0
metin2_patch_dragon_rock/metin2_map_dawnmistwood/004000/height.raw	metin2_map_dawnmistwood/004000/height.raw	0
metin2_patch_dragon_rock/metin2_map_capedragonhead/000005/minimap.wdp	metin2_map_capedragonhead/000005/minimap.wdp	0
metin2_patch_dragon_rock/metin2_map_capedragonhead/005001/areaambiencedata.txt	metin2_map_capedragonhead/005001/areaambiencedata.txt	0
metin2_patch_dragon_rock/metin2_map_bayblacksand/001004/water.wtr	metin2_map_bayblacksand/001004/water.wtr	0
metin2_patch_dragon_rock/metin2_map_capedragonhead/001000/water.wtr	metin2_map_capedragonhead/001000/water.wtr	0
metin2_patch_dragon_rock/metin2_map_dawnmistwood/002003/areadata.txt	metin2_map_dawnmistwood/002003/areadata.txt	0
metin2_patch_dragon_rock/metin2_map_dawnmistwood/004002/areaambiencedata.txt	metin2_map_dawnmistwood/004002/areaambiencedata.txt	0
metin2_patch_dragon_rock/metin2_map_bayblacksand/001005/areaambiencedata.txt	metin2_map_bayblacksand/001005/areaambiencedata.txt	0
metin2_patch_dragon_rock/metin2_map_dawnmistwood/002001/attr.atr	metin2_map_dawnmistwood/002001/attr.atr	0
metin2_patch_dragon_rock/metin2_map_bayblacksand/001005/areadata.txt	metin2_map_bayblacksand/001005/areadata.txt	0
metin2_patch_dragon_rock/metin2_map_dawnmistwood/001000/tile.raw	metin2_map_dawnmistwood/001000/tile.raw	0
metin2_patch_dragon_rock/metin2_map_dawnmistwood/006003/areaproperty.txt	metin2_map_dawnmistwood/006003/areaproperty.txt	0
metin2_patch_dragon_rock/ymir work/zone/devils_dragon_island/ships_brokenbody00.gr2	d:/ymir work/zone/devils_dragon_island/ships_brokenbody00.gr2	0
metin2_patch_dragon_rock/metin2_map_capedragonhead/003001/shadowmap.wdp	metin2_map_capedragonhead/003001/shadowmap.wdp	0
metin2_patch_dragon_rock/metin2_map_capedragonhead/003000/height.raw	metin2_map_capedragonhead/003000/height.raw	0
metin2_patch_dragon_rock/metin2_map_capedragonhead/005004/shadowmap.wdp	metin2_map_capedragonhead/005004/shadowmap.wdp	0
metin2_patch_dragon_rock/metin2_map_capedragonhead/003000/water.wtr	metin2_map_capedragonhead/003000/water.wtr	0
metin2_patch_dragon_rock/metin2_map_capedragonhead/005003/areaambiencedata.txt	metin2_map_capedragonhead/005003/areaambiencedata.txt	0
metin2_patch_dragon_rock/metin2_map_bayblacksand/001005/areaproperty.txt	metin2_map_bayblacksand/001005/areaproperty.txt	0
metin2_patch_dragon_rock/metin2_map_capedragonhead/001005/shadowmap.raw	metin2_map_capedragonhead/001005/shadowmap.raw	0
metin2_patch_dragon_rock/metin2_map_bayblacksand/002003/tile.raw	metin2_map_bayblacksand/002003/tile.raw	0
metin2_patch_dragon_rock/metin2_map_dawnmistwood/005002/areaambiencedata.txt	metin2_map_dawnmistwood/005002/areaambiencedata.txt	0
metin2_patch_dragon_rock/metin2_map_capedragonhead/004003/attr.atr	metin2_map_capedragonhead/004003/attr.atr	0
metin2_patch_dragon_rock/metin2_map_capedragonhead/002005/tile.raw	metin2_map_capedragonhead/002005/tile.raw	0
metin2_patch_dragon_rock/metin2_map_bayblacksand/001005/attr.atr	metin2_map_bayblacksand/001005/attr.atr	0
metin2_patch_dragon_rock/metin2_map_capedragonhead/003004/areadata.txt	metin2_map_capedragonhead/003004/areadata.txt	0
metin2_patch_dragon_rock/ymir work/zone/devils_dragon_island/triton_tent_re02.gr2	d:/ymir work/zone/devils_dragon_island/triton_tent_re02.gr2	0
metin2_patch_dragon_rock/metin2_map_bayblacksand/001005/height.raw	metin2_map_bayblacksand/001005/height.raw	0
metin2_patch_dragon_rock/metin2_map_capedragonhead/005002/minimap.wdp	metin2_map_capedragonhead/005002/minimap.wdp	0
metin2_patch_dragon_rock/metin2_map_bayblacksand/001005/minimap.wdp	metin2_map_bayblacksand/001005/minimap.wdp	0
metin2_patch_dragon_rock/metin2_map_bayblacksand/001005/shadowmap.wdp	metin2_map_bayblacksand/001005/shadowmap.wdp	0
metin2_patch_dragon_rock/metin2_map_dawnmistwood/004002/shadowmap.raw	metin2_map_dawnmistwood/004002/shadowmap.raw	0
metin2_patch_dragon_rock/metin2_map_bayblacksand/001005/shadowmap.raw	metin2_map_bayblacksand/001005/shadowmap.raw	0
metin2_patch_dragon_rock/metin2_map_dawnmistwood/000003/shadowmap.raw	metin2_map_dawnmistwood/000003/shadowmap.raw	0
metin2_patch_dragon_rock/metin2_map_capedragonhead/005000/areaambiencedata.txt	metin2_map_capedragonhead/005000/areaambiencedata.txt	0
metin2_patch_dragon_rock/metin2_map_bayblacksand/002003/minimap.wdp	metin2_map_bayblacksand/002003/minimap.wdp	0
metin2_patch_dragon_rock/metin2_map_dawnmistwood/003001/water.wtr	metin2_map_dawnmistwood/003001/water.wtr	0
metin2_patch_dragon_rock/metin2_map_capedragonhead/005003/attr.atr	metin2_map_capedragonhead/005003/attr.atr	0
metin2_patch_dragon_rock/metin2_map_mt_thunder/001003/areadata.txt	metin2_map_mt_thunder/001003/areadata.txt	0
metin2_patch_dragon_rock/ymir work/zone/devils_dragon_island/camp/camp_woodhut_break03.gr2	d:/ymir work/zone/devils_dragon_island/camp/camp_woodhut_break03.gr2	0
metin2_patch_dragon_rock/metin2_map_bayblacksand/001005/tile.raw	metin2_map_bayblacksand/001005/tile.raw	0
metin2_patch_dragon_rock/metin2_map_mt_thunder/002005/height.raw	metin2_map_mt_thunder/002005/height.raw	0
metin2_patch_dragon_rock/metin2_map_bayblacksand/001005/water.wtr	metin2_map_bayblacksand/001005/water.wtr	0
metin2_patch_dragon_rock/metin2_map_capedragonhead/001004/water.wtr	metin2_map_capedragonhead/001004/water.wtr	0
metin2_patch_dragon_rock/metin2_map_bayblacksand/002000/areadata.txt	metin2_map_bayblacksand/002000/areadata.txt	0
metin2_patch_dragon_rock/metin2_map_bayblacksand/002004/areaproperty.txt	metin2_map_bayblacksand/002004/areaproperty.txt	0
metin2_patch_dragon_rock/metin2_map_bayblacksand/002000/areaproperty.txt	metin2_map_bayblacksand/002000/areaproperty.txt	0
metin2_patch_dragon_rock/metin2_map_capedragonhead/004002/shadowmap.wdp	metin2_map_capedragonhead/004002/shadowmap.wdp	0
metin2_patch_dragon_rock/metin2_map_mt_thunder/003003/areadata.txt	metin2_map_mt_thunder/003003/areadata.txt	0
metin2_patch_dragon_rock/metin2_map_capedragonhead/001004/areadata.txt	metin2_map_capedragonhead/001004/areadata.txt	0
metin2_patch_dragon_rock/metin2_map_bayblacksand/002000/height.raw	metin2_map_bayblacksand/002000/height.raw	0
metin2_patch_dragon_rock/ymir work/ui/metin2_map_dawnmistwood.wdp	d:/ymir work/ui/metin2_map_dawnmistwood.wdp	0
metin2_patch_dragon_rock/metin2_map_bayblacksand/002000/minimap.wdp	metin2_map_bayblacksand/002000/minimap.wdp	0
metin2_patch_dragon_rock/metin2_map_bayblacksand/002000/shadowmap.wdp	metin2_map_bayblacksand/002000/shadowmap.wdp	0
metin2_patch_dragon_rock/ymir work/zone/devils_dragon_island/camp/camp_redthief_build_09.mdatr	d:/ymir work/zone/devils_dragon_island/camp/camp_redthief_build_09.mdatr	0
metin2_patch_dragon_rock/metin2_map_bayblacksand/002000/shadowmap.raw	metin2_map_bayblacksand/002000/shadowmap.raw	0
metin2_patch_dragon_rock/metin2_map_dawnmistwood/001003/areaambiencedata.txt	metin2_map_dawnmistwood/001003/areaambiencedata.txt	0
metin2_patch_dragon_rock/metin2_map_mt_thunder/000000/water.wtr	metin2_map_mt_thunder/000000/water.wtr	0
metin2_patch_dragon_rock/metin2_map_mt_thunder/000005/attr.atr	metin2_map_mt_thunder/000005/attr.atr	0
metin2_patch_dragon_rock/ymir work/zone/devils_dragon_island/stone_steps00.mdatr	d:/ymir work/zone/devils_dragon_island/stone_steps00.mdatr	0
metin2_patch_dragon_rock/metin2_map_bayblacksand/002000/water.wtr	metin2_map_bayblacksand/002000/water.wtr	0
metin2_patch_dragon_rock/metin2_map_dawnmistwood/mapproperty.txt	metin2_map_dawnmistwood/mapproperty.txt	0
metin2_patch_dragon_rock/metin2_map_capedragonhead/003004/shadowmap.wdp	metin2_map_capedragonhead/003004/shadowmap.wdp	0
metin2_patch_dragon_rock/metin2_map_bayblacksand/002001/areaambiencedata.txt	metin2_map_bayblacksand/002001/areaambiencedata.txt	0
metin2_patch_dragon_rock/metin2_map_mt_thunder/003000/minimap.wdp	metin2_map_mt_thunder/003000/minimap.wdp	0
metin2_patch_dragon_rock/metin2_map_capedragonhead/001000/areadata.txt	metin2_map_capedragonhead/001000/areadata.txt	0
metin2_patch_dragon_rock/metin2_map_bayblacksand/002001/areadata.txt	metin2_map_bayblacksand/002001/areadata.txt	0
metin2_patch_dragon_rock/metin2_map_capedragonhead/003003/attr.atr	metin2_map_capedragonhead/003003/attr.atr	0
metin2_patch_dragon_rock/ymir work/zone/devils_dragon_island/camp/gaint_buildb_03.mdatr	d:/ymir work/zone/devils_dragon_island/camp/gaint_buildb_03.mdatr	0
metin2_patch_dragon_rock/metin2_map_mt_thunder/000003/attr.atr	metin2_map_mt_thunder/000003/attr.atr	0
metin2_patch_dragon_rock/metin2_map_bayblacksand/002001/areaproperty.txt	metin2_map_bayblacksand/002001/areaproperty.txt	0
metin2_patch_dragon_rock/metin2_map_dawnmistwood/005000/minimap.wdp	metin2_map_dawnmistwood/005000/minimap.wdp	0
metin2_patch_dragon_rock/metin2_map_capedragonhead/000004/areaproperty.txt	metin2_map_capedragonhead/000004/areaproperty.txt	0
metin2_patch_dragon_rock/metin2_map_dawnmistwood/005001/areaproperty.txt	metin2_map_dawnmistwood/005001/areaproperty.txt	0
metin2_patch_dragon_rock/ymir work/zone/devils_dragon_island/thing_barricade_bar00.gr2	d:/ymir work/zone/devils_dragon_island/thing_barricade_bar00.gr2	0
metin2_patch_dragon_rock/ymir work/zone/devils_dragon_island/ships_broken2.wdp	d:/ymir work/zone/devils_dragon_island/ships_broken2.wdp	0
metin2_patch_dragon_rock/metin2_map_mt_thunder/003000/attr.atr	metin2_map_mt_thunder/003000/attr.atr	0
metin2_patch_dragon_rock/metin2_map_dawnmistwood/001000/areadata.txt	metin2_map_dawnmistwood/001000/areadata.txt	0
metin2_patch_dragon_rock/metin2_map_dawnmistwood/002002/tile.raw	metin2_map_dawnmistwood/002002/tile.raw	0
metin2_patch_dragon_rock/metin2_map_bayblacksand/002001/attr.atr	metin2_map_bayblacksand/002001/attr.atr	0
metin2_patch_dragon_rock/metin2_map_bayblacksand/002001/height.raw	metin2_map_bayblacksand/002001/height.raw	0
metin2_patch_dragon_rock/metin2_map_capedragonhead/003001/areaambiencedata.txt	metin2_map_capedragonhead/003001/areaambiencedata.txt	0
metin2_patch_dragon_rock/metin2_map_bayblacksand/002001/minimap.wdp	metin2_map_bayblacksand/002001/minimap.wdp	0
metin2_patch_dragon_rock/metin2_map_capedragonhead/000001/shadowmap.wdp	metin2_map_capedragonhead/000001/shadowmap.wdp	0
metin2_patch_dragon_rock/ymir work/zone/devils_dragon_island/thing_hake_00.gr2	d:/ymir work/zone/devils_dragon_island/thing_hake_00.gr2	0
metin2_patch_dragon_rock/metin2_map_bayblacksand/002002/height.raw	metin2_map_bayblacksand/002002/height.raw	0
metin2_patch_dragon_rock/metin2_map_bayblacksand/002001/shadowmap.wdp	metin2_map_bayblacksand/002001/shadowmap.wdp	0
metin2_patch_dragon_rock/metin2_map_bayblacksand/002001/tile.raw	metin2_map_bayblacksand/002001/tile.raw	0
metin2_patch_dragon_rock/metin2_map_capedragonhead/002001/areadata.txt	metin2_map_capedragonhead/002001/areadata.txt	0
metin2_patch_dragon_rock/metin2_map_capedragonhead/003001/height.raw	metin2_map_capedragonhead/003001/height.raw	0
metin2_patch_dragon_rock/metin2_map_mt_thunder/003002/attr.atr	metin2_map_mt_thunder/003002/attr.atr	0
metin2_patch_dragon_rock/metin2_map_bayblacksand/002002/areaambiencedata.txt	metin2_map_bayblacksand/002002/areaambiencedata.txt	0
metin2_patch_dragon_rock/metin2_map_dawnmistwood/000002/tile.raw	metin2_map_dawnmistwood/000002/tile.raw	0
metin2_patch_dragon_rock/metin2_map_capedragonhead/000004/water.wtr	metin2_map_capedragonhead/000004/water.wtr	0
metin2_patch_dragon_rock/metin2_map_dawnmistwood/005002/areaproperty.txt	metin2_map_dawnmistwood/005002/areaproperty.txt	0
metin2_patch_dragon_rock/metin2_map_capedragonhead/001001/shadowmap.raw	metin2_map_capedragonhead/001001/shadowmap.raw	0
metin2_patch_dragon_rock/metin2_map_bayblacksand/002002/areadata.txt	metin2_map_bayblacksand/002002/areadata.txt	0
metin2_patch_dragon_rock/metin2_map_bayblacksand/002002/attr.atr	metin2_map_bayblacksand/002002/attr.atr	0
metin2_patch_dragon_rock/metin2_map_mt_thunder/000001/water.wtr	metin2_map_mt_thunder/000001/water.wtr	0
metin2_patch_dragon_rock/metin2_map_bayblacksand/002002/minimap.wdp	metin2_map_bayblacksand/002002/minimap.wdp	0
metin2_patch_dragon_rock/ymir work/zone/devils_dragon_island/camp/camp_redthief_build_02.mdatr	d:/ymir work/zone/devils_dragon_island/camp/camp_redthief_build_02.mdatr	0
metin2_patch_dragon_rock/metin2_map_bayblacksand/002002/shadowmap.wdp	metin2_map_bayblacksand/002002/shadowmap.wdp	0
metin2_patch_dragon_rock/metin2_map_bayblacksand/002002/shadowmap.raw	metin2_map_bayblacksand/002002/shadowmap.raw	0
metin2_patch_dragon_rock/metin2_map_mt_thunder/002003/minimap.wdp	metin2_map_mt_thunder/002003/minimap.wdp	0
metin2_patch_dragon_rock/metin2_map_bayblacksand/002002/water.wtr	metin2_map_bayblacksand/002002/water.wtr	0
metin2_patch_dragon_rock/ymir work/zone/devils_dragon_island/obj_mtthund_thorn03_a.gr2	d:/ymir work/zone/devils_dragon_island/obj_mtthund_thorn03_a.gr2	0
metin2_patch_dragon_rock/metin2_map_bayblacksand/002003/areaproperty.txt	metin2_map_bayblacksand/002003/areaproperty.txt	0
metin2_patch_dragon_rock/metin2_map_bayblacksand/002003/attr.atr	metin2_map_bayblacksand/002003/attr.atr	0
metin2_patch_dragon_rock/metin2_map_capedragonhead/004003/shadowmap.wdp	metin2_map_capedragonhead/004003/shadowmap.wdp	0
metin2_patch_dragon_rock/metin2_map_bayblacksand/002003/height.raw	metin2_map_bayblacksand/002003/height.raw	0
metin2_patch_dragon_rock/metin2_map_bayblacksand/002003/shadowmap.wdp	metin2_map_bayblacksand/002003/shadowmap.wdp	0
metin2_patch_dragon_rock/ymir work/zone/devils_dragon_island/fotrms_gate.mdatr	d:/ymir work/zone/devils_dragon_island/fotrms_gate.mdatr	0
metin2_patch_dragon_rock/ymir work/zone/devils_dragon_island/thing_jar_hole.gr2	d:/ymir work/zone/devils_dragon_island/thing_jar_hole.gr2	0
metin2_patch_dragon_rock/metin2_map_mt_thunder/001001/attr.atr	metin2_map_mt_thunder/001001/attr.atr	0
metin2_patch_dragon_rock/ymir work/zone/devils_dragon_island/camp/gaint_buildb_03.gr2	d:/ymir work/zone/devils_dragon_island/camp/gaint_buildb_03.gr2	0
metin2_patch_dragon_rock/metin2_map_capedragonhead/004005/areaproperty.txt	metin2_map_capedragonhead/004005/areaproperty.txt	0
metin2_patch_dragon_rock/ymir work/zone/devils_dragon_island/thing_jar_cap00.gr2	d:/ymir work/zone/devils_dragon_island/thing_jar_cap00.gr2	0
metin2_patch_dragon_rock/metin2_map_bayblacksand/002003/shadowmap.raw	metin2_map_bayblacksand/002003/shadowmap.raw	0
metin2_patch_dragon_rock/metin2_map_bayblacksand/002003/water.wtr	metin2_map_bayblacksand/002003/water.wtr	0
metin2_patch_dragon_rock/metin2_map_bayblacksand/002004/areaambiencedata.txt	metin2_map_bayblacksand/002004/areaambiencedata.txt	0
metin2_patch_dragon_rock/metin2_map_capedragonhead/003005/areaambiencedata.txt	metin2_map_capedragonhead/003005/areaambiencedata.txt	0
metin2_patch_dragon_rock/metin2_map_bayblacksand/002004/attr.atr	metin2_map_bayblacksand/002004/attr.atr	0
metin2_patch_dragon_rock/ymir work/zone/devils_dragon_island/camp_redthief_build_roof.wdp	d:/ymir work/zone/devils_dragon_island/camp_redthief_build_roof.wdp	0
metin2_patch_dragon_rock/metin2_map_capedragonhead/003005/shadowmap.raw	metin2_map_capedragonhead/003005/shadowmap.raw	0
metin2_patch_dragon_rock/ymir work/zone/devils_dragon_island/cart_shop.gr2	d:/ymir work/zone/devils_dragon_island/cart_shop.gr2	0
metin2_patch_dragon_rock/metin2_map_bayblacksand/002004/height.raw	metin2_map_bayblacksand/002004/height.raw	0
metin2_patch_dragon_rock/metin2_map_capedragonhead/005005/minimap.wdp	metin2_map_capedragonhead/005005/minimap.wdp	0
metin2_patch_dragon_rock/metin2_map_dawnmistwood/003000/shadowmap.wdp	metin2_map_dawnmistwood/003000/shadowmap.wdp	0
metin2_patch_dragon_rock/metin2_map_bayblacksand/002004/shadowmap.wdp	metin2_map_bayblacksand/002004/shadowmap.wdp	0
metin2_patch_dragon_rock/metin2_map_capedragonhead/002003/shadowmap.wdp	metin2_map_capedragonhead/002003/shadowmap.wdp	0
metin2_patch_dragon_rock/metin2_map_bayblacksand/002004/shadowmap.raw	metin2_map_bayblacksand/002004/shadowmap.raw	0
metin2_patch_dragon_rock/metin2_map_capedragonhead/003005/height.raw	metin2_map_capedragonhead/003005/height.raw	0
metin2_patch_dragon_rock/ymir work/zone/devils_dragon_island/camp/camp_manticore_02.mdatr	d:/ymir work/zone/devils_dragon_island/camp/camp_manticore_02.mdatr	0
metin2_patch_dragon_rock/ymir work/zone/devils_dragon_island/gaint_ gate_01.wdp	d:/ymir work/zone/devils_dragon_island/gaint_ gate_01.wdp	0
metin2_patch_dragon_rock/metin2_map_bayblacksand/002004/tile.raw	metin2_map_bayblacksand/002004/tile.raw	0
metin2_patch_dragon_rock/metin2_map_bayblacksand/002004/water.wtr	metin2_map_bayblacksand/002004/water.wtr	0
metin2_patch_dragon_rock/metin2_map_bayblacksand/002005/areaambiencedata.txt	metin2_map_bayblacksand/002005/areaambiencedata.txt	0
metin2_patch_dragon_rock/metin2_map_capedragonhead/001002/water.wtr	metin2_map_capedragonhead/001002/water.wtr	0
metin2_patch_dragon_rock/metin2_map_bayblacksand/002005/areadata.txt	metin2_map_bayblacksand/002005/areadata.txt	0
metin2_patch_dragon_rock/metin2_map_capedragonhead/000005/attr.atr	metin2_map_capedragonhead/000005/attr.atr	0
metin2_patch_dragon_rock/metin2_map_capedragonhead/000003/shadowmap.wdp	metin2_map_capedragonhead/000003/shadowmap.wdp	0
metin2_patch_dragon_rock/metin2_map_capedragonhead/000000/areaproperty.txt	metin2_map_capedragonhead/000000/areaproperty.txt	0
metin2_patch_dragon_rock/metin2_map_mt_thunder/002002/height.raw	metin2_map_mt_thunder/002002/height.raw	0
metin2_patch_dragon_rock/metin2_map_bayblacksand/002005/attr.atr	metin2_map_bayblacksand/002005/attr.atr	0
metin2_patch_dragon_rock/metin2_map_capedragonhead/003002/areaproperty.txt	metin2_map_capedragonhead/003002/areaproperty.txt	0
metin2_patch_dragon_rock/metin2_map_bayblacksand/002005/shadowmap.wdp	metin2_map_bayblacksand/002005/shadowmap.wdp	0
metin2_patch_dragon_rock/metin2_map_dawnmistwood/005003/areaproperty.txt	metin2_map_dawnmistwood/005003/areaproperty.txt	0
metin2_patch_dragon_rock/ymir work/zone/devils_dragon_island/camp/camp_redthief_build_02.gr2	d:/ymir work/zone/devils_dragon_island/camp/camp_redthief_build_02.gr2	0
metin2_patch_dragon_rock/metin2_map_capedragonhead/003003/water.wtr	metin2_map_capedragonhead/003003/water.wtr	0
metin2_patch_dragon_rock/metin2_map_bayblacksand/002005/shadowmap.raw	metin2_map_bayblacksand/002005/shadowmap.raw	0
metin2_patch_dragon_rock/metin2_map_capedragonhead/003001/water.wtr	metin2_map_capedragonhead/003001/water.wtr	0
metin2_patch_dragon_rock/metin2_map_capedragonhead/000002/areaproperty.txt	metin2_map_capedragonhead/000002/areaproperty.txt	0
metin2_patch_dragon_rock/metin2_map_bayblacksand/002005/water.wtr	metin2_map_bayblacksand/002005/water.wtr	0
metin2_patch_dragon_rock/metin2_map_dawnmistwood/004003/shadowmap.wdp	metin2_map_dawnmistwood/004003/shadowmap.wdp	0
metin2_patch_dragon_rock/metin2_map_capedragonhead/002004/areaproperty.txt	metin2_map_capedragonhead/002004/areaproperty.txt	0
metin2_patch_dragon_rock/metin2_map_capedragonhead/mapproperty.txt	metin2_map_capedragonhead/mapproperty.txt	0
metin2_patch_dragon_rock/metin2_map_capedragonhead/setting.txt	metin2_map_capedragonhead/setting.txt	0
metin2_patch_dragon_rock/metin2_map_capedragonhead/002005/shadowmap.raw	metin2_map_capedragonhead/002005/shadowmap.raw	0
metin2_patch_dragon_rock/metin2_map_capedragonhead/003003/areaproperty.txt	metin2_map_capedragonhead/003003/areaproperty.txt	0
metin2_patch_dragon_rock/metin2_map_dawnmistwood/003001/shadowmap.wdp	metin2_map_dawnmistwood/003001/shadowmap.wdp	0
metin2_patch_dragon_rock/metin2_map_capedragonhead/000000/areadata.txt	metin2_map_capedragonhead/000000/areadata.txt	0
metin2_patch_dragon_rock/metin2_map_mt_thunder/000002/minimap.wdp	metin2_map_mt_thunder/000002/minimap.wdp	0
metin2_patch_dragon_rock/metin2_map_capedragonhead/000000/attr.atr	metin2_map_capedragonhead/000000/attr.atr	0
metin2_patch_dragon_rock/metin2_map_capedragonhead/004004/shadowmap.raw	metin2_map_capedragonhead/004004/shadowmap.raw	0
metin2_patch_dragon_rock/metin2_map_capedragonhead/003000/areaproperty.txt	metin2_map_capedragonhead/003000/areaproperty.txt	0
metin2_patch_dragon_rock/metin2_map_dawnmistwood/000003/tile.raw	metin2_map_dawnmistwood/000003/tile.raw	0
metin2_patch_dragon_rock/metin2_map_capedragonhead/000000/shadowmap.wdp	metin2_map_capedragonhead/000000/shadowmap.wdp	0
metin2_patch_dragon_rock/metin2_map_capedragonhead/002005/areaambiencedata.txt	metin2_map_capedragonhead/002005/areaambiencedata.txt	0
metin2_patch_dragon_rock/metin2_map_capedragonhead/000000/shadowmap.raw	metin2_map_capedragonhead/000000/shadowmap.raw	0
metin2_patch_dragon_rock/metin2_map_capedragonhead/000000/water.wtr	metin2_map_capedragonhead/000000/water.wtr	0
metin2_patch_dragon_rock/metin2_map_capedragonhead/000001/areaambiencedata.txt	metin2_map_capedragonhead/000001/areaambiencedata.txt	0
metin2_patch_dragon_rock/metin2_map_capedragonhead/002002/shadowmap.raw	metin2_map_capedragonhead/002002/shadowmap.raw	0
metin2_patch_dragon_rock/metin2_map_capedragonhead/003003/tile.raw	metin2_map_capedragonhead/003003/tile.raw	0
metin2_patch_dragon_rock/metin2_map_dawnmistwood/002002/minimap.wdp	metin2_map_dawnmistwood/002002/minimap.wdp	0
metin2_patch_dragon_rock/ymir work/zone/devils_dragon_island/thing_hake_03.gr2	d:/ymir work/zone/devils_dragon_island/thing_hake_03.gr2	0
metin2_patch_dragon_rock/metin2_map_capedragonhead/000005/height.raw	metin2_map_capedragonhead/000005/height.raw	0
metin2_patch_dragon_rock/metin2_map_capedragonhead/000001/areadata.txt	metin2_map_capedragonhead/000001/areadata.txt	0
metin2_patch_dragon_rock/metin2_map_capedragonhead/002000/attr.atr	metin2_map_capedragonhead/002000/attr.atr	0
metin2_patch_dragon_rock/metin2_map_mt_thunder/000000/shadowmap.raw	metin2_map_mt_thunder/000000/shadowmap.raw	0
metin2_patch_dragon_rock/metin2_map_capedragonhead/000001/attr.atr	metin2_map_capedragonhead/000001/attr.atr	0
metin2_patch_dragon_rock/metin2_map_capedragonhead/000001/height.raw	metin2_map_capedragonhead/000001/height.raw	0
metin2_patch_dragon_rock/metin2_map_capedragonhead/002001/shadowmap.wdp	metin2_map_capedragonhead/002001/shadowmap.wdp	0
metin2_patch_dragon_rock/metin2_map_capedragonhead/000001/minimap.wdp	metin2_map_capedragonhead/000001/minimap.wdp	0
metin2_patch_dragon_rock/metin2_map_capedragonhead/003004/areaambiencedata.txt	metin2_map_capedragonhead/003004/areaambiencedata.txt	0
metin2_patch_dragon_rock/metin2_map_mt_thunder/000002/areaambiencedata.txt	metin2_map_mt_thunder/000002/areaambiencedata.txt	0
metin2_patch_dragon_rock/ymir work/zone/devils_dragon_island/camp/gaint_builda_07.mdatr	d:/ymir work/zone/devils_dragon_island/camp/gaint_builda_07.mdatr	0
metin2_patch_dragon_rock/ymir work/zone/devils_dragon_island/fortms_build_normal_02.gr2	d:/ymir work/zone/devils_dragon_island/fortms_build_normal_02.gr2	0
metin2_patch_dragon_rock/metin2_map_capedragonhead/000003/areaproperty.txt	metin2_map_capedragonhead/000003/areaproperty.txt	0
metin2_patch_dragon_rock/metin2_map_dawnmistwood/003003/tile.raw	metin2_map_dawnmistwood/003003/tile.raw	0
metin2_patch_dragon_rock/metin2_map_capedragonhead/001002/height.raw	metin2_map_capedragonhead/001002/height.raw	0
metin2_patch_dragon_rock/metin2_map_capedragonhead/000001/shadowmap.raw	metin2_map_capedragonhead/000001/shadowmap.raw	0
metin2_patch_dragon_rock/metin2_map_capedragonhead/000001/tile.raw	metin2_map_capedragonhead/000001/tile.raw	0
metin2_patch_dragon_rock/metin2_map_capedragonhead/000002/areaambiencedata.txt	metin2_map_capedragonhead/000002/areaambiencedata.txt	0
metin2_patch_dragon_rock/metin2_map_capedragonhead/004002/water.wtr	metin2_map_capedragonhead/004002/water.wtr	0
metin2_patch_dragon_rock/metin2_map_capedragonhead/000004/minimap.wdp	metin2_map_capedragonhead/000004/minimap.wdp	0
metin2_patch_dragon_rock/metin2_map_capedragonhead/000002/areadata.txt	metin2_map_capedragonhead/000002/areadata.txt	0
metin2_patch_dragon_rock/metin2_map_capedragonhead/004005/minimap.wdp	metin2_map_capedragonhead/004005/minimap.wdp	0
metin2_patch_dragon_rock/metin2_map_capedragonhead/000002/attr.atr	metin2_map_capedragonhead/000002/attr.atr	0
metin2_patch_dragon_rock/metin2_map_capedragonhead/001005/shadowmap.wdp	metin2_map_capedragonhead/001005/shadowmap.wdp	0
metin2_patch_dragon_rock/metin2_map_capedragonhead/000002/minimap.wdp	metin2_map_capedragonhead/000002/minimap.wdp	0
metin2_patch_dragon_rock/metin2_map_capedragonhead/000003/areadata.txt	metin2_map_capedragonhead/000003/areadata.txt	0
metin2_patch_dragon_rock/ymir work/ui/metin2_map_bayblacksand_atlas.wdp	d:/ymir work/ui/metin2_map_bayblacksand_atlas.wdp	0
metin2_patch_dragon_rock/metin2_map_capedragonhead/000003/minimap.wdp	metin2_map_capedragonhead/000003/minimap.wdp	0
metin2_patch_dragon_rock/metin2_map_capedragonhead/000003/shadowmap.raw	metin2_map_capedragonhead/000003/shadowmap.raw	0
metin2_patch_dragon_rock/ymir work/zone/devils_dragon_island/camp/camp_redthief_deco_01.gr2	d:/ymir work/zone/devils_dragon_island/camp/camp_redthief_deco_01.gr2	0
metin2_patch_dragon_rock/metin2_map_dawnmistwood/000001/shadowmap.raw	metin2_map_dawnmistwood/000001/shadowmap.raw	0
metin2_patch_dragon_rock/metin2_map_dawnmistwood/003000/tile.raw	metin2_map_dawnmistwood/003000/tile.raw	0
metin2_patch_dragon_rock/metin2_map_capedragonhead/000003/tile.raw	metin2_map_capedragonhead/000003/tile.raw	0
metin2_patch_dragon_rock/metin2_map_capedragonhead/001002/areadata.txt	metin2_map_capedragonhead/001002/areadata.txt	0
metin2_patch_dragon_rock/metin2_map_capedragonhead/000003/water.wtr	metin2_map_capedragonhead/000003/water.wtr	0
metin2_patch_dragon_rock/metin2_map_capedragonhead/000004/areadata.txt	metin2_map_capedragonhead/000004/areadata.txt	0
metin2_patch_dragon_rock/metin2_map_capedragonhead/000004/attr.atr	metin2_map_capedragonhead/000004/attr.atr	0
metin2_patch_dragon_rock/metin2_map_capedragonhead/000004/height.raw	metin2_map_capedragonhead/000004/height.raw	0
metin2_patch_dragon_rock/metin2_map_capedragonhead/000004/tile.raw	metin2_map_capedragonhead/000004/tile.raw	0
metin2_patch_dragon_rock/metin2_map_capedragonhead/000005/areaambiencedata.txt	metin2_map_capedragonhead/000005/areaambiencedata.txt	0
metin2_patch_dragon_rock/ymir work/zone/devils_dragon_island/camp/camp_redthief_fence_02.gr2	d:/ymir work/zone/devils_dragon_island/camp/camp_redthief_fence_02.gr2	0
metin2_patch_dragon_rock/metin2_map_capedragonhead/000005/areadata.txt	metin2_map_capedragonhead/000005/areadata.txt	0
metin2_patch_dragon_rock/metin2_map_capedragonhead/000005/areaproperty.txt	metin2_map_capedragonhead/000005/areaproperty.txt	0
metin2_patch_dragon_rock/ymir work/zone/devils_dragon_island/dawnmist_floor01.gr2	d:/ymir work/zone/devils_dragon_island/dawnmist_floor01.gr2	0
metin2_patch_dragon_rock/metin2_map_capedragonhead/002004/shadowmap.wdp	metin2_map_capedragonhead/002004/shadowmap.wdp	0
metin2_patch_dragon_rock/metin2_map_capedragonhead/004004/areaproperty.txt	metin2_map_capedragonhead/004004/areaproperty.txt	0
metin2_patch_dragon_rock/metin2_map_capedragonhead/000005/water.wtr	metin2_map_capedragonhead/000005/water.wtr	0
metin2_patch_dragon_rock/metin2_map_capedragonhead/005000/attr.atr	metin2_map_capedragonhead/005000/attr.atr	0
metin2_patch_dragon_rock/metin2_map_mt_thunder/001004/attr.atr	metin2_map_mt_thunder/001004/attr.atr	0
metin2_patch_dragon_rock/metin2_map_mt_thunder/001005/attr.atr	metin2_map_mt_thunder/001005/attr.atr	0
metin2_patch_dragon_rock/metin2_map_capedragonhead/004001/areaproperty.txt	metin2_map_capedragonhead/004001/areaproperty.txt	0
metin2_patch_dragon_rock/metin2_map_capedragonhead/001000/areaambiencedata.txt	metin2_map_capedragonhead/001000/areaambiencedata.txt	0
metin2_patch_dragon_rock/metin2_map_capedragonhead/004004/areadata.txt	metin2_map_capedragonhead/004004/areadata.txt	0
metin2_patch_dragon_rock/metin2_map_capedragonhead/001000/attr.atr	metin2_map_capedragonhead/001000/attr.atr	0
metin2_patch_dragon_rock/metin2_map_capedragonhead/001000/shadowmap.wdp	metin2_map_capedragonhead/001000/shadowmap.wdp	0
metin2_patch_dragon_rock/metin2_map_capedragonhead/001000/shadowmap.raw	metin2_map_capedragonhead/001000/shadowmap.raw	0
metin2_patch_dragon_rock/ymir work/zone/devils_dragon_island/fort_ship03_02.wdp	d:/ymir work/zone/devils_dragon_island/fort_ship03_02.wdp	0
metin2_patch_dragon_rock/metin2_map_capedragonhead/001001/areaambiencedata.txt	metin2_map_capedragonhead/001001/areaambiencedata.txt	0
metin2_patch_dragon_rock/metin2_map_capedragonhead/003002/shadowmap.raw	metin2_map_capedragonhead/003002/shadowmap.raw	0
metin2_patch_dragon_rock/metin2_map_capedragonhead/001001/areadata.txt	metin2_map_capedragonhead/001001/areadata.txt	0
metin2_patch_dragon_rock/metin2_map_dawnmistwood/000002/areaproperty.txt	metin2_map_dawnmistwood/000002/areaproperty.txt	0
metin2_patch_dragon_rock/metin2_map_mt_thunder/003002/areaambiencedata.txt	metin2_map_mt_thunder/003002/areaambiencedata.txt	0
metin2_patch_dragon_rock/metin2_map_capedragonhead/001001/height.raw	metin2_map_capedragonhead/001001/height.raw	0
metin2_patch_dragon_rock/metin2_map_dawnmistwood/004003/minimap.wdp	metin2_map_dawnmistwood/004003/minimap.wdp	0
metin2_patch_dragon_rock/metin2_map_capedragonhead/004002/shadowmap.raw	metin2_map_capedragonhead/004002/shadowmap.raw	0
metin2_patch_dragon_rock/metin2_map_capedragonhead/001001/shadowmap.wdp	metin2_map_capedragonhead/001001/shadowmap.wdp	0
metin2_patch_dragon_rock/metin2_map_capedragonhead/003004/areaproperty.txt	metin2_map_capedragonhead/003004/areaproperty.txt	0
metin2_patch_dragon_rock/metin2_map_capedragonhead/001001/tile.raw	metin2_map_capedragonhead/001001/tile.raw	0
metin2_patch_dragon_rock/metin2_map_dawnmistwood/000000/height.raw	metin2_map_dawnmistwood/000000/height.raw	0
metin2_patch_dragon_rock/metin2_map_capedragonhead/003005/minimap.wdp	metin2_map_capedragonhead/003005/minimap.wdp	0
metin2_patch_dragon_rock/metin2_map_dawnmistwood/002003/attr.atr	metin2_map_dawnmistwood/002003/attr.atr	0
metin2_patch_dragon_rock/ymir work/zone/devils_dragon_island/dawnmist_floor.wdp	d:/ymir work/zone/devils_dragon_island/dawnmist_floor.wdp	0
metin2_patch_dragon_rock/metin2_map_capedragonhead/001001/water.wtr	metin2_map_capedragonhead/001001/water.wtr	0
metin2_patch_dragon_rock/metin2_map_capedragonhead/001002/shadowmap.wdp	metin2_map_capedragonhead/001002/shadowmap.wdp	0
metin2_patch_dragon_rock/metin2_map_capedragonhead/001002/areaambiencedata.txt	metin2_map_capedragonhead/001002/areaambiencedata.txt	0
metin2_patch_dragon_rock/metin2_map_capedragonhead/001002/minimap.wdp	metin2_map_capedragonhead/001002/minimap.wdp	0
metin2_patch_dragon_rock/metin2_map_dawnmistwood/003003/attr.atr	metin2_map_dawnmistwood/003003/attr.atr	0
metin2_patch_dragon_rock/metin2_map_capedragonhead/002002/height.raw	metin2_map_capedragonhead/002002/height.raw	0
metin2_patch_dragon_rock/metin2_map_capedragonhead/001002/shadowmap.raw	metin2_map_capedragonhead/001002/shadowmap.raw	0
metin2_patch_dragon_rock/metin2_map_mt_thunder/001001/areaproperty.txt	metin2_map_mt_thunder/001001/areaproperty.txt	0
metin2_patch_dragon_rock/metin2_map_capedragonhead/001002/tile.raw	metin2_map_capedragonhead/001002/tile.raw	0
metin2_patch_dragon_rock/metin2_map_capedragonhead/001003/areaambiencedata.txt	metin2_map_capedragonhead/001003/areaambiencedata.txt	0
metin2_patch_dragon_rock/metin2_map_dawnmistwood/006003/attr.atr	metin2_map_dawnmistwood/006003/attr.atr	0
metin2_patch_dragon_rock/metin2_map_capedragonhead/001003/areadata.txt	metin2_map_capedragonhead/001003/areadata.txt	0
metin2_patch_dragon_rock/ymir work/effect/background/pattern1_glow1.mde	d:/ymir work/effect/background/pattern1_glow1.mde	0
metin2_patch_dragon_rock/metin2_map_capedragonhead/001003/attr.atr	metin2_map_capedragonhead/001003/attr.atr	0
metin2_patch_dragon_rock/metin2_map_capedragonhead/001003/height.raw	metin2_map_capedragonhead/001003/height.raw	0
metin2_patch_dragon_rock/metin2_map_capedragonhead/001003/minimap.wdp	metin2_map_capedragonhead/001003/minimap.wdp	0
metin2_patch_dragon_rock/metin2_map_mt_thunder/002002/attr.atr	metin2_map_mt_thunder/002002/attr.atr	0
metin2_patch_dragon_rock/metin2_map_mt_thunder/000005/minimap.wdp	metin2_map_mt_thunder/000005/minimap.wdp	0
metin2_patch_dragon_rock/metin2_map_capedragonhead/002004/attr.atr	metin2_map_capedragonhead/002004/attr.atr	0
metin2_patch_dragon_rock/metin2_map_capedragonhead/001003/shadowmap.wdp	metin2_map_capedragonhead/001003/shadowmap.wdp	0
metin2_patch_dragon_rock/metin2_map_dawnmistwood/003003/shadowmap.raw	metin2_map_dawnmistwood/003003/shadowmap.raw	0
metin2_patch_dragon_rock/metin2_map_capedragonhead/002002/attr.atr	metin2_map_capedragonhead/002002/attr.atr	0
metin2_patch_dragon_rock/metin2_map_capedragonhead/001003/tile.raw	metin2_map_capedragonhead/001003/tile.raw	0
metin2_patch_dragon_rock/metin2_map_dawnmistwood/002000/shadowmap.wdp	metin2_map_dawnmistwood/002000/shadowmap.wdp	0
metin2_patch_dragon_rock/metin2_map_mt_thunder/000004/areaambiencedata.txt	metin2_map_mt_thunder/000004/areaambiencedata.txt	0
metin2_patch_dragon_rock/metin2_map_capedragonhead/001004/areaambiencedata.txt	metin2_map_capedragonhead/001004/areaambiencedata.txt	0
metin2_patch_dragon_rock/metin2_map_capedragonhead/001004/areaproperty.txt	metin2_map_capedragonhead/001004/areaproperty.txt	0
metin2_patch_dragon_rock/metin2_map_capedragonhead/001004/height.raw	metin2_map_capedragonhead/001004/height.raw	0
metin2_patch_dragon_rock/metin2_map_dawnmistwood/003001/areaproperty.txt	metin2_map_dawnmistwood/003001/areaproperty.txt	0
metin2_patch_dragon_rock/metin2_map_capedragonhead/003005/tile.raw	metin2_map_capedragonhead/003005/tile.raw	0
metin2_patch_dragon_rock/ymir work/terrainmaps/bayblacksand/bayblacksand_field.wdp	d:/ymir work/terrainmaps/bayblacksand/bayblacksand_field.wdp	0
metin2_patch_dragon_rock/metin2_map_capedragonhead/001004/minimap.wdp	metin2_map_capedragonhead/001004/minimap.wdp	0
metin2_patch_dragon_rock/metin2_map_dawnmistwood/005002/water.wtr	metin2_map_dawnmistwood/005002/water.wtr	0
metin2_patch_dragon_rock/metin2_map_capedragonhead/001004/tile.raw	metin2_map_capedragonhead/001004/tile.raw	0
metin2_patch_dragon_rock/metin2_map_dawnmistwood/003000/areaproperty.txt	metin2_map_dawnmistwood/003000/areaproperty.txt	0
metin2_patch_dragon_rock/metin2_map_dawnmistwood/003000/minimap.wdp	metin2_map_dawnmistwood/003000/minimap.wdp	0
metin2_patch_dragon_rock/metin2_map_capedragonhead/001005/areadata.txt	metin2_map_capedragonhead/001005/areadata.txt	0
metin2_patch_dragon_rock/metin2_map_capedragonhead/001005/areaproperty.txt	metin2_map_capedragonhead/001005/areaproperty.txt	0
metin2_patch_dragon_rock/metin2_map_dawnmistwood/005001/height.raw	metin2_map_dawnmistwood/005001/height.raw	0
metin2_patch_dragon_rock/metin2_map_mt_thunder/000002/tile.raw	metin2_map_mt_thunder/000002/tile.raw	0
metin2_patch_dragon_rock/metin2_map_mt_thunder/001003/attr.atr	metin2_map_mt_thunder/001003/attr.atr	0
metin2_patch_dragon_rock/metin2_map_capedragonhead/001005/minimap.wdp	metin2_map_capedragonhead/001005/minimap.wdp	0
metin2_patch_dragon_rock/metin2_map_capedragonhead/001005/water.wtr	metin2_map_capedragonhead/001005/water.wtr	0
metin2_patch_dragon_rock/metin2_map_dawnmistwood/004000/areaambiencedata.txt	metin2_map_dawnmistwood/004000/areaambiencedata.txt	0
metin2_patch_dragon_rock/metin2_map_capedragonhead/002000/areadata.txt	metin2_map_capedragonhead/002000/areadata.txt	0
metin2_patch_dragon_rock/metin2_map_dawnmistwood/001003/minimap.wdp	metin2_map_dawnmistwood/001003/minimap.wdp	0
metin2_patch_dragon_rock/metin2_map_dawnmistwood/001001/areaproperty.txt	metin2_map_dawnmistwood/001001/areaproperty.txt	0
metin2_patch_dragon_rock/metin2_map_capedragonhead/004001/areaambiencedata.txt	metin2_map_capedragonhead/004001/areaambiencedata.txt	0
metin2_patch_dragon_rock/metin2_map_capedragonhead/002000/areaproperty.txt	metin2_map_capedragonhead/002000/areaproperty.txt	0
metin2_patch_dragon_rock/metin2_map_mt_thunder/002000/tile.raw	metin2_map_mt_thunder/002000/tile.raw	0
metin2_patch_dragon_rock/ymir work/zone/devils_dragon_island/triton_tent_obj.wdp	d:/ymir work/zone/devils_dragon_island/triton_tent_obj.wdp	0
metin2_patch_dragon_rock/metin2_map_mt_thunder/002002/shadowmap.wdp	metin2_map_mt_thunder/002002/shadowmap.wdp	0
metin2_patch_dragon_rock/metin2_map_capedragonhead/002005/areadata.txt	metin2_map_capedragonhead/002005/areadata.txt	0
metin2_patch_dragon_rock/metin2_map_capedragonhead/002000/height.raw	metin2_map_capedragonhead/002000/height.raw	0
metin2_patch_dragon_rock/metin2_map_capedragonhead/002000/shadowmap.wdp	metin2_map_capedragonhead/002000/shadowmap.wdp	0
metin2_patch_dragon_rock/metin2_map_dawnmistwood/004002/attr.atr	metin2_map_dawnmistwood/004002/attr.atr	0
metin2_patch_dragon_rock/metin2_map_mt_thunder/003001/areaproperty.txt	metin2_map_mt_thunder/003001/areaproperty.txt	0
metin2_patch_dragon_rock/metin2_map_capedragonhead/005005/areaambiencedata.txt	metin2_map_capedragonhead/005005/areaambiencedata.txt	0
metin2_patch_dragon_rock/metin2_map_capedragonhead/002000/minimap.wdp	metin2_map_capedragonhead/002000/minimap.wdp	0
metin2_patch_dragon_rock/metin2_map_capedragonhead/004005/shadowmap.raw	metin2_map_capedragonhead/004005/shadowmap.raw	0
metin2_patch_dragon_rock/metin2_map_capedragonhead/005000/tile.raw	metin2_map_capedragonhead/005000/tile.raw	0
metin2_patch_dragon_rock/metin2_map_capedragonhead/002000/shadowmap.raw	metin2_map_capedragonhead/002000/shadowmap.raw	0
metin2_patch_dragon_rock/metin2_map_dawnmistwood/002000/attr.atr	metin2_map_dawnmistwood/002000/attr.atr	0
metin2_patch_dragon_rock/ymir work/zone/devils_dragon_island/dawnmist_step01.mdatr	d:/ymir work/zone/devils_dragon_island/dawnmist_step01.mdatr	0
metin2_patch_dragon_rock/metin2_map_capedragonhead/003003/areaambiencedata.txt	metin2_map_capedragonhead/003003/areaambiencedata.txt	0
metin2_patch_dragon_rock/metin2_map_capedragonhead/002000/tile.raw	metin2_map_capedragonhead/002000/tile.raw	0
metin2_patch_dragon_rock/metin2_map_capedragonhead/002000/water.wtr	metin2_map_capedragonhead/002000/water.wtr	0
metin2_patch_dragon_rock/metin2_map_capedragonhead/003000/tile.raw	metin2_map_capedragonhead/003000/tile.raw	0
metin2_patch_dragon_rock/metin2_map_capedragonhead/002001/areaambiencedata.txt	metin2_map_capedragonhead/002001/areaambiencedata.txt	0
metin2_patch_dragon_rock/metin2_map_capedragonhead/002001/areaproperty.txt	metin2_map_capedragonhead/002001/areaproperty.txt	0
metin2_patch_dragon_rock/metin2_map_dawnmistwood/001002/water.wtr	metin2_map_dawnmistwood/001002/water.wtr	0
metin2_patch_dragon_rock/textureset/metin2_capedragonhead.txt	textureset/metin2_capedragonhead.txt	0
metin2_patch_dragon_rock/metin2_map_mt_thunder/001003/areaambiencedata.txt	metin2_map_mt_thunder/001003/areaambiencedata.txt	0
metin2_patch_dragon_rock/metin2_map_capedragonhead/002001/attr.atr	metin2_map_capedragonhead/002001/attr.atr	0
metin2_patch_dragon_rock/metin2_map_capedragonhead/002001/height.raw	metin2_map_capedragonhead/002001/height.raw	0
metin2_patch_dragon_rock/ymir work/zone/devils_dragon_island/camp/camp_redthief_gate_00.mdatr	d:/ymir work/zone/devils_dragon_island/camp/camp_redthief_gate_00.mdatr	0
metin2_patch_dragon_rock/metin2_map_capedragonhead/002001/minimap.wdp	metin2_map_capedragonhead/002001/minimap.wdp	0
metin2_patch_dragon_rock/metin2_map_capedragonhead/002001/water.wtr	metin2_map_capedragonhead/002001/water.wtr	0
metin2_patch_dragon_rock/ymir work/zone/devils_dragon_island/camp_manticore.wdp	d:/ymir work/zone/devils_dragon_island/camp_manticore.wdp	0
metin2_patch_dragon_rock/metin2_map_capedragonhead/002001/shadowmap.raw	metin2_map_capedragonhead/002001/shadowmap.raw	0
metin2_patch_dragon_rock/metin2_map_capedragonhead/002001/tile.raw	metin2_map_capedragonhead/002001/tile.raw	0
metin2_patch_dragon_rock/metin2_map_mt_thunder/000005/areaambiencedata.txt	metin2_map_mt_thunder/000005/areaambiencedata.txt	0
metin2_patch_dragon_rock/metin2_map_mt_thunder/002003/areaambiencedata.txt	metin2_map_mt_thunder/002003/areaambiencedata.txt	0
metin2_patch_dragon_rock/metin2_map_dawnmistwood/005001/tile.raw	metin2_map_dawnmistwood/005001/tile.raw	0
metin2_patch_dragon_rock/metin2_map_dawnmistwood/005002/tile.raw	metin2_map_dawnmistwood/005002/tile.raw	0
metin2_patch_dragon_rock/metin2_map_capedragonhead/002002/areadata.txt	metin2_map_capedragonhead/002002/areadata.txt	0
metin2_patch_dragon_rock/ymir work/zone/devils_dragon_island/fortms_build_house00.gr2	d:/ymir work/zone/devils_dragon_island/fortms_build_house00.gr2	0
metin2_patch_dragon_rock/metin2_map_capedragonhead/002002/tile.raw	metin2_map_capedragonhead/002002/tile.raw	0
metin2_patch_dragon_rock/metin2_map_capedragonhead/003003/shadowmap.wdp	metin2_map_capedragonhead/003003/shadowmap.wdp	0
metin2_patch_dragon_rock/metin2_map_dawnmistwood/004001/areadata.txt	metin2_map_dawnmistwood/004001/areadata.txt	0
metin2_patch_dragon_rock/metin2_map_capedragonhead/002003/areadata.txt	metin2_map_capedragonhead/002003/areadata.txt	0
metin2_patch_dragon_rock/metin2_map_capedragonhead/002003/areaproperty.txt	metin2_map_capedragonhead/002003/areaproperty.txt	0
metin2_patch_dragon_rock/metin2_map_dawnmistwood/004003/tile.raw	metin2_map_dawnmistwood/004003/tile.raw	0
metin2_patch_dragon_rock/metin2_map_capedragonhead/002003/attr.atr	metin2_map_capedragonhead/002003/attr.atr	0
metin2_patch_dragon_rock/metin2_map_capedragonhead/003004/tile.raw	metin2_map_capedragonhead/003004/tile.raw	0
metin2_patch_dragon_rock/metin2_map_mt_thunder/000005/height.raw	metin2_map_mt_thunder/000005/height.raw	0
metin2_patch_dragon_rock/ymir work/zone/devils_dragon_island/ships_broken_piece00.gr2	d:/ymir work/zone/devils_dragon_island/ships_broken_piece00.gr2	0
metin2_patch_dragon_rock/metin2_map_capedragonhead/002003/minimap.wdp	metin2_map_capedragonhead/002003/minimap.wdp	0
metin2_patch_dragon_rock/metin2_map_mt_thunder/000004/areaproperty.txt	metin2_map_mt_thunder/000004/areaproperty.txt	0
metin2_patch_dragon_rock/metin2_map_dawnmistwood/002000/tile.raw	metin2_map_dawnmistwood/002000/tile.raw	0
metin2_patch_dragon_rock/metin2_map_capedragonhead/002003/shadowmap.raw	metin2_map_capedragonhead/002003/shadowmap.raw	0
metin2_patch_dragon_rock/metin2_map_capedragonhead/002003/tile.raw	metin2_map_capedragonhead/002003/tile.raw	0
metin2_patch_dragon_rock/metin2_map_capedragonhead/002003/water.wtr	metin2_map_capedragonhead/002003/water.wtr	0
metin2_patch_dragon_rock/metin2_map_mt_thunder/000000/areaproperty.txt	metin2_map_mt_thunder/000000/areaproperty.txt	0
metin2_patch_dragon_rock/metin2_map_capedragonhead/002004/areaambiencedata.txt	metin2_map_capedragonhead/002004/areaambiencedata.txt	0
metin2_patch_dragon_rock/metin2_map_capedragonhead/002004/areadata.txt	metin2_map_capedragonhead/002004/areadata.txt	0
metin2_patch_dragon_rock/metin2_map_capedragonhead/005001/shadowmap.raw	metin2_map_capedragonhead/005001/shadowmap.raw	0
metin2_patch_dragon_rock/metin2_map_capedragonhead/005004/minimap.wdp	metin2_map_capedragonhead/005004/minimap.wdp	0
metin2_patch_dragon_rock/metin2_map_capedragonhead/002004/height.raw	metin2_map_capedragonhead/002004/height.raw	0
metin2_patch_dragon_rock/metin2_map_mt_thunder/002001/attr.atr	metin2_map_mt_thunder/002001/attr.atr	0
metin2_patch_dragon_rock/ymir work/terrainmaps/mtthunder/mtthunder_grass01.wdp	d:/ymir work/terrainmaps/mtthunder/mtthunder_grass01.wdp	0
metin2_patch_dragon_rock/metin2_map_mt_thunder/000003/water.wtr	metin2_map_mt_thunder/000003/water.wtr	0
metin2_patch_dragon_rock/metin2_map_capedragonhead/002004/shadowmap.raw	metin2_map_capedragonhead/002004/shadowmap.raw	0
metin2_patch_dragon_rock/metin2_map_capedragonhead/002004/tile.raw	metin2_map_capedragonhead/002004/tile.raw	0
metin2_patch_dragon_rock/metin2_map_capedragonhead/002004/water.wtr	metin2_map_capedragonhead/002004/water.wtr	0
metin2_patch_dragon_rock/metin2_map_capedragonhead/002005/attr.atr	metin2_map_capedragonhead/002005/attr.atr	0
metin2_patch_dragon_rock/metin2_map_dawnmistwood/003002/areadata.txt	metin2_map_dawnmistwood/003002/areadata.txt	0
metin2_patch_dragon_rock/metin2_map_capedragonhead/004000/water.wtr	metin2_map_capedragonhead/004000/water.wtr	0
metin2_patch_dragon_rock/metin2_map_capedragonhead/002005/minimap.wdp	metin2_map_capedragonhead/002005/minimap.wdp	0
metin2_patch_dragon_rock/metin2_map_dawnmistwood/005003/water.wtr	metin2_map_dawnmistwood/005003/water.wtr	0
metin2_patch_dragon_rock/metin2_map_capedragonhead/002005/shadowmap.wdp	metin2_map_capedragonhead/002005/shadowmap.wdp	0
metin2_patch_dragon_rock/ymir work/zone/devils_dragon_island/camp/gaint_builda_03.gr2	d:/ymir work/zone/devils_dragon_island/camp/gaint_builda_03.gr2	0
metin2_patch_dragon_rock/metin2_map_capedragonhead/003000/areadata.txt	metin2_map_capedragonhead/003000/areadata.txt	0
metin2_patch_dragon_rock/metin2_map_capedragonhead/003000/attr.atr	metin2_map_capedragonhead/003000/attr.atr	0
metin2_patch_dragon_rock/metin2_map_capedragonhead/003001/areadata.txt	metin2_map_capedragonhead/003001/areadata.txt	0
metin2_patch_dragon_rock/metin2_map_capedragonhead/003001/attr.atr	metin2_map_capedragonhead/003001/attr.atr	0
metin2_patch_dragon_rock/metin2_map_mt_thunder/001000/areaproperty.txt	metin2_map_mt_thunder/001000/areaproperty.txt	0
metin2_patch_dragon_rock/metin2_map_capedragonhead/003001/shadowmap.raw	metin2_map_capedragonhead/003001/shadowmap.raw	0
metin2_patch_dragon_rock/metin2_map_mt_thunder/002002/minimap.wdp	metin2_map_mt_thunder/002002/minimap.wdp	0
metin2_patch_dragon_rock/metin2_map_capedragonhead/003001/tile.raw	metin2_map_capedragonhead/003001/tile.raw	0
metin2_patch_dragon_rock/metin2_map_capedragonhead/003002/areaambiencedata.txt	metin2_map_capedragonhead/003002/areaambiencedata.txt	0
metin2_patch_dragon_rock/metin2_map_capedragonhead/003002/areadata.txt	metin2_map_capedragonhead/003002/areadata.txt	0
metin2_patch_dragon_rock/metin2_map_mt_thunder/001002/height.raw	metin2_map_mt_thunder/001002/height.raw	0
metin2_patch_dragon_rock/metin2_map_capedragonhead/003002/attr.atr	metin2_map_capedragonhead/003002/attr.atr	0
metin2_patch_dragon_rock/metin2_map_dawnmistwood/004002/tile.raw	metin2_map_dawnmistwood/004002/tile.raw	0
metin2_patch_dragon_rock/metin2_map_capedragonhead/003002/minimap.wdp	metin2_map_capedragonhead/003002/minimap.wdp	0
metin2_patch_dragon_rock/metin2_map_capedragonhead/005002/attr.atr	metin2_map_capedragonhead/005002/attr.atr	0
metin2_patch_dragon_rock/metin2_map_mt_thunder/002002/areaambiencedata.txt	metin2_map_mt_thunder/002002/areaambiencedata.txt	0
metin2_patch_dragon_rock/metin2_map_capedragonhead/003002/shadowmap.wdp	metin2_map_capedragonhead/003002/shadowmap.wdp	0
metin2_patch_dragon_rock/metin2_map_capedragonhead/003002/tile.raw	metin2_map_capedragonhead/003002/tile.raw	0
metin2_patch_dragon_rock/metin2_map_dawnmistwood/006003/minimap.wdp	metin2_map_dawnmistwood/006003/minimap.wdp	0
metin2_patch_dragon_rock/metin2_map_mt_thunder/002005/shadowmap.wdp	metin2_map_mt_thunder/002005/shadowmap.wdp	0
metin2_patch_dragon_rock/metin2_map_capedragonhead/003002/water.wtr	metin2_map_capedragonhead/003002/water.wtr	0
metin2_patch_dragon_rock/metin2_map_dawnmistwood/005003/attr.atr	metin2_map_dawnmistwood/005003/attr.atr	0
metin2_patch_dragon_rock/metin2_map_mt_thunder/000004/tile.raw	metin2_map_mt_thunder/000004/tile.raw	0
metin2_patch_dragon_rock/ymir work/ui/atlas/metin2_map_bayblacksand/atlas.sub	d:/ymir work/ui/atlas/metin2_map_bayblacksand/atlas.sub	0
metin2_patch_dragon_rock/ymir work/zone/devils_dragon_island/camp/camp_redthief_fence_01.gr2	d:/ymir work/zone/devils_dragon_island/camp/camp_redthief_fence_01.gr2	0
metin2_patch_dragon_rock/ymir work/zone/devils_dragon_island/stone_steps00.wdp	d:/ymir work/zone/devils_dragon_island/stone_steps00.wdp	0
metin2_patch_dragon_rock/metin2_map_capedragonhead/003003/areadata.txt	metin2_map_capedragonhead/003003/areadata.txt	0
metin2_patch_dragon_rock/metin2_map_capedragonhead/003003/height.raw	metin2_map_capedragonhead/003003/height.raw	0
metin2_patch_dragon_rock/metin2_map_mt_thunder/000003/shadowmap.wdp	metin2_map_mt_thunder/000003/shadowmap.wdp	0
metin2_patch_dragon_rock/metin2_map_mt_thunder/001004/areadata.txt	metin2_map_mt_thunder/001004/areadata.txt	0
metin2_patch_dragon_rock/metin2_map_mt_thunder/000000/areadata.txt	metin2_map_mt_thunder/000000/areadata.txt	0
metin2_patch_dragon_rock/metin2_map_capedragonhead/003003/minimap.wdp	metin2_map_capedragonhead/003003/minimap.wdp	0
metin2_patch_dragon_rock/ymir work/zone/devils_dragon_island/donkey_bag00.gr2	d:/ymir work/zone/devils_dragon_island/donkey_bag00.gr2	0
metin2_patch_dragon_rock/metin2_map_capedragonhead/003003/shadowmap.raw	metin2_map_capedragonhead/003003/shadowmap.raw	0
metin2_patch_dragon_rock/metin2_map_capedragonhead/003004/attr.atr	metin2_map_capedragonhead/003004/attr.atr	0
metin2_patch_dragon_rock/metin2_map_dawnmistwood/000002/minimap.wdp	metin2_map_dawnmistwood/000002/minimap.wdp	0
metin2_patch_dragon_rock/metin2_map_capedragonhead/003004/minimap.wdp	metin2_map_capedragonhead/003004/minimap.wdp	0
metin2_patch_dragon_rock/metin2_map_capedragonhead/003004/shadowmap.raw	metin2_map_capedragonhead/003004/shadowmap.raw	0
metin2_patch_dragon_rock/metin2_map_capedragonhead/003004/water.wtr	metin2_map_capedragonhead/003004/water.wtr	0
metin2_patch_dragon_rock/metin2_map_capedragonhead/003005/areadata.txt	metin2_map_capedragonhead/003005/areadata.txt	0
metin2_patch_dragon_rock/metin2_map_dawnmistwood/005000/areadata.txt	metin2_map_dawnmistwood/005000/areadata.txt	0
metin2_patch_dragon_rock/metin2_map_capedragonhead/004001/shadowmap.raw	metin2_map_capedragonhead/004001/shadowmap.raw	0
metin2_patch_dragon_rock/ymir work/zone/devils_dragon_island/dawnmist_gate_s.mdatr	d:/ymir work/zone/devils_dragon_island/dawnmist_gate_s.mdatr	0
metin2_patch_dragon_rock/metin2_map_capedragonhead/003005/areaproperty.txt	metin2_map_capedragonhead/003005/areaproperty.txt	0
metin2_patch_dragon_rock/metin2_map_mt_thunder/000003/areaproperty.txt	metin2_map_mt_thunder/000003/areaproperty.txt	0
metin2_patch_dragon_rock/metin2_map_capedragonhead/003005/shadowmap.wdp	metin2_map_capedragonhead/003005/shadowmap.wdp	0
metin2_patch_dragon_rock/metin2_map_capedragonhead/003005/water.wtr	metin2_map_capedragonhead/003005/water.wtr	0
metin2_patch_dragon_rock/ymir work/zone/devils_dragon_island/fortms_pier_pillar01.gr2	d:/ymir work/zone/devils_dragon_island/fortms_pier_pillar01.gr2	0
metin2_patch_dragon_rock/metin2_map_capedragonhead/004000/areaambiencedata.txt	metin2_map_capedragonhead/004000/areaambiencedata.txt	0
metin2_patch_dragon_rock/metin2_map_capedragonhead/004000/areadata.txt	metin2_map_capedragonhead/004000/areadata.txt	0
metin2_patch_dragon_rock/ymir work/zone/devils_dragon_island/fortms_build_smithy.wdp	d:/ymir work/zone/devils_dragon_island/fortms_build_smithy.wdp	0
metin2_patch_dragon_rock/metin2_map_capedragonhead/004000/tile.raw	metin2_map_capedragonhead/004000/tile.raw	0
metin2_patch_dragon_rock/metin2_map_capedragonhead/004000/areaproperty.txt	metin2_map_capedragonhead/004000/areaproperty.txt	0
metin2_patch_dragon_rock/metin2_map_dawnmistwood/005001/areadata.txt	metin2_map_dawnmistwood/005001/areadata.txt	0
metin2_patch_dragon_rock/metin2_map_mt_thunder/001004/water.wtr	metin2_map_mt_thunder/001004/water.wtr	0
metin2_patch_dragon_rock/metin2_map_capedragonhead/004000/attr.atr	metin2_map_capedragonhead/004000/attr.atr	0
metin2_patch_dragon_rock/metin2_map_mt_thunder/002002/shadowmap.raw	metin2_map_mt_thunder/002002/shadowmap.raw	0
metin2_patch_dragon_rock/metin2_map_mt_thunder/002003/areadata.txt	metin2_map_mt_thunder/002003/areadata.txt	0
metin2_patch_dragon_rock/metin2_map_capedragonhead/004000/height.raw	metin2_map_capedragonhead/004000/height.raw	0
metin2_patch_dragon_rock/metin2_map_mt_thunder/000003/minimap.wdp	metin2_map_mt_thunder/000003/minimap.wdp	0
metin2_patch_dragon_rock/metin2_map_capedragonhead/004000/shadowmap.raw	metin2_map_capedragonhead/004000/shadowmap.raw	0
metin2_patch_dragon_rock/ymir work/zone/devils_dragon_island/stone_totem.wdp	d:/ymir work/zone/devils_dragon_island/stone_totem.wdp	0
metin2_patch_dragon_rock/metin2_map_capedragonhead/004001/areadata.txt	metin2_map_capedragonhead/004001/areadata.txt	0
metin2_patch_dragon_rock/metin2_map_capedragonhead/004001/attr.atr	metin2_map_capedragonhead/004001/attr.atr	0
metin2_patch_dragon_rock/metin2_map_dawnmistwood/004002/areaproperty.txt	metin2_map_dawnmistwood/004002/areaproperty.txt	0
metin2_patch_dragon_rock/ymir work/terrainmaps/capedragonhead/capedragon_field001.wdp	d:/ymir work/terrainmaps/capedragonhead/capedragon_field001.wdp	0
metin2_patch_dragon_rock/metin2_map_capedragonhead/004001/height.raw	metin2_map_capedragonhead/004001/height.raw	0
metin2_patch_dragon_rock/metin2_map_capedragonhead/005003/areaproperty.txt	metin2_map_capedragonhead/005003/areaproperty.txt	0
metin2_patch_dragon_rock/metin2_map_capedragonhead/004001/minimap.wdp	metin2_map_capedragonhead/004001/minimap.wdp	0
metin2_patch_dragon_rock/metin2_map_dawnmistwood/006000/tile.raw	metin2_map_dawnmistwood/006000/tile.raw	0
metin2_patch_dragon_rock/metin2_map_capedragonhead/004001/shadowmap.wdp	metin2_map_capedragonhead/004001/shadowmap.wdp	0
metin2_patch_dragon_rock/metin2_map_dawnmistwood/003002/water.wtr	metin2_map_dawnmistwood/003002/water.wtr	0
metin2_patch_dragon_rock/ymir work/zone/devils_dragon_island/fortms_build_office03.wdp	d:/ymir work/zone/devils_dragon_island/fortms_build_office03.wdp	0
metin2_patch_dragon_rock/metin2_map_dawnmistwood/001001/shadowmap.wdp	metin2_map_dawnmistwood/001001/shadowmap.wdp	0
metin2_patch_dragon_rock/metin2_map_capedragonhead/004001/tile.raw	metin2_map_capedragonhead/004001/tile.raw	0
metin2_patch_dragon_rock/metin2_map_mt_thunder/002003/attr.atr	metin2_map_mt_thunder/002003/attr.atr	0
metin2_patch_dragon_rock/metin2_map_capedragonhead/004001/water.wtr	metin2_map_capedragonhead/004001/water.wtr	0
metin2_patch_dragon_rock/metin2_map_dawnmistwood/005000/water.wtr	metin2_map_dawnmistwood/005000/water.wtr	0
metin2_patch_dragon_rock/metin2_map_capedragonhead/004002/attr.atr	metin2_map_capedragonhead/004002/attr.atr	0
metin2_patch_dragon_rock/metin2_map_capedragonhead/004002/height.raw	metin2_map_capedragonhead/004002/height.raw	0
metin2_patch_dragon_rock/metin2_map_capedragonhead/004002/minimap.wdp	metin2_map_capedragonhead/004002/minimap.wdp	0
metin2_patch_dragon_rock/ymir work/npc2/npc_fence/npc_fence00.gr2	d:/ymir work/npc2/npc_fence/npc_fence00.gr2	0
metin2_patch_dragon_rock/metin2_map_capedragonhead/004002/tile.raw	metin2_map_capedragonhead/004002/tile.raw	0
metin2_patch_dragon_rock/metin2_map_dawnmistwood/006001/attr.atr	metin2_map_dawnmistwood/006001/attr.atr	0
metin2_patch_dragon_rock/ymir work/zone/devils_dragon_island/fortms_ship04.wdp	d:/ymir work/zone/devils_dragon_island/fortms_ship04.wdp	0
metin2_patch_dragon_rock/metin2_map_capedragonhead/004003/areaproperty.txt	metin2_map_capedragonhead/004003/areaproperty.txt	0
metin2_patch_dragon_rock/metin2_map_dawnmistwood/000002/water.wtr	metin2_map_dawnmistwood/000002/water.wtr	0
metin2_patch_dragon_rock/metin2_map_capedragonhead/004003/height.raw	metin2_map_capedragonhead/004003/height.raw	0
metin2_patch_dragon_rock/metin2_map_capedragonhead/004003/water.wtr	metin2_map_capedragonhead/004003/water.wtr	0
metin2_patch_dragon_rock/metin2_map_dawnmistwood/001002/areaproperty.txt	metin2_map_dawnmistwood/001002/areaproperty.txt	0
metin2_patch_dragon_rock/metin2_map_dawnmistwood/005000/shadowmap.wdp	metin2_map_dawnmistwood/005000/shadowmap.wdp	0
metin2_patch_dragon_rock/metin2_map_capedragonhead/004004/minimap.wdp	metin2_map_capedragonhead/004004/minimap.wdp	0
metin2_patch_dragon_rock/ymir work/zone/devils_dragon_island/camp/gaint_builda_01.gr2	d:/ymir work/zone/devils_dragon_island/camp/gaint_builda_01.gr2	0
metin2_patch_dragon_rock/metin2_map_capedragonhead/004004/tile.raw	metin2_map_capedragonhead/004004/tile.raw	0
metin2_patch_dragon_rock/metin2_map_capedragonhead/004005/height.raw	metin2_map_capedragonhead/004005/height.raw	0
metin2_patch_dragon_rock/metin2_map_capedragonhead/005002/areaambiencedata.txt	metin2_map_capedragonhead/005002/areaambiencedata.txt	0
metin2_patch_dragon_rock/ymir work/zone/devils_dragon_island/bone/bone_turtle_vertebra00.gr2	d:/ymir work/zone/devils_dragon_island/bone/bone_turtle_vertebra00.gr2	0
metin2_patch_dragon_rock/metin2_map_capedragonhead/004005/shadowmap.wdp	metin2_map_capedragonhead/004005/shadowmap.wdp	0
metin2_patch_dragon_rock/metin2_map_dawnmistwood/001002/minimap.wdp	metin2_map_dawnmistwood/001002/minimap.wdp	0
metin2_patch_dragon_rock/metin2_map_capedragonhead/004005/water.wtr	metin2_map_capedragonhead/004005/water.wtr	0
metin2_patch_dragon_rock/ymir work/terrainmaps/dawnmistwood/dawnmistwood_tile001.wdp	d:/ymir work/terrainmaps/dawnmistwood/dawnmistwood_tile001.wdp	0
metin2_patch_dragon_rock/metin2_map_capedragonhead/005000/areadata.txt	metin2_map_capedragonhead/005000/areadata.txt	0
metin2_patch_dragon_rock/metin2_map_mt_thunder/000002/water.wtr	metin2_map_mt_thunder/000002/water.wtr	0
metin2_patch_dragon_rock/ymir work/zone/devils_dragon_island/thing_jar_white_01.gr2	d:/ymir work/zone/devils_dragon_island/thing_jar_white_01.gr2	0
metin2_patch_dragon_rock/metin2_map_capedragonhead/005000/areaproperty.txt	metin2_map_capedragonhead/005000/areaproperty.txt	0
metin2_patch_dragon_rock/metin2_map_capedragonhead/005000/minimap.wdp	metin2_map_capedragonhead/005000/minimap.wdp	0
metin2_patch_dragon_rock/metin2_map_capedragonhead/005000/shadowmap.wdp	metin2_map_capedragonhead/005000/shadowmap.wdp	0
metin2_patch_dragon_rock/metin2_map_capedragonhead/005000/shadowmap.raw	metin2_map_capedragonhead/005000/shadowmap.raw	0
metin2_patch_dragon_rock/metin2_map_dawnmistwood/004001/shadowmap.wdp	metin2_map_dawnmistwood/004001/shadowmap.wdp	0
metin2_patch_dragon_rock/metin2_map_dawnmistwood/006001/areaproperty.txt	metin2_map_dawnmistwood/006001/areaproperty.txt	0
metin2_patch_dragon_rock/ymir work/zone/devils_dragon_island/camp/gaint_buildb_05.gr2	d:/ymir work/zone/devils_dragon_island/camp/gaint_buildb_05.gr2	0
metin2_patch_dragon_rock/ymir work/zone/devils_dragon_island/camp/camp_woodhut_01.mdatr	d:/ymir work/zone/devils_dragon_island/camp/camp_woodhut_01.mdatr	0
metin2_patch_dragon_rock/ymir work/zone/devils_dragon_island/fortms_build_office.mdatr	d:/ymir work/zone/devils_dragon_island/fortms_build_office.mdatr	0
metin2_patch_dragon_rock/metin2_map_capedragonhead/005000/water.wtr	metin2_map_capedragonhead/005000/water.wtr	0
metin2_patch_dragon_rock/ymir work/zone/devils_dragon_island/bone/bone_whale_arm01.gr2	d:/ymir work/zone/devils_dragon_island/bone/bone_whale_arm01.gr2	0
metin2_patch_dragon_rock/metin2_map_capedragonhead/005001/areadata.txt	metin2_map_capedragonhead/005001/areadata.txt	0
metin2_patch_dragon_rock/metin2_map_capedragonhead/005001/areaproperty.txt	metin2_map_capedragonhead/005001/areaproperty.txt	0
metin2_patch_dragon_rock/metin2_map_capedragonhead/005001/attr.atr	metin2_map_capedragonhead/005001/attr.atr	0
metin2_patch_dragon_rock/metin2_map_mt_thunder/001003/water.wtr	metin2_map_mt_thunder/001003/water.wtr	0
metin2_patch_dragon_rock/ymir work/zone/devils_dragon_island/camp/gaint_gate_01.gr2	d:/ymir work/zone/devils_dragon_island/camp/gaint_gate_01.gr2	0
metin2_patch_dragon_rock/metin2_map_capedragonhead/005001/minimap.wdp	metin2_map_capedragonhead/005001/minimap.wdp	0
metin2_patch_dragon_rock/metin2_map_capedragonhead/005001/shadowmap.wdp	metin2_map_capedragonhead/005001/shadowmap.wdp	0
metin2_patch_dragon_rock/metin2_map_capedragonhead/005001/tile.raw	metin2_map_capedragonhead/005001/tile.raw	0
metin2_patch_dragon_rock/metin2_map_mt_thunder/000000/shadowmap.wdp	metin2_map_mt_thunder/000000/shadowmap.wdp	0
metin2_patch_dragon_rock/metin2_map_capedragonhead/005002/areaproperty.txt	metin2_map_capedragonhead/005002/areaproperty.txt	0
metin2_patch_dragon_rock/metin2_map_capedragonhead/005002/height.raw	metin2_map_capedragonhead/005002/height.raw	0
metin2_patch_dragon_rock/metin2_map_capedragonhead/005002/shadowmap.wdp	metin2_map_capedragonhead/005002/shadowmap.wdp	0
metin2_patch_dragon_rock/metin2_map_mt_thunder/000004/height.raw	metin2_map_mt_thunder/000004/height.raw	0
metin2_patch_dragon_rock/metin2_map_capedragonhead/005002/shadowmap.raw	metin2_map_capedragonhead/005002/shadowmap.raw	0
metin2_patch_dragon_rock/metin2_map_capedragonhead/005005/shadowmap.wdp	metin2_map_capedragonhead/005005/shadowmap.wdp	0
metin2_patch_dragon_rock/metin2_map_mt_thunder/000002/height.raw	metin2_map_mt_thunder/000002/height.raw	0
metin2_patch_dragon_rock/metin2_map_dawnmistwood/004001/water.wtr	metin2_map_dawnmistwood/004001/water.wtr	0
metin2_patch_dragon_rock/metin2_map_capedragonhead/005002/tile.raw	metin2_map_capedragonhead/005002/tile.raw	0
metin2_patch_dragon_rock/metin2_map_capedragonhead/005002/water.wtr	metin2_map_capedragonhead/005002/water.wtr	0
metin2_patch_dragon_rock/metin2_map_capedragonhead/005003/minimap.wdp	metin2_map_capedragonhead/005003/minimap.wdp	0
metin2_patch_dragon_rock/metin2_map_dawnmistwood/001000/attr.atr	metin2_map_dawnmistwood/001000/attr.atr	0
metin2_patch_dragon_rock/metin2_map_capedragonhead/005003/shadowmap.wdp	metin2_map_capedragonhead/005003/shadowmap.wdp	0
metin2_patch_dragon_rock/metin2_map_dawnmistwood/000000/areaproperty.txt	metin2_map_dawnmistwood/000000/areaproperty.txt	0
metin2_patch_dragon_rock/metin2_map_capedragonhead/005003/shadowmap.raw	metin2_map_capedragonhead/005003/shadowmap.raw	0
metin2_patch_dragon_rock/metin2_map_mt_thunder/000001/attr.atr	metin2_map_mt_thunder/000001/attr.atr	0
metin2_patch_dragon_rock/metin2_map_capedragonhead/005003/tile.raw	metin2_map_capedragonhead/005003/tile.raw	0
metin2_patch_dragon_rock/metin2_map_capedragonhead/005003/water.wtr	metin2_map_capedragonhead/005003/water.wtr	0
metin2_patch_dragon_rock/metin2_map_capedragonhead/005004/areaambiencedata.txt	metin2_map_capedragonhead/005004/areaambiencedata.txt	0
metin2_patch_dragon_rock/metin2_map_dawnmistwood/000003/attr.atr	metin2_map_dawnmistwood/000003/attr.atr	0
metin2_patch_dragon_rock/metin2_map_capedragonhead/005004/areadata.txt	metin2_map_capedragonhead/005004/areadata.txt	0
metin2_patch_dragon_rock/metin2_map_dawnmistwood/000002/areaambiencedata.txt	metin2_map_dawnmistwood/000002/areaambiencedata.txt	0
metin2_patch_dragon_rock/metin2_map_capedragonhead/005004/areaproperty.txt	metin2_map_capedragonhead/005004/areaproperty.txt	0
metin2_patch_dragon_rock/ymir work/zone/devils_dragon_island/triton_tent_01.gr2	d:/ymir work/zone/devils_dragon_island/triton_tent_01.gr2	0
metin2_patch_dragon_rock/metin2_map_capedragonhead/005004/attr.atr	metin2_map_capedragonhead/005004/attr.atr	0
metin2_patch_dragon_rock/metin2_map_capedragonhead/005005/areaproperty.txt	metin2_map_capedragonhead/005005/areaproperty.txt	0
metin2_patch_dragon_rock/metin2_map_mt_thunder/003002/areadata.txt	metin2_map_mt_thunder/003002/areadata.txt	0
metin2_patch_dragon_rock/metin2_map_capedragonhead/005004/height.raw	metin2_map_capedragonhead/005004/height.raw	0
metin2_patch_dragon_rock/metin2_map_capedragonhead/005004/shadowmap.raw	metin2_map_capedragonhead/005004/shadowmap.raw	0
metin2_patch_dragon_rock/metin2_map_capedragonhead/005004/water.wtr	metin2_map_capedragonhead/005004/water.wtr	0
metin2_patch_dragon_rock/metin2_map_dawnmistwood/002000/water.wtr	metin2_map_dawnmistwood/002000/water.wtr	0
metin2_patch_dragon_rock/metin2_map_dawnmistwood/006000/areaambiencedata.txt	metin2_map_dawnmistwood/006000/areaambiencedata.txt	0
metin2_patch_dragon_rock/metin2_map_mt_thunder/002003/water.wtr	metin2_map_mt_thunder/002003/water.wtr	0
metin2_patch_dragon_rock/metin2_map_capedragonhead/005005/areadata.txt	metin2_map_capedragonhead/005005/areadata.txt	0
metin2_patch_dragon_rock/metin2_map_mt_thunder/002000/attr.atr	metin2_map_mt_thunder/002000/attr.atr	0
metin2_patch_dragon_rock/metin2_map_capedragonhead/005005/attr.atr	metin2_map_capedragonhead/005005/attr.atr	0
metin2_patch_dragon_rock/metin2_map_mt_thunder/000004/minimap.wdp	metin2_map_mt_thunder/000004/minimap.wdp	0
metin2_patch_dragon_rock/ymir work/effect/background/statue1_glow1_2.mde	d:/ymir work/effect/background/statue1_glow1_2.mde	0
metin2_patch_dragon_rock/ymir work/zone/devils_dragon_island/fortms_build_office01.wdp	d:/ymir work/zone/devils_dragon_island/fortms_build_office01.wdp	0
metin2_patch_dragon_rock/metin2_map_mt_thunder/setting.txt	metin2_map_mt_thunder/setting.txt	0
metin2_patch_dragon_rock/metin2_map_capedragonhead/005005/height.raw	metin2_map_capedragonhead/005005/height.raw	0
metin2_patch_dragon_rock/ymir work/zone/devils_dragon_island/bone/bone_whale_piece_rib01.gr2	d:/ymir work/zone/devils_dragon_island/bone/bone_whale_piece_rib01.gr2	0
metin2_patch_dragon_rock/metin2_map_capedragonhead/005005/shadowmap.raw	metin2_map_capedragonhead/005005/shadowmap.raw	0
metin2_patch_dragon_rock/ymir work/tree/compositemapb2.dds	d:/ymir work/tree/compositemapb2.dds	0
metin2_patch_dragon_rock/metin2_map_capedragonhead/005005/tile.raw	metin2_map_capedragonhead/005005/tile.raw	0
metin2_patch_dragon_rock/metin2_map_capedragonhead/005005/water.wtr	metin2_map_capedragonhead/005005/water.wtr	0
metin2_patch_dragon_rock/ymir work/terrainmaps/dawnmistwood/dawnmistwood_sand000.wdp	d:/ymir work/terrainmaps/dawnmistwood/dawnmistwood_sand000.wdp	0
metin2_patch_dragon_rock/metin2_map_dawnmistwood/setting.txt	metin2_map_dawnmistwood/setting.txt	0
metin2_patch_dragon_rock/metin2_map_dawnmistwood/000000/attr.atr	metin2_map_dawnmistwood/000000/attr.atr	0
metin2_patch_dragon_rock/metin2_map_mt_thunder/000005/shadowmap.raw	metin2_map_mt_thunder/000005/shadowmap.raw	0
metin2_patch_dragon_rock/metin2_map_dawnmistwood/000000/minimap.wdp	metin2_map_dawnmistwood/000000/minimap.wdp	0
metin2_patch_dragon_rock/metin2_map_mt_thunder/001004/tile.raw	metin2_map_mt_thunder/001004/tile.raw	0
metin2_patch_dragon_rock/metin2_map_dawnmistwood/000000/shadowmap.raw	metin2_map_dawnmistwood/000000/shadowmap.raw	0
metin2_patch_dragon_rock/metin2_map_dawnmistwood/000000/tile.raw	metin2_map_dawnmistwood/000000/tile.raw	0
metin2_patch_dragon_rock/metin2_map_dawnmistwood/005000/height.raw	metin2_map_dawnmistwood/005000/height.raw	0
metin2_patch_dragon_rock/ymir work/zone/devils_dragon_island/ships_broken1.wdp	d:/ymir work/zone/devils_dragon_island/ships_broken1.wdp	0
metin2_patch_dragon_rock/metin2_map_dawnmistwood/000000/water.wtr	metin2_map_dawnmistwood/000000/water.wtr	0
metin2_patch_dragon_rock/metin2_map_dawnmistwood/000001/areaambiencedata.txt	metin2_map_dawnmistwood/000001/areaambiencedata.txt	0
metin2_patch_dragon_rock/metin2_map_mt_thunder/003001/areaambiencedata.txt	metin2_map_mt_thunder/003001/areaambiencedata.txt	0
metin2_patch_dragon_rock/metin2_map_dawnmistwood/000001/areadata.txt	metin2_map_dawnmistwood/000001/areadata.txt	0
metin2_patch_dragon_rock/ymir work/zone/devils_dragon_island/mtthund_thorn02.wdp	d:/ymir work/zone/devils_dragon_island/mtthund_thorn02.wdp	0
metin2_patch_dragon_rock/metin2_map_dawnmistwood/000001/areaproperty.txt	metin2_map_dawnmistwood/000001/areaproperty.txt	0
metin2_patch_dragon_rock/ymir work/zone/devils_dragon_island/turtle_d.wdp	d:/ymir work/zone/devils_dragon_island/turtle_d.wdp	0
metin2_patch_dragon_rock/metin2_map_dawnmistwood/000001/attr.atr	metin2_map_dawnmistwood/000001/attr.atr	0
metin2_patch_dragon_rock/metin2_map_dawnmistwood/003002/shadowmap.raw	metin2_map_dawnmistwood/003002/shadowmap.raw	0
metin2_patch_dragon_rock/metin2_map_mt_thunder/002002/areaproperty.txt	metin2_map_mt_thunder/002002/areaproperty.txt	0
metin2_patch_dragon_rock/metin2_map_dawnmistwood/000001/height.raw	metin2_map_dawnmistwood/000001/height.raw	0
metin2_patch_dragon_rock/ymir work/zone/devils_dragon_island/camp/camp_redthief_build_00.mdatr	d:/ymir work/zone/devils_dragon_island/camp/camp_redthief_build_00.mdatr	0
metin2_patch_dragon_rock/metin2_map_dawnmistwood/000001/minimap.wdp	metin2_map_dawnmistwood/000001/minimap.wdp	0
metin2_patch_dragon_rock/metin2_map_dawnmistwood/000001/tile.raw	metin2_map_dawnmistwood/000001/tile.raw	0
metin2_patch_dragon_rock/metin2_map_dawnmistwood/005001/minimap.wdp	metin2_map_dawnmistwood/005001/minimap.wdp	0
metin2_patch_dragon_rock/ymir work/zone/devils_dragon_island/dawnmist_stonetotem.gr2	d:/ymir work/zone/devils_dragon_island/dawnmist_stonetotem.gr2	0
metin2_patch_dragon_rock/metin2_map_dawnmistwood/000001/water.wtr	metin2_map_dawnmistwood/000001/water.wtr	0
metin2_patch_dragon_rock/ymir work/zone/devils_dragon_island/camp/camp_manticore_gate01.gr2	d:/ymir work/zone/devils_dragon_island/camp/camp_manticore_gate01.gr2	0
metin2_patch_dragon_rock/metin2_map_dawnmistwood/000002/areadata.txt	metin2_map_dawnmistwood/000002/areadata.txt	0
metin2_patch_dragon_rock/ymir work/zone/devils_dragon_island/camp/camp_woodhut_ladder00.gr2	d:/ymir work/zone/devils_dragon_island/camp/camp_woodhut_ladder00.gr2	0
metin2_patch_dragon_rock/metin2_map_dawnmistwood/000002/attr.atr	metin2_map_dawnmistwood/000002/attr.atr	0
metin2_patch_dragon_rock/metin2_map_mt_thunder/001000/tile.raw	metin2_map_mt_thunder/001000/tile.raw	0
metin2_patch_dragon_rock/metin2_map_dawnmistwood/000002/height.raw	metin2_map_dawnmistwood/000002/height.raw	0
metin2_patch_dragon_rock/metin2_map_dawnmistwood/000002/shadowmap.wdp	metin2_map_dawnmistwood/000002/shadowmap.wdp	0
metin2_patch_dragon_rock/metin2_map_mt_thunder/002001/areaambiencedata.txt	metin2_map_mt_thunder/002001/areaambiencedata.txt	0
metin2_patch_dragon_rock/metin2_map_dawnmistwood/000002/shadowmap.raw	metin2_map_dawnmistwood/000002/shadowmap.raw	0
metin2_patch_dragon_rock/metin2_map_dawnmistwood/000003/areaambiencedata.txt	metin2_map_dawnmistwood/000003/areaambiencedata.txt	0
metin2_patch_dragon_rock/metin2_map_dawnmistwood/000003/areadata.txt	metin2_map_dawnmistwood/000003/areadata.txt	0
metin2_patch_dragon_rock/metin2_map_dawnmistwood/000003/areaproperty.txt	metin2_map_dawnmistwood/000003/areaproperty.txt	0
metin2_patch_dragon_rock/metin2_map_dawnmistwood/000003/height.raw	metin2_map_dawnmistwood/000003/height.raw	0
metin2_patch_dragon_rock/ymir work/zone/devils_dragon_island/camp/camp_redthief_build_07.gr2	d:/ymir work/zone/devils_dragon_island/camp/camp_redthief_build_07.gr2	0
metin2_patch_dragon_rock/metin2_map_dawnmistwood/000003/shadowmap.wdp	metin2_map_dawnmistwood/000003/shadowmap.wdp	0
metin2_patch_dragon_rock/metin2_map_dawnmistwood/005003/areaambiencedata.txt	metin2_map_dawnmistwood/005003/areaambiencedata.txt	0
metin2_patch_dragon_rock/metin2_map_dawnmistwood/000003/water.wtr	metin2_map_dawnmistwood/000003/water.wtr	0
metin2_patch_dragon_rock/metin2_map_dawnmistwood/001000/areaambiencedata.txt	metin2_map_dawnmistwood/001000/areaambiencedata.txt	0
metin2_patch_dragon_rock/metin2_map_dawnmistwood/001003/areadata.txt	metin2_map_dawnmistwood/001003/areadata.txt	0
metin2_patch_dragon_rock/metin2_map_dawnmistwood/001000/areaproperty.txt	metin2_map_dawnmistwood/001000/areaproperty.txt	0
metin2_patch_dragon_rock/metin2_map_dawnmistwood/001000/height.raw	metin2_map_dawnmistwood/001000/height.raw	0
metin2_patch_dragon_rock/metin2_map_dawnmistwood/001000/minimap.wdp	metin2_map_dawnmistwood/001000/minimap.wdp	0
metin2_patch_dragon_rock/metin2_map_dawnmistwood/001000/shadowmap.wdp	metin2_map_dawnmistwood/001000/shadowmap.wdp	0
metin2_patch_dragon_rock/metin2_map_mt_thunder/001003/height.raw	metin2_map_mt_thunder/001003/height.raw	0
metin2_patch_dragon_rock/ymir work/zone/devils_dragon_island/fortms_build_office02.wdp	d:/ymir work/zone/devils_dragon_island/fortms_build_office02.wdp	0
metin2_patch_dragon_rock/metin2_map_dawnmistwood/001001/areaambiencedata.txt	metin2_map_dawnmistwood/001001/areaambiencedata.txt	0
metin2_patch_dragon_rock/metin2_map_dawnmistwood/001001/areadata.txt	metin2_map_dawnmistwood/001001/areadata.txt	0
metin2_patch_dragon_rock/ymir work/zone/devils_dragon_island/fortms_build_office04.wdp	d:/ymir work/zone/devils_dragon_island/fortms_build_office04.wdp	0
metin2_patch_dragon_rock/metin2_map_mt_thunder/003003/water.wtr	metin2_map_mt_thunder/003003/water.wtr	0
metin2_patch_dragon_rock/metin2_map_dawnmistwood/001001/height.raw	metin2_map_dawnmistwood/001001/height.raw	0
metin2_patch_dragon_rock/metin2_map_dawnmistwood/001001/minimap.wdp	metin2_map_dawnmistwood/001001/minimap.wdp	0
metin2_patch_dragon_rock/metin2_map_dawnmistwood/002001/minimap.wdp	metin2_map_dawnmistwood/002001/minimap.wdp	0
metin2_patch_dragon_rock/ymir work/zone/devils_dragon_island/gaint_build a_02.wdp	d:/ymir work/zone/devils_dragon_island/gaint_build a_02.wdp	0
metin2_patch_dragon_rock/metin2_map_dawnmistwood/001001/shadowmap.raw	metin2_map_dawnmistwood/001001/shadowmap.raw	0
metin2_patch_dragon_rock/metin2_map_dawnmistwood/005002/minimap.wdp	metin2_map_dawnmistwood/005002/minimap.wdp	0
metin2_patch_dragon_rock/metin2_map_dawnmistwood/001001/tile.raw	metin2_map_dawnmistwood/001001/tile.raw	0
metin2_patch_dragon_rock/metin2_map_mt_thunder/003000/areadata.txt	metin2_map_mt_thunder/003000/areadata.txt	0
metin2_patch_dragon_rock/metin2_map_dawnmistwood/001002/areaambiencedata.txt	metin2_map_dawnmistwood/001002/areaambiencedata.txt	0
metin2_patch_dragon_rock/metin2_map_mt_thunder/003002/minimap.wdp	metin2_map_mt_thunder/003002/minimap.wdp	0
metin2_patch_dragon_rock/metin2_map_dawnmistwood/001002/areadata.txt	metin2_map_dawnmistwood/001002/areadata.txt	0
metin2_patch_dragon_rock/metin2_map_dawnmistwood/001002/attr.atr	metin2_map_dawnmistwood/001002/attr.atr	0
metin2_patch_dragon_rock/metin2_map_dawnmistwood/001002/height.raw	metin2_map_dawnmistwood/001002/height.raw	0
metin2_patch_dragon_rock/metin2_map_mt_thunder/000001/areadata.txt	metin2_map_mt_thunder/000001/areadata.txt	0
metin2_patch_dragon_rock/metin2_map_dawnmistwood/001002/shadowmap.wdp	metin2_map_dawnmistwood/001002/shadowmap.wdp	0
metin2_patch_dragon_rock/metin2_map_dawnmistwood/001002/tile.raw	metin2_map_dawnmistwood/001002/tile.raw	0
metin2_patch_dragon_rock/metin2_map_dawnmistwood/001003/areaproperty.txt	metin2_map_dawnmistwood/001003/areaproperty.txt	0
metin2_patch_dragon_rock/metin2_map_dawnmistwood/001003/attr.atr	metin2_map_dawnmistwood/001003/attr.atr	0
metin2_patch_dragon_rock/metin2_map_dawnmistwood/001003/height.raw	metin2_map_dawnmistwood/001003/height.raw	0
metin2_patch_dragon_rock/metin2_map_dawnmistwood/001003/shadowmap.wdp	metin2_map_dawnmistwood/001003/shadowmap.wdp	0
metin2_patch_dragon_rock/metin2_map_dawnmistwood/001003/water.wtr	metin2_map_dawnmistwood/001003/water.wtr	0
metin2_patch_dragon_rock/metin2_map_dawnmistwood/006003/areadata.txt	metin2_map_dawnmistwood/006003/areadata.txt	0
metin2_patch_dragon_rock/metin2_map_dawnmistwood/002000/areadata.txt	metin2_map_dawnmistwood/002000/areadata.txt	0
metin2_patch_dragon_rock/metin2_map_dawnmistwood/002000/areaproperty.txt	metin2_map_dawnmistwood/002000/areaproperty.txt	0
metin2_patch_dragon_rock/metin2_map_dawnmistwood/002000/height.raw	metin2_map_dawnmistwood/002000/height.raw	0
metin2_patch_dragon_rock/metin2_map_dawnmistwood/002000/minimap.wdp	metin2_map_dawnmistwood/002000/minimap.wdp	0
metin2_patch_dragon_rock/metin2_map_dawnmistwood/002000/shadowmap.raw	metin2_map_dawnmistwood/002000/shadowmap.raw	0
metin2_patch_dragon_rock/metin2_map_dawnmistwood/002001/areaambiencedata.txt	metin2_map_dawnmistwood/002001/areaambiencedata.txt	0
metin2_patch_dragon_rock/metin2_map_dawnmistwood/003001/tile.raw	metin2_map_dawnmistwood/003001/tile.raw	0
metin2_patch_dragon_rock/ymir work/zone/devils_dragon_island/camp/camp_manticore_boss00.mdatr	d:/ymir work/zone/devils_dragon_island/camp/camp_manticore_boss00.mdatr	0
metin2_patch_dragon_rock/metin2_map_mt_thunder/001004/shadowmap.raw	metin2_map_mt_thunder/001004/shadowmap.raw	0
metin2_patch_dragon_rock/metin2_map_dawnmistwood/002001/areaproperty.txt	metin2_map_dawnmistwood/002001/areaproperty.txt	0
metin2_patch_dragon_rock/ymir work/zone/devils_dragon_island/camp/camp_woodhut_fence01.gr2	d:/ymir work/zone/devils_dragon_island/camp/camp_woodhut_fence01.gr2	0
metin2_patch_dragon_rock/metin2_map_dawnmistwood/002001/shadowmap.wdp	metin2_map_dawnmistwood/002001/shadowmap.wdp	0
metin2_patch_dragon_rock/metin2_map_dawnmistwood/002001/water.wtr	metin2_map_dawnmistwood/002001/water.wtr	0
metin2_patch_dragon_rock/metin2_map_dawnmistwood/002002/areadata.txt	metin2_map_dawnmistwood/002002/areadata.txt	0
metin2_patch_dragon_rock/metin2_map_mt_thunder/003003/minimap.wdp	metin2_map_mt_thunder/003003/minimap.wdp	0
metin2_patch_dragon_rock/metin2_map_dawnmistwood/002002/areaproperty.txt	metin2_map_dawnmistwood/002002/areaproperty.txt	0
metin2_patch_dragon_rock/metin2_map_dawnmistwood/002002/attr.atr	metin2_map_dawnmistwood/002002/attr.atr	0
metin2_patch_dragon_rock/metin2_map_dawnmistwood/002002/height.raw	metin2_map_dawnmistwood/002002/height.raw	0
metin2_patch_dragon_rock/metin2_map_dawnmistwood/002002/shadowmap.wdp	metin2_map_dawnmistwood/002002/shadowmap.wdp	0
metin2_patch_dragon_rock/metin2_map_dawnmistwood/002002/shadowmap.raw	metin2_map_dawnmistwood/002002/shadowmap.raw	0
metin2_patch_dragon_rock/metin2_map_dawnmistwood/002002/water.wtr	metin2_map_dawnmistwood/002002/water.wtr	0
metin2_patch_dragon_rock/metin2_map_dawnmistwood/002003/areaambiencedata.txt	metin2_map_dawnmistwood/002003/areaambiencedata.txt	0
metin2_patch_dragon_rock/ymir work/zone/devils_dragon_island/camp/gaint_buildb_01.gr2	d:/ymir work/zone/devils_dragon_island/camp/gaint_buildb_01.gr2	0
metin2_patch_dragon_rock/metin2_map_dawnmistwood/002003/areaproperty.txt	metin2_map_dawnmistwood/002003/areaproperty.txt	0
metin2_patch_dragon_rock/ymir work/zone/devils_dragon_island/camp/camp_woodhut_break00.gr2	d:/ymir work/zone/devils_dragon_island/camp/camp_woodhut_break00.gr2	0
metin2_patch_dragon_rock/ymir work/terrainmaps/mtthunder/mtthunder_stone01.wdp	d:/ymir work/terrainmaps/mtthunder/mtthunder_stone01.wdp	0
metin2_patch_dragon_rock/metin2_map_mt_thunder/002000/shadowmap.raw	metin2_map_mt_thunder/002000/shadowmap.raw	0
metin2_patch_dragon_rock/metin2_map_dawnmistwood/002003/height.raw	metin2_map_dawnmistwood/002003/height.raw	0
metin2_patch_dragon_rock/metin2_map_dawnmistwood/002003/minimap.wdp	metin2_map_dawnmistwood/002003/minimap.wdp	0
metin2_patch_dragon_rock/metin2_map_dawnmistwood/006001/minimap.wdp	metin2_map_dawnmistwood/006001/minimap.wdp	0
metin2_patch_dragon_rock/metin2_map_dawnmistwood/002003/shadowmap.wdp	metin2_map_dawnmistwood/002003/shadowmap.wdp	0
metin2_patch_dragon_rock/metin2_map_dawnmistwood/006001/height.raw	metin2_map_dawnmistwood/006001/height.raw	0
metin2_patch_dragon_rock/metin2_map_dawnmistwood/002003/shadowmap.raw	metin2_map_dawnmistwood/002003/shadowmap.raw	0
metin2_patch_dragon_rock/ymir work/zone/devils_dragon_island/thunder_ruins_bridge.mdatr	d:/ymir work/zone/devils_dragon_island/thunder_ruins_bridge.mdatr	0
metin2_patch_dragon_rock/metin2_map_mt_thunder/002000/water.wtr	metin2_map_mt_thunder/002000/water.wtr	0
metin2_patch_dragon_rock/metin2_map_dawnmistwood/002003/water.wtr	metin2_map_dawnmistwood/002003/water.wtr	0
metin2_patch_dragon_rock/metin2_map_dawnmistwood/003000/areaambiencedata.txt	metin2_map_dawnmistwood/003000/areaambiencedata.txt	0
metin2_patch_dragon_rock/metin2_map_dawnmistwood/003000/areadata.txt	metin2_map_dawnmistwood/003000/areadata.txt	0
metin2_patch_dragon_rock/metin2_map_dawnmistwood/006003/height.raw	metin2_map_dawnmistwood/006003/height.raw	0
metin2_patch_dragon_rock/metin2_map_dawnmistwood/003000/attr.atr	metin2_map_dawnmistwood/003000/attr.atr	0
metin2_patch_dragon_rock/metin2_map_mt_thunder/003004/areaambiencedata.txt	metin2_map_mt_thunder/003004/areaambiencedata.txt	0
metin2_patch_dragon_rock/metin2_map_dawnmistwood/003000/height.raw	metin2_map_dawnmistwood/003000/height.raw	0
metin2_patch_dragon_rock/metin2_map_mt_thunder/001003/areaproperty.txt	metin2_map_mt_thunder/001003/areaproperty.txt	0
metin2_patch_dragon_rock/metin2_map_dawnmistwood/003000/shadowmap.raw	metin2_map_dawnmistwood/003000/shadowmap.raw	0
metin2_patch_dragon_rock/metin2_map_dawnmistwood/003000/water.wtr	metin2_map_dawnmistwood/003000/water.wtr	0
metin2_patch_dragon_rock/ymir work/terrainmaps/mtthunder/mtthunder_field02.wdp	d:/ymir work/terrainmaps/mtthunder/mtthunder_field02.wdp	0
metin2_patch_dragon_rock/metin2_map_dawnmistwood/003001/areaambiencedata.txt	metin2_map_dawnmistwood/003001/areaambiencedata.txt	0
metin2_patch_dragon_rock/ymir work/zone/devils_dragon_island/thunder_ruins_bridge.gr2	d:/ymir work/zone/devils_dragon_island/thunder_ruins_bridge.gr2	0
metin2_patch_dragon_rock/metin2_map_dawnmistwood/003001/areadata.txt	metin2_map_dawnmistwood/003001/areadata.txt	0
metin2_patch_dragon_rock/ymir work/zone/devils_dragon_island/thing_cagobox.wdp	d:/ymir work/zone/devils_dragon_island/thing_cagobox.wdp	0
metin2_patch_dragon_rock/metin2_map_dawnmistwood/005002/shadowmap.wdp	metin2_map_dawnmistwood/005002/shadowmap.wdp	0
metin2_patch_dragon_rock/metin2_map_dawnmistwood/003001/minimap.wdp	metin2_map_dawnmistwood/003001/minimap.wdp	0
metin2_patch_dragon_rock/metin2_map_dawnmistwood/003001/shadowmap.raw	metin2_map_dawnmistwood/003001/shadowmap.raw	0
metin2_patch_dragon_rock/metin2_map_dawnmistwood/003002/areaproperty.txt	metin2_map_dawnmistwood/003002/areaproperty.txt	0
metin2_patch_dragon_rock/ymir work/terrainmaps/capedragonhead/capedragon_stone001.wdp	d:/ymir work/terrainmaps/capedragonhead/capedragon_stone001.wdp	0
metin2_patch_dragon_rock/metin2_map_dawnmistwood/003002/attr.atr	metin2_map_dawnmistwood/003002/attr.atr	0
metin2_patch_dragon_rock/ymir work/zone/devils_dragon_island/camp/camp_redthief_gate_02.gr2	d:/ymir work/zone/devils_dragon_island/camp/camp_redthief_gate_02.gr2	0
metin2_patch_dragon_rock/metin2_map_dawnmistwood/003002/height.raw	metin2_map_dawnmistwood/003002/height.raw	0
metin2_patch_dragon_rock/metin2_map_dawnmistwood/003002/minimap.wdp	metin2_map_dawnmistwood/003002/minimap.wdp	0
metin2_patch_dragon_rock/ymir work/zone/devils_dragon_island/camp/gaint_buildb_04.mdatr	d:/ymir work/zone/devils_dragon_island/camp/gaint_buildb_04.mdatr	0
metin2_patch_dragon_rock/ymir work/zone/devils_dragon_island/dawnmist_step00.mdatr	d:/ymir work/zone/devils_dragon_island/dawnmist_step00.mdatr	0
metin2_patch_dragon_rock/metin2_map_dawnmistwood/003002/tile.raw	metin2_map_dawnmistwood/003002/tile.raw	0
metin2_patch_dragon_rock/metin2_map_mt_thunder/000003/areadata.txt	metin2_map_mt_thunder/000003/areadata.txt	0
metin2_patch_dragon_rock/metin2_map_dawnmistwood/003003/areaambiencedata.txt	metin2_map_dawnmistwood/003003/areaambiencedata.txt	0
metin2_patch_dragon_rock/metin2_map_dawnmistwood/003003/areaproperty.txt	metin2_map_dawnmistwood/003003/areaproperty.txt	0
metin2_patch_dragon_rock/metin2_map_mt_thunder/002003/areaproperty.txt	metin2_map_mt_thunder/002003/areaproperty.txt	0
metin2_patch_dragon_rock/metin2_map_mt_thunder/002004/shadowmap.raw	metin2_map_mt_thunder/002004/shadowmap.raw	0
metin2_patch_dragon_rock/metin2_map_mt_thunder/001005/areadata.txt	metin2_map_mt_thunder/001005/areadata.txt	0
metin2_patch_dragon_rock/metin2_map_dawnmistwood/003003/height.raw	metin2_map_dawnmistwood/003003/height.raw	0
metin2_patch_dragon_rock/metin2_map_dawnmistwood/003003/minimap.wdp	metin2_map_dawnmistwood/003003/minimap.wdp	0
metin2_patch_dragon_rock/metin2_map_dawnmistwood/003003/shadowmap.wdp	metin2_map_dawnmistwood/003003/shadowmap.wdp	0
metin2_patch_dragon_rock/metin2_map_dawnmistwood/005001/attr.atr	metin2_map_dawnmistwood/005001/attr.atr	0
metin2_patch_dragon_rock/metin2_map_dawnmistwood/003003/water.wtr	metin2_map_dawnmistwood/003003/water.wtr	0
metin2_patch_dragon_rock/metin2_map_dawnmistwood/004000/areaproperty.txt	metin2_map_dawnmistwood/004000/areaproperty.txt	0
metin2_patch_dragon_rock/metin2_map_mt_thunder/001001/shadowmap.wdp	metin2_map_mt_thunder/001001/shadowmap.wdp	0
metin2_patch_dragon_rock/metin2_map_dawnmistwood/004000/attr.atr	metin2_map_dawnmistwood/004000/attr.atr	0
metin2_patch_dragon_rock/metin2_map_dawnmistwood/004000/shadowmap.wdp	metin2_map_dawnmistwood/004000/shadowmap.wdp	0
metin2_patch_dragon_rock/metin2_map_dawnmistwood/004000/shadowmap.raw	metin2_map_dawnmistwood/004000/shadowmap.raw	0
metin2_patch_dragon_rock/metin2_map_dawnmistwood/006002/water.wtr	metin2_map_dawnmistwood/006002/water.wtr	0
metin2_patch_dragon_rock/ymir work/zone/devils_dragon_island/fortms_ship02.wdp	d:/ymir work/zone/devils_dragon_island/fortms_ship02.wdp	0
metin2_patch_dragon_rock/metin2_map_dawnmistwood/004000/tile.raw	metin2_map_dawnmistwood/004000/tile.raw	0
metin2_patch_dragon_rock/metin2_map_mt_thunder/002000/areaproperty.txt	metin2_map_mt_thunder/002000/areaproperty.txt	0
metin2_patch_dragon_rock/metin2_map_dawnmistwood/004000/water.wtr	metin2_map_dawnmistwood/004000/water.wtr	0
metin2_patch_dragon_rock/ymir work/terrainmaps/dawnmistwood/dawnmistwood_feild002.wdp	d:/ymir work/terrainmaps/dawnmistwood/dawnmistwood_feild002.wdp	0
metin2_patch_dragon_rock/metin2_map_dawnmistwood/004001/areaambiencedata.txt	metin2_map_dawnmistwood/004001/areaambiencedata.txt	0
metin2_patch_dragon_rock/metin2_map_dawnmistwood/005000/shadowmap.raw	metin2_map_dawnmistwood/005000/shadowmap.raw	0
metin2_patch_dragon_rock/metin2_map_dawnmistwood/004001/minimap.wdp	metin2_map_dawnmistwood/004001/minimap.wdp	0
metin2_patch_dragon_rock/metin2_map_dawnmistwood/004001/shadowmap.raw	metin2_map_dawnmistwood/004001/shadowmap.raw	0
metin2_patch_dragon_rock/ymir work/zone/devils_dragon_island/camp/camp_manticore_02.gr2	d:/ymir work/zone/devils_dragon_island/camp/camp_manticore_02.gr2	0
metin2_patch_dragon_rock/metin2_map_dawnmistwood/004001/tile.raw	metin2_map_dawnmistwood/004001/tile.raw	0
metin2_patch_dragon_rock/metin2_map_mt_thunder/000002/areadata.txt	metin2_map_mt_thunder/000002/areadata.txt	0
metin2_patch_dragon_rock/metin2_map_dawnmistwood/004002/areadata.txt	metin2_map_dawnmistwood/004002/areadata.txt	0
metin2_patch_dragon_rock/metin2_map_dawnmistwood/004002/height.raw	metin2_map_dawnmistwood/004002/height.raw	0
metin2_patch_dragon_rock/metin2_map_dawnmistwood/005003/minimap.wdp	metin2_map_dawnmistwood/005003/minimap.wdp	0
metin2_patch_dragon_rock/metin2_map_dawnmistwood/004002/minimap.wdp	metin2_map_dawnmistwood/004002/minimap.wdp	0
metin2_patch_dragon_rock/metin2_map_dawnmistwood/004002/shadowmap.wdp	metin2_map_dawnmistwood/004002/shadowmap.wdp	0
metin2_patch_dragon_rock/metin2_map_dawnmistwood/004002/water.wtr	metin2_map_dawnmistwood/004002/water.wtr	0
metin2_patch_dragon_rock/metin2_map_dawnmistwood/004003/areaambiencedata.txt	metin2_map_dawnmistwood/004003/areaambiencedata.txt	0
metin2_patch_dragon_rock/metin2_map_mt_thunder/001001/minimap.wdp	metin2_map_mt_thunder/001001/minimap.wdp	0
metin2_patch_dragon_rock/metin2_map_dawnmistwood/004003/areaproperty.txt	metin2_map_dawnmistwood/004003/areaproperty.txt	0
metin2_patch_dragon_rock/ymir work/zone/devils_dragon_island/obj_mtthund_thorn01a.gr2	d:/ymir work/zone/devils_dragon_island/obj_mtthund_thorn01a.gr2	0
metin2_patch_dragon_rock/metin2_map_dawnmistwood/004003/shadowmap.raw	metin2_map_dawnmistwood/004003/shadowmap.raw	0
metin2_patch_dragon_rock/metin2_map_dawnmistwood/005000/areaambiencedata.txt	metin2_map_dawnmistwood/005000/areaambiencedata.txt	0
metin2_patch_dragon_rock/metin2_map_dawnmistwood/005000/tile.raw	metin2_map_dawnmistwood/005000/tile.raw	0
metin2_patch_dragon_rock/metin2_map_dawnmistwood/006002/attr.atr	metin2_map_dawnmistwood/006002/attr.atr	0
metin2_patch_dragon_rock/metin2_map_dawnmistwood/005001/shadowmap.wdp	metin2_map_dawnmistwood/005001/shadowmap.wdp	0
metin2_patch_dragon_rock/metin2_map_dawnmistwood/005001/shadowmap.raw	metin2_map_dawnmistwood/005001/shadowmap.raw	0
metin2_patch_dragon_rock/metin2_map_mt_thunder/003003/tile.raw	metin2_map_mt_thunder/003003/tile.raw	0
metin2_patch_dragon_rock/metin2_map_dawnmistwood/005001/water.wtr	metin2_map_dawnmistwood/005001/water.wtr	0
metin2_patch_dragon_rock/metin2_map_dawnmistwood/005002/areadata.txt	metin2_map_dawnmistwood/005002/areadata.txt	0
metin2_patch_dragon_rock/ymir work/zone/devils_dragon_island/bone/bone_turtle_all01.gr2	d:/ymir work/zone/devils_dragon_island/bone/bone_turtle_all01.gr2	0
metin2_patch_dragon_rock/metin2_map_dawnmistwood/005002/attr.atr	metin2_map_dawnmistwood/005002/attr.atr	0
metin2_patch_dragon_rock/metin2_map_dawnmistwood/005002/height.raw	metin2_map_dawnmistwood/005002/height.raw	0
metin2_patch_dragon_rock/metin2_map_dawnmistwood/005002/shadowmap.raw	metin2_map_dawnmistwood/005002/shadowmap.raw	0
metin2_patch_dragon_rock/metin2_map_dawnmistwood/005003/areadata.txt	metin2_map_dawnmistwood/005003/areadata.txt	0
metin2_patch_dragon_rock/metin2_map_mt_thunder/000005/areaproperty.txt	metin2_map_mt_thunder/000005/areaproperty.txt	0
metin2_patch_dragon_rock/metin2_map_dawnmistwood/005003/height.raw	metin2_map_dawnmistwood/005003/height.raw	0
metin2_patch_dragon_rock/metin2_map_dawnmistwood/005003/shadowmap.wdp	metin2_map_dawnmistwood/005003/shadowmap.wdp	0
metin2_patch_dragon_rock/metin2_map_dawnmistwood/005003/tile.raw	metin2_map_dawnmistwood/005003/tile.raw	0
metin2_patch_dragon_rock/metin2_map_dawnmistwood/006000/areadata.txt	metin2_map_dawnmistwood/006000/areadata.txt	0
metin2_patch_dragon_rock/metin2_map_dawnmistwood/006000/areaproperty.txt	metin2_map_dawnmistwood/006000/areaproperty.txt	0
metin2_patch_dragon_rock/metin2_map_dawnmistwood/006000/minimap.wdp	metin2_map_dawnmistwood/006000/minimap.wdp	0
metin2_patch_dragon_rock/metin2_map_dawnmistwood/006000/shadowmap.wdp	metin2_map_dawnmistwood/006000/shadowmap.wdp	0
metin2_patch_dragon_rock/metin2_map_mt_thunder/001002/water.wtr	metin2_map_mt_thunder/001002/water.wtr	0
metin2_patch_dragon_rock/ymir work/terrainmaps/mtthunder/mtthunder_stone02.wdp	d:/ymir work/terrainmaps/mtthunder/mtthunder_stone02.wdp	0
metin2_patch_dragon_rock/metin2_map_dawnmistwood/006000/water.wtr	metin2_map_dawnmistwood/006000/water.wtr	0
metin2_patch_dragon_rock/metin2_map_dawnmistwood/006001/areadata.txt	metin2_map_dawnmistwood/006001/areadata.txt	0
metin2_patch_dragon_rock/ymir work/terrainmaps/capedragonhead/stone_tile_002.wdp	d:/ymir work/terrainmaps/capedragonhead/stone_tile_002.wdp	0
metin2_patch_dragon_rock/metin2_map_dawnmistwood/006001/shadowmap.wdp	metin2_map_dawnmistwood/006001/shadowmap.wdp	0
metin2_patch_dragon_rock/metin2_map_dawnmistwood/006001/shadowmap.raw	metin2_map_dawnmistwood/006001/shadowmap.raw	0
metin2_patch_dragon_rock/metin2_map_dawnmistwood/006001/tile.raw	metin2_map_dawnmistwood/006001/tile.raw	0
metin2_patch_dragon_rock/ymir work/zone/devils_dragon_island/camp/camp_redthief_build_07.mdatr	d:/ymir work/zone/devils_dragon_island/camp/camp_redthief_build_07.mdatr	0
metin2_patch_dragon_rock/metin2_map_dawnmistwood/006002/areaambiencedata.txt	metin2_map_dawnmistwood/006002/areaambiencedata.txt	0
metin2_patch_dragon_rock/metin2_map_dawnmistwood/006002/areadata.txt	metin2_map_dawnmistwood/006002/areadata.txt	0
metin2_patch_dragon_rock/metin2_map_dawnmistwood/006002/height.raw	metin2_map_dawnmistwood/006002/height.raw	0
metin2_patch_dragon_rock/metin2_map_dawnmistwood/006002/minimap.wdp	metin2_map_dawnmistwood/006002/minimap.wdp	0
metin2_patch_dragon_rock/metin2_map_dawnmistwood/006002/shadowmap.wdp	metin2_map_dawnmistwood/006002/shadowmap.wdp	0
metin2_patch_dragon_rock/metin2_map_dawnmistwood/006002/shadowmap.raw	metin2_map_dawnmistwood/006002/shadowmap.raw	0
metin2_patch_dragon_rock/metin2_map_dawnmistwood/006002/tile.raw	metin2_map_dawnmistwood/006002/tile.raw	0
metin2_patch_dragon_rock/metin2_map_dawnmistwood/006003/shadowmap.raw	metin2_map_dawnmistwood/006003/shadowmap.raw	0
metin2_patch_dragon_rock/metin2_map_dawnmistwood/006003/tile.raw	metin2_map_dawnmistwood/006003/tile.raw	0
metin2_patch_dragon_rock/metin2_map_dawnmistwood/006003/water.wtr	metin2_map_dawnmistwood/006003/water.wtr	0
metin2_patch_dragon_rock/metin2_map_mt_thunder/mapproperty.txt	metin2_map_mt_thunder/mapproperty.txt	0
metin2_patch_dragon_rock/metin2_map_mt_thunder/000000/areaambiencedata.txt	metin2_map_mt_thunder/000000/areaambiencedata.txt	0
metin2_patch_dragon_rock/metin2_map_mt_thunder/000000/height.raw	metin2_map_mt_thunder/000000/height.raw	0
metin2_patch_dragon_rock/ymir work/zone/devils_dragon_island/obj_tent01.wdp	d:/ymir work/zone/devils_dragon_island/obj_tent01.wdp	0
metin2_patch_dragon_rock/metin2_map_mt_thunder/000000/tile.raw	metin2_map_mt_thunder/000000/tile.raw	0
metin2_patch_dragon_rock/metin2_map_mt_thunder/000001/areaambiencedata.txt	metin2_map_mt_thunder/000001/areaambiencedata.txt	0
metin2_patch_dragon_rock/metin2_map_mt_thunder/000001/height.raw	metin2_map_mt_thunder/000001/height.raw	0
metin2_patch_dragon_rock/metin2_map_mt_thunder/000001/shadowmap.wdp	metin2_map_mt_thunder/000001/shadowmap.wdp	0
metin2_patch_dragon_rock/metin2_map_mt_thunder/000001/shadowmap.raw	metin2_map_mt_thunder/000001/shadowmap.raw	0
metin2_patch_dragon_rock/ymir work/terrainmaps/dawnmistwood/dawnmistwood_grass003.wdp	d:/ymir work/terrainmaps/dawnmistwood/dawnmistwood_grass003.wdp	0
metin2_patch_dragon_rock/metin2_map_mt_thunder/000001/tile.raw	metin2_map_mt_thunder/000001/tile.raw	0
metin2_patch_dragon_rock/ymir work/zone/devils_dragon_island/triton_tent01.gr2	d:/ymir work/zone/devils_dragon_island/triton_tent01.gr2	0
metin2_patch_dragon_rock/metin2_map_mt_thunder/000002/areaproperty.txt	metin2_map_mt_thunder/000002/areaproperty.txt	0
metin2_patch_dragon_rock/metin2_map_mt_thunder/000002/attr.atr	metin2_map_mt_thunder/000002/attr.atr	0
metin2_patch_dragon_rock/metin2_map_mt_thunder/000002/shadowmap.wdp	metin2_map_mt_thunder/000002/shadowmap.wdp	0
metin2_patch_dragon_rock/ymir work/zone/devils_dragon_island/gaint_fence_re.wdp	d:/ymir work/zone/devils_dragon_island/gaint_fence_re.wdp	0
metin2_patch_dragon_rock/metin2_map_mt_thunder/000003/areaambiencedata.txt	metin2_map_mt_thunder/000003/areaambiencedata.txt	0
metin2_patch_dragon_rock/metin2_map_mt_thunder/000003/height.raw	metin2_map_mt_thunder/000003/height.raw	0
metin2_patch_dragon_rock/ymir work/ui/atlas/metin2_map_mt_thunder/atlas.sub	d:/ymir work/ui/atlas/metin2_map_mt_thunder/atlas.sub	0
metin2_patch_dragon_rock/metin2_map_mt_thunder/000003/shadowmap.raw	metin2_map_mt_thunder/000003/shadowmap.raw	0
metin2_patch_dragon_rock/metin2_map_mt_thunder/000004/areadata.txt	metin2_map_mt_thunder/000004/areadata.txt	0
metin2_patch_dragon_rock/metin2_map_mt_thunder/000004/attr.atr	metin2_map_mt_thunder/000004/attr.atr	0
metin2_patch_dragon_rock/metin2_map_mt_thunder/003005/shadowmap.wdp	metin2_map_mt_thunder/003005/shadowmap.wdp	0
metin2_patch_dragon_rock/metin2_map_mt_thunder/000004/shadowmap.wdp	metin2_map_mt_thunder/000004/shadowmap.wdp	0
metin2_patch_dragon_rock/metin2_map_mt_thunder/000005/tile.raw	metin2_map_mt_thunder/000005/tile.raw	0
metin2_patch_dragon_rock/metin2_map_mt_thunder/000004/shadowmap.raw	metin2_map_mt_thunder/000004/shadowmap.raw	0
metin2_patch_dragon_rock/metin2_map_mt_thunder/000004/water.wtr	metin2_map_mt_thunder/000004/water.wtr	0
metin2_patch_dragon_rock/metin2_map_mt_thunder/000005/shadowmap.wdp	metin2_map_mt_thunder/000005/shadowmap.wdp	0
metin2_patch_dragon_rock/metin2_map_mt_thunder/001002/areadata.txt	metin2_map_mt_thunder/001002/areadata.txt	0
metin2_patch_dragon_rock/metin2_map_mt_thunder/002001/shadowmap.wdp	metin2_map_mt_thunder/002001/shadowmap.wdp	0
metin2_patch_dragon_rock/metin2_map_mt_thunder/000005/water.wtr	metin2_map_mt_thunder/000005/water.wtr	0
metin2_patch_dragon_rock/ymir work/zone/devils_dragon_island/camp/gaint_fence04.gr2	d:/ymir work/zone/devils_dragon_island/camp/gaint_fence04.gr2	0
metin2_patch_dragon_rock/metin2_map_mt_thunder/001000/attr.atr	metin2_map_mt_thunder/001000/attr.atr	0
metin2_patch_dragon_rock/metin2_map_mt_thunder/001001/areaambiencedata.txt	metin2_map_mt_thunder/001001/areaambiencedata.txt	0
metin2_patch_dragon_rock/ymir work/zone/devils_dragon_island/thunder_ruins_gate_02.wdp	d:/ymir work/zone/devils_dragon_island/thunder_ruins_gate_02.wdp	0
metin2_patch_dragon_rock/metin2_map_mt_thunder/001000/height.raw	metin2_map_mt_thunder/001000/height.raw	0
metin2_patch_dragon_rock/metin2_map_mt_thunder/001000/minimap.wdp	metin2_map_mt_thunder/001000/minimap.wdp	0
metin2_patch_dragon_rock/metin2_map_mt_thunder/001000/shadowmap.wdp	metin2_map_mt_thunder/001000/shadowmap.wdp	0
metin2_patch_dragon_rock/metin2_map_mt_thunder/001000/shadowmap.raw	metin2_map_mt_thunder/001000/shadowmap.raw	0
metin2_patch_dragon_rock/metin2_map_mt_thunder/001000/water.wtr	metin2_map_mt_thunder/001000/water.wtr	0
metin2_patch_dragon_rock/metin2_map_mt_thunder/001001/areadata.txt	metin2_map_mt_thunder/001001/areadata.txt	0
metin2_patch_dragon_rock/metin2_map_mt_thunder/001001/height.raw	metin2_map_mt_thunder/001001/height.raw	0
metin2_patch_dragon_rock/metin2_map_mt_thunder/001001/shadowmap.raw	metin2_map_mt_thunder/001001/shadowmap.raw	0
metin2_patch_dragon_rock/metin2_map_mt_thunder/001001/tile.raw	metin2_map_mt_thunder/001001/tile.raw	0
metin2_patch_dragon_rock/ymir work/zone/devils_dragon_island/dawnmist_floor01.mdatr	d:/ymir work/zone/devils_dragon_island/dawnmist_floor01.mdatr	0
metin2_patch_dragon_rock/metin2_map_mt_thunder/001001/water.wtr	metin2_map_mt_thunder/001001/water.wtr	0
metin2_patch_dragon_rock/metin2_map_mt_thunder/001002/areaambiencedata.txt	metin2_map_mt_thunder/001002/areaambiencedata.txt	0
metin2_patch_dragon_rock/metin2_map_mt_thunder/001002/attr.atr	metin2_map_mt_thunder/001002/attr.atr	0
metin2_patch_dragon_rock/metin2_map_mt_thunder/001002/shadowmap.raw	metin2_map_mt_thunder/001002/shadowmap.raw	0
metin2_patch_dragon_rock/metin2_map_mt_thunder/001002/tile.raw	metin2_map_mt_thunder/001002/tile.raw	0
metin2_patch_dragon_rock/ymir work/zone/devils_dragon_island/fortms_pier_pillar02.gr2	d:/ymir work/zone/devils_dragon_island/fortms_pier_pillar02.gr2	0
metin2_patch_dragon_rock/metin2_map_mt_thunder/001003/minimap.wdp	metin2_map_mt_thunder/001003/minimap.wdp	0
metin2_patch_dragon_rock/metin2_map_mt_thunder/001003/shadowmap.wdp	metin2_map_mt_thunder/001003/shadowmap.wdp	0
metin2_patch_dragon_rock/metin2_map_mt_thunder/001003/shadowmap.raw	metin2_map_mt_thunder/001003/shadowmap.raw	0
metin2_patch_dragon_rock/metin2_map_mt_thunder/001003/tile.raw	metin2_map_mt_thunder/001003/tile.raw	0
metin2_patch_dragon_rock/metin2_map_mt_thunder/003003/shadowmap.raw	metin2_map_mt_thunder/003003/shadowmap.raw	0
metin2_patch_dragon_rock/metin2_map_mt_thunder/001004/areaambiencedata.txt	metin2_map_mt_thunder/001004/areaambiencedata.txt	0
metin2_patch_dragon_rock/ymir work/zone/devils_dragon_island/bone/bone_whale_neck00.gr2	d:/ymir work/zone/devils_dragon_island/bone/bone_whale_neck00.gr2	0
metin2_patch_dragon_rock/metin2_map_mt_thunder/001004/height.raw	metin2_map_mt_thunder/001004/height.raw	0
metin2_patch_dragon_rock/metin2_map_mt_thunder/001004/minimap.wdp	metin2_map_mt_thunder/001004/minimap.wdp	0
metin2_patch_dragon_rock/metin2_map_mt_thunder/001004/shadowmap.wdp	metin2_map_mt_thunder/001004/shadowmap.wdp	0
metin2_patch_dragon_rock/metin2_map_mt_thunder/001005/areaproperty.txt	metin2_map_mt_thunder/001005/areaproperty.txt	0
metin2_patch_dragon_rock/ymir work/zone/devils_dragon_island/camp/gaint_builda_06.mdatr	d:/ymir work/zone/devils_dragon_island/camp/gaint_builda_06.mdatr	0
metin2_patch_dragon_rock/metin2_map_mt_thunder/001005/height.raw	metin2_map_mt_thunder/001005/height.raw	0
metin2_patch_dragon_rock/metin2_map_mt_thunder/001005/minimap.wdp	metin2_map_mt_thunder/001005/minimap.wdp	0
metin2_patch_dragon_rock/metin2_map_mt_thunder/001005/shadowmap.wdp	metin2_map_mt_thunder/001005/shadowmap.wdp	0
metin2_patch_dragon_rock/metin2_map_mt_thunder/001005/tile.raw	metin2_map_mt_thunder/001005/tile.raw	0
metin2_patch_dragon_rock/metin2_map_mt_thunder/002000/areaambiencedata.txt	metin2_map_mt_thunder/002000/areaambiencedata.txt	0
metin2_patch_dragon_rock/ymir work/zone/devils_dragon_island/gaint_fence_re_02.gr2	d:/ymir work/zone/devils_dragon_island/gaint_fence_re_02.gr2	0
metin2_patch_dragon_rock/metin2_map_mt_thunder/002000/height.raw	metin2_map_mt_thunder/002000/height.raw	0
metin2_patch_dragon_rock/metin2_map_mt_thunder/002000/minimap.wdp	metin2_map_mt_thunder/002000/minimap.wdp	0
metin2_patch_dragon_rock/metin2_map_mt_thunder/003000/areaproperty.txt	metin2_map_mt_thunder/003000/areaproperty.txt	0
metin2_patch_dragon_rock/metin2_map_mt_thunder/002000/shadowmap.wdp	metin2_map_mt_thunder/002000/shadowmap.wdp	0
metin2_patch_dragon_rock/metin2_map_mt_thunder/002001/height.raw	metin2_map_mt_thunder/002001/height.raw	0
metin2_patch_dragon_rock/metin2_map_mt_thunder/002001/minimap.wdp	metin2_map_mt_thunder/002001/minimap.wdp	0
metin2_patch_dragon_rock/ymir work/zone/devils_dragon_island/thing_hake_02.gr2	d:/ymir work/zone/devils_dragon_island/thing_hake_02.gr2	0
metin2_patch_dragon_rock/metin2_map_mt_thunder/002001/tile.raw	metin2_map_mt_thunder/002001/tile.raw	0
metin2_patch_dragon_rock/metin2_map_mt_thunder/002002/areadata.txt	metin2_map_mt_thunder/002002/areadata.txt	0
metin2_patch_dragon_rock/metin2_map_mt_thunder/002002/tile.raw	metin2_map_mt_thunder/002002/tile.raw	0
metin2_patch_dragon_rock/metin2_map_mt_thunder/002002/water.wtr	metin2_map_mt_thunder/002002/water.wtr	0
metin2_patch_dragon_rock/ymir work/zone/devils_dragon_island/camp/gaint_builda_11.gr2	d:/ymir work/zone/devils_dragon_island/camp/gaint_builda_11.gr2	0
metin2_patch_dragon_rock/metin2_map_mt_thunder/002003/height.raw	metin2_map_mt_thunder/002003/height.raw	0
metin2_patch_dragon_rock/metin2_map_mt_thunder/002003/shadowmap.raw	metin2_map_mt_thunder/002003/shadowmap.raw	0
metin2_patch_dragon_rock/ymir work/zone/devils_dragon_island/camp/gaint_builda_05.mdatr	d:/ymir work/zone/devils_dragon_island/camp/gaint_builda_05.mdatr	0
metin2_patch_dragon_rock/metin2_map_mt_thunder/002004/areaambiencedata.txt	metin2_map_mt_thunder/002004/areaambiencedata.txt	0
metin2_patch_dragon_rock/metin2_map_mt_thunder/002004/areadata.txt	metin2_map_mt_thunder/002004/areadata.txt	0
metin2_patch_dragon_rock/metin2_map_mt_thunder/002004/attr.atr	metin2_map_mt_thunder/002004/attr.atr	0
metin2_patch_dragon_rock/metin2_map_mt_thunder/002004/height.raw	metin2_map_mt_thunder/002004/height.raw	0
metin2_patch_dragon_rock/metin2_map_mt_thunder/002004/minimap.wdp	metin2_map_mt_thunder/002004/minimap.wdp	0
metin2_patch_dragon_rock/metin2_map_mt_thunder/002004/shadowmap.wdp	metin2_map_mt_thunder/002004/shadowmap.wdp	0
metin2_patch_dragon_rock/metin2_map_mt_thunder/003005/attr.atr	metin2_map_mt_thunder/003005/attr.atr	0
metin2_patch_dragon_rock/metin2_map_mt_thunder/002004/tile.raw	metin2_map_mt_thunder/002004/tile.raw	0
metin2_patch_dragon_rock/metin2_map_mt_thunder/002004/water.wtr	metin2_map_mt_thunder/002004/water.wtr	0
metin2_patch_dragon_rock/metin2_map_mt_thunder/002005/areaambiencedata.txt	metin2_map_mt_thunder/002005/areaambiencedata.txt	0
metin2_patch_dragon_rock/metin2_map_mt_thunder/002005/areadata.txt	metin2_map_mt_thunder/002005/areadata.txt	0
metin2_patch_dragon_rock/ymir work/zone/devils_dragon_island/bone/bone_whale_rib_up01.gr2	d:/ymir work/zone/devils_dragon_island/bone/bone_whale_rib_up01.gr2	0
metin2_patch_dragon_rock/metin2_map_mt_thunder/002005/areaproperty.txt	metin2_map_mt_thunder/002005/areaproperty.txt	0
metin2_patch_dragon_rock/metin2_map_mt_thunder/002005/attr.atr	metin2_map_mt_thunder/002005/attr.atr	0
metin2_patch_dragon_rock/metin2_map_mt_thunder/002005/minimap.wdp	metin2_map_mt_thunder/002005/minimap.wdp	0
metin2_patch_dragon_rock/ymir work/terrainmaps/bayblacksand/bayblacksand_grass_00.wdp	d:/ymir work/terrainmaps/bayblacksand/bayblacksand_grass_00.wdp	0
metin2_patch_dragon_rock/metin2_map_mt_thunder/002005/shadowmap.raw	metin2_map_mt_thunder/002005/shadowmap.raw	0
metin2_patch_dragon_rock/metin2_map_mt_thunder/002005/tile.raw	metin2_map_mt_thunder/002005/tile.raw	0
metin2_patch_dragon_rock/ymir work/terrainmaps/bayblacksand/bayblacksand_cliff_002.wdp	d:/ymir work/terrainmaps/bayblacksand/bayblacksand_cliff_002.wdp	0
metin2_patch_dragon_rock/metin2_map_mt_thunder/002005/water.wtr	metin2_map_mt_thunder/002005/water.wtr	0
metin2_patch_dragon_rock/metin2_map_mt_thunder/003000/areaambiencedata.txt	metin2_map_mt_thunder/003000/areaambiencedata.txt	0
metin2_patch_dragon_rock/metin2_map_mt_thunder/003000/height.raw	metin2_map_mt_thunder/003000/height.raw	0
metin2_patch_dragon_rock/metin2_map_mt_thunder/003000/shadowmap.wdp	metin2_map_mt_thunder/003000/shadowmap.wdp	0
metin2_patch_dragon_rock/metin2_map_mt_thunder/003000/shadowmap.raw	metin2_map_mt_thunder/003000/shadowmap.raw	0
metin2_patch_dragon_rock/metin2_map_mt_thunder/003000/tile.raw	metin2_map_mt_thunder/003000/tile.raw	0
metin2_patch_dragon_rock/metin2_map_mt_thunder/003000/water.wtr	metin2_map_mt_thunder/003000/water.wtr	0
metin2_patch_dragon_rock/metin2_map_mt_thunder/003001/areadata.txt	metin2_map_mt_thunder/003001/areadata.txt	0
metin2_patch_dragon_rock/metin2_map_mt_thunder/003001/height.raw	metin2_map_mt_thunder/003001/height.raw	0
metin2_patch_dragon_rock/metin2_map_mt_thunder/003001/minimap.wdp	metin2_map_mt_thunder/003001/minimap.wdp	0
metin2_patch_dragon_rock/metin2_map_mt_thunder/003001/shadowmap.wdp	metin2_map_mt_thunder/003001/shadowmap.wdp	0
metin2_patch_dragon_rock/metin2_map_mt_thunder/003001/shadowmap.raw	metin2_map_mt_thunder/003001/shadowmap.raw	0
metin2_patch_dragon_rock/metin2_map_mt_thunder/003001/tile.raw	metin2_map_mt_thunder/003001/tile.raw	0
metin2_patch_dragon_rock/ymir work/zone/devils_dragon_island/gaint_build a_03.wdp	d:/ymir work/zone/devils_dragon_island/gaint_build a_03.wdp	0
metin2_patch_dragon_rock/metin2_map_mt_thunder/003002/height.raw	metin2_map_mt_thunder/003002/height.raw	0
metin2_patch_dragon_rock/metin2_map_mt_thunder/003002/shadowmap.wdp	metin2_map_mt_thunder/003002/shadowmap.wdp	0
metin2_patch_dragon_rock/ymir work/zone/devils_dragon_island/thunder_ruins_wall02.gr2	d:/ymir work/zone/devils_dragon_island/thunder_ruins_wall02.gr2	0
metin2_patch_dragon_rock/metin2_map_mt_thunder/003002/shadowmap.raw	metin2_map_mt_thunder/003002/shadowmap.raw	0
metin2_patch_dragon_rock/metin2_map_mt_thunder/003002/tile.raw	metin2_map_mt_thunder/003002/tile.raw	0
metin2_patch_dragon_rock/ymir work/zone/devils_dragon_island/mtthund_thorn01.wdp	d:/ymir work/zone/devils_dragon_island/mtthund_thorn01.wdp	0
metin2_patch_dragon_rock/metin2_map_mt_thunder/003003/areaproperty.txt	metin2_map_mt_thunder/003003/areaproperty.txt	0
metin2_patch_dragon_rock/metin2_map_mt_thunder/003003/attr.atr	metin2_map_mt_thunder/003003/attr.atr	0
metin2_patch_dragon_rock/ymir work/zone/devils_dragon_island/camp/gaint_builda_08.mdatr	d:/ymir work/zone/devils_dragon_island/camp/gaint_builda_08.mdatr	0
metin2_patch_dragon_rock/metin2_map_mt_thunder/003003/height.raw	metin2_map_mt_thunder/003003/height.raw	0
metin2_patch_dragon_rock/ymir work/effect/background/pattern1.dds	d:/ymir work/effect/background/pattern1.dds	0
metin2_patch_dragon_rock/metin2_map_mt_thunder/003003/shadowmap.wdp	metin2_map_mt_thunder/003003/shadowmap.wdp	0
metin2_patch_dragon_rock/ymir work/zone/devils_dragon_island/camp/camp_woodhut_break01.gr2	d:/ymir work/zone/devils_dragon_island/camp/camp_woodhut_break01.gr2	0
metin2_patch_dragon_rock/metin2_map_mt_thunder/003004/areadata.txt	metin2_map_mt_thunder/003004/areadata.txt	0
metin2_patch_dragon_rock/metin2_map_mt_thunder/003004/areaproperty.txt	metin2_map_mt_thunder/003004/areaproperty.txt	0
metin2_patch_dragon_rock/metin2_map_mt_thunder/003004/attr.atr	metin2_map_mt_thunder/003004/attr.atr	0
metin2_patch_dragon_rock/metin2_map_mt_thunder/003004/height.raw	metin2_map_mt_thunder/003004/height.raw	0
metin2_patch_dragon_rock/metin2_map_mt_thunder/003004/minimap.wdp	metin2_map_mt_thunder/003004/minimap.wdp	0
metin2_patch_dragon_rock/metin2_map_mt_thunder/003004/tile.raw	metin2_map_mt_thunder/003004/tile.raw	0
metin2_patch_dragon_rock/ymir work/zone/devils_dragon_island/things_woodboat_b.wdp	d:/ymir work/zone/devils_dragon_island/things_woodboat_b.wdp	0
metin2_patch_dragon_rock/metin2_map_mt_thunder/003004/water.wtr	metin2_map_mt_thunder/003004/water.wtr	0
metin2_patch_dragon_rock/metin2_map_mt_thunder/003005/areaambiencedata.txt	metin2_map_mt_thunder/003005/areaambiencedata.txt	0
metin2_patch_dragon_rock/ymir work/npc2/donkey/wait1.msa	d:/ymir work/npc2/donkey/wait1.msa	0
metin2_patch_dragon_rock/metin2_map_mt_thunder/003005/areadata.txt	metin2_map_mt_thunder/003005/areadata.txt	0
metin2_patch_dragon_rock/metin2_map_mt_thunder/003005/areaproperty.txt	metin2_map_mt_thunder/003005/areaproperty.txt	0
metin2_patch_dragon_rock/metin2_map_mt_thunder/003005/minimap.wdp	metin2_map_mt_thunder/003005/minimap.wdp	0
metin2_patch_dragon_rock/metin2_map_mt_thunder/003005/shadowmap.raw	metin2_map_mt_thunder/003005/shadowmap.raw	0
metin2_patch_dragon_rock/textureset/metin2_mtthunder.txt	textureset/metin2_mtthunder.txt	0
metin2_patch_dragon_rock/metin2_map_mt_thunder/003005/tile.raw	metin2_map_mt_thunder/003005/tile.raw	0
metin2_patch_dragon_rock/metin2_map_mt_thunder/003005/water.wtr	metin2_map_mt_thunder/003005/water.wtr	0
metin2_patch_dragon_rock/ymir work/terrainmaps/bayblacksand/bayblacksand_blacksand.wdp	d:/ymir work/terrainmaps/bayblacksand/bayblacksand_blacksand.wdp	0
metin2_patch_dragon_rock/ymir work/terrainmaps/bayblacksand/bayblacksand_grass.wdp	d:/ymir work/terrainmaps/bayblacksand/bayblacksand_grass.wdp	0
metin2_patch_dragon_rock/ymir work/terrainmaps/bayblacksand/bayblacksand_rock001.wdp	d:/ymir work/terrainmaps/bayblacksand/bayblacksand_rock001.wdp	0
metin2_patch_dragon_rock/ymir work/terrainmaps/bayblacksand/bayblacksand_seagrass.wdp	d:/ymir work/terrainmaps/bayblacksand/bayblacksand_seagrass.wdp	0
metin2_patch_dragon_rock/ymir work/terrainmaps/capedragonhead/capedragon_cliff003.wdp	d:/ymir work/terrainmaps/capedragonhead/capedragon_cliff003.wdp	0
metin2_patch_dragon_rock/ymir work/terrainmaps/capedragonhead/capedragon_field003.wdp	d:/ymir work/terrainmaps/capedragonhead/capedragon_field003.wdp	0
metin2_patch_dragon_rock/ymir work/terrainmaps/capedragonhead/capedragon_grass001.wdp	d:/ymir work/terrainmaps/capedragonhead/capedragon_grass001.wdp	0
metin2_patch_dragon_rock/ymir work/terrainmaps/capedragonhead/capedragon_grass002.wdp	d:/ymir work/terrainmaps/capedragonhead/capedragon_grass002.wdp	0
metin2_patch_dragon_rock/ymir work/terrainmaps/capedragonhead/capedragon_grass003.wdp	d:/ymir work/terrainmaps/capedragonhead/capedragon_grass003.wdp	0
metin2_patch_dragon_rock/ymir work/terrainmaps/capedragonhead/stone_tile_001.wdp	d:/ymir work/terrainmaps/capedragonhead/stone_tile_001.wdp	0
metin2_patch_dragon_rock/ymir work/terrainmaps/dawnmistwood/dawnmistwood_field000.wdp	d:/ymir work/terrainmaps/dawnmistwood/dawnmistwood_field000.wdp	0
metin2_patch_dragon_rock/ymir work/terrainmaps/dawnmistwood/dawnmistwood_field001.wdp	d:/ymir work/terrainmaps/dawnmistwood/dawnmistwood_field001.wdp	0
metin2_patch_dragon_rock/ymir work/terrainmaps/dawnmistwood/dawnmistwood_field003.wdp	d:/ymir work/terrainmaps/dawnmistwood/dawnmistwood_field003.wdp	0
metin2_patch_dragon_rock/ymir work/terrainmaps/dawnmistwood/dawnmistwood_grass001.wdp	d:/ymir work/terrainmaps/dawnmistwood/dawnmistwood_grass001.wdp	0
metin2_patch_dragon_rock/ymir work/terrainmaps/dawnmistwood/dawnmistwood_grass002.wdp	d:/ymir work/terrainmaps/dawnmistwood/dawnmistwood_grass002.wdp	0
metin2_patch_dragon_rock/ymir work/terrainmaps/dawnmistwood/dawnmistwood_rock001.wdp	d:/ymir work/terrainmaps/dawnmistwood/dawnmistwood_rock001.wdp	0
metin2_patch_dragon_rock/ymir work/terrainmaps/dawnmistwood/dawnmistwood_stone001.wdp	d:/ymir work/terrainmaps/dawnmistwood/dawnmistwood_stone001.wdp	0
metin2_patch_dragon_rock/ymir work/terrainmaps/mtthunder/mtthunder_field03.wdp	d:/ymir work/terrainmaps/mtthunder/mtthunder_field03.wdp	0
metin2_patch_dragon_rock/ymir work/terrainmaps/mtthunder/mtthunder_field04.wdp	d:/ymir work/terrainmaps/mtthunder/mtthunder_field04.wdp	0
metin2_patch_dragon_rock/ymir work/terrainmaps/mtthunder/mtthunder_grass02.wdp	d:/ymir work/terrainmaps/mtthunder/mtthunder_grass02.wdp	0
metin2_patch_dragon_rock/ymir work/terrainmaps/mtthunder/mtthunder_grass03.wdp	d:/ymir work/terrainmaps/mtthunder/mtthunder_grass03.wdp	0
metin2_patch_dragon_rock/ymir work/zone/devils_dragon_island/camp/camp_woodhut_00.mdatr	d:/ymir work/zone/devils_dragon_island/camp/camp_woodhut_00.mdatr	0
metin2_patch_dragon_rock/ymir work/terrainmaps/mtthunder/mtthunder_stone03.wdp	d:/ymir work/terrainmaps/mtthunder/mtthunder_stone03.wdp	0
metin2_patch_dragon_rock/ymir work/zone/devils_dragon_island/fortms_pier_pillarset.gr2	d:/ymir work/zone/devils_dragon_island/fortms_pier_pillarset.gr2	0
metin2_patch_dragon_rock/textureset/metin2_dawnmistwood.txt	textureset/metin2_dawnmistwood.txt	0
metin2_patch_dragon_rock/ymir work/zone/devils_dragon_island/camp_manticore_fur.wdp	d:/ymir work/zone/devils_dragon_island/camp_manticore_fur.wdp	0
metin2_patch_dragon_rock/ymir work/zone/devils_dragon_island/fortms_pier_pillar03.gr2	d:/ymir work/zone/devils_dragon_island/fortms_pier_pillar03.gr2	0
metin2_patch_dragon_rock/ymir work/zone/devils_dragon_island/camp_redthief_flag.wdp	d:/ymir work/zone/devils_dragon_island/camp_redthief_flag.wdp	0
metin2_patch_dragon_rock/ymir work/zone/devils_dragon_island/camp_redthief_gate.wdp	d:/ymir work/zone/devils_dragon_island/camp_redthief_gate.wdp	0
metin2_patch_dragon_rock/ymir work/zone/devils_dragon_island/camp_tent_woodhut_00.wdp	d:/ymir work/zone/devils_dragon_island/camp_tent_woodhut_00.wdp	0
metin2_patch_dragon_rock/ymir work/zone/devils_dragon_island/cart_shopbox.gr2	d:/ymir work/zone/devils_dragon_island/cart_shopbox.gr2	0
metin2_patch_dragon_rock/ymir work/zone/devils_dragon_island/cart_shopbox00.gr2	d:/ymir work/zone/devils_dragon_island/cart_shopbox00.gr2	0
metin2_patch_dragon_rock/ymir work/zone/devils_dragon_island/camp/camp_woodhut_02.mdatr	d:/ymir work/zone/devils_dragon_island/camp/camp_woodhut_02.mdatr	0
metin2_patch_dragon_rock/ymir work/zone/devils_dragon_island/cart_shopbox01.gr2	d:/ymir work/zone/devils_dragon_island/cart_shopbox01.gr2	0
metin2_patch_dragon_rock/ymir work/zone/devils_dragon_island/cart_shop_d.wdp	d:/ymir work/zone/devils_dragon_island/cart_shop_d.wdp	0
metin2_patch_dragon_rock/ymir work/zone/devils_dragon_island/dawnmist_floor00.gr2	d:/ymir work/zone/devils_dragon_island/dawnmist_floor00.gr2	0
metin2_patch_dragon_rock/ymir work/zone/devils_dragon_island/dawnmist_floor00.mdatr	d:/ymir work/zone/devils_dragon_island/dawnmist_floor00.mdatr	0
metin2_patch_dragon_rock/ymir work/zone/devils_dragon_island/dawnmist_gate.wdp	d:/ymir work/zone/devils_dragon_island/dawnmist_gate.wdp	0
metin2_patch_dragon_rock/ymir work/zone/devils_dragon_island/dawnmist_gate.gr2	d:/ymir work/zone/devils_dragon_island/dawnmist_gate.gr2	0
metin2_patch_dragon_rock/ymir work/zone/devils_dragon_island/dawnmist_gate_s.gr2	d:/ymir work/zone/devils_dragon_island/dawnmist_gate_s.gr2	0
metin2_patch_dragon_rock/ymir work/zone/devils_dragon_island/dawnmist_light.wdp	d:/ymir work/zone/devils_dragon_island/dawnmist_light.wdp	0
metin2_patch_dragon_rock/ymir work/zone/devils_dragon_island/dawnmist_light.gr2	d:/ymir work/zone/devils_dragon_island/dawnmist_light.gr2	0
metin2_patch_dragon_rock/ymir work/zone/devils_dragon_island/dawnmist_statue.gr2	d:/ymir work/zone/devils_dragon_island/dawnmist_statue.gr2	0
metin2_patch_dragon_rock/ymir work/zone/devils_dragon_island/dawnmist_statue.mdatr	d:/ymir work/zone/devils_dragon_island/dawnmist_statue.mdatr	0
metin2_patch_dragon_rock/ymir work/zone/devils_dragon_island/dawnmist_statue00.gr2	d:/ymir work/zone/devils_dragon_island/dawnmist_statue00.gr2	0
metin2_patch_dragon_rock/ymir work/zone/devils_dragon_island/dawnmist_statue01.wdp	d:/ymir work/zone/devils_dragon_island/dawnmist_statue01.wdp	0
metin2_patch_dragon_rock/ymir work/zone/devils_dragon_island/dawnmist_step00.gr2	d:/ymir work/zone/devils_dragon_island/dawnmist_step00.gr2	0
metin2_patch_dragon_rock/ymir work/zone/devils_dragon_island/dawnmist_step01.gr2	d:/ymir work/zone/devils_dragon_island/dawnmist_step01.gr2	0
metin2_patch_dragon_rock/ymir work/zone/devils_dragon_island/dawnmist_wall00.gr2	d:/ymir work/zone/devils_dragon_island/dawnmist_wall00.gr2	0
metin2_patch_dragon_rock/ymir work/zone/devils_dragon_island/gaint_fence_re_03.gr2	d:/ymir work/zone/devils_dragon_island/gaint_fence_re_03.gr2	0
metin2_patch_dragon_rock/ymir work/zone/devils_dragon_island/dawnmist_wall01.gr2	d:/ymir work/zone/devils_dragon_island/dawnmist_wall01.gr2	0
metin2_patch_dragon_rock/ymir work/zone/devils_dragon_island/dawnmist_wallpillar00.gr2	d:/ymir work/zone/devils_dragon_island/dawnmist_wallpillar00.gr2	0
metin2_patch_dragon_rock/ymir work/zone/devils_dragon_island/fortms_box_smithy00.gr2	d:/ymir work/zone/devils_dragon_island/fortms_box_smithy00.gr2	0
metin2_patch_dragon_rock/ymir work/zone/devils_dragon_island/fortms_box_smithy01.gr2	d:/ymir work/zone/devils_dragon_island/fortms_box_smithy01.gr2	0
metin2_patch_dragon_rock/ymir work/zone/devils_dragon_island/fortms_build_house00.wdp	d:/ymir work/zone/devils_dragon_island/fortms_build_house00.wdp	0
metin2_patch_dragon_rock/ymir work/effect/background/statue1_glow1_1.mde	d:/ymir work/effect/background/statue1_glow1_1.mde	0
metin2_patch_dragon_rock/ymir work/zone/devils_dragon_island/fortms_build_normal_00.gr2	d:/ymir work/zone/devils_dragon_island/fortms_build_normal_00.gr2	0
metin2_patch_dragon_rock/ymir work/zone/devils_dragon_island/fortms_build_normal_01.gr2	d:/ymir work/zone/devils_dragon_island/fortms_build_normal_01.gr2	0
metin2_patch_dragon_rock/ymir work/zone/devils_dragon_island/fortms_build_normal_top.wdp	d:/ymir work/zone/devils_dragon_island/fortms_build_normal_top.wdp	0
metin2_patch_dragon_rock/ymir work/zone/devils_dragon_island/fortms_build_normal_wood.wdp	d:/ymir work/zone/devils_dragon_island/fortms_build_normal_wood.wdp	0
metin2_patch_dragon_rock/ymir work/zone/devils_dragon_island/fortms_build_office.gr2	d:/ymir work/zone/devils_dragon_island/fortms_build_office.gr2	0
metin2_patch_dragon_rock/ymir work/zone/devils_dragon_island/fortms_build_smithy.gr2	d:/ymir work/zone/devils_dragon_island/fortms_build_smithy.gr2	0
metin2_patch_dragon_rock/ymir work/zone/devils_dragon_island/fortms_build_smithy000.wdp	d:/ymir work/zone/devils_dragon_island/fortms_build_smithy000.wdp	0
metin2_patch_dragon_rock/ymir work/zone/devils_dragon_island/fortms_build_totem.wdp	d:/ymir work/zone/devils_dragon_island/fortms_build_totem.wdp	0
metin2_patch_dragon_rock/ymir work/zone/devils_dragon_island/fortms_build_totem.gr2	d:/ymir work/zone/devils_dragon_island/fortms_build_totem.gr2	0
metin2_patch_dragon_rock/ymir work/zone/devils_dragon_island/fortms_build_well.wdp	d:/ymir work/zone/devils_dragon_island/fortms_build_well.wdp	0
metin2_patch_dragon_rock/ymir work/zone/devils_dragon_island/fortms_build_well.gr2	d:/ymir work/zone/devils_dragon_island/fortms_build_well.gr2	0
metin2_patch_dragon_rock/ymir work/zone/devils_dragon_island/fortms_fence_body01.gr2	d:/ymir work/zone/devils_dragon_island/fortms_fence_body01.gr2	0
metin2_patch_dragon_rock/ymir work/zone/devils_dragon_island/fortms_fence_body02.gr2	d:/ymir work/zone/devils_dragon_island/fortms_fence_body02.gr2	0
metin2_patch_dragon_rock/ymir work/zone/devils_dragon_island/fortms_fence_pillar.gr2	d:/ymir work/zone/devils_dragon_island/fortms_fence_pillar.gr2	0
metin2_patch_dragon_rock/ymir work/zone/devils_dragon_island/fortms_firesignal.wdp	d:/ymir work/zone/devils_dragon_island/fortms_firesignal.wdp	0
metin2_patch_dragon_rock/ymir work/zone/devils_dragon_island/fortms_firesignal.gr2	d:/ymir work/zone/devils_dragon_island/fortms_firesignal.gr2	0
metin2_patch_dragon_rock/ymir work/zone/devils_dragon_island/fortms_gate00.wdp	d:/ymir work/zone/devils_dragon_island/fortms_gate00.wdp	0
metin2_patch_dragon_rock/ymir work/zone/devils_dragon_island/fortms_pier.gr2	d:/ymir work/zone/devils_dragon_island/fortms_pier.gr2	0
metin2_patch_dragon_rock/ymir work/zone/devils_dragon_island/fortms_gate01.wdp	d:/ymir work/zone/devils_dragon_island/fortms_gate01.wdp	0
metin2_patch_dragon_rock/ymir work/zone/devils_dragon_island/fortms_light.gr2	d:/ymir work/zone/devils_dragon_island/fortms_light.gr2	0
metin2_patch_dragon_rock/ymir work/zone/devils_dragon_island/fortms_light_d.wdp	d:/ymir work/zone/devils_dragon_island/fortms_light_d.wdp	0
metin2_patch_dragon_rock/ymir work/zone/devils_dragon_island/fortms_pier.wdp	d:/ymir work/zone/devils_dragon_island/fortms_pier.wdp	0
metin2_patch_dragon_rock/ymir work/zone/devils_dragon_island/fortms_pier.mdatr	d:/ymir work/zone/devils_dragon_island/fortms_pier.mdatr	0
metin2_patch_dragon_rock/ymir work/zone/devils_dragon_island/fortms_ship01_lod_01.gr2	d:/ymir work/zone/devils_dragon_island/fortms_ship01_lod_01.gr2	0
metin2_patch_dragon_rock/ymir work/zone/devils_dragon_island/fortms_ship01.wdp	d:/ymir work/zone/devils_dragon_island/fortms_ship01.wdp	0
metin2_patch_dragon_rock/ymir work/zone/devils_dragon_island/fortms_watchtower.wdp	d:/ymir work/zone/devils_dragon_island/fortms_watchtower.wdp	0
metin2_patch_dragon_rock/ymir work/zone/devils_dragon_island/fortms_watchtower.gr2	d:/ymir work/zone/devils_dragon_island/fortms_watchtower.gr2	0
metin2_patch_dragon_rock/ymir work/zone/devils_dragon_island/fort_ship05_02.dds	d:/ymir work/zone/devils_dragon_island/fort_ship05_02.dds	0
metin2_patch_dragon_rock/ymir work/zone/devils_dragon_island/fotrms_gate.gr2	d:/ymir work/zone/devils_dragon_island/fotrms_gate.gr2	0
metin2_patch_dragon_rock/ymir work/zone/devils_dragon_island/gaint_ gate_02.wdp	d:/ymir work/zone/devils_dragon_island/gaint_ gate_02.wdp	0
metin2_patch_dragon_rock/ymir work/zone/devils_dragon_island/gaint_build a_01.wdp	d:/ymir work/zone/devils_dragon_island/gaint_build a_01.wdp	0
metin2_patch_dragon_rock/ymir work/zone/devils_dragon_island/gaint_buildb_01.wdp	d:/ymir work/zone/devils_dragon_island/gaint_buildb_01.wdp	0
metin2_patch_dragon_rock/ymir work/zone/devils_dragon_island/gaint_buildb_02.wdp	d:/ymir work/zone/devils_dragon_island/gaint_buildb_02.wdp	0
metin2_patch_dragon_rock/ymir work/zone/devils_dragon_island/gaint_buildb_03.wdp	d:/ymir work/zone/devils_dragon_island/gaint_buildb_03.wdp	0
metin2_patch_dragon_rock/ymir work/zone/devils_dragon_island/gaint_fence_re_01.gr2	d:/ymir work/zone/devils_dragon_island/gaint_fence_re_01.gr2	0
metin2_patch_dragon_rock/ymir work/zone/devils_dragon_island/obj_mtthund_thorn01.gr2	d:/ymir work/zone/devils_dragon_island/obj_mtthund_thorn01.gr2	0
metin2_patch_dragon_rock/ymir work/zone/devils_dragon_island/obj_mtthund_thorn02.gr2	d:/ymir work/zone/devils_dragon_island/obj_mtthund_thorn02.gr2	0
metin2_patch_dragon_rock/ymir work/zone/devils_dragon_island/obj_mtthund_thorn03.gr2	d:/ymir work/zone/devils_dragon_island/obj_mtthund_thorn03.gr2	0
metin2_patch_dragon_rock/ymir work/zone/devils_dragon_island/obj_mtthund_thorn03a.gr2	d:/ymir work/zone/devils_dragon_island/obj_mtthund_thorn03a.gr2	0
metin2_patch_dragon_rock/ymir work/zone/devils_dragon_island/obj_mtthund_thorn04.gr2	d:/ymir work/zone/devils_dragon_island/obj_mtthund_thorn04.gr2	0
metin2_patch_dragon_rock/ymir work/zone/devils_dragon_island/obj_mtthund_thorn05.gr2	d:/ymir work/zone/devils_dragon_island/obj_mtthund_thorn05.gr2	0
metin2_patch_dragon_rock/ymir work/zone/devils_dragon_island/obj_mtthund_thorn05a.gr2	d:/ymir work/zone/devils_dragon_island/obj_mtthund_thorn05a.gr2	0
metin2_patch_dragon_rock/ymir work/zone/devils_dragon_island/obj_mtthund_thorn05d.gr2	d:/ymir work/zone/devils_dragon_island/obj_mtthund_thorn05d.gr2	0
metin2_patch_dragon_rock/ymir work/zone/devils_dragon_island/obj_tent01.gr2	d:/ymir work/zone/devils_dragon_island/obj_tent01.gr2	0
metin2_patch_dragon_rock/ymir work/zone/devils_dragon_island/ships_broken00.gr2	d:/ymir work/zone/devils_dragon_island/ships_broken00.gr2	0
metin2_patch_dragon_rock/ymir work/zone/devils_dragon_island/ships_broken3.wdp	d:/ymir work/zone/devils_dragon_island/ships_broken3.wdp	0
metin2_patch_dragon_rock/ymir work/zone/devils_dragon_island/ships_brokenup00.gr2	d:/ymir work/zone/devils_dragon_island/ships_brokenup00.gr2	0
metin2_patch_dragon_rock/ymir work/zone/devils_dragon_island/ships_broken_piece01.gr2	d:/ymir work/zone/devils_dragon_island/ships_broken_piece01.gr2	0
metin2_patch_dragon_rock/ymir work/zone/devils_dragon_island/ships_broken_piece03.gr2	d:/ymir work/zone/devils_dragon_island/ships_broken_piece03.gr2	0
metin2_patch_dragon_rock/ymir work/zone/devils_dragon_island/stone_steps00.gr2	d:/ymir work/zone/devils_dragon_island/stone_steps00.gr2	0
metin2_patch_dragon_rock/ymir work/zone/devils_dragon_island/ships_broken_piece04.gr2	d:/ymir work/zone/devils_dragon_island/ships_broken_piece04.gr2	0
metin2_patch_dragon_rock/ymir work/zone/devils_dragon_island/camp/gaint_gate_01.mdatr	d:/ymir work/zone/devils_dragon_island/camp/gaint_gate_01.mdatr	0
metin2_patch_dragon_rock/ymir work/zone/devils_dragon_island/things_woodboat_00.gr2	d:/ymir work/zone/devils_dragon_island/things_woodboat_00.gr2	0
metin2_patch_dragon_rock/ymir work/zone/devils_dragon_island/camp/gaint_buildb_02.gr2	d:/ymir work/zone/devils_dragon_island/camp/gaint_buildb_02.gr2	0
metin2_patch_dragon_rock/ymir work/zone/devils_dragon_island/thing_bag_01.gr2	d:/ymir work/zone/devils_dragon_island/thing_bag_01.gr2	0
metin2_patch_dragon_rock/ymir work/zone/devils_dragon_island/thing_barricade_00.gr2	d:/ymir work/zone/devils_dragon_island/thing_barricade_00.gr2	0
metin2_patch_dragon_rock/ymir work/zone/devils_dragon_island/thing_barricade_01.gr2	d:/ymir work/zone/devils_dragon_island/thing_barricade_01.gr2	0
metin2_patch_dragon_rock/ymir work/zone/devils_dragon_island/thing_barricade_02.gr2	d:/ymir work/zone/devils_dragon_island/thing_barricade_02.gr2	0
metin2_patch_dragon_rock/ymir work/zone/devils_dragon_island/thing_barricade_cross00.gr2	d:/ymir work/zone/devils_dragon_island/thing_barricade_cross00.gr2	0
metin2_patch_dragon_rock/ymir work/zone/devils_dragon_island/thing_cagoboxset00.gr2	d:/ymir work/zone/devils_dragon_island/thing_cagoboxset00.gr2	0
metin2_patch_dragon_rock/ymir work/zone/devils_dragon_island/thing_campfire_stone.wdp	d:/ymir work/zone/devils_dragon_island/thing_campfire_stone.wdp	0
metin2_patch_dragon_rock/ymir work/zone/devils_dragon_island/thing_campfire_stone.gr2	d:/ymir work/zone/devils_dragon_island/thing_campfire_stone.gr2	0
metin2_patch_dragon_rock/ymir work/zone/devils_dragon_island/thing_fire_stand_bowl_00.wdp	d:/ymir work/zone/devils_dragon_island/thing_fire_stand_bowl_00.wdp	0
metin2_patch_dragon_rock/ymir work/zone/devils_dragon_island/thing_fire_stand_bowl_00.gr2	d:/ymir work/zone/devils_dragon_island/thing_fire_stand_bowl_00.gr2	0
metin2_patch_dragon_rock/ymir work/zone/devils_dragon_island/thing_hake_00.wdp	d:/ymir work/zone/devils_dragon_island/thing_hake_00.wdp	0
metin2_patch_dragon_rock/ymir work/zone/devils_dragon_island/thing_hake_01.gr2	d:/ymir work/zone/devils_dragon_island/thing_hake_01.gr2	0
metin2_patch_dragon_rock/ymir work/zone/devils_dragon_island/thing_hake_04.gr2	d:/ymir work/zone/devils_dragon_island/thing_hake_04.gr2	0
metin2_patch_dragon_rock/ymir work/zone/devils_dragon_island/thing_hake_05.gr2	d:/ymir work/zone/devils_dragon_island/thing_hake_05.gr2	0
metin2_patch_dragon_rock/ymir work/zone/devils_dragon_island/thing_hake_06.gr2	d:/ymir work/zone/devils_dragon_island/thing_hake_06.gr2	0
metin2_patch_dragon_rock/ymir work/zone/devils_dragon_island/thing_hake_roll01.gr2	d:/ymir work/zone/devils_dragon_island/thing_hake_roll01.gr2	0
metin2_patch_dragon_rock/ymir work/zone/devils_dragon_island/thing_hake_roll03.gr2	d:/ymir work/zone/devils_dragon_island/thing_hake_roll03.gr2	0
metin2_patch_dragon_rock/ymir work/zone/devils_dragon_island/thing_jar_cap00.wdp	d:/ymir work/zone/devils_dragon_island/thing_jar_cap00.wdp	0
metin2_patch_dragon_rock/ymir work/zone/devils_dragon_island/thing_jar_cap01.gr2	d:/ymir work/zone/devils_dragon_island/thing_jar_cap01.gr2	0
metin2_patch_dragon_rock/ymir work/npc2/donkey/wait.msa	d:/ymir work/npc2/donkey/wait.msa	0
metin2_patch_dragon_rock/ymir work/zone/devils_dragon_island/thing_market tent_01.gr2	d:/ymir work/zone/devils_dragon_island/thing_market tent_01.gr2	0
metin2_patch_dragon_rock/ymir work/zone/devils_dragon_island/thing_rock00.gr2	d:/ymir work/zone/devils_dragon_island/thing_rock00.gr2	0
metin2_patch_dragon_rock/ymir work/zone/devils_dragon_island/thing_tent_woodhut_00.wdp	d:/ymir work/zone/devils_dragon_island/thing_tent_woodhut_00.wdp	0
metin2_patch_dragon_rock/ymir work/zone/devils_dragon_island/thorn_green.wdp	d:/ymir work/zone/devils_dragon_island/thorn_green.wdp	0
metin2_patch_dragon_rock/ymir work/zone/devils_dragon_island/thunder_ruins_gate_01.wdp	d:/ymir work/zone/devils_dragon_island/thunder_ruins_gate_01.wdp	0
metin2_patch_dragon_rock/ymir work/zone/devils_dragon_island/thunder_ruins_pillar00.gr2	d:/ymir work/zone/devils_dragon_island/thunder_ruins_pillar00.gr2	0
metin2_patch_dragon_rock/ymir work/zone/devils_dragon_island/thunder_ruins_pillar00.mdatr	d:/ymir work/zone/devils_dragon_island/thunder_ruins_pillar00.mdatr	0
metin2_patch_dragon_rock/ymir work/zone/devils_dragon_island/thunder_ruins_wall01.gr2	d:/ymir work/zone/devils_dragon_island/thunder_ruins_wall01.gr2	0
metin2_patch_dragon_rock/ymir work/zone/devils_dragon_island/triton_bag_white_01.wdp	d:/ymir work/zone/devils_dragon_island/triton_bag_white_01.wdp	0
metin2_patch_dragon_rock/ymir work/zone/devils_dragon_island/triton_tent_02.wdp	d:/ymir work/zone/devils_dragon_island/triton_tent_02.wdp	0
metin2_patch_dragon_rock/ymir work/zone/devils_dragon_island/triton_tent_02.gr2	d:/ymir work/zone/devils_dragon_island/triton_tent_02.gr2	0
metin2_patch_dragon_rock/ymir work/zone/devils_dragon_island/triton_tent_03.gr2	d:/ymir work/zone/devils_dragon_island/triton_tent_03.gr2	0
metin2_patch_dragon_rock/ymir work/zone/devils_dragon_island/triton_tent_re01.wdp	d:/ymir work/zone/devils_dragon_island/triton_tent_re01.wdp	0
metin2_patch_dragon_rock/ymir work/zone/devils_dragon_island/triton_tent_re01.gr2	d:/ymir work/zone/devils_dragon_island/triton_tent_re01.gr2	0
metin2_patch_dragon_rock/ymir work/zone/devils_dragon_island/tunder_ruins_bridge_01.wdp	d:/ymir work/zone/devils_dragon_island/tunder_ruins_bridge_01.wdp	0
metin2_patch_dragon_rock/ymir work/zone/devils_dragon_island/weapon_bowcart.wdp	d:/ymir work/zone/devils_dragon_island/weapon_bowcart.wdp	0
metin2_patch_dragon_rock/ymir work/zone/devils_dragon_island/whale bone2_d.wdp	d:/ymir work/zone/devils_dragon_island/whale bone2_d.wdp	0
metin2_patch_dragon_rock/ymir work/zone/devils_dragon_island/whale bone_d.wdp	d:/ymir work/zone/devils_dragon_island/whale bone_d.wdp	0
metin2_patch_dragon_rock/ymir work/zone/devils_dragon_island/bone/bone_turtle_all00.gr2	d:/ymir work/zone/devils_dragon_island/bone/bone_turtle_all00.gr2	0
metin2_patch_dragon_rock/ymir work/zone/devils_dragon_island/bone/bone_turtle_arm00.gr2	d:/ymir work/zone/devils_dragon_island/bone/bone_turtle_arm00.gr2	0
metin2_patch_dragon_rock/ymir work/zone/devils_dragon_island/bone/bone_turtle_shell00.gr2	d:/ymir work/zone/devils_dragon_island/bone/bone_turtle_shell00.gr2	0
metin2_patch_dragon_rock/ymir work/zone/devils_dragon_island/bone/bone_whale_arm00.gr2	d:/ymir work/zone/devils_dragon_island/bone/bone_whale_arm00.gr2	0
metin2_patch_dragon_rock/ymir work/zone/devils_dragon_island/bone/bone_whale_deco00.gr2	d:/ymir work/zone/devils_dragon_island/bone/bone_whale_deco00.gr2	0
metin2_patch_dragon_rock/ymir work/zone/devils_dragon_island/bone/bone_whale_deco02.gr2	d:/ymir work/zone/devils_dragon_island/bone/bone_whale_deco02.gr2	0
metin2_patch_dragon_rock/ymir work/zone/devils_dragon_island/bone/bone_whale_head00.gr2	d:/ymir work/zone/devils_dragon_island/bone/bone_whale_head00.gr2	0
metin2_patch_dragon_rock/ymir work/zone/devils_dragon_island/camp/camp_woodhut_break02.gr2	d:/ymir work/zone/devils_dragon_island/camp/camp_woodhut_break02.gr2	0
metin2_patch_dragon_rock/ymir work/zone/devils_dragon_island/bone/bone_whale_head01.gr2	d:/ymir work/zone/devils_dragon_island/bone/bone_whale_head01.gr2	0
metin2_patch_dragon_rock/ymir work/zone/devils_dragon_island/bone/bone_whale_lump02.gr2	d:/ymir work/zone/devils_dragon_island/bone/bone_whale_lump02.gr2	0
metin2_patch_dragon_rock/ymir work/zone/devils_dragon_island/bone/bone_whale_lump03.gr2	d:/ymir work/zone/devils_dragon_island/bone/bone_whale_lump03.gr2	0
metin2_patch_dragon_rock/ymir work/zone/devils_dragon_island/bone/bone_whale_piece_rib00.gr2	d:/ymir work/zone/devils_dragon_island/bone/bone_whale_piece_rib00.gr2	0
metin2_patch_dragon_rock/ymir work/zone/devils_dragon_island/bone/bone_whale_piece_rib02.gr2	d:/ymir work/zone/devils_dragon_island/bone/bone_whale_piece_rib02.gr2	0
metin2_patch_dragon_rock/ymir work/zone/devils_dragon_island/bone/bone_whale_piece_rib03.gr2	d:/ymir work/zone/devils_dragon_island/bone/bone_whale_piece_rib03.gr2	0
metin2_patch_dragon_rock/ymir work/zone/devils_dragon_island/bone/bone_whale_piece_ver00.gr2	d:/ymir work/zone/devils_dragon_island/bone/bone_whale_piece_ver00.gr2	0
metin2_patch_dragon_rock/ymir work/zone/devils_dragon_island/bone/bone_whale_piece_ver01.gr2	d:/ymir work/zone/devils_dragon_island/bone/bone_whale_piece_ver01.gr2	0
metin2_patch_dragon_rock/ymir work/zone/devils_dragon_island/bone/bone_whale_piece_ver02.gr2	d:/ymir work/zone/devils_dragon_island/bone/bone_whale_piece_ver02.gr2	0
metin2_patch_dragon_rock/ymir work/zone/devils_dragon_island/bone/bone_whale_piece_ver03.gr2	d:/ymir work/zone/devils_dragon_island/bone/bone_whale_piece_ver03.gr2	0
metin2_patch_dragon_rock/ymir work/zone/devils_dragon_island/bone/bone_whale_piece_ver04.gr2	d:/ymir work/zone/devils_dragon_island/bone/bone_whale_piece_ver04.gr2	0
metin2_patch_dragon_rock/ymir work/zone/devils_dragon_island/bone/bone_whale_rib_up00.gr2	d:/ymir work/zone/devils_dragon_island/bone/bone_whale_rib_up00.gr2	0
metin2_patch_dragon_rock/ymir work/zone/devils_dragon_island/bone/bone_whale_tail00.gr2	d:/ymir work/zone/devils_dragon_island/bone/bone_whale_tail00.gr2	0
metin2_patch_dragon_rock/ymir work/zone/devils_dragon_island/bone/bone_whale_tail01.gr2	d:/ymir work/zone/devils_dragon_island/bone/bone_whale_tail01.gr2	0
metin2_patch_dragon_rock/ymir work/zone/devils_dragon_island/bone/bone_whale_tail02.gr2	d:/ymir work/zone/devils_dragon_island/bone/bone_whale_tail02.gr2	0
metin2_patch_dragon_rock/ymir work/zone/devils_dragon_island/bone/bone_whale_vertebra00.gr2	d:/ymir work/zone/devils_dragon_island/bone/bone_whale_vertebra00.gr2	0
metin2_patch_dragon_rock/ymir work/zone/devils_dragon_island/camp/camp_manticore_boss00.gr2	d:/ymir work/zone/devils_dragon_island/camp/camp_manticore_boss00.gr2	0
metin2_patch_dragon_rock/ymir work/zone/devils_dragon_island/camp/camp_manticore_gate00.gr2	d:/ymir work/zone/devils_dragon_island/camp/camp_manticore_gate00.gr2	0
metin2_patch_dragon_rock/ymir work/zone/devils_dragon_island/camp/camp_manticore_gate02.gr2	d:/ymir work/zone/devils_dragon_island/camp/camp_manticore_gate02.gr2	0
metin2_patch_dragon_rock/ymir work/zone/devils_dragon_island/camp/camp_manticore_obj00.gr2	d:/ymir work/zone/devils_dragon_island/camp/camp_manticore_obj00.gr2	0
metin2_patch_dragon_rock/ymir work/zone/devils_dragon_island/camp/camp_redthief_build_00.gr2	d:/ymir work/zone/devils_dragon_island/camp/camp_redthief_build_00.gr2	0
metin2_patch_dragon_rock/ymir work/zone/devils_dragon_island/camp/camp_redthief_build_01.mdatr	d:/ymir work/zone/devils_dragon_island/camp/camp_redthief_build_01.mdatr	0
metin2_patch_dragon_rock/ymir work/zone/devils_dragon_island/camp/camp_redthief_build_03.gr2	d:/ymir work/zone/devils_dragon_island/camp/camp_redthief_build_03.gr2	0
metin2_patch_dragon_rock/ymir work/zone/devils_dragon_island/camp/camp_redthief_build_03.mdatr	d:/ymir work/zone/devils_dragon_island/camp/camp_redthief_build_03.mdatr	0
metin2_patch_dragon_rock/ymir work/zone/devils_dragon_island/camp/camp_redthief_build_05.gr2	d:/ymir work/zone/devils_dragon_island/camp/camp_redthief_build_05.gr2	0
metin2_patch_dragon_rock/ymir work/zone/devils_dragon_island/camp/camp_redthief_build_05.mdatr	d:/ymir work/zone/devils_dragon_island/camp/camp_redthief_build_05.mdatr	0
metin2_patch_dragon_rock/ymir work/zone/devils_dragon_island/camp/camp_redthief_build_06.mdatr	d:/ymir work/zone/devils_dragon_island/camp/camp_redthief_build_06.mdatr	0
metin2_patch_dragon_rock/ymir work/zone/devils_dragon_island/camp/camp_redthief_build_09.gr2	d:/ymir work/zone/devils_dragon_island/camp/camp_redthief_build_09.gr2	0
metin2_patch_dragon_rock/ymir work/zone/devils_dragon_island/camp/camp_redthief_deco_00.gr2	d:/ymir work/zone/devils_dragon_island/camp/camp_redthief_deco_00.gr2	0
metin2_patch_dragon_rock/ymir work/zone/devils_dragon_island/camp/camp_redthief_fence_00.gr2	d:/ymir work/zone/devils_dragon_island/camp/camp_redthief_fence_00.gr2	0
metin2_patch_dragon_rock/ymir work/zone/devils_dragon_island/camp/camp_redthief_gate_00.gr2	d:/ymir work/zone/devils_dragon_island/camp/camp_redthief_gate_00.gr2	0
metin2_patch_dragon_rock/ymir work/zone/devils_dragon_island/camp/camp_woodhut_00.gr2	d:/ymir work/zone/devils_dragon_island/camp/camp_woodhut_00.gr2	0
metin2_patch_dragon_rock/ymir work/zone/devils_dragon_island/camp/gaint_builda_10.gr2	d:/ymir work/zone/devils_dragon_island/camp/gaint_builda_10.gr2	0
metin2_patch_dragon_rock/ymir work/zone/devils_dragon_island/camp/camp_woodhut_fence00.gr2	d:/ymir work/zone/devils_dragon_island/camp/camp_woodhut_fence00.gr2	0
metin2_patch_dragon_rock/ymir work/zone/devils_dragon_island/camp/camp_woodhut_hake00.gr2	d:/ymir work/zone/devils_dragon_island/camp/camp_woodhut_hake00.gr2	0
metin2_patch_dragon_rock/ymir work/zone/devils_dragon_island/camp/gaint_builda_01.mdatr	d:/ymir work/zone/devils_dragon_island/camp/gaint_builda_01.mdatr	0
metin2_patch_dragon_rock/ymir work/zone/devils_dragon_island/camp/gaint_builda_02.gr2	d:/ymir work/zone/devils_dragon_island/camp/gaint_builda_02.gr2	0
metin2_patch_dragon_rock/ymir work/zone/devils_dragon_island/camp/gaint_builda_02.mdatr	d:/ymir work/zone/devils_dragon_island/camp/gaint_builda_02.mdatr	0
metin2_patch_dragon_rock/ymir work/zone/devils_dragon_island/camp/gaint_builda_04.gr2	d:/ymir work/zone/devils_dragon_island/camp/gaint_builda_04.gr2	0
metin2_patch_dragon_rock/ymir work/zone/devils_dragon_island/camp/gaint_builda_05.gr2	d:/ymir work/zone/devils_dragon_island/camp/gaint_builda_05.gr2	0
metin2_patch_dragon_rock/ymir work/zone/devils_dragon_island/camp/gaint_builda_06.gr2	d:/ymir work/zone/devils_dragon_island/camp/gaint_builda_06.gr2	0
metin2_patch_dragon_rock/ymir work/zone/devils_dragon_island/camp/gaint_buildb_04.gr2	d:/ymir work/zone/devils_dragon_island/camp/gaint_buildb_04.gr2	0
metin2_patch_dragon_rock/ymir work/zone/devils_dragon_island/camp/gaint_builda_07.gr2	d:/ymir work/zone/devils_dragon_island/camp/gaint_builda_07.gr2	0
metin2_patch_dragon_rock/ymir work/zone/devils_dragon_island/camp/gaint_builda_08.gr2	d:/ymir work/zone/devils_dragon_island/camp/gaint_builda_08.gr2	0
metin2_patch_dragon_rock/ymir work/zone/devils_dragon_island/camp/gaint_builda_09.gr2	d:/ymir work/zone/devils_dragon_island/camp/gaint_builda_09.gr2	0
metin2_patch_dragon_rock/ymir work/zone/devils_dragon_island/camp/gaint_builda_09.mdatr	d:/ymir work/zone/devils_dragon_island/camp/gaint_builda_09.mdatr	0
metin2_patch_dragon_rock/ymir work/zone/devils_dragon_island/camp/gaint_builda_10.mdatr	d:/ymir work/zone/devils_dragon_island/camp/gaint_builda_10.mdatr	0
metin2_patch_dragon_rock/ymir work/zone/devils_dragon_island/camp/gaint_buildb_02.mdatr	d:/ymir work/zone/devils_dragon_island/camp/gaint_buildb_02.mdatr	0
metin2_patch_dragon_rock/ymir work/zone/devils_dragon_island/camp/gaint_buildb_05.mdatr	d:/ymir work/zone/devils_dragon_island/camp/gaint_buildb_05.mdatr	0
metin2_patch_dragon_rock/ymir work/zone/devils_dragon_island/camp/gaint_fence05.gr2	d:/ymir work/zone/devils_dragon_island/camp/gaint_fence05.gr2	0
metin2_patch_dragon_rock/ymir work/zone/devils_dragon_island/camp/gaint_gate_02.gr2	d:/ymir work/zone/devils_dragon_island/camp/gaint_gate_02.gr2	0
metin2_patch_dragon_rock/ymir work/zone/devils_dragon_island/camp/gaint_pillar00.gr2	d:/ymir work/zone/devils_dragon_island/camp/gaint_pillar00.gr2	0
metin2_patch_dragon_rock/ymir work/tree/compositemapb1.dds	d:/ymir work/tree/compositemapb1.dds	0
metin2_patch_dragon_rock/ymir work/npc2/donkey/donkey.wdp	d:/ymir work/npc2/donkey/donkey.wdp	0
metin2_patch_dragon_rock/ymir work/npc2/donkey/donkey.gr2	d:/ymir work/npc2/donkey/donkey.gr2	0
metin2_patch_dragon_rock/ymir work/npc2/donkey/donkey_bag.wdp	d:/ymir work/npc2/donkey/donkey_bag.wdp	0
metin2_patch_dragon_rock/ymir work/npc2/donkey/motlist.txt	d:/ymir work/npc2/donkey/motlist.txt	0
metin2_patch_dragon_rock/ymir work/npc2/donkey/wait.gr2	d:/ymir work/npc2/donkey/wait.gr2	0
metin2_patch_dragon_rock/ymir work/npc2/donkey/wait1.gr2	d:/ymir work/npc2/donkey/wait1.gr2	0
metin2_patch_dragon_rock/ymir work/npc2/donkey/wait2.gr2	d:/ymir work/npc2/donkey/wait2.gr2	0
metin2_patch_dragon_rock/ymir work/npc2/donkey/wait2.msa	d:/ymir work/npc2/donkey/wait2.msa	0
metin2_patch_dragon_rock/ymir work/npc2/npc_fence/npc_fence.wdp	d:/ymir work/npc2/npc_fence/npc_fence.wdp	0
metin2_patch_dragon_rock/ymir work/npc2/npc_fence/npc_fence.msm	d:/ymir work/npc2/npc_fence/npc_fence.msm	0
metin2_patch_dragon_rock/ymir work/effect/background/fire_camp1.mse	d:/ymir work/effect/background/fire_camp1.mse	0
metin2_patch_dragon_rock/ymir work/effect/background/dawnmist_statue00_glow1.mse	d:/ymir work/effect/background/dawnmist_statue00_glow1.mse	0
metin2_patch_dragon_rock/ymir work/effect/background/pattern1.mde	d:/ymir work/effect/background/pattern1.mde	0
metin2_patch_dragon_rock/ymir work/effect/background/statue1_glow1.dds	d:/ymir work/effect/background/statue1_glow1.dds	0
metin2_patch_dragon_rock/ymir work/effect/monster2/smoke_dirt1.wdp	d:/ymir work/effect/monster2/smoke_dirt1.wdp	0
metin2_patch_dragon_rock/ymir work/ui/metin2_map_mt_thunder_atlas.wdp	d:/ymir work/ui/metin2_map_mt_thunder_atlas.wdp	0
metin2_patch_dragon_rock/ymir work/ui/metin2_map_capedragonhead_atlas.wdp	d:/ymir work/ui/metin2_map_capedragonhead_atlas.wdp	0
metin2_patch_dragon_rock/ymir work/ui/atlas/metin2_map_dawnmistwood/atlas.sub	d:/ymir work/ui/atlas/metin2_map_dawnmistwood/atlas.sub	0
metin2_patch_dragon_rock/ymir work/ui/atlas/metin2_map_capedragonhead/atlas.sub	d:/ymir work/ui/atlas/metin2_map_capedragonhead/atlas.sub	0
