Monster/ymir work/monster/barbarian_boss/33.msa	d:/ymir work/monster/barbarian_boss/33.msa	1
Monster/ymir work/monster/misterious_diseased_kid/30.msa	d:/ymir work/monster/misterious_diseased_kid/30.msa	1
Monster/ymir work/monster/barbarian_bow/35.gr2	d:/ymir work/monster/barbarian_bow/35.gr2	1
Monster/ymir work/monster/bksoldier/37_2.msa	d:/ymir work/monster/bksoldier/37_2.msa	1
Monster/ymir work/monster/thief2/33.msa	d:/ymir work/monster/thief2/33.msa	1
Monster/ymir work/monster/ice_snow_golem/ice_snow_golem_lod_01.gr2	d:/ymir work/monster/ice_snow_golem/ice_snow_golem_lod_01.gr2	1
Monster/ymir work/monster/milgyo_monster2/00.msa	d:/ymir work/monster/milgyo_monster2/00.msa	1
Monster/ymir work/monster/greenfrog_soldier/30.gr2	d:/ymir work/monster/greenfrog_soldier/30.gr2	1
Monster/ymir work/monster/bou/31.gr2	d:/ymir work/monster/bou/31.gr2	1
Monster/ymir work/monster/misterious_diseased_boss/37.msa	d:/ymir work/monster/misterious_diseased_boss/37.msa	1
Monster/ymir work/monster/misterious_diseased_dog/02.msa	d:/ymir work/monster/misterious_diseased_dog/02.msa	1
Monster/ymir work/monster/barbarian_boss/barbarian_boss.dds	d:/ymir work/monster/barbarian_boss/barbarian_boss.dds	1
Monster/ymir work/monster/bkfourth/bkfourth.msm	d:/ymir work/monster/bkfourth/bkfourth.msm	1
Monster/ymir work/monster/barbarian_boss/20_1.gr2	d:/ymir work/monster/barbarian_boss/20_1.gr2	1
Monster/ymir work/monster/bksecond/00.msa	d:/ymir work/monster/bksecond/00.msa	1
Monster/ymir work/monster/barbarian_bow/barbarian_bow.dds	d:/ymir work/monster/barbarian_bow/barbarian_bow.dds	1
Monster/ymir work/monster/bkboss/02.gr2	d:/ymir work/monster/bkboss/02.gr2	1
Monster/ymir work/monster/barbarian_boss/00.gr2	d:/ymir work/monster/barbarian_boss/00.gr2	0
Monster/ymir work/monster/barbarian_knight/35.gr2	d:/ymir work/monster/barbarian_knight/35.gr2	1
Monster/ymir work/monster/milgyo_monster1/30_1.msa	d:/ymir work/monster/milgyo_monster1/30_1.msa	1
Monster/ymir work/monster/barbarian_knight/barbarian_knight_lod_01.gr2	d:/ymir work/monster/barbarian_knight/barbarian_knight_lod_01.gr2	1
Monster/ymir work/monster/barbarian_boss/00.msa	d:/ymir work/monster/barbarian_boss/00.msa	1
Monster/ymir work/monster/misterious_diseased_infector/35.gr2	d:/ymir work/monster/misterious_diseased_infector/35.gr2	1
Monster/ymir work/monster/barbarian_bow/37.gr2	d:/ymir work/monster/barbarian_bow/37.gr2	1
Monster/ymir work/monster/immotal_ghost/34.gr2	d:/ymir work/monster/immotal_ghost/34.gr2	1
Monster/ymir work/monster/bou/00.msa	d:/ymir work/monster/bou/00.msa	1
Monster/ymir work/monster/bksecond/35.msa	d:/ymir work/monster/bksecond/35.msa	1
Monster/ymir work/monster/thiefboss3/03.gr2	d:/ymir work/monster/thiefboss3/03.gr2	1
Monster/ymir work/monster/barbarian_boss/00_1.gr2	d:/ymir work/monster/barbarian_boss/00_1.gr2	1
Monster/ymir work/monster/greenfrog_general/00_1.gr2	d:/ymir work/monster/greenfrog_general/00_1.gr2	1
Monster/ymir work/monster/misterious_diseased_dog/00.msa	d:/ymir work/monster/misterious_diseased_dog/00.msa	1
Monster/ymir work/monster/misterious_diseased_kid/36.gr2	d:/ymir work/monster/misterious_diseased_kid/36.gr2	1
Monster/ymir work/monster/ice_snow_man/36.gr2	d:/ymir work/monster/ice_snow_man/36.gr2	1
Monster/ymir work/monster/thiefboss1/20_1.msa	d:/ymir work/monster/thiefboss1/20_1.msa	1
Monster/ymir work/monster/barbarian_boss/03.gr2	d:/ymir work/monster/barbarian_boss/03.gr2	1
Monster/ymir work/monster/skeleton_god/00_1.gr2	d:/ymir work/monster/skeleton_god/00_1.gr2	1
Monster/ymir work/monster/recycle_monster/20.gr2	d:/ymir work/monster/recycle_monster/20.gr2	1
Monster/ymir work/monster/bksecond/35.gr2	d:/ymir work/monster/bksecond/35.gr2	1
Monster/ymir work/monster/greenfrog_general/03.msa	d:/ymir work/monster/greenfrog_general/03.msa	1
Monster/ymir work/monster/barbarian_bow/34_1.gr2	d:/ymir work/monster/barbarian_bow/34_1.gr2	1
Monster/ymir work/monster/maenghwan/50.gr2	d:/ymir work/monster/maenghwan/50.gr2	1
Monster/ymir work/monster/sugu_general/31.msa	d:/ymir work/monster/sugu_general/31.msa	1
Monster/ymir work/monster/chuhen/34.msa	d:/ymir work/monster/chuhen/34.msa	1
Monster/ymir work/monster/tiger/37_1.msa	d:/ymir work/monster/tiger/37_1.msa	1
Monster/ymir work/monster/skeleton_wizard/30.msa	d:/ymir work/monster/skeleton_wizard/30.msa	1
Monster/ymir work/monster/orc_magician/31.msa	d:/ymir work/monster/orc_magician/31.msa	1
Monster/ymir work/monster/barbarian_boss/03.msa	d:/ymir work/monster/barbarian_boss/03.msa	1
Monster/ymir work/monster/gupae/34_1.gr2	d:/ymir work/monster/gupae/34_1.gr2	1
Monster/ymir work/monster/orc_knight/31.gr2	d:/ymir work/monster/orc_knight/31.gr2	1
Monster/ymir work/monster/barbarian_boss/00_1.msa	d:/ymir work/monster/barbarian_boss/00_1.msa	1
Monster/ymir work/monster/skeleton_soldier_spear/31.msa	d:/ymir work/monster/skeleton_soldier_spear/31.msa	1
Monster/ymir work/monster/barbarian_boss/20.gr2	d:/ymir work/monster/barbarian_boss/20.gr2	1
Monster/ymir work/monster/skeleton_soldier_scythe/20.gr2	d:/ymir work/monster/skeleton_soldier_scythe/20.gr2	1
Monster/ymir work/monster/barbarian_bow/31_1.gr2	d:/ymir work/monster/barbarian_bow/31_1.gr2	1
Monster/ymir work/monster/barbarian_boss/34.msa	d:/ymir work/monster/barbarian_boss/34.msa	1
Monster/ymir work/monster/bkboss/00_1.gr2	d:/ymir work/monster/bkboss/00_1.gr2	1
Monster/ymir work/monster/gupae/30_1.gr2	d:/ymir work/monster/gupae/30_1.gr2	1
Monster/ymir work/monster/immotal_ghost/03.msa	d:/ymir work/monster/immotal_ghost/03.msa	1
Monster/ymir work/monster/milgyo_religionist/35.msa	d:/ymir work/monster/milgyo_religionist/35.msa	1
Monster/ymir work/monster/thief2/37_2.msa	d:/ymir work/monster/thief2/37_2.msa	1
Monster/ymir work/monster/bear/bear.gr2	d:/ymir work/monster/bear/bear.gr2	1
Monster/ymir work/monster/barbarian_boss/30.gr2	d:/ymir work/monster/barbarian_boss/30.gr2	1
Monster/ymir work/monster/gupae/00_2.gr2	d:/ymir work/monster/gupae/00_2.gr2	1
Monster/ymir work/monster/barbarian_bow/33.msa	d:/ymir work/monster/barbarian_bow/33.msa	1
Monster/ymir work/monster/barbarian_bow/32.msa	d:/ymir work/monster/barbarian_bow/32.msa	1
Monster/ymir work/monster/barbarian_boss/30.msa	d:/ymir work/monster/barbarian_boss/30.msa	1
Monster/ymir work/monster/skeleton_god/motlist.txt	d:/ymir work/monster/skeleton_god/motlist.txt	1
Monster/ymir work/monster/barbarian_boss/30_1.gr2	d:/ymir work/monster/barbarian_boss/30_1.gr2	1
Monster/ymir work/monster/ice_snow_witch/34_1.gr2	d:/ymir work/monster/ice_snow_witch/34_1.gr2	1
Monster/ymir work/monster/ice_snow_insect/20.gr2	d:/ymir work/monster/ice_snow_insect/20.gr2	1
Monster/ymir work/monster/bkfourth/20.msa	d:/ymir work/monster/bkfourth/20.msa	1
Monster/ymir work/monster/yellow_tigerman/00.msa	d:/ymir work/monster/yellow_tigerman/00.msa	1
Monster/ymir work/monster/barbarian_bow/03.msa	d:/ymir work/monster/barbarian_bow/03.msa	1
Monster/ymir work/monster/milgyo_monster1/milgyo_monster1.gr2	d:/ymir work/monster/milgyo_monster1/milgyo_monster1.gr2	1
Monster/ymir work/monster/tiger/32.gr2	d:/ymir work/monster/tiger/32.gr2	1
Monster/ymir work/monster/barbarian_boss/30_1.msa	d:/ymir work/monster/barbarian_boss/30_1.msa	1
Monster/ymir work/monster/misterious_diseased_sword/36.msa	d:/ymir work/monster/misterious_diseased_sword/36.msa	1
Monster/ymir work/monster/ice_snow_insect/35.gr2	d:/ymir work/monster/ice_snow_insect/35.gr2	1
Monster/ymir work/monster/skeleton_king/33_1.gr2	d:/ymir work/monster/skeleton_king/33_1.gr2	1
Monster/ymir work/monster/ice_snow_man/37.msa	d:/ymir work/monster/ice_snow_man/37.msa	1
Monster/ymir work/monster/barbarian_boss/31.gr2	d:/ymir work/monster/barbarian_boss/31.gr2	1
Monster/ymir work/monster/wild_boar/00.msa	d:/ymir work/monster/wild_boar/00.msa	1
Monster/ymir work/monster/gupae/34.msa	d:/ymir work/monster/gupae/34.msa	1
Monster/ymir work/monster/wild_boar_god/32.msa	d:/ymir work/monster/wild_boar_god/32.msa	1
Monster/ymir work/monster/barbarian_bow/37.msa	d:/ymir work/monster/barbarian_bow/37.msa	1
Monster/ymir work/monster/immotal_ghost/35.gr2	d:/ymir work/monster/immotal_ghost/35.gr2	1
Monster/ymir work/monster/barbarian_bow/34_1.msa	d:/ymir work/monster/barbarian_bow/34_1.msa	1
Monster/ymir work/monster/chuhen/35.gr2	d:/ymir work/monster/chuhen/35.gr2	1
Monster/ymir work/monster/barbarian_boss/31.msa	d:/ymir work/monster/barbarian_boss/31.msa	1
Monster/ymir work/monster/barbarian_boss/32.gr2	d:/ymir work/monster/barbarian_boss/32.gr2	1
Monster/ymir work/monster/misterious_diseased_spear/30_1.gr2	d:/ymir work/monster/misterious_diseased_spear/30_1.gr2	1
Monster/ymir work/monster/bksoldier/bksoldier.msm	d:/ymir work/monster/bksoldier/bksoldier.msm	1
Monster/ymir work/monster/goblin_leafhead/goblin_leafhead.msm	d:/ymir work/monster/goblin_leafhead/goblin_leafhead.msm	1
Monster/ymir work/monster/ice_snow_witch/35.gr2	d:/ymir work/monster/ice_snow_witch/35.gr2	1
Monster/ymir work/monster/skeleton_soldier_bow/37.msa	d:/ymir work/monster/skeleton_soldier_bow/37.msa	1
Monster/ymir work/monster/barbarian_soldier/00.msa	d:/ymir work/monster/barbarian_soldier/00.msa	1
Monster/ymir work/monster/bkfourth/30_1.msa	d:/ymir work/monster/bkfourth/30_1.msa	1
Monster/ymir work/monster/misterious_diseased_dog/30.gr2	d:/ymir work/monster/misterious_diseased_dog/30.gr2	1
Monster/ymir work/monster/barbarian_boss/32.msa	d:/ymir work/monster/barbarian_boss/32.msa	1
Monster/ymir work/monster/chuhen/chuhen.gr2	d:/ymir work/monster/chuhen/chuhen.gr2	1
Monster/ymir work/monster/bou/motlist.txt	d:/ymir work/monster/bou/motlist.txt	1
Monster/ymir work/monster/barbarian_boss/barbarian_boss.msm	d:/ymir work/monster/barbarian_boss/barbarian_boss.msm	1
Monster/ymir work/monster/bksoldier/00_1.gr2	d:/ymir work/monster/bksoldier/00_1.gr2	1
Monster/ymir work/monster/misterious_diseased_infector/30.msa	d:/ymir work/monster/misterious_diseased_infector/30.msa	1
Monster/ymir work/monster/immotal_ghost/30_1.gr2	d:/ymir work/monster/immotal_ghost/30_1.gr2	1
Monster/ymir work/monster/orc_magician/00_1.gr2	d:/ymir work/monster/orc_magician/00_1.gr2	1
Monster/ymir work/monster/spite_ghost/31.msa	d:/ymir work/monster/spite_ghost/31.msa	1
Monster/ymir work/monster/barbarian_boss/33.gr2	d:/ymir work/monster/barbarian_boss/33.gr2	1
Monster/ymir work/monster/bksoldier/34_1.msa	d:/ymir work/monster/bksoldier/34_1.msa	1
Monster/ymir work/monster/barbarian_boss/34.gr2	d:/ymir work/monster/barbarian_boss/34.gr2	1
Monster/ymir work/monster/bksecond/32.gr2	d:/ymir work/monster/bksecond/32.gr2	1
Monster/ymir work/monster/misterious_diseased_sword/00.gr2	d:/ymir work/monster/misterious_diseased_sword/00.gr2	0
Monster/ymir work/monster/spite_ghost/00_1.gr2	d:/ymir work/monster/spite_ghost/00_1.gr2	0
Monster/ymir work/monster/barbarian_bow/30.msa	d:/ymir work/monster/barbarian_bow/30.msa	1
Monster/ymir work/monster/gupae/20_2.msa	d:/ymir work/monster/gupae/20_2.msa	1
Monster/ymir work/monster/thief2/32.msa	d:/ymir work/monster/thief2/32.msa	1
Monster/ymir work/monster/bkknight/52.gr2	d:/ymir work/monster/bkknight/52.gr2	1
Monster/ymir work/monster/misterious_diseased_infector/02.msa	d:/ymir work/monster/misterious_diseased_infector/02.msa	1
Monster/ymir work/monster/barbarian_boss/36.gr2	d:/ymir work/monster/barbarian_boss/36.gr2	1
Monster/ymir work/monster/greenfrog_soldier/31.gr2	d:/ymir work/monster/greenfrog_soldier/31.gr2	1
Monster/ymir work/monster/orc_magician/orc_magician_lod_01.gr2	d:/ymir work/monster/orc_magician/orc_magician_lod_01.gr2	1
Monster/ymir work/monster/barbarian_boss/34_1.gr2	d:/ymir work/monster/barbarian_boss/34_1.gr2	1
Monster/ymir work/monster/sugu_general/20_1.gr2	d:/ymir work/monster/sugu_general/20_1.gr2	1
Monster/ymir work/monster/fox_ninetail/motlist.txt	d:/ymir work/monster/fox_ninetail/motlist.txt	1
Monster/ymir work/monster/barbarian_boss/34_1.msa	d:/ymir work/monster/barbarian_boss/34_1.msa	1
Monster/ymir work/monster/skeleton_soldier_spear/30_1.msa	d:/ymir work/monster/skeleton_soldier_spear/30_1.msa	1
Monster/ymir work/monster/bkfourth/00_1.msa	d:/ymir work/monster/bkfourth/00_1.msa	1
Monster/ymir work/monster/thiefboss3/30_1.msa	d:/ymir work/monster/thiefboss3/30_1.msa	1
Monster/ymir work/monster/bkboss/00_1.msa	d:/ymir work/monster/bkboss/00_1.msa	1
Monster/ymir work/monster/ice_snow_witch/32.gr2	d:/ymir work/monster/ice_snow_witch/32.gr2	1
Monster/ymir work/monster/barbarian_bow/30_1.msa	d:/ymir work/monster/barbarian_bow/30_1.msa	1
Monster/ymir work/monster/barbarian_boss/35.gr2	d:/ymir work/monster/barbarian_boss/35.gr2	1
Monster/ymir work/monster/bkarcher/02.msa	d:/ymir work/monster/bkarcher/02.msa	1
Monster/ymir work/monster/barbarian_bow/30_1.gr2	d:/ymir work/monster/barbarian_bow/30_1.gr2	1
Monster/ymir work/monster/milgyo_religionist/31_1.msa	d:/ymir work/monster/milgyo_religionist/31_1.msa	1
Monster/ymir work/monster/barbarian_boss/35.msa	d:/ymir work/monster/barbarian_boss/35.msa	1
Monster/ymir work/monster/bkknight/motlist.txt	d:/ymir work/monster/bkknight/motlist.txt	1
Monster/ymir work/monster/orc_lord/37.msa	d:/ymir work/monster/orc_lord/37.msa	1
Monster/ymir work/monster/misterious_diseased_boss/20_1.gr2	d:/ymir work/monster/misterious_diseased_boss/20_1.gr2	1
Monster/ymir work/monster/misterious_diseased_bow/35.msa	d:/ymir work/monster/misterious_diseased_bow/35.msa	1
Monster/ymir work/monster/gupae/20_2.gr2	d:/ymir work/monster/gupae/20_2.gr2	1
Monster/ymir work/monster/barbarian_bow/34.msa	d:/ymir work/monster/barbarian_bow/34.msa	1
Monster/ymir work/monster/bkfourth/30.gr2	d:/ymir work/monster/bkfourth/30.gr2	1
Monster/ymir work/monster/bou/34.gr2	d:/ymir work/monster/bou/34.gr2	1
Monster/ymir work/monster/barbarian_boss/36.msa	d:/ymir work/monster/barbarian_boss/36.msa	1
Monster/ymir work/monster/bksecond/32.msa	d:/ymir work/monster/bksecond/32.msa	1
Monster/ymir work/monster/milgyo_religionist/37.msa	d:/ymir work/monster/milgyo_religionist/37.msa	1
Monster/ymir work/monster/ice_snow_monster/ice_snow_monster.gr2	d:/ymir work/monster/ice_snow_monster/ice_snow_monster.gr2	1
Monster/ymir work/monster/milgyo_nahan2/milgyo_nahan2.dds	d:/ymir work/monster/milgyo_nahan2/milgyo_nahan2.dds	1
Monster/ymir work/monster/ice_snow_monster/36.gr2	d:/ymir work/monster/ice_snow_monster/36.gr2	1
Monster/ymir work/monster/barbarian_boss/37.gr2	d:/ymir work/monster/barbarian_boss/37.gr2	1
Monster/ymir work/monster/greenfrog_general/30_1.gr2	d:/ymir work/monster/greenfrog_general/30_1.gr2	1
Monster/ymir work/monster/gupae/gupae.msm	d:/ymir work/monster/gupae/gupae.msm	1
Monster/ymir work/monster/bkarcher/bkarcher.dds	d:/ymir work/monster/bkarcher/bkarcher.dds	1
Monster/ymir work/monster/mountain_dog_god/51.msa	d:/ymir work/monster/mountain_dog_god/51.msa	1
Monster/ymir work/monster/barbarian_boss/37.msa	d:/ymir work/monster/barbarian_boss/37.msa	1
Monster/ymir work/monster/skeleton_soldier_scythe/skeleton_soldier_scythe_lod_01.gr2	d:/ymir work/monster/skeleton_soldier_scythe/skeleton_soldier_scythe_lod_01.gr2	1
Monster/ymir work/monster/barbarian_boss/motlist.txt	d:/ymir work/monster/barbarian_boss/motlist.txt	1
Monster/ymir work/monster/maenghwan/37_1.msa	d:/ymir work/monster/maenghwan/37_1.msa	1
Monster/ymir work/monster/barbarian_boss/barbarian_boss.gr2	d:/ymir work/monster/barbarian_boss/barbarian_boss.gr2	1
Monster/ymir work/monster/barbarian_bow/00_1.gr2	d:/ymir work/monster/barbarian_bow/00_1.gr2	1
Monster/ymir work/monster/skeleton_king/skeleton_king.msm	d:/ymir work/monster/skeleton_king/skeleton_king.msm	1
Monster/ymir work/monster/ice_snow_dog/33.gr2	d:/ymir work/monster/ice_snow_dog/33.gr2	1
Monster/ymir work/monster/wild_boar_god/20_1.gr2	d:/ymir work/monster/wild_boar_god/20_1.gr2	1
Monster/ymir work/monster/barbarian_boss/barbarian_boss_lod_01.gr2	d:/ymir work/monster/barbarian_boss/barbarian_boss_lod_01.gr2	1
Monster/ymir work/monster/greenfrog_general/36.msa	d:/ymir work/monster/greenfrog_general/36.msa	1
Monster/ymir work/monster/barbarian_bow/00.gr2	d:/ymir work/monster/barbarian_bow/00.gr2	0
Monster/ymir work/monster/bkthird/24.msa	d:/ymir work/monster/bkthird/24.msa	1
Monster/ymir work/monster/milgyo_monster1/33.gr2	d:/ymir work/monster/milgyo_monster1/33.gr2	1
Monster/ymir work/monster/orc_magician/35.msa	d:/ymir work/monster/orc_magician/35.msa	1
Monster/ymir work/monster/ice_snow_golem/34_1.msa	d:/ymir work/monster/ice_snow_golem/34_1.msa	1
Monster/ymir work/monster/greenfrog_soldier/36.gr2	d:/ymir work/monster/greenfrog_soldier/36.gr2	1
Monster/ymir work/monster/bksecond/bksecond.msm	d:/ymir work/monster/bksecond/bksecond.msm	1
Monster/ymir work/monster/recycle_monster/recycle_monster.dds	d:/ymir work/monster/recycle_monster/recycle_monster.dds	1
Monster/ymir work/monster/barbarian_bow/00.msa	d:/ymir work/monster/barbarian_bow/00.msa	1
Monster/ymir work/monster/skeleton_magician/30.msa	d:/ymir work/monster/skeleton_magician/30.msa	1
Monster/ymir work/monster/barbarian_bow/34.gr2	d:/ymir work/monster/barbarian_bow/34.gr2	1
Monster/ymir work/monster/misterious_diseased_infector/00_1.gr2	d:/ymir work/monster/misterious_diseased_infector/00_1.gr2	1
Monster/ymir work/monster/milgyo_nahan1/35.gr2	d:/ymir work/monster/milgyo_nahan1/35.gr2	1
Monster/ymir work/monster/barbarian_bow/00_1.msa	d:/ymir work/monster/barbarian_bow/00_1.msa	1
Monster/ymir work/monster/ice_snow_witch/20.msa	d:/ymir work/monster/ice_snow_witch/20.msa	1
Monster/ymir work/monster/barbarian_bow/03.gr2	d:/ymir work/monster/barbarian_bow/03.gr2	1
Monster/ymir work/monster/chuhen/00.gr2	d:/ymir work/monster/chuhen/00.gr2	0
Monster/ymir work/monster/barbarian_bow/20.gr2	d:/ymir work/monster/barbarian_bow/20.gr2	1
Monster/ymir work/monster/milgyo_monster1/34_1.msa	d:/ymir work/monster/milgyo_monster1/34_1.msa	1
Monster/ymir work/monster/misterious_diseased_bosshost/30.gr2	d:/ymir work/monster/misterious_diseased_bosshost/30.gr2	1
Monster/ymir work/monster/barbarian_bow/barbarian_bow.msm	d:/ymir work/monster/barbarian_bow/barbarian_bow.msm	1
Monster/ymir work/monster/misterious_diseased_kid/misterious_diseased_kid.gr2	d:/ymir work/monster/misterious_diseased_kid/misterious_diseased_kid.gr2	1
Monster/ymir work/monster/skeleton_soldier_scythe/skeleton_soldier_scythe.dds	d:/ymir work/monster/skeleton_soldier_scythe/skeleton_soldier_scythe.dds	1
Monster/ymir work/monster/chuhen/00_1.msa	d:/ymir work/monster/chuhen/00_1.msa	1
Monster/ymir work/monster/barbarian_bow/30.gr2	d:/ymir work/monster/barbarian_bow/30.gr2	1
Monster/ymir work/monster/milgyo_nahan1/31_1.msa	d:/ymir work/monster/milgyo_nahan1/31_1.msa	1
Monster/ymir work/monster/fox_ninetail/35.msa	d:/ymir work/monster/fox_ninetail/35.msa	1
Monster/ymir work/monster/ice_snow_whale/31.msa	d:/ymir work/monster/ice_snow_whale/31.msa	1
Monster/ymir work/monster/thief2/34_1.msa	d:/ymir work/monster/thief2/34_1.msa	1
Monster/ymir work/monster/barbarian_bow/20.msa	d:/ymir work/monster/barbarian_bow/20.msa	1
Monster/ymir work/monster/skeleton_general/36.msa	d:/ymir work/monster/skeleton_general/36.msa	1
Monster/ymir work/monster/barbarian_bow/31.gr2	d:/ymir work/monster/barbarian_bow/31.gr2	1
Monster/ymir work/monster/barbarian_knight/30.gr2	d:/ymir work/monster/barbarian_knight/30.gr2	1
Monster/ymir work/monster/bksoldier/03.gr2	d:/ymir work/monster/bksoldier/03.gr2	1
Monster/ymir work/monster/orc_knight/00.msa	d:/ymir work/monster/orc_knight/00.msa	1
Monster/ymir work/monster/thief1/35.gr2	d:/ymir work/monster/thief1/35.gr2	1
Monster/ymir work/monster/skeleton_magician/35.gr2	d:/ymir work/monster/skeleton_magician/35.gr2	1
Monster/ymir work/monster/ice_snow_giant_man/34_1.gr2	d:/ymir work/monster/ice_snow_giant_man/34_1.gr2	1
Monster/ymir work/monster/barbarian_bow/31.msa	d:/ymir work/monster/barbarian_bow/31.msa	1
Monster/ymir work/monster/bou/34.msa	d:/ymir work/monster/bou/34.msa	1
Monster/ymir work/monster/barbarian_bow/31_1.msa	d:/ymir work/monster/barbarian_bow/31_1.msa	1
Monster/ymir work/monster/orc_black/36.gr2	d:/ymir work/monster/orc_black/36.gr2	1
Monster/ymir work/monster/thiefboss2/34.gr2	d:/ymir work/monster/thiefboss2/34.gr2	1
Monster/ymir work/monster/bksecond/25.gr2	d:/ymir work/monster/bksecond/25.gr2	1
Monster/ymir work/monster/barbarian_bow/32.gr2	d:/ymir work/monster/barbarian_bow/32.gr2	1
Monster/ymir work/monster/bksoldier/30_1.gr2	d:/ymir work/monster/bksoldier/30_1.gr2	1
Monster/ymir work/monster/milgyo_nahan1/00.msa	d:/ymir work/monster/milgyo_nahan1/00.msa	1
Monster/ymir work/monster/bkfourth/00_1.gr2	d:/ymir work/monster/bkfourth/00_1.gr2	1
Monster/ymir work/monster/orc_general/20.gr2	d:/ymir work/monster/orc_general/20.gr2	1
Monster/ymir work/monster/skeleton_soldier_bow/20.msa	d:/ymir work/monster/skeleton_soldier_bow/20.msa	1
Monster/ymir work/monster/orc_scouter/orc_scouter.dds	d:/ymir work/monster/orc_scouter/orc_scouter.dds	1
Monster/ymir work/monster/barbarian_bow/33.gr2	d:/ymir work/monster/barbarian_bow/33.gr2	1
Monster/ymir work/monster/ice_snow_golem/20.msa	d:/ymir work/monster/ice_snow_golem/20.msa	1
Monster/ymir work/monster/skeleton_magician/03.msa	d:/ymir work/monster/skeleton_magician/03.msa	1
Monster/ymir work/monster/bkfourth/52.gr2	d:/ymir work/monster/bkfourth/52.gr2	1
Monster/ymir work/monster/barbarian_bow/35.msa	d:/ymir work/monster/barbarian_bow/35.msa	1
Monster/ymir work/monster/bkarcher/34.msa	d:/ymir work/monster/bkarcher/34.msa	1
Monster/ymir work/monster/ice_snow_monster/30.msa	d:/ymir work/monster/ice_snow_monster/30.msa	1
Monster/ymir work/monster/barbarian_bow/36.gr2	d:/ymir work/monster/barbarian_bow/36.gr2	1
Monster/ymir work/monster/bear/00.msa	d:/ymir work/monster/bear/00.msa	1
Monster/ymir work/monster/bkknight/32.msa	d:/ymir work/monster/bkknight/32.msa	1
Monster/ymir work/monster/orc_lord/00.msa	d:/ymir work/monster/orc_lord/00.msa	1
Monster/ymir work/monster/skeleton_bigboss/33.msa	d:/ymir work/monster/skeleton_bigboss/33.msa	1
Monster/ymir work/monster/barbarian_bow/36.msa	d:/ymir work/monster/barbarian_bow/36.msa	1
Monster/ymir work/monster/thief1/37_2.msa	d:/ymir work/monster/thief1/37_2.msa	1
Monster/ymir work/monster/barbarian_bow/barbarian_bow.gr2	d:/ymir work/monster/barbarian_bow/barbarian_bow.gr2	1
Monster/ymir work/monster/bksoldier/20_1.gr2	d:/ymir work/monster/bksoldier/20_1.gr2	1
Monster/ymir work/monster/barbarian_bow/barbarian_bow_lod_01.gr2	d:/ymir work/monster/barbarian_bow/barbarian_bow_lod_01.gr2	1
Monster/ymir work/monster/bkboss/35.msa	d:/ymir work/monster/bkboss/35.msa	1
Monster/ymir work/monster/orc_general/20_1.gr2	d:/ymir work/monster/orc_general/20_1.gr2	1
Monster/ymir work/monster/thiefboss3/thiefboss3_lod_01.gr2	d:/ymir work/monster/thiefboss3/thiefboss3_lod_01.gr2	1
Monster/ymir work/monster/chuhen/02.msa	d:/ymir work/monster/chuhen/02.msa	1
Monster/ymir work/monster/bkfourth/37.msa	d:/ymir work/monster/bkfourth/37.msa	1
Monster/ymir work/monster/barbarian_bow/motlist.txt	d:/ymir work/monster/barbarian_bow/motlist.txt	1
Monster/ymir work/monster/orc_black/00_1.msa	d:/ymir work/monster/orc_black/00_1.msa	1
Monster/ymir work/monster/gupae/03.msa	d:/ymir work/monster/gupae/03.msa	1
Monster/ymir work/monster/milgyo_religionist/30_1.msa	d:/ymir work/monster/milgyo_religionist/30_1.msa	1
Monster/ymir work/monster/barbarian_infantry/00.gr2	d:/ymir work/monster/barbarian_infantry/00.gr2	0
Monster/ymir work/monster/milgyo_executor/33.gr2	d:/ymir work/monster/milgyo_executor/33.gr2	1
Monster/ymir work/monster/milgyo_nahan1/motlist.txt	d:/ymir work/monster/milgyo_nahan1/motlist.txt	1
Monster/ymir work/monster/chaos_ghost/chaos_ghost_lod_01.gr2	d:/ymir work/monster/chaos_ghost/chaos_ghost_lod_01.gr2	1
Monster/ymir work/monster/orc_lord/32.msa	d:/ymir work/monster/orc_lord/32.msa	1
Monster/ymir work/monster/tiger/03.gr2	d:/ymir work/monster/tiger/03.gr2	1
Monster/ymir work/monster/orc_scouter/motlist.txt	d:/ymir work/monster/orc_scouter/motlist.txt	1
Monster/ymir work/monster/barbarian_infantry/00.msa	d:/ymir work/monster/barbarian_infantry/00.msa	1
Monster/ymir work/monster/outlaw/33.gr2	d:/ymir work/monster/outlaw/33.gr2	1
Monster/ymir work/monster/barbarian_infantry/00_1.gr2	d:/ymir work/monster/barbarian_infantry/00_1.gr2	1
Monster/ymir work/monster/thiefboss3/52.gr2	d:/ymir work/monster/thiefboss3/52.gr2	1
Monster/ymir work/monster/barbarian_infantry/00_1.msa	d:/ymir work/monster/barbarian_infantry/00_1.msa	1
Monster/ymir work/monster/tiger/03.msa	d:/ymir work/monster/tiger/03.msa	1
Monster/ymir work/monster/thief3/00_1.msa	d:/ymir work/monster/thief3/00_1.msa	1
Monster/ymir work/monster/milgyo_monster2/00_1.gr2	d:/ymir work/monster/milgyo_monster2/00_1.gr2	1
Monster/ymir work/monster/skeleton_soldier_bow/30.gr2	d:/ymir work/monster/skeleton_soldier_bow/30.gr2	1
Monster/ymir work/monster/bkarcher/34_1.gr2	d:/ymir work/monster/bkarcher/34_1.gr2	1
Monster/ymir work/monster/barbarian_infantry/00_2.gr2	d:/ymir work/monster/barbarian_infantry/00_2.gr2	1
Monster/ymir work/monster/milgyo_nahan1/milgyo_nahan1_lod_01.gr2	d:/ymir work/monster/milgyo_nahan1/milgyo_nahan1_lod_01.gr2	1
Monster/ymir work/monster/tiger/motlist.txt	d:/ymir work/monster/tiger/motlist.txt	1
Monster/ymir work/monster/bkarcher/37.msa	d:/ymir work/monster/bkarcher/37.msa	1
Monster/ymir work/monster/skeleton_bigboss/35.gr2	d:/ymir work/monster/skeleton_bigboss/35.gr2	1
Monster/ymir work/monster/ice_snow_insect/ice_snow_insect_lod_01.gr2	d:/ymir work/monster/ice_snow_insect/ice_snow_insect_lod_01.gr2	1
Monster/ymir work/monster/barbarian_infantry/00_2.msa	d:/ymir work/monster/barbarian_infantry/00_2.msa	1
Monster/ymir work/monster/ice_snow_giant_man/34.gr2	d:/ymir work/monster/ice_snow_giant_man/34.gr2	1
Monster/ymir work/monster/misterious_diseased_spear/37.msa	d:/ymir work/monster/misterious_diseased_spear/37.msa	1
Monster/ymir work/monster/bou/52.msa	d:/ymir work/monster/bou/52.msa	1
Monster/ymir work/monster/bkboss/20_1.gr2	d:/ymir work/monster/bkboss/20_1.gr2	1
Monster/ymir work/monster/metinstone/metinstone_04.dds	d:/ymir work/monster/metinstone/metinstone_04.dds	1
Monster/ymir work/monster/barbarian_infantry/01.gr2	d:/ymir work/monster/barbarian_infantry/01.gr2	1
Monster/ymir work/monster/barbarian_soldier/20_1.gr2	d:/ymir work/monster/barbarian_soldier/20_1.gr2	1
Monster/ymir work/monster/maenghwan/33.gr2	d:/ymir work/monster/maenghwan/33.gr2	1
Monster/ymir work/monster/ice_snow_monster/31_1.gr2	d:/ymir work/monster/ice_snow_monster/31_1.gr2	1
Monster/ymir work/monster/milgyo_nahan2/03.gr2	d:/ymir work/monster/milgyo_nahan2/03.gr2	1
Monster/ymir work/monster/orc_black/00_1.gr2	d:/ymir work/monster/orc_black/00_1.gr2	1
Monster/ymir work/monster/bkthird/35.gr2	d:/ymir work/monster/bkthird/35.gr2	1
Monster/ymir work/monster/barbarian_infantry/01.msa	d:/ymir work/monster/barbarian_infantry/01.msa	1
Monster/ymir work/monster/orc_soldier/30_1.msa	d:/ymir work/monster/orc_soldier/30_1.msa	1
Monster/ymir work/monster/ice_snow_golem/30.gr2	d:/ymir work/monster/ice_snow_golem/30.gr2	1
Monster/ymir work/monster/wolf/03.msa	d:/ymir work/monster/wolf/03.msa	1
Monster/ymir work/monster/bkknight/20_1.msa	d:/ymir work/monster/bkknight/20_1.msa	1
Monster/ymir work/monster/barbarian_infantry/02.gr2	d:/ymir work/monster/barbarian_infantry/02.gr2	1
Monster/ymir work/monster/milgyo_monster2/37.gr2	d:/ymir work/monster/milgyo_monster2/37.gr2	1
Monster/ymir work/monster/ice_snow_insect/34.gr2	d:/ymir work/monster/ice_snow_insect/34.gr2	1
Monster/ymir work/monster/bkknight/02.gr2	d:/ymir work/monster/bkknight/02.gr2	1
Monster/ymir work/monster/misterious_diseased_bow/34.gr2	d:/ymir work/monster/misterious_diseased_bow/34.gr2	1
Monster/ymir work/monster/bkfourth/30.msa	d:/ymir work/monster/bkfourth/30.msa	1
Monster/ymir work/monster/barbarian_infantry/02.msa	d:/ymir work/monster/barbarian_infantry/02.msa	1
Monster/ymir work/monster/gupae/00.gr2	d:/ymir work/monster/gupae/00.gr2	0
Monster/ymir work/monster/barbarian_infantry/03.gr2	d:/ymir work/monster/barbarian_infantry/03.gr2	1
Monster/ymir work/monster/barbarian_infantry/03.msa	d:/ymir work/monster/barbarian_infantry/03.msa	1
Monster/ymir work/monster/wild_boar/03.msa	d:/ymir work/monster/wild_boar/03.msa	1
Monster/ymir work/monster/barbarian_infantry/20.gr2	d:/ymir work/monster/barbarian_infantry/20.gr2	1
Monster/ymir work/monster/milgyo_monster1/20_1.msa	d:/ymir work/monster/milgyo_monster1/20_1.msa	1
Monster/ymir work/monster/barbarian_infantry/20.msa	d:/ymir work/monster/barbarian_infantry/20.msa	1
Monster/ymir work/monster/ice_snow_monster/00_1.gr2	d:/ymir work/monster/ice_snow_monster/00_1.gr2	1
Monster/ymir work/monster/barbarian_infantry/20_1.gr2	d:/ymir work/monster/barbarian_infantry/20_1.gr2	1
Monster/ymir work/monster/chuhen/50.gr2	d:/ymir work/monster/chuhen/50.gr2	1
Monster/ymir work/monster/barbarian_infantry/20_1.msa	d:/ymir work/monster/barbarian_infantry/20_1.msa	1
Monster/ymir work/monster/misterious_diseased_dog/02.gr2	d:/ymir work/monster/misterious_diseased_dog/02.gr2	1
Monster/ymir work/monster/bksoldier/02.gr2	d:/ymir work/monster/bksoldier/02.gr2	1
Monster/ymir work/monster/barbarian_infantry/30.gr2	d:/ymir work/monster/barbarian_infantry/30.gr2	1
Monster/ymir work/monster/skeleton_king/33.msa	d:/ymir work/monster/skeleton_king/33.msa	1
Monster/ymir work/monster/barbarian_infantry/30.msa	d:/ymir work/monster/barbarian_infantry/30.msa	1
Monster/ymir work/monster/misterious_diseased_kid/34.msa	d:/ymir work/monster/misterious_diseased_kid/34.msa	1
Monster/ymir work/monster/stray_dog/00_2.msa	d:/ymir work/monster/stray_dog/00_2.msa	1
Monster/ymir work/monster/ice_snow_monster/37.gr2	d:/ymir work/monster/ice_snow_monster/37.gr2	1
Monster/ymir work/monster/barbarian_infantry/30_1.gr2	d:/ymir work/monster/barbarian_infantry/30_1.gr2	1
Monster/ymir work/monster/skeleton_general/30_1.msa	d:/ymir work/monster/skeleton_general/30_1.msa	1
Monster/ymir work/monster/barbarian_infantry/30_1.msa	d:/ymir work/monster/barbarian_infantry/30_1.msa	1
Monster/ymir work/monster/misterious_diseased_spear/20_1.gr2	d:/ymir work/monster/misterious_diseased_spear/20_1.gr2	1
Monster/ymir work/monster/bkknight/37_1.msa	d:/ymir work/monster/bkknight/37_1.msa	1
Monster/ymir work/monster/bkfourth/02.msa	d:/ymir work/monster/bkfourth/02.msa	1
Monster/ymir work/monster/bkknight/20.gr2	d:/ymir work/monster/bkknight/20.gr2	1
Monster/ymir work/monster/barbarian_infantry/31.gr2	d:/ymir work/monster/barbarian_infantry/31.gr2	1
Monster/ymir work/monster/metinstone/metinstone_08.msm	d:/ymir work/monster/metinstone/metinstone_08.msm	1
Monster/ymir work/monster/fox_ninetail/fox_ninetail.dds	d:/ymir work/monster/fox_ninetail/fox_ninetail.dds	1
Monster/ymir work/monster/chaos_ghost/30.gr2	d:/ymir work/monster/chaos_ghost/30.gr2	1
Monster/ymir work/monster/orc_knight/motlist.txt	d:/ymir work/monster/orc_knight/motlist.txt	1
Monster/ymir work/monster/thiefboss2/36.msa	d:/ymir work/monster/thiefboss2/36.msa	1
Monster/ymir work/monster/fox_ninetail/34_1.gr2	d:/ymir work/monster/fox_ninetail/34_1.gr2	1
Monster/ymir work/monster/barbarian_infantry/31.msa	d:/ymir work/monster/barbarian_infantry/31.msa	1
Monster/ymir work/monster/bear/34.msa	d:/ymir work/monster/bear/34.msa	1
Monster/ymir work/monster/misterious_diseased_infector/03.gr2	d:/ymir work/monster/misterious_diseased_infector/03.gr2	1
Monster/ymir work/monster/mountain_dog_god/33.msa	d:/ymir work/monster/mountain_dog_god/33.msa	1
Monster/ymir work/monster/skeleton_god/25.msa	d:/ymir work/monster/skeleton_god/25.msa	1
Monster/ymir work/monster/barbarian_infantry/32.gr2	d:/ymir work/monster/barbarian_infantry/32.gr2	1
Monster/ymir work/monster/bksecond/00_1.msa	d:/ymir work/monster/bksecond/00_1.msa	1
Monster/ymir work/monster/ice_snow_man/30_1.gr2	d:/ymir work/monster/ice_snow_man/30_1.gr2	1
Monster/ymir work/monster/barbarian_soldier/31.msa	d:/ymir work/monster/barbarian_soldier/31.msa	1
Monster/ymir work/monster/milgyo_nahan_general/30.msa	d:/ymir work/monster/milgyo_nahan_general/30.msa	1
Monster/ymir work/monster/ice_snow_monster/35.msa	d:/ymir work/monster/ice_snow_monster/35.msa	1
Monster/ymir work/monster/bkarcher/00_2.gr2	d:/ymir work/monster/bkarcher/00_2.gr2	1
Monster/ymir work/monster/misterious_diseased_boss/31.msa	d:/ymir work/monster/misterious_diseased_boss/31.msa	1
Monster/ymir work/monster/ice_snow_dog/30.gr2	d:/ymir work/monster/ice_snow_dog/30.gr2	1
Monster/ymir work/monster/barbarian_infantry/32.msa	d:/ymir work/monster/barbarian_infantry/32.msa	1
Monster/ymir work/monster/bkboss/37.msa	d:/ymir work/monster/bkboss/37.msa	1
Monster/ymir work/monster/misterious_diseased_bosshost/31_2.msa	d:/ymir work/monster/misterious_diseased_bosshost/31_2.msa	1
Monster/ymir work/monster/yellow_tigerman/03.msa	d:/ymir work/monster/yellow_tigerman/03.msa	1
Monster/ymir work/monster/ice_snow_man/33.gr2	d:/ymir work/monster/ice_snow_man/33.gr2	1
Monster/ymir work/monster/skeleton_wizard/00_1.msa	d:/ymir work/monster/skeleton_wizard/00_1.msa	1
Monster/ymir work/monster/barbarian_infantry/33.gr2	d:/ymir work/monster/barbarian_infantry/33.gr2	1
Monster/ymir work/monster/misterious_diseased_boss/34.msa	d:/ymir work/monster/misterious_diseased_boss/34.msa	1
Monster/ymir work/monster/bkboss/37.gr2	d:/ymir work/monster/bkboss/37.gr2	1
Monster/ymir work/monster/bkboss/32.gr2	d:/ymir work/monster/bkboss/32.gr2	1
Monster/ymir work/monster/barbarian_infantry/33.msa	d:/ymir work/monster/barbarian_infantry/33.msa	1
Monster/ymir work/monster/barbarian_soldier/35.msa	d:/ymir work/monster/barbarian_soldier/35.msa	1
Monster/ymir work/monster/milgyo_nahan1/milgyo_nahan1.msm	d:/ymir work/monster/milgyo_nahan1/milgyo_nahan1.msm	1
Monster/ymir work/monster/bou/32.msa	d:/ymir work/monster/bou/32.msa	1
Monster/ymir work/monster/goblin_leafhead/35.msa	d:/ymir work/monster/goblin_leafhead/35.msa	1
Monster/ymir work/monster/barbarian_infantry/34.gr2	d:/ymir work/monster/barbarian_infantry/34.gr2	1
Monster/ymir work/monster/skeleton_soldier_bow/34_1.gr2	d:/ymir work/monster/skeleton_soldier_bow/34_1.gr2	1
Monster/ymir work/monster/barbarian_knight/03.msa	d:/ymir work/monster/barbarian_knight/03.msa	1
Monster/ymir work/monster/barbarian_infantry/34.msa	d:/ymir work/monster/barbarian_infantry/34.msa	1
Monster/ymir work/monster/chaos_ghost/31.msa	d:/ymir work/monster/chaos_ghost/31.msa	1
Monster/ymir work/monster/bksoldier/30.gr2	d:/ymir work/monster/bksoldier/30.gr2	1
Monster/ymir work/monster/milgyo_religionist/36.gr2	d:/ymir work/monster/milgyo_religionist/36.gr2	1
Monster/ymir work/monster/misterious_diseased_boss/30_1.msa	d:/ymir work/monster/misterious_diseased_boss/30_1.msa	1
Monster/ymir work/monster/barbarian_infantry/34_1.gr2	d:/ymir work/monster/barbarian_infantry/34_1.gr2	1
Monster/ymir work/monster/bkboss/25_1.msa	d:/ymir work/monster/bkboss/25_1.msa	1
Monster/ymir work/monster/misterious_diseased_dog/20.msa	d:/ymir work/monster/misterious_diseased_dog/20.msa	1
Monster/ymir work/monster/barbarian_infantry/34_1.msa	d:/ymir work/monster/barbarian_infantry/34_1.msa	1
Monster/ymir work/monster/skeleton_magician/34.msa	d:/ymir work/monster/skeleton_magician/34.msa	1
Monster/ymir work/monster/bkthird/37.msa	d:/ymir work/monster/bkthird/37.msa	1
Monster/ymir work/monster/barbarian_infantry/35.gr2	d:/ymir work/monster/barbarian_infantry/35.gr2	1
Monster/ymir work/monster/barbarian_soldier/barbarian_soldier.dds	d:/ymir work/monster/barbarian_soldier/barbarian_soldier.dds	1
Monster/ymir work/monster/ice_snow_insect/ice_snow_insect.msm	d:/ymir work/monster/ice_snow_insect/ice_snow_insect.msm	1
Monster/ymir work/monster/skeleton_king/33.gr2	d:/ymir work/monster/skeleton_king/33.gr2	1
Monster/ymir work/monster/ice_snow_monster/32.msa	d:/ymir work/monster/ice_snow_monster/32.msa	1
Monster/ymir work/monster/barbarian_infantry/35.msa	d:/ymir work/monster/barbarian_infantry/35.msa	1
Monster/ymir work/monster/orc_lord/30_1.msa	d:/ymir work/monster/orc_lord/30_1.msa	1
Monster/ymir work/monster/skeleton_soldier_spear/34.msa	d:/ymir work/monster/skeleton_soldier_spear/34.msa	1
Monster/ymir work/monster/barbarian_infantry/36.gr2	d:/ymir work/monster/barbarian_infantry/36.gr2	1
Monster/ymir work/monster/milgyo_monster1/milgyo_monster1.msm	d:/ymir work/monster/milgyo_monster1/milgyo_monster1.msm	1
Monster/ymir work/monster/milgyo_nahan_general/34.msa	d:/ymir work/monster/milgyo_nahan_general/34.msa	1
Monster/ymir work/monster/goblin_leafhead/30_1.msa	d:/ymir work/monster/goblin_leafhead/30_1.msa	1
Monster/ymir work/monster/bkthird/03.gr2	d:/ymir work/monster/bkthird/03.gr2	1
Monster/ymir work/monster/milgyo_monster2/30.gr2	d:/ymir work/monster/milgyo_monster2/30.gr2	1
Monster/ymir work/monster/gupae/35.gr2	d:/ymir work/monster/gupae/35.gr2	1
Monster/ymir work/monster/sugu_general/30.gr2	d:/ymir work/monster/sugu_general/30.gr2	1
Monster/ymir work/monster/maenghwan/50.msa	d:/ymir work/monster/maenghwan/50.msa	1
Monster/ymir work/monster/barbarian_infantry/36.msa	d:/ymir work/monster/barbarian_infantry/36.msa	1
Monster/ymir work/monster/orc_scouter/35.msa	d:/ymir work/monster/orc_scouter/35.msa	1
Monster/ymir work/monster/barbarian_infantry/barbarian_infantry.dds	d:/ymir work/monster/barbarian_infantry/barbarian_infantry.dds	1
Monster/ymir work/monster/fox_ninetail/34.msa	d:/ymir work/monster/fox_ninetail/34.msa	1
Monster/ymir work/monster/barbarian_infantry/barbarian_infantry.gr2	d:/ymir work/monster/barbarian_infantry/barbarian_infantry.gr2	1
Monster/ymir work/monster/ice_snow_monster/30.gr2	d:/ymir work/monster/ice_snow_monster/30.gr2	1
Monster/ymir work/monster/bear/00_1.msa	d:/ymir work/monster/bear/00_1.msa	1
Monster/ymir work/monster/ice_snow_monster/ice_snow_monster_lod_01.gr2	d:/ymir work/monster/ice_snow_monster/ice_snow_monster_lod_01.gr2	1
Monster/ymir work/monster/barbarian_infantry/barbarian_infantry.msm	d:/ymir work/monster/barbarian_infantry/barbarian_infantry.msm	1
Monster/ymir work/monster/orc_magician/20.gr2	d:/ymir work/monster/orc_magician/20.gr2	1
Monster/ymir work/monster/misterious_diseased_spear/00_1.gr2	d:/ymir work/monster/misterious_diseased_spear/00_1.gr2	1
Monster/ymir work/monster/barbarian_infantry/barbarian_infantry_lod_01.gr2	d:/ymir work/monster/barbarian_infantry/barbarian_infantry_lod_01.gr2	1
Monster/ymir work/monster/immotal_ghost/33.msa	d:/ymir work/monster/immotal_ghost/33.msa	1
Monster/ymir work/monster/wild_boar/34.gr2	d:/ymir work/monster/wild_boar/34.gr2	1
Monster/ymir work/monster/bkboss/20.gr2	d:/ymir work/monster/bkboss/20.gr2	1
Monster/ymir work/monster/barbarian_infantry/barbarian_infantry_sword.dds	d:/ymir work/monster/barbarian_infantry/barbarian_infantry_sword.dds	1
Monster/ymir work/monster/barbarian_infantry/motlist.txt	d:/ymir work/monster/barbarian_infantry/motlist.txt	1
Monster/ymir work/monster/bou/50.gr2	d:/ymir work/monster/bou/50.gr2	1
Monster/ymir work/monster/mountain_dog_god/30.gr2	d:/ymir work/monster/mountain_dog_god/30.gr2	1
Monster/ymir work/monster/bkarcher/03.msa	d:/ymir work/monster/bkarcher/03.msa	1
Monster/ymir work/monster/barbarian_knight/00.gr2	d:/ymir work/monster/barbarian_knight/00.gr2	0
Monster/ymir work/monster/barbarian_soldier/37_1.msa	d:/ymir work/monster/barbarian_soldier/37_1.msa	1
Monster/ymir work/monster/barbarian_knight/00.msa	d:/ymir work/monster/barbarian_knight/00.msa	1
Monster/ymir work/monster/barbarian_knight/37.msa	d:/ymir work/monster/barbarian_knight/37.msa	1
Monster/ymir work/monster/barbarian_knight/31_1.gr2	d:/ymir work/monster/barbarian_knight/31_1.gr2	1
Monster/ymir work/monster/barbarian_knight/03.gr2	d:/ymir work/monster/barbarian_knight/03.gr2	1
Monster/ymir work/monster/barbarian_knight/30.msa	d:/ymir work/monster/barbarian_knight/30.msa	1
Monster/ymir work/monster/bou/30_1.msa	d:/ymir work/monster/bou/30_1.msa	1
Monster/ymir work/monster/ice_snow_whale/30.gr2	d:/ymir work/monster/ice_snow_whale/30.gr2	1
Monster/ymir work/monster/milgyo_nahan_general/36.gr2	d:/ymir work/monster/milgyo_nahan_general/36.gr2	1
Monster/ymir work/monster/outlaw/30.gr2	d:/ymir work/monster/outlaw/30.gr2	1
Monster/ymir work/monster/barbarian_knight/20.gr2	d:/ymir work/monster/barbarian_knight/20.gr2	1
Monster/ymir work/monster/barbarian_knight/30_1.gr2	d:/ymir work/monster/barbarian_knight/30_1.gr2	1
Monster/ymir work/monster/orc_scouter/00_1.gr2	d:/ymir work/monster/orc_scouter/00_1.gr2	1
Monster/ymir work/monster/bkfourth/02.gr2	d:/ymir work/monster/bkfourth/02.gr2	1
Monster/ymir work/monster/barbarian_knight/30_1.msa	d:/ymir work/monster/barbarian_knight/30_1.msa	1
Monster/ymir work/monster/barbarian_knight/31.gr2	d:/ymir work/monster/barbarian_knight/31.gr2	1
Monster/ymir work/monster/thiefboss1/35.gr2	d:/ymir work/monster/thiefboss1/35.gr2	1
Monster/ymir work/monster/bou/52.gr2	d:/ymir work/monster/bou/52.gr2	1
Monster/ymir work/monster/barbarian_knight/31.msa	d:/ymir work/monster/barbarian_knight/31.msa	1
Monster/ymir work/monster/barbarian_knight/31_1.msa	d:/ymir work/monster/barbarian_knight/31_1.msa	1
Monster/ymir work/monster/wolf/00_2.gr2	d:/ymir work/monster/wolf/00_2.gr2	1
Monster/ymir work/monster/thief1/36.msa	d:/ymir work/monster/thief1/36.msa	1
Monster/ymir work/monster/barbarian_knight/32.gr2	d:/ymir work/monster/barbarian_knight/32.gr2	1
Monster/ymir work/monster/barbarian_knight/32.msa	d:/ymir work/monster/barbarian_knight/32.msa	1
Monster/ymir work/monster/ice_snow_giant_man/00.gr2	d:/ymir work/monster/ice_snow_giant_man/00.gr2	0
Monster/ymir work/monster/stray_dog/20.gr2	d:/ymir work/monster/stray_dog/20.gr2	1
Monster/ymir work/monster/ice_snow_insect/37.gr2	d:/ymir work/monster/ice_snow_insect/37.gr2	1
Monster/ymir work/monster/wild_boar_god/51.msa	d:/ymir work/monster/wild_boar_god/51.msa	1
Monster/ymir work/monster/immotal_ghost/34.msa	d:/ymir work/monster/immotal_ghost/34.msa	1
Monster/ymir work/monster/misterious_diseased_sword/31.gr2	d:/ymir work/monster/misterious_diseased_sword/31.gr2	1
Monster/ymir work/monster/barbarian_knight/33.gr2	d:/ymir work/monster/barbarian_knight/33.gr2	1
Monster/ymir work/monster/chuhen/30.msa	d:/ymir work/monster/chuhen/30.msa	1
Monster/ymir work/monster/barbarian_knight/33.msa	d:/ymir work/monster/barbarian_knight/33.msa	1
Monster/ymir work/monster/orc_soldier/30_1.gr2	d:/ymir work/monster/orc_soldier/30_1.gr2	1
Monster/ymir work/monster/barbarian_knight/34.gr2	d:/ymir work/monster/barbarian_knight/34.gr2	1
Monster/ymir work/monster/bksecond/36.msa	d:/ymir work/monster/bksecond/36.msa	1
Monster/ymir work/monster/bear/bear_brown.dds	d:/ymir work/monster/bear/bear_brown.dds	1
Monster/ymir work/monster/barbarian_knight/34.msa	d:/ymir work/monster/barbarian_knight/34.msa	1
Monster/ymir work/monster/orc_lord/34_1.gr2	d:/ymir work/monster/orc_lord/34_1.gr2	1
Monster/ymir work/monster/thief1/20.msa	d:/ymir work/monster/thief1/20.msa	1
Monster/ymir work/monster/bkthird/32.gr2	d:/ymir work/monster/bkthird/32.gr2	1
Monster/ymir work/monster/misterious_diseased_dog/02_1.gr2	d:/ymir work/monster/misterious_diseased_dog/02_1.gr2	1
Monster/ymir work/monster/bksecond/36.gr2	d:/ymir work/monster/bksecond/36.gr2	1
Monster/ymir work/monster/bkknight/bkknight_lod_01.gr2	d:/ymir work/monster/bkknight/bkknight_lod_01.gr2	1
Monster/ymir work/monster/barbarian_knight/34_1.gr2	d:/ymir work/monster/barbarian_knight/34_1.gr2	1
Monster/ymir work/monster/wild_boar/wild_boar.dds	d:/ymir work/monster/wild_boar/wild_boar.dds	1
Monster/ymir work/monster/misterious_diseased_spear/00.msa	d:/ymir work/monster/misterious_diseased_spear/00.msa	1
Monster/ymir work/monster/skeleton_wizard/30_1.gr2	d:/ymir work/monster/skeleton_wizard/30_1.gr2	1
Monster/ymir work/monster/barbarian_knight/34_1.msa	d:/ymir work/monster/barbarian_knight/34_1.msa	1
Monster/ymir work/monster/thiefboss2/51.gr2	d:/ymir work/monster/thiefboss2/51.gr2	1
Monster/ymir work/monster/chaos_ghost/20_1.msa	d:/ymir work/monster/chaos_ghost/20_1.msa	1
Monster/ymir work/monster/bkknight/00_2.msa	d:/ymir work/monster/bkknight/00_2.msa	1
Monster/ymir work/monster/barbarian_knight/35.msa	d:/ymir work/monster/barbarian_knight/35.msa	1
Monster/ymir work/monster/bkthird/bkthird_lod_01.gr2	d:/ymir work/monster/bkthird/bkthird_lod_01.gr2	1
Monster/ymir work/monster/barbarian_knight/36.gr2	d:/ymir work/monster/barbarian_knight/36.gr2	1
Monster/ymir work/monster/wolf/wolf_teeth.dds	d:/ymir work/monster/wolf/wolf_teeth.dds	1
Monster/ymir work/monster/goblin_leafhead/32.gr2	d:/ymir work/monster/goblin_leafhead/32.gr2	1
Monster/ymir work/monster/bkboss/33.gr2	d:/ymir work/monster/bkboss/33.gr2	1
Monster/ymir work/monster/orc_knight/34.msa	d:/ymir work/monster/orc_knight/34.msa	1
Monster/ymir work/monster/orc_bigblack/orc_bigblack.gr2	d:/ymir work/monster/orc_bigblack/orc_bigblack.gr2	1
Monster/ymir work/monster/skeleton_bigboss/00.gr2	d:/ymir work/monster/skeleton_bigboss/00.gr2	0
Monster/ymir work/monster/barbarian_knight/36.msa	d:/ymir work/monster/barbarian_knight/36.msa	1
Monster/ymir work/monster/skeleton_king/34.msa	d:/ymir work/monster/skeleton_king/34.msa	1
Monster/ymir work/monster/misterious_diseased_kid/33.msa	d:/ymir work/monster/misterious_diseased_kid/33.msa	1
Monster/ymir work/monster/thiefboss3/30.msa	d:/ymir work/monster/thiefboss3/30.msa	1
Monster/ymir work/monster/bkboss/50.msa	d:/ymir work/monster/bkboss/50.msa	1
Monster/ymir work/monster/milgyo_monster1/milgyo_monster1.dds	d:/ymir work/monster/milgyo_monster1/milgyo_monster1.dds	1
Monster/ymir work/monster/orc_soldier/00_1.gr2	d:/ymir work/monster/orc_soldier/00_1.gr2	1
Monster/ymir work/monster/barbarian_knight/37.gr2	d:/ymir work/monster/barbarian_knight/37.gr2	1
Monster/ymir work/monster/bkarcher/30.gr2	d:/ymir work/monster/bkarcher/30.gr2	1
Monster/ymir work/monster/barbarian_knight/barbarian_knight.dds	d:/ymir work/monster/barbarian_knight/barbarian_knight.dds	1
Monster/ymir work/monster/barbarian_soldier/34_1.msa	d:/ymir work/monster/barbarian_soldier/34_1.msa	1
Monster/ymir work/monster/orc_magician/34_1.msa	d:/ymir work/monster/orc_magician/34_1.msa	1
Monster/ymir work/monster/bkarcher/00_1.gr2	d:/ymir work/monster/bkarcher/00_1.gr2	1
Monster/ymir work/monster/milgyo_nahan2/32.gr2	d:/ymir work/monster/milgyo_nahan2/32.gr2	1
Monster/ymir work/monster/barbarian_knight/barbarian_knight.gr2	d:/ymir work/monster/barbarian_knight/barbarian_knight.gr2	1
Monster/ymir work/monster/bkboss/bkboss.msm	d:/ymir work/monster/bkboss/bkboss.msm	1
Monster/ymir work/monster/skeleton_wizard/34.gr2	d:/ymir work/monster/skeleton_wizard/34.gr2	1
Monster/ymir work/monster/bksecond/52.msa	d:/ymir work/monster/bksecond/52.msa	1
Monster/ymir work/monster/barbarian_knight/barbarian_knight.msm	d:/ymir work/monster/barbarian_knight/barbarian_knight.msm	1
Monster/ymir work/monster/milgyo_monster2/20.gr2	d:/ymir work/monster/milgyo_monster2/20.gr2	1
Monster/ymir work/monster/bksecond/30.msa	d:/ymir work/monster/bksecond/30.msa	1
Monster/ymir work/monster/thiefboss1/30_1.gr2	d:/ymir work/monster/thiefboss1/30_1.gr2	1
Monster/ymir work/monster/barbarian_knight/motlist.txt	d:/ymir work/monster/barbarian_knight/motlist.txt	1
Monster/ymir work/monster/barbarian_soldier/00.gr2	d:/ymir work/monster/barbarian_soldier/00.gr2	0
Monster/ymir work/monster/bkthird/bkthird.msm	d:/ymir work/monster/bkthird/bkthird.msm	1
Monster/ymir work/monster/orc_black/motlist.txt	d:/ymir work/monster/orc_black/motlist.txt	1
Monster/ymir work/monster/ice_snow_whale/03.gr2	d:/ymir work/monster/ice_snow_whale/03.gr2	1
Monster/ymir work/monster/orc_soldier/30.gr2	d:/ymir work/monster/orc_soldier/30.gr2	1
Monster/ymir work/monster/barbarian_soldier/00_1.gr2	d:/ymir work/monster/barbarian_soldier/00_1.gr2	1
Monster/ymir work/monster/misterious_diseased_dog/03.msa	d:/ymir work/monster/misterious_diseased_dog/03.msa	1
Monster/ymir work/monster/orc_black/30_1.gr2	d:/ymir work/monster/orc_black/30_1.gr2	1
Monster/ymir work/monster/bkboss/30_1.msa	d:/ymir work/monster/bkboss/30_1.msa	1
Monster/ymir work/monster/misterious_diseased_bosshost/31_1.gr2	d:/ymir work/monster/misterious_diseased_bosshost/31_1.gr2	1
Monster/ymir work/monster/bksecond/37.msa	d:/ymir work/monster/bksecond/37.msa	1
Monster/ymir work/monster/bkknight/35.msa	d:/ymir work/monster/bkknight/35.msa	1
Monster/ymir work/monster/ice_snow_insect/motlist.txt	d:/ymir work/monster/ice_snow_insect/motlist.txt	1
Monster/ymir work/monster/barbarian_soldier/00_1.msa	d:/ymir work/monster/barbarian_soldier/00_1.msa	1
Monster/ymir work/monster/barbarian_soldier/03.gr2	d:/ymir work/monster/barbarian_soldier/03.gr2	1
Monster/ymir work/monster/barbarian_soldier/03.msa	d:/ymir work/monster/barbarian_soldier/03.msa	1
Monster/ymir work/monster/bksoldier/37_1.gr2	d:/ymir work/monster/bksoldier/37_1.gr2	1
Monster/ymir work/monster/bkthird/25.gr2	d:/ymir work/monster/bkthird/25.gr2	1
Monster/ymir work/monster/mountain_dog_god/mountain_dog_god_hair.dds	d:/ymir work/monster/mountain_dog_god/mountain_dog_god_hair.dds	1
Monster/ymir work/monster/gupae/20.msa	d:/ymir work/monster/gupae/20.msa	1
Monster/ymir work/monster/bkknight/50.msa	d:/ymir work/monster/bkknight/50.msa	1
Monster/ymir work/monster/ice_snow_man/30.gr2	d:/ymir work/monster/ice_snow_man/30.gr2	1
Monster/ymir work/monster/bkboss/20.msa	d:/ymir work/monster/bkboss/20.msa	1
Monster/ymir work/monster/misterious_diseased_dog/00_1.gr2	d:/ymir work/monster/misterious_diseased_dog/00_1.gr2	1
Monster/ymir work/monster/milgyo_nahan1/34.msa	d:/ymir work/monster/milgyo_nahan1/34.msa	1
Monster/ymir work/monster/goblin_leafhead/30.gr2	d:/ymir work/monster/goblin_leafhead/30.gr2	1
Monster/ymir work/monster/chaos_ghost/31.gr2	d:/ymir work/monster/chaos_ghost/31.gr2	1
Monster/ymir work/monster/misterious_diseased_boss/misterious_diseased_boss.msm	d:/ymir work/monster/misterious_diseased_boss/misterious_diseased_boss.msm	1
Monster/ymir work/monster/thiefboss2/00_1.gr2	d:/ymir work/monster/thiefboss2/00_1.gr2	1
Monster/ymir work/monster/barbarian_soldier/03_1.gr2	d:/ymir work/monster/barbarian_soldier/03_1.gr2	1
Monster/ymir work/monster/barbarian_soldier/03_1.msa	d:/ymir work/monster/barbarian_soldier/03_1.msa	1
Monster/ymir work/monster/greenfrog_general/20.gr2	d:/ymir work/monster/greenfrog_general/20.gr2	1
Monster/ymir work/monster/thief3/00_1.gr2	d:/ymir work/monster/thief3/00_1.gr2	1
Monster/ymir work/monster/barbarian_soldier/20.gr2	d:/ymir work/monster/barbarian_soldier/20.gr2	1
Monster/ymir work/monster/greenfrog_general/31.gr2	d:/ymir work/monster/greenfrog_general/31.gr2	1
Monster/ymir work/monster/barbarian_soldier/30.gr2	d:/ymir work/monster/barbarian_soldier/30.gr2	1
Monster/ymir work/monster/ice_snow_monster/20.gr2	d:/ymir work/monster/ice_snow_monster/20.gr2	1
Monster/ymir work/monster/barbarian_soldier/30.msa	d:/ymir work/monster/barbarian_soldier/30.msa	1
Monster/ymir work/monster/mountain_dog_god/34.msa	d:/ymir work/monster/mountain_dog_god/34.msa	1
Monster/ymir work/monster/goblin_leafhead/00.gr2	d:/ymir work/monster/goblin_leafhead/00.gr2	0
Monster/ymir work/monster/bksecond/20.gr2	d:/ymir work/monster/bksecond/20.gr2	1
Monster/ymir work/monster/thief1/motlist.txt	d:/ymir work/monster/thief1/motlist.txt	1
Monster/ymir work/monster/fox_ninetail/33.gr2	d:/ymir work/monster/fox_ninetail/33.gr2	1
Monster/ymir work/monster/tiger/tiger.dds	d:/ymir work/monster/tiger/tiger.dds	1
Monster/ymir work/monster/bkfourth/32.gr2	d:/ymir work/monster/bkfourth/32.gr2	1
Monster/ymir work/monster/barbarian_soldier/30_1.gr2	d:/ymir work/monster/barbarian_soldier/30_1.gr2	1
Monster/ymir work/monster/ice_snow_insect/32.gr2	d:/ymir work/monster/ice_snow_insect/32.gr2	1
Monster/ymir work/monster/barbarian_soldier/30_1.msa	d:/ymir work/monster/barbarian_soldier/30_1.msa	1
Monster/ymir work/monster/bkfourth/00.gr2	d:/ymir work/monster/bkfourth/00.gr2	0
Monster/ymir work/monster/barbarian_soldier/31.gr2	d:/ymir work/monster/barbarian_soldier/31.gr2	1
Monster/ymir work/monster/milgyo_monster1/32.msa	d:/ymir work/monster/milgyo_monster1/32.msa	1
Monster/ymir work/monster/bou/00.gr2	d:/ymir work/monster/bou/00.gr2	0
Monster/ymir work/monster/barbarian_soldier/31_1.gr2	d:/ymir work/monster/barbarian_soldier/31_1.gr2	1
Monster/ymir work/monster/orc_bigblack/orc_bigblack_lod_01.gr2	d:/ymir work/monster/orc_bigblack/orc_bigblack_lod_01.gr2	1
Monster/ymir work/monster/thiefboss2/02.msa	d:/ymir work/monster/thiefboss2/02.msa	1
Monster/ymir work/monster/ice_snow_dog/03.msa	d:/ymir work/monster/ice_snow_dog/03.msa	1
Monster/ymir work/monster/barbarian_soldier/31_1.msa	d:/ymir work/monster/barbarian_soldier/31_1.msa	1
Monster/ymir work/monster/misterious_diseased_bosshost/misterious_diseased_bosshost.msm	d:/ymir work/monster/misterious_diseased_bosshost/misterious_diseased_bosshost.msm	1
Monster/ymir work/monster/bkarcher/37_1.msa	d:/ymir work/monster/bkarcher/37_1.msa	1
Monster/ymir work/monster/barbarian_soldier/32.gr2	d:/ymir work/monster/barbarian_soldier/32.gr2	1
Monster/ymir work/monster/bkboss/30_1.gr2	d:/ymir work/monster/bkboss/30_1.gr2	1
Monster/ymir work/monster/barbarian_soldier/32.msa	d:/ymir work/monster/barbarian_soldier/32.msa	1
Monster/ymir work/monster/orc_magician/33.gr2	d:/ymir work/monster/orc_magician/33.gr2	1
Monster/ymir work/monster/barbarian_soldier/33.gr2	d:/ymir work/monster/barbarian_soldier/33.gr2	1
Monster/ymir work/monster/barbarian_soldier/33.msa	d:/ymir work/monster/barbarian_soldier/33.msa	1
Monster/ymir work/monster/bkfourth/03.gr2	d:/ymir work/monster/bkfourth/03.gr2	1
Monster/ymir work/monster/milgyo_monster2/31_1.msa	d:/ymir work/monster/milgyo_monster2/31_1.msa	1
Monster/ymir work/monster/barbarian_soldier/20_1.msa	d:/ymir work/monster/barbarian_soldier/20_1.msa	1
Monster/ymir work/monster/barbarian_soldier/34.gr2	d:/ymir work/monster/barbarian_soldier/34.gr2	1
Monster/ymir work/monster/orc_lord/00.gr2	d:/ymir work/monster/orc_lord/00.gr2	0
Monster/ymir work/monster/ice_snow_dog/35.gr2	d:/ymir work/monster/ice_snow_dog/35.gr2	1
Monster/ymir work/monster/bkknight/33.gr2	d:/ymir work/monster/bkknight/33.gr2	1
Monster/ymir work/monster/metinstonebig/metinstonebig_01.dds	d:/ymir work/monster/metinstonebig/metinstonebig_01.dds	0
Monster/ymir work/monster/bkboss/50.gr2	d:/ymir work/monster/bkboss/50.gr2	1
Monster/ymir work/monster/barbarian_soldier/34.msa	d:/ymir work/monster/barbarian_soldier/34.msa	1
Monster/ymir work/monster/goblin_leafhead/34_1.msa	d:/ymir work/monster/goblin_leafhead/34_1.msa	1
Monster/ymir work/monster/barbarian_soldier/34_1.gr2	d:/ymir work/monster/barbarian_soldier/34_1.gr2	1
Monster/ymir work/monster/wild_boar_god/00.msa	d:/ymir work/monster/wild_boar_god/00.msa	1
Monster/ymir work/monster/orc_magician/20.msa	d:/ymir work/monster/orc_magician/20.msa	1
Monster/ymir work/monster/bkknight/36.msa	d:/ymir work/monster/bkknight/36.msa	1
Monster/ymir work/monster/barbarian_soldier/35.gr2	d:/ymir work/monster/barbarian_soldier/35.gr2	1
Monster/ymir work/monster/bkboss/35.gr2	d:/ymir work/monster/bkboss/35.gr2	1
Monster/ymir work/monster/bkknight/37_1.gr2	d:/ymir work/monster/bkknight/37_1.gr2	1
Monster/ymir work/monster/thief1/31.msa	d:/ymir work/monster/thief1/31.msa	1
Monster/ymir work/monster/ice_snow_golem/20.gr2	d:/ymir work/monster/ice_snow_golem/20.gr2	1
Monster/ymir work/monster/thief1/30_1.gr2	d:/ymir work/monster/thief1/30_1.gr2	1
Monster/ymir work/monster/barbarian_soldier/36.gr2	d:/ymir work/monster/barbarian_soldier/36.gr2	1
Monster/ymir work/monster/milgyo_monster1/35.msa	d:/ymir work/monster/milgyo_monster1/35.msa	1
Monster/ymir work/monster/bou/34_1.msa	d:/ymir work/monster/bou/34_1.msa	1
Monster/ymir work/monster/barbarian_soldier/36.msa	d:/ymir work/monster/barbarian_soldier/36.msa	1
Monster/ymir work/monster/misterious_diseased_sword/30_1.msa	d:/ymir work/monster/misterious_diseased_sword/30_1.msa	1
Monster/ymir work/monster/outlaw/34_1.msa	d:/ymir work/monster/outlaw/34_1.msa	1
Monster/ymir work/monster/misterious_diseased_boss/00.gr2	d:/ymir work/monster/misterious_diseased_boss/00.gr2	0
Monster/ymir work/monster/thief2/00.gr2	d:/ymir work/monster/thief2/00.gr2	0
Monster/ymir work/monster/ice_snow_giant_man/30_1.gr2	d:/ymir work/monster/ice_snow_giant_man/30_1.gr2	1
Monster/ymir work/monster/yellow_tigerman/motlist.txt	d:/ymir work/monster/yellow_tigerman/motlist.txt	1
Monster/ymir work/monster/bear/34.gr2	d:/ymir work/monster/bear/34.gr2	1
Monster/ymir work/monster/misterious_diseased_egg/motlist.txt	d:/ymir work/monster/misterious_diseased_egg/motlist.txt	1
Monster/ymir work/monster/orc_black/35.gr2	d:/ymir work/monster/orc_black/35.gr2	1
Monster/ymir work/monster/chuhen/51.msa	d:/ymir work/monster/chuhen/51.msa	1
Monster/ymir work/monster/misterious_diseased_spear/37.gr2	d:/ymir work/monster/misterious_diseased_spear/37.gr2	1
Monster/ymir work/monster/barbarian_soldier/37.gr2	d:/ymir work/monster/barbarian_soldier/37.gr2	1
Monster/ymir work/monster/ice_snow_golem/03.msa	d:/ymir work/monster/ice_snow_golem/03.msa	1
Monster/ymir work/monster/ice_snow_whale/ice_snow_whale_lod_01.gr2	d:/ymir work/monster/ice_snow_whale/ice_snow_whale_lod_01.gr2	1
Monster/ymir work/monster/milgyo_monster1/37_1.gr2	d:/ymir work/monster/milgyo_monster1/37_1.gr2	1
Monster/ymir work/monster/bkboss/25.gr2	d:/ymir work/monster/bkboss/25.gr2	1
Monster/ymir work/monster/bou/20_1.gr2	d:/ymir work/monster/bou/20_1.gr2	1
Monster/ymir work/monster/barbarian_soldier/37.msa	d:/ymir work/monster/barbarian_soldier/37.msa	1
Monster/ymir work/monster/ice_snow_giant_man/ice_snow_giant_man.msm	d:/ymir work/monster/ice_snow_giant_man/ice_snow_giant_man.msm	1
Monster/ymir work/monster/milgyo_nahan_general/31.gr2	d:/ymir work/monster/milgyo_nahan_general/31.gr2	1
Monster/ymir work/monster/barbarian_boss/20.msa	d:/ymir work/monster/barbarian_boss/20.msa	1
Monster/ymir work/monster/thief3/03.msa	d:/ymir work/monster/thief3/03.msa	1
Monster/ymir work/monster/ice_snow_witch/00.gr2	d:/ymir work/monster/ice_snow_witch/00.gr2	0
Monster/ymir work/monster/barbarian_soldier/37_1.gr2	d:/ymir work/monster/barbarian_soldier/37_1.gr2	1
Monster/ymir work/monster/chaos_ghost/33.gr2	d:/ymir work/monster/chaos_ghost/33.gr2	1
Monster/ymir work/monster/orc_bigblack/30_1.gr2	d:/ymir work/monster/orc_bigblack/30_1.gr2	1
Monster/ymir work/monster/ice_snow_insect/33.msa	d:/ymir work/monster/ice_snow_insect/33.msa	1
Monster/ymir work/monster/tiger/tiger_big.dds	d:/ymir work/monster/tiger/tiger_big.dds	1
Monster/ymir work/monster/skeleton_soldier_bow/34.msa	d:/ymir work/monster/skeleton_soldier_bow/34.msa	1
Monster/ymir work/monster/orc_magician/31_1.gr2	d:/ymir work/monster/orc_magician/31_1.gr2	1
Monster/ymir work/monster/barbarian_soldier/barbarian_soldier.gr2	d:/ymir work/monster/barbarian_soldier/barbarian_soldier.gr2	1
Monster/ymir work/monster/ice_snow_monster/00.msa	d:/ymir work/monster/ice_snow_monster/00.msa	1
Monster/ymir work/monster/milgyo_founder/milgyo_founder.dds	d:/ymir work/monster/milgyo_founder/milgyo_founder.dds	1
Monster/ymir work/monster/ice_snow_giant_man/03.gr2	d:/ymir work/monster/ice_snow_giant_man/03.gr2	1
Monster/ymir work/monster/bksoldier/37_2.gr2	d:/ymir work/monster/bksoldier/37_2.gr2	1
Monster/ymir work/monster/barbarian_soldier/barbarian_soldier.msm	d:/ymir work/monster/barbarian_soldier/barbarian_soldier.msm	1
Monster/ymir work/monster/bkfourth/bkfourth.dds	d:/ymir work/monster/bkfourth/bkfourth.dds	1
Monster/ymir work/monster/ice_snow_man/34.msa	d:/ymir work/monster/ice_snow_man/34.msa	1
Monster/ymir work/monster/chuhen/36.msa	d:/ymir work/monster/chuhen/36.msa	1
Monster/ymir work/monster/orc_soldier/20.msa	d:/ymir work/monster/orc_soldier/20.msa	1
Monster/ymir work/monster/gupae/33.gr2	d:/ymir work/monster/gupae/33.gr2	1
Monster/ymir work/monster/orc_black/03.msa	d:/ymir work/monster/orc_black/03.msa	1
Monster/ymir work/monster/barbarian_soldier/barbarian_soldier_lod_01.gr2	d:/ymir work/monster/barbarian_soldier/barbarian_soldier_lod_01.gr2	1
Monster/ymir work/monster/barbarian_soldier/motlist.txt	d:/ymir work/monster/barbarian_soldier/motlist.txt	1
Monster/ymir work/monster/bksoldier/03.msa	d:/ymir work/monster/bksoldier/03.msa	1
Monster/ymir work/monster/thief2/00_2.gr2	d:/ymir work/monster/thief2/00_2.gr2	1
Monster/ymir work/monster/chuhen/00_1.gr2	d:/ymir work/monster/chuhen/00_1.gr2	1
Monster/ymir work/monster/bkknight/02.msa	d:/ymir work/monster/bkknight/02.msa	1
Monster/ymir work/monster/bear/00.gr2	d:/ymir work/monster/bear/00.gr2	0
Monster/ymir work/monster/thief1/thief1_lod_01.gr2	d:/ymir work/monster/thief1/thief1_lod_01.gr2	1
Monster/ymir work/monster/bksoldier/00_2.msa	d:/ymir work/monster/bksoldier/00_2.msa	1
Monster/ymir work/monster/misterious_diseased_sword/31.msa	d:/ymir work/monster/misterious_diseased_sword/31.msa	1
Monster/ymir work/monster/skeleton_soldier_scythe/34.msa	d:/ymir work/monster/skeleton_soldier_scythe/34.msa	1
Monster/ymir work/monster/ice_snow_man/32.msa	d:/ymir work/monster/ice_snow_man/32.msa	1
Monster/ymir work/monster/misterious_diseased_egg/00_2.msa	d:/ymir work/monster/misterious_diseased_egg/00_2.msa	1
Monster/ymir work/monster/bkarcher/34_1.msa	d:/ymir work/monster/bkarcher/34_1.msa	1
Monster/ymir work/monster/chuhen/03.gr2	d:/ymir work/monster/chuhen/03.gr2	1
Monster/ymir work/monster/orc_general/03.msa	d:/ymir work/monster/orc_general/03.msa	1
Monster/ymir work/monster/bear/00_1.gr2	d:/ymir work/monster/bear/00_1.gr2	1
Monster/ymir work/monster/bkarcher/35.msa	d:/ymir work/monster/bkarcher/35.msa	1
Monster/ymir work/monster/ice_snow_golem/00_1.msa	d:/ymir work/monster/ice_snow_golem/00_1.msa	1
Monster/ymir work/monster/orc_black/34_1.gr2	d:/ymir work/monster/orc_black/34_1.gr2	1
Monster/ymir work/monster/bkfourth/24.msa	d:/ymir work/monster/bkfourth/24.msa	1
Monster/ymir work/monster/misterious_diseased_bosshost/misterious_diseased_bosshost.gr2	d:/ymir work/monster/misterious_diseased_bosshost/misterious_diseased_bosshost.gr2	1
Monster/ymir work/monster/orc_lord/30.msa	d:/ymir work/monster/orc_lord/30.msa	1
Monster/ymir work/monster/maenghwan/34.gr2	d:/ymir work/monster/maenghwan/34.gr2	1
Monster/ymir work/monster/bear/02.gr2	d:/ymir work/monster/bear/02.gr2	1
Monster/ymir work/monster/mountain_dog_god/51.gr2	d:/ymir work/monster/mountain_dog_god/51.gr2	1
Monster/ymir work/monster/ice_snow_insect/35.msa	d:/ymir work/monster/ice_snow_insect/35.msa	1
Monster/ymir work/monster/ice_snow_giant_man/20.msa	d:/ymir work/monster/ice_snow_giant_man/20.msa	1
Monster/ymir work/monster/ice_snow_giant_man/ice_snow_giant_man_lod_01.gr2	d:/ymir work/monster/ice_snow_giant_man/ice_snow_giant_man_lod_01.gr2	1
Monster/ymir work/monster/yellow_tigerman/yellow_tigerman_crown.dds	d:/ymir work/monster/yellow_tigerman/yellow_tigerman_crown.dds	1
Monster/ymir work/monster/orc_bigblack/03.msa	d:/ymir work/monster/orc_bigblack/03.msa	1
Monster/ymir work/monster/gupae/00_1.gr2	d:/ymir work/monster/gupae/00_1.gr2	1
Monster/ymir work/monster/milgyo_nahan2/37.msa	d:/ymir work/monster/milgyo_nahan2/37.msa	1
Monster/ymir work/monster/bear/02.msa	d:/ymir work/monster/bear/02.msa	1
Monster/ymir work/monster/bear/03.gr2	d:/ymir work/monster/bear/03.gr2	1
Monster/ymir work/monster/bkfourth/52.msa	d:/ymir work/monster/bkfourth/52.msa	1
Monster/ymir work/monster/ice_snow_giant_man/31.msa	d:/ymir work/monster/ice_snow_giant_man/31.msa	1
Monster/ymir work/monster/ice_snow_giant_man/30.msa	d:/ymir work/monster/ice_snow_giant_man/30.msa	1
Monster/ymir work/monster/bkboss/31.gr2	d:/ymir work/monster/bkboss/31.gr2	1
Monster/ymir work/monster/ice_snow_whale/20.gr2	d:/ymir work/monster/ice_snow_whale/20.gr2	1
Monster/ymir work/monster/bear/03.msa	d:/ymir work/monster/bear/03.msa	1
Monster/ymir work/monster/bear/20.gr2	d:/ymir work/monster/bear/20.gr2	1
Monster/ymir work/monster/ice_snow_giant_man/30_1.msa	d:/ymir work/monster/ice_snow_giant_man/30_1.msa	1
Monster/ymir work/monster/bkboss/34_1.gr2	d:/ymir work/monster/bkboss/34_1.gr2	1
Monster/ymir work/monster/misterious_diseased_bosshost/20.gr2	d:/ymir work/monster/misterious_diseased_bosshost/20.gr2	1
Monster/ymir work/monster/orc_bigblack/orc_bigblack.msm	d:/ymir work/monster/orc_bigblack/orc_bigblack.msm	1
Monster/ymir work/monster/immotal_ghost/37.msa	d:/ymir work/monster/immotal_ghost/37.msa	1
Monster/ymir work/monster/milgyo_executor/34.msa	d:/ymir work/monster/milgyo_executor/34.msa	1
Monster/ymir work/monster/misterious_diseased_bow/30_1.gr2	d:/ymir work/monster/misterious_diseased_bow/30_1.gr2	1
Monster/ymir work/monster/orc_magician/31_2.gr2	d:/ymir work/monster/orc_magician/31_2.gr2	1
Monster/ymir work/monster/bear/20.msa	d:/ymir work/monster/bear/20.msa	1
Monster/ymir work/monster/bear/30.gr2	d:/ymir work/monster/bear/30.gr2	1
Monster/ymir work/monster/metinstone/metinstone_attack.msa	d:/ymir work/monster/metinstone/metinstone_attack.msa	1
Monster/ymir work/monster/misterious_diseased_kid/31_1.msa	d:/ymir work/monster/misterious_diseased_kid/31_1.msa	1
Monster/ymir work/monster/ice_snow_man/34.gr2	d:/ymir work/monster/ice_snow_man/34.gr2	1
Monster/ymir work/monster/bear/30.msa	d:/ymir work/monster/bear/30.msa	1
Monster/ymir work/monster/milgyo_monster2/00_2.msa	d:/ymir work/monster/milgyo_monster2/00_2.msa	1
Monster/ymir work/monster/maenghwan/03.gr2	d:/ymir work/monster/maenghwan/03.gr2	1
Monster/ymir work/monster/milgyo_monster1/34.gr2	d:/ymir work/monster/milgyo_monster1/34.gr2	1
Monster/ymir work/monster/thief3/32.gr2	d:/ymir work/monster/thief3/32.gr2	1
Monster/ymir work/monster/bear/31.gr2	d:/ymir work/monster/bear/31.gr2	1
Monster/ymir work/monster/bear/31.msa	d:/ymir work/monster/bear/31.msa	1
Monster/ymir work/monster/thiefboss1/34.gr2	d:/ymir work/monster/thiefboss1/34.gr2	1
Monster/ymir work/monster/bksecond/33.gr2	d:/ymir work/monster/bksecond/33.gr2	1
Monster/ymir work/monster/chaos_ghost/37.msa	d:/ymir work/monster/chaos_ghost/37.msa	1
Monster/ymir work/monster/bear/32.gr2	d:/ymir work/monster/bear/32.gr2	1
Monster/ymir work/monster/milgyo_nahan2/35.msa	d:/ymir work/monster/milgyo_nahan2/35.msa	1
Monster/ymir work/monster/bksoldier/00_2.gr2	d:/ymir work/monster/bksoldier/00_2.gr2	1
Monster/ymir work/monster/milgyo_nahan1/milgyo_nahan1.dds	d:/ymir work/monster/milgyo_nahan1/milgyo_nahan1.dds	1
Monster/ymir work/monster/bear/32.msa	d:/ymir work/monster/bear/32.msa	1
Monster/ymir work/monster/bear/33.gr2	d:/ymir work/monster/bear/33.gr2	1
Monster/ymir work/monster/misterious_diseased_boss/03.gr2	d:/ymir work/monster/misterious_diseased_boss/03.gr2	1
Monster/ymir work/monster/bksoldier/32.msa	d:/ymir work/monster/bksoldier/32.msa	1
Monster/ymir work/monster/bear/33.msa	d:/ymir work/monster/bear/33.msa	1
Monster/ymir work/monster/mountain_dog_god/furandteeth.dds	d:/ymir work/monster/mountain_dog_god/furandteeth.dds	1
Monster/ymir work/monster/orc_bigblack/30.msa	d:/ymir work/monster/orc_bigblack/30.msa	1
Monster/ymir work/monster/orc_scouter/31_2.gr2	d:/ymir work/monster/orc_scouter/31_2.gr2	1
Monster/ymir work/monster/bear/35.gr2	d:/ymir work/monster/bear/35.gr2	1
Monster/ymir work/monster/bkboss/30.msa	d:/ymir work/monster/bkboss/30.msa	1
Monster/ymir work/monster/orc_soldier/00_2.msa	d:/ymir work/monster/orc_soldier/00_2.msa	1
Monster/ymir work/monster/ice_snow_monster/37.msa	d:/ymir work/monster/ice_snow_monster/37.msa	1
Monster/ymir work/monster/bear/35.msa	d:/ymir work/monster/bear/35.msa	1
Monster/ymir work/monster/maenghwan/34.msa	d:/ymir work/monster/maenghwan/34.msa	1
Monster/ymir work/monster/bkknight/50.gr2	d:/ymir work/monster/bkknight/50.gr2	1
Monster/ymir work/monster/milgyo_nahan2/34.gr2	d:/ymir work/monster/milgyo_nahan2/34.gr2	1
Monster/ymir work/monster/bear/37.gr2	d:/ymir work/monster/bear/37.gr2	1
Monster/ymir work/monster/bear/37.msa	d:/ymir work/monster/bear/37.msa	1
Monster/ymir work/monster/bkfourth/00.msa	d:/ymir work/monster/bkfourth/00.msa	1
Monster/ymir work/monster/misterious_diseased_boss/30.msa	d:/ymir work/monster/misterious_diseased_boss/30.msa	1
Monster/ymir work/monster/bear/bear.dds	d:/ymir work/monster/bear/bear.dds	1
Monster/ymir work/monster/bkarcher/32.msa	d:/ymir work/monster/bkarcher/32.msa	1
Monster/ymir work/monster/bkarcher/37.gr2	d:/ymir work/monster/bkarcher/37.gr2	1
Monster/ymir work/monster/bkboss/bkboss.gr2	d:/ymir work/monster/bkboss/bkboss.gr2	1
Monster/ymir work/monster/goblin_leafhead/20.msa	d:/ymir work/monster/goblin_leafhead/20.msa	1
Monster/ymir work/monster/bear/bear.msm	d:/ymir work/monster/bear/bear.msm	1
Monster/ymir work/monster/ice_snow_giant_man/33.msa	d:/ymir work/monster/ice_snow_giant_man/33.msa	1
Monster/ymir work/monster/misterious_diseased_host/30.msa	d:/ymir work/monster/misterious_diseased_host/30.msa	1
Monster/ymir work/monster/outlaw/33.msa	d:/ymir work/monster/outlaw/33.msa	1
Monster/ymir work/monster/milgyo_nahan2/34.msa	d:/ymir work/monster/milgyo_nahan2/34.msa	1
Monster/ymir work/monster/bear/bear_black.dds	d:/ymir work/monster/bear/bear_black.dds	1
Monster/ymir work/monster/milgyo_founder/25.msa	d:/ymir work/monster/milgyo_founder/25.msa	1
Monster/ymir work/monster/skeleton_king/37.msa	d:/ymir work/monster/skeleton_king/37.msa	1
Monster/ymir work/monster/ice_snow_monster/00.gr2	d:/ymir work/monster/ice_snow_monster/00.gr2	0
Monster/ymir work/monster/bear/bear_black.gr2	d:/ymir work/monster/bear/bear_black.gr2	1
Monster/ymir work/monster/ice_snow_man/35.gr2	d:/ymir work/monster/ice_snow_man/35.gr2	1
Monster/ymir work/monster/ice_snow_man/31.msa	d:/ymir work/monster/ice_snow_man/31.msa	1
Monster/ymir work/monster/milgyo_founder/31.msa	d:/ymir work/monster/milgyo_founder/31.msa	1
Monster/ymir work/monster/wild_boar_god/00_1.msa	d:/ymir work/monster/wild_boar_god/00_1.msa	1
Monster/ymir work/monster/greenfrog_general/34.gr2	d:/ymir work/monster/greenfrog_general/34.gr2	1
Monster/ymir work/monster/bear/bear_black.msm	d:/ymir work/monster/bear/bear_black.msm	1
Monster/ymir work/monster/ice_snow_golem/32.gr2	d:/ymir work/monster/ice_snow_golem/32.gr2	1
Monster/ymir work/monster/bear/bear_brown.gr2	d:/ymir work/monster/bear/bear_brown.gr2	1
Monster/ymir work/monster/ice_snow_whale/motlist.txt	d:/ymir work/monster/ice_snow_whale/motlist.txt	1
Monster/ymir work/monster/fox_ninetail/32.gr2	d:/ymir work/monster/fox_ninetail/32.gr2	1
Monster/ymir work/monster/ice_snow_giant_man/00_1.msa	d:/ymir work/monster/ice_snow_giant_man/00_1.msa	1
Monster/ymir work/monster/milgyo_nahan_general/20.msa	d:/ymir work/monster/milgyo_nahan_general/20.msa	1
Monster/ymir work/monster/greenfrog_general/20_1.msa	d:/ymir work/monster/greenfrog_general/20_1.msa	1
Monster/ymir work/monster/bkthird/00.msa	d:/ymir work/monster/bkthird/00.msa	1
Monster/ymir work/monster/milgyo_founder/24.gr2	d:/ymir work/monster/milgyo_founder/24.gr2	1
Monster/ymir work/monster/milgyo_monster2/20_1.gr2	d:/ymir work/monster/milgyo_monster2/20_1.gr2	1
Monster/ymir work/monster/bear/bear_brown.msm	d:/ymir work/monster/bear/bear_brown.msm	1
Monster/ymir work/monster/bear/bear_gray.dds	d:/ymir work/monster/bear/bear_gray.dds	1
Monster/ymir work/monster/skeleton_god/00.msa	d:/ymir work/monster/skeleton_god/00.msa	1
Monster/ymir work/monster/bkthird/33.gr2	d:/ymir work/monster/bkthird/33.gr2	1
Monster/ymir work/monster/bkfourth/30_1.gr2	d:/ymir work/monster/bkfourth/30_1.gr2	1
Monster/ymir work/monster/bear/bear_gray.gr2	d:/ymir work/monster/bear/bear_gray.gr2	1
Monster/ymir work/monster/bear/bear_gray.msm	d:/ymir work/monster/bear/bear_gray.msm	1
Monster/ymir work/monster/bkfourth/36.msa	d:/ymir work/monster/bkfourth/36.msa	1
Monster/ymir work/monster/mountain_dog_god/20.gr2	d:/ymir work/monster/mountain_dog_god/20.gr2	1
Monster/ymir work/monster/wild_boar_god/50.msa	d:/ymir work/monster/wild_boar_god/50.msa	1
Monster/ymir work/monster/orc_magician/34_1.gr2	d:/ymir work/monster/orc_magician/34_1.gr2	1
Monster/ymir work/monster/yellow_tigerman/00_1.gr2	d:/ymir work/monster/yellow_tigerman/00_1.gr2	1
Monster/ymir work/monster/spite_ghost/37.gr2	d:/ymir work/monster/spite_ghost/37.gr2	1
Monster/ymir work/monster/orc_soldier/00.msa	d:/ymir work/monster/orc_soldier/00.msa	1
Monster/ymir work/monster/gupae/20_1.gr2	d:/ymir work/monster/gupae/20_1.gr2	1
Monster/ymir work/monster/bear/bear_lod_01.gr2	d:/ymir work/monster/bear/bear_lod_01.gr2	1
Monster/ymir work/monster/misterious_diseased_bow/misterious_diseased_bow.dds	d:/ymir work/monster/misterious_diseased_bow/misterious_diseased_bow.dds	1
Monster/ymir work/monster/bear/motlist.txt	d:/ymir work/monster/bear/motlist.txt	1
Monster/ymir work/monster/misterious_diseased_infector/misterious_diseased_infector.gr2	d:/ymir work/monster/misterious_diseased_infector/misterious_diseased_infector.gr2	1
Monster/ymir work/monster/bkboss/30.gr2	d:/ymir work/monster/bkboss/30.gr2	1
Monster/ymir work/monster/bkarcher/00.gr2	d:/ymir work/monster/bkarcher/00.gr2	0
Monster/ymir work/monster/bksecond/20_1.gr2	d:/ymir work/monster/bksecond/20_1.gr2	1
Monster/ymir work/monster/maenghwan/20_2.gr2	d:/ymir work/monster/maenghwan/20_2.gr2	1
Monster/ymir work/monster/recycle_monster/37.msa	d:/ymir work/monster/recycle_monster/37.msa	1
Monster/ymir work/monster/bkarcher/00.msa	d:/ymir work/monster/bkarcher/00.msa	1
Monster/ymir work/monster/fox_ninetail/25.msa	d:/ymir work/monster/fox_ninetail/25.msa	1
Monster/ymir work/monster/bkarcher/00_1.msa	d:/ymir work/monster/bkarcher/00_1.msa	1
Monster/ymir work/monster/milgyo_religionist/00.gr2	d:/ymir work/monster/milgyo_religionist/00.gr2	0
Monster/ymir work/monster/bksoldier/37_1.msa	d:/ymir work/monster/bksoldier/37_1.msa	1
Monster/ymir work/monster/milgyo_religionist/30.msa	d:/ymir work/monster/milgyo_religionist/30.msa	1
Monster/ymir work/monster/orc_magician/30.gr2	d:/ymir work/monster/orc_magician/30.gr2	1
Monster/ymir work/monster/yellow_tigerman/34.gr2	d:/ymir work/monster/yellow_tigerman/34.gr2	1
Monster/ymir work/monster/orc_soldier/37.gr2	d:/ymir work/monster/orc_soldier/37.gr2	1
Monster/ymir work/monster/bkarcher/00_2.msa	d:/ymir work/monster/bkarcher/00_2.msa	1
Monster/ymir work/monster/orc_general/orc_general.dds	d:/ymir work/monster/orc_general/orc_general.dds	1
Monster/ymir work/monster/bkarcher/37_1.gr2	d:/ymir work/monster/bkarcher/37_1.gr2	1
Monster/ymir work/monster/milgyo_nahan1/37.msa	d:/ymir work/monster/milgyo_nahan1/37.msa	1
Monster/ymir work/monster/bkarcher/02.gr2	d:/ymir work/monster/bkarcher/02.gr2	1
Monster/ymir work/monster/ice_snow_witch/ice_snow_witch.gr2	d:/ymir work/monster/ice_snow_witch/ice_snow_witch.gr2	1
Monster/ymir work/monster/bkarcher/03.gr2	d:/ymir work/monster/bkarcher/03.gr2	1
Monster/ymir work/monster/bkarcher/20.gr2	d:/ymir work/monster/bkarcher/20.gr2	1
Monster/ymir work/monster/maenghwan/maenghwan_lod_01.gr2	d:/ymir work/monster/maenghwan/maenghwan_lod_01.gr2	1
Monster/ymir work/monster/bkfourth/36.gr2	d:/ymir work/monster/bkfourth/36.gr2	1
Monster/ymir work/monster/skeleton_god/skeleton_god_lod_01.gr2	d:/ymir work/monster/skeleton_god/skeleton_god_lod_01.gr2	1
Monster/ymir work/monster/milgyo_religionist/34.gr2	d:/ymir work/monster/milgyo_religionist/34.gr2	1
Monster/ymir work/monster/bkarcher/20.msa	d:/ymir work/monster/bkarcher/20.msa	1
Monster/ymir work/monster/milgyo_executor/37.msa	d:/ymir work/monster/milgyo_executor/37.msa	1
Monster/ymir work/monster/skeleton_soldier_spear/30.gr2	d:/ymir work/monster/skeleton_soldier_spear/30.gr2	1
Monster/ymir work/monster/bkarcher/30.msa	d:/ymir work/monster/bkarcher/30.msa	1
Monster/ymir work/monster/wild_boar_god/00_1.gr2	d:/ymir work/monster/wild_boar_god/00_1.gr2	1
Monster/ymir work/monster/bkfourth/33.gr2	d:/ymir work/monster/bkfourth/33.gr2	1
Monster/ymir work/monster/misterious_diseased_boss/misterious_diseased_boss.gr2	d:/ymir work/monster/misterious_diseased_boss/misterious_diseased_boss.gr2	1
Monster/ymir work/monster/immotal_ghost/31.gr2	d:/ymir work/monster/immotal_ghost/31.gr2	1
Monster/ymir work/monster/ice_snow_monster/34.msa	d:/ymir work/monster/ice_snow_monster/34.msa	1
Monster/ymir work/monster/bkarcher/30_1.gr2	d:/ymir work/monster/bkarcher/30_1.gr2	1
Monster/ymir work/monster/orc_magician/30_1.msa	d:/ymir work/monster/orc_magician/30_1.msa	1
Monster/ymir work/monster/wolf/20_1.msa	d:/ymir work/monster/wolf/20_1.msa	1
Monster/ymir work/monster/bkarcher/30_1.msa	d:/ymir work/monster/bkarcher/30_1.msa	1
Monster/ymir work/monster/bkarcher/31.gr2	d:/ymir work/monster/bkarcher/31.gr2	1
Monster/ymir work/monster/ice_snow_man/ice_snow_man_lod_01.gr2	d:/ymir work/monster/ice_snow_man/ice_snow_man_lod_01.gr2	1
Monster/ymir work/monster/bkarcher/31.msa	d:/ymir work/monster/bkarcher/31.msa	1
Monster/ymir work/monster/ice_snow_giant_man/37.gr2	d:/ymir work/monster/ice_snow_giant_man/37.gr2	1
Monster/ymir work/monster/bkarcher/31_1.gr2	d:/ymir work/monster/bkarcher/31_1.gr2	1
Monster/ymir work/monster/orc_bigblack/32.gr2	d:/ymir work/monster/orc_bigblack/32.gr2	1
Monster/ymir work/monster/orc_knight/20_1.msa	d:/ymir work/monster/orc_knight/20_1.msa	1
Monster/ymir work/monster/bksecond/00_1.gr2	d:/ymir work/monster/bksecond/00_1.gr2	1
Monster/ymir work/monster/yellow_tigerman/35.gr2	d:/ymir work/monster/yellow_tigerman/35.gr2	1
Monster/ymir work/monster/ice_snow_giant_man/00.msa	d:/ymir work/monster/ice_snow_giant_man/00.msa	1
Monster/ymir work/monster/bkarcher/31_1.msa	d:/ymir work/monster/bkarcher/31_1.msa	1
Monster/ymir work/monster/orc_bigblack/36.gr2	d:/ymir work/monster/orc_bigblack/36.gr2	1
Monster/ymir work/monster/orc_knight/34.gr2	d:/ymir work/monster/orc_knight/34.gr2	1
Monster/ymir work/monster/fox_ninetail/32.msa	d:/ymir work/monster/fox_ninetail/32.msa	1
Monster/ymir work/monster/ice_snow_witch/37.msa	d:/ymir work/monster/ice_snow_witch/37.msa	1
Monster/ymir work/monster/milgyo_monster1/00_2.msa	d:/ymir work/monster/milgyo_monster1/00_2.msa	1
Monster/ymir work/monster/bkfourth/34_1.msa	d:/ymir work/monster/bkfourth/34_1.msa	1
Monster/ymir work/monster/bkarcher/32.gr2	d:/ymir work/monster/bkarcher/32.gr2	1
Monster/ymir work/monster/bou/00_2.msa	d:/ymir work/monster/bou/00_2.msa	1
Monster/ymir work/monster/orc_magician/36.msa	d:/ymir work/monster/orc_magician/36.msa	1
Monster/ymir work/monster/bksoldier/20.msa	d:/ymir work/monster/bksoldier/20.msa	1
Monster/ymir work/monster/bkarcher/33.gr2	d:/ymir work/monster/bkarcher/33.gr2	1
Monster/ymir work/monster/milgyo_nahan2/37.gr2	d:/ymir work/monster/milgyo_nahan2/37.gr2	1
Monster/ymir work/monster/orc_scouter/33.gr2	d:/ymir work/monster/orc_scouter/33.gr2	1
Monster/ymir work/monster/misterious_diseased_host/misterious_diseased_host_lod_01.gr2	d:/ymir work/monster/misterious_diseased_host/misterious_diseased_host_lod_01.gr2	1
Monster/ymir work/monster/bkarcher/33.msa	d:/ymir work/monster/bkarcher/33.msa	1
Monster/ymir work/monster/bkarcher/34.gr2	d:/ymir work/monster/bkarcher/34.gr2	1
Monster/ymir work/monster/milgyo_nahan1/32.gr2	d:/ymir work/monster/milgyo_nahan1/32.gr2	1
Monster/ymir work/monster/bkboss/00.msa	d:/ymir work/monster/bkboss/00.msa	1
Monster/ymir work/monster/bkthird/motlist.txt	d:/ymir work/monster/bkthird/motlist.txt	1
Monster/ymir work/monster/bkarcher/35.gr2	d:/ymir work/monster/bkarcher/35.gr2	1
Monster/ymir work/monster/orc_black/32.gr2	d:/ymir work/monster/orc_black/32.gr2	1
Monster/ymir work/monster/ice_snow_golem/31.gr2	d:/ymir work/monster/ice_snow_golem/31.gr2	1
Monster/ymir work/monster/bou/03.gr2	d:/ymir work/monster/bou/03.gr2	1
Monster/ymir work/monster/bkboss/34.msa	d:/ymir work/monster/bkboss/34.msa	1
Monster/ymir work/monster/ice_snow_man/00_1.msa	d:/ymir work/monster/ice_snow_man/00_1.msa	1
Monster/ymir work/monster/recycle_monster/00.gr2	d:/ymir work/monster/recycle_monster/00.gr2	0
Monster/ymir work/monster/bkarcher/36.gr2	d:/ymir work/monster/bkarcher/36.gr2	1
Monster/ymir work/monster/outlaw/34.msa	d:/ymir work/monster/outlaw/34.msa	1
Monster/ymir work/monster/bkarcher/36.msa	d:/ymir work/monster/bkarcher/36.msa	1
Monster/ymir work/monster/bkarcher/37_2.gr2	d:/ymir work/monster/bkarcher/37_2.gr2	1
Monster/ymir work/monster/bkthird/32.msa	d:/ymir work/monster/bkthird/32.msa	1
Monster/ymir work/monster/skeleton_general/36.gr2	d:/ymir work/monster/skeleton_general/36.gr2	1
Monster/ymir work/monster/bkarcher/37_2.msa	d:/ymir work/monster/bkarcher/37_2.msa	1
Monster/ymir work/monster/bksoldier/20_1.msa	d:/ymir work/monster/bksoldier/20_1.msa	1
Monster/ymir work/monster/bkarcher/bkarcher.gr2	d:/ymir work/monster/bkarcher/bkarcher.gr2	1
Monster/ymir work/monster/bkarcher/bkarcher.msm	d:/ymir work/monster/bkarcher/bkarcher.msm	1
Monster/ymir work/monster/bksoldier/bksoldier_lod_01.gr2	d:/ymir work/monster/bksoldier/bksoldier_lod_01.gr2	1
Monster/ymir work/monster/orc_bigblack/orc_bigblack.dds	d:/ymir work/monster/orc_bigblack/orc_bigblack.dds	1
Monster/ymir work/monster/orc_lord/20.gr2	d:/ymir work/monster/orc_lord/20.gr2	1
Monster/ymir work/monster/ice_snow_golem/ice_snow_golem.gr2	d:/ymir work/monster/ice_snow_golem/ice_snow_golem.gr2	1
Monster/ymir work/monster/bksoldier/31_2.msa	d:/ymir work/monster/bksoldier/31_2.msa	1
Monster/ymir work/monster/misterious_diseased_infector/34.msa	d:/ymir work/monster/misterious_diseased_infector/34.msa	1
Monster/ymir work/monster/misterious_diseased_egg/misterious_diseased_egg.gr2	d:/ymir work/monster/misterious_diseased_egg/misterious_diseased_egg.gr2	1
Monster/ymir work/monster/bkboss/31.msa	d:/ymir work/monster/bkboss/31.msa	1
Monster/ymir work/monster/bkarcher/bkarcher_lod_01.gr2	d:/ymir work/monster/bkarcher/bkarcher_lod_01.gr2	1
Monster/ymir work/monster/bkarcher/motlist.txt	d:/ymir work/monster/bkarcher/motlist.txt	1
Monster/ymir work/monster/orc_lord/35.msa	d:/ymir work/monster/orc_lord/35.msa	1
Monster/ymir work/monster/bkboss/00.gr2	d:/ymir work/monster/bkboss/00.gr2	0
Monster/ymir work/monster/bksoldier/31.msa	d:/ymir work/monster/bksoldier/31.msa	1
Monster/ymir work/monster/goblin_leafhead/03.msa	d:/ymir work/monster/goblin_leafhead/03.msa	1
Monster/ymir work/monster/bkboss/02.msa	d:/ymir work/monster/bkboss/02.msa	1
Monster/ymir work/monster/orc_scouter/32.gr2	d:/ymir work/monster/orc_scouter/32.gr2	1
Monster/ymir work/monster/ice_snow_man/03.gr2	d:/ymir work/monster/ice_snow_man/03.gr2	1
Monster/ymir work/monster/bkboss/03.gr2	d:/ymir work/monster/bkboss/03.gr2	1
Monster/ymir work/monster/bkboss/03.msa	d:/ymir work/monster/bkboss/03.msa	1
Monster/ymir work/monster/yellow_tigerman/00.gr2	d:/ymir work/monster/yellow_tigerman/00.gr2	0
Monster/ymir work/monster/spite_ghost/31.gr2	d:/ymir work/monster/spite_ghost/31.gr2	1
Monster/ymir work/monster/orc_soldier/30.msa	d:/ymir work/monster/orc_soldier/30.msa	1
Monster/ymir work/monster/bkboss/20_1.msa	d:/ymir work/monster/bkboss/20_1.msa	1
Monster/ymir work/monster/misterious_diseased_spear/20_1.msa	d:/ymir work/monster/misterious_diseased_spear/20_1.msa	1
Monster/ymir work/monster/bksoldier/20.gr2	d:/ymir work/monster/bksoldier/20.gr2	1
Monster/ymir work/monster/bkboss/24.gr2	d:/ymir work/monster/bkboss/24.gr2	1
Monster/ymir work/monster/bkboss/24.msa	d:/ymir work/monster/bkboss/24.msa	1
Monster/ymir work/monster/milgyo_nahan_general/33.msa	d:/ymir work/monster/milgyo_nahan_general/33.msa	1
Monster/ymir work/monster/bkboss/25.msa	d:/ymir work/monster/bkboss/25.msa	1
Monster/ymir work/monster/bkfourth/20_1.msa	d:/ymir work/monster/bkfourth/20_1.msa	1
Monster/ymir work/monster/sugu_general/30_1.gr2	d:/ymir work/monster/sugu_general/30_1.gr2	1
Monster/ymir work/monster/bkboss/25_1.gr2	d:/ymir work/monster/bkboss/25_1.gr2	1
Monster/ymir work/monster/milgyo_nahan2/20.gr2	d:/ymir work/monster/milgyo_nahan2/20.gr2	1
Monster/ymir work/monster/bkboss/32.msa	d:/ymir work/monster/bkboss/32.msa	1
Monster/ymir work/monster/bksecond/bksecond_lod_01.gr2	d:/ymir work/monster/bksecond/bksecond_lod_01.gr2	1
Monster/ymir work/monster/misterious_diseased_bow/32.msa	d:/ymir work/monster/misterious_diseased_bow/32.msa	1
Monster/ymir work/monster/bkboss/33.msa	d:/ymir work/monster/bkboss/33.msa	1
Monster/ymir work/monster/bkboss/34.gr2	d:/ymir work/monster/bkboss/34.gr2	1
Monster/ymir work/monster/bkboss/34_1.msa	d:/ymir work/monster/bkboss/34_1.msa	1
Monster/ymir work/monster/bkboss/36.gr2	d:/ymir work/monster/bkboss/36.gr2	1
Monster/ymir work/monster/misterious_diseased_bosshost/00_1.gr2	d:/ymir work/monster/misterious_diseased_bosshost/00_1.gr2	1
Monster/ymir work/monster/bkboss/36.msa	d:/ymir work/monster/bkboss/36.msa	1
Monster/ymir work/monster/bkboss/51.gr2	d:/ymir work/monster/bkboss/51.gr2	1
Monster/ymir work/monster/orc_scouter/30_1.msa	d:/ymir work/monster/orc_scouter/30_1.msa	1
Monster/ymir work/monster/misterious_diseased_sword/misterious_diseased_sword.msm	d:/ymir work/monster/misterious_diseased_sword/misterious_diseased_sword.msm	1
Monster/ymir work/monster/bkboss/51.msa	d:/ymir work/monster/bkboss/51.msa	1
Monster/ymir work/monster/bkknight/32.gr2	d:/ymir work/monster/bkknight/32.gr2	1
Monster/ymir work/monster/bkboss/52.gr2	d:/ymir work/monster/bkboss/52.gr2	1
Monster/ymir work/monster/bksecond/30_1.gr2	d:/ymir work/monster/bksecond/30_1.gr2	1
Monster/ymir work/monster/bkboss/52.msa	d:/ymir work/monster/bkboss/52.msa	1
Monster/ymir work/monster/bkboss/bkboss.dds	d:/ymir work/monster/bkboss/bkboss.dds	1
Monster/ymir work/monster/misterious_diseased_egg/misterious_diseased_egg.msm	d:/ymir work/monster/misterious_diseased_egg/misterious_diseased_egg.msm	1
Monster/ymir work/monster/gupae/32.gr2	d:/ymir work/monster/gupae/32.gr2	1
Monster/ymir work/monster/greenfrog_soldier/30.msa	d:/ymir work/monster/greenfrog_soldier/30.msa	1
Monster/ymir work/monster/bkboss/bkboss_lod_01.gr2	d:/ymir work/monster/bkboss/bkboss_lod_01.gr2	1
Monster/ymir work/monster/yellow_tigerman/24.gr2	d:/ymir work/monster/yellow_tigerman/24.gr2	1
Monster/ymir work/monster/bkknight/33.msa	d:/ymir work/monster/bkknight/33.msa	1
Monster/ymir work/monster/stray_dog/03.gr2	d:/ymir work/monster/stray_dog/03.gr2	1
Monster/ymir work/monster/bkboss/motlist.txt	d:/ymir work/monster/bkboss/motlist.txt	1
Monster/ymir work/monster/bkfourth/03.msa	d:/ymir work/monster/bkfourth/03.msa	1
Monster/ymir work/monster/ice_snow_golem/34.gr2	d:/ymir work/monster/ice_snow_golem/34.gr2	1
Monster/ymir work/monster/ice_snow_witch/30.gr2	d:/ymir work/monster/ice_snow_witch/30.gr2	1
Monster/ymir work/monster/bkfourth/20.gr2	d:/ymir work/monster/bkfourth/20.gr2	1
Monster/ymir work/monster/bkfourth/20_1.gr2	d:/ymir work/monster/bkfourth/20_1.gr2	1
Monster/ymir work/monster/bkfourth/24.gr2	d:/ymir work/monster/bkfourth/24.gr2	1
Monster/ymir work/monster/bkfourth/25.gr2	d:/ymir work/monster/bkfourth/25.gr2	1
Monster/ymir work/monster/skeleton_magician/03.gr2	d:/ymir work/monster/skeleton_magician/03.gr2	1
Monster/ymir work/monster/bkfourth/25.msa	d:/ymir work/monster/bkfourth/25.msa	1
Monster/ymir work/monster/milgyo_nahan2/31_1.gr2	d:/ymir work/monster/milgyo_nahan2/31_1.gr2	1
Monster/ymir work/monster/bkfourth/31.gr2	d:/ymir work/monster/bkfourth/31.gr2	1
Monster/ymir work/monster/bkfourth/31.msa	d:/ymir work/monster/bkfourth/31.msa	1
Monster/ymir work/monster/greenfrog_soldier/00_1.msa	d:/ymir work/monster/greenfrog_soldier/00_1.msa	1
Monster/ymir work/monster/bkfourth/32.msa	d:/ymir work/monster/bkfourth/32.msa	1
Monster/ymir work/monster/ice_snow_giant_man/37.msa	d:/ymir work/monster/ice_snow_giant_man/37.msa	1
Monster/ymir work/monster/skeleton_king/35.msa	d:/ymir work/monster/skeleton_king/35.msa	1
Monster/ymir work/monster/bkfourth/33.msa	d:/ymir work/monster/bkfourth/33.msa	1
Monster/ymir work/monster/chuhen/00_2.gr2	d:/ymir work/monster/chuhen/00_2.gr2	1
Monster/ymir work/monster/yellow_tigerman/34_1.msa	d:/ymir work/monster/yellow_tigerman/34_1.msa	1
Monster/ymir work/monster/bkfourth/34.gr2	d:/ymir work/monster/bkfourth/34.gr2	1
Monster/ymir work/monster/bkfourth/34.msa	d:/ymir work/monster/bkfourth/34.msa	1
Monster/ymir work/monster/mountain_dog_god/00.gr2	d:/ymir work/monster/mountain_dog_god/00.gr2	0
Monster/ymir work/monster/bkfourth/34_1.gr2	d:/ymir work/monster/bkfourth/34_1.gr2	1
Monster/ymir work/monster/ice_snow_whale/34.gr2	d:/ymir work/monster/ice_snow_whale/34.gr2	1
Monster/ymir work/monster/recycle_monster/36.msa	d:/ymir work/monster/recycle_monster/36.msa	1
Monster/ymir work/monster/bkfourth/35.gr2	d:/ymir work/monster/bkfourth/35.gr2	1
Monster/ymir work/monster/bkfourth/35.msa	d:/ymir work/monster/bkfourth/35.msa	1
Monster/ymir work/monster/fox_ninetail/30.gr2	d:/ymir work/monster/fox_ninetail/30.gr2	1
Monster/ymir work/monster/bkfourth/37.gr2	d:/ymir work/monster/bkfourth/37.gr2	1
Monster/ymir work/monster/barbarian_boss/20_1.msa	d:/ymir work/monster/barbarian_boss/20_1.msa	1
Monster/ymir work/monster/recycle_monster/36.gr2	d:/ymir work/monster/recycle_monster/36.gr2	1
Monster/ymir work/monster/bkfourth/37_1.gr2	d:/ymir work/monster/bkfourth/37_1.gr2	1
Monster/ymir work/monster/misterious_diseased_infector/misterious_diseased_infector.msm	d:/ymir work/monster/misterious_diseased_infector/misterious_diseased_infector.msm	1
Monster/ymir work/monster/bksoldier/00_1.msa	d:/ymir work/monster/bksoldier/00_1.msa	1
Monster/ymir work/monster/ice_snow_insect/31.gr2	d:/ymir work/monster/ice_snow_insect/31.gr2	1
Monster/ymir work/monster/bkfourth/37_1.msa	d:/ymir work/monster/bkfourth/37_1.msa	1
Monster/ymir work/monster/yellow_tigerman/30.gr2	d:/ymir work/monster/yellow_tigerman/30.gr2	1
Monster/ymir work/monster/wild_boar_god/33.msa	d:/ymir work/monster/wild_boar_god/33.msa	1
Monster/ymir work/monster/misterious_diseased_dog/misterious_diseased_dog.msm	d:/ymir work/monster/misterious_diseased_dog/misterious_diseased_dog.msm	1
Monster/ymir work/monster/bkfourth/50.gr2	d:/ymir work/monster/bkfourth/50.gr2	1
Monster/ymir work/monster/greenfrog_soldier/33.gr2	d:/ymir work/monster/greenfrog_soldier/33.gr2	1
Monster/ymir work/monster/orc_magician/20_1.msa	d:/ymir work/monster/orc_magician/20_1.msa	1
Monster/ymir work/monster/bkfourth/50.msa	d:/ymir work/monster/bkfourth/50.msa	1
Monster/ymir work/monster/skeleton_bigboss/36.gr2	d:/ymir work/monster/skeleton_bigboss/36.gr2	1
Monster/ymir work/monster/bkthird/00_1.msa	d:/ymir work/monster/bkthird/00_1.msa	1
Monster/ymir work/monster/metinstone/metinstone_06.dds	d:/ymir work/monster/metinstone/metinstone_06.dds	1
Monster/ymir work/monster/ice_snow_giant_man/32.msa	d:/ymir work/monster/ice_snow_giant_man/32.msa	1
Monster/ymir work/monster/skeleton_god/20.msa	d:/ymir work/monster/skeleton_god/20.msa	1
Monster/ymir work/monster/orc_black/orc_black.gr2	d:/ymir work/monster/orc_black/orc_black.gr2	1
Monster/ymir work/monster/bkfourth/51.gr2	d:/ymir work/monster/bkfourth/51.gr2	1
Monster/ymir work/monster/bkfourth/51.msa	d:/ymir work/monster/bkfourth/51.msa	1
Monster/ymir work/monster/chuhen/52.msa	d:/ymir work/monster/chuhen/52.msa	1
Monster/ymir work/monster/bkfourth/bkfourth.gr2	d:/ymir work/monster/bkfourth/bkfourth.gr2	1
Monster/ymir work/monster/goblin_leafhead/36.gr2	d:/ymir work/monster/goblin_leafhead/36.gr2	1
Monster/ymir work/monster/bkfourth/bkfourth_lod_01.gr2	d:/ymir work/monster/bkfourth/bkfourth_lod_01.gr2	1
Monster/ymir work/monster/orc_lord/24.gr2	d:/ymir work/monster/orc_lord/24.gr2	1
Monster/ymir work/monster/skeleton_general/34_1.msa	d:/ymir work/monster/skeleton_general/34_1.msa	1
Monster/ymir work/monster/bkfourth/motlist.txt	d:/ymir work/monster/bkfourth/motlist.txt	1
Monster/ymir work/monster/bkthird/03.msa	d:/ymir work/monster/bkthird/03.msa	1
Monster/ymir work/monster/bkknight/00.gr2	d:/ymir work/monster/bkknight/00.gr2	0
Monster/ymir work/monster/skeleton_bigboss/00.msa	d:/ymir work/monster/skeleton_bigboss/00.msa	1
Monster/ymir work/monster/bkknight/00.msa	d:/ymir work/monster/bkknight/00.msa	1
Monster/ymir work/monster/bkknight/00_1.gr2	d:/ymir work/monster/bkknight/00_1.gr2	1
Monster/ymir work/monster/orc_bigblack/34_1.msa	d:/ymir work/monster/orc_bigblack/34_1.msa	1
Monster/ymir work/monster/ice_snow_giant_man/32.gr2	d:/ymir work/monster/ice_snow_giant_man/32.gr2	1
Monster/ymir work/monster/skeleton_general/30.gr2	d:/ymir work/monster/skeleton_general/30.gr2	1
Monster/ymir work/monster/bkknight/00_1.msa	d:/ymir work/monster/bkknight/00_1.msa	1
Monster/ymir work/monster/bkknight/00_2.gr2	d:/ymir work/monster/bkknight/00_2.gr2	1
Monster/ymir work/monster/greenfrog_general/greenfrog_general.msm	d:/ymir work/monster/greenfrog_general/greenfrog_general.msm	1
Monster/ymir work/monster/bksoldier/bksoldier_sword.dds	d:/ymir work/monster/bksoldier/bksoldier_sword.dds	1
Monster/ymir work/monster/metinstonebig/metinstonebig_drop.gr2	d:/ymir work/monster/metinstonebig/metinstonebig_drop.gr2	1
Monster/ymir work/monster/milgyo_executor/30_1.msa	d:/ymir work/monster/milgyo_executor/30_1.msa	1
Monster/ymir work/monster/misterious_diseased_boss/30_1.gr2	d:/ymir work/monster/misterious_diseased_boss/30_1.gr2	1
Monster/ymir work/monster/fox_ninetail/25.gr2	d:/ymir work/monster/fox_ninetail/25.gr2	1
Monster/ymir work/monster/bkknight/03.gr2	d:/ymir work/monster/bkknight/03.gr2	1
Monster/ymir work/monster/ice_snow_monster/33.msa	d:/ymir work/monster/ice_snow_monster/33.msa	1
Monster/ymir work/monster/orc_magician/32.gr2	d:/ymir work/monster/orc_magician/32.gr2	1
Monster/ymir work/monster/bkknight/03.msa	d:/ymir work/monster/bkknight/03.msa	1
Monster/ymir work/monster/mountain_dog_god/37.msa	d:/ymir work/monster/mountain_dog_god/37.msa	1
Monster/ymir work/monster/milgyo_monster1/03.msa	d:/ymir work/monster/milgyo_monster1/03.msa	1
Monster/ymir work/monster/bkknight/20.msa	d:/ymir work/monster/bkknight/20.msa	1
Monster/ymir work/monster/maenghwan/35.gr2	d:/ymir work/monster/maenghwan/35.gr2	1
Monster/ymir work/monster/bkknight/20_1.gr2	d:/ymir work/monster/bkknight/20_1.gr2	1
Monster/ymir work/monster/bkknight/30.gr2	d:/ymir work/monster/bkknight/30.gr2	1
Monster/ymir work/monster/ice_snow_witch/30_1.gr2	d:/ymir work/monster/ice_snow_witch/30_1.gr2	1
Monster/ymir work/monster/mountain_dog_god/50.gr2	d:/ymir work/monster/mountain_dog_god/50.gr2	1
Monster/ymir work/monster/thiefboss3/37.msa	d:/ymir work/monster/thiefboss3/37.msa	1
Monster/ymir work/monster/bkknight/30.msa	d:/ymir work/monster/bkknight/30.msa	1
Monster/ymir work/monster/orc_lord/orc_lord.gr2	d:/ymir work/monster/orc_lord/orc_lord.gr2	1
Monster/ymir work/monster/bkknight/31.gr2	d:/ymir work/monster/bkknight/31.gr2	1
Monster/ymir work/monster/ice_snow_golem/34.msa	d:/ymir work/monster/ice_snow_golem/34.msa	1
Monster/ymir work/monster/bkknight/31.msa	d:/ymir work/monster/bkknight/31.msa	1
Monster/ymir work/monster/orc_black/31.gr2	d:/ymir work/monster/orc_black/31.gr2	1
Monster/ymir work/monster/bkknight/34.gr2	d:/ymir work/monster/bkknight/34.gr2	1
Monster/ymir work/monster/bkknight/34.msa	d:/ymir work/monster/bkknight/34.msa	1
Monster/ymir work/monster/thief2/37_1.gr2	d:/ymir work/monster/thief2/37_1.gr2	1
Monster/ymir work/monster/orc_general/30_1.msa	d:/ymir work/monster/orc_general/30_1.msa	1
Monster/ymir work/monster/bksecond/00_2.msa	d:/ymir work/monster/bksecond/00_2.msa	1
Monster/ymir work/monster/goblin_leafhead/00_1.gr2	d:/ymir work/monster/goblin_leafhead/00_1.gr2	1
Monster/ymir work/monster/bkknight/34_1.gr2	d:/ymir work/monster/bkknight/34_1.gr2	1
Monster/ymir work/monster/bkknight/34_1.msa	d:/ymir work/monster/bkknight/34_1.msa	1
Monster/ymir work/monster/bkknight/35.gr2	d:/ymir work/monster/bkknight/35.gr2	1
Monster/ymir work/monster/misterious_diseased_infector/34.gr2	d:/ymir work/monster/misterious_diseased_infector/34.gr2	1
Monster/ymir work/monster/bkknight/36.gr2	d:/ymir work/monster/bkknight/36.gr2	1
Monster/ymir work/monster/bkknight/37.gr2	d:/ymir work/monster/bkknight/37.gr2	1
Monster/ymir work/monster/bkknight/37.msa	d:/ymir work/monster/bkknight/37.msa	1
Monster/ymir work/monster/mountain_dog_god/35.msa	d:/ymir work/monster/mountain_dog_god/35.msa	1
Monster/ymir work/monster/chaos_ghost/35.msa	d:/ymir work/monster/chaos_ghost/35.msa	1
Monster/ymir work/monster/bou/35.gr2	d:/ymir work/monster/bou/35.gr2	1
Monster/ymir work/monster/milgyo_nahan2/20_1.msa	d:/ymir work/monster/milgyo_nahan2/20_1.msa	1
Monster/ymir work/monster/bkknight/52.msa	d:/ymir work/monster/bkknight/52.msa	1
Monster/ymir work/monster/immotal_ghost/00.msa	d:/ymir work/monster/immotal_ghost/00.msa	1
Monster/ymir work/monster/misterious_diseased_infector/20_1.msa	d:/ymir work/monster/misterious_diseased_infector/20_1.msa	1
Monster/ymir work/monster/bksoldier/00.gr2	d:/ymir work/monster/bksoldier/00.gr2	0
Monster/ymir work/monster/milgyo_monster2/03.gr2	d:/ymir work/monster/milgyo_monster2/03.gr2	1
Monster/ymir work/monster/orc_scouter/03.gr2	d:/ymir work/monster/orc_scouter/03.gr2	1
Monster/ymir work/monster/bkknight/bkknight.dds	d:/ymir work/monster/bkknight/bkknight.dds	1
Monster/ymir work/monster/misterious_diseased_bow/32.gr2	d:/ymir work/monster/misterious_diseased_bow/32.gr2	1
Monster/ymir work/monster/wolf/34.gr2	d:/ymir work/monster/wolf/34.gr2	1
Monster/ymir work/monster/chaos_ghost/motlist.txt	d:/ymir work/monster/chaos_ghost/motlist.txt	1
Monster/ymir work/monster/yellow_tigerman/30_1.msa	d:/ymir work/monster/yellow_tigerman/30_1.msa	1
Monster/ymir work/monster/bkknight/bkknight.gr2	d:/ymir work/monster/bkknight/bkknight.gr2	1
Monster/ymir work/monster/bkknight/bkknight.msm	d:/ymir work/monster/bkknight/bkknight.msm	1
Monster/ymir work/monster/misterious_diseased_dog/37.msa	d:/ymir work/monster/misterious_diseased_dog/37.msa	1
Monster/ymir work/monster/wild_boar/33.msa	d:/ymir work/monster/wild_boar/33.msa	1
Monster/ymir work/monster/bksecond/02.msa	d:/ymir work/monster/bksecond/02.msa	1
Monster/ymir work/monster/bksecond/00.gr2	d:/ymir work/monster/bksecond/00.gr2	0
Monster/ymir work/monster/milgyo_nahan1/35.msa	d:/ymir work/monster/milgyo_nahan1/35.msa	1
Monster/ymir work/monster/goblin_leafhead/00_1.msa	d:/ymir work/monster/goblin_leafhead/00_1.msa	1
Monster/ymir work/monster/orc_black/20_1.msa	d:/ymir work/monster/orc_black/20_1.msa	1
Monster/ymir work/monster/recycle_monster/motlist.txt	d:/ymir work/monster/recycle_monster/motlist.txt	1
Monster/ymir work/monster/bksecond/00_2.gr2	d:/ymir work/monster/bksecond/00_2.gr2	1
Monster/ymir work/monster/bksoldier/37.gr2	d:/ymir work/monster/bksoldier/37.gr2	1
Monster/ymir work/monster/outlaw/32.msa	d:/ymir work/monster/outlaw/32.msa	1
Monster/ymir work/monster/bksecond/02.gr2	d:/ymir work/monster/bksecond/02.gr2	1
Monster/ymir work/monster/bksecond/03.gr2	d:/ymir work/monster/bksecond/03.gr2	1
Monster/ymir work/monster/skeleton_bigboss/34_1.msa	d:/ymir work/monster/skeleton_bigboss/34_1.msa	1
Monster/ymir work/monster/greenfrog_soldier/36.msa	d:/ymir work/monster/greenfrog_soldier/36.msa	1
Monster/ymir work/monster/milgyo_religionist/30_1.gr2	d:/ymir work/monster/milgyo_religionist/30_1.gr2	1
Monster/ymir work/monster/bksecond/03.msa	d:/ymir work/monster/bksecond/03.msa	1
Monster/ymir work/monster/ice_snow_monster/34.gr2	d:/ymir work/monster/ice_snow_monster/34.gr2	1
Monster/ymir work/monster/bksecond/20.msa	d:/ymir work/monster/bksecond/20.msa	1
Monster/ymir work/monster/skeleton_soldier_scythe/36.msa	d:/ymir work/monster/skeleton_soldier_scythe/36.msa	1
Monster/ymir work/monster/bksecond/20_1.msa	d:/ymir work/monster/bksecond/20_1.msa	1
Monster/ymir work/monster/ice_snow_man/20.gr2	d:/ymir work/monster/ice_snow_man/20.gr2	1
Monster/ymir work/monster/chaos_ghost/20.gr2	d:/ymir work/monster/chaos_ghost/20.gr2	1
Monster/ymir work/monster/gupae/gupae.dds	d:/ymir work/monster/gupae/gupae.dds	1
Monster/ymir work/monster/immotal_ghost/36.gr2	d:/ymir work/monster/immotal_ghost/36.gr2	1
Monster/ymir work/monster/orc_lord/31.msa	d:/ymir work/monster/orc_lord/31.msa	1
Monster/ymir work/monster/orc_soldier/orc_soldier_ax.dds	d:/ymir work/monster/orc_soldier/orc_soldier_ax.dds	1
Monster/ymir work/monster/bksecond/24.gr2	d:/ymir work/monster/bksecond/24.gr2	1
Monster/ymir work/monster/goblin_leafhead/20_1.msa	d:/ymir work/monster/goblin_leafhead/20_1.msa	1
Monster/ymir work/monster/bksecond/24.msa	d:/ymir work/monster/bksecond/24.msa	1
Monster/ymir work/monster/skeleton_soldier_bow/skeleton_weapon.dds	d:/ymir work/monster/skeleton_soldier_bow/skeleton_weapon.dds	1
Monster/ymir work/monster/milgyo_nahan2/31.gr2	d:/ymir work/monster/milgyo_nahan2/31.gr2	1
Monster/ymir work/monster/bksecond/25.msa	d:/ymir work/monster/bksecond/25.msa	1
Monster/ymir work/monster/bksecond/30.gr2	d:/ymir work/monster/bksecond/30.gr2	1
Monster/ymir work/monster/ice_snow_giant_man/20_1.gr2	d:/ymir work/monster/ice_snow_giant_man/20_1.gr2	1
Monster/ymir work/monster/bksecond/30_1.msa	d:/ymir work/monster/bksecond/30_1.msa	1
Monster/ymir work/monster/gupae/37.gr2	d:/ymir work/monster/gupae/37.gr2	1
Monster/ymir work/monster/bksecond/31.gr2	d:/ymir work/monster/bksecond/31.gr2	1
Monster/ymir work/monster/bksecond/31.msa	d:/ymir work/monster/bksecond/31.msa	1
Monster/ymir work/monster/bksecond/33.msa	d:/ymir work/monster/bksecond/33.msa	1
Monster/ymir work/monster/bksecond/34.gr2	d:/ymir work/monster/bksecond/34.gr2	1
Monster/ymir work/monster/bksecond/34.msa	d:/ymir work/monster/bksecond/34.msa	1
Monster/ymir work/monster/orc_knight/orc_knight.dds	d:/ymir work/monster/orc_knight/orc_knight.dds	1
Monster/ymir work/monster/orc_soldier/20_1.msa	d:/ymir work/monster/orc_soldier/20_1.msa	1
Monster/ymir work/monster/bksecond/50.msa	d:/ymir work/monster/bksecond/50.msa	1
Monster/ymir work/monster/skeleton_god/20_1.gr2	d:/ymir work/monster/skeleton_god/20_1.gr2	1
Monster/ymir work/monster/bksecond/34_1.gr2	d:/ymir work/monster/bksecond/34_1.gr2	1
Monster/ymir work/monster/bksecond/34_1.msa	d:/ymir work/monster/bksecond/34_1.msa	1
Monster/ymir work/monster/orc_knight/00_1.gr2	d:/ymir work/monster/orc_knight/00_1.gr2	1
Monster/ymir work/monster/bksecond/37.gr2	d:/ymir work/monster/bksecond/37.gr2	1
Monster/ymir work/monster/bksecond/50.gr2	d:/ymir work/monster/bksecond/50.gr2	1
Monster/ymir work/monster/wild_boar/37.gr2	d:/ymir work/monster/wild_boar/37.gr2	1
Monster/ymir work/monster/ice_snow_dog/31.msa	d:/ymir work/monster/ice_snow_dog/31.msa	1
Monster/ymir work/monster/bksecond/52.gr2	d:/ymir work/monster/bksecond/52.gr2	1
Monster/ymir work/monster/misterious_diseased_spear/35.gr2	d:/ymir work/monster/misterious_diseased_spear/35.gr2	1
Monster/ymir work/monster/bksecond/bksecond.dds	d:/ymir work/monster/bksecond/bksecond.dds	1
Monster/ymir work/monster/ice_snow_dog/37.msa	d:/ymir work/monster/ice_snow_dog/37.msa	1
Monster/ymir work/monster/milgyo_founder/34.msa	d:/ymir work/monster/milgyo_founder/34.msa	1
Monster/ymir work/monster/bksecond/bksecond.gr2	d:/ymir work/monster/bksecond/bksecond.gr2	1
Monster/ymir work/monster/bksecond/motlist.txt	d:/ymir work/monster/bksecond/motlist.txt	1
Monster/ymir work/monster/bksoldier/00.msa	d:/ymir work/monster/bksoldier/00.msa	1
Monster/ymir work/monster/ice_snow_golem/30_1.msa	d:/ymir work/monster/ice_snow_golem/30_1.msa	1
Monster/ymir work/monster/bksoldier/02.msa	d:/ymir work/monster/bksoldier/02.msa	1
Monster/ymir work/monster/ice_snow_man/03.msa	d:/ymir work/monster/ice_snow_man/03.msa	1
Monster/ymir work/monster/orc_black/34.msa	d:/ymir work/monster/orc_black/34.msa	1
Monster/ymir work/monster/milgyo_nahan2/milgyo_nahan2.msm	d:/ymir work/monster/milgyo_nahan2/milgyo_nahan2.msm	1
Monster/ymir work/monster/misterious_diseased_sword/misterious_diseased_sword.gr2	d:/ymir work/monster/misterious_diseased_sword/misterious_diseased_sword.gr2	1
Monster/ymir work/monster/bksoldier/30.msa	d:/ymir work/monster/bksoldier/30.msa	1
Monster/ymir work/monster/bksoldier/30_1.msa	d:/ymir work/monster/bksoldier/30_1.msa	1
Monster/ymir work/monster/orc_black/orc_black_lod_01.gr2	d:/ymir work/monster/orc_black/orc_black_lod_01.gr2	1
Monster/ymir work/monster/bksoldier/31.gr2	d:/ymir work/monster/bksoldier/31.gr2	1
Monster/ymir work/monster/bksoldier/31_1.gr2	d:/ymir work/monster/bksoldier/31_1.gr2	1
Monster/ymir work/monster/chuhen/30_1.msa	d:/ymir work/monster/chuhen/30_1.msa	1
Monster/ymir work/monster/maenghwan/37.gr2	d:/ymir work/monster/maenghwan/37.gr2	1
Monster/ymir work/monster/bksoldier/31_1.msa	d:/ymir work/monster/bksoldier/31_1.msa	1
Monster/ymir work/monster/bksoldier/31_2.gr2	d:/ymir work/monster/bksoldier/31_2.gr2	1
Monster/ymir work/monster/gupae/36.msa	d:/ymir work/monster/gupae/36.msa	1
Monster/ymir work/monster/bksoldier/32.gr2	d:/ymir work/monster/bksoldier/32.gr2	1
Monster/ymir work/monster/bksoldier/33.gr2	d:/ymir work/monster/bksoldier/33.gr2	1
Monster/ymir work/monster/orc_magician/31_1.msa	d:/ymir work/monster/orc_magician/31_1.msa	1
Monster/ymir work/monster/immotal_ghost/20.msa	d:/ymir work/monster/immotal_ghost/20.msa	1
Monster/ymir work/monster/bksoldier/33.msa	d:/ymir work/monster/bksoldier/33.msa	1
Monster/ymir work/monster/bksoldier/34.gr2	d:/ymir work/monster/bksoldier/34.gr2	1
Monster/ymir work/monster/metinstone/metinstone_loop.gr2	d:/ymir work/monster/metinstone/metinstone_loop.gr2	1
Monster/ymir work/monster/bksoldier/34.msa	d:/ymir work/monster/bksoldier/34.msa	1
Monster/ymir work/monster/bksoldier/34_1.gr2	d:/ymir work/monster/bksoldier/34_1.gr2	1
Monster/ymir work/monster/bksoldier/35.gr2	d:/ymir work/monster/bksoldier/35.gr2	1
Monster/ymir work/monster/milgyo_nahan2/34_1.msa	d:/ymir work/monster/milgyo_nahan2/34_1.msa	1
Monster/ymir work/monster/misterious_diseased_infector/misterious_diseased_infector.dds	d:/ymir work/monster/misterious_diseased_infector/misterious_diseased_infector.dds	1
Monster/ymir work/monster/bksoldier/35.msa	d:/ymir work/monster/bksoldier/35.msa	1
Monster/ymir work/monster/bkthird/00.gr2	d:/ymir work/monster/bkthird/00.gr2	0
Monster/ymir work/monster/ice_snow_dog/20.msa	d:/ymir work/monster/ice_snow_dog/20.msa	1
Monster/ymir work/monster/skeleton_king/20.gr2	d:/ymir work/monster/skeleton_king/20.gr2	1
Monster/ymir work/monster/bksoldier/36.gr2	d:/ymir work/monster/bksoldier/36.gr2	1
Monster/ymir work/monster/bksoldier/36.msa	d:/ymir work/monster/bksoldier/36.msa	1
Monster/ymir work/monster/mountain_dog_god/03.msa	d:/ymir work/monster/mountain_dog_god/03.msa	1
Monster/ymir work/monster/ice_snow_monster/03.gr2	d:/ymir work/monster/ice_snow_monster/03.gr2	1
Monster/ymir work/monster/milgyo_monster1/32.gr2	d:/ymir work/monster/milgyo_monster1/32.gr2	1
Monster/ymir work/monster/chuhen/02.gr2	d:/ymir work/monster/chuhen/02.gr2	1
Monster/ymir work/monster/bksoldier/37.msa	d:/ymir work/monster/bksoldier/37.msa	1
Monster/ymir work/monster/bksoldier/bksoldier.dds	d:/ymir work/monster/bksoldier/bksoldier.dds	1
Monster/ymir work/monster/misterious_diseased_kid/34.gr2	d:/ymir work/monster/misterious_diseased_kid/34.gr2	1
Monster/ymir work/monster/orc_bigblack/35.gr2	d:/ymir work/monster/orc_bigblack/35.gr2	1
Monster/ymir work/monster/bkthird/00_2.gr2	d:/ymir work/monster/bkthird/00_2.gr2	1
Monster/ymir work/monster/misterious_diseased_boss/36.msa	d:/ymir work/monster/misterious_diseased_boss/36.msa	1
Monster/ymir work/monster/bksoldier/bksoldier.gr2	d:/ymir work/monster/bksoldier/bksoldier.gr2	1
Monster/ymir work/monster/orc_scouter/31_1.msa	d:/ymir work/monster/orc_scouter/31_1.msa	1
Monster/ymir work/monster/thiefboss2/31.gr2	d:/ymir work/monster/thiefboss2/31.gr2	1
Monster/ymir work/monster/ice_snow_man/36.msa	d:/ymir work/monster/ice_snow_man/36.msa	1
Monster/ymir work/monster/bksoldier/motlist.txt	d:/ymir work/monster/bksoldier/motlist.txt	1
Monster/ymir work/monster/gupae/37_1.gr2	d:/ymir work/monster/gupae/37_1.gr2	1
Monster/ymir work/monster/maenghwan/36.gr2	d:/ymir work/monster/maenghwan/36.gr2	1
Monster/ymir work/monster/skeleton_magician/33.msa	d:/ymir work/monster/skeleton_magician/33.msa	1
Monster/ymir work/monster/ice_snow_man/34_1.gr2	d:/ymir work/monster/ice_snow_man/34_1.gr2	1
Monster/ymir work/monster/bkthird/00_1.gr2	d:/ymir work/monster/bkthird/00_1.gr2	1
Monster/ymir work/monster/recycle_monster/32.msa	d:/ymir work/monster/recycle_monster/32.msa	1
Monster/ymir work/monster/bkthird/00_2.msa	d:/ymir work/monster/bkthird/00_2.msa	1
Monster/ymir work/monster/bkthird/02.gr2	d:/ymir work/monster/bkthird/02.gr2	1
Monster/ymir work/monster/bkthird/02.msa	d:/ymir work/monster/bkthird/02.msa	1
Monster/ymir work/monster/bkthird/20.gr2	d:/ymir work/monster/bkthird/20.gr2	1
Monster/ymir work/monster/bkthird/20.msa	d:/ymir work/monster/bkthird/20.msa	1
Monster/ymir work/monster/skeleton_wizard/33.gr2	d:/ymir work/monster/skeleton_wizard/33.gr2	1
Monster/ymir work/monster/gupae/32.msa	d:/ymir work/monster/gupae/32.msa	1
Monster/ymir work/monster/milgyo_nahan1/34.gr2	d:/ymir work/monster/milgyo_nahan1/34.gr2	1
Monster/ymir work/monster/orc_knight/37.gr2	d:/ymir work/monster/orc_knight/37.gr2	1
Monster/ymir work/monster/yellow_tigerman/20_1.msa	d:/ymir work/monster/yellow_tigerman/20_1.msa	1
Monster/ymir work/monster/bkthird/20_1.gr2	d:/ymir work/monster/bkthird/20_1.gr2	1
Monster/ymir work/monster/bkthird/20_1.msa	d:/ymir work/monster/bkthird/20_1.msa	1
Monster/ymir work/monster/gupae/35.msa	d:/ymir work/monster/gupae/35.msa	1
Monster/ymir work/monster/gupae/02.msa	d:/ymir work/monster/gupae/02.msa	1
Monster/ymir work/monster/misterious_diseased_boss/20.gr2	d:/ymir work/monster/misterious_diseased_boss/20.gr2	1
Monster/ymir work/monster/bkthird/24.gr2	d:/ymir work/monster/bkthird/24.gr2	1
Monster/ymir work/monster/skeleton_general/skeleton_general_2.dds	d:/ymir work/monster/skeleton_general/skeleton_general_2.dds	1
Monster/ymir work/monster/bkthird/34.gr2	d:/ymir work/monster/bkthird/34.gr2	1
Monster/ymir work/monster/milgyo_nahan2/milgyo_nahan2_lod_01.gr2	d:/ymir work/monster/milgyo_nahan2/milgyo_nahan2_lod_01.gr2	1
Monster/ymir work/monster/bkthird/25.msa	d:/ymir work/monster/bkthird/25.msa	1
Monster/ymir work/monster/chuhen/20.msa	d:/ymir work/monster/chuhen/20.msa	1
Monster/ymir work/monster/mountain_dog_god/34.gr2	d:/ymir work/monster/mountain_dog_god/34.gr2	1
Monster/ymir work/monster/bkthird/30.gr2	d:/ymir work/monster/bkthird/30.gr2	1
Monster/ymir work/monster/ice_snow_witch/32.msa	d:/ymir work/monster/ice_snow_witch/32.msa	1
Monster/ymir work/monster/stray_dog/34.msa	d:/ymir work/monster/stray_dog/34.msa	1
Monster/ymir work/monster/bkthird/30.msa	d:/ymir work/monster/bkthird/30.msa	1
Monster/ymir work/monster/milgyo_nahan2/31.msa	d:/ymir work/monster/milgyo_nahan2/31.msa	1
Monster/ymir work/monster/bkthird/50.msa	d:/ymir work/monster/bkthird/50.msa	1
Monster/ymir work/monster/greenfrog_soldier/greenfrog_soldier.dds	d:/ymir work/monster/greenfrog_soldier/greenfrog_soldier.dds	1
Monster/ymir work/monster/greenfrog_general/34_1.gr2	d:/ymir work/monster/greenfrog_general/34_1.gr2	1
Monster/ymir work/monster/bkthird/30_1.gr2	d:/ymir work/monster/bkthird/30_1.gr2	1
Monster/ymir work/monster/misterious_diseased_infector/03.msa	d:/ymir work/monster/misterious_diseased_infector/03.msa	1
Monster/ymir work/monster/bkthird/30_1.msa	d:/ymir work/monster/bkthird/30_1.msa	1
Monster/ymir work/monster/stray_dog/31.msa	d:/ymir work/monster/stray_dog/31.msa	1
Monster/ymir work/monster/chuhen/37_1.msa	d:/ymir work/monster/chuhen/37_1.msa	1
Monster/ymir work/monster/bkthird/31.gr2	d:/ymir work/monster/bkthird/31.gr2	1
Monster/ymir work/monster/bkthird/31.msa	d:/ymir work/monster/bkthird/31.msa	1
Monster/ymir work/monster/orc_knight/03.gr2	d:/ymir work/monster/orc_knight/03.gr2	1
Monster/ymir work/monster/ice_snow_giant_man/34.msa	d:/ymir work/monster/ice_snow_giant_man/34.msa	1
Monster/ymir work/monster/skeleton_wizard/skeleton_wizard_wing.dds	d:/ymir work/monster/skeleton_wizard/skeleton_wizard_wing.dds	1
Monster/ymir work/monster/bkthird/31_1.gr2	d:/ymir work/monster/bkthird/31_1.gr2	1
Monster/ymir work/monster/milgyo_religionist/00.msa	d:/ymir work/monster/milgyo_religionist/00.msa	1
Monster/ymir work/monster/bkthird/31_1.msa	d:/ymir work/monster/bkthird/31_1.msa	1
Monster/ymir work/monster/bkthird/33.msa	d:/ymir work/monster/bkthird/33.msa	1
Monster/ymir work/monster/skeleton_magician/skeleton_magician.dds	d:/ymir work/monster/skeleton_magician/skeleton_magician.dds	1
Monster/ymir work/monster/ice_snow_golem/00.msa	d:/ymir work/monster/ice_snow_golem/00.msa	1
Monster/ymir work/monster/thiefboss3/34_1.gr2	d:/ymir work/monster/thiefboss3/34_1.gr2	1
Monster/ymir work/monster/bkthird/34.msa	d:/ymir work/monster/bkthird/34.msa	1
Monster/ymir work/monster/bkthird/34_1.gr2	d:/ymir work/monster/bkthird/34_1.gr2	1
Monster/ymir work/monster/chuhen/51.gr2	d:/ymir work/monster/chuhen/51.gr2	1
Monster/ymir work/monster/bkthird/34_1.msa	d:/ymir work/monster/bkthird/34_1.msa	1
Monster/ymir work/monster/misterious_diseased_dog/34.gr2	d:/ymir work/monster/misterious_diseased_dog/34.gr2	1
Monster/ymir work/monster/bkthird/35.msa	d:/ymir work/monster/bkthird/35.msa	1
Monster/ymir work/monster/milgyo_founder/32.gr2	d:/ymir work/monster/milgyo_founder/32.gr2	1
Monster/ymir work/monster/bkthird/37.gr2	d:/ymir work/monster/bkthird/37.gr2	1
Monster/ymir work/monster/bkthird/37_1.gr2	d:/ymir work/monster/bkthird/37_1.gr2	1
Monster/ymir work/monster/skeleton_wizard/00.msa	d:/ymir work/monster/skeleton_wizard/00.msa	1
Monster/ymir work/monster/goblin_leafhead/35.gr2	d:/ymir work/monster/goblin_leafhead/35.gr2	1
Monster/ymir work/monster/bou/03.msa	d:/ymir work/monster/bou/03.msa	1
Monster/ymir work/monster/bou/30.gr2	d:/ymir work/monster/bou/30.gr2	1
Monster/ymir work/monster/bkthird/37_1.msa	d:/ymir work/monster/bkthird/37_1.msa	1
Monster/ymir work/monster/ice_snow_witch/31_1.msa	d:/ymir work/monster/ice_snow_witch/31_1.msa	1
Monster/ymir work/monster/bkthird/50.gr2	d:/ymir work/monster/bkthird/50.gr2	1
Monster/ymir work/monster/bkthird/51.gr2	d:/ymir work/monster/bkthird/51.gr2	1
Monster/ymir work/monster/ice_snow_dog/ice_snow_dog.gr2	d:/ymir work/monster/ice_snow_dog/ice_snow_dog.gr2	1
Monster/ymir work/monster/bkthird/51.msa	d:/ymir work/monster/bkthird/51.msa	1
Monster/ymir work/monster/fox_ninetail/34_1.msa	d:/ymir work/monster/fox_ninetail/34_1.msa	1
Monster/ymir work/monster/skeleton_bigboss/34.msa	d:/ymir work/monster/skeleton_bigboss/34.msa	1
Monster/ymir work/monster/goblin_leafhead/31.msa	d:/ymir work/monster/goblin_leafhead/31.msa	1
Monster/ymir work/monster/gupae/30.gr2	d:/ymir work/monster/gupae/30.gr2	1
Monster/ymir work/monster/greenfrog_general/35.msa	d:/ymir work/monster/greenfrog_general/35.msa	1
Monster/ymir work/monster/bkthird/52.gr2	d:/ymir work/monster/bkthird/52.gr2	1
Monster/ymir work/monster/chuhen/chuhen_lod_01.gr2	d:/ymir work/monster/chuhen/chuhen_lod_01.gr2	1
Monster/ymir work/monster/bkthird/52.msa	d:/ymir work/monster/bkthird/52.msa	1
Monster/ymir work/monster/thiefboss2/motlist.txt	d:/ymir work/monster/thiefboss2/motlist.txt	1
Monster/ymir work/monster/misterious_diseased_boss/34_1.gr2	d:/ymir work/monster/misterious_diseased_boss/34_1.gr2	1
Monster/ymir work/monster/skeleton_magician/30.gr2	d:/ymir work/monster/skeleton_magician/30.gr2	1
Monster/ymir work/monster/bkthird/bkthird.dds	d:/ymir work/monster/bkthird/bkthird.dds	1
Monster/ymir work/monster/chuhen/chuhen.dds	d:/ymir work/monster/chuhen/chuhen.dds	1
Monster/ymir work/monster/bkthird/bkthird.gr2	d:/ymir work/monster/bkthird/bkthird.gr2	1
Monster/ymir work/monster/bou/00_1.gr2	d:/ymir work/monster/bou/00_1.gr2	1
Monster/ymir work/monster/bou/00_1.msa	d:/ymir work/monster/bou/00_1.msa	1
Monster/ymir work/monster/orc_knight/34_1.gr2	d:/ymir work/monster/orc_knight/34_1.gr2	1
Monster/ymir work/monster/bou/00_2.gr2	d:/ymir work/monster/bou/00_2.gr2	1
Monster/ymir work/monster/ice_snow_insect/30.msa	d:/ymir work/monster/ice_snow_insect/30.msa	1
Monster/ymir work/monster/bou/02.gr2	d:/ymir work/monster/bou/02.gr2	1
Monster/ymir work/monster/milgyo_monster1/37_1.msa	d:/ymir work/monster/milgyo_monster1/37_1.msa	1
Monster/ymir work/monster/orc_general/00.msa	d:/ymir work/monster/orc_general/00.msa	1
Monster/ymir work/monster/bou/02.msa	d:/ymir work/monster/bou/02.msa	1
Monster/ymir work/monster/bou/20.gr2	d:/ymir work/monster/bou/20.gr2	1
Monster/ymir work/monster/maenghwan/20.msa	d:/ymir work/monster/maenghwan/20.msa	1
Monster/ymir work/monster/bou/31.msa	d:/ymir work/monster/bou/31.msa	1
Monster/ymir work/monster/misterious_diseased_dog/03_1.msa	d:/ymir work/monster/misterious_diseased_dog/03_1.msa	1
Monster/ymir work/monster/greenfrog_general/20_1.gr2	d:/ymir work/monster/greenfrog_general/20_1.gr2	1
Monster/ymir work/monster/milgyo_monster1/31_1.msa	d:/ymir work/monster/milgyo_monster1/31_1.msa	1
Monster/ymir work/monster/thiefboss3/32.msa	d:/ymir work/monster/thiefboss3/32.msa	1
Monster/ymir work/monster/bou/20_1.msa	d:/ymir work/monster/bou/20_1.msa	1
Monster/ymir work/monster/fox_ninetail/fox_ninetail_lod_01.gr2	d:/ymir work/monster/fox_ninetail/fox_ninetail_lod_01.gr2	1
Monster/ymir work/monster/bou/30.msa	d:/ymir work/monster/bou/30.msa	1
Monster/ymir work/monster/thief2/37_1.msa	d:/ymir work/monster/thief2/37_1.msa	1
Monster/ymir work/monster/bou/30_1.gr2	d:/ymir work/monster/bou/30_1.gr2	1
Monster/ymir work/monster/milgyo_monster1/20_1.gr2	d:/ymir work/monster/milgyo_monster1/20_1.gr2	1
Monster/ymir work/monster/misterious_diseased_host/00.gr2	d:/ymir work/monster/misterious_diseased_host/00.gr2	0
Monster/ymir work/monster/bou/32.gr2	d:/ymir work/monster/bou/32.gr2	1
Monster/ymir work/monster/bou/33.gr2	d:/ymir work/monster/bou/33.gr2	1
Monster/ymir work/monster/bou/33.msa	d:/ymir work/monster/bou/33.msa	1
Monster/ymir work/monster/skeleton_general/motlist.txt	d:/ymir work/monster/skeleton_general/motlist.txt	1
Monster/ymir work/monster/greenfrog_soldier/20.gr2	d:/ymir work/monster/greenfrog_soldier/20.gr2	1
Monster/ymir work/monster/bou/34_1.gr2	d:/ymir work/monster/bou/34_1.gr2	1
Monster/ymir work/monster/orc_bigblack/20.msa	d:/ymir work/monster/orc_bigblack/20.msa	1
Monster/ymir work/monster/orc_scouter/36.msa	d:/ymir work/monster/orc_scouter/36.msa	1
Monster/ymir work/monster/milgyo_founder/03.gr2	d:/ymir work/monster/milgyo_founder/03.gr2	1
Monster/ymir work/monster/orc_lord/34.gr2	d:/ymir work/monster/orc_lord/34.gr2	1
Monster/ymir work/monster/ice_snow_whale/03.msa	d:/ymir work/monster/ice_snow_whale/03.msa	1
Monster/ymir work/monster/bou/35.msa	d:/ymir work/monster/bou/35.msa	1
Monster/ymir work/monster/milgyo_nahan1/03.gr2	d:/ymir work/monster/milgyo_nahan1/03.gr2	1
Monster/ymir work/monster/milgyo_monster1/37.gr2	d:/ymir work/monster/milgyo_monster1/37.gr2	1
Monster/ymir work/monster/orc_magician/35.gr2	d:/ymir work/monster/orc_magician/35.gr2	1
Monster/ymir work/monster/bou/36.gr2	d:/ymir work/monster/bou/36.gr2	1
Monster/ymir work/monster/milgyo_monster2/34.msa	d:/ymir work/monster/milgyo_monster2/34.msa	1
Monster/ymir work/monster/bou/36.msa	d:/ymir work/monster/bou/36.msa	1
Monster/ymir work/monster/thiefboss3/03.msa	d:/ymir work/monster/thiefboss3/03.msa	1
Monster/ymir work/monster/bou/37.gr2	d:/ymir work/monster/bou/37.gr2	1
Monster/ymir work/monster/milgyo_nahan1/36.msa	d:/ymir work/monster/milgyo_nahan1/36.msa	1
Monster/ymir work/monster/misterious_diseased_spear/misterious_diseased_spear.dds	d:/ymir work/monster/misterious_diseased_spear/misterious_diseased_spear.dds	1
Monster/ymir work/monster/greenfrog_soldier/00.gr2	d:/ymir work/monster/greenfrog_soldier/00.gr2	0
Monster/ymir work/monster/wild_boar/red_wild_boar.msm	d:/ymir work/monster/wild_boar/red_wild_boar.msm	1
Monster/ymir work/monster/ice_snow_golem/32.msa	d:/ymir work/monster/ice_snow_golem/32.msa	1
Monster/ymir work/monster/bou/37.msa	d:/ymir work/monster/bou/37.msa	1
Monster/ymir work/monster/ice_snow_dog/35.msa	d:/ymir work/monster/ice_snow_dog/35.msa	1
Monster/ymir work/monster/bou/50.msa	d:/ymir work/monster/bou/50.msa	1
Monster/ymir work/monster/milgyo_religionist/20.gr2	d:/ymir work/monster/milgyo_religionist/20.gr2	1
Monster/ymir work/monster/orc_bigblack/37.gr2	d:/ymir work/monster/orc_bigblack/37.gr2	1
Monster/ymir work/monster/bou/51.gr2	d:/ymir work/monster/bou/51.gr2	1
Monster/ymir work/monster/milgyo_monster1/00.msa	d:/ymir work/monster/milgyo_monster1/00.msa	1
Monster/ymir work/monster/bou/51.msa	d:/ymir work/monster/bou/51.msa	1
Monster/ymir work/monster/greenfrog_general/greenfrog_general.gr2	d:/ymir work/monster/greenfrog_general/greenfrog_general.gr2	1
Monster/ymir work/monster/milgyo_founder/00.msa	d:/ymir work/monster/milgyo_founder/00.msa	1
Monster/ymir work/monster/bou/bou.dds	d:/ymir work/monster/bou/bou.dds	1
Monster/ymir work/monster/bou/bou.gr2	d:/ymir work/monster/bou/bou.gr2	1
Monster/ymir work/monster/skeleton_king/20_1.msa	d:/ymir work/monster/skeleton_king/20_1.msa	1
Monster/ymir work/monster/bou/bou.msm	d:/ymir work/monster/bou/bou.msm	1
Monster/ymir work/monster/bou/bou_lod_01.gr2	d:/ymir work/monster/bou/bou_lod_01.gr2	1
Monster/ymir work/monster/milgyo_religionist/37_1.gr2	d:/ymir work/monster/milgyo_religionist/37_1.gr2	1
Monster/ymir work/monster/bou/bou_weapon.dds	d:/ymir work/monster/bou/bou_weapon.dds	1
Monster/ymir work/monster/spite_ghost/37.msa	d:/ymir work/monster/spite_ghost/37.msa	1
Monster/ymir work/monster/ice_snow_man/00.gr2	d:/ymir work/monster/ice_snow_man/00.gr2	0
Monster/ymir work/monster/ice_snow_dog/ice_snow_dog.msm	d:/ymir work/monster/ice_snow_dog/ice_snow_dog.msm	1
Monster/ymir work/monster/chaos_ghost/00.gr2	d:/ymir work/monster/chaos_ghost/00.gr2	0
Monster/ymir work/monster/chaos_ghost/00.msa	d:/ymir work/monster/chaos_ghost/00.msa	1
Monster/ymir work/monster/skeleton_general/skeleton_general.gr2	d:/ymir work/monster/skeleton_general/skeleton_general.gr2	1
Monster/ymir work/monster/chaos_ghost/03.gr2	d:/ymir work/monster/chaos_ghost/03.gr2	1
Monster/ymir work/monster/chaos_ghost/03.msa	d:/ymir work/monster/chaos_ghost/03.msa	1
Monster/ymir work/monster/skeleton_bigboss/00_1.msa	d:/ymir work/monster/skeleton_bigboss/00_1.msa	1
Monster/ymir work/monster/chaos_ghost/20_1.gr2	d:/ymir work/monster/chaos_ghost/20_1.gr2	1
Monster/ymir work/monster/orc_magician/37_2.msa	d:/ymir work/monster/orc_magician/37_2.msa	1
Monster/ymir work/monster/chaos_ghost/30.msa	d:/ymir work/monster/chaos_ghost/30.msa	1
Monster/ymir work/monster/misterious_diseased_kid/03.gr2	d:/ymir work/monster/misterious_diseased_kid/03.gr2	1
Monster/ymir work/monster/chaos_ghost/32.gr2	d:/ymir work/monster/chaos_ghost/32.gr2	1
Monster/ymir work/monster/thiefboss2/34_1.msa	d:/ymir work/monster/thiefboss2/34_1.msa	1
Monster/ymir work/monster/chaos_ghost/32.msa	d:/ymir work/monster/chaos_ghost/32.msa	1
Monster/ymir work/monster/skeleton_general/34.gr2	d:/ymir work/monster/skeleton_general/34.gr2	1
Monster/ymir work/monster/misterious_diseased_kid/32.msa	d:/ymir work/monster/misterious_diseased_kid/32.msa	1
Monster/ymir work/monster/chaos_ghost/33.msa	d:/ymir work/monster/chaos_ghost/33.msa	1
Monster/ymir work/monster/chaos_ghost/34.gr2	d:/ymir work/monster/chaos_ghost/34.gr2	1
Monster/ymir work/monster/greenfrog_soldier/03.msa	d:/ymir work/monster/greenfrog_soldier/03.msa	1
Monster/ymir work/monster/chaos_ghost/34.msa	d:/ymir work/monster/chaos_ghost/34.msa	1
Monster/ymir work/monster/chaos_ghost/35.gr2	d:/ymir work/monster/chaos_ghost/35.gr2	1
Monster/ymir work/monster/milgyo_nahan2/34_1.gr2	d:/ymir work/monster/milgyo_nahan2/34_1.gr2	1
Monster/ymir work/monster/milgyo_monster2/35.msa	d:/ymir work/monster/milgyo_monster2/35.msa	1
Monster/ymir work/monster/chaos_ghost/36.gr2	d:/ymir work/monster/chaos_ghost/36.gr2	1
Monster/ymir work/monster/chaos_ghost/36.msa	d:/ymir work/monster/chaos_ghost/36.msa	1
Monster/ymir work/monster/thiefboss2/03.gr2	d:/ymir work/monster/thiefboss2/03.gr2	1
Monster/ymir work/monster/chaos_ghost/37.gr2	d:/ymir work/monster/chaos_ghost/37.gr2	1
Monster/ymir work/monster/ice_snow_giant_man/ice_snow_giant_man.dds	d:/ymir work/monster/ice_snow_giant_man/ice_snow_giant_man.dds	1
Monster/ymir work/monster/chaos_ghost/chaos_ghost.dds	d:/ymir work/monster/chaos_ghost/chaos_ghost.dds	1
Monster/ymir work/monster/milgyo_nahan1/20.msa	d:/ymir work/monster/milgyo_nahan1/20.msa	1
Monster/ymir work/monster/chaos_ghost/chaos_ghost.gr2	d:/ymir work/monster/chaos_ghost/chaos_ghost.gr2	1
Monster/ymir work/monster/chaos_ghost/chaos_ghost.msm	d:/ymir work/monster/chaos_ghost/chaos_ghost.msm	1
Monster/ymir work/monster/orc_general/orc_general_lod_01.gr2	d:/ymir work/monster/orc_general/orc_general_lod_01.gr2	1
Monster/ymir work/monster/orc_magician/30_1.gr2	d:/ymir work/monster/orc_magician/30_1.gr2	1
Monster/ymir work/monster/recycle_monster/recycle_monster_lod_01.gr2	d:/ymir work/monster/recycle_monster/recycle_monster_lod_01.gr2	1
Monster/ymir work/monster/chuhen/00.msa	d:/ymir work/monster/chuhen/00.msa	1
Monster/ymir work/monster/thiefboss3/thiefboss3.msm	d:/ymir work/monster/thiefboss3/thiefboss3.msm	1
Monster/ymir work/monster/chuhen/00_2.msa	d:/ymir work/monster/chuhen/00_2.msa	1
Monster/ymir work/monster/thief2/thief2_lod_01.gr2	d:/ymir work/monster/thief2/thief2_lod_01.gr2	1
Monster/ymir work/monster/chuhen/03.msa	d:/ymir work/monster/chuhen/03.msa	1
Monster/ymir work/monster/ice_snow_giant_man/33.gr2	d:/ymir work/monster/ice_snow_giant_man/33.gr2	1
Monster/ymir work/monster/chuhen/20.gr2	d:/ymir work/monster/chuhen/20.gr2	1
Monster/ymir work/monster/metinstonebig/metinstone_attack.msa	d:/ymir work/monster/metinstonebig/metinstone_attack.msa	1
Monster/ymir work/monster/chuhen/30.gr2	d:/ymir work/monster/chuhen/30.gr2	1
Monster/ymir work/monster/metinstonebig/metinstonebig.gr2	d:/ymir work/monster/metinstonebig/metinstonebig.gr2	0
Monster/ymir work/monster/maenghwan/30_1.msa	d:/ymir work/monster/maenghwan/30_1.msa	1
Monster/ymir work/monster/metinstone/metinstone_02.dds	d:/ymir work/monster/metinstone/metinstone_02.dds	1
Monster/ymir work/monster/ice_snow_insect/ice_snow_insect.gr2	d:/ymir work/monster/ice_snow_insect/ice_snow_insect.gr2	1
Monster/ymir work/monster/skeleton_bigboss/33.gr2	d:/ymir work/monster/skeleton_bigboss/33.gr2	1
Monster/ymir work/monster/chuhen/30_1.gr2	d:/ymir work/monster/chuhen/30_1.gr2	1
Monster/ymir work/monster/wild_boar/00_1.msa	d:/ymir work/monster/wild_boar/00_1.msa	1
Monster/ymir work/monster/chuhen/31.gr2	d:/ymir work/monster/chuhen/31.gr2	1
Monster/ymir work/monster/stray_dog/02.msa	d:/ymir work/monster/stray_dog/02.msa	1
Monster/ymir work/monster/chuhen/31.msa	d:/ymir work/monster/chuhen/31.msa	1
Monster/ymir work/monster/chuhen/32.gr2	d:/ymir work/monster/chuhen/32.gr2	1
Monster/ymir work/monster/ice_snow_monster/33.gr2	d:/ymir work/monster/ice_snow_monster/33.gr2	1
Monster/ymir work/monster/stray_dog/00.msa	d:/ymir work/monster/stray_dog/00.msa	1
Monster/ymir work/monster/milgyo_executor/motlist.txt	d:/ymir work/monster/milgyo_executor/motlist.txt	1
Monster/ymir work/monster/tiger/32.msa	d:/ymir work/monster/tiger/32.msa	1
Monster/ymir work/monster/chuhen/32.msa	d:/ymir work/monster/chuhen/32.msa	1
Monster/ymir work/monster/chuhen/33.gr2	d:/ymir work/monster/chuhen/33.gr2	1
Monster/ymir work/monster/tiger/00.msa	d:/ymir work/monster/tiger/00.msa	1
Monster/ymir work/monster/greenfrog_soldier/34_1.gr2	d:/ymir work/monster/greenfrog_soldier/34_1.gr2	1
Monster/ymir work/monster/chuhen/33.msa	d:/ymir work/monster/chuhen/33.msa	1
Monster/ymir work/monster/chuhen/34.gr2	d:/ymir work/monster/chuhen/34.gr2	1
Monster/ymir work/monster/gupae/31.msa	d:/ymir work/monster/gupae/31.msa	1
Monster/ymir work/monster/milgyo_religionist/35.gr2	d:/ymir work/monster/milgyo_religionist/35.gr2	1
Monster/ymir work/monster/chuhen/34_1.gr2	d:/ymir work/monster/chuhen/34_1.gr2	1
Monster/ymir work/monster/orc_knight/20_1.gr2	d:/ymir work/monster/orc_knight/20_1.gr2	1
Monster/ymir work/monster/milgyo_nahan_general/35.msa	d:/ymir work/monster/milgyo_nahan_general/35.msa	1
Monster/ymir work/monster/ice_snow_dog/34.msa	d:/ymir work/monster/ice_snow_dog/34.msa	1
Monster/ymir work/monster/chuhen/34_1.msa	d:/ymir work/monster/chuhen/34_1.msa	1
Monster/ymir work/monster/misterious_diseased_spear/30.gr2	d:/ymir work/monster/misterious_diseased_spear/30.gr2	1
Monster/ymir work/monster/skeleton_soldier_scythe/30_1.gr2	d:/ymir work/monster/skeleton_soldier_scythe/30_1.gr2	1
Monster/ymir work/monster/skeleton_magician/32.gr2	d:/ymir work/monster/skeleton_magician/32.gr2	1
Monster/ymir work/monster/chuhen/35.msa	d:/ymir work/monster/chuhen/35.msa	1
Monster/ymir work/monster/chuhen/36.gr2	d:/ymir work/monster/chuhen/36.gr2	1
Monster/ymir work/monster/misterious_diseased_dog/34.msa	d:/ymir work/monster/misterious_diseased_dog/34.msa	1
Monster/ymir work/monster/tiger/tiger.gr2	d:/ymir work/monster/tiger/tiger.gr2	1
Monster/ymir work/monster/thiefboss3/37.gr2	d:/ymir work/monster/thiefboss3/37.gr2	1
Monster/ymir work/monster/thiefboss1/00_1.msa	d:/ymir work/monster/thiefboss1/00_1.msa	1
Monster/ymir work/monster/chuhen/37.gr2	d:/ymir work/monster/chuhen/37.gr2	1
Monster/ymir work/monster/chuhen/37.msa	d:/ymir work/monster/chuhen/37.msa	1
Monster/ymir work/monster/misterious_diseased_sword/00.msa	d:/ymir work/monster/misterious_diseased_sword/00.msa	1
Monster/ymir work/monster/chuhen/37_1.gr2	d:/ymir work/monster/chuhen/37_1.gr2	1
Monster/ymir work/monster/wild_boar/wild_boar_lod_01.gr2	d:/ymir work/monster/wild_boar/wild_boar_lod_01.gr2	1
Monster/ymir work/monster/chuhen/50.msa	d:/ymir work/monster/chuhen/50.msa	1
Monster/ymir work/monster/misterious_diseased_sword/32.msa	d:/ymir work/monster/misterious_diseased_sword/32.msa	1
Monster/ymir work/monster/misterious_diseased_boss/misterious_diseased_boss.dds	d:/ymir work/monster/misterious_diseased_boss/misterious_diseased_boss.dds	1
Monster/ymir work/monster/goblin_leafhead/00.msa	d:/ymir work/monster/goblin_leafhead/00.msa	1
Monster/ymir work/monster/ice_snow_whale/00.gr2	d:/ymir work/monster/ice_snow_whale/00.gr2	0
Monster/ymir work/monster/ice_snow_golem/33.gr2	d:/ymir work/monster/ice_snow_golem/33.gr2	1
Monster/ymir work/monster/chuhen/52.gr2	d:/ymir work/monster/chuhen/52.gr2	1
Monster/ymir work/monster/chuhen/chuhen.msm	d:/ymir work/monster/chuhen/chuhen.msm	1
Monster/ymir work/monster/chuhen/motlist.txt	d:/ymir work/monster/chuhen/motlist.txt	1
Monster/ymir work/monster/orc_general/34.msa	d:/ymir work/monster/orc_general/34.msa	1
Monster/ymir work/monster/fox_ninetail/00.gr2	d:/ymir work/monster/fox_ninetail/00.gr2	0
Monster/ymir work/monster/misterious_diseased_spear/20.gr2	d:/ymir work/monster/misterious_diseased_spear/20.gr2	1
Monster/ymir work/monster/fox_ninetail/00.msa	d:/ymir work/monster/fox_ninetail/00.msa	1
Monster/ymir work/monster/ice_snow_monster/20.msa	d:/ymir work/monster/ice_snow_monster/20.msa	1
Monster/ymir work/monster/ice_snow_man/31_1.msa	d:/ymir work/monster/ice_snow_man/31_1.msa	1
Monster/ymir work/monster/fox_ninetail/00_1.gr2	d:/ymir work/monster/fox_ninetail/00_1.gr2	1
Monster/ymir work/monster/gupae/34.gr2	d:/ymir work/monster/gupae/34.gr2	1
Monster/ymir work/monster/fox_ninetail/00_1.msa	d:/ymir work/monster/fox_ninetail/00_1.msa	1
Monster/ymir work/monster/orc_knight/35.gr2	d:/ymir work/monster/orc_knight/35.gr2	1
Monster/ymir work/monster/skeleton_general/skeleton_general_lod_01.gr2	d:/ymir work/monster/skeleton_general/skeleton_general_lod_01.gr2	1
Monster/ymir work/monster/fox_ninetail/03.gr2	d:/ymir work/monster/fox_ninetail/03.gr2	1
Monster/ymir work/monster/misterious_diseased_sword/31_1.gr2	d:/ymir work/monster/misterious_diseased_sword/31_1.gr2	1
Monster/ymir work/monster/thief1/35.msa	d:/ymir work/monster/thief1/35.msa	1
Monster/ymir work/monster/skeleton_soldier_scythe/37.gr2	d:/ymir work/monster/skeleton_soldier_scythe/37.gr2	1
Monster/ymir work/monster/greenfrog_general/30_1.msa	d:/ymir work/monster/greenfrog_general/30_1.msa	1
Monster/ymir work/monster/immotal_ghost/34_1.gr2	d:/ymir work/monster/immotal_ghost/34_1.gr2	1
Monster/ymir work/monster/fox_ninetail/03.msa	d:/ymir work/monster/fox_ninetail/03.msa	1
Monster/ymir work/monster/fox_ninetail/20.gr2	d:/ymir work/monster/fox_ninetail/20.gr2	1
Monster/ymir work/monster/fox_ninetail/20_1.gr2	d:/ymir work/monster/fox_ninetail/20_1.gr2	1
Monster/ymir work/monster/fox_ninetail/30.msa	d:/ymir work/monster/fox_ninetail/30.msa	1
Monster/ymir work/monster/fox_ninetail/30_1.gr2	d:/ymir work/monster/fox_ninetail/30_1.gr2	1
Monster/ymir work/monster/skeleton_king/00_1.gr2	d:/ymir work/monster/skeleton_king/00_1.gr2	1
Monster/ymir work/monster/ice_snow_insect/03.gr2	d:/ymir work/monster/ice_snow_insect/03.gr2	1
Monster/ymir work/monster/greenfrog_soldier/35.gr2	d:/ymir work/monster/greenfrog_soldier/35.gr2	1
Monster/ymir work/monster/fox_ninetail/30_1.msa	d:/ymir work/monster/fox_ninetail/30_1.msa	1
Monster/ymir work/monster/fox_ninetail/31.gr2	d:/ymir work/monster/fox_ninetail/31.gr2	1
Monster/ymir work/monster/fox_ninetail/31.msa	d:/ymir work/monster/fox_ninetail/31.msa	1
Monster/ymir work/monster/greenfrog_general/03.gr2	d:/ymir work/monster/greenfrog_general/03.gr2	1
Monster/ymir work/monster/thiefboss2/02.gr2	d:/ymir work/monster/thiefboss2/02.gr2	1
Monster/ymir work/monster/misterious_diseased_infector/32.gr2	d:/ymir work/monster/misterious_diseased_infector/32.gr2	1
Monster/ymir work/monster/outlaw/32.gr2	d:/ymir work/monster/outlaw/32.gr2	1
Monster/ymir work/monster/fox_ninetail/33.msa	d:/ymir work/monster/fox_ninetail/33.msa	1
Monster/ymir work/monster/fox_ninetail/34.gr2	d:/ymir work/monster/fox_ninetail/34.gr2	1
Monster/ymir work/monster/maenghwan/30.msa	d:/ymir work/monster/maenghwan/30.msa	1
Monster/ymir work/monster/recycle_monster/20_1.msa	d:/ymir work/monster/recycle_monster/20_1.msa	1
Monster/ymir work/monster/fox_ninetail/35.gr2	d:/ymir work/monster/fox_ninetail/35.gr2	1
Monster/ymir work/monster/ice_snow_golem/03.gr2	d:/ymir work/monster/ice_snow_golem/03.gr2	1
Monster/ymir work/monster/fox_ninetail/36.gr2	d:/ymir work/monster/fox_ninetail/36.gr2	1
Monster/ymir work/monster/orc_knight/30_1.msa	d:/ymir work/monster/orc_knight/30_1.msa	1
Monster/ymir work/monster/fox_ninetail/36.msa	d:/ymir work/monster/fox_ninetail/36.msa	1
Monster/ymir work/monster/ice_snow_man/20_1.gr2	d:/ymir work/monster/ice_snow_man/20_1.gr2	1
Monster/ymir work/monster/misterious_diseased_bow/misterious_diseased_bow.msm	d:/ymir work/monster/misterious_diseased_bow/misterious_diseased_bow.msm	1
Monster/ymir work/monster/fox_ninetail/fox_ninetail.gr2	d:/ymir work/monster/fox_ninetail/fox_ninetail.gr2	1
Monster/ymir work/monster/wild_boar/red_wild_boar.gr2	d:/ymir work/monster/wild_boar/red_wild_boar.gr2	1
Monster/ymir work/monster/greenfrog_general/36.gr2	d:/ymir work/monster/greenfrog_general/36.gr2	1
Monster/ymir work/monster/fox_ninetail/fox_ninetail.msm	d:/ymir work/monster/fox_ninetail/fox_ninetail.msm	1
Monster/ymir work/monster/goblin_leafhead/03.gr2	d:/ymir work/monster/goblin_leafhead/03.gr2	1
Monster/ymir work/monster/milgyo_nahan1/31.msa	d:/ymir work/monster/milgyo_nahan1/31.msa	1
Monster/ymir work/monster/wild_boar_god/52.gr2	d:/ymir work/monster/wild_boar_god/52.gr2	1
Monster/ymir work/monster/goblin_leafhead/20.gr2	d:/ymir work/monster/goblin_leafhead/20.gr2	1
Monster/ymir work/monster/milgyo_nahan2/30_1.gr2	d:/ymir work/monster/milgyo_nahan2/30_1.gr2	1
Monster/ymir work/monster/goblin_leafhead/20_1.gr2	d:/ymir work/monster/goblin_leafhead/20_1.gr2	1
Monster/ymir work/monster/goblin_leafhead/30.msa	d:/ymir work/monster/goblin_leafhead/30.msa	1
Monster/ymir work/monster/goblin_leafhead/30_1.gr2	d:/ymir work/monster/goblin_leafhead/30_1.gr2	1
Monster/ymir work/monster/goblin_leafhead/31.gr2	d:/ymir work/monster/goblin_leafhead/31.gr2	1
Monster/ymir work/monster/orc_black/30.gr2	d:/ymir work/monster/orc_black/30.gr2	1
Monster/ymir work/monster/thiefboss2/30.msa	d:/ymir work/monster/thiefboss2/30.msa	1
Monster/ymir work/monster/goblin_leafhead/32.msa	d:/ymir work/monster/goblin_leafhead/32.msa	1
Monster/ymir work/monster/thief2/30.gr2	d:/ymir work/monster/thief2/30.gr2	1
Monster/ymir work/monster/goblin_leafhead/33.gr2	d:/ymir work/monster/goblin_leafhead/33.gr2	1
Monster/ymir work/monster/ice_snow_monster/31.gr2	d:/ymir work/monster/ice_snow_monster/31.gr2	1
Monster/ymir work/monster/goblin_leafhead/33.msa	d:/ymir work/monster/goblin_leafhead/33.msa	1
Monster/ymir work/monster/gupae/30.msa	d:/ymir work/monster/gupae/30.msa	1
Monster/ymir work/monster/greenfrog_general/greenfrog_general.dds	d:/ymir work/monster/greenfrog_general/greenfrog_general.dds	1
Monster/ymir work/monster/maenghwan/maenghwan.dds	d:/ymir work/monster/maenghwan/maenghwan.dds	1
Monster/ymir work/monster/misterious_diseased_kid/31.msa	d:/ymir work/monster/misterious_diseased_kid/31.msa	1
Monster/ymir work/monster/goblin_leafhead/34.gr2	d:/ymir work/monster/goblin_leafhead/34.gr2	1
Monster/ymir work/monster/thiefboss2/20_2.gr2	d:/ymir work/monster/thiefboss2/20_2.gr2	1
Monster/ymir work/monster/goblin_leafhead/34.msa	d:/ymir work/monster/goblin_leafhead/34.msa	1
Monster/ymir work/monster/orc_general/30_1.gr2	d:/ymir work/monster/orc_general/30_1.gr2	1
Monster/ymir work/monster/goblin_leafhead/34_1.gr2	d:/ymir work/monster/goblin_leafhead/34_1.gr2	1
Monster/ymir work/monster/milgyo_monster1/motlist.txt	d:/ymir work/monster/milgyo_monster1/motlist.txt	1
Monster/ymir work/monster/skeleton_soldier_spear/34_1.gr2	d:/ymir work/monster/skeleton_soldier_spear/34_1.gr2	1
Monster/ymir work/monster/milgyo_executor/milgyo_executor.dds	d:/ymir work/monster/milgyo_executor/milgyo_executor.dds	1
Monster/ymir work/monster/goblin_leafhead/36.msa	d:/ymir work/monster/goblin_leafhead/36.msa	1
Monster/ymir work/monster/orc_soldier/34_1.gr2	d:/ymir work/monster/orc_soldier/34_1.gr2	1
Monster/ymir work/monster/misterious_diseased_dog/31.gr2	d:/ymir work/monster/misterious_diseased_dog/31.gr2	1
Monster/ymir work/monster/skeleton_bigboss/skeleton_bigboss.gr2	d:/ymir work/monster/skeleton_bigboss/skeleton_bigboss.gr2	1
Monster/ymir work/monster/goblin_leafhead/goblin_leafhead.dds	d:/ymir work/monster/goblin_leafhead/goblin_leafhead.dds	1
Monster/ymir work/monster/misterious_diseased_host/34.gr2	d:/ymir work/monster/misterious_diseased_host/34.gr2	1
Monster/ymir work/monster/goblin_leafhead/goblin_leafhead.gr2	d:/ymir work/monster/goblin_leafhead/goblin_leafhead.gr2	1
Monster/ymir work/monster/milgyo_nahan_general/32.msa	d:/ymir work/monster/milgyo_nahan_general/32.msa	1
Monster/ymir work/monster/ice_snow_dog/37.gr2	d:/ymir work/monster/ice_snow_dog/37.gr2	1
Monster/ymir work/monster/goblin_leafhead/goblin_leafhead_lod_01.gr2	d:/ymir work/monster/goblin_leafhead/goblin_leafhead_lod_01.gr2	1
Monster/ymir work/monster/wild_boar/32.gr2	d:/ymir work/monster/wild_boar/32.gr2	1
Monster/ymir work/monster/thiefboss1/20_1.gr2	d:/ymir work/monster/thiefboss1/20_1.gr2	1
Monster/ymir work/monster/orc_soldier/32.gr2	d:/ymir work/monster/orc_soldier/32.gr2	1
Monster/ymir work/monster/goblin_leafhead/motlist.txt	d:/ymir work/monster/goblin_leafhead/motlist.txt	1
Monster/ymir work/monster/misterious_diseased_dog/32.msa	d:/ymir work/monster/misterious_diseased_dog/32.msa	1
Monster/ymir work/monster/wild_boar/31.msa	d:/ymir work/monster/wild_boar/31.msa	1
Monster/ymir work/monster/greenfrog_general/00.gr2	d:/ymir work/monster/greenfrog_general/00.gr2	0
Monster/ymir work/monster/skeleton_soldier_scythe/00.gr2	d:/ymir work/monster/skeleton_soldier_scythe/00.gr2	0
Monster/ymir work/monster/skeleton_general/37.msa	d:/ymir work/monster/skeleton_general/37.msa	1
Monster/ymir work/monster/greenfrog_general/00.msa	d:/ymir work/monster/greenfrog_general/00.msa	1
Monster/ymir work/monster/orc_lord/30_1.gr2	d:/ymir work/monster/orc_lord/30_1.gr2	1
Monster/ymir work/monster/milgyo_nahan2/37_1.msa	d:/ymir work/monster/milgyo_nahan2/37_1.msa	1
Monster/ymir work/monster/orc_general/34_1.gr2	d:/ymir work/monster/orc_general/34_1.gr2	1
Monster/ymir work/monster/greenfrog_general/00_1.msa	d:/ymir work/monster/greenfrog_general/00_1.msa	1
Monster/ymir work/monster/skeleton_soldier_spear/20_1.gr2	d:/ymir work/monster/skeleton_soldier_spear/20_1.gr2	1
Monster/ymir work/monster/misterious_diseased_kid/00_1.msa	d:/ymir work/monster/misterious_diseased_kid/00_1.msa	1
Monster/ymir work/monster/ice_snow_insect/32.msa	d:/ymir work/monster/ice_snow_insect/32.msa	1
Monster/ymir work/monster/greenfrog_general/30.gr2	d:/ymir work/monster/greenfrog_general/30.gr2	1
Monster/ymir work/monster/greenfrog_general/30.msa	d:/ymir work/monster/greenfrog_general/30.msa	1
Monster/ymir work/monster/greenfrog_general/31.msa	d:/ymir work/monster/greenfrog_general/31.msa	1
Monster/ymir work/monster/stray_dog/00_2.gr2	d:/ymir work/monster/stray_dog/00_2.gr2	1
Monster/ymir work/monster/misterious_diseased_bow/31.gr2	d:/ymir work/monster/misterious_diseased_bow/31.gr2	1
Monster/ymir work/monster/greenfrog_general/32.gr2	d:/ymir work/monster/greenfrog_general/32.gr2	1
Monster/ymir work/monster/greenfrog_general/32.msa	d:/ymir work/monster/greenfrog_general/32.msa	1
Monster/ymir work/monster/greenfrog_general/33.gr2	d:/ymir work/monster/greenfrog_general/33.gr2	1
Monster/ymir work/monster/misterious_diseased_spear/00.gr2	d:/ymir work/monster/misterious_diseased_spear/00.gr2	0
Monster/ymir work/monster/greenfrog_general/33.msa	d:/ymir work/monster/greenfrog_general/33.msa	1
Monster/ymir work/monster/greenfrog_general/34.msa	d:/ymir work/monster/greenfrog_general/34.msa	1
Monster/ymir work/monster/misterious_diseased_kid/37.msa	d:/ymir work/monster/misterious_diseased_kid/37.msa	1
Monster/ymir work/monster/greenfrog_general/34_1.msa	d:/ymir work/monster/greenfrog_general/34_1.msa	1
Monster/ymir work/monster/orc_bigblack/motlist.txt	d:/ymir work/monster/orc_bigblack/motlist.txt	1
Monster/ymir work/monster/skeleton_king/33_1.msa	d:/ymir work/monster/skeleton_king/33_1.msa	1
Monster/ymir work/monster/greenfrog_general/35.gr2	d:/ymir work/monster/greenfrog_general/35.gr2	1
Monster/ymir work/monster/orc_bigblack/00.gr2	d:/ymir work/monster/orc_bigblack/00.gr2	0
Monster/ymir work/monster/greenfrog_general/greenfrog_general_lod_01.gr2	d:/ymir work/monster/greenfrog_general/greenfrog_general_lod_01.gr2	1
Monster/ymir work/monster/greenfrog_soldier/greenfrog_soldier_lod_01.gr2	d:/ymir work/monster/greenfrog_soldier/greenfrog_soldier_lod_01.gr2	1
Monster/ymir work/monster/greenfrog_general/motlist.txt	d:/ymir work/monster/greenfrog_general/motlist.txt	1
Monster/ymir work/monster/ice_snow_dog/ice_snow_dog_lod_01.gr2	d:/ymir work/monster/ice_snow_dog/ice_snow_dog_lod_01.gr2	1
Monster/ymir work/monster/ice_snow_man/ice_snow_man.msm	d:/ymir work/monster/ice_snow_man/ice_snow_man.msm	1
Monster/ymir work/monster/immotal_ghost/immotal_ghost.msm	d:/ymir work/monster/immotal_ghost/immotal_ghost.msm	1
Monster/ymir work/monster/thief3/30.msa	d:/ymir work/monster/thief3/30.msa	1
Monster/ymir work/monster/orc_general/30.gr2	d:/ymir work/monster/orc_general/30.gr2	1
Monster/ymir work/monster/greenfrog_soldier/00.msa	d:/ymir work/monster/greenfrog_soldier/00.msa	1
Monster/ymir work/monster/greenfrog_soldier/00_1.gr2	d:/ymir work/monster/greenfrog_soldier/00_1.gr2	1
Monster/ymir work/monster/greenfrog_soldier/03.gr2	d:/ymir work/monster/greenfrog_soldier/03.gr2	1
Monster/ymir work/monster/greenfrog_soldier/20_1.gr2	d:/ymir work/monster/greenfrog_soldier/20_1.gr2	1
Monster/ymir work/monster/orc_knight/33.gr2	d:/ymir work/monster/orc_knight/33.gr2	1
Monster/ymir work/monster/barbarian_knight/20.msa	d:/ymir work/monster/barbarian_knight/20.msa	1
Monster/ymir work/monster/milgyo_nahan2/33.gr2	d:/ymir work/monster/milgyo_nahan2/33.gr2	1
Monster/ymir work/monster/orc_black/35.msa	d:/ymir work/monster/orc_black/35.msa	1
Monster/ymir work/monster/greenfrog_soldier/30_1.gr2	d:/ymir work/monster/greenfrog_soldier/30_1.gr2	1
Monster/ymir work/monster/wolf/31.msa	d:/ymir work/monster/wolf/31.msa	1
Monster/ymir work/monster/greenfrog_soldier/30_1.msa	d:/ymir work/monster/greenfrog_soldier/30_1.msa	1
Monster/ymir work/monster/misterious_diseased_bow/motlist.txt	d:/ymir work/monster/misterious_diseased_bow/motlist.txt	1
Monster/ymir work/monster/thief2/37.msa	d:/ymir work/monster/thief2/37.msa	1
Monster/ymir work/monster/greenfrog_soldier/31.msa	d:/ymir work/monster/greenfrog_soldier/31.msa	1
Monster/ymir work/monster/sugu_general/03.msa	d:/ymir work/monster/sugu_general/03.msa	1
Monster/ymir work/monster/skeleton_magician/00.gr2	d:/ymir work/monster/skeleton_magician/00.gr2	0
Monster/ymir work/monster/recycle_monster/recycle_monster.msm	d:/ymir work/monster/recycle_monster/recycle_monster.msm	1
Monster/ymir work/monster/milgyo_nahan1/36.gr2	d:/ymir work/monster/milgyo_nahan1/36.gr2	1
Monster/ymir work/monster/greenfrog_soldier/32.gr2	d:/ymir work/monster/greenfrog_soldier/32.gr2	1
Monster/ymir work/monster/greenfrog_soldier/32.msa	d:/ymir work/monster/greenfrog_soldier/32.msa	1
Monster/ymir work/monster/greenfrog_soldier/33.msa	d:/ymir work/monster/greenfrog_soldier/33.msa	1
Monster/ymir work/monster/orc_bigblack/orc_bigblack_sword.dds	d:/ymir work/monster/orc_bigblack/orc_bigblack_sword.dds	1
Monster/ymir work/monster/greenfrog_soldier/34.gr2	d:/ymir work/monster/greenfrog_soldier/34.gr2	1
Monster/ymir work/monster/greenfrog_soldier/34.msa	d:/ymir work/monster/greenfrog_soldier/34.msa	1
Monster/ymir work/monster/greenfrog_soldier/34_1.msa	d:/ymir work/monster/greenfrog_soldier/34_1.msa	1
Monster/ymir work/monster/ice_snow_insect/03.msa	d:/ymir work/monster/ice_snow_insect/03.msa	1
Monster/ymir work/monster/milgyo_executor/31.msa	d:/ymir work/monster/milgyo_executor/31.msa	1
Monster/ymir work/monster/thiefboss2/50.msa	d:/ymir work/monster/thiefboss2/50.msa	1
Monster/ymir work/monster/orc_scouter/orc_scouter_lod_01.gr2	d:/ymir work/monster/orc_scouter/orc_scouter_lod_01.gr2	1
Monster/ymir work/monster/ice_snow_man/ice_snow_man.gr2	d:/ymir work/monster/ice_snow_man/ice_snow_man.gr2	1
Monster/ymir work/monster/orc_soldier/31.msa	d:/ymir work/monster/orc_soldier/31.msa	1
Monster/ymir work/monster/ice_snow_golem/31.msa	d:/ymir work/monster/ice_snow_golem/31.msa	1
Monster/ymir work/monster/greenfrog_soldier/35.msa	d:/ymir work/monster/greenfrog_soldier/35.msa	1
Monster/ymir work/monster/thief2/03.msa	d:/ymir work/monster/thief2/03.msa	1
Monster/ymir work/monster/greenfrog_soldier/greenfrog_soldier.gr2	d:/ymir work/monster/greenfrog_soldier/greenfrog_soldier.gr2	1
Monster/ymir work/monster/spite_ghost/35.gr2	d:/ymir work/monster/spite_ghost/35.gr2	1
Monster/ymir work/monster/ice_snow_monster/00_1.msa	d:/ymir work/monster/ice_snow_monster/00_1.msa	1
Monster/ymir work/monster/greenfrog_soldier/greenfrog_soldier.msm	d:/ymir work/monster/greenfrog_soldier/greenfrog_soldier.msm	1
Monster/ymir work/monster/misterious_diseased_infector/31.msa	d:/ymir work/monster/misterious_diseased_infector/31.msa	1
Monster/ymir work/monster/outlaw/35.gr2	d:/ymir work/monster/outlaw/35.gr2	1
Monster/ymir work/monster/greenfrog_soldier/motlist.txt	d:/ymir work/monster/greenfrog_soldier/motlist.txt	1
Monster/ymir work/monster/skeleton_wizard/20_1.gr2	d:/ymir work/monster/skeleton_wizard/20_1.gr2	1
Monster/ymir work/monster/gupae/00.msa	d:/ymir work/monster/gupae/00.msa	1
Monster/ymir work/monster/gupae/00_1.msa	d:/ymir work/monster/gupae/00_1.msa	1
Monster/ymir work/monster/skeleton_bigboss/motlist.txt	d:/ymir work/monster/skeleton_bigboss/motlist.txt	1
Monster/ymir work/monster/milgyo_monster1/00_1.msa	d:/ymir work/monster/milgyo_monster1/00_1.msa	1
Monster/ymir work/monster/gupae/00_2.msa	d:/ymir work/monster/gupae/00_2.msa	1
Monster/ymir work/monster/gupae/02.gr2	d:/ymir work/monster/gupae/02.gr2	1
Monster/ymir work/monster/gupae/03.gr2	d:/ymir work/monster/gupae/03.gr2	1
Monster/ymir work/monster/maenghwan/51.msa	d:/ymir work/monster/maenghwan/51.msa	1
Monster/ymir work/monster/ice_snow_golem/motlist.txt	d:/ymir work/monster/ice_snow_golem/motlist.txt	1
Monster/ymir work/monster/misterious_diseased_spear/34.gr2	d:/ymir work/monster/misterious_diseased_spear/34.gr2	1
Monster/ymir work/monster/ice_snow_whale/00_1.msa	d:/ymir work/monster/ice_snow_whale/00_1.msa	1
Monster/ymir work/monster/gupae/20.gr2	d:/ymir work/monster/gupae/20.gr2	1
Monster/ymir work/monster/gupae/20_1.msa	d:/ymir work/monster/gupae/20_1.msa	1
Monster/ymir work/monster/gupae/30_1.msa	d:/ymir work/monster/gupae/30_1.msa	1
Monster/ymir work/monster/misterious_diseased_spear/34.msa	d:/ymir work/monster/misterious_diseased_spear/34.msa	1
Monster/ymir work/monster/gupae/31.gr2	d:/ymir work/monster/gupae/31.gr2	1
Monster/ymir work/monster/skeleton_king/skeleton_king.dds	d:/ymir work/monster/skeleton_king/skeleton_king.dds	1
Monster/ymir work/monster/gupae/33.msa	d:/ymir work/monster/gupae/33.msa	1
Monster/ymir work/monster/ice_snow_insect/37.msa	d:/ymir work/monster/ice_snow_insect/37.msa	1
Monster/ymir work/monster/orc_knight/31.msa	d:/ymir work/monster/orc_knight/31.msa	1
Monster/ymir work/monster/thiefboss1/33.msa	d:/ymir work/monster/thiefboss1/33.msa	1
Monster/ymir work/monster/gupae/34_1.msa	d:/ymir work/monster/gupae/34_1.msa	1
Monster/ymir work/monster/gupae/36.gr2	d:/ymir work/monster/gupae/36.gr2	1
Monster/ymir work/monster/gupae/37.msa	d:/ymir work/monster/gupae/37.msa	1
Monster/ymir work/monster/milgyo_nahan2/30_1.msa	d:/ymir work/monster/milgyo_nahan2/30_1.msa	1
Monster/ymir work/monster/misterious_diseased_sword/misterious_diseased_sword_lod_01.gr2	d:/ymir work/monster/misterious_diseased_sword/misterious_diseased_sword_lod_01.gr2	1
Monster/ymir work/monster/gupae/37_1.msa	d:/ymir work/monster/gupae/37_1.msa	1
Monster/ymir work/monster/misterious_diseased_boss/motlist.txt	d:/ymir work/monster/misterious_diseased_boss/motlist.txt	1
Monster/ymir work/monster/gupae/gupae.gr2	d:/ymir work/monster/gupae/gupae.gr2	1
Monster/ymir work/monster/gupae/gupae_lod_01.gr2	d:/ymir work/monster/gupae/gupae_lod_01.gr2	1
Monster/ymir work/monster/misterious_diseased_dog/00_2.msa	d:/ymir work/monster/misterious_diseased_dog/00_2.msa	1
Monster/ymir work/monster/gupae/motlist.txt	d:/ymir work/monster/gupae/motlist.txt	1
Monster/ymir work/monster/orc_knight/00.gr2	d:/ymir work/monster/orc_knight/00.gr2	0
Monster/ymir work/monster/ice_snow_dog/00.gr2	d:/ymir work/monster/ice_snow_dog/00.gr2	0
Monster/ymir work/monster/ice_snow_dog/00.msa	d:/ymir work/monster/ice_snow_dog/00.msa	1
Monster/ymir work/monster/ice_snow_golem/35.msa	d:/ymir work/monster/ice_snow_golem/35.msa	1
Monster/ymir work/monster/ice_snow_dog/00_1.gr2	d:/ymir work/monster/ice_snow_dog/00_1.gr2	1
Monster/ymir work/monster/ice_snow_dog/00_1.msa	d:/ymir work/monster/ice_snow_dog/00_1.msa	1
Monster/ymir work/monster/misterious_diseased_kid/20.msa	d:/ymir work/monster/misterious_diseased_kid/20.msa	1
Monster/ymir work/monster/wolf/33.msa	d:/ymir work/monster/wolf/33.msa	1
Monster/ymir work/monster/orc_scouter/31.gr2	d:/ymir work/monster/orc_scouter/31.gr2	1
Monster/ymir work/monster/ice_snow_golem/ice_snow_golem.msm	d:/ymir work/monster/ice_snow_golem/ice_snow_golem.msm	1
Monster/ymir work/monster/thief1/32.msa	d:/ymir work/monster/thief1/32.msa	1
Monster/ymir work/monster/ice_snow_dog/03.gr2	d:/ymir work/monster/ice_snow_dog/03.gr2	1
Monster/ymir work/monster/metinstone/metinstone_06.msm	d:/ymir work/monster/metinstone/metinstone_06.msm	1
Monster/ymir work/monster/milgyo_religionist/03.gr2	d:/ymir work/monster/milgyo_religionist/03.gr2	1
Monster/ymir work/monster/ice_snow_dog/20.gr2	d:/ymir work/monster/ice_snow_dog/20.gr2	1
Monster/ymir work/monster/ice_snow_dog/30.msa	d:/ymir work/monster/ice_snow_dog/30.msa	1
Monster/ymir work/monster/milgyo_nahan_general/31.msa	d:/ymir work/monster/milgyo_nahan_general/31.msa	1
Monster/ymir work/monster/maenghwan/36.msa	d:/ymir work/monster/maenghwan/36.msa	1
Monster/ymir work/monster/ice_snow_dog/31.gr2	d:/ymir work/monster/ice_snow_dog/31.gr2	1
Monster/ymir work/monster/ice_snow_dog/32.gr2	d:/ymir work/monster/ice_snow_dog/32.gr2	1
Monster/ymir work/monster/ice_snow_dog/32.msa	d:/ymir work/monster/ice_snow_dog/32.msa	1
Monster/ymir work/monster/milgyo_nahan1/34_1.gr2	d:/ymir work/monster/milgyo_nahan1/34_1.gr2	1
Monster/ymir work/monster/ice_snow_dog/33.msa	d:/ymir work/monster/ice_snow_dog/33.msa	1
Monster/ymir work/monster/ice_snow_dog/34.gr2	d:/ymir work/monster/ice_snow_dog/34.gr2	1
Monster/ymir work/monster/thiefboss2/20.msa	d:/ymir work/monster/thiefboss2/20.msa	1
Monster/ymir work/monster/ice_snow_dog/ice_snow_dog.dds	d:/ymir work/monster/ice_snow_dog/ice_snow_dog.dds	1
Monster/ymir work/monster/maenghwan/maenghwan.msm	d:/ymir work/monster/maenghwan/maenghwan.msm	1
Monster/ymir work/monster/milgyo_nahan2/31_1.msa	d:/ymir work/monster/milgyo_nahan2/31_1.msa	1
Monster/ymir work/monster/thief1/34_1.msa	d:/ymir work/monster/thief1/34_1.msa	1
Monster/ymir work/monster/ice_snow_dog/motlist.txt	d:/ymir work/monster/ice_snow_dog/motlist.txt	1
Monster/ymir work/monster/sugu_general/00_1.msa	d:/ymir work/monster/sugu_general/00_1.msa	1
Monster/ymir work/monster/misterious_diseased_spear/31.msa	d:/ymir work/monster/misterious_diseased_spear/31.msa	1
Monster/ymir work/monster/misterious_diseased_sword/misterious_diseased_sword.dds	d:/ymir work/monster/misterious_diseased_sword/misterious_diseased_sword.dds	1
Monster/ymir work/monster/ice_snow_giant_man/00_1.gr2	d:/ymir work/monster/ice_snow_giant_man/00_1.gr2	1
Monster/ymir work/monster/ice_snow_giant_man/03.msa	d:/ymir work/monster/ice_snow_giant_man/03.msa	1
Monster/ymir work/monster/ice_snow_giant_man/20.gr2	d:/ymir work/monster/ice_snow_giant_man/20.gr2	1
Monster/ymir work/monster/ice_snow_giant_man/30.gr2	d:/ymir work/monster/ice_snow_giant_man/30.gr2	1
Monster/ymir work/monster/ice_snow_giant_man/31.gr2	d:/ymir work/monster/ice_snow_giant_man/31.gr2	1
Monster/ymir work/monster/thiefboss2/50.gr2	d:/ymir work/monster/thiefboss2/50.gr2	1
Monster/ymir work/monster/ice_snow_giant_man/34_1.msa	d:/ymir work/monster/ice_snow_giant_man/34_1.msa	1
Monster/ymir work/monster/misterious_diseased_bosshost/31_1.msa	d:/ymir work/monster/misterious_diseased_bosshost/31_1.msa	1
Monster/ymir work/monster/ice_snow_giant_man/35.gr2	d:/ymir work/monster/ice_snow_giant_man/35.gr2	1
Monster/ymir work/monster/ice_snow_giant_man/35.msa	d:/ymir work/monster/ice_snow_giant_man/35.msa	1
Monster/ymir work/monster/ice_snow_giant_man/ice_snow_giant_man.gr2	d:/ymir work/monster/ice_snow_giant_man/ice_snow_giant_man.gr2	1
Monster/ymir work/monster/ice_snow_giant_man/motlist.txt	d:/ymir work/monster/ice_snow_giant_man/motlist.txt	1
Monster/ymir work/monster/ice_snow_golem/00.gr2	d:/ymir work/monster/ice_snow_golem/00.gr2	0
Monster/ymir work/monster/maenghwan/30.gr2	d:/ymir work/monster/maenghwan/30.gr2	1
Monster/ymir work/monster/orc_lord/31.gr2	d:/ymir work/monster/orc_lord/31.gr2	1
Monster/ymir work/monster/ice_snow_golem/00_1.gr2	d:/ymir work/monster/ice_snow_golem/00_1.gr2	1
Monster/ymir work/monster/ice_snow_golem/20_1.gr2	d:/ymir work/monster/ice_snow_golem/20_1.gr2	1
Monster/ymir work/monster/ice_snow_golem/30.msa	d:/ymir work/monster/ice_snow_golem/30.msa	1
Monster/ymir work/monster/ice_snow_monster/03.msa	d:/ymir work/monster/ice_snow_monster/03.msa	1
Monster/ymir work/monster/milgyo_monster1/33.msa	d:/ymir work/monster/milgyo_monster1/33.msa	1
Monster/ymir work/monster/ice_snow_golem/30_1.gr2	d:/ymir work/monster/ice_snow_golem/30_1.gr2	1
Monster/ymir work/monster/skeleton_wizard/20.msa	d:/ymir work/monster/skeleton_wizard/20.msa	1
Monster/ymir work/monster/ice_snow_golem/33.msa	d:/ymir work/monster/ice_snow_golem/33.msa	1
Monster/ymir work/monster/milgyo_nahan2/30.gr2	d:/ymir work/monster/milgyo_nahan2/30.gr2	1
Monster/ymir work/monster/stray_dog/stray_dog.gr2	d:/ymir work/monster/stray_dog/stray_dog.gr2	1
Monster/ymir work/monster/ice_snow_golem/34_1.gr2	d:/ymir work/monster/ice_snow_golem/34_1.gr2	1
Monster/ymir work/monster/ice_snow_golem/35.gr2	d:/ymir work/monster/ice_snow_golem/35.gr2	1
Monster/ymir work/monster/orc_bigblack/31.msa	d:/ymir work/monster/orc_bigblack/31.msa	1
Monster/ymir work/monster/spite_ghost/36.msa	d:/ymir work/monster/spite_ghost/36.msa	1
Monster/ymir work/monster/ice_snow_golem/36.gr2	d:/ymir work/monster/ice_snow_golem/36.gr2	1
Monster/ymir work/monster/ice_snow_golem/36.msa	d:/ymir work/monster/ice_snow_golem/36.msa	1
Monster/ymir work/monster/ice_snow_golem/37.gr2	d:/ymir work/monster/ice_snow_golem/37.gr2	1
Monster/ymir work/monster/maenghwan/37_1.gr2	d:/ymir work/monster/maenghwan/37_1.gr2	1
Monster/ymir work/monster/ice_snow_golem/37.msa	d:/ymir work/monster/ice_snow_golem/37.msa	1
Monster/ymir work/monster/wild_boar/33.gr2	d:/ymir work/monster/wild_boar/33.gr2	1
Monster/ymir work/monster/ice_snow_man/ice_snow_man.dds	d:/ymir work/monster/ice_snow_man/ice_snow_man.dds	1
Monster/ymir work/monster/ice_snow_golem/ice_snow_golem.dds	d:/ymir work/monster/ice_snow_golem/ice_snow_golem.dds	1
Monster/ymir work/monster/ice_snow_insect/00.gr2	d:/ymir work/monster/ice_snow_insect/00.gr2	0
Monster/ymir work/monster/ice_snow_insect/00.msa	d:/ymir work/monster/ice_snow_insect/00.msa	1
Monster/ymir work/monster/outlaw/00_1.gr2	d:/ymir work/monster/outlaw/00_1.gr2	1
Monster/ymir work/monster/orc_magician/03.msa	d:/ymir work/monster/orc_magician/03.msa	1
Monster/ymir work/monster/ice_snow_man/37.gr2	d:/ymir work/monster/ice_snow_man/37.gr2	1
Monster/ymir work/monster/ice_snow_insect/20_1.gr2	d:/ymir work/monster/ice_snow_insect/20_1.gr2	1
Monster/ymir work/monster/misterious_diseased_spear/misterious_diseased_spear_lod_01.gr2	d:/ymir work/monster/misterious_diseased_spear/misterious_diseased_spear_lod_01.gr2	1
Monster/ymir work/monster/ice_snow_insect/30.gr2	d:/ymir work/monster/ice_snow_insect/30.gr2	1
Monster/ymir work/monster/ice_snow_insect/31.msa	d:/ymir work/monster/ice_snow_insect/31.msa	1
Monster/ymir work/monster/orc_scouter/00.gr2	d:/ymir work/monster/orc_scouter/00.gr2	0
Monster/ymir work/monster/ice_snow_insect/31_1.gr2	d:/ymir work/monster/ice_snow_insect/31_1.gr2	1
Monster/ymir work/monster/ice_snow_insect/31_1.msa	d:/ymir work/monster/ice_snow_insect/31_1.msa	1
Monster/ymir work/monster/ice_snow_insect/33.gr2	d:/ymir work/monster/ice_snow_insect/33.gr2	1
Monster/ymir work/monster/milgyo_nahan1/37_1.gr2	d:/ymir work/monster/milgyo_nahan1/37_1.gr2	1
Monster/ymir work/monster/ice_snow_insect/34.msa	d:/ymir work/monster/ice_snow_insect/34.msa	1
Monster/ymir work/monster/thiefboss1/31.gr2	d:/ymir work/monster/thiefboss1/31.gr2	1
Monster/ymir work/monster/ice_snow_insect/ice_snow_insect.dds	d:/ymir work/monster/ice_snow_insect/ice_snow_insect.dds	1
Monster/ymir work/monster/misterious_diseased_sword/37.msa	d:/ymir work/monster/misterious_diseased_sword/37.msa	1
Monster/ymir work/monster/misterious_diseased_sword/03.msa	d:/ymir work/monster/misterious_diseased_sword/03.msa	1
Monster/ymir work/monster/ice_snow_man/00.msa	d:/ymir work/monster/ice_snow_man/00.msa	1
Monster/ymir work/monster/ice_snow_man/00_1.gr2	d:/ymir work/monster/ice_snow_man/00_1.gr2	1
Monster/ymir work/monster/ice_snow_witch/ice_snow_witch_lod_01.gr2	d:/ymir work/monster/ice_snow_witch/ice_snow_witch_lod_01.gr2	1
Monster/ymir work/monster/wild_boar_god/02.msa	d:/ymir work/monster/wild_boar_god/02.msa	1
Monster/ymir work/monster/misterious_diseased_kid/20.gr2	d:/ymir work/monster/misterious_diseased_kid/20.gr2	1
Monster/ymir work/monster/ice_snow_man/30.msa	d:/ymir work/monster/ice_snow_man/30.msa	1
Monster/ymir work/monster/thief1/20_2.msa	d:/ymir work/monster/thief1/20_2.msa	1
Monster/ymir work/monster/ice_snow_man/30_1.msa	d:/ymir work/monster/ice_snow_man/30_1.msa	1
Monster/ymir work/monster/ice_snow_man/31.gr2	d:/ymir work/monster/ice_snow_man/31.gr2	1
Monster/ymir work/monster/ice_snow_man/31_1.gr2	d:/ymir work/monster/ice_snow_man/31_1.gr2	1
Monster/ymir work/monster/ice_snow_whale/00_1.gr2	d:/ymir work/monster/ice_snow_whale/00_1.gr2	1
Monster/ymir work/monster/ice_snow_man/32.gr2	d:/ymir work/monster/ice_snow_man/32.gr2	1
Monster/ymir work/monster/misterious_diseased_spear/00_1.msa	d:/ymir work/monster/misterious_diseased_spear/00_1.msa	1
Monster/ymir work/monster/ice_snow_man/33.msa	d:/ymir work/monster/ice_snow_man/33.msa	1
Monster/ymir work/monster/sugu_general/sugu_general_lod_01.gr2	d:/ymir work/monster/sugu_general/sugu_general_lod_01.gr2	1
Monster/ymir work/monster/ice_snow_man/34_1.msa	d:/ymir work/monster/ice_snow_man/34_1.msa	1
Monster/ymir work/monster/orc_bigblack/31.gr2	d:/ymir work/monster/orc_bigblack/31.gr2	1
Monster/ymir work/monster/ice_snow_man/35.msa	d:/ymir work/monster/ice_snow_man/35.msa	1
Monster/ymir work/monster/misterious_diseased_boss/37.gr2	d:/ymir work/monster/misterious_diseased_boss/37.gr2	1
Monster/ymir work/monster/ice_snow_man/motlist.txt	d:/ymir work/monster/ice_snow_man/motlist.txt	1
Monster/ymir work/monster/skeleton_soldier_bow/31.msa	d:/ymir work/monster/skeleton_soldier_bow/31.msa	1
Monster/ymir work/monster/misterious_diseased_host/34.msa	d:/ymir work/monster/misterious_diseased_host/34.msa	1
Monster/ymir work/monster/skeleton_general/35.gr2	d:/ymir work/monster/skeleton_general/35.gr2	1
Monster/ymir work/monster/ice_snow_monster/31.msa	d:/ymir work/monster/ice_snow_monster/31.msa	1
Monster/ymir work/monster/ice_snow_monster/31_1.msa	d:/ymir work/monster/ice_snow_monster/31_1.msa	1
Monster/ymir work/monster/ice_snow_monster/32.gr2	d:/ymir work/monster/ice_snow_monster/32.gr2	1
Monster/ymir work/monster/ice_snow_monster/35.gr2	d:/ymir work/monster/ice_snow_monster/35.gr2	1
Monster/ymir work/monster/ice_snow_monster/36.msa	d:/ymir work/monster/ice_snow_monster/36.msa	1
Monster/ymir work/monster/ice_snow_monster/ice_snow_monster.dds	d:/ymir work/monster/ice_snow_monster/ice_snow_monster.dds	1
Monster/ymir work/monster/ice_snow_monster/ice_snow_monster.msm	d:/ymir work/monster/ice_snow_monster/ice_snow_monster.msm	1
Monster/ymir work/monster/mountain_dog_god/02.msa	d:/ymir work/monster/mountain_dog_god/02.msa	1
Monster/ymir work/monster/milgyo_founder/milgyo_founder.gr2	d:/ymir work/monster/milgyo_founder/milgyo_founder.gr2	1
Monster/ymir work/monster/milgyo_nahan2/35.gr2	d:/ymir work/monster/milgyo_nahan2/35.gr2	1
Monster/ymir work/monster/misterious_diseased_kid/30.gr2	d:/ymir work/monster/misterious_diseased_kid/30.gr2	1
Monster/ymir work/monster/ice_snow_monster/motlist.txt	d:/ymir work/monster/ice_snow_monster/motlist.txt	1
Monster/ymir work/monster/ice_snow_whale/00.msa	d:/ymir work/monster/ice_snow_whale/00.msa	1
Monster/ymir work/monster/ice_snow_whale/30.msa	d:/ymir work/monster/ice_snow_whale/30.msa	1
Monster/ymir work/monster/ice_snow_whale/31.gr2	d:/ymir work/monster/ice_snow_whale/31.gr2	1
Monster/ymir work/monster/ice_snow_whale/32.gr2	d:/ymir work/monster/ice_snow_whale/32.gr2	1
Monster/ymir work/monster/milgyo_nahan1/33.msa	d:/ymir work/monster/milgyo_nahan1/33.msa	1
Monster/ymir work/monster/ice_snow_whale/32.msa	d:/ymir work/monster/ice_snow_whale/32.msa	1
Monster/ymir work/monster/ice_snow_whale/33.gr2	d:/ymir work/monster/ice_snow_whale/33.gr2	1
Monster/ymir work/monster/ice_snow_whale/33.msa	d:/ymir work/monster/ice_snow_whale/33.msa	1
Monster/ymir work/monster/misterious_diseased_kid/32.gr2	d:/ymir work/monster/misterious_diseased_kid/32.gr2	1
Monster/ymir work/monster/skeleton_god/skeleton_god_weapon.dds	d:/ymir work/monster/skeleton_god/skeleton_god_weapon.dds	1
Monster/ymir work/monster/misterious_diseased_bow/30_1.msa	d:/ymir work/monster/misterious_diseased_bow/30_1.msa	1
Monster/ymir work/monster/misterious_diseased_dog/misterious_diseased_dog_lod_01.gr2	d:/ymir work/monster/misterious_diseased_dog/misterious_diseased_dog_lod_01.gr2	1
Monster/ymir work/monster/ice_snow_whale/34.msa	d:/ymir work/monster/ice_snow_whale/34.msa	1
Monster/ymir work/monster/ice_snow_whale/37.gr2	d:/ymir work/monster/ice_snow_whale/37.gr2	1
Monster/ymir work/monster/ice_snow_whale/37.msa	d:/ymir work/monster/ice_snow_whale/37.msa	1
Monster/ymir work/monster/milgyo_nahan_general/milgyo_nahan_general_lod_01.gr2	d:/ymir work/monster/milgyo_nahan_general/milgyo_nahan_general_lod_01.gr2	1
Monster/ymir work/monster/ice_snow_whale/ice_snow_whale.dds	d:/ymir work/monster/ice_snow_whale/ice_snow_whale.dds	1
Monster/ymir work/monster/ice_snow_whale/ice_snow_whale.gr2	d:/ymir work/monster/ice_snow_whale/ice_snow_whale.gr2	1
Monster/ymir work/monster/milgyo_monster2/33.gr2	d:/ymir work/monster/milgyo_monster2/33.gr2	1
Monster/ymir work/monster/ice_snow_whale/ice_snow_whale.msm	d:/ymir work/monster/ice_snow_whale/ice_snow_whale.msm	1
Monster/ymir work/monster/orc_lord/orc_lord_lod_01.gr2	d:/ymir work/monster/orc_lord/orc_lord_lod_01.gr2	1
Monster/ymir work/monster/orc_magician/34.msa	d:/ymir work/monster/orc_magician/34.msa	1
Monster/ymir work/monster/ice_snow_witch/00.msa	d:/ymir work/monster/ice_snow_witch/00.msa	1
Monster/ymir work/monster/thiefboss3/34.gr2	d:/ymir work/monster/thiefboss3/34.gr2	1
Monster/ymir work/monster/thief2/34.gr2	d:/ymir work/monster/thief2/34.gr2	1
Monster/ymir work/monster/ice_snow_witch/00_1.gr2	d:/ymir work/monster/ice_snow_witch/00_1.gr2	1
Monster/ymir work/monster/milgyo_founder/30_1.gr2	d:/ymir work/monster/milgyo_founder/30_1.gr2	1
Monster/ymir work/monster/maenghwan/00.gr2	d:/ymir work/monster/maenghwan/00.gr2	0
Monster/ymir work/monster/ice_snow_witch/00_1.msa	d:/ymir work/monster/ice_snow_witch/00_1.msa	1
Monster/ymir work/monster/ice_snow_witch/03.gr2	d:/ymir work/monster/ice_snow_witch/03.gr2	1
Monster/ymir work/monster/ice_snow_witch/03.msa	d:/ymir work/monster/ice_snow_witch/03.msa	1
Monster/ymir work/monster/orc_black/orc_black.dds	d:/ymir work/monster/orc_black/orc_black.dds	1
Monster/ymir work/monster/ice_snow_witch/20.gr2	d:/ymir work/monster/ice_snow_witch/20.gr2	1
Monster/ymir work/monster/orc_lord/30.gr2	d:/ymir work/monster/orc_lord/30.gr2	1
Monster/ymir work/monster/ice_snow_witch/30.msa	d:/ymir work/monster/ice_snow_witch/30.msa	1
Monster/ymir work/monster/ice_snow_witch/30_1.msa	d:/ymir work/monster/ice_snow_witch/30_1.msa	1
Monster/ymir work/monster/orc_lord/20_1.msa	d:/ymir work/monster/orc_lord/20_1.msa	1
Monster/ymir work/monster/ice_snow_witch/31.gr2	d:/ymir work/monster/ice_snow_witch/31.gr2	1
Monster/ymir work/monster/ice_snow_witch/31.msa	d:/ymir work/monster/ice_snow_witch/31.msa	1
Monster/ymir work/monster/spite_ghost/motlist.txt	d:/ymir work/monster/spite_ghost/motlist.txt	1
Monster/ymir work/monster/ice_snow_witch/31_1.gr2	d:/ymir work/monster/ice_snow_witch/31_1.gr2	1
Monster/ymir work/monster/wild_boar_god/51.gr2	d:/ymir work/monster/wild_boar_god/51.gr2	1
Monster/ymir work/monster/ice_snow_witch/33.gr2	d:/ymir work/monster/ice_snow_witch/33.gr2	1
Monster/ymir work/monster/ice_snow_witch/33.msa	d:/ymir work/monster/ice_snow_witch/33.msa	1
Monster/ymir work/monster/skeleton_god/34_1.gr2	d:/ymir work/monster/skeleton_god/34_1.gr2	1
Monster/ymir work/monster/misterious_diseased_boss/36.gr2	d:/ymir work/monster/misterious_diseased_boss/36.gr2	1
Monster/ymir work/monster/orc_lord/20.msa	d:/ymir work/monster/orc_lord/20.msa	1
Monster/ymir work/monster/ice_snow_witch/34.gr2	d:/ymir work/monster/ice_snow_witch/34.gr2	1
Monster/ymir work/monster/ice_snow_witch/34.msa	d:/ymir work/monster/ice_snow_witch/34.msa	1
Monster/ymir work/monster/misterious_diseased_bosshost/31.msa	d:/ymir work/monster/misterious_diseased_bosshost/31.msa	1
Monster/ymir work/monster/ice_snow_witch/34_1.msa	d:/ymir work/monster/ice_snow_witch/34_1.msa	1
Monster/ymir work/monster/ice_snow_witch/35.msa	d:/ymir work/monster/ice_snow_witch/35.msa	1
Monster/ymir work/monster/ice_snow_witch/37.gr2	d:/ymir work/monster/ice_snow_witch/37.gr2	1
Monster/ymir work/monster/skeleton_wizard/30_1.msa	d:/ymir work/monster/skeleton_wizard/30_1.msa	1
Monster/ymir work/monster/ice_snow_witch/ice_snow_witch.dds	d:/ymir work/monster/ice_snow_witch/ice_snow_witch.dds	1
Monster/ymir work/monster/ice_snow_witch/ice_snow_witch.msm	d:/ymir work/monster/ice_snow_witch/ice_snow_witch.msm	1
Monster/ymir work/monster/misterious_diseased_boss/33.msa	d:/ymir work/monster/misterious_diseased_boss/33.msa	1
Monster/ymir work/monster/misterious_diseased_dog/03_1.gr2	d:/ymir work/monster/misterious_diseased_dog/03_1.gr2	1
Monster/ymir work/monster/orc_knight/30.gr2	d:/ymir work/monster/orc_knight/30.gr2	1
Monster/ymir work/monster/ice_snow_witch/motlist.txt	d:/ymir work/monster/ice_snow_witch/motlist.txt	1
Monster/ymir work/monster/immotal_ghost/00.gr2	d:/ymir work/monster/immotal_ghost/00.gr2	0
Monster/ymir work/monster/sugu_general/34.msa	d:/ymir work/monster/sugu_general/34.msa	1
Monster/ymir work/monster/stray_dog/20.msa	d:/ymir work/monster/stray_dog/20.msa	1
Monster/ymir work/monster/skeleton_soldier_bow/skeleton_soldier_bow.gr2	d:/ymir work/monster/skeleton_soldier_bow/skeleton_soldier_bow.gr2	1
Monster/ymir work/monster/immotal_ghost/03.gr2	d:/ymir work/monster/immotal_ghost/03.gr2	1
Monster/ymir work/monster/immotal_ghost/20.gr2	d:/ymir work/monster/immotal_ghost/20.gr2	1
Monster/ymir work/monster/thiefboss1/32.gr2	d:/ymir work/monster/thiefboss1/32.gr2	1
Monster/ymir work/monster/immotal_ghost/30.gr2	d:/ymir work/monster/immotal_ghost/30.gr2	1
Monster/ymir work/monster/immotal_ghost/30.msa	d:/ymir work/monster/immotal_ghost/30.msa	1
Monster/ymir work/monster/immotal_ghost/30_1.msa	d:/ymir work/monster/immotal_ghost/30_1.msa	1
Monster/ymir work/monster/immotal_ghost/31.msa	d:/ymir work/monster/immotal_ghost/31.msa	1
Monster/ymir work/monster/milgyo_nahan2/30.msa	d:/ymir work/monster/milgyo_nahan2/30.msa	1
Monster/ymir work/monster/immotal_ghost/32.gr2	d:/ymir work/monster/immotal_ghost/32.gr2	1
Monster/ymir work/monster/misterious_diseased_sword/37.gr2	d:/ymir work/monster/misterious_diseased_sword/37.gr2	1
Monster/ymir work/monster/orc_general/32.gr2	d:/ymir work/monster/orc_general/32.gr2	1
Monster/ymir work/monster/immotal_ghost/32.msa	d:/ymir work/monster/immotal_ghost/32.msa	1
Monster/ymir work/monster/immotal_ghost/33.gr2	d:/ymir work/monster/immotal_ghost/33.gr2	1
Monster/ymir work/monster/orc_soldier/31_1.gr2	d:/ymir work/monster/orc_soldier/31_1.gr2	1
Monster/ymir work/monster/immotal_ghost/34_1.msa	d:/ymir work/monster/immotal_ghost/34_1.msa	1
Monster/ymir work/monster/orc_magician/37.msa	d:/ymir work/monster/orc_magician/37.msa	1
Monster/ymir work/monster/milgyo_nahan2/20.msa	d:/ymir work/monster/milgyo_nahan2/20.msa	1
Monster/ymir work/monster/thiefboss3/30.gr2	d:/ymir work/monster/thiefboss3/30.gr2	1
Monster/ymir work/monster/immotal_ghost/35.msa	d:/ymir work/monster/immotal_ghost/35.msa	1
Monster/ymir work/monster/immotal_ghost/36.msa	d:/ymir work/monster/immotal_ghost/36.msa	1
Monster/ymir work/monster/milgyo_nahan1/20_1.gr2	d:/ymir work/monster/milgyo_nahan1/20_1.gr2	1
Monster/ymir work/monster/orc_bigblack/20.gr2	d:/ymir work/monster/orc_bigblack/20.gr2	1
Monster/ymir work/monster/recycle_monster/32.gr2	d:/ymir work/monster/recycle_monster/32.gr2	1
Monster/ymir work/monster/immotal_ghost/37.gr2	d:/ymir work/monster/immotal_ghost/37.gr2	1
Monster/ymir work/monster/wild_boar_god/wild_boar_god.msm	d:/ymir work/monster/wild_boar_god/wild_boar_god.msm	1
Monster/ymir work/monster/immotal_ghost/immotal_ghost.dds	d:/ymir work/monster/immotal_ghost/immotal_ghost.dds	1
Monster/ymir work/monster/milgyo_executor/32.gr2	d:/ymir work/monster/milgyo_executor/32.gr2	1
Monster/ymir work/monster/immotal_ghost/immotal_ghost.gr2	d:/ymir work/monster/immotal_ghost/immotal_ghost.gr2	1
Monster/ymir work/monster/skeleton_god/25.gr2	d:/ymir work/monster/skeleton_god/25.gr2	1
Monster/ymir work/monster/immotal_ghost/immotal_ghost_lod_01.gr2	d:/ymir work/monster/immotal_ghost/immotal_ghost_lod_01.gr2	1
Monster/ymir work/monster/immotal_ghost/motlist.txt	d:/ymir work/monster/immotal_ghost/motlist.txt	1
Monster/ymir work/monster/maenghwan/00.msa	d:/ymir work/monster/maenghwan/00.msa	1
Monster/ymir work/monster/orc_general/31.msa	d:/ymir work/monster/orc_general/31.msa	1
Monster/ymir work/monster/metinstone/metinstone_05.msm	d:/ymir work/monster/metinstone/metinstone_05.msm	1
Monster/ymir work/monster/maenghwan/00_1.gr2	d:/ymir work/monster/maenghwan/00_1.gr2	1
Monster/ymir work/monster/maenghwan/00_1.msa	d:/ymir work/monster/maenghwan/00_1.msa	1
Monster/ymir work/monster/maenghwan/00_2.gr2	d:/ymir work/monster/maenghwan/00_2.gr2	1
Monster/ymir work/monster/maenghwan/00_2.msa	d:/ymir work/monster/maenghwan/00_2.msa	1
Monster/ymir work/monster/maenghwan/02.gr2	d:/ymir work/monster/maenghwan/02.gr2	1
Monster/ymir work/monster/maenghwan/02.msa	d:/ymir work/monster/maenghwan/02.msa	1
Monster/ymir work/monster/maenghwan/03.msa	d:/ymir work/monster/maenghwan/03.msa	1
Monster/ymir work/monster/maenghwan/20.gr2	d:/ymir work/monster/maenghwan/20.gr2	1
Monster/ymir work/monster/maenghwan/20_1.gr2	d:/ymir work/monster/maenghwan/20_1.gr2	1
Monster/ymir work/monster/orc_bigblack/20_1.gr2	d:/ymir work/monster/orc_bigblack/20_1.gr2	1
Monster/ymir work/monster/maenghwan/20_1.msa	d:/ymir work/monster/maenghwan/20_1.msa	1
Monster/ymir work/monster/misterious_diseased_bosshost/00.gr2	d:/ymir work/monster/misterious_diseased_bosshost/00.gr2	0
Monster/ymir work/monster/outlaw/34.gr2	d:/ymir work/monster/outlaw/34.gr2	1
Monster/ymir work/monster/maenghwan/20_2.msa	d:/ymir work/monster/maenghwan/20_2.msa	1
Monster/ymir work/monster/maenghwan/30_1.gr2	d:/ymir work/monster/maenghwan/30_1.gr2	1
Monster/ymir work/monster/maenghwan/31.gr2	d:/ymir work/monster/maenghwan/31.gr2	1
Monster/ymir work/monster/misterious_diseased_spear/32.msa	d:/ymir work/monster/misterious_diseased_spear/32.msa	1
Monster/ymir work/monster/maenghwan/31.msa	d:/ymir work/monster/maenghwan/31.msa	1
Monster/ymir work/monster/skeleton_soldier_bow/35.msa	d:/ymir work/monster/skeleton_soldier_bow/35.msa	1
Monster/ymir work/monster/maenghwan/32.gr2	d:/ymir work/monster/maenghwan/32.gr2	1
Monster/ymir work/monster/metinstone/metinstone_drop.gr2	d:/ymir work/monster/metinstone/metinstone_drop.gr2	1
Monster/ymir work/monster/metinstonebig/metinstonebig_attack.gr2	d:/ymir work/monster/metinstonebig/metinstonebig_attack.gr2	0
Monster/ymir work/monster/orc_general/03.gr2	d:/ymir work/monster/orc_general/03.gr2	1
Monster/ymir work/monster/tiger/02.gr2	d:/ymir work/monster/tiger/02.gr2	1
Monster/ymir work/monster/maenghwan/32.msa	d:/ymir work/monster/maenghwan/32.msa	1
Monster/ymir work/monster/metinstone/metinstone_blow.gr2	d:/ymir work/monster/metinstone/metinstone_blow.gr2	1
Monster/ymir work/monster/maenghwan/33.msa	d:/ymir work/monster/maenghwan/33.msa	1
Monster/ymir work/monster/mountain_dog_god/20.msa	d:/ymir work/monster/mountain_dog_god/20.msa	1
Monster/ymir work/monster/skeleton_soldier_bow/34.gr2	d:/ymir work/monster/skeleton_soldier_bow/34.gr2	1
Monster/ymir work/monster/maenghwan/34_1.gr2	d:/ymir work/monster/maenghwan/34_1.gr2	1
Monster/ymir work/monster/milgyo_nahan_general/35.gr2	d:/ymir work/monster/milgyo_nahan_general/35.gr2	1
Monster/ymir work/monster/skeleton_wizard/31.msa	d:/ymir work/monster/skeleton_wizard/31.msa	1
Monster/ymir work/monster/maenghwan/34_1.msa	d:/ymir work/monster/maenghwan/34_1.msa	1
Monster/ymir work/monster/milgyo_founder/30.gr2	d:/ymir work/monster/milgyo_founder/30.gr2	1
Monster/ymir work/monster/maenghwan/35.msa	d:/ymir work/monster/maenghwan/35.msa	1
Monster/ymir work/monster/mountain_dog_god/mountain_dog_god.msm	d:/ymir work/monster/mountain_dog_god/mountain_dog_god.msm	1
Monster/ymir work/monster/maenghwan/37.msa	d:/ymir work/monster/maenghwan/37.msa	1
Monster/ymir work/monster/misterious_diseased_infector/37.gr2	d:/ymir work/monster/misterious_diseased_infector/37.gr2	1
Monster/ymir work/monster/misterious_diseased_dog/37.gr2	d:/ymir work/monster/misterious_diseased_dog/37.gr2	1
Monster/ymir work/monster/maenghwan/51.gr2	d:/ymir work/monster/maenghwan/51.gr2	1
Monster/ymir work/monster/maenghwan/52.gr2	d:/ymir work/monster/maenghwan/52.gr2	1
Monster/ymir work/monster/maenghwan/52.msa	d:/ymir work/monster/maenghwan/52.msa	1
Monster/ymir work/monster/stray_dog/30.msa	d:/ymir work/monster/stray_dog/30.msa	1
Monster/ymir work/monster/maenghwan/maenghwan.gr2	d:/ymir work/monster/maenghwan/maenghwan.gr2	1
Monster/ymir work/monster/maenghwan/maenghwan_weapon.dds	d:/ymir work/monster/maenghwan/maenghwan_weapon.dds	1
Monster/ymir work/monster/stray_dog/00.gr2	d:/ymir work/monster/stray_dog/00.gr2	0
Monster/ymir work/monster/maenghwan/motlist.txt	d:/ymir work/monster/maenghwan/motlist.txt	1
Monster/ymir work/monster/wild_boar/35.gr2	d:/ymir work/monster/wild_boar/35.gr2	1
Monster/ymir work/monster/metinstone/metinstone_01.dds	d:/ymir work/monster/metinstone/metinstone_01.dds	0
Monster/ymir work/monster/ice_snow_man/20_1.msa	d:/ymir work/monster/ice_snow_man/20_1.msa	1
Monster/ymir work/monster/skeleton_god/34.msa	d:/ymir work/monster/skeleton_god/34.msa	1
Monster/ymir work/monster/metinstone/metinstone_01.gr2	d:/ymir work/monster/metinstone/metinstone_01.gr2	0
Monster/ymir work/monster/metinstone/metinstone_01.msm	d:/ymir work/monster/metinstone/metinstone_01.msm	1
Monster/ymir work/monster/metinstone/metinstone_02.msm	d:/ymir work/monster/metinstone/metinstone_02.msm	1
Monster/ymir work/monster/recycle_monster/00_1.msa	d:/ymir work/monster/recycle_monster/00_1.msa	1
Monster/ymir work/monster/misterious_diseased_kid/00.gr2	d:/ymir work/monster/misterious_diseased_kid/00.gr2	0
Monster/ymir work/monster/yellow_tigerman/03.gr2	d:/ymir work/monster/yellow_tigerman/03.gr2	1
Monster/ymir work/monster/metinstone/metinstone_03.dds	d:/ymir work/monster/metinstone/metinstone_03.dds	1
Monster/ymir work/monster/metinstone/metinstone_03.msm	d:/ymir work/monster/metinstone/metinstone_03.msm	1
Monster/ymir work/monster/milgyo_founder/24.msa	d:/ymir work/monster/milgyo_founder/24.msa	1
Monster/ymir work/monster/metinstone/metinstone_04.msm	d:/ymir work/monster/metinstone/metinstone_04.msm	1
Monster/ymir work/monster/misterious_diseased_bow/35.gr2	d:/ymir work/monster/misterious_diseased_bow/35.gr2	1
Monster/ymir work/monster/sugu_general/34_1.gr2	d:/ymir work/monster/sugu_general/34_1.gr2	1
Monster/ymir work/monster/misterious_diseased_bosshost/misterious_diseased_bosshost_lod_01.gr2	d:/ymir work/monster/misterious_diseased_bosshost/misterious_diseased_bosshost_lod_01.gr2	1
Monster/ymir work/monster/metinstone/metinstone_05.dds	d:/ymir work/monster/metinstone/metinstone_05.dds	1
Monster/ymir work/monster/skeleton_king/03.gr2	d:/ymir work/monster/skeleton_king/03.gr2	1
Monster/ymir work/monster/metinstone/metinstone_07.dds	d:/ymir work/monster/metinstone/metinstone_07.dds	1
Monster/ymir work/monster/skeleton_wizard/35.msa	d:/ymir work/monster/skeleton_wizard/35.msa	1
Monster/ymir work/monster/orc_scouter/orc_scouter.msm	d:/ymir work/monster/orc_scouter/orc_scouter.msm	1
Monster/ymir work/monster/metinstone/metinstone_07.msm	d:/ymir work/monster/metinstone/metinstone_07.msm	1
Monster/ymir work/monster/metinstone/metinstone_08.dds	d:/ymir work/monster/metinstone/metinstone_08.dds	1
Monster/ymir work/monster/misterious_diseased_dog/00_1.msa	d:/ymir work/monster/misterious_diseased_dog/00_1.msa	1
Monster/ymir work/monster/metinstone/metinstone_09.dds	d:/ymir work/monster/metinstone/metinstone_09.dds	1
Monster/ymir work/monster/metinstone/metinstone_09.msm	d:/ymir work/monster/metinstone/metinstone_09.msm	1
Monster/ymir work/monster/skeleton_god/00.gr2	d:/ymir work/monster/skeleton_god/00.gr2	0
Monster/ymir work/monster/metinstone/metinstone_attack.gr2	d:/ymir work/monster/metinstone/metinstone_attack.gr2	1
Monster/ymir work/monster/metinstone/metinstone_blow.msa	d:/ymir work/monster/metinstone/metinstone_blow.msa	1
Monster/ymir work/monster/metinstone/metinstone_drop.msa	d:/ymir work/monster/metinstone/metinstone_drop.msa	1
Monster/ymir work/monster/orc_general/35.msa	d:/ymir work/monster/orc_general/35.msa	1
Monster/ymir work/monster/metinstone/metinstone_loop.msa	d:/ymir work/monster/metinstone/metinstone_loop.msa	1
Monster/ymir work/monster/skeleton_god/31.gr2	d:/ymir work/monster/skeleton_god/31.gr2	1
Monster/ymir work/monster/metinstone/motlist.txt	d:/ymir work/monster/metinstone/motlist.txt	1
Monster/ymir work/monster/misterious_diseased_spear/33.msa	d:/ymir work/monster/misterious_diseased_spear/33.msa	1
Monster/ymir work/monster/wolf/motlist.txt	d:/ymir work/monster/wolf/motlist.txt	1
Monster/ymir work/monster/metinstonebig/metinstonebiga.gr2	d:/ymir work/monster/metinstonebig/metinstonebiga.gr2	0
Monster/ymir work/monster/metinstonebig/metinstonebig_blow.gr2	d:/ymir work/monster/metinstonebig/metinstonebig_blow.gr2	0
Monster/ymir work/monster/metinstonebig/metinstonebig_blow.msa	d:/ymir work/monster/metinstonebig/metinstonebig_blow.msa	1
Monster/ymir work/monster/orc_magician/32.msa	d:/ymir work/monster/orc_magician/32.msa	1
Monster/ymir work/monster/thief2/20_1.gr2	d:/ymir work/monster/thief2/20_1.gr2	1
Monster/ymir work/monster/metinstonebig/metinstonebig_drop.msa	d:/ymir work/monster/metinstonebig/metinstonebig_drop.msa	1
Monster/ymir work/monster/orc_scouter/20_1.gr2	d:/ymir work/monster/orc_scouter/20_1.gr2	1
Monster/ymir work/monster/metinstonebig/metinstonebig_loop.gr2	d:/ymir work/monster/metinstonebig/metinstonebig_loop.gr2	1
Monster/ymir work/monster/metinstonebig/metinstone_loop.msa	d:/ymir work/monster/metinstonebig/metinstone_loop.msa	1
Monster/ymir work/monster/milgyo_executor/00.gr2	d:/ymir work/monster/milgyo_executor/00.gr2	0
Monster/ymir work/monster/misterious_diseased_host/31.gr2	d:/ymir work/monster/misterious_diseased_host/31.gr2	1
Monster/ymir work/monster/wild_boar/37.msa	d:/ymir work/monster/wild_boar/37.msa	1
Monster/ymir work/monster/milgyo_executor/00.msa	d:/ymir work/monster/milgyo_executor/00.msa	1
Monster/ymir work/monster/yellow_tigerman/yellow_tigerman.gr2	d:/ymir work/monster/yellow_tigerman/yellow_tigerman.gr2	1
Monster/ymir work/monster/milgyo_executor/03.gr2	d:/ymir work/monster/milgyo_executor/03.gr2	1
Monster/ymir work/monster/milgyo_executor/03.msa	d:/ymir work/monster/milgyo_executor/03.msa	1
Monster/ymir work/monster/milgyo_executor/20.gr2	d:/ymir work/monster/milgyo_executor/20.gr2	1
Monster/ymir work/monster/milgyo_executor/20.msa	d:/ymir work/monster/milgyo_executor/20.msa	1
Monster/ymir work/monster/milgyo_executor/30.gr2	d:/ymir work/monster/milgyo_executor/30.gr2	1
Monster/ymir work/monster/milgyo_executor/30.msa	d:/ymir work/monster/milgyo_executor/30.msa	1
Monster/ymir work/monster/milgyo_executor/30_1.gr2	d:/ymir work/monster/milgyo_executor/30_1.gr2	1
Monster/ymir work/monster/milgyo_executor/31.gr2	d:/ymir work/monster/milgyo_executor/31.gr2	1
Monster/ymir work/monster/milgyo_executor/32.msa	d:/ymir work/monster/milgyo_executor/32.msa	1
Monster/ymir work/monster/milgyo_executor/33.msa	d:/ymir work/monster/milgyo_executor/33.msa	1
Monster/ymir work/monster/milgyo_executor/34.gr2	d:/ymir work/monster/milgyo_executor/34.gr2	1
Monster/ymir work/monster/milgyo_executor/34_1.gr2	d:/ymir work/monster/milgyo_executor/34_1.gr2	1
Monster/ymir work/monster/orc_general/33.msa	d:/ymir work/monster/orc_general/33.msa	1
Monster/ymir work/monster/milgyo_executor/34_1.msa	d:/ymir work/monster/milgyo_executor/34_1.msa	1
Monster/ymir work/monster/milgyo_executor/35.gr2	d:/ymir work/monster/milgyo_executor/35.gr2	1
Monster/ymir work/monster/milgyo_executor/35.msa	d:/ymir work/monster/milgyo_executor/35.msa	1
Monster/ymir work/monster/milgyo_executor/36.gr2	d:/ymir work/monster/milgyo_executor/36.gr2	1
Monster/ymir work/monster/milgyo_executor/36.msa	d:/ymir work/monster/milgyo_executor/36.msa	1
Monster/ymir work/monster/milgyo_executor/37.gr2	d:/ymir work/monster/milgyo_executor/37.gr2	1
Monster/ymir work/monster/wild_boar_god/20_1.msa	d:/ymir work/monster/wild_boar_god/20_1.msa	1
Monster/ymir work/monster/milgyo_executor/milgyo_executor.gr2	d:/ymir work/monster/milgyo_executor/milgyo_executor.gr2	1
Monster/ymir work/monster/misterious_diseased_dog/02_1.msa	d:/ymir work/monster/misterious_diseased_dog/02_1.msa	1
Monster/ymir work/monster/skeleton_wizard/34.msa	d:/ymir work/monster/skeleton_wizard/34.msa	1
Monster/ymir work/monster/milgyo_executor/milgyo_executor.msm	d:/ymir work/monster/milgyo_executor/milgyo_executor.msm	1
Monster/ymir work/monster/milgyo_executor/milgyo_executor_lod_01.gr2	d:/ymir work/monster/milgyo_executor/milgyo_executor_lod_01.gr2	1
Monster/ymir work/monster/milgyo_nahan_general/34.gr2	d:/ymir work/monster/milgyo_nahan_general/34.gr2	1
Monster/ymir work/monster/misterious_diseased_bow/37.gr2	d:/ymir work/monster/misterious_diseased_bow/37.gr2	1
Monster/ymir work/monster/milgyo_founder/00.gr2	d:/ymir work/monster/milgyo_founder/00.gr2	0
Monster/ymir work/monster/sugu_general/32.msa	d:/ymir work/monster/sugu_general/32.msa	1
Monster/ymir work/monster/milgyo_nahan1/03.msa	d:/ymir work/monster/milgyo_nahan1/03.msa	1
Monster/ymir work/monster/milgyo_founder/03.msa	d:/ymir work/monster/milgyo_founder/03.msa	1
Monster/ymir work/monster/milgyo_founder/20.gr2	d:/ymir work/monster/milgyo_founder/20.gr2	1
Monster/ymir work/monster/milgyo_founder/20.msa	d:/ymir work/monster/milgyo_founder/20.msa	1
Monster/ymir work/monster/milgyo_religionist/32.gr2	d:/ymir work/monster/milgyo_religionist/32.gr2	1
Monster/ymir work/monster/orc_black/30.msa	d:/ymir work/monster/orc_black/30.msa	1
Monster/ymir work/monster/milgyo_founder/30.msa	d:/ymir work/monster/milgyo_founder/30.msa	1
Monster/ymir work/monster/milgyo_founder/30_1.msa	d:/ymir work/monster/milgyo_founder/30_1.msa	1
Monster/ymir work/monster/milgyo_founder/31.gr2	d:/ymir work/monster/milgyo_founder/31.gr2	1
Monster/ymir work/monster/misterious_diseased_kid/31.gr2	d:/ymir work/monster/misterious_diseased_kid/31.gr2	1
Monster/ymir work/monster/milgyo_founder/32.msa	d:/ymir work/monster/milgyo_founder/32.msa	1
Monster/ymir work/monster/milgyo_founder/33.gr2	d:/ymir work/monster/milgyo_founder/33.gr2	1
Monster/ymir work/monster/thiefboss3/37_1.msa	d:/ymir work/monster/thiefboss3/37_1.msa	1
Monster/ymir work/monster/skeleton_soldier_bow/20.gr2	d:/ymir work/monster/skeleton_soldier_bow/20.gr2	1
Monster/ymir work/monster/milgyo_founder/33.msa	d:/ymir work/monster/milgyo_founder/33.msa	1
Monster/ymir work/monster/milgyo_nahan_general/20.gr2	d:/ymir work/monster/milgyo_nahan_general/20.gr2	1
Monster/ymir work/monster/orc_general/orc_general.msm	d:/ymir work/monster/orc_general/orc_general.msm	1
Monster/ymir work/monster/ice_snow_insect/20.msa	d:/ymir work/monster/ice_snow_insect/20.msa	1
Monster/ymir work/monster/milgyo_founder/34.gr2	d:/ymir work/monster/milgyo_founder/34.gr2	1
Monster/ymir work/monster/milgyo_founder/34_1.gr2	d:/ymir work/monster/milgyo_founder/34_1.gr2	1
Monster/ymir work/monster/outlaw/outlaw.msm	d:/ymir work/monster/outlaw/outlaw.msm	1
Monster/ymir work/monster/milgyo_founder/34_1.msa	d:/ymir work/monster/milgyo_founder/34_1.msa	1
Monster/ymir work/monster/orc_magician/20_1.gr2	d:/ymir work/monster/orc_magician/20_1.gr2	1
Monster/ymir work/monster/misterious_diseased_dog/20_1.gr2	d:/ymir work/monster/misterious_diseased_dog/20_1.gr2	1
Monster/ymir work/monster/milgyo_founder/35.gr2	d:/ymir work/monster/milgyo_founder/35.gr2	1
Monster/ymir work/monster/milgyo_nahan2/36.gr2	d:/ymir work/monster/milgyo_nahan2/36.gr2	1
Monster/ymir work/monster/skeleton_soldier_bow/33.gr2	d:/ymir work/monster/skeleton_soldier_bow/33.gr2	1
Monster/ymir work/monster/milgyo_founder/35.msa	d:/ymir work/monster/milgyo_founder/35.msa	1
Monster/ymir work/monster/misterious_diseased_dog/misterious_diseased_dog.dds	d:/ymir work/monster/misterious_diseased_dog/misterious_diseased_dog.dds	1
Monster/ymir work/monster/milgyo_founder/36.gr2	d:/ymir work/monster/milgyo_founder/36.gr2	1
Monster/ymir work/monster/milgyo_founder/36.msa	d:/ymir work/monster/milgyo_founder/36.msa	1
Monster/ymir work/monster/misterious_diseased_sword/33.msa	d:/ymir work/monster/misterious_diseased_sword/33.msa	1
Monster/ymir work/monster/milgyo_founder/milgyo_founder.msm	d:/ymir work/monster/milgyo_founder/milgyo_founder.msm	1
Monster/ymir work/monster/milgyo_founder/milgyo_founder_lod_01.gr2	d:/ymir work/monster/milgyo_founder/milgyo_founder_lod_01.gr2	1
Monster/ymir work/monster/milgyo_founder/motlist.txt	d:/ymir work/monster/milgyo_founder/motlist.txt	1
Monster/ymir work/monster/milgyo_monster1/00.gr2	d:/ymir work/monster/milgyo_monster1/00.gr2	0
Monster/ymir work/monster/milgyo_monster1/00_1.gr2	d:/ymir work/monster/milgyo_monster1/00_1.gr2	1
Monster/ymir work/monster/milgyo_monster1/00_2.gr2	d:/ymir work/monster/milgyo_monster1/00_2.gr2	1
Monster/ymir work/monster/milgyo_monster1/20.gr2	d:/ymir work/monster/milgyo_monster1/20.gr2	1
Monster/ymir work/monster/orc_general/00.gr2	d:/ymir work/monster/orc_general/00.gr2	0
Monster/ymir work/monster/stray_dog/20_1.gr2	d:/ymir work/monster/stray_dog/20_1.gr2	1
Monster/ymir work/monster/milgyo_nahan1/31.gr2	d:/ymir work/monster/milgyo_nahan1/31.gr2	1
Monster/ymir work/monster/misterious_diseased_bow/03.msa	d:/ymir work/monster/misterious_diseased_bow/03.msa	1
Monster/ymir work/monster/milgyo_monster1/03.gr2	d:/ymir work/monster/milgyo_monster1/03.gr2	1
Monster/ymir work/monster/wild_boar_god/20.msa	d:/ymir work/monster/wild_boar_god/20.msa	1
Monster/ymir work/monster/milgyo_monster1/20.msa	d:/ymir work/monster/milgyo_monster1/20.msa	1
Monster/ymir work/monster/milgyo_monster1/30.gr2	d:/ymir work/monster/milgyo_monster1/30.gr2	1
Monster/ymir work/monster/milgyo_monster1/30.msa	d:/ymir work/monster/milgyo_monster1/30.msa	1
Monster/ymir work/monster/mountain_dog_god/mountain_dog_god.gr2	d:/ymir work/monster/mountain_dog_god/mountain_dog_god.gr2	1
Monster/ymir work/monster/milgyo_monster1/30_1.gr2	d:/ymir work/monster/milgyo_monster1/30_1.gr2	1
Monster/ymir work/monster/milgyo_monster1/31.gr2	d:/ymir work/monster/milgyo_monster1/31.gr2	1
Monster/ymir work/monster/milgyo_monster1/31.msa	d:/ymir work/monster/milgyo_monster1/31.msa	1
Monster/ymir work/monster/milgyo_nahan_general/00.msa	d:/ymir work/monster/milgyo_nahan_general/00.msa	1
Monster/ymir work/monster/milgyo_monster1/31_1.gr2	d:/ymir work/monster/milgyo_monster1/31_1.gr2	1
Monster/ymir work/monster/milgyo_monster1/34.msa	d:/ymir work/monster/milgyo_monster1/34.msa	1
Monster/ymir work/monster/recycle_monster/20_1.gr2	d:/ymir work/monster/recycle_monster/20_1.gr2	1
Monster/ymir work/monster/milgyo_monster1/34_1.gr2	d:/ymir work/monster/milgyo_monster1/34_1.gr2	1
Monster/ymir work/monster/orc_general/32.msa	d:/ymir work/monster/orc_general/32.msa	1
Monster/ymir work/monster/milgyo_monster1/35.gr2	d:/ymir work/monster/milgyo_monster1/35.gr2	1
Monster/ymir work/monster/milgyo_monster1/36.gr2	d:/ymir work/monster/milgyo_monster1/36.gr2	1
Monster/ymir work/monster/milgyo_monster1/36.msa	d:/ymir work/monster/milgyo_monster1/36.msa	1
Monster/ymir work/monster/misterious_diseased_kid/00_1.gr2	d:/ymir work/monster/misterious_diseased_kid/00_1.gr2	1
Monster/ymir work/monster/milgyo_monster1/37.msa	d:/ymir work/monster/milgyo_monster1/37.msa	1
Monster/ymir work/monster/milgyo_monster1/milgyo_monster1_lod_01.gr2	d:/ymir work/monster/milgyo_monster1/milgyo_monster1_lod_01.gr2	1
Monster/ymir work/monster/misterious_diseased_infector/37.msa	d:/ymir work/monster/misterious_diseased_infector/37.msa	1
Monster/ymir work/monster/misterious_diseased_infector/misterious_diseased_infector_lod_01.gr2	d:/ymir work/monster/misterious_diseased_infector/misterious_diseased_infector_lod_01.gr2	1
Monster/ymir work/monster/recycle_monster/37.gr2	d:/ymir work/monster/recycle_monster/37.gr2	1
Monster/ymir work/monster/milgyo_monster2/00.gr2	d:/ymir work/monster/milgyo_monster2/00.gr2	0
Monster/ymir work/monster/milgyo_religionist/36.msa	d:/ymir work/monster/milgyo_religionist/36.msa	1
Monster/ymir work/monster/milgyo_monster2/00_1.msa	d:/ymir work/monster/milgyo_monster2/00_1.msa	1
Monster/ymir work/monster/milgyo_monster2/00_2.gr2	d:/ymir work/monster/milgyo_monster2/00_2.gr2	1
Monster/ymir work/monster/orc_bigblack/33.msa	d:/ymir work/monster/orc_bigblack/33.msa	1
Monster/ymir work/monster/skeleton_wizard/30.gr2	d:/ymir work/monster/skeleton_wizard/30.gr2	1
Monster/ymir work/monster/milgyo_monster2/03.msa	d:/ymir work/monster/milgyo_monster2/03.msa	1
Monster/ymir work/monster/milgyo_monster2/20.msa	d:/ymir work/monster/milgyo_monster2/20.msa	1
Monster/ymir work/monster/milgyo_monster2/20_1.msa	d:/ymir work/monster/milgyo_monster2/20_1.msa	1
Monster/ymir work/monster/milgyo_monster2/30.msa	d:/ymir work/monster/milgyo_monster2/30.msa	1
Monster/ymir work/monster/milgyo_monster2/30_1.gr2	d:/ymir work/monster/milgyo_monster2/30_1.gr2	1
Monster/ymir work/monster/greenfrog_soldier/20_1.msa	d:/ymir work/monster/greenfrog_soldier/20_1.msa	1
Monster/ymir work/monster/milgyo_monster2/30_1.msa	d:/ymir work/monster/milgyo_monster2/30_1.msa	1
Monster/ymir work/monster/milgyo_monster2/31.gr2	d:/ymir work/monster/milgyo_monster2/31.gr2	1
Monster/ymir work/monster/skeleton_magician/33.gr2	d:/ymir work/monster/skeleton_magician/33.gr2	1
Monster/ymir work/monster/orc_lord/orc_lord.msm	d:/ymir work/monster/orc_lord/orc_lord.msm	1
Monster/ymir work/monster/milgyo_monster2/31.msa	d:/ymir work/monster/milgyo_monster2/31.msa	1
Monster/ymir work/monster/milgyo_monster2/31_1.gr2	d:/ymir work/monster/milgyo_monster2/31_1.gr2	1
Monster/ymir work/monster/milgyo_monster2/32.gr2	d:/ymir work/monster/milgyo_monster2/32.gr2	1
Monster/ymir work/monster/milgyo_monster2/32.msa	d:/ymir work/monster/milgyo_monster2/32.msa	1
Monster/ymir work/monster/misterious_diseased_infector/00_1.msa	d:/ymir work/monster/misterious_diseased_infector/00_1.msa	1
Monster/ymir work/monster/milgyo_monster2/33.msa	d:/ymir work/monster/milgyo_monster2/33.msa	1
Monster/ymir work/monster/milgyo_monster2/34.gr2	d:/ymir work/monster/milgyo_monster2/34.gr2	1
Monster/ymir work/monster/milgyo_monster2/34_1.gr2	d:/ymir work/monster/milgyo_monster2/34_1.gr2	1
Monster/ymir work/monster/skeleton_king/00.msa	d:/ymir work/monster/skeleton_king/00.msa	1
Monster/ymir work/monster/misterious_diseased_infector/30.gr2	d:/ymir work/monster/misterious_diseased_infector/30.gr2	1
Monster/ymir work/monster/milgyo_monster2/34_1.msa	d:/ymir work/monster/milgyo_monster2/34_1.msa	1
Monster/ymir work/monster/milgyo_nahan1/30_1.gr2	d:/ymir work/monster/milgyo_nahan1/30_1.gr2	1
Monster/ymir work/monster/milgyo_monster2/35.gr2	d:/ymir work/monster/milgyo_monster2/35.gr2	1
Monster/ymir work/monster/milgyo_monster2/36.gr2	d:/ymir work/monster/milgyo_monster2/36.gr2	1
Monster/ymir work/monster/milgyo_monster2/36.msa	d:/ymir work/monster/milgyo_monster2/36.msa	1
Monster/ymir work/monster/milgyo_monster2/37.msa	d:/ymir work/monster/milgyo_monster2/37.msa	1
Monster/ymir work/monster/milgyo_monster2/37_1.gr2	d:/ymir work/monster/milgyo_monster2/37_1.gr2	1
Monster/ymir work/monster/milgyo_monster2/37_1.msa	d:/ymir work/monster/milgyo_monster2/37_1.msa	1
Monster/ymir work/monster/milgyo_monster2/milgyo_monster2.dds	d:/ymir work/monster/milgyo_monster2/milgyo_monster2.dds	1
Monster/ymir work/monster/sugu_general/36.msa	d:/ymir work/monster/sugu_general/36.msa	1
Monster/ymir work/monster/skeleton_soldier_bow/skeleton_soldier_bow_lod_01.gr2	d:/ymir work/monster/skeleton_soldier_bow/skeleton_soldier_bow_lod_01.gr2	1
Monster/ymir work/monster/milgyo_monster2/milgyo_monster2.gr2	d:/ymir work/monster/milgyo_monster2/milgyo_monster2.gr2	1
Monster/ymir work/monster/mountain_dog_god/33.gr2	d:/ymir work/monster/mountain_dog_god/33.gr2	1
Monster/ymir work/monster/milgyo_monster2/milgyo_monster2.msm	d:/ymir work/monster/milgyo_monster2/milgyo_monster2.msm	1
Monster/ymir work/monster/milgyo_monster2/milgyo_monster2_lod_01.gr2	d:/ymir work/monster/milgyo_monster2/milgyo_monster2_lod_01.gr2	1
Monster/ymir work/monster/milgyo_monster2/motlist.txt	d:/ymir work/monster/milgyo_monster2/motlist.txt	1
Monster/ymir work/monster/orc_general/33.gr2	d:/ymir work/monster/orc_general/33.gr2	1
Monster/ymir work/monster/milgyo_nahan1/00.gr2	d:/ymir work/monster/milgyo_nahan1/00.gr2	0
Monster/ymir work/monster/milgyo_nahan1/00_1.gr2	d:/ymir work/monster/milgyo_nahan1/00_1.gr2	1
Monster/ymir work/monster/skeleton_king/35.gr2	d:/ymir work/monster/skeleton_king/35.gr2	1
Monster/ymir work/monster/orc_soldier/36.msa	d:/ymir work/monster/orc_soldier/36.msa	1
Monster/ymir work/monster/milgyo_nahan1/00_1.msa	d:/ymir work/monster/milgyo_nahan1/00_1.msa	1
Monster/ymir work/monster/skeleton_soldier_scythe/00_1.msa	d:/ymir work/monster/skeleton_soldier_scythe/00_1.msa	1
Monster/ymir work/monster/milgyo_nahan1/20.gr2	d:/ymir work/monster/milgyo_nahan1/20.gr2	1
Monster/ymir work/monster/orc_black/31.msa	d:/ymir work/monster/orc_black/31.msa	1
Monster/ymir work/monster/milgyo_nahan1/20_1.msa	d:/ymir work/monster/milgyo_nahan1/20_1.msa	1
Monster/ymir work/monster/orc_bigblack/30.gr2	d:/ymir work/monster/orc_bigblack/30.gr2	1
Monster/ymir work/monster/milgyo_nahan1/30.gr2	d:/ymir work/monster/milgyo_nahan1/30.gr2	1
Monster/ymir work/monster/milgyo_nahan1/30.msa	d:/ymir work/monster/milgyo_nahan1/30.msa	1
Monster/ymir work/monster/orc_black/20.msa	d:/ymir work/monster/orc_black/20.msa	1
Monster/ymir work/monster/milgyo_nahan1/30_1.msa	d:/ymir work/monster/milgyo_nahan1/30_1.msa	1
Monster/ymir work/monster/milgyo_nahan1/31_1.gr2	d:/ymir work/monster/milgyo_nahan1/31_1.gr2	1
Monster/ymir work/monster/milgyo_nahan1/32.msa	d:/ymir work/monster/milgyo_nahan1/32.msa	1
Monster/ymir work/monster/milgyo_nahan1/33.gr2	d:/ymir work/monster/milgyo_nahan1/33.gr2	1
Monster/ymir work/monster/milgyo_nahan1/34_1.msa	d:/ymir work/monster/milgyo_nahan1/34_1.msa	1
Monster/ymir work/monster/skeleton_soldier_bow/35.gr2	d:/ymir work/monster/skeleton_soldier_bow/35.gr2	1
Monster/ymir work/monster/milgyo_nahan1/37.gr2	d:/ymir work/monster/milgyo_nahan1/37.gr2	1
Monster/ymir work/monster/milgyo_nahan1/37_1.msa	d:/ymir work/monster/milgyo_nahan1/37_1.msa	1
Monster/ymir work/monster/ice_snow_man/20.msa	d:/ymir work/monster/ice_snow_man/20.msa	1
Monster/ymir work/monster/milgyo_nahan1/milgyo_nahan1.gr2	d:/ymir work/monster/milgyo_nahan1/milgyo_nahan1.gr2	1
Monster/ymir work/monster/orc_soldier/03.gr2	d:/ymir work/monster/orc_soldier/03.gr2	1
Monster/ymir work/monster/milgyo_nahan2/00.gr2	d:/ymir work/monster/milgyo_nahan2/00.gr2	0
Monster/ymir work/monster/milgyo_nahan2/00.msa	d:/ymir work/monster/milgyo_nahan2/00.msa	1
Monster/ymir work/monster/orc_lord/20_1.gr2	d:/ymir work/monster/orc_lord/20_1.gr2	1
Monster/ymir work/monster/milgyo_nahan2/03.msa	d:/ymir work/monster/milgyo_nahan2/03.msa	1
Monster/ymir work/monster/milgyo_nahan2/20_1.gr2	d:/ymir work/monster/milgyo_nahan2/20_1.gr2	1
Monster/ymir work/monster/milgyo_nahan2/32.msa	d:/ymir work/monster/milgyo_nahan2/32.msa	1
Monster/ymir work/monster/milgyo_nahan2/33.msa	d:/ymir work/monster/milgyo_nahan2/33.msa	1
Monster/ymir work/monster/orc_lord/35.gr2	d:/ymir work/monster/orc_lord/35.gr2	1
Monster/ymir work/monster/milgyo_nahan2/36.msa	d:/ymir work/monster/milgyo_nahan2/36.msa	1
Monster/ymir work/monster/tiger/tiger_god.gr2	d:/ymir work/monster/tiger/tiger_god.gr2	1
Monster/ymir work/monster/milgyo_nahan2/37_1.gr2	d:/ymir work/monster/milgyo_nahan2/37_1.gr2	1
Monster/ymir work/monster/milgyo_nahan2/milgyo_nahan2.gr2	d:/ymir work/monster/milgyo_nahan2/milgyo_nahan2.gr2	1
Monster/ymir work/monster/skeleton_general/20_1.gr2	d:/ymir work/monster/skeleton_general/20_1.gr2	1
Monster/ymir work/monster/milgyo_nahan2/motlist.txt	d:/ymir work/monster/milgyo_nahan2/motlist.txt	1
Monster/ymir work/monster/thief2/thief2.gr2	d:/ymir work/monster/thief2/thief2.gr2	1
Monster/ymir work/monster/milgyo_nahan_general/00.gr2	d:/ymir work/monster/milgyo_nahan_general/00.gr2	0
Monster/ymir work/monster/wolf/wolf.dds	d:/ymir work/monster/wolf/wolf.dds	1
Monster/ymir work/monster/milgyo_nahan_general/03.gr2	d:/ymir work/monster/milgyo_nahan_general/03.gr2	1
Monster/ymir work/monster/misterious_diseased_sword/30.msa	d:/ymir work/monster/misterious_diseased_sword/30.msa	1
Monster/ymir work/monster/orc_scouter/30_1.gr2	d:/ymir work/monster/orc_scouter/30_1.gr2	1
Monster/ymir work/monster/milgyo_nahan_general/03.msa	d:/ymir work/monster/milgyo_nahan_general/03.msa	1
Monster/ymir work/monster/milgyo_nahan_general/20_1.gr2	d:/ymir work/monster/milgyo_nahan_general/20_1.gr2	1
Monster/ymir work/monster/thiefboss1/02.gr2	d:/ymir work/monster/thiefboss1/02.gr2	1
Monster/ymir work/monster/milgyo_nahan_general/20_1.msa	d:/ymir work/monster/milgyo_nahan_general/20_1.msa	1
Monster/ymir work/monster/wild_boar_god/00.gr2	d:/ymir work/monster/wild_boar_god/00.gr2	0
Monster/ymir work/monster/milgyo_nahan_general/30.gr2	d:/ymir work/monster/milgyo_nahan_general/30.gr2	1
Monster/ymir work/monster/milgyo_nahan_general/30_1.gr2	d:/ymir work/monster/milgyo_nahan_general/30_1.gr2	1
Monster/ymir work/monster/milgyo_nahan_general/30_1.msa	d:/ymir work/monster/milgyo_nahan_general/30_1.msa	1
Monster/ymir work/monster/wild_boar/35.msa	d:/ymir work/monster/wild_boar/35.msa	1
Monster/ymir work/monster/milgyo_nahan_general/32.gr2	d:/ymir work/monster/milgyo_nahan_general/32.gr2	1
Monster/ymir work/monster/milgyo_nahan_general/33.gr2	d:/ymir work/monster/milgyo_nahan_general/33.gr2	1
Monster/ymir work/monster/misterious_diseased_infector/motlist.txt	d:/ymir work/monster/misterious_diseased_infector/motlist.txt	1
Monster/ymir work/monster/milgyo_nahan_general/34_1.gr2	d:/ymir work/monster/milgyo_nahan_general/34_1.gr2	1
Monster/ymir work/monster/milgyo_nahan_general/34_1.msa	d:/ymir work/monster/milgyo_nahan_general/34_1.msa	1
Monster/ymir work/monster/milgyo_nahan_general/36.msa	d:/ymir work/monster/milgyo_nahan_general/36.msa	1
Monster/ymir work/monster/orc_general/34_1.msa	d:/ymir work/monster/orc_general/34_1.msa	1
Monster/ymir work/monster/milgyo_nahan_general/37.gr2	d:/ymir work/monster/milgyo_nahan_general/37.gr2	1
Monster/ymir work/monster/recycle_monster/33.msa	d:/ymir work/monster/recycle_monster/33.msa	1
Monster/ymir work/monster/orc_soldier/31.gr2	d:/ymir work/monster/orc_soldier/31.gr2	1
Monster/ymir work/monster/milgyo_nahan_general/37.msa	d:/ymir work/monster/milgyo_nahan_general/37.msa	1
Monster/ymir work/monster/milgyo_nahan_general/milgyo_nahan_general.dds	d:/ymir work/monster/milgyo_nahan_general/milgyo_nahan_general.dds	1
Monster/ymir work/monster/misterious_diseased_bow/20.msa	d:/ymir work/monster/misterious_diseased_bow/20.msa	1
Monster/ymir work/monster/thief2/02.gr2	d:/ymir work/monster/thief2/02.gr2	1
Monster/ymir work/monster/orc_knight/orc_knight.gr2	d:/ymir work/monster/orc_knight/orc_knight.gr2	1
Monster/ymir work/monster/milgyo_nahan_general/milgyo_nahan_general.gr2	d:/ymir work/monster/milgyo_nahan_general/milgyo_nahan_general.gr2	1
Monster/ymir work/monster/milgyo_nahan_general/milgyo_nahan_general.msm	d:/ymir work/monster/milgyo_nahan_general/milgyo_nahan_general.msm	1
Monster/ymir work/monster/milgyo_nahan_general/motlist.txt	d:/ymir work/monster/milgyo_nahan_general/motlist.txt	1
Monster/ymir work/monster/milgyo_religionist/00_1.gr2	d:/ymir work/monster/milgyo_religionist/00_1.gr2	1
Monster/ymir work/monster/orc_scouter/32.msa	d:/ymir work/monster/orc_scouter/32.msa	1
Monster/ymir work/monster/milgyo_religionist/00_1.msa	d:/ymir work/monster/milgyo_religionist/00_1.msa	1
Monster/ymir work/monster/milgyo_religionist/03.msa	d:/ymir work/monster/milgyo_religionist/03.msa	1
Monster/ymir work/monster/misterious_diseased_kid/00.msa	d:/ymir work/monster/misterious_diseased_kid/00.msa	1
Monster/ymir work/monster/milgyo_religionist/20.msa	d:/ymir work/monster/milgyo_religionist/20.msa	1
Monster/ymir work/monster/misterious_diseased_infector/33.msa	d:/ymir work/monster/misterious_diseased_infector/33.msa	1
Monster/ymir work/monster/milgyo_religionist/30.gr2	d:/ymir work/monster/milgyo_religionist/30.gr2	1
Monster/ymir work/monster/spite_ghost/33.msa	d:/ymir work/monster/spite_ghost/33.msa	1
Monster/ymir work/monster/milgyo_religionist/31.gr2	d:/ymir work/monster/milgyo_religionist/31.gr2	1
Monster/ymir work/monster/misterious_diseased_host/30_1.gr2	d:/ymir work/monster/misterious_diseased_host/30_1.gr2	1
Monster/ymir work/monster/milgyo_religionist/31.msa	d:/ymir work/monster/milgyo_religionist/31.msa	1
Monster/ymir work/monster/skeleton_wizard/03.msa	d:/ymir work/monster/skeleton_wizard/03.msa	1
Monster/ymir work/monster/milgyo_religionist/31_1.gr2	d:/ymir work/monster/milgyo_religionist/31_1.gr2	1
Monster/ymir work/monster/orc_bigblack/03.gr2	d:/ymir work/monster/orc_bigblack/03.gr2	1
Monster/ymir work/monster/skeleton_soldier_bow/00.gr2	d:/ymir work/monster/skeleton_soldier_bow/00.gr2	0
Monster/ymir work/monster/milgyo_religionist/32.msa	d:/ymir work/monster/milgyo_religionist/32.msa	1
Monster/ymir work/monster/misterious_diseased_infector/20.msa	d:/ymir work/monster/misterious_diseased_infector/20.msa	1
Monster/ymir work/monster/milgyo_religionist/33.gr2	d:/ymir work/monster/milgyo_religionist/33.gr2	1
Monster/ymir work/monster/milgyo_religionist/37.gr2	d:/ymir work/monster/milgyo_religionist/37.gr2	1
Monster/ymir work/monster/milgyo_religionist/33.msa	d:/ymir work/monster/milgyo_religionist/33.msa	1
Monster/ymir work/monster/milgyo_religionist/34.msa	d:/ymir work/monster/milgyo_religionist/34.msa	1
Monster/ymir work/monster/milgyo_religionist/34_1.gr2	d:/ymir work/monster/milgyo_religionist/34_1.gr2	1
Monster/ymir work/monster/milgyo_religionist/34_1.msa	d:/ymir work/monster/milgyo_religionist/34_1.msa	1
Monster/ymir work/monster/milgyo_religionist/37_1.msa	d:/ymir work/monster/milgyo_religionist/37_1.msa	1
Monster/ymir work/monster/milgyo_religionist/milgyo_religionist.dds	d:/ymir work/monster/milgyo_religionist/milgyo_religionist.dds	1
Monster/ymir work/monster/yellow_tigerman/32.gr2	d:/ymir work/monster/yellow_tigerman/32.gr2	1
Monster/ymir work/monster/milgyo_religionist/milgyo_religionist.gr2	d:/ymir work/monster/milgyo_religionist/milgyo_religionist.gr2	1
Monster/ymir work/monster/milgyo_religionist/milgyo_religionist.msm	d:/ymir work/monster/milgyo_religionist/milgyo_religionist.msm	1
Monster/ymir work/monster/milgyo_religionist/milgyo_religionist_lod_01.gr2	d:/ymir work/monster/milgyo_religionist/milgyo_religionist_lod_01.gr2	1
Monster/ymir work/monster/milgyo_religionist/motlist.txt	d:/ymir work/monster/milgyo_religionist/motlist.txt	1
Monster/ymir work/monster/skeleton_soldier_spear/33.msa	d:/ymir work/monster/skeleton_soldier_spear/33.msa	1
Monster/ymir work/monster/misterious_diseased_boss/00.msa	d:/ymir work/monster/misterious_diseased_boss/00.msa	1
Monster/ymir work/monster/misterious_diseased_boss/03.msa	d:/ymir work/monster/misterious_diseased_boss/03.msa	1
Monster/ymir work/monster/thiefboss2/20_1.msa	d:/ymir work/monster/thiefboss2/20_1.msa	1
Monster/ymir work/monster/misterious_diseased_boss/20.msa	d:/ymir work/monster/misterious_diseased_boss/20.msa	1
Monster/ymir work/monster/misterious_diseased_boss/20_1.msa	d:/ymir work/monster/misterious_diseased_boss/20_1.msa	1
Monster/ymir work/monster/misterious_diseased_sword/20.gr2	d:/ymir work/monster/misterious_diseased_sword/20.gr2	1
Monster/ymir work/monster/misterious_diseased_boss/30.gr2	d:/ymir work/monster/misterious_diseased_boss/30.gr2	1
Monster/ymir work/monster/misterious_diseased_boss/31.gr2	d:/ymir work/monster/misterious_diseased_boss/31.gr2	1
Monster/ymir work/monster/misterious_diseased_kid/37.gr2	d:/ymir work/monster/misterious_diseased_kid/37.gr2	1
Monster/ymir work/monster/misterious_diseased_boss/32.gr2	d:/ymir work/monster/misterious_diseased_boss/32.gr2	1
Monster/ymir work/monster/skeleton_wizard/skeleton_wizard.gr2	d:/ymir work/monster/skeleton_wizard/skeleton_wizard.gr2	1
Monster/ymir work/monster/orc_lord/34.msa	d:/ymir work/monster/orc_lord/34.msa	1
Monster/ymir work/monster/misterious_diseased_boss/32.msa	d:/ymir work/monster/misterious_diseased_boss/32.msa	1
Monster/ymir work/monster/misterious_diseased_boss/33.gr2	d:/ymir work/monster/misterious_diseased_boss/33.gr2	1
Monster/ymir work/monster/misterious_diseased_boss/34.gr2	d:/ymir work/monster/misterious_diseased_boss/34.gr2	1
Monster/ymir work/monster/misterious_diseased_host/31.msa	d:/ymir work/monster/misterious_diseased_host/31.msa	1
Monster/ymir work/monster/misterious_diseased_boss/34_1.msa	d:/ymir work/monster/misterious_diseased_boss/34_1.msa	1
Monster/ymir work/monster/orc_soldier/37.msa	d:/ymir work/monster/orc_soldier/37.msa	1
Monster/ymir work/monster/misterious_diseased_boss/35.gr2	d:/ymir work/monster/misterious_diseased_boss/35.gr2	1
Monster/ymir work/monster/skeleton_soldier_scythe/skeleton_soldier_scythe.gr2	d:/ymir work/monster/skeleton_soldier_scythe/skeleton_soldier_scythe.gr2	1
Monster/ymir work/monster/misterious_diseased_boss/35.msa	d:/ymir work/monster/misterious_diseased_boss/35.msa	1
Monster/ymir work/monster/orc_bigblack/30_1.msa	d:/ymir work/monster/orc_bigblack/30_1.msa	1
Monster/ymir work/monster/skeleton_god/30.gr2	d:/ymir work/monster/skeleton_god/30.gr2	1
Monster/ymir work/monster/misterious_diseased_boss/misterious_diseased_boss_lod_01.gr2	d:/ymir work/monster/misterious_diseased_boss/misterious_diseased_boss_lod_01.gr2	1
Monster/ymir work/monster/misterious_diseased_bosshost/00.msa	d:/ymir work/monster/misterious_diseased_bosshost/00.msa	1
Monster/ymir work/monster/misterious_diseased_infector/20_1.gr2	d:/ymir work/monster/misterious_diseased_infector/20_1.gr2	1
Monster/ymir work/monster/misterious_diseased_bosshost/00_1.msa	d:/ymir work/monster/misterious_diseased_bosshost/00_1.msa	1
Monster/ymir work/monster/orc_magician/orc_magician.dds	d:/ymir work/monster/orc_magician/orc_magician.dds	1
Monster/ymir work/monster/misterious_diseased_bosshost/20.msa	d:/ymir work/monster/misterious_diseased_bosshost/20.msa	1
Monster/ymir work/monster/misterious_diseased_bosshost/30.msa	d:/ymir work/monster/misterious_diseased_bosshost/30.msa	1
Monster/ymir work/monster/mountain_dog_god/32.msa	d:/ymir work/monster/mountain_dog_god/32.msa	1
Monster/ymir work/monster/misterious_diseased_bosshost/31.gr2	d:/ymir work/monster/misterious_diseased_bosshost/31.gr2	1
Monster/ymir work/monster/misterious_diseased_bosshost/31_2.gr2	d:/ymir work/monster/misterious_diseased_bosshost/31_2.gr2	1
Monster/ymir work/monster/misterious_diseased_bosshost/misterious_diseased_bosshost_1.dds	d:/ymir work/monster/misterious_diseased_bosshost/misterious_diseased_bosshost_1.dds	1
Monster/ymir work/monster/misterious_diseased_bosshost/misterious_diseased_bosshost_2.dds	d:/ymir work/monster/misterious_diseased_bosshost/misterious_diseased_bosshost_2.dds	1
Monster/ymir work/monster/misterious_diseased_bosshost/motlist.txt	d:/ymir work/monster/misterious_diseased_bosshost/motlist.txt	1
Monster/ymir work/monster/misterious_diseased_bow/00.gr2	d:/ymir work/monster/misterious_diseased_bow/00.gr2	0
Monster/ymir work/monster/misterious_diseased_bow/00.msa	d:/ymir work/monster/misterious_diseased_bow/00.msa	1
Monster/ymir work/monster/misterious_diseased_bow/00_1.gr2	d:/ymir work/monster/misterious_diseased_bow/00_1.gr2	1
Monster/ymir work/monster/orc_bigblack/20_1.msa	d:/ymir work/monster/orc_bigblack/20_1.msa	1
Monster/ymir work/monster/thief1/36.gr2	d:/ymir work/monster/thief1/36.gr2	1
Monster/ymir work/monster/misterious_diseased_bow/00_1.msa	d:/ymir work/monster/misterious_diseased_bow/00_1.msa	1
Monster/ymir work/monster/misterious_diseased_bow/20.gr2	d:/ymir work/monster/misterious_diseased_bow/20.gr2	1
Monster/ymir work/monster/misterious_diseased_bow/03.gr2	d:/ymir work/monster/misterious_diseased_bow/03.gr2	1
Monster/ymir work/monster/outlaw/31_1.msa	d:/ymir work/monster/outlaw/31_1.msa	1
Monster/ymir work/monster/misterious_diseased_bow/30.gr2	d:/ymir work/monster/misterious_diseased_bow/30.gr2	1
Monster/ymir work/monster/misterious_diseased_bow/30.msa	d:/ymir work/monster/misterious_diseased_bow/30.msa	1
Monster/ymir work/monster/misterious_diseased_bow/31.msa	d:/ymir work/monster/misterious_diseased_bow/31.msa	1
Monster/ymir work/monster/thiefboss2/20_1.gr2	d:/ymir work/monster/thiefboss2/20_1.gr2	1
Monster/ymir work/monster/skeleton_soldier_scythe/34_1.gr2	d:/ymir work/monster/skeleton_soldier_scythe/34_1.gr2	1
Monster/ymir work/monster/misterious_diseased_bow/33.gr2	d:/ymir work/monster/misterious_diseased_bow/33.gr2	1
Monster/ymir work/monster/misterious_diseased_bow/33.msa	d:/ymir work/monster/misterious_diseased_bow/33.msa	1
Monster/ymir work/monster/orc_lord/motlist.txt	d:/ymir work/monster/orc_lord/motlist.txt	1
Monster/ymir work/monster/misterious_diseased_bow/34.msa	d:/ymir work/monster/misterious_diseased_bow/34.msa	1
Monster/ymir work/monster/orc_knight/00_1.msa	d:/ymir work/monster/orc_knight/00_1.msa	1
Monster/ymir work/monster/misterious_diseased_spear/32.gr2	d:/ymir work/monster/misterious_diseased_spear/32.gr2	1
Monster/ymir work/monster/skeleton_soldier_scythe/00_1.gr2	d:/ymir work/monster/skeleton_soldier_scythe/00_1.gr2	1
Monster/ymir work/monster/misterious_diseased_bow/34_1.gr2	d:/ymir work/monster/misterious_diseased_bow/34_1.gr2	1
Monster/ymir work/monster/misterious_diseased_dog/30.msa	d:/ymir work/monster/misterious_diseased_dog/30.msa	1
Monster/ymir work/monster/skeleton_god/34_1.msa	d:/ymir work/monster/skeleton_god/34_1.msa	1
Monster/ymir work/monster/misterious_diseased_egg/00.msa	d:/ymir work/monster/misterious_diseased_egg/00.msa	1
Monster/ymir work/monster/misterious_diseased_bow/34_1.msa	d:/ymir work/monster/misterious_diseased_bow/34_1.msa	1
Monster/ymir work/monster/misterious_diseased_bow/37.msa	d:/ymir work/monster/misterious_diseased_bow/37.msa	1
Monster/ymir work/monster/misterious_diseased_bow/misterious_diseased_bow.gr2	d:/ymir work/monster/misterious_diseased_bow/misterious_diseased_bow.gr2	1
Monster/ymir work/monster/yellow_tigerman/20_1.gr2	d:/ymir work/monster/yellow_tigerman/20_1.gr2	1
Monster/ymir work/monster/wild_boar/20_1.msa	d:/ymir work/monster/wild_boar/20_1.msa	1
Monster/ymir work/monster/misterious_diseased_bow/misterious_diseased_bow_lod_01.gr2	d:/ymir work/monster/misterious_diseased_bow/misterious_diseased_bow_lod_01.gr2	1
Monster/ymir work/monster/misterious_diseased_host/00_2.gr2	d:/ymir work/monster/misterious_diseased_host/00_2.gr2	1
Monster/ymir work/monster/misterious_diseased_dog/00.gr2	d:/ymir work/monster/misterious_diseased_dog/00.gr2	0
Monster/ymir work/monster/misterious_diseased_dog/00_2.gr2	d:/ymir work/monster/misterious_diseased_dog/00_2.gr2	1
Monster/ymir work/monster/misterious_diseased_dog/03.gr2	d:/ymir work/monster/misterious_diseased_dog/03.gr2	1
Monster/ymir work/monster/skeleton_magician/정면혼빠져나가기.gr2	d:/ymir work/monster/skeleton_magician/정면혼빠져나가기.gr2	1
Monster/ymir work/monster/misterious_diseased_dog/20.gr2	d:/ymir work/monster/misterious_diseased_dog/20.gr2	1
Monster/ymir work/monster/orc_knight/30_1.gr2	d:/ymir work/monster/orc_knight/30_1.gr2	1
Monster/ymir work/monster/misterious_diseased_dog/20_1.msa	d:/ymir work/monster/misterious_diseased_dog/20_1.msa	1
Monster/ymir work/monster/wolf/30.gr2	d:/ymir work/monster/wolf/30.gr2	1
Monster/ymir work/monster/misterious_diseased_dog/31.msa	d:/ymir work/monster/misterious_diseased_dog/31.msa	1
Monster/ymir work/monster/misterious_diseased_dog/32.gr2	d:/ymir work/monster/misterious_diseased_dog/32.gr2	1
Monster/ymir work/monster/orc_black/37.gr2	d:/ymir work/monster/orc_black/37.gr2	1
Monster/ymir work/monster/skeleton_bigboss/36.msa	d:/ymir work/monster/skeleton_bigboss/36.msa	1
Monster/ymir work/monster/misterious_diseased_dog/33.gr2	d:/ymir work/monster/misterious_diseased_dog/33.gr2	1
Monster/ymir work/monster/thiefboss3/30_1.gr2	d:/ymir work/monster/thiefboss3/30_1.gr2	1
Monster/ymir work/monster/misterious_diseased_dog/33.msa	d:/ymir work/monster/misterious_diseased_dog/33.msa	1
Monster/ymir work/monster/misterious_diseased_dog/33_1.gr2	d:/ymir work/monster/misterious_diseased_dog/33_1.gr2	1
Monster/ymir work/monster/misterious_diseased_dog/33_1.msa	d:/ymir work/monster/misterious_diseased_dog/33_1.msa	1
Monster/ymir work/monster/thiefboss3/36.msa	d:/ymir work/monster/thiefboss3/36.msa	1
Monster/ymir work/monster/misterious_diseased_dog/35.gr2	d:/ymir work/monster/misterious_diseased_dog/35.gr2	1
Monster/ymir work/monster/spite_ghost/34.msa	d:/ymir work/monster/spite_ghost/34.msa	1
Monster/ymir work/monster/misterious_diseased_dog/35.msa	d:/ymir work/monster/misterious_diseased_dog/35.msa	1
Monster/ymir work/monster/misterious_diseased_dog/37_1.gr2	d:/ymir work/monster/misterious_diseased_dog/37_1.gr2	1
Monster/ymir work/monster/misterious_diseased_dog/37_1.msa	d:/ymir work/monster/misterious_diseased_dog/37_1.msa	1
Monster/ymir work/monster/misterious_diseased_dog/misterious_diseased_dog.gr2	d:/ymir work/monster/misterious_diseased_dog/misterious_diseased_dog.gr2	1
Monster/ymir work/monster/misterious_diseased_dog/misterious_diseased_dog_teeth.dds	d:/ymir work/monster/misterious_diseased_dog/misterious_diseased_dog_teeth.dds	1
Monster/ymir work/monster/misterious_diseased_dog/motlist.txt	d:/ymir work/monster/misterious_diseased_dog/motlist.txt	1
Monster/ymir work/monster/misterious_diseased_egg/00.gr2	d:/ymir work/monster/misterious_diseased_egg/00.gr2	0
Monster/ymir work/monster/misterious_diseased_egg/00_2.gr2	d:/ymir work/monster/misterious_diseased_egg/00_2.gr2	1
Monster/ymir work/monster/misterious_diseased_host/00.msa	d:/ymir work/monster/misterious_diseased_host/00.msa	1
Monster/ymir work/monster/orc_knight/32.gr2	d:/ymir work/monster/orc_knight/32.gr2	1
Monster/ymir work/monster/misterious_diseased_host/00_1.gr2	d:/ymir work/monster/misterious_diseased_host/00_1.gr2	1
Monster/ymir work/monster/misterious_diseased_host/00_1.msa	d:/ymir work/monster/misterious_diseased_host/00_1.msa	1
Monster/ymir work/monster/misterious_diseased_host/00_2.msa	d:/ymir work/monster/misterious_diseased_host/00_2.msa	1
Monster/ymir work/monster/misterious_diseased_host/30.gr2	d:/ymir work/monster/misterious_diseased_host/30.gr2	1
Monster/ymir work/monster/misterious_diseased_host/30_1.msa	d:/ymir work/monster/misterious_diseased_host/30_1.msa	1
Monster/ymir work/monster/misterious_diseased_host/34_1.gr2	d:/ymir work/monster/misterious_diseased_host/34_1.gr2	1
Monster/ymir work/monster/orc_black/37.msa	d:/ymir work/monster/orc_black/37.msa	1
Monster/ymir work/monster/misterious_diseased_kid/36.msa	d:/ymir work/monster/misterious_diseased_kid/36.msa	1
Monster/ymir work/monster/misterious_diseased_host/34_1.msa	d:/ymir work/monster/misterious_diseased_host/34_1.msa	1
Monster/ymir work/monster/misterious_diseased_host/misterious_diseased_host.dds	d:/ymir work/monster/misterious_diseased_host/misterious_diseased_host.dds	1
Monster/ymir work/monster/misterious_diseased_host/misterious_diseased_host.gr2	d:/ymir work/monster/misterious_diseased_host/misterious_diseased_host.gr2	1
Monster/ymir work/monster/tiger/34.msa	d:/ymir work/monster/tiger/34.msa	1
Monster/ymir work/monster/misterious_diseased_host/misterious_diseased_host.msm	d:/ymir work/monster/misterious_diseased_host/misterious_diseased_host.msm	1
Monster/ymir work/monster/misterious_diseased_host/motlist.txt	d:/ymir work/monster/misterious_diseased_host/motlist.txt	1
Monster/ymir work/monster/thiefboss3/20_1.gr2	d:/ymir work/monster/thiefboss3/20_1.gr2	1
Monster/ymir work/monster/misterious_diseased_infector/00.gr2	d:/ymir work/monster/misterious_diseased_infector/00.gr2	0
Monster/ymir work/monster/yellow_tigerman/31.msa	d:/ymir work/monster/yellow_tigerman/31.msa	1
Monster/ymir work/monster/misterious_diseased_infector/00.msa	d:/ymir work/monster/misterious_diseased_infector/00.msa	1
Monster/ymir work/monster/misterious_diseased_infector/02.gr2	d:/ymir work/monster/misterious_diseased_infector/02.gr2	1
Monster/ymir work/monster/misterious_diseased_infector/20.gr2	d:/ymir work/monster/misterious_diseased_infector/20.gr2	1
Monster/ymir work/monster/misterious_diseased_infector/30_1.gr2	d:/ymir work/monster/misterious_diseased_infector/30_1.gr2	1
Monster/ymir work/monster/wild_boar_god/motlist.txt	d:/ymir work/monster/wild_boar_god/motlist.txt	1
Monster/ymir work/monster/misterious_diseased_infector/30_1.msa	d:/ymir work/monster/misterious_diseased_infector/30_1.msa	1
Monster/ymir work/monster/misterious_diseased_infector/31.gr2	d:/ymir work/monster/misterious_diseased_infector/31.gr2	1
Monster/ymir work/monster/misterious_diseased_infector/32.msa	d:/ymir work/monster/misterious_diseased_infector/32.msa	1
Monster/ymir work/monster/misterious_diseased_infector/33.gr2	d:/ymir work/monster/misterious_diseased_infector/33.gr2	1
Monster/ymir work/monster/misterious_diseased_infector/34_1.gr2	d:/ymir work/monster/misterious_diseased_infector/34_1.gr2	1
Monster/ymir work/monster/misterious_diseased_sword/03.gr2	d:/ymir work/monster/misterious_diseased_sword/03.gr2	1
Monster/ymir work/monster/misterious_diseased_infector/34_1.msa	d:/ymir work/monster/misterious_diseased_infector/34_1.msa	1
Monster/ymir work/monster/misterious_diseased_infector/35.msa	d:/ymir work/monster/misterious_diseased_infector/35.msa	1
Monster/ymir work/monster/misterious_diseased_kid/03.msa	d:/ymir work/monster/misterious_diseased_kid/03.msa	1
Monster/ymir work/monster/misterious_diseased_kid/31_1.gr2	d:/ymir work/monster/misterious_diseased_kid/31_1.gr2	1
Monster/ymir work/monster/orc_magician/34.gr2	d:/ymir work/monster/orc_magician/34.gr2	1
Monster/ymir work/monster/misterious_diseased_kid/33.gr2	d:/ymir work/monster/misterious_diseased_kid/33.gr2	1
Monster/ymir work/monster/misterious_diseased_kid/35.gr2	d:/ymir work/monster/misterious_diseased_kid/35.gr2	1
Monster/ymir work/monster/misterious_diseased_kid/35.msa	d:/ymir work/monster/misterious_diseased_kid/35.msa	1
Monster/ymir work/monster/misterious_diseased_kid/37_1.gr2	d:/ymir work/monster/misterious_diseased_kid/37_1.gr2	1
Monster/ymir work/monster/thiefboss1/20.msa	d:/ymir work/monster/thiefboss1/20.msa	1
Monster/ymir work/monster/misterious_diseased_kid/37_1.msa	d:/ymir work/monster/misterious_diseased_kid/37_1.msa	1
Monster/ymir work/monster/misterious_diseased_kid/misterious_diseased_kid.dds	d:/ymir work/monster/misterious_diseased_kid/misterious_diseased_kid.dds	1
Monster/ymir work/monster/misterious_diseased_kid/misterious_diseased_kid.msm	d:/ymir work/monster/misterious_diseased_kid/misterious_diseased_kid.msm	1
Monster/ymir work/monster/misterious_diseased_kid/misterious_diseased_kid_lod_01.gr2	d:/ymir work/monster/misterious_diseased_kid/misterious_diseased_kid_lod_01.gr2	1
Monster/ymir work/monster/misterious_diseased_kid/motlist.txt	d:/ymir work/monster/misterious_diseased_kid/motlist.txt	1
Monster/ymir work/monster/thiefboss2/thiefboss2.dds	d:/ymir work/monster/thiefboss2/thiefboss2.dds	1
Monster/ymir work/monster/misterious_diseased_spear/03.gr2	d:/ymir work/monster/misterious_diseased_spear/03.gr2	1
Monster/ymir work/monster/thief1/37.msa	d:/ymir work/monster/thief1/37.msa	1
Monster/ymir work/monster/misterious_diseased_spear/03.msa	d:/ymir work/monster/misterious_diseased_spear/03.msa	1
Monster/ymir work/monster/misterious_diseased_spear/20.msa	d:/ymir work/monster/misterious_diseased_spear/20.msa	1
Monster/ymir work/monster/misterious_diseased_spear/30.msa	d:/ymir work/monster/misterious_diseased_spear/30.msa	1
Monster/ymir work/monster/misterious_diseased_spear/30_1.msa	d:/ymir work/monster/misterious_diseased_spear/30_1.msa	1
Monster/ymir work/monster/misterious_diseased_spear/31.gr2	d:/ymir work/monster/misterious_diseased_spear/31.gr2	1
Monster/ymir work/monster/misterious_diseased_spear/33.gr2	d:/ymir work/monster/misterious_diseased_spear/33.gr2	1
Monster/ymir work/monster/misterious_diseased_spear/34_1.gr2	d:/ymir work/monster/misterious_diseased_spear/34_1.gr2	1
Monster/ymir work/monster/misterious_diseased_spear/34_1.msa	d:/ymir work/monster/misterious_diseased_spear/34_1.msa	1
Monster/ymir work/monster/misterious_diseased_spear/35.msa	d:/ymir work/monster/misterious_diseased_spear/35.msa	1
Monster/ymir work/monster/misterious_diseased_spear/36.gr2	d:/ymir work/monster/misterious_diseased_spear/36.gr2	1
Monster/ymir work/monster/misterious_diseased_spear/36.msa	d:/ymir work/monster/misterious_diseased_spear/36.msa	1
Monster/ymir work/monster/mountain_dog_god/20_1.gr2	d:/ymir work/monster/mountain_dog_god/20_1.gr2	1
Monster/ymir work/monster/thief1/03.gr2	d:/ymir work/monster/thief1/03.gr2	1
Monster/ymir work/monster/misterious_diseased_spear/misterious_diseased_spear.gr2	d:/ymir work/monster/misterious_diseased_spear/misterious_diseased_spear.gr2	1
Monster/ymir work/monster/mountain_dog_god/mountain_dog_god_lod_01.gr2	d:/ymir work/monster/mountain_dog_god/mountain_dog_god_lod_01.gr2	1
Monster/ymir work/monster/recycle_monster/30.gr2	d:/ymir work/monster/recycle_monster/30.gr2	1
Monster/ymir work/monster/misterious_diseased_spear/misterious_diseased_spear.msm	d:/ymir work/monster/misterious_diseased_spear/misterious_diseased_spear.msm	1
Monster/ymir work/monster/tiger/20_1.gr2	d:/ymir work/monster/tiger/20_1.gr2	1
Monster/ymir work/monster/misterious_diseased_spear/motlist.txt	d:/ymir work/monster/misterious_diseased_spear/motlist.txt	1
Monster/ymir work/monster/spite_ghost/20_1.msa	d:/ymir work/monster/spite_ghost/20_1.msa	1
Monster/ymir work/monster/misterious_diseased_sword/20.msa	d:/ymir work/monster/misterious_diseased_sword/20.msa	1
Monster/ymir work/monster/misterious_diseased_sword/20_1.gr2	d:/ymir work/monster/misterious_diseased_sword/20_1.gr2	1
Monster/ymir work/monster/orc_magician/37.gr2	d:/ymir work/monster/orc_magician/37.gr2	1
Monster/ymir work/monster/misterious_diseased_sword/20_1.msa	d:/ymir work/monster/misterious_diseased_sword/20_1.msa	1
Monster/ymir work/monster/misterious_diseased_sword/30.gr2	d:/ymir work/monster/misterious_diseased_sword/30.gr2	1
Monster/ymir work/monster/misterious_diseased_sword/30_1.gr2	d:/ymir work/monster/misterious_diseased_sword/30_1.gr2	1
Monster/ymir work/monster/misterious_diseased_sword/31_1.msa	d:/ymir work/monster/misterious_diseased_sword/31_1.msa	1
Monster/ymir work/monster/misterious_diseased_sword/32.gr2	d:/ymir work/monster/misterious_diseased_sword/32.gr2	1
Monster/ymir work/monster/misterious_diseased_sword/33.gr2	d:/ymir work/monster/misterious_diseased_sword/33.gr2	1
Monster/ymir work/monster/misterious_diseased_sword/34.gr2	d:/ymir work/monster/misterious_diseased_sword/34.gr2	1
Monster/ymir work/monster/misterious_diseased_sword/34.msa	d:/ymir work/monster/misterious_diseased_sword/34.msa	1
Monster/ymir work/monster/misterious_diseased_sword/34_1.gr2	d:/ymir work/monster/misterious_diseased_sword/34_1.gr2	1
Monster/ymir work/monster/misterious_diseased_sword/34_1.msa	d:/ymir work/monster/misterious_diseased_sword/34_1.msa	1
Monster/ymir work/monster/misterious_diseased_sword/35.gr2	d:/ymir work/monster/misterious_diseased_sword/35.gr2	1
Monster/ymir work/monster/misterious_diseased_sword/35.msa	d:/ymir work/monster/misterious_diseased_sword/35.msa	1
Monster/ymir work/monster/wild_boar_god/35.msa	d:/ymir work/monster/wild_boar_god/35.msa	1
Monster/ymir work/monster/misterious_diseased_sword/36.gr2	d:/ymir work/monster/misterious_diseased_sword/36.gr2	1
Monster/ymir work/monster/misterious_diseased_sword/motlist.txt	d:/ymir work/monster/misterious_diseased_sword/motlist.txt	1
Monster/ymir work/monster/mountain_dog_god/00.msa	d:/ymir work/monster/mountain_dog_god/00.msa	1
Monster/ymir work/monster/mountain_dog_god/02.gr2	d:/ymir work/monster/mountain_dog_god/02.gr2	1
Monster/ymir work/monster/outlaw/00.gr2	d:/ymir work/monster/outlaw/00.gr2	0
Monster/ymir work/monster/mountain_dog_god/03.gr2	d:/ymir work/monster/mountain_dog_god/03.gr2	1
Monster/ymir work/monster/orc_black/34.gr2	d:/ymir work/monster/orc_black/34.gr2	1
Monster/ymir work/monster/spite_ghost/spite_ghost.gr2	d:/ymir work/monster/spite_ghost/spite_ghost.gr2	1
Monster/ymir work/monster/skeleton_general/33.msa	d:/ymir work/monster/skeleton_general/33.msa	1
Monster/ymir work/monster/mountain_dog_god/20_1.msa	d:/ymir work/monster/mountain_dog_god/20_1.msa	1
Monster/ymir work/monster/mountain_dog_god/30.msa	d:/ymir work/monster/mountain_dog_god/30.msa	1
Monster/ymir work/monster/mountain_dog_god/31.gr2	d:/ymir work/monster/mountain_dog_god/31.gr2	1
Monster/ymir work/monster/mountain_dog_god/31.msa	d:/ymir work/monster/mountain_dog_god/31.msa	1
Monster/ymir work/monster/mountain_dog_god/32.gr2	d:/ymir work/monster/mountain_dog_god/32.gr2	1
Monster/ymir work/monster/mountain_dog_god/35.gr2	d:/ymir work/monster/mountain_dog_god/35.gr2	1
Monster/ymir work/monster/mountain_dog_god/37.gr2	d:/ymir work/monster/mountain_dog_god/37.gr2	1
Monster/ymir work/monster/mountain_dog_god/50.msa	d:/ymir work/monster/mountain_dog_god/50.msa	1
Monster/ymir work/monster/tiger/35.gr2	d:/ymir work/monster/tiger/35.gr2	1
Monster/ymir work/monster/thief2/03.gr2	d:/ymir work/monster/thief2/03.gr2	1
Monster/ymir work/monster/mountain_dog_god/52.gr2	d:/ymir work/monster/mountain_dog_god/52.gr2	1
Monster/ymir work/monster/mountain_dog_god/52.msa	d:/ymir work/monster/mountain_dog_god/52.msa	1
Monster/ymir work/monster/mountain_dog_god/motlist.txt	d:/ymir work/monster/mountain_dog_god/motlist.txt	1
Monster/ymir work/monster/mountain_dog_god/mountain_dog_god.dds	d:/ymir work/monster/mountain_dog_god/mountain_dog_god.dds	1
Monster/ymir work/monster/skeleton_soldier_bow/03.msa	d:/ymir work/monster/skeleton_soldier_bow/03.msa	1
Monster/ymir work/monster/orc_bigblack/00.msa	d:/ymir work/monster/orc_bigblack/00.msa	1
Monster/ymir work/monster/orc_bigblack/00_1.gr2	d:/ymir work/monster/orc_bigblack/00_1.gr2	1
Monster/ymir work/monster/orc_bigblack/00_1.msa	d:/ymir work/monster/orc_bigblack/00_1.msa	1
Monster/ymir work/monster/orc_bigblack/32.msa	d:/ymir work/monster/orc_bigblack/32.msa	1
Monster/ymir work/monster/orc_bigblack/33.gr2	d:/ymir work/monster/orc_bigblack/33.gr2	1
Monster/ymir work/monster/orc_bigblack/34.gr2	d:/ymir work/monster/orc_bigblack/34.gr2	1
Monster/ymir work/monster/orc_bigblack/34.msa	d:/ymir work/monster/orc_bigblack/34.msa	1
Monster/ymir work/monster/orc_scouter/31.msa	d:/ymir work/monster/orc_scouter/31.msa	1
Monster/ymir work/monster/orc_bigblack/34_1.gr2	d:/ymir work/monster/orc_bigblack/34_1.gr2	1
Monster/ymir work/monster/wild_boar_god/31.msa	d:/ymir work/monster/wild_boar_god/31.msa	1
Monster/ymir work/monster/orc_bigblack/35.msa	d:/ymir work/monster/orc_bigblack/35.msa	1
Monster/ymir work/monster/orc_bigblack/36.msa	d:/ymir work/monster/orc_bigblack/36.msa	1
Monster/ymir work/monster/orc_bigblack/37.msa	d:/ymir work/monster/orc_bigblack/37.msa	1
Monster/ymir work/monster/thiefboss3/31.msa	d:/ymir work/monster/thiefboss3/31.msa	1
Monster/ymir work/monster/orc_black/00.gr2	d:/ymir work/monster/orc_black/00.gr2	0
Monster/ymir work/monster/orc_black/00.msa	d:/ymir work/monster/orc_black/00.msa	1
Monster/ymir work/monster/orc_black/03.gr2	d:/ymir work/monster/orc_black/03.gr2	1
Monster/ymir work/monster/orc_black/20.gr2	d:/ymir work/monster/orc_black/20.gr2	1
Monster/ymir work/monster/orc_black/20_1.gr2	d:/ymir work/monster/orc_black/20_1.gr2	1
Monster/ymir work/monster/orc_black/30_1.msa	d:/ymir work/monster/orc_black/30_1.msa	1
Monster/ymir work/monster/orc_black/32.msa	d:/ymir work/monster/orc_black/32.msa	1
Monster/ymir work/monster/orc_black/33.gr2	d:/ymir work/monster/orc_black/33.gr2	1
Monster/ymir work/monster/orc_black/33.msa	d:/ymir work/monster/orc_black/33.msa	1
Monster/ymir work/monster/orc_black/34_1.msa	d:/ymir work/monster/orc_black/34_1.msa	1
Monster/ymir work/monster/orc_black/36.msa	d:/ymir work/monster/orc_black/36.msa	1
Monster/ymir work/monster/orc_black/orc_black.msm	d:/ymir work/monster/orc_black/orc_black.msm	1
Monster/ymir work/monster/orc_general/00_1.gr2	d:/ymir work/monster/orc_general/00_1.gr2	1
Monster/ymir work/monster/wild_boar_god/wild_boar_god_fur.dds	d:/ymir work/monster/wild_boar_god/wild_boar_god_fur.dds	1
Monster/ymir work/monster/skeleton_soldier_spear/03.gr2	d:/ymir work/monster/skeleton_soldier_spear/03.gr2	1
Monster/ymir work/monster/skeleton_king/32_1.msa	d:/ymir work/monster/skeleton_king/32_1.msa	1
Monster/ymir work/monster/orc_general/00_1.msa	d:/ymir work/monster/orc_general/00_1.msa	1
Monster/ymir work/monster/orc_general/30.msa	d:/ymir work/monster/orc_general/30.msa	1
Monster/ymir work/monster/orc_general/31.gr2	d:/ymir work/monster/orc_general/31.gr2	1
Monster/ymir work/monster/orc_general/34.gr2	d:/ymir work/monster/orc_general/34.gr2	1
Monster/ymir work/monster/orc_general/35.gr2	d:/ymir work/monster/orc_general/35.gr2	1
Monster/ymir work/monster/orc_general/36.gr2	d:/ymir work/monster/orc_general/36.gr2	1
Monster/ymir work/monster/orc_general/37.gr2	d:/ymir work/monster/orc_general/37.gr2	1
Monster/ymir work/monster/orc_general/37.msa	d:/ymir work/monster/orc_general/37.msa	1
Monster/ymir work/monster/orc_general/motlist.txt	d:/ymir work/monster/orc_general/motlist.txt	1
Monster/ymir work/monster/thiefboss3/00.gr2	d:/ymir work/monster/thiefboss3/00.gr2	0
Monster/ymir work/monster/orc_general/orc_general.gr2	d:/ymir work/monster/orc_general/orc_general.gr2	1
Monster/ymir work/monster/skeleton_bigboss/34_1.gr2	d:/ymir work/monster/skeleton_bigboss/34_1.gr2	1
Monster/ymir work/monster/orc_general/orc_general_sword.dds	d:/ymir work/monster/orc_general/orc_general_sword.dds	1
Monster/ymir work/monster/orc_knight/03.msa	d:/ymir work/monster/orc_knight/03.msa	1
Monster/ymir work/monster/yellow_tigerman/20.gr2	d:/ymir work/monster/yellow_tigerman/20.gr2	1
Monster/ymir work/monster/thiefboss2/31.msa	d:/ymir work/monster/thiefboss2/31.msa	1
Monster/ymir work/monster/orc_knight/20.gr2	d:/ymir work/monster/orc_knight/20.gr2	1
Monster/ymir work/monster/orc_knight/30.msa	d:/ymir work/monster/orc_knight/30.msa	1
Monster/ymir work/monster/orc_knight/32.msa	d:/ymir work/monster/orc_knight/32.msa	1
Monster/ymir work/monster/skeleton_god/20_1.msa	d:/ymir work/monster/skeleton_god/20_1.msa	1
Monster/ymir work/monster/orc_knight/33.msa	d:/ymir work/monster/orc_knight/33.msa	1
Monster/ymir work/monster/orc_knight/34_1.msa	d:/ymir work/monster/orc_knight/34_1.msa	1
Monster/ymir work/monster/orc_lord/32.gr2	d:/ymir work/monster/orc_lord/32.gr2	1
Monster/ymir work/monster/orc_knight/35.msa	d:/ymir work/monster/orc_knight/35.msa	1
Monster/ymir work/monster/orc_knight/36.gr2	d:/ymir work/monster/orc_knight/36.gr2	1
Monster/ymir work/monster/orc_knight/36.msa	d:/ymir work/monster/orc_knight/36.msa	1
Monster/ymir work/monster/skeleton_soldier_bow/00.msa	d:/ymir work/monster/skeleton_soldier_bow/00.msa	1
Monster/ymir work/monster/orc_knight/37.msa	d:/ymir work/monster/orc_knight/37.msa	1
Monster/ymir work/monster/orc_knight/orc_knight.msm	d:/ymir work/monster/orc_knight/orc_knight.msm	1
Monster/ymir work/monster/sugu_general/sugu.dds	d:/ymir work/monster/sugu_general/sugu.dds	1
Monster/ymir work/monster/spite_ghost/36.gr2	d:/ymir work/monster/spite_ghost/36.gr2	1
Monster/ymir work/monster/orc_knight/orc_knight_lod_01.gr2	d:/ymir work/monster/orc_knight/orc_knight_lod_01.gr2	1
Monster/ymir work/monster/orc_lord/03.gr2	d:/ymir work/monster/orc_lord/03.gr2	1
Monster/ymir work/monster/orc_lord/03.msa	d:/ymir work/monster/orc_lord/03.msa	1
Monster/ymir work/monster/orc_lord/33.gr2	d:/ymir work/monster/orc_lord/33.gr2	1
Monster/ymir work/monster/wild_boar_god/50.gr2	d:/ymir work/monster/wild_boar_god/50.gr2	1
Monster/ymir work/monster/orc_lord/33.msa	d:/ymir work/monster/orc_lord/33.msa	1
Monster/ymir work/monster/thief3/thief3.msm	d:/ymir work/monster/thief3/thief3.msm	1
Monster/ymir work/monster/orc_lord/34_1.msa	d:/ymir work/monster/orc_lord/34_1.msa	1
Monster/ymir work/monster/skeleton_soldier_bow/03.gr2	d:/ymir work/monster/skeleton_soldier_bow/03.gr2	1
Monster/ymir work/monster/orc_lord/36.gr2	d:/ymir work/monster/orc_lord/36.gr2	1
Monster/ymir work/monster/tiger/20_1.msa	d:/ymir work/monster/tiger/20_1.msa	1
Monster/ymir work/monster/orc_lord/36.msa	d:/ymir work/monster/orc_lord/36.msa	1
Monster/ymir work/monster/orc_lord/37.gr2	d:/ymir work/monster/orc_lord/37.gr2	1
Monster/ymir work/monster/stray_dog/stray_dog_lod_01.gr2	d:/ymir work/monster/stray_dog/stray_dog_lod_01.gr2	1
Monster/ymir work/monster/orc_lord/orc_lord.dds	d:/ymir work/monster/orc_lord/orc_lord.dds	1
Monster/ymir work/monster/orc_magician/00.gr2	d:/ymir work/monster/orc_magician/00.gr2	0
Monster/ymir work/monster/skeleton_magician/skeleton_magician_lod_01.gr2	d:/ymir work/monster/skeleton_magician/skeleton_magician_lod_01.gr2	1
Monster/ymir work/monster/orc_magician/00.msa	d:/ymir work/monster/orc_magician/00.msa	1
Monster/ymir work/monster/orc_magician/00_1.msa	d:/ymir work/monster/orc_magician/00_1.msa	1
Monster/ymir work/monster/orc_magician/03.gr2	d:/ymir work/monster/orc_magician/03.gr2	1
Monster/ymir work/monster/orc_magician/30.msa	d:/ymir work/monster/orc_magician/30.msa	1
Monster/ymir work/monster/skeleton_god/24.msa	d:/ymir work/monster/skeleton_god/24.msa	1
Monster/ymir work/monster/orc_magician/31.gr2	d:/ymir work/monster/orc_magician/31.gr2	1
Monster/ymir work/monster/skeleton_king/36.msa	d:/ymir work/monster/skeleton_king/36.msa	1
Monster/ymir work/monster/orc_magician/31_2.msa	d:/ymir work/monster/orc_magician/31_2.msa	1
Monster/ymir work/monster/orc_magician/33.msa	d:/ymir work/monster/orc_magician/33.msa	1
Monster/ymir work/monster/orc_magician/36.gr2	d:/ymir work/monster/orc_magician/36.gr2	1
Monster/ymir work/monster/orc_magician/37_1.gr2	d:/ymir work/monster/orc_magician/37_1.gr2	1
Monster/ymir work/monster/yellow_tigerman/24.msa	d:/ymir work/monster/yellow_tigerman/24.msa	1
Monster/ymir work/monster/orc_magician/37_1.msa	d:/ymir work/monster/orc_magician/37_1.msa	1
Monster/ymir work/monster/orc_magician/37_2.gr2	d:/ymir work/monster/orc_magician/37_2.gr2	1
Monster/ymir work/monster/thief1/thief1.gr2	d:/ymir work/monster/thief1/thief1.gr2	1
Monster/ymir work/monster/orc_magician/motlist.txt	d:/ymir work/monster/orc_magician/motlist.txt	1
Monster/ymir work/monster/orc_magician/orc_magician.gr2	d:/ymir work/monster/orc_magician/orc_magician.gr2	1
Monster/ymir work/monster/skeleton_king/20.msa	d:/ymir work/monster/skeleton_king/20.msa	1
Monster/ymir work/monster/orc_magician/orc_magician.msm	d:/ymir work/monster/orc_magician/orc_magician.msm	1
Monster/ymir work/monster/orc_scouter/00.msa	d:/ymir work/monster/orc_scouter/00.msa	1
Monster/ymir work/monster/orc_scouter/00_1.msa	d:/ymir work/monster/orc_scouter/00_1.msa	1
Monster/ymir work/monster/orc_scouter/03.msa	d:/ymir work/monster/orc_scouter/03.msa	1
Monster/ymir work/monster/orc_scouter/20.gr2	d:/ymir work/monster/orc_scouter/20.gr2	1
Monster/ymir work/monster/thief2/37_2.gr2	d:/ymir work/monster/thief2/37_2.gr2	1
Monster/ymir work/monster/orc_scouter/30.gr2	d:/ymir work/monster/orc_scouter/30.gr2	1
Monster/ymir work/monster/orc_scouter/30.msa	d:/ymir work/monster/orc_scouter/30.msa	1
Monster/ymir work/monster/thiefboss3/20.gr2	d:/ymir work/monster/thiefboss3/20.gr2	1
Monster/ymir work/monster/orc_scouter/31_1.gr2	d:/ymir work/monster/orc_scouter/31_1.gr2	1
Monster/ymir work/monster/orc_scouter/31_2.msa	d:/ymir work/monster/orc_scouter/31_2.msa	1
Monster/ymir work/monster/orc_scouter/33.msa	d:/ymir work/monster/orc_scouter/33.msa	1
Monster/ymir work/monster/orc_scouter/34.gr2	d:/ymir work/monster/orc_scouter/34.gr2	1
Monster/ymir work/monster/orc_scouter/34.msa	d:/ymir work/monster/orc_scouter/34.msa	1
Monster/ymir work/monster/orc_scouter/34_1.gr2	d:/ymir work/monster/orc_scouter/34_1.gr2	1
Monster/ymir work/monster/orc_scouter/34_1.msa	d:/ymir work/monster/orc_scouter/34_1.msa	1
Monster/ymir work/monster/orc_scouter/35.gr2	d:/ymir work/monster/orc_scouter/35.gr2	1
Monster/ymir work/monster/orc_scouter/36.gr2	d:/ymir work/monster/orc_scouter/36.gr2	1
Monster/ymir work/monster/orc_scouter/37.gr2	d:/ymir work/monster/orc_scouter/37.gr2	1
Monster/ymir work/monster/orc_scouter/37.msa	d:/ymir work/monster/orc_scouter/37.msa	1
Monster/ymir work/monster/orc_scouter/37_1.gr2	d:/ymir work/monster/orc_scouter/37_1.gr2	1
Monster/ymir work/monster/orc_scouter/37_1.msa	d:/ymir work/monster/orc_scouter/37_1.msa	1
Monster/ymir work/monster/orc_scouter/orc_scouter.gr2	d:/ymir work/monster/orc_scouter/orc_scouter.gr2	1
Monster/ymir work/monster/orc_scouter/orc_scouter_stick.dds	d:/ymir work/monster/orc_scouter/orc_scouter_stick.dds	1
Monster/ymir work/monster/orc_soldier/00.gr2	d:/ymir work/monster/orc_soldier/00.gr2	0
Monster/ymir work/monster/orc_soldier/00_1.msa	d:/ymir work/monster/orc_soldier/00_1.msa	1
Monster/ymir work/monster/orc_soldier/00_2.gr2	d:/ymir work/monster/orc_soldier/00_2.gr2	1
Monster/ymir work/monster/orc_soldier/03.msa	d:/ymir work/monster/orc_soldier/03.msa	1
Monster/ymir work/monster/orc_soldier/20.gr2	d:/ymir work/monster/orc_soldier/20.gr2	1
Monster/ymir work/monster/orc_soldier/20_1.gr2	d:/ymir work/monster/orc_soldier/20_1.gr2	1
Monster/ymir work/monster/orc_soldier/31_1.msa	d:/ymir work/monster/orc_soldier/31_1.msa	1
Monster/ymir work/monster/orc_soldier/32.msa	d:/ymir work/monster/orc_soldier/32.msa	1
Monster/ymir work/monster/orc_soldier/33.gr2	d:/ymir work/monster/orc_soldier/33.gr2	1
Monster/ymir work/monster/orc_soldier/33.msa	d:/ymir work/monster/orc_soldier/33.msa	1
Monster/ymir work/monster/orc_soldier/34.gr2	d:/ymir work/monster/orc_soldier/34.gr2	1
Monster/ymir work/monster/orc_soldier/34.msa	d:/ymir work/monster/orc_soldier/34.msa	1
Monster/ymir work/monster/skeleton_soldier_scythe/32.msa	d:/ymir work/monster/skeleton_soldier_scythe/32.msa	1
Monster/ymir work/monster/orc_soldier/34_1.msa	d:/ymir work/monster/orc_soldier/34_1.msa	1
Monster/ymir work/monster/thiefboss2/20_2.msa	d:/ymir work/monster/thiefboss2/20_2.msa	1
Monster/ymir work/monster/orc_soldier/35.gr2	d:/ymir work/monster/orc_soldier/35.gr2	1
Monster/ymir work/monster/orc_soldier/35.msa	d:/ymir work/monster/orc_soldier/35.msa	1
Monster/ymir work/monster/orc_soldier/36.gr2	d:/ymir work/monster/orc_soldier/36.gr2	1
Monster/ymir work/monster/orc_soldier/37_1.gr2	d:/ymir work/monster/orc_soldier/37_1.gr2	1
Monster/ymir work/monster/orc_soldier/37_1.msa	d:/ymir work/monster/orc_soldier/37_1.msa	1
Monster/ymir work/monster/orc_soldier/motlist.txt	d:/ymir work/monster/orc_soldier/motlist.txt	1
Monster/ymir work/monster/orc_soldier/orc_soldier.dds	d:/ymir work/monster/orc_soldier/orc_soldier.dds	1
Monster/ymir work/monster/orc_soldier/orc_soldier.gr2	d:/ymir work/monster/orc_soldier/orc_soldier.gr2	1
Monster/ymir work/monster/orc_soldier/orc_soldier.msm	d:/ymir work/monster/orc_soldier/orc_soldier.msm	1
Monster/ymir work/monster/thiefboss1/52.msa	d:/ymir work/monster/thiefboss1/52.msa	1
Monster/ymir work/monster/orc_soldier/orc_soldier_lod_01.gr2	d:/ymir work/monster/orc_soldier/orc_soldier_lod_01.gr2	1
Monster/ymir work/monster/outlaw/00.msa	d:/ymir work/monster/outlaw/00.msa	1
Monster/ymir work/monster/skeleton_bigboss/20_1.gr2	d:/ymir work/monster/skeleton_bigboss/20_1.gr2	1
Monster/ymir work/monster/outlaw/00_1.msa	d:/ymir work/monster/outlaw/00_1.msa	1
Monster/ymir work/monster/thief1/03.msa	d:/ymir work/monster/thief1/03.msa	1
Monster/ymir work/monster/outlaw/03.gr2	d:/ymir work/monster/outlaw/03.gr2	1
Monster/ymir work/monster/outlaw/03.msa	d:/ymir work/monster/outlaw/03.msa	1
Monster/ymir work/monster/outlaw/03_1.gr2	d:/ymir work/monster/outlaw/03_1.gr2	1
Monster/ymir work/monster/outlaw/03_1.msa	d:/ymir work/monster/outlaw/03_1.msa	1
Monster/ymir work/monster/outlaw/20.gr2	d:/ymir work/monster/outlaw/20.gr2	1
Monster/ymir work/monster/outlaw/20.msa	d:/ymir work/monster/outlaw/20.msa	1
Monster/ymir work/monster/outlaw/20_1.gr2	d:/ymir work/monster/outlaw/20_1.gr2	1
Monster/ymir work/monster/thiefboss2/32.gr2	d:/ymir work/monster/thiefboss2/32.gr2	1
Monster/ymir work/monster/outlaw/20_1.msa	d:/ymir work/monster/outlaw/20_1.msa	1
Monster/ymir work/monster/skeleton_soldier_bow/skeleton_soldier_bow.dds	d:/ymir work/monster/skeleton_soldier_bow/skeleton_soldier_bow.dds	1
Monster/ymir work/monster/outlaw/30.msa	d:/ymir work/monster/outlaw/30.msa	1
Monster/ymir work/monster/outlaw/30_1.gr2	d:/ymir work/monster/outlaw/30_1.gr2	1
Monster/ymir work/monster/outlaw/30_1.msa	d:/ymir work/monster/outlaw/30_1.msa	1
Monster/ymir work/monster/stray_dog/33.gr2	d:/ymir work/monster/stray_dog/33.gr2	1
Monster/ymir work/monster/outlaw/31.gr2	d:/ymir work/monster/outlaw/31.gr2	1
Monster/ymir work/monster/outlaw/31.msa	d:/ymir work/monster/outlaw/31.msa	1
Monster/ymir work/monster/wolf/30.msa	d:/ymir work/monster/wolf/30.msa	1
Monster/ymir work/monster/skeleton_soldier_scythe/skeleton_soldier_scythe.msm	d:/ymir work/monster/skeleton_soldier_scythe/skeleton_soldier_scythe.msm	1
Monster/ymir work/monster/outlaw/31_1.gr2	d:/ymir work/monster/outlaw/31_1.gr2	1
Monster/ymir work/monster/outlaw/34_1.gr2	d:/ymir work/monster/outlaw/34_1.gr2	1
Monster/ymir work/monster/outlaw/35.msa	d:/ymir work/monster/outlaw/35.msa	1
Monster/ymir work/monster/outlaw/36.gr2	d:/ymir work/monster/outlaw/36.gr2	1
Monster/ymir work/monster/outlaw/36.msa	d:/ymir work/monster/outlaw/36.msa	1
Monster/ymir work/monster/outlaw/37.gr2	d:/ymir work/monster/outlaw/37.gr2	1
Monster/ymir work/monster/thiefboss1/37.gr2	d:/ymir work/monster/thiefboss1/37.gr2	1
Monster/ymir work/monster/outlaw/37.msa	d:/ymir work/monster/outlaw/37.msa	1
Monster/ymir work/monster/outlaw/outlaw.dds	d:/ymir work/monster/outlaw/outlaw.dds	1
Monster/ymir work/monster/outlaw/outlaw.gr2	d:/ymir work/monster/outlaw/outlaw.gr2	1
Monster/ymir work/monster/recycle_monster/00.msa	d:/ymir work/monster/recycle_monster/00.msa	1
Monster/ymir work/monster/skeleton_soldier_scythe/30.msa	d:/ymir work/monster/skeleton_soldier_scythe/30.msa	1
Monster/ymir work/monster/recycle_monster/00_1.gr2	d:/ymir work/monster/recycle_monster/00_1.gr2	1
Monster/ymir work/monster/recycle_monster/03.gr2	d:/ymir work/monster/recycle_monster/03.gr2	1
Monster/ymir work/monster/recycle_monster/03.msa	d:/ymir work/monster/recycle_monster/03.msa	1
Monster/ymir work/monster/recycle_monster/30.msa	d:/ymir work/monster/recycle_monster/30.msa	1
Monster/ymir work/monster/recycle_monster/30_1.gr2	d:/ymir work/monster/recycle_monster/30_1.gr2	1
Monster/ymir work/monster/recycle_monster/33.gr2	d:/ymir work/monster/recycle_monster/33.gr2	1
Monster/ymir work/monster/recycle_monster/30_1.msa	d:/ymir work/monster/recycle_monster/30_1.msa	1
Monster/ymir work/monster/recycle_monster/31.gr2	d:/ymir work/monster/recycle_monster/31.gr2	1
Monster/ymir work/monster/recycle_monster/31.msa	d:/ymir work/monster/recycle_monster/31.msa	1
Monster/ymir work/monster/recycle_monster/34.gr2	d:/ymir work/monster/recycle_monster/34.gr2	1
Monster/ymir work/monster/thief2/35.gr2	d:/ymir work/monster/thief2/35.gr2	1
Monster/ymir work/monster/recycle_monster/34.msa	d:/ymir work/monster/recycle_monster/34.msa	1
Monster/ymir work/monster/recycle_monster/34_1.gr2	d:/ymir work/monster/recycle_monster/34_1.gr2	1
Monster/ymir work/monster/recycle_monster/34_1.msa	d:/ymir work/monster/recycle_monster/34_1.msa	1
Monster/ymir work/monster/recycle_monster/35.gr2	d:/ymir work/monster/recycle_monster/35.gr2	1
Monster/ymir work/monster/recycle_monster/35.msa	d:/ymir work/monster/recycle_monster/35.msa	1
Monster/ymir work/monster/recycle_monster/recycle_monster.gr2	d:/ymir work/monster/recycle_monster/recycle_monster.gr2	1
Monster/ymir work/monster/skeleton_bigboss/00_1.gr2	d:/ymir work/monster/skeleton_bigboss/00_1.gr2	1
Monster/ymir work/monster/skeleton_bigboss/03.gr2	d:/ymir work/monster/skeleton_bigboss/03.gr2	1
Monster/ymir work/monster/skeleton_bigboss/03.msa	d:/ymir work/monster/skeleton_bigboss/03.msa	1
Monster/ymir work/monster/skeleton_bigboss/20.gr2	d:/ymir work/monster/skeleton_bigboss/20.gr2	1
Monster/ymir work/monster/wolf/wolf_blue.dds	d:/ymir work/monster/wolf/wolf_blue.dds	1
Monster/ymir work/monster/wild_boar/03.gr2	d:/ymir work/monster/wild_boar/03.gr2	1
Monster/ymir work/monster/tiger/00.gr2	d:/ymir work/monster/tiger/00.gr2	0
Monster/ymir work/monster/skeleton_soldier_scythe/33.gr2	d:/ymir work/monster/skeleton_soldier_scythe/33.gr2	1
Monster/ymir work/monster/skeleton_bigboss/30.gr2	d:/ymir work/monster/skeleton_bigboss/30.gr2	1
Monster/ymir work/monster/skeleton_bigboss/30.msa	d:/ymir work/monster/skeleton_bigboss/30.msa	1
Monster/ymir work/monster/wild_boar/red_wild_boar.dds	d:/ymir work/monster/wild_boar/red_wild_boar.dds	1
Monster/ymir work/monster/skeleton_bigboss/30_1.gr2	d:/ymir work/monster/skeleton_bigboss/30_1.gr2	1
Monster/ymir work/monster/skeleton_bigboss/30_1.msa	d:/ymir work/monster/skeleton_bigboss/30_1.msa	1
Monster/ymir work/monster/skeleton_bigboss/31.gr2	d:/ymir work/monster/skeleton_bigboss/31.gr2	1
Monster/ymir work/monster/skeleton_bigboss/31.msa	d:/ymir work/monster/skeleton_bigboss/31.msa	1
Monster/ymir work/monster/skeleton_bigboss/31_1.gr2	d:/ymir work/monster/skeleton_bigboss/31_1.gr2	1
Monster/ymir work/monster/stray_dog/03.msa	d:/ymir work/monster/stray_dog/03.msa	1
Monster/ymir work/monster/skeleton_bigboss/31_1.msa	d:/ymir work/monster/skeleton_bigboss/31_1.msa	1
Monster/ymir work/monster/skeleton_bigboss/32.gr2	d:/ymir work/monster/skeleton_bigboss/32.gr2	1
Monster/ymir work/monster/orc_scouter/20_1.msa	d:/ymir work/monster/orc_scouter/20_1.msa	1
Monster/ymir work/monster/skeleton_bigboss/32.msa	d:/ymir work/monster/skeleton_bigboss/32.msa	1
Monster/ymir work/monster/skeleton_bigboss/34.gr2	d:/ymir work/monster/skeleton_bigboss/34.gr2	1
Monster/ymir work/monster/skeleton_bigboss/35.msa	d:/ymir work/monster/skeleton_bigboss/35.msa	1
Monster/ymir work/monster/skeleton_bigboss/37.gr2	d:/ymir work/monster/skeleton_bigboss/37.gr2	1
Monster/ymir work/monster/skeleton_god/35.gr2	d:/ymir work/monster/skeleton_god/35.gr2	1
Monster/ymir work/monster/skeleton_bigboss/37.msa	d:/ymir work/monster/skeleton_bigboss/37.msa	1
Monster/ymir work/monster/skeleton_bigboss/skeleton_bigboss.dds	d:/ymir work/monster/skeleton_bigboss/skeleton_bigboss.dds	1
Monster/ymir work/monster/skeleton_bigboss/skeleton_bigboss.msm	d:/ymir work/monster/skeleton_bigboss/skeleton_bigboss.msm	1
Monster/ymir work/monster/skeleton_bigboss/skeleton_bigboss_lod_01.gr2	d:/ymir work/monster/skeleton_bigboss/skeleton_bigboss_lod_01.gr2	1
Monster/ymir work/monster/skeleton_general/00.gr2	d:/ymir work/monster/skeleton_general/00.gr2	0
Monster/ymir work/monster/stray_dog/37_1.gr2	d:/ymir work/monster/stray_dog/37_1.gr2	1
Monster/ymir work/monster/skeleton_general/00.msa	d:/ymir work/monster/skeleton_general/00.msa	1
Monster/ymir work/monster/skeleton_general/03.gr2	d:/ymir work/monster/skeleton_general/03.gr2	1
Monster/ymir work/monster/skeleton_general/03.msa	d:/ymir work/monster/skeleton_general/03.msa	1
Monster/ymir work/monster/skeleton_general/20.gr2	d:/ymir work/monster/skeleton_general/20.gr2	1
Monster/ymir work/monster/skeleton_general/30.msa	d:/ymir work/monster/skeleton_general/30.msa	1
Monster/ymir work/monster/skeleton_general/30_1.gr2	d:/ymir work/monster/skeleton_general/30_1.gr2	1
Monster/ymir work/monster/skeleton_general/31.gr2	d:/ymir work/monster/skeleton_general/31.gr2	1
Monster/ymir work/monster/skeleton_soldier_spear/skeleton_soldier_spear_lod_01.gr2	d:/ymir work/monster/skeleton_soldier_spear/skeleton_soldier_spear_lod_01.gr2	1
Monster/ymir work/monster/skeleton_general/31.msa	d:/ymir work/monster/skeleton_general/31.msa	1
Monster/ymir work/monster/skeleton_general/32.gr2	d:/ymir work/monster/skeleton_general/32.gr2	1
Monster/ymir work/monster/skeleton_general/32.msa	d:/ymir work/monster/skeleton_general/32.msa	1
Monster/ymir work/monster/skeleton_general/33.gr2	d:/ymir work/monster/skeleton_general/33.gr2	1
Monster/ymir work/monster/skeleton_general/34.msa	d:/ymir work/monster/skeleton_general/34.msa	1
Monster/ymir work/monster/skeleton_general/34_1.gr2	d:/ymir work/monster/skeleton_general/34_1.gr2	1
Monster/ymir work/monster/skeleton_general/35.msa	d:/ymir work/monster/skeleton_general/35.msa	1
Monster/ymir work/monster/skeleton_general/37.gr2	d:/ymir work/monster/skeleton_general/37.gr2	1
Monster/ymir work/monster/skeleton_general/skeleton_general.msm	d:/ymir work/monster/skeleton_general/skeleton_general.msm	1
Monster/ymir work/monster/skeleton_general/skeleton_general_1.dds	d:/ymir work/monster/skeleton_general/skeleton_general_1.dds	1
Monster/ymir work/monster/skeleton_god/00_1.msa	d:/ymir work/monster/skeleton_god/00_1.msa	1
Monster/ymir work/monster/skeleton_god/03.gr2	d:/ymir work/monster/skeleton_god/03.gr2	1
Monster/ymir work/monster/skeleton_god/03.msa	d:/ymir work/monster/skeleton_god/03.msa	1
Monster/ymir work/monster/skeleton_god/20.gr2	d:/ymir work/monster/skeleton_god/20.gr2	1
Monster/ymir work/monster/skeleton_god/30.msa	d:/ymir work/monster/skeleton_god/30.msa	1
Monster/ymir work/monster/skeleton_god/30_1.gr2	d:/ymir work/monster/skeleton_god/30_1.gr2	1
Monster/ymir work/monster/skeleton_god/30_1.msa	d:/ymir work/monster/skeleton_god/30_1.msa	1
Monster/ymir work/monster/skeleton_god/31.msa	d:/ymir work/monster/skeleton_god/31.msa	1
Monster/ymir work/monster/skeleton_god/32.gr2	d:/ymir work/monster/skeleton_god/32.gr2	1
Monster/ymir work/monster/skeleton_god/32.msa	d:/ymir work/monster/skeleton_god/32.msa	1
Monster/ymir work/monster/skeleton_god/33.gr2	d:/ymir work/monster/skeleton_god/33.gr2	1
Monster/ymir work/monster/skeleton_god/33.msa	d:/ymir work/monster/skeleton_god/33.msa	1
Monster/ymir work/monster/skeleton_god/34.gr2	d:/ymir work/monster/skeleton_god/34.gr2	1
Monster/ymir work/monster/skeleton_god/35.msa	d:/ymir work/monster/skeleton_god/35.msa	1
Monster/ymir work/monster/skeleton_god/36.gr2	d:/ymir work/monster/skeleton_god/36.gr2	1
Monster/ymir work/monster/skeleton_king/00.gr2	d:/ymir work/monster/skeleton_king/00.gr2	0
Monster/ymir work/monster/skeleton_god/36.msa	d:/ymir work/monster/skeleton_god/36.msa	1
Monster/ymir work/monster/skeleton_god/37.gr2	d:/ymir work/monster/skeleton_god/37.gr2	1
Monster/ymir work/monster/skeleton_god/37.msa	d:/ymir work/monster/skeleton_god/37.msa	1
Monster/ymir work/monster/skeleton_god/skeleton_god.dds	d:/ymir work/monster/skeleton_god/skeleton_god.dds	1
Monster/ymir work/monster/skeleton_god/skeleton_god.gr2	d:/ymir work/monster/skeleton_god/skeleton_god.gr2	1
Monster/ymir work/monster/skeleton_god/skeleton_god.msm	d:/ymir work/monster/skeleton_god/skeleton_god.msm	1
Monster/ymir work/monster/skeleton_king/00_1.msa	d:/ymir work/monster/skeleton_king/00_1.msa	1
Monster/ymir work/monster/skeleton_king/03.msa	d:/ymir work/monster/skeleton_king/03.msa	1
Monster/ymir work/monster/skeleton_king/20_1.gr2	d:/ymir work/monster/skeleton_king/20_1.gr2	1
Monster/ymir work/monster/skeleton_king/31.gr2	d:/ymir work/monster/skeleton_king/31.gr2	1
Monster/ymir work/monster/skeleton_king/31.msa	d:/ymir work/monster/skeleton_king/31.msa	1
Monster/ymir work/monster/skeleton_king/32.gr2	d:/ymir work/monster/skeleton_king/32.gr2	1
Monster/ymir work/monster/skeleton_king/32.msa	d:/ymir work/monster/skeleton_king/32.msa	1
Monster/ymir work/monster/skeleton_king/32_1.gr2	d:/ymir work/monster/skeleton_king/32_1.gr2	1
Monster/ymir work/monster/skeleton_king/34.gr2	d:/ymir work/monster/skeleton_king/34.gr2	1
Monster/ymir work/monster/skeleton_king/34_1.gr2	d:/ymir work/monster/skeleton_king/34_1.gr2	1
Monster/ymir work/monster/skeleton_king/34_1.msa	d:/ymir work/monster/skeleton_king/34_1.msa	1
Monster/ymir work/monster/wild_boar/00_2.msa	d:/ymir work/monster/wild_boar/00_2.msa	1
Monster/ymir work/monster/skeleton_king/36.gr2	d:/ymir work/monster/skeleton_king/36.gr2	1
Monster/ymir work/monster/skeleton_king/37.gr2	d:/ymir work/monster/skeleton_king/37.gr2	1
Monster/ymir work/monster/skeleton_king/motlist.txt	d:/ymir work/monster/skeleton_king/motlist.txt	1
Monster/ymir work/monster/skeleton_king/skeleton_king.gr2	d:/ymir work/monster/skeleton_king/skeleton_king.gr2	1
Monster/ymir work/monster/skeleton_king/skeleton_king_lod_01.gr2	d:/ymir work/monster/skeleton_king/skeleton_king_lod_01.gr2	1
Monster/ymir work/monster/skeleton_magician/00.msa	d:/ymir work/monster/skeleton_magician/00.msa	1
Monster/ymir work/monster/yellow_tigerman/36.gr2	d:/ymir work/monster/yellow_tigerman/36.gr2	1
Monster/ymir work/monster/skeleton_magician/20.gr2	d:/ymir work/monster/skeleton_magician/20.gr2	1
Monster/ymir work/monster/thief2/37.gr2	d:/ymir work/monster/thief2/37.gr2	1
Monster/ymir work/monster/skeleton_magician/20_1.gr2	d:/ymir work/monster/skeleton_magician/20_1.gr2	1
Monster/ymir work/monster/skeleton_magician/20_1.msa	d:/ymir work/monster/skeleton_magician/20_1.msa	1
Monster/ymir work/monster/skeleton_magician/20_2.gr2	d:/ymir work/monster/skeleton_magician/20_2.gr2	1
Monster/ymir work/monster/thiefboss1/00_2.gr2	d:/ymir work/monster/thiefboss1/00_2.gr2	1
Monster/ymir work/monster/skeleton_magician/20_2.msa	d:/ymir work/monster/skeleton_magician/20_2.msa	1
Monster/ymir work/monster/skeleton_magician/30_1.gr2	d:/ymir work/monster/skeleton_magician/30_1.gr2	1
Monster/ymir work/monster/skeleton_magician/30_1.msa	d:/ymir work/monster/skeleton_magician/30_1.msa	1
Monster/ymir work/monster/skeleton_magician/31.gr2	d:/ymir work/monster/skeleton_magician/31.gr2	1
Monster/ymir work/monster/skeleton_magician/31.msa	d:/ymir work/monster/skeleton_magician/31.msa	1
Monster/ymir work/monster/skeleton_magician/32.msa	d:/ymir work/monster/skeleton_magician/32.msa	1
Monster/ymir work/monster/skeleton_magician/34.gr2	d:/ymir work/monster/skeleton_magician/34.gr2	1
Monster/ymir work/monster/skeleton_magician/34_1.gr2	d:/ymir work/monster/skeleton_magician/34_1.gr2	1
Monster/ymir work/monster/skeleton_magician/34_1.msa	d:/ymir work/monster/skeleton_magician/34_1.msa	1
Monster/ymir work/monster/skeleton_magician/35.msa	d:/ymir work/monster/skeleton_magician/35.msa	1
Monster/ymir work/monster/skeleton_magician/37.gr2	d:/ymir work/monster/skeleton_magician/37.gr2	1
Monster/ymir work/monster/skeleton_magician/37.msa	d:/ymir work/monster/skeleton_magician/37.msa	1
Monster/ymir work/monster/skeleton_magician/motlist.txt	d:/ymir work/monster/skeleton_magician/motlist.txt	1
Monster/ymir work/monster/stray_dog/34_1.msa	d:/ymir work/monster/stray_dog/34_1.msa	1
Monster/ymir work/monster/skeleton_magician/skeleton_magician.gr2	d:/ymir work/monster/skeleton_magician/skeleton_magician.gr2	1
Monster/ymir work/monster/skeleton_magician/skeleton_magician.msm	d:/ymir work/monster/skeleton_magician/skeleton_magician.msm	1
Monster/ymir work/monster/skeleton_magician/후면혼빠져나가기.gr2	d:/ymir work/monster/skeleton_magician/후면혼빠져나가기.gr2	1
Monster/ymir work/monster/skeleton_soldier_bow/30.msa	d:/ymir work/monster/skeleton_soldier_bow/30.msa	1
Monster/ymir work/monster/skeleton_soldier_bow/30_1.gr2	d:/ymir work/monster/skeleton_soldier_bow/30_1.gr2	1
Monster/ymir work/monster/skeleton_soldier_bow/30_1.msa	d:/ymir work/monster/skeleton_soldier_bow/30_1.msa	1
Monster/ymir work/monster/skeleton_soldier_bow/31.gr2	d:/ymir work/monster/skeleton_soldier_bow/31.gr2	1
Monster/ymir work/monster/skeleton_soldier_bow/32.gr2	d:/ymir work/monster/skeleton_soldier_bow/32.gr2	1
Monster/ymir work/monster/skeleton_soldier_bow/32.msa	d:/ymir work/monster/skeleton_soldier_bow/32.msa	1
Monster/ymir work/monster/skeleton_soldier_bow/33.msa	d:/ymir work/monster/skeleton_soldier_bow/33.msa	1
Monster/ymir work/monster/skeleton_soldier_bow/34_1.msa	d:/ymir work/monster/skeleton_soldier_bow/34_1.msa	1
Monster/ymir work/monster/skeleton_soldier_bow/36.gr2	d:/ymir work/monster/skeleton_soldier_bow/36.gr2	1
Monster/ymir work/monster/thiefboss3/00_1.gr2	d:/ymir work/monster/thiefboss3/00_1.gr2	1
Monster/ymir work/monster/skeleton_soldier_bow/36.msa	d:/ymir work/monster/skeleton_soldier_bow/36.msa	1
Monster/ymir work/monster/skeleton_soldier_bow/37.gr2	d:/ymir work/monster/skeleton_soldier_bow/37.gr2	1
Monster/ymir work/monster/skeleton_soldier_bow/motlist.txt	d:/ymir work/monster/skeleton_soldier_bow/motlist.txt	1
Monster/ymir work/monster/skeleton_soldier_bow/skeleton_soldier.dds	d:/ymir work/monster/skeleton_soldier_bow/skeleton_soldier.dds	1
Monster/ymir work/monster/sugu_general/33.gr2	d:/ymir work/monster/sugu_general/33.gr2	1
Monster/ymir work/monster/stray_dog/stray_dog.dds	d:/ymir work/monster/stray_dog/stray_dog.dds	1
Monster/ymir work/monster/skeleton_soldier_bow/skeleton_soldier_bow.msm	d:/ymir work/monster/skeleton_soldier_bow/skeleton_soldier_bow.msm	1
Monster/ymir work/monster/wild_boar/30.msa	d:/ymir work/monster/wild_boar/30.msa	1
Monster/ymir work/monster/skeleton_soldier_scythe/00.msa	d:/ymir work/monster/skeleton_soldier_scythe/00.msa	1
Monster/ymir work/monster/skeleton_soldier_scythe/03.gr2	d:/ymir work/monster/skeleton_soldier_scythe/03.gr2	1
Monster/ymir work/monster/skeleton_soldier_scythe/03.msa	d:/ymir work/monster/skeleton_soldier_scythe/03.msa	1
Monster/ymir work/monster/tiger/35.msa	d:/ymir work/monster/tiger/35.msa	1
Monster/ymir work/monster/skeleton_soldier_scythe/20_1.gr2	d:/ymir work/monster/skeleton_soldier_scythe/20_1.gr2	1
Monster/ymir work/monster/wolf/wolf_blue_lod_01.gr2	d:/ymir work/monster/wolf/wolf_blue_lod_01.gr2	1
Monster/ymir work/monster/skeleton_soldier_scythe/30.gr2	d:/ymir work/monster/skeleton_soldier_scythe/30.gr2	1
Monster/ymir work/monster/skeleton_soldier_scythe/30_1.msa	d:/ymir work/monster/skeleton_soldier_scythe/30_1.msa	1
Monster/ymir work/monster/skeleton_soldier_scythe/31.gr2	d:/ymir work/monster/skeleton_soldier_scythe/31.gr2	1
Monster/ymir work/monster/skeleton_soldier_scythe/31.msa	d:/ymir work/monster/skeleton_soldier_scythe/31.msa	1
Monster/ymir work/monster/skeleton_soldier_scythe/32.gr2	d:/ymir work/monster/skeleton_soldier_scythe/32.gr2	1
Monster/ymir work/monster/skeleton_soldier_scythe/33.msa	d:/ymir work/monster/skeleton_soldier_scythe/33.msa	1
Monster/ymir work/monster/skeleton_soldier_scythe/34.gr2	d:/ymir work/monster/skeleton_soldier_scythe/34.gr2	1
Monster/ymir work/monster/skeleton_soldier_scythe/20_1.msa	d:/ymir work/monster/skeleton_soldier_scythe/20_1.msa	1
Monster/ymir work/monster/skeleton_soldier_scythe/34_1.msa	d:/ymir work/monster/skeleton_soldier_scythe/34_1.msa	1
Monster/ymir work/monster/skeleton_soldier_scythe/35.gr2	d:/ymir work/monster/skeleton_soldier_scythe/35.gr2	1
Monster/ymir work/monster/skeleton_soldier_scythe/35.msa	d:/ymir work/monster/skeleton_soldier_scythe/35.msa	1
Monster/ymir work/monster/stray_dog/stray_dog.msm	d:/ymir work/monster/stray_dog/stray_dog.msm	1
Monster/ymir work/monster/skeleton_soldier_scythe/36.gr2	d:/ymir work/monster/skeleton_soldier_scythe/36.gr2	1
Monster/ymir work/monster/skeleton_soldier_scythe/37.msa	d:/ymir work/monster/skeleton_soldier_scythe/37.msa	1
Monster/ymir work/monster/tiger/tiger.msm	d:/ymir work/monster/tiger/tiger.msm	1
Monster/ymir work/monster/skeleton_soldier_scythe/motlist.txt	d:/ymir work/monster/skeleton_soldier_scythe/motlist.txt	1
Monster/ymir work/monster/skeleton_soldier_scythe/skeleton_weapon.dds	d:/ymir work/monster/skeleton_soldier_scythe/skeleton_weapon.dds	1
Monster/ymir work/monster/skeleton_soldier_spear/00.gr2	d:/ymir work/monster/skeleton_soldier_spear/00.gr2	0
Monster/ymir work/monster/stray_dog/34_1.gr2	d:/ymir work/monster/stray_dog/34_1.gr2	1
Monster/ymir work/monster/skeleton_soldier_spear/00.msa	d:/ymir work/monster/skeleton_soldier_spear/00.msa	1
Monster/ymir work/monster/skeleton_soldier_spear/00_1.gr2	d:/ymir work/monster/skeleton_soldier_spear/00_1.gr2	1
Monster/ymir work/monster/spite_ghost/30.gr2	d:/ymir work/monster/spite_ghost/30.gr2	1
Monster/ymir work/monster/skeleton_soldier_spear/00_1.msa	d:/ymir work/monster/skeleton_soldier_spear/00_1.msa	1
Monster/ymir work/monster/skeleton_soldier_spear/03.msa	d:/ymir work/monster/skeleton_soldier_spear/03.msa	1
Monster/ymir work/monster/skeleton_soldier_spear/20.gr2	d:/ymir work/monster/skeleton_soldier_spear/20.gr2	1
Monster/ymir work/monster/skeleton_soldier_spear/30.msa	d:/ymir work/monster/skeleton_soldier_spear/30.msa	1
Monster/ymir work/monster/skeleton_soldier_spear/30_1.gr2	d:/ymir work/monster/skeleton_soldier_spear/30_1.gr2	1
Monster/ymir work/monster/skeleton_soldier_spear/31.gr2	d:/ymir work/monster/skeleton_soldier_spear/31.gr2	1
Monster/ymir work/monster/skeleton_soldier_spear/32.gr2	d:/ymir work/monster/skeleton_soldier_spear/32.gr2	1
Monster/ymir work/monster/skeleton_soldier_spear/32.msa	d:/ymir work/monster/skeleton_soldier_spear/32.msa	1
Monster/ymir work/monster/skeleton_soldier_spear/33.gr2	d:/ymir work/monster/skeleton_soldier_spear/33.gr2	1
Monster/ymir work/monster/skeleton_soldier_spear/34.gr2	d:/ymir work/monster/skeleton_soldier_spear/34.gr2	1
Monster/ymir work/monster/skeleton_soldier_spear/34_1.msa	d:/ymir work/monster/skeleton_soldier_spear/34_1.msa	1
Monster/ymir work/monster/skeleton_soldier_spear/35.gr2	d:/ymir work/monster/skeleton_soldier_spear/35.gr2	1
Monster/ymir work/monster/tiger/20.msa	d:/ymir work/monster/tiger/20.msa	1
Monster/ymir work/monster/skeleton_soldier_spear/35.msa	d:/ymir work/monster/skeleton_soldier_spear/35.msa	1
Monster/ymir work/monster/thief3/32.msa	d:/ymir work/monster/thief3/32.msa	1
Monster/ymir work/monster/skeleton_soldier_spear/36.gr2	d:/ymir work/monster/skeleton_soldier_spear/36.gr2	1
Monster/ymir work/monster/skeleton_soldier_spear/36.msa	d:/ymir work/monster/skeleton_soldier_spear/36.msa	1
Monster/ymir work/monster/skeleton_soldier_spear/37.gr2	d:/ymir work/monster/skeleton_soldier_spear/37.gr2	1
Monster/ymir work/monster/skeleton_soldier_spear/37.msa	d:/ymir work/monster/skeleton_soldier_spear/37.msa	1
Monster/ymir work/monster/skeleton_soldier_spear/motlist.txt	d:/ymir work/monster/skeleton_soldier_spear/motlist.txt	1
Monster/ymir work/monster/skeleton_soldier_spear/skeleton_soldier_spear.gr2	d:/ymir work/monster/skeleton_soldier_spear/skeleton_soldier_spear.gr2	1
Monster/ymir work/monster/skeleton_soldier_spear/skeleton_soldier_spear.msm	d:/ymir work/monster/skeleton_soldier_spear/skeleton_soldier_spear.msm	1
Monster/ymir work/monster/skeleton_wizard/00.gr2	d:/ymir work/monster/skeleton_wizard/00.gr2	0
Monster/ymir work/monster/skeleton_wizard/00_1.gr2	d:/ymir work/monster/skeleton_wizard/00_1.gr2	1
Monster/ymir work/monster/skeleton_wizard/03.gr2	d:/ymir work/monster/skeleton_wizard/03.gr2	1
Monster/ymir work/monster/skeleton_wizard/20.gr2	d:/ymir work/monster/skeleton_wizard/20.gr2	1
Monster/ymir work/monster/skeleton_wizard/31.gr2	d:/ymir work/monster/skeleton_wizard/31.gr2	1
Monster/ymir work/monster/skeleton_wizard/32.gr2	d:/ymir work/monster/skeleton_wizard/32.gr2	1
Monster/ymir work/monster/skeleton_wizard/32.msa	d:/ymir work/monster/skeleton_wizard/32.msa	1
Monster/ymir work/monster/skeleton_wizard/33.msa	d:/ymir work/monster/skeleton_wizard/33.msa	1
Monster/ymir work/monster/skeleton_wizard/34_1.gr2	d:/ymir work/monster/skeleton_wizard/34_1.gr2	1
Monster/ymir work/monster/skeleton_wizard/34_1.msa	d:/ymir work/monster/skeleton_wizard/34_1.msa	1
Monster/ymir work/monster/stray_dog/34.gr2	d:/ymir work/monster/stray_dog/34.gr2	1
Monster/ymir work/monster/skeleton_wizard/35.gr2	d:/ymir work/monster/skeleton_wizard/35.gr2	1
Monster/ymir work/monster/skeleton_wizard/36.gr2	d:/ymir work/monster/skeleton_wizard/36.gr2	1
Monster/ymir work/monster/thief1/37_1.gr2	d:/ymir work/monster/thief1/37_1.gr2	1
Monster/ymir work/monster/skeleton_wizard/36.msa	d:/ymir work/monster/skeleton_wizard/36.msa	1
Monster/ymir work/monster/skeleton_wizard/motlist.txt	d:/ymir work/monster/skeleton_wizard/motlist.txt	1
Monster/ymir work/monster/skeleton_wizard/skeleton_wizard.dds	d:/ymir work/monster/skeleton_wizard/skeleton_wizard.dds	1
Monster/ymir work/monster/skeleton_wizard/skeleton_wizard.msm	d:/ymir work/monster/skeleton_wizard/skeleton_wizard.msm	1
Monster/ymir work/monster/skeleton_wizard/skeleton_wizard_lod_01.gr2	d:/ymir work/monster/skeleton_wizard/skeleton_wizard_lod_01.gr2	1
Monster/ymir work/monster/spite_ghost/00_1.msa	d:/ymir work/monster/spite_ghost/00_1.msa	1
Monster/ymir work/monster/thief3/00.msa	d:/ymir work/monster/thief3/00.msa	1
Monster/ymir work/monster/spite_ghost/03.gr2	d:/ymir work/monster/spite_ghost/03.gr2	1
Monster/ymir work/monster/spite_ghost/03.msa	d:/ymir work/monster/spite_ghost/03.msa	1
Monster/ymir work/monster/spite_ghost/20.gr2	d:/ymir work/monster/spite_ghost/20.gr2	1
Monster/ymir work/monster/spite_ghost/20_1.gr2	d:/ymir work/monster/spite_ghost/20_1.gr2	1
Monster/ymir work/monster/spite_ghost/30.msa	d:/ymir work/monster/spite_ghost/30.msa	1
Monster/ymir work/monster/spite_ghost/30_1.gr2	d:/ymir work/monster/spite_ghost/30_1.gr2	1
Monster/ymir work/monster/spite_ghost/30_1.msa	d:/ymir work/monster/spite_ghost/30_1.msa	1
Monster/ymir work/monster/spite_ghost/32.gr2	d:/ymir work/monster/spite_ghost/32.gr2	1
Monster/ymir work/monster/spite_ghost/32.msa	d:/ymir work/monster/spite_ghost/32.msa	1
Monster/ymir work/monster/spite_ghost/33.gr2	d:/ymir work/monster/spite_ghost/33.gr2	1
Monster/ymir work/monster/spite_ghost/34.gr2	d:/ymir work/monster/spite_ghost/34.gr2	1
Monster/ymir work/monster/spite_ghost/34_1.gr2	d:/ymir work/monster/spite_ghost/34_1.gr2	1
Monster/ymir work/monster/spite_ghost/34_1.msa	d:/ymir work/monster/spite_ghost/34_1.msa	1
Monster/ymir work/monster/spite_ghost/35.msa	d:/ymir work/monster/spite_ghost/35.msa	1
Monster/ymir work/monster/spite_ghost/spite_ghost.dds	d:/ymir work/monster/spite_ghost/spite_ghost.dds	1
Monster/ymir work/monster/spite_ghost/spite_ghost.msm	d:/ymir work/monster/spite_ghost/spite_ghost.msm	1
Monster/ymir work/monster/spite_ghost/spite_ghost_lod_01.gr2	d:/ymir work/monster/spite_ghost/spite_ghost_lod_01.gr2	1
Monster/ymir work/monster/thiefboss3/31.gr2	d:/ymir work/monster/thiefboss3/31.gr2	1
Monster/ymir work/monster/stray_dog/00_1.gr2	d:/ymir work/monster/stray_dog/00_1.gr2	1
Monster/ymir work/monster/orc_general/20.msa	d:/ymir work/monster/orc_general/20.msa	1
Monster/ymir work/monster/stray_dog/00_1.msa	d:/ymir work/monster/stray_dog/00_1.msa	1
Monster/ymir work/monster/stray_dog/02.gr2	d:/ymir work/monster/stray_dog/02.gr2	1
Monster/ymir work/monster/stray_dog/20_1.msa	d:/ymir work/monster/stray_dog/20_1.msa	1
Monster/ymir work/monster/stray_dog/30.gr2	d:/ymir work/monster/stray_dog/30.gr2	1
Monster/ymir work/monster/stray_dog/31.gr2	d:/ymir work/monster/stray_dog/31.gr2	1
Monster/ymir work/monster/stray_dog/32.gr2	d:/ymir work/monster/stray_dog/32.gr2	1
Monster/ymir work/monster/thief3/33.gr2	d:/ymir work/monster/thief3/33.gr2	1
Monster/ymir work/monster/stray_dog/32.msa	d:/ymir work/monster/stray_dog/32.msa	1
Monster/ymir work/monster/stray_dog/33.msa	d:/ymir work/monster/stray_dog/33.msa	1
Monster/ymir work/monster/stray_dog/35.gr2	d:/ymir work/monster/stray_dog/35.gr2	1
Monster/ymir work/monster/stray_dog/35.msa	d:/ymir work/monster/stray_dog/35.msa	1
Monster/ymir work/monster/stray_dog/37.gr2	d:/ymir work/monster/stray_dog/37.gr2	1
Monster/ymir work/monster/stray_dog/37.msa	d:/ymir work/monster/stray_dog/37.msa	1
Monster/ymir work/monster/stray_dog/37_1.msa	d:/ymir work/monster/stray_dog/37_1.msa	1
Monster/ymir work/monster/stray_dog/motlist.txt	d:/ymir work/monster/stray_dog/motlist.txt	1
Monster/ymir work/monster/sugu_general/00.gr2	d:/ymir work/monster/sugu_general/00.gr2	0
Monster/ymir work/monster/sugu_general/00.msa	d:/ymir work/monster/sugu_general/00.msa	1
Monster/ymir work/monster/skeleton_king/24.msa	d:/ymir work/monster/skeleton_king/24.msa	1
Monster/ymir work/monster/sugu_general/00_1.gr2	d:/ymir work/monster/sugu_general/00_1.gr2	1
Monster/ymir work/monster/sugu_general/03.gr2	d:/ymir work/monster/sugu_general/03.gr2	1
Monster/ymir work/monster/sugu_general/20.gr2	d:/ymir work/monster/sugu_general/20.gr2	1
Monster/ymir work/monster/sugu_general/30.msa	d:/ymir work/monster/sugu_general/30.msa	1
Monster/ymir work/monster/sugu_general/30_1.msa	d:/ymir work/monster/sugu_general/30_1.msa	1
Monster/ymir work/monster/sugu_general/31.gr2	d:/ymir work/monster/sugu_general/31.gr2	1
Monster/ymir work/monster/thiefboss2/36.gr2	d:/ymir work/monster/thiefboss2/36.gr2	1
Monster/ymir work/monster/sugu_general/32.gr2	d:/ymir work/monster/sugu_general/32.gr2	1
Monster/ymir work/monster/sugu_general/33.msa	d:/ymir work/monster/sugu_general/33.msa	1
Monster/ymir work/monster/sugu_general/34.gr2	d:/ymir work/monster/sugu_general/34.gr2	1
Monster/ymir work/monster/sugu_general/34_1.msa	d:/ymir work/monster/sugu_general/34_1.msa	1
Monster/ymir work/monster/sugu_general/35.gr2	d:/ymir work/monster/sugu_general/35.gr2	1
Monster/ymir work/monster/sugu_general/35.msa	d:/ymir work/monster/sugu_general/35.msa	1
Monster/ymir work/monster/sugu_general/36.gr2	d:/ymir work/monster/sugu_general/36.gr2	1
Monster/ymir work/monster/sugu_general/motlist.txt	d:/ymir work/monster/sugu_general/motlist.txt	1
Monster/ymir work/monster/sugu_general/sugu_crown.dds	d:/ymir work/monster/sugu_general/sugu_crown.dds	1
Monster/ymir work/monster/sugu_general/sugu_general.gr2	d:/ymir work/monster/sugu_general/sugu_general.gr2	1
Monster/ymir work/monster/sugu_general/sugu_general.msm	d:/ymir work/monster/sugu_general/sugu_general.msm	1
Monster/ymir work/monster/thief1/00.gr2	d:/ymir work/monster/thief1/00.gr2	0
Monster/ymir work/monster/thief1/00.msa	d:/ymir work/monster/thief1/00.msa	1
Monster/ymir work/monster/thief1/00_1.gr2	d:/ymir work/monster/thief1/00_1.gr2	1
Monster/ymir work/monster/thief1/00_1.msa	d:/ymir work/monster/thief1/00_1.msa	1
Monster/ymir work/monster/thief1/00_2.gr2	d:/ymir work/monster/thief1/00_2.gr2	1
Monster/ymir work/monster/thief1/00_2.msa	d:/ymir work/monster/thief1/00_2.msa	1
Monster/ymir work/monster/thief1/02.gr2	d:/ymir work/monster/thief1/02.gr2	1
Monster/ymir work/monster/thief1/02.msa	d:/ymir work/monster/thief1/02.msa	1
Monster/ymir work/monster/thief1/03_1.gr2	d:/ymir work/monster/thief1/03_1.gr2	1
Monster/ymir work/monster/thief1/03_1.msa	d:/ymir work/monster/thief1/03_1.msa	1
Monster/ymir work/monster/thief1/20.gr2	d:/ymir work/monster/thief1/20.gr2	1
Monster/ymir work/monster/thief1/20_1.gr2	d:/ymir work/monster/thief1/20_1.gr2	1
Monster/ymir work/monster/thief1/20_1.msa	d:/ymir work/monster/thief1/20_1.msa	1
Monster/ymir work/monster/thief1/20_2.gr2	d:/ymir work/monster/thief1/20_2.gr2	1
Monster/ymir work/monster/thief1/30.gr2	d:/ymir work/monster/thief1/30.gr2	1
Monster/ymir work/monster/thief1/30.msa	d:/ymir work/monster/thief1/30.msa	1
Monster/ymir work/monster/thief1/30_1.msa	d:/ymir work/monster/thief1/30_1.msa	1
Monster/ymir work/monster/thief1/31.gr2	d:/ymir work/monster/thief1/31.gr2	1
Monster/ymir work/monster/thief1/31_1.gr2	d:/ymir work/monster/thief1/31_1.gr2	1
Monster/ymir work/monster/thief1/31_1.msa	d:/ymir work/monster/thief1/31_1.msa	1
Monster/ymir work/monster/thief1/32.gr2	d:/ymir work/monster/thief1/32.gr2	1
Monster/ymir work/monster/wild_boar_god/37.gr2	d:/ymir work/monster/wild_boar_god/37.gr2	1
Monster/ymir work/monster/thief1/33.gr2	d:/ymir work/monster/thief1/33.gr2	1
Monster/ymir work/monster/thief1/33.msa	d:/ymir work/monster/thief1/33.msa	1
Monster/ymir work/monster/thief1/34.gr2	d:/ymir work/monster/thief1/34.gr2	1
Monster/ymir work/monster/thief1/34.msa	d:/ymir work/monster/thief1/34.msa	1
Monster/ymir work/monster/thief1/34_1.gr2	d:/ymir work/monster/thief1/34_1.gr2	1
Monster/ymir work/monster/thief1/37.gr2	d:/ymir work/monster/thief1/37.gr2	1
Monster/ymir work/monster/thiefboss1/52.gr2	d:/ymir work/monster/thiefboss1/52.gr2	1
Monster/ymir work/monster/thief1/37_1.msa	d:/ymir work/monster/thief1/37_1.msa	1
Monster/ymir work/monster/thief1/37_2.gr2	d:/ymir work/monster/thief1/37_2.gr2	1
Monster/ymir work/monster/thief1/thief1.dds	d:/ymir work/monster/thief1/thief1.dds	1
Monster/ymir work/monster/thief1/thief1.msm	d:/ymir work/monster/thief1/thief1.msm	1
Monster/ymir work/monster/thief3/33.msa	d:/ymir work/monster/thief3/33.msa	1
Monster/ymir work/monster/thief1/thief1_weapon.dds	d:/ymir work/monster/thief1/thief1_weapon.dds	1
Monster/ymir work/monster/thief2/00.msa	d:/ymir work/monster/thief2/00.msa	1
Monster/ymir work/monster/thief3/31.msa	d:/ymir work/monster/thief3/31.msa	1
Monster/ymir work/monster/thief3/20.gr2	d:/ymir work/monster/thief3/20.gr2	1
Monster/ymir work/monster/thief2/00_1.gr2	d:/ymir work/monster/thief2/00_1.gr2	1
Monster/ymir work/monster/thief2/00_1.msa	d:/ymir work/monster/thief2/00_1.msa	1
Monster/ymir work/monster/thief2/00_2.msa	d:/ymir work/monster/thief2/00_2.msa	1
Monster/ymir work/monster/thief2/02.msa	d:/ymir work/monster/thief2/02.msa	1
Monster/ymir work/monster/thief2/03_1.msa	d:/ymir work/monster/thief2/03_1.msa	1
Monster/ymir work/monster/thief2/20.gr2	d:/ymir work/monster/thief2/20.gr2	1
Monster/ymir work/monster/thief3/30.gr2	d:/ymir work/monster/thief3/30.gr2	1
Monster/ymir work/monster/thief2/20.msa	d:/ymir work/monster/thief2/20.msa	1
Monster/ymir work/monster/thief2/20_1.msa	d:/ymir work/monster/thief2/20_1.msa	1
Monster/ymir work/monster/thief2/20_2.gr2	d:/ymir work/monster/thief2/20_2.gr2	1
Monster/ymir work/monster/thief2/20_2.msa	d:/ymir work/monster/thief2/20_2.msa	1
Monster/ymir work/monster/thief2/30.msa	d:/ymir work/monster/thief2/30.msa	1
Monster/ymir work/monster/thief2/30_1.gr2	d:/ymir work/monster/thief2/30_1.gr2	1
Monster/ymir work/monster/thief2/30_1.msa	d:/ymir work/monster/thief2/30_1.msa	1
Monster/ymir work/monster/tiger/30.gr2	d:/ymir work/monster/tiger/30.gr2	1
Monster/ymir work/monster/thiefboss3/35.msa	d:/ymir work/monster/thiefboss3/35.msa	1
Monster/ymir work/monster/thief2/31.gr2	d:/ymir work/monster/thief2/31.gr2	1
Monster/ymir work/monster/thief2/31.msa	d:/ymir work/monster/thief2/31.msa	1
Monster/ymir work/monster/thief2/31_1.gr2	d:/ymir work/monster/thief2/31_1.gr2	1
Monster/ymir work/monster/thief2/31_1.msa	d:/ymir work/monster/thief2/31_1.msa	1
Monster/ymir work/monster/thief2/32.gr2	d:/ymir work/monster/thief2/32.gr2	1
Monster/ymir work/monster/wolf/wolf.gr2	d:/ymir work/monster/wolf/wolf.gr2	1
Monster/ymir work/monster/thief2/33.gr2	d:/ymir work/monster/thief2/33.gr2	1
Monster/ymir work/monster/thief2/34.msa	d:/ymir work/monster/thief2/34.msa	1
Monster/ymir work/monster/thief2/34_1.gr2	d:/ymir work/monster/thief2/34_1.gr2	1
Monster/ymir work/monster/thief2/35.msa	d:/ymir work/monster/thief2/35.msa	1
Monster/ymir work/monster/thief2/36.gr2	d:/ymir work/monster/thief2/36.gr2	1
Monster/ymir work/monster/thief2/36.msa	d:/ymir work/monster/thief2/36.msa	1
Monster/ymir work/monster/thief2/motlist.txt	d:/ymir work/monster/thief2/motlist.txt	1
Monster/ymir work/monster/thief2/thief2.dds	d:/ymir work/monster/thief2/thief2.dds	1
Monster/ymir work/monster/thief2/thief2.msm	d:/ymir work/monster/thief2/thief2.msm	1
Monster/ymir work/monster/thief3/00.gr2	d:/ymir work/monster/thief3/00.gr2	0
Monster/ymir work/monster/thief3/03.gr2	d:/ymir work/monster/thief3/03.gr2	1
Monster/ymir work/monster/thief3/20.msa	d:/ymir work/monster/thief3/20.msa	1
Monster/ymir work/monster/thief3/31.gr2	d:/ymir work/monster/thief3/31.gr2	1
Monster/ymir work/monster/thief3/34.gr2	d:/ymir work/monster/thief3/34.gr2	1
Monster/ymir work/monster/thief3/34.msa	d:/ymir work/monster/thief3/34.msa	1
Monster/ymir work/monster/thief3/motlist.txt	d:/ymir work/monster/thief3/motlist.txt	1
Monster/ymir work/monster/thief3/thief3.dds	d:/ymir work/monster/thief3/thief3.dds	1
Monster/ymir work/monster/thief3/thief3.gr2	d:/ymir work/monster/thief3/thief3.gr2	1
Monster/ymir work/monster/thiefboss1/00.gr2	d:/ymir work/monster/thiefboss1/00.gr2	0
Monster/ymir work/monster/thiefboss1/00.msa	d:/ymir work/monster/thiefboss1/00.msa	1
Monster/ymir work/monster/thiefboss1/00_1.gr2	d:/ymir work/monster/thiefboss1/00_1.gr2	1
Monster/ymir work/monster/thiefboss1/00_2.msa	d:/ymir work/monster/thiefboss1/00_2.msa	1
Monster/ymir work/monster/thiefboss1/02.msa	d:/ymir work/monster/thiefboss1/02.msa	1
Monster/ymir work/monster/thiefboss1/03.gr2	d:/ymir work/monster/thiefboss1/03.gr2	1
Monster/ymir work/monster/thiefboss1/03.msa	d:/ymir work/monster/thiefboss1/03.msa	1
Monster/ymir work/monster/thiefboss1/20.gr2	d:/ymir work/monster/thiefboss1/20.gr2	1
Monster/ymir work/monster/thiefboss1/30.gr2	d:/ymir work/monster/thiefboss1/30.gr2	1
Monster/ymir work/monster/thiefboss1/30.msa	d:/ymir work/monster/thiefboss1/30.msa	1
Monster/ymir work/monster/thiefboss1/30_1.msa	d:/ymir work/monster/thiefboss1/30_1.msa	1
Monster/ymir work/monster/thiefboss1/31.msa	d:/ymir work/monster/thiefboss1/31.msa	1
Monster/ymir work/monster/thiefboss1/32.msa	d:/ymir work/monster/thiefboss1/32.msa	1
Monster/ymir work/monster/thiefboss1/33.gr2	d:/ymir work/monster/thiefboss1/33.gr2	1
Monster/ymir work/monster/thiefboss1/34.msa	d:/ymir work/monster/thiefboss1/34.msa	1
Monster/ymir work/monster/thiefboss1/34_1.gr2	d:/ymir work/monster/thiefboss1/34_1.gr2	1
Monster/ymir work/monster/thiefboss1/34_1.msa	d:/ymir work/monster/thiefboss1/34_1.msa	1
Monster/ymir work/monster/thiefboss1/35.msa	d:/ymir work/monster/thiefboss1/35.msa	1
Monster/ymir work/monster/thiefboss1/36.gr2	d:/ymir work/monster/thiefboss1/36.gr2	1
Monster/ymir work/monster/thiefboss1/36.msa	d:/ymir work/monster/thiefboss1/36.msa	1
Monster/ymir work/monster/thiefboss1/37.msa	d:/ymir work/monster/thiefboss1/37.msa	1
Monster/ymir work/monster/thiefboss1/50.gr2	d:/ymir work/monster/thiefboss1/50.gr2	1
Monster/ymir work/monster/thiefboss1/50.msa	d:/ymir work/monster/thiefboss1/50.msa	1
Monster/ymir work/monster/thiefboss1/51.gr2	d:/ymir work/monster/thiefboss1/51.gr2	1
Monster/ymir work/monster/thiefboss1/51.msa	d:/ymir work/monster/thiefboss1/51.msa	1
Monster/ymir work/monster/thiefboss1/motlist.txt	d:/ymir work/monster/thiefboss1/motlist.txt	1
Monster/ymir work/monster/thiefboss1/thiefboss1.dds	d:/ymir work/monster/thiefboss1/thiefboss1.dds	1
Monster/ymir work/monster/thiefboss1/thiefboss1.gr2	d:/ymir work/monster/thiefboss1/thiefboss1.gr2	1
Monster/ymir work/monster/thiefboss1/thiefboss1.msm	d:/ymir work/monster/thiefboss1/thiefboss1.msm	1
Monster/ymir work/monster/thiefboss1/thiefboss1_lod_01.gr2	d:/ymir work/monster/thiefboss1/thiefboss1_lod_01.gr2	1
Monster/ymir work/monster/thiefboss1/thiefboss1_weapon.dds	d:/ymir work/monster/thiefboss1/thiefboss1_weapon.dds	1
Monster/ymir work/monster/thiefboss2/00.gr2	d:/ymir work/monster/thiefboss2/00.gr2	0
Monster/ymir work/monster/thiefboss2/00.msa	d:/ymir work/monster/thiefboss2/00.msa	1
Monster/ymir work/monster/thiefboss2/00_1.msa	d:/ymir work/monster/thiefboss2/00_1.msa	1
Monster/ymir work/monster/thiefboss2/03.msa	d:/ymir work/monster/thiefboss2/03.msa	1
Monster/ymir work/monster/thiefboss2/20.gr2	d:/ymir work/monster/thiefboss2/20.gr2	1
Monster/ymir work/monster/thiefboss2/30.gr2	d:/ymir work/monster/thiefboss2/30.gr2	1
Monster/ymir work/monster/thiefboss2/thiefboss2.msm	d:/ymir work/monster/thiefboss2/thiefboss2.msm	1
Monster/ymir work/monster/thiefboss2/30_1.gr2	d:/ymir work/monster/thiefboss2/30_1.gr2	1
Monster/ymir work/monster/thiefboss2/30_1.msa	d:/ymir work/monster/thiefboss2/30_1.msa	1
Monster/ymir work/monster/thiefboss2/32.msa	d:/ymir work/monster/thiefboss2/32.msa	1
Monster/ymir work/monster/thiefboss2/33.gr2	d:/ymir work/monster/thiefboss2/33.gr2	1
Monster/ymir work/monster/thiefboss2/33.msa	d:/ymir work/monster/thiefboss2/33.msa	1
Monster/ymir work/monster/thiefboss2/34.msa	d:/ymir work/monster/thiefboss2/34.msa	1
Monster/ymir work/monster/thiefboss2/34_1.gr2	d:/ymir work/monster/thiefboss2/34_1.gr2	1
Monster/ymir work/monster/thiefboss2/35.gr2	d:/ymir work/monster/thiefboss2/35.gr2	1
Monster/ymir work/monster/thiefboss2/35.msa	d:/ymir work/monster/thiefboss2/35.msa	1
Monster/ymir work/monster/thiefboss2/37.gr2	d:/ymir work/monster/thiefboss2/37.gr2	1
Monster/ymir work/monster/thiefboss2/37.msa	d:/ymir work/monster/thiefboss2/37.msa	1
Monster/ymir work/monster/thiefboss2/37_1.gr2	d:/ymir work/monster/thiefboss2/37_1.gr2	1
Monster/ymir work/monster/thiefboss2/37_1.msa	d:/ymir work/monster/thiefboss2/37_1.msa	1
Monster/ymir work/monster/thiefboss2/51.msa	d:/ymir work/monster/thiefboss2/51.msa	1
Monster/ymir work/monster/thiefboss2/52.gr2	d:/ymir work/monster/thiefboss2/52.gr2	1
Monster/ymir work/monster/thiefboss2/52.msa	d:/ymir work/monster/thiefboss2/52.msa	1
Monster/ymir work/monster/thiefboss2/thiefboss2.gr2	d:/ymir work/monster/thiefboss2/thiefboss2.gr2	1
Monster/ymir work/monster/thiefboss2/thiefboss2_lod_01.gr2	d:/ymir work/monster/thiefboss2/thiefboss2_lod_01.gr2	1
Monster/ymir work/monster/thiefboss3/00.msa	d:/ymir work/monster/thiefboss3/00.msa	1
Monster/ymir work/monster/thiefboss3/00_1.msa	d:/ymir work/monster/thiefboss3/00_1.msa	1
Monster/ymir work/monster/thiefboss3/00_2.gr2	d:/ymir work/monster/thiefboss3/00_2.gr2	1
Monster/ymir work/monster/thiefboss3/00_2.msa	d:/ymir work/monster/thiefboss3/00_2.msa	1
Monster/ymir work/monster/thiefboss3/02.gr2	d:/ymir work/monster/thiefboss3/02.gr2	1
Monster/ymir work/monster/thiefboss3/02.msa	d:/ymir work/monster/thiefboss3/02.msa	1
Monster/ymir work/monster/thiefboss3/20.msa	d:/ymir work/monster/thiefboss3/20.msa	1
Monster/ymir work/monster/thiefboss3/32.gr2	d:/ymir work/monster/thiefboss3/32.gr2	1
Monster/ymir work/monster/thiefboss3/33.gr2	d:/ymir work/monster/thiefboss3/33.gr2	1
Monster/ymir work/monster/thiefboss3/33.msa	d:/ymir work/monster/thiefboss3/33.msa	1
Monster/ymir work/monster/thiefboss3/34.msa	d:/ymir work/monster/thiefboss3/34.msa	1
Monster/ymir work/monster/thiefboss3/34_1.msa	d:/ymir work/monster/thiefboss3/34_1.msa	1
Monster/ymir work/monster/thiefboss3/35.gr2	d:/ymir work/monster/thiefboss3/35.gr2	1
Monster/ymir work/monster/thiefboss3/36.gr2	d:/ymir work/monster/thiefboss3/36.gr2	1
Monster/ymir work/monster/thiefboss3/37_1.gr2	d:/ymir work/monster/thiefboss3/37_1.gr2	1
Monster/ymir work/monster/thiefboss3/50.gr2	d:/ymir work/monster/thiefboss3/50.gr2	1
Monster/ymir work/monster/yellow_tigerman/30_1.gr2	d:/ymir work/monster/yellow_tigerman/30_1.gr2	1
Monster/ymir work/monster/wild_boar_god/02.gr2	d:/ymir work/monster/wild_boar_god/02.gr2	1
Monster/ymir work/monster/thiefboss3/51.gr2	d:/ymir work/monster/thiefboss3/51.gr2	1
Monster/ymir work/monster/thiefboss3/motlist.txt	d:/ymir work/monster/thiefboss3/motlist.txt	1
Monster/ymir work/monster/thiefboss3/thiefboss3.dds	d:/ymir work/monster/thiefboss3/thiefboss3.dds	1
Monster/ymir work/monster/thiefboss3/thiefboss3.gr2	d:/ymir work/monster/thiefboss3/thiefboss3.gr2	1
Monster/ymir work/monster/tiger/00_1.gr2	d:/ymir work/monster/tiger/00_1.gr2	1
Monster/ymir work/monster/tiger/00_1.msa	d:/ymir work/monster/tiger/00_1.msa	1
Monster/ymir work/monster/tiger/20.gr2	d:/ymir work/monster/tiger/20.gr2	1
Monster/ymir work/monster/tiger/30.msa	d:/ymir work/monster/tiger/30.msa	1
Monster/ymir work/monster/tiger/31.gr2	d:/ymir work/monster/tiger/31.gr2	1
Monster/ymir work/monster/tiger/31.msa	d:/ymir work/monster/tiger/31.msa	1
Monster/ymir work/monster/tiger/33.gr2	d:/ymir work/monster/tiger/33.gr2	1
Monster/ymir work/monster/tiger/33.msa	d:/ymir work/monster/tiger/33.msa	1
Monster/ymir work/monster/tiger/34.gr2	d:/ymir work/monster/tiger/34.gr2	1
Monster/ymir work/monster/tiger/37.gr2	d:/ymir work/monster/tiger/37.gr2	1
Monster/ymir work/monster/tiger/37.msa	d:/ymir work/monster/tiger/37.msa	1
Monster/ymir work/monster/tiger/37_1.gr2	d:/ymir work/monster/tiger/37_1.gr2	1
Monster/ymir work/monster/tiger/tiger_big.gr2	d:/ymir work/monster/tiger/tiger_big.gr2	1
Monster/ymir work/monster/tiger/tiger_big.msm	d:/ymir work/monster/tiger/tiger_big.msm	1
Monster/ymir work/monster/yellow_tigerman/35.msa	d:/ymir work/monster/yellow_tigerman/35.msa	1
Monster/ymir work/monster/tiger/tiger_god.dds	d:/ymir work/monster/tiger/tiger_god.dds	1
Monster/ymir work/monster/tiger/tiger_god.msm	d:/ymir work/monster/tiger/tiger_god.msm	1
Monster/ymir work/monster/tiger/tiger_lod_01.gr2	d:/ymir work/monster/tiger/tiger_lod_01.gr2	1
Monster/ymir work/monster/tiger/tooth.dds	d:/ymir work/monster/tiger/tooth.dds	1
Monster/ymir work/monster/wild_boar/00.gr2	d:/ymir work/monster/wild_boar/00.gr2	0
Monster/ymir work/monster/wild_boar/00_1.gr2	d:/ymir work/monster/wild_boar/00_1.gr2	1
Monster/ymir work/monster/wild_boar/00_2.gr2	d:/ymir work/monster/wild_boar/00_2.gr2	1
Monster/ymir work/monster/wild_boar/02.gr2	d:/ymir work/monster/wild_boar/02.gr2	1
Monster/ymir work/monster/wild_boar/02.msa	d:/ymir work/monster/wild_boar/02.msa	1
Monster/ymir work/monster/wild_boar/20.gr2	d:/ymir work/monster/wild_boar/20.gr2	1
Monster/ymir work/monster/wild_boar/20.msa	d:/ymir work/monster/wild_boar/20.msa	1
Monster/ymir work/monster/wild_boar/20_1.gr2	d:/ymir work/monster/wild_boar/20_1.gr2	1
Monster/ymir work/monster/wild_boar/30.gr2	d:/ymir work/monster/wild_boar/30.gr2	1
Monster/ymir work/monster/wild_boar/31.gr2	d:/ymir work/monster/wild_boar/31.gr2	1
Monster/ymir work/monster/wild_boar/32.msa	d:/ymir work/monster/wild_boar/32.msa	1
Monster/ymir work/monster/wild_boar/34.msa	d:/ymir work/monster/wild_boar/34.msa	1
Monster/ymir work/monster/orc_scouter/20.msa	d:/ymir work/monster/orc_scouter/20.msa	1
Monster/ymir work/monster/wild_boar/motlist.txt	d:/ymir work/monster/wild_boar/motlist.txt	1
Monster/ymir work/monster/wild_boar/red_wild_boar_lod_01.gr2	d:/ymir work/monster/wild_boar/red_wild_boar_lod_01.gr2	1
Monster/ymir work/monster/wild_boar/wild_boar.gr2	d:/ymir work/monster/wild_boar/wild_boar.gr2	1
Monster/ymir work/monster/wild_boar/wild_boar.msm	d:/ymir work/monster/wild_boar/wild_boar.msm	1
Monster/ymir work/monster/wild_boar_god/03.gr2	d:/ymir work/monster/wild_boar_god/03.gr2	1
Monster/ymir work/monster/wild_boar_god/03.msa	d:/ymir work/monster/wild_boar_god/03.msa	1
Monster/ymir work/monster/wild_boar_god/20.gr2	d:/ymir work/monster/wild_boar_god/20.gr2	1
Monster/ymir work/monster/wild_boar_god/30.gr2	d:/ymir work/monster/wild_boar_god/30.gr2	1
Monster/ymir work/monster/wild_boar_god/30.msa	d:/ymir work/monster/wild_boar_god/30.msa	1
Monster/ymir work/monster/wild_boar_god/31.gr2	d:/ymir work/monster/wild_boar_god/31.gr2	1
Monster/ymir work/monster/wild_boar_god/32.gr2	d:/ymir work/monster/wild_boar_god/32.gr2	1
Monster/ymir work/monster/wild_boar_god/33.gr2	d:/ymir work/monster/wild_boar_god/33.gr2	1
Monster/ymir work/monster/wild_boar_god/34.gr2	d:/ymir work/monster/wild_boar_god/34.gr2	1
Monster/ymir work/monster/wild_boar_god/34.msa	d:/ymir work/monster/wild_boar_god/34.msa	1
Monster/ymir work/monster/wild_boar_god/35.gr2	d:/ymir work/monster/wild_boar_god/35.gr2	1
Monster/ymir work/monster/wild_boar_god/37.msa	d:/ymir work/monster/wild_boar_god/37.msa	1
Monster/ymir work/monster/wild_boar_god/52.msa	d:/ymir work/monster/wild_boar_god/52.msa	1
Monster/ymir work/monster/wild_boar_god/wild_boar_god.dds	d:/ymir work/monster/wild_boar_god/wild_boar_god.dds	1
Monster/ymir work/monster/wild_boar_god/wild_boar_god.gr2	d:/ymir work/monster/wild_boar_god/wild_boar_god.gr2	1
Monster/ymir work/monster/wild_boar_god/wild_boar_god_lod_01.gr2	d:/ymir work/monster/wild_boar_god/wild_boar_god_lod_01.gr2	1
Monster/ymir work/monster/wolf/00.gr2	d:/ymir work/monster/wolf/00.gr2	0
Monster/ymir work/monster/wolf/00.msa	d:/ymir work/monster/wolf/00.msa	1
Monster/ymir work/monster/wolf/00_1.gr2	d:/ymir work/monster/wolf/00_1.gr2	1
Monster/ymir work/monster/wolf/00_1.msa	d:/ymir work/monster/wolf/00_1.msa	1
Monster/ymir work/monster/wolf/00_2.msa	d:/ymir work/monster/wolf/00_2.msa	1
Monster/ymir work/monster/wolf/02.gr2	d:/ymir work/monster/wolf/02.gr2	1
Monster/ymir work/monster/wolf/02.msa	d:/ymir work/monster/wolf/02.msa	1
Monster/ymir work/monster/wolf/wolf_gray.dds	d:/ymir work/monster/wolf/wolf_gray.dds	1
Monster/ymir work/monster/wolf/03.gr2	d:/ymir work/monster/wolf/03.gr2	1
Monster/ymir work/monster/wolf/20.gr2	d:/ymir work/monster/wolf/20.gr2	1
Monster/ymir work/monster/wolf/20.msa	d:/ymir work/monster/wolf/20.msa	1
Monster/ymir work/monster/wolf/20_1.gr2	d:/ymir work/monster/wolf/20_1.gr2	1
Monster/ymir work/monster/wolf/31.gr2	d:/ymir work/monster/wolf/31.gr2	1
Monster/ymir work/monster/wolf/32.gr2	d:/ymir work/monster/wolf/32.gr2	1
Monster/ymir work/monster/wolf/32.msa	d:/ymir work/monster/wolf/32.msa	1
Monster/ymir work/monster/wolf/33.gr2	d:/ymir work/monster/wolf/33.gr2	1
Monster/ymir work/monster/wolf/34.msa	d:/ymir work/monster/wolf/34.msa	1
Monster/ymir work/monster/wolf/35.gr2	d:/ymir work/monster/wolf/35.gr2	1
Monster/ymir work/monster/wolf/35.msa	d:/ymir work/monster/wolf/35.msa	1
Monster/ymir work/monster/wolf/37.gr2	d:/ymir work/monster/wolf/37.gr2	1
Monster/ymir work/monster/wolf/37.msa	d:/ymir work/monster/wolf/37.msa	1
Monster/ymir work/monster/wolf/wolf.msm	d:/ymir work/monster/wolf/wolf.msm	1
Monster/ymir work/monster/wolf/wolf_blue.gr2	d:/ymir work/monster/wolf/wolf_blue.gr2	1
Monster/ymir work/monster/wolf/wolf_blue.msm	d:/ymir work/monster/wolf/wolf_blue.msm	1
Monster/ymir work/monster/wolf/wolf_gray.gr2	d:/ymir work/monster/wolf/wolf_gray.gr2	1
Monster/ymir work/monster/wolf/wolf_gray.msm	d:/ymir work/monster/wolf/wolf_gray.msm	1
Monster/ymir work/monster/wolf/wolf_gray_lod_01.gr2	d:/ymir work/monster/wolf/wolf_gray_lod_01.gr2	1
Monster/ymir work/monster/wolf/wolf_lod_01.gr2	d:/ymir work/monster/wolf/wolf_lod_01.gr2	1
Monster/ymir work/monster/yellow_tigerman/00_1.msa	d:/ymir work/monster/yellow_tigerman/00_1.msa	1
Monster/ymir work/monster/yellow_tigerman/30.msa	d:/ymir work/monster/yellow_tigerman/30.msa	1
Monster/ymir work/monster/yellow_tigerman/31.gr2	d:/ymir work/monster/yellow_tigerman/31.gr2	1
Monster/ymir work/monster/yellow_tigerman/32.msa	d:/ymir work/monster/yellow_tigerman/32.msa	1
Monster/ymir work/monster/yellow_tigerman/33.gr2	d:/ymir work/monster/yellow_tigerman/33.gr2	1
Monster/ymir work/monster/yellow_tigerman/33.msa	d:/ymir work/monster/yellow_tigerman/33.msa	1
Monster/ymir work/monster/yellow_tigerman/34.msa	d:/ymir work/monster/yellow_tigerman/34.msa	1
Monster/ymir work/monster/yellow_tigerman/34_1.gr2	d:/ymir work/monster/yellow_tigerman/34_1.gr2	1
Monster/ymir work/monster/yellow_tigerman/36.msa	d:/ymir work/monster/yellow_tigerman/36.msa	1
Monster/ymir work/monster/greenfrog_general/20.msa	d:/ymir work/monster/greenfrog_general/20.msa	1
Monster/ymir work/monster/yellow_tigerman/yellow_tigerman.dds	d:/ymir work/monster/yellow_tigerman/yellow_tigerman.dds	1
Monster/ymir work/monster/yellow_tigerman/yellow_tigerman.msm	d:/ymir work/monster/yellow_tigerman/yellow_tigerman.msm	1
Monster/ymir work/monster/yellow_tigerman/yellow_tigerman_lod_01.gr2	d:/ymir work/monster/yellow_tigerman/yellow_tigerman_lod_01.gr2	1
Monster/ymir work/monster/barbarian_soldier/20.msa	d:/ymir work/monster/barbarian_soldier/20.msa	1
Monster/ymir work/monster/skeleton_general/20_1.msa	d:/ymir work/monster/skeleton_general/20_1.msa	1
Monster/ymir work/monster/chaos_ghost/20.msa	d:/ymir work/monster/chaos_ghost/20.msa	1
Monster/ymir work/monster/fox_ninetail/20.msa	d:/ymir work/monster/fox_ninetail/20.msa	1
Monster/ymir work/monster/fox_ninetail/20_1.msa	d:/ymir work/monster/fox_ninetail/20_1.msa	1
Monster/ymir work/monster/greenfrog_soldier/20.msa	d:/ymir work/monster/greenfrog_soldier/20.msa	1
Monster/ymir work/monster/ice_snow_giant_man/20_1.msa	d:/ymir work/monster/ice_snow_giant_man/20_1.msa	1
Monster/ymir work/monster/ice_snow_golem/20_1.msa	d:/ymir work/monster/ice_snow_golem/20_1.msa	1
Monster/ymir work/monster/ice_snow_insect/20_1.msa	d:/ymir work/monster/ice_snow_insect/20_1.msa	1
Monster/ymir work/monster/ice_snow_whale/20.msa	d:/ymir work/monster/ice_snow_whale/20.msa	1
Monster/ymir work/monster/orc_general/20_1.msa	d:/ymir work/monster/orc_general/20_1.msa	1
Monster/ymir work/monster/orc_knight/20.msa	d:/ymir work/monster/orc_knight/20.msa	1
Monster/ymir work/monster/recycle_monster/20.msa	d:/ymir work/monster/recycle_monster/20.msa	1
Monster/ymir work/monster/skeleton_bigboss/20.msa	d:/ymir work/monster/skeleton_bigboss/20.msa	1
Monster/ymir work/monster/skeleton_bigboss/20_1.msa	d:/ymir work/monster/skeleton_bigboss/20_1.msa	1
Monster/ymir work/monster/skeleton_general/20.msa	d:/ymir work/monster/skeleton_general/20.msa	1
Monster/ymir work/monster/skeleton_magician/20.msa	d:/ymir work/monster/skeleton_magician/20.msa	1
Monster/ymir work/monster/skeleton_soldier_scythe/20.msa	d:/ymir work/monster/skeleton_soldier_scythe/20.msa	1
Monster/ymir work/monster/skeleton_soldier_spear/20.msa	d:/ymir work/monster/skeleton_soldier_spear/20.msa	1
Monster/ymir work/monster/skeleton_soldier_spear/20_1.msa	d:/ymir work/monster/skeleton_soldier_spear/20_1.msa	1
Monster/ymir work/monster/skeleton_wizard/20_1.msa	d:/ymir work/monster/skeleton_wizard/20_1.msa	1
Monster/ymir work/monster/spite_ghost/20.msa	d:/ymir work/monster/spite_ghost/20.msa	1
Monster/ymir work/monster/sugu_general/20.msa	d:/ymir work/monster/sugu_general/20.msa	1
Monster/ymir work/monster/sugu_general/20_1.msa	d:/ymir work/monster/sugu_general/20_1.msa	1
Monster/ymir work/monster/thiefboss3/20_1.msa	d:/ymir work/monster/thiefboss3/20_1.msa	1
Monster/ymir work/monster/yellow_tigerman/20.msa	d:/ymir work/monster/yellow_tigerman/20.msa	1
Monster/ymir work/monster/fox_ninetail/24.gr2	d:/ymir work/monster/fox_ninetail/24.gr2	1
Monster/ymir work/monster/fox_ninetail/24.msa	d:/ymir work/monster/fox_ninetail/24.msa	1
Monster/ymir work/monster/milgyo_founder/25.gr2	d:/ymir work/monster/milgyo_founder/25.gr2	1
Monster/ymir work/monster/misterious_diseased_host/24.gr2	d:/ymir work/monster/misterious_diseased_host/24.gr2	1
Monster/ymir work/monster/misterious_diseased_host/24.msa	d:/ymir work/monster/misterious_diseased_host/24.msa	1
Monster/ymir work/monster/misterious_diseased_host/25.msa	d:/ymir work/monster/misterious_diseased_host/25.msa	1
Monster/ymir work/monster/orc_lord/24.msa	d:/ymir work/monster/orc_lord/24.msa	1
Monster/ymir work/monster/skeleton_god/24.gr2	d:/ymir work/monster/skeleton_god/24.gr2	1
Monster/ymir work/monster/bou/20.msa	d:/ymir work/monster/bou/20.msa	1
