PC/ymir work/pc/assassin/effect/poison.mse	d:/ymir work/pc/assassin/effect/poison.mse	1
PC/ymir work/pc/sura/effect/blueburnbw.dds	d:/ymir work/pc/sura/effect/blueburnbw.dds	1
PC/ymir work/pc/assassin/assassin_geukseom.dds	d:/ymir work/pc/assassin/assassin_geukseom.dds	1
PC/ymir work/pc/common/effect/sword/sword_9_b.mse	d:/ymir work/pc/common/effect/sword/sword_9_b.mse	1
PC/ymir work/pc/assassin/skill/seomgwang.gr2	d:/ymir work/pc/assassin/skill/seomgwang.gr2	1
PC/ymir work/pc/warrior/skill/hwayeom.msk	d:/ymir work/pc/warrior/skill/hwayeom.msk	1
PC/ymir work/pc/warrior/effect/nwegeomsplash.dds	d:/ymir work/pc/warrior/effect/nwegeomsplash.dds	1
PC/ymir work/pc/warrior/warrior_4-1.dds	d:/ymir work/pc/warrior/warrior_4-1.dds	1
PC/ymir work/pc/common/effect/armor/fire2.dds	d:/ymir work/pc/common/effect/armor/fire2.dds	1
PC/ymir work/pc/shaman/effect/noise.dds	d:/ymir work/pc/shaman/effect/noise.dds	1
PC/ymir work/pc/analyze_speed.py	d:/ymir work/pc/analyze_speed.py	1
PC/ymir work/pc/shaman/skill/buhwal.gr2	d:/ymir work/pc/shaman/skill/buhwal.gr2	1
PC/ymir work/pc/assassin/horse_bow/wait_1.msa	d:/ymir work/pc/assassin/horse_bow/wait_1.msa	1
PC/ymir work/pc/assassin/effect/hwajopa_4.mse	d:/ymir work/pc/assassin/effect/hwajopa_4.mse	1
PC/ymir work/pc/warrior/effect/jeongwi_3.mse	d:/ymir work/pc/warrior/effect/jeongwi_3.mse	1
PC/ymir work/pc/assassin/skill/cheonryong_3.msa	d:/ymir work/pc/assassin/skill/cheonryong_3.msa	1
PC/ymir work/pc/sura/skill/mahwan_4.msa	d:/ymir work/pc/sura/skill/mahwan_4.msa	1
PC/ymir work/pc/assassin/effect/f1.dds	d:/ymir work/pc/assassin/effect/f1.dds	1
PC/ymir work/pc/assassin/assassin_3-1_yonga_a.dds	d:/ymir work/pc/assassin/assassin_3-1_yonga_a.dds	1
PC/ymir work/pc/sura/horse_onehand_sword/combo_03.gr2	d:/ymir work/pc/sura/horse_onehand_sword/combo_03.gr2	1
PC/ymir work/pc/shaman/shaman_face.dds	d:/ymir work/pc/shaman/shaman_face.dds	1
PC/ymir work/pc/assassin/assassin_1-3_dahong_a.dds	d:/ymir work/pc/assassin/assassin_1-3_dahong_a.dds	1
PC/ymir work/pc/shaman/effect/noejeon_3.msf	d:/ymir work/pc/shaman/effect/noejeon_3.msf	1
PC/ymir work/pc/sura/effect/geomhwan_throw.msf	d:/ymir work/pc/sura/effect/geomhwan_throw.msf	1
PC/ymir work/pc/shaman/action/dance_4.msa	d:/ymir work/pc/shaman/action/dance_4.msa	1
PC/ymir work/pc/warrior/effect/w_ring.dds	d:/ymir work/pc/warrior/effect/w_ring.dds	1
PC/ymir work/pc/warrior/effect/geom_3_spear_making.mse	d:/ymir work/pc/warrior/effect/geom_3_spear_making.mse	1
PC/ymir work/pc/assassin/assassin_tanma_lod_01.gr2	d:/ymir work/pc/assassin/assassin_tanma_lod_01.gr2	1
PC/ymir work/pc/sura/effect/pabeop_2_throw.msf	d:/ymir work/pc/sura/effect/pabeop_2_throw.msf	1
PC/ymir work/pc/common/effect/armor/round.dds	d:/ymir work/pc/common/effect/armor/round.dds	1
PC/ymir work/pc/assassin/effect/arrow_01.tga	d:/ymir work/pc/assassin/effect/arrow_01.tga	1
PC/ymir work/pc/sura/effect/meonji.dds	d:/ymir work/pc/sura/effect/meonji.dds	1
PC/ymir work/pc/warrior/effect/levelupenuri4 copy_red.jpg	d:/ymir work/pc/warrior/effect/levelupenuri4 copy_red.jpg	1
PC/ymir work/pc/assassin/assassin_hair_03.dds	d:/ymir work/pc/assassin/assassin_hair_03.dds	1
PC/ymir work/pc/sura/effect/geomhwangyeok_blow.mse	d:/ymir work/pc/sura/effect/geomhwangyeok_blow.mse	1
PC/ymir work/pc/assassin/effect/taeyang_hand_3.mse	d:/ymir work/pc/assassin/effect/taeyang_hand_3.mse	1
PC/ymir work/pc/common/effect/armor/weiss.mse	d:/ymir work/pc/common/effect/armor/weiss.mse	1
PC/ymir work/pc/assassin/assassin_0-1_novice_green_a.dds	d:/ymir work/pc/assassin/assassin_0-1_novice_green_a.dds	1
PC/ymir work/pc/warrior/skill/daejin_5.msa	d:/ymir work/pc/warrior/skill/daejin_5.msa	1
PC/ymir work/pc/sura/hair/hair_2_1.gr2	d:/ymir work/pc/sura/hair/hair_2_1.gr2	1
PC/ymir work/pc/sura/general/dig.gr2	d:/ymir work/pc/sura/general/dig.gr2	1
PC/ymir work/pc/assassin/assassin_hair_02.dds	d:/ymir work/pc/assassin/assassin_hair_02.dds	1
PC/ymir work/pc/sura/effect/fragment copy.dds	d:/ymir work/pc/sura/effect/fragment copy.dds	1
PC/ymir work/pc/assassin/skill/hwajo_2.msa	d:/ymir work/pc/assassin/skill/hwajo_2.msa	1
PC/ymir work/pc/assassin/skill/dokgigung.msa	d:/ymir work/pc/assassin/skill/dokgigung.msa	1
PC/ymir work/pc/shaman/action/banter.msa	d:/ymir work/pc/shaman/action/banter.msa	1
PC/ymir work/pc/assassin/dualhand_sword/rampage.gr2	d:/ymir work/pc/assassin/dualhand_sword/rampage.gr2	1
PC/ymir work/pc/assassin/assassin.gr2	d:/ymir work/pc/assassin/assassin.gr2	1
PC/ymir work/pc/shaman/skill/noejeon_2.msa	d:/ymir work/pc/shaman/skill/noejeon_2.msa	1
PC/ymir work/pc/warrior/action/french_kiss_with_warrior.msa	d:/ymir work/pc/warrior/action/french_kiss_with_warrior.msa	1
PC/ymir work/pc/shaman/action/french_kiss_with_sura.gr2	d:/ymir work/pc/shaman/action/french_kiss_with_sura.gr2	1
PC/ymir work/pc/warrior/onehand_sword/combo_01.gr2	d:/ymir work/pc/warrior/onehand_sword/combo_01.gr2	1
PC/ymir work/pc/assassin/horse/run.gr2	d:/ymir work/pc/assassin/horse/run.gr2	1
PC/ymir work/pc/warrior/skill/noegeom_4.msa	d:/ymir work/pc/warrior/skill/noegeom_4.msa	1
PC/ymir work/pc/shaman/bell/rampage_01.gr2	d:/ymir work/pc/shaman/bell/rampage_01.gr2	1
PC/ymir work/pc/sura/skill/muyeong.msk	d:/ymir work/pc/sura/skill/muyeong.msk	1
PC/ymir work/pc/shaman/shaman_cheonryun.dds	d:/ymir work/pc/shaman/shaman_cheonryun.dds	1
PC/ymir work/pc/analyze_speed.py~	d:/ymir work/pc/analyze_speed.py~	1
PC/ymir work/pc/warrior/effect/taesanapji.dds	d:/ymir work/pc/warrior/effect/taesanapji.dds	1
PC/ymir work/pc/assassin/skill/seomgwang_2.msa	d:/ymir work/pc/assassin/skill/seomgwang_2.msa	1
PC/ymir work/pc/sura/onehand_sword/combo_01.msa	d:/ymir work/pc/sura/onehand_sword/combo_01.msa	1
PC/ymir work/pc/shaman/bell/rampage_02.msa	d:/ymir work/pc/shaman/bell/rampage_02.msa	1
PC/ymir work/pc/assassin/skill/gyeonggong.gr2	d:/ymir work/pc/assassin/skill/gyeonggong.gr2	1
PC/ymir work/pc/assassin/assassin_novice_lod_01.gr2	d:/ymir work/pc/assassin/assassin_novice_lod_01.gr2	1
PC/ymir work/pc/common/effect/armor/armor_22.mse	d:/ymir work/pc/common/effect/armor/armor_22.mse	1
PC/ymir work/pc/assassin/assassin_novice.gr2	d:/ymir work/pc/assassin/assassin_novice.gr2	1
PC/ymir work/pc/common/effect/armor/bottom_violett.mse	d:/ymir work/pc/common/effect/armor/bottom_violett.mse	1
PC/ymir work/pc/shaman/skill/noejeon.gr2	d:/ymir work/pc/shaman/skill/noejeon.gr2	1
PC/ymir work/pc/warrior/hair/hair_1_3.gr2	d:/ymir work/pc/warrior/hair/hair_1_3.gr2	1
PC/ymir work/pc/warrior/effect/fireburnred.dds	d:/ymir work/pc/warrior/effect/fireburnred.dds	1
PC/ymir work/pc/assassin/hair/hair_1_1.dds	d:/ymir work/pc/assassin/hair/hair_1_1.dds	1
PC/ymir work/pc/assassin/assassin_1-1_tanma_a.dds	d:/ymir work/pc/assassin/assassin_1-1_tanma_a.dds	1
PC/ymir work/pc/assassin/skill/gigung.msk	d:/ymir work/pc/assassin/skill/gigung.msk	1
PC/ymir work/pc/assassin/action/dance_1.msa	d:/ymir work/pc/assassin/action/dance_1.msa	1
PC/ymir work/pc/assassin/action/french_kiss_with_sura.gr2	d:/ymir work/pc/assassin/action/french_kiss_with_sura.gr2	1
PC/ymir work/pc/warrior/effect/gyeoksantau.mde	d:/ymir work/pc/warrior/effect/gyeoksantau.mde	1
PC/ymir work/pc/assassin/effect/firebird copy.dds	d:/ymir work/pc/assassin/effect/firebird copy.dds	1
PC/ymir work/pc/assassin/dualhand_sword/rampage_03.msa	d:/ymir work/pc/assassin/dualhand_sword/rampage_03.msa	1
PC/ymir work/pc/assassin/wedding/walk.msa	d:/ymir work/pc/assassin/wedding/walk.msa	1
PC/ymir work/pc/assassin/assassin_lord_lod_02.gr2	d:/ymir work/pc/assassin/assassin_lord_lod_02.gr2	1
PC/ymir work/pc/warrior/effect/gyeokgongjang_round.dds	d:/ymir work/pc/warrior/effect/gyeokgongjang_round.dds	1
PC/ymir work/pc/sura/intro/not_selected.msa	d:/ymir work/pc/sura/intro/not_selected.msa	1
PC/ymir work/pc/assassin/assassin_1-2_geukseom_a.dds	d:/ymir work/pc/assassin/assassin_1-2_geukseom_a.dds	1
PC/ymir work/pc/assassin/general/damage.gr2	d:/ymir work/pc/assassin/general/damage.gr2	1
PC/ymir work/pc/assassin/assassin_bihyeon.dds	d:/ymir work/pc/assassin/assassin_bihyeon.dds	1
PC/ymir work/pc/warrior/fishing/fishing_cancel.msa	d:/ymir work/pc/warrior/fishing/fishing_cancel.msa	1
PC/ymir work/pc/assassin/horse_onehand_sword/combo_02.gr2	d:/ymir work/pc/assassin/horse_onehand_sword/combo_02.gr2	1
PC/ymir work/pc/sura/effect/whiteblue_energy copy.dds	d:/ymir work/pc/sura/effect/whiteblue_energy copy.dds	1
PC/ymir work/pc/sura/onehand_sword/combo_04.msa	d:/ymir work/pc/sura/onehand_sword/combo_04.msa	1
PC/ymir work/pc/assassin/effect/taeyang_blow.mse	d:/ymir work/pc/assassin/effect/taeyang_blow.mse	1
PC/ymir work/pc/sura/effect/beam_3_blow.mse	d:/ymir work/pc/sura/effect/beam_3_blow.mse	1
PC/ymir work/pc/assassin/action/dance_4.msa	d:/ymir work/pc/assassin/action/dance_4.msa	1
PC/ymir work/pc/assassin/assassin_2-1_biyeong_a.dds	d:/ymir work/pc/assassin/assassin_2-1_biyeong_a.dds	1
PC/ymir work/pc/warrior/effect/sa_za_hu_inter_pasthit6.dds	d:/ymir work/pc/warrior/effect/sa_za_hu_inter_pasthit6.dds	1
PC/ymir work/pc/assassin/general/walk.gr2	d:/ymir work/pc/assassin/general/walk.gr2	1
PC/ymir work/pc/sura/sura_unra.dds	d:/ymir work/pc/sura/sura_unra.dds	1
PC/ymir work/pc/assassin/assassin_2-2_yeongrin_a.dds	d:/ymir work/pc/assassin/assassin_2-2_yeongrin_a.dds	1
PC/ymir work/pc/sura/action/slap_hurt.gr2	d:/ymir work/pc/sura/action/slap_hurt.gr2	1
PC/ymir work/pc/sura/effect/geomhwagyeokhand_4_fallow.mse	d:/ymir work/pc/sura/effect/geomhwagyeokhand_4_fallow.mse	1
PC/ymir work/pc/assassin/lord_cloak.dds	d:/ymir work/pc/assassin/lord_cloak.dds	1
PC/ymir work/pc/shaman/effect/whitehole_sphere.dds	d:/ymir work/pc/shaman/effect/whitehole_sphere.dds	1
PC/ymir work/pc/common/effect/armor/aze_shining_yellow.mse	d:/ymir work/pc/common/effect/armor/aze_shining_yellow.mse	1
PC/ymir work/pc/assassin/effect/hwajopa_blow.mse	d:/ymir work/pc/assassin/effect/hwajopa_blow.mse	1
PC/ymir work/pc/warrior/warrior_nahan_lod_02.gr2	d:/ymir work/pc/warrior/warrior_nahan_lod_02.gr2	1
PC/ymir work/pc/assassin/assassin_2-3_jeoksal_a.dds	d:/ymir work/pc/assassin/assassin_2-3_jeoksal_a.dds	1
PC/ymir work/pc/shaman/fan/rampage_03.msa	d:/ymir work/pc/shaman/fan/rampage_03.msa	1
PC/ymir work/pc/warrior/effect/rotation of halfsplash copy.dds	d:/ymir work/pc/warrior/effect/rotation of halfsplash copy.dds	1
PC/ymir work/pc/assassin/assassin_salpung.dds	d:/ymir work/pc/assassin/assassin_salpung.dds	1
PC/ymir work/pc/shaman/effect/noejeon_4_throw.mse	d:/ymir work/pc/shaman/effect/noejeon_4_throw.mse	1
PC/ymir work/pc/assassin/assassin_4-1.dds	d:/ymir work/pc/assassin/assassin_4-1.dds	1
PC/ymir work/pc/assassin/general/attack_1.msa	d:/ymir work/pc/assassin/general/attack_1.msa	1
PC/ymir work/pc/shaman/effect/boho_making.mse	d:/ymir work/pc/shaman/effect/boho_making.mse	1
PC/ymir work/pc/common/effect/armor/armor_v3_orange.mse	d:/ymir work/pc/common/effect/armor/armor_v3_orange.mse	1
PC/ymir work/pc/assassin/fishing/fishing_react.msa	d:/ymir work/pc/assassin/fishing/fishing_react.msa	1
PC/ymir work/pc/assassin/effect/5 copy.dds	d:/ymir work/pc/assassin/effect/5 copy.dds	1
PC/ymir work/pc/assassin/horse/stop.msa	d:/ymir work/pc/assassin/horse/stop.msa	1
PC/ymir work/pc/assassin/skill/evasion.msk	d:/ymir work/pc/assassin/skill/evasion.msk	1
PC/ymir work/pc/assassin/dualhand_sword/damage_1.gr2	d:/ymir work/pc/assassin/dualhand_sword/damage_1.gr2	1
PC/ymir work/pc/shaman/general/falling_stand.msa	d:/ymir work/pc/shaman/general/falling_stand.msa	1
PC/ymir work/pc/assassin/assassin_face.dds	d:/ymir work/pc/assassin/assassin_face.dds	1
PC/ymir work/pc/assassin/assassin_4-1.gr2	d:/ymir work/pc/assassin/assassin_4-1.gr2	1
PC/ymir work/pc/assassin/dualhand_sword/damage_3.msa	d:/ymir work/pc/assassin/dualhand_sword/damage_3.msa	1
PC/ymir work/pc/assassin/assassin_4-1_lod_01.gr2	d:/ymir work/pc/assassin/assassin_4-1_lod_01.gr2	1
PC/ymir work/pc/shaman/skill/hosin_me.msa	d:/ymir work/pc/shaman/skill/hosin_me.msa	1
PC/ymir work/pc/assassin/assassin_4-1_lod_02.gr2	d:/ymir work/pc/assassin/assassin_4-1_lod_02.gr2	1
PC/ymir work/pc/assassin/effect/eunhyeongbeop_2.mse	d:/ymir work/pc/assassin/effect/eunhyeongbeop_2.mse	1
PC/ymir work/pc/warrior/effect/fireburnblue.dds	d:/ymir work/pc/warrior/effect/fireburnblue.dds	1
PC/ymir work/pc/assassin/effect/gwangyeoksul_4.msf	d:/ymir work/pc/assassin/effect/gwangyeoksul_4.msf	1
PC/ymir work/pc/common/effect/armor/rinna_new.dds	d:/ymir work/pc/common/effect/armor/rinna_new.dds	1
PC/ymir work/pc/shaman/skill/bipabu_3.msa	d:/ymir work/pc/shaman/skill/bipabu_3.msa	1
PC/ymir work/pc/assassin/assassin_novice_red.dds	d:/ymir work/pc/assassin/assassin_novice_red.dds	1
PC/ymir work/pc/sura/effect/geompung.msf	d:/ymir work/pc/sura/effect/geompung.msf	1
PC/ymir work/pc/common/effect/armor/armor-5-1.mse	d:/ymir work/pc/common/effect/armor/armor-5-1.mse	1
PC/ymir work/pc/shaman/effect/wind.jpg	d:/ymir work/pc/shaman/effect/wind.jpg	1
PC/ymir work/pc/sura/skill/pabeop.msk	d:/ymir work/pc/sura/skill/pabeop.msk	1
PC/ymir work/pc/shaman/hair/hair_4_4.gr2	d:/ymir work/pc/shaman/hair/hair_4_4.gr2	1
PC/ymir work/pc/assassin/assassin_4-1_lod_03.gr2	d:/ymir work/pc/assassin/assassin_4-1_lod_03.gr2	1
PC/ymir work/pc/shaman/effect/boho_making_4.mse	d:/ymir work/pc/shaman/effect/boho_making_4.mse	1
PC/ymir work/pc/assassin/assassin_lord.gr2	d:/ymir work/pc/assassin/assassin_lord.gr2	1
PC/ymir work/pc/common/effect/armor/armor-4-2-14_2.mse	d:/ymir work/pc/common/effect/armor/armor-4-2-14_2.mse	1
PC/ymir work/pc/assassin/effect/2.dds	d:/ymir work/pc/assassin/effect/2.dds	1
PC/ymir work/pc/assassin/assassin_4_2.dds	d:/ymir work/pc/assassin/assassin_4_2.dds	1
PC/ymir work/pc/assassin/action/kiss_with_sura.gr2	d:/ymir work/pc/assassin/action/kiss_with_sura.gr2	1
PC/ymir work/pc/assassin/assassin_bihyeon.gr2	d:/ymir work/pc/assassin/assassin_bihyeon.gr2	1
PC/ymir work/pc/assassin/skill/yeonsa_3.msa	d:/ymir work/pc/assassin/skill/yeonsa_3.msa	1
PC/ymir work/pc/common/effect/sword/sword_8_f.mse	d:/ymir work/pc/common/effect/sword/sword_8_f.mse	1
PC/ymir work/pc/assassin/assassin_yonga_lod_01.gr2	d:/ymir work/pc/assassin/assassin_yonga_lod_01.gr2	1
PC/ymir work/pc/common/effect/armor/dr.jpg	d:/ymir work/pc/common/effect/armor/dr.jpg	1
PC/ymir work/pc/shaman/skill/buhwal.msk	d:/ymir work/pc/shaman/skill/buhwal.msk	1
PC/ymir work/pc/assassin/skill/seomjeon.gr2	d:/ymir work/pc/assassin/skill/seomjeon.gr2	1
PC/ymir work/pc/assassin/horse_dualhand_sword/skill_splash.msa	d:/ymir work/pc/assassin/horse_dualhand_sword/skill_splash.msa	1
PC/ymir work/pc/assassin/general/wait.gr2	d:/ymir work/pc/assassin/general/wait.gr2	1
PC/ymir work/pc/sura/fishing/fishing_catch.msa	d:/ymir work/pc/sura/fishing/fishing_catch.msa	1
PC/ymir work/pc/assassin/assassin_biyeong.dds	d:/ymir work/pc/assassin/assassin_biyeong.dds	1
PC/ymir work/pc/assassin/effect/beam_4.mse	d:/ymir work/pc/assassin/effect/beam_4.mse	1
PC/ymir work/pc/warrior/skill/musa.msa	d:/ymir work/pc/warrior/skill/musa.msa	1
PC/ymir work/pc/shaman/shaman_novice_lod_03.gr2	d:/ymir work/pc/shaman/shaman_novice_lod_03.gr2	1
PC/ymir work/pc/assassin/onehand_sword/rampage_02.gr2	d:/ymir work/pc/assassin/onehand_sword/rampage_02.gr2	1
PC/ymir work/pc/warrior/warrior_hair_03.dds	d:/ymir work/pc/warrior/warrior_hair_03.dds	1
PC/ymir work/pc/assassin/assassin_biyeong.gr2	d:/ymir work/pc/assassin/assassin_biyeong.gr2	1
PC/ymir work/pc/assassin/assassin_biyeong_lod_01.gr2	d:/ymir work/pc/assassin/assassin_biyeong_lod_01.gr2	1
PC/ymir work/pc/shaman/effect/rotation of rsotation of 3.dds	d:/ymir work/pc/shaman/effect/rotation of rsotation of 3.dds	1
PC/ymir work/pc/assassin/fishing/fishing_catch.msa	d:/ymir work/pc/assassin/fishing/fishing_catch.msa	1
PC/ymir work/pc/assassin/assassin_yonga_lod_03.gr2	d:/ymir work/pc/assassin/assassin_yonga_lod_03.gr2	1
PC/ymir work/pc/shaman/bell/damage_2.gr2	d:/ymir work/pc/shaman/bell/damage_2.gr2	1
PC/ymir work/pc/sura/effect/gwigeom_3.mse	d:/ymir work/pc/sura/effect/gwigeom_3.mse	1
PC/ymir work/pc/assassin/effect/arrow_01.dds	d:/ymir work/pc/assassin/effect/arrow_01.dds	1
PC/ymir work/pc/assassin/skill/gungsin.msa	d:/ymir work/pc/assassin/skill/gungsin.msa	1
PC/ymir work/pc/assassin/assassin_queen01.dds	d:/ymir work/pc/assassin/assassin_queen01.dds	1
PC/ymir work/pc/assassin/assassin_biyeong_lod_02.gr2	d:/ymir work/pc/assassin/assassin_biyeong_lod_02.gr2	1
PC/ymir work/pc/sura/sura_lord_lod_03.gr2	d:/ymir work/pc/sura/sura_lord_lod_03.gr2	1
PC/ymir work/pc/warrior/skill/yangson.msk	d:/ymir work/pc/warrior/skill/yangson.msk	1
PC/ymir work/pc/warrior/onehand_sword/combo_02.msa	d:/ymir work/pc/warrior/onehand_sword/combo_02.msa	1
PC/ymir work/pc/assassin/effect/yeonsa_2_energy.mse	d:/ymir work/pc/assassin/effect/yeonsa_2_energy.mse	1
PC/ymir work/pc/assassin/action/congratulation.gr2	d:/ymir work/pc/assassin/action/congratulation.gr2	1
PC/ymir work/pc/assassin/action/kiss_with_shaman.msa	d:/ymir work/pc/assassin/action/kiss_with_shaman.msa	1
PC/ymir work/pc/shaman/horse/wait.msa	d:/ymir work/pc/shaman/horse/wait.msa	1
PC/ymir work/pc/assassin/general/attack.gr2	d:/ymir work/pc/assassin/general/attack.gr2	1
PC/ymir work/pc/sura/effect/redburn_1 copy.dds	d:/ymir work/pc/sura/effect/redburn_1 copy.dds	1
PC/ymir work/pc/shaman/shaman_bihong_a.dds	d:/ymir work/pc/shaman/shaman_bihong_a.dds	1
PC/ymir work/pc/assassin/effect/hwajo.msf	d:/ymir work/pc/assassin/effect/hwajo.msf	1
PC/ymir work/pc/assassin/effect/9-1 copy.dds	d:/ymir work/pc/assassin/effect/9-1 copy.dds	1
PC/ymir work/pc/sura/effect/gwi_geom_bright copy.dds	d:/ymir work/pc/sura/effect/gwi_geom_bright copy.dds	1
PC/ymir work/pc/assassin/assassin_biyeong_lod_03.gr2	d:/ymir work/pc/assassin/assassin_biyeong_lod_03.gr2	1
PC/ymir work/pc/warrior/skill/gihyeol.gr2	d:/ymir work/pc/warrior/skill/gihyeol.gr2	1
PC/ymir work/pc/warrior/onehand_sword/rampage_03.msa	d:/ymir work/pc/warrior/onehand_sword/rampage_03.msa	1
PC/ymir work/pc/assassin/assassin_dahong.dds	d:/ymir work/pc/assassin/assassin_dahong.dds	1
PC/ymir work/pc/assassin/effect/dokgigung_3.mse	d:/ymir work/pc/assassin/effect/dokgigung_3.mse	1
PC/ymir work/pc/assassin/dualhand_sword/damage_2.gr2	d:/ymir work/pc/assassin/dualhand_sword/damage_2.gr2	1
PC/ymir work/pc/sura/fishing/fishing_catch.gr2	d:/ymir work/pc/sura/fishing/fishing_catch.gr2	1
PC/ymir work/pc/assassin/horse_onehand_sword/combo_03.gr2	d:/ymir work/pc/assassin/horse_onehand_sword/combo_03.gr2	1
PC/ymir work/pc/warrior/effect/gigongcham_making.mse	d:/ymir work/pc/warrior/effect/gigongcham_making.mse	1
PC/ymir work/pc/assassin/assassin_hair_01.dds	d:/ymir work/pc/assassin/assassin_hair_01.dds	1
PC/ymir work/pc/shaman/hair/hair_4_2.gr2	d:/ymir work/pc/shaman/hair/hair_4_2.gr2	1
PC/ymir work/pc/assassin/effect/seomjeom_blow.mse	d:/ymir work/pc/assassin/effect/seomjeom_blow.mse	1
PC/ymir work/pc/sura/sura_maryeong.dds	d:/ymir work/pc/sura/sura_maryeong.dds	1
PC/ymir work/pc/sura/general/falling_stand.gr2	d:/ymir work/pc/sura/general/falling_stand.gr2	1
PC/ymir work/pc/assassin/horse_bow/skill_splash.gr2	d:/ymir work/pc/assassin/horse_bow/skill_splash.gr2	1
PC/ymir work/pc/assassin/assassin_tanma.gr2	d:/ymir work/pc/assassin/assassin_tanma.gr2	1
PC/ymir work/pc/assassin/assassin_hair_01_red.dds	d:/ymir work/pc/assassin/assassin_hair_01_red.dds	1
PC/ymir work/pc/sura/action/cheerup.gr2	d:/ymir work/pc/sura/action/cheerup.gr2	1
PC/ymir work/pc/assassin/assassin_hair_01_black.dds	d:/ymir work/pc/assassin/assassin_hair_01_black.dds	1
PC/ymir work/pc/shaman/skill/inma.msk	d:/ymir work/pc/shaman/skill/inma.msk	1
PC/ymir work/pc/assassin/skill/find_trap.msk	d:/ymir work/pc/assassin/skill/find_trap.msk	1
PC/ymir work/pc/assassin/action/cheers_2.gr2	d:/ymir work/pc/assassin/action/cheers_2.gr2	1
PC/ymir work/pc/shaman/effect/dhead.mde	d:/ymir work/pc/shaman/effect/dhead.mde	1
PC/ymir work/pc/sura/effect/geomhwangyeok_3.mse	d:/ymir work/pc/sura/effect/geomhwangyeok_3.mse	1
PC/ymir work/pc/assassin/assassin_hair_01_brown.dds	d:/ymir work/pc/assassin/assassin_hair_01_brown.dds	1
PC/ymir work/pc/common/effect/armor/texturen/70.dds	d:/ymir work/pc/common/effect/armor/texturen/70.dds	1
PC/ymir work/pc/sura/skill/muyeong_5.msa	d:/ymir work/pc/sura/skill/muyeong_5.msa	1
PC/ymir work/pc/assassin/assassin_hair_01_gold.dds	d:/ymir work/pc/assassin/assassin_hair_01_gold.dds	1
PC/ymir work/pc/shaman/effect/6gicheon_blow_4.mse	d:/ymir work/pc/shaman/effect/6gicheon_blow_4.mse	1
PC/ymir work/pc/sura/effect/geomhwangyeok_4_blow.mse	d:/ymir work/pc/sura/effect/geomhwangyeok_4_blow.mse	1
PC/ymir work/pc/assassin/general/damage.msa	d:/ymir work/pc/assassin/general/damage.msa	1
PC/ymir work/pc/shaman/effect/yongpa_3.mse	d:/ymir work/pc/shaman/effect/yongpa_3.mse	1
PC/ymir work/pc/sura/effect/muyeong_make.mse	d:/ymir work/pc/sura/effect/muyeong_make.mse	1
PC/ymir work/pc/assassin/assassin_jeoksal.dds	d:/ymir work/pc/assassin/assassin_jeoksal.dds	1
PC/ymir work/pc/shaman/skill/suho.msa	d:/ymir work/pc/shaman/skill/suho.msa	1
PC/ymir work/pc/assassin/effect/seomjeom_blow_4.mse	d:/ymir work/pc/assassin/effect/seomjeom_blow_4.mse	1
PC/ymir work/pc/sura/effect/geomhwagyeokhand_2.mse	d:/ymir work/pc/sura/effect/geomhwagyeokhand_2.mse	1
PC/ymir work/pc/sura/effect/jumageom_loop.mse	d:/ymir work/pc/sura/effect/jumageom_loop.mse	1
PC/ymir work/pc/assassin/assassin_hair_01_white.dds	d:/ymir work/pc/assassin/assassin_hair_01_white.dds	1
PC/ymir work/pc/sura/sura_0-3_novice_red_a.dds	d:/ymir work/pc/sura/sura_0-3_novice_red_a.dds	1
PC/ymir work/pc/warrior/warrior_lord_lod_01.gr2	d:/ymir work/pc/warrior/warrior_lord_lod_01.gr2	1
PC/ymir work/pc/sura/hair/hair_4_4.dds	d:/ymir work/pc/sura/hair/hair_4_4.dds	1
PC/ymir work/pc/assassin/assassin_yonga.gr2	d:/ymir work/pc/assassin/assassin_yonga.gr2	1
PC/ymir work/pc/shaman/bell/damage.gr2	d:/ymir work/pc/shaman/bell/damage.gr2	1
PC/ymir work/pc/assassin/assassin_lord_lod_01.gr2	d:/ymir work/pc/assassin/assassin_lord_lod_01.gr2	1
PC/ymir work/pc/assassin/action/kiss_with_assassin.msa	d:/ymir work/pc/assassin/action/kiss_with_assassin.msa	1
PC/ymir work/pc/assassin/fishing/throw.gr2	d:/ymir work/pc/assassin/fishing/throw.gr2	1
PC/ymir work/pc/assassin/general/dead.msa	d:/ymir work/pc/assassin/general/dead.msa	1
PC/ymir work/pc/assassin/skill/gungsin_3.msa	d:/ymir work/pc/assassin/skill/gungsin_3.msa	1
PC/ymir work/pc/assassin/assassin_lord_lod_03.gr2	d:/ymir work/pc/assassin/assassin_lord_lod_03.gr2	1
PC/ymir work/pc/warrior/effect/daejingak_3.mse	d:/ymir work/pc/warrior/effect/daejingak_3.mse	1
PC/ymir work/pc/assassin/assassin_marry_01.dds	d:/ymir work/pc/assassin/assassin_marry_01.dds	1
PC/ymir work/pc/assassin/assassin_marry_01.gr2	d:/ymir work/pc/assassin/assassin_marry_01.gr2	1
PC/ymir work/pc/assassin/effect/gwangyeoksul_arrowenergy.mse	d:/ymir work/pc/assassin/effect/gwangyeoksul_arrowenergy.mse	1
PC/ymir work/pc/shaman/skill/bipabu.msk	d:/ymir work/pc/shaman/skill/bipabu.msk	1
PC/ymir work/pc/sura/skill/maryeong.msk	d:/ymir work/pc/sura/skill/maryeong.msk	1
PC/ymir work/pc/assassin/hair/hair_2_1.gr2	d:/ymir work/pc/assassin/hair/hair_2_1.gr2	1
PC/ymir work/pc/assassin/assassin_novice_green.dds	d:/ymir work/pc/assassin/assassin_novice_green.dds	1
PC/ymir work/pc/assassin/assassin_novice_lod_02.gr2	d:/ymir work/pc/assassin/assassin_novice_lod_02.gr2	1
PC/ymir work/pc/assassin/skill/kwaegeom.msk	d:/ymir work/pc/assassin/skill/kwaegeom.msk	1
PC/ymir work/pc/sura/effect/pa_beop_sul copy.dds	d:/ymir work/pc/sura/effect/pa_beop_sul copy.dds	1
PC/ymir work/pc/assassin/skill/eunhyeong.gr2	d:/ymir work/pc/assassin/skill/eunhyeong.gr2	1
PC/ymir work/pc/assassin/assassin_novice_lod_03.gr2	d:/ymir work/pc/assassin/assassin_novice_lod_03.gr2	1
PC/ymir work/pc/assassin/skill/gigung.msa	d:/ymir work/pc/assassin/skill/gigung.msa	1
PC/ymir work/pc/assassin/assassin_novicelhair_01.dds	d:/ymir work/pc/assassin/assassin_novicelhair_01.dds	1
PC/ymir work/pc/assassin/skill/bunsin.msk	d:/ymir work/pc/assassin/skill/bunsin.msk	1
PC/ymir work/pc/common/effect/armor/water12.dds	d:/ymir work/pc/common/effect/armor/water12.dds	1
PC/ymir work/pc/assassin/assassin_salpung_a.dds	d:/ymir work/pc/assassin/assassin_salpung_a.dds	1
PC/ymir work/pc/shaman/effect/noejeon_4_blow.mse	d:/ymir work/pc/shaman/effect/noejeon_4_blow.mse	1
PC/ymir work/pc/warrior/skill/jeongwi_2.msa	d:/ymir work/pc/warrior/skill/jeongwi_2.msa	1
PC/ymir work/pc/shaman/action/angry.gr2	d:/ymir work/pc/shaman/action/angry.gr2	1
PC/ymir work/pc/assassin/bow/wait_1.msa	d:/ymir work/pc/assassin/bow/wait_1.msa	1
PC/ymir work/pc/assassin/assassin_tanma.dds	d:/ymir work/pc/assassin/assassin_tanma.dds	1
PC/ymir work/pc/warrior/warrior_yongsin.dds	d:/ymir work/pc/warrior/warrior_yongsin.dds	1
PC/ymir work/pc/assassin/action/french_kiss_with_sura.msa	d:/ymir work/pc/assassin/action/french_kiss_with_sura.msa	1
PC/ymir work/pc/assassin/effect/ring_rainbow_line.dds	d:/ymir work/pc/assassin/effect/ring_rainbow_line.dds	1
PC/ymir work/pc/sura/sura_hair_01_black.dds	d:/ymir work/pc/sura/sura_hair_01_black.dds	1
PC/ymir work/pc/assassin/assassin_tanma_lod_02.gr2	d:/ymir work/pc/assassin/assassin_tanma_lod_02.gr2	1
PC/ymir work/pc/shaman/bell/walk.gr2	d:/ymir work/pc/shaman/bell/walk.gr2	1
PC/ymir work/pc/shaman/skill/paeryong_4.msa	d:/ymir work/pc/shaman/skill/paeryong_4.msa	1
PC/ymir work/pc/assassin/assassin_tanma_lod_03.gr2	d:/ymir work/pc/assassin/assassin_tanma_lod_03.gr2	1
PC/ymir work/pc/assassin/skill/amseup_2.msa	d:/ymir work/pc/assassin/skill/amseup_2.msa	1
PC/ymir work/pc/sura/skill/tusok.msa	d:/ymir work/pc/sura/skill/tusok.msa	1
PC/ymir work/pc/assassin/action/french_kiss_with_shaman.gr2	d:/ymir work/pc/assassin/action/french_kiss_with_shaman.gr2	1
PC/ymir work/pc/assassin/effect/gungsintanyeong_3_blow.mse	d:/ymir work/pc/assassin/effect/gungsintanyeong_3_blow.mse	1
PC/ymir work/pc/assassin/assassin_yeongrin.dds	d:/ymir work/pc/assassin/assassin_yeongrin.dds	1
PC/ymir work/pc/assassin/assassin_yonga.dds	d:/ymir work/pc/assassin/assassin_yonga.dds	1
PC/ymir work/pc/assassin/effect/charyunsal_foot.mse	d:/ymir work/pc/assassin/effect/charyunsal_foot.mse	1
PC/ymir work/pc/shaman/effect/6gicheon_making_4.mse	d:/ymir work/pc/shaman/effect/6gicheon_making_4.mse	1
PC/ymir work/pc/assassin/onehand_sword/combo_06.gr2	d:/ymir work/pc/assassin/onehand_sword/combo_06.gr2	1
PC/ymir work/pc/assassin/horse/walk.msa	d:/ymir work/pc/assassin/horse/walk.msa	1
PC/ymir work/pc/assassin/hair/hair_2_3.dds	d:/ymir work/pc/assassin/hair/hair_2_3.dds	1
PC/ymir work/pc/assassin/assassin_yonga_lod_02.gr2	d:/ymir work/pc/assassin/assassin_yonga_lod_02.gr2	1
PC/ymir work/pc/assassin/onehand_sword/combo_02.msa	d:/ymir work/pc/assassin/onehand_sword/combo_02.msa	1
PC/ymir work/pc/assassin/bow/damage_2.msa	d:/ymir work/pc/assassin/bow/damage_2.msa	1
PC/ymir work/pc/sura/action/french_kiss_with_warrior.msa	d:/ymir work/pc/sura/action/french_kiss_with_warrior.msa	1
PC/ymir work/pc/sura/effect/heuksin_2_loop.mse	d:/ymir work/pc/sura/effect/heuksin_2_loop.mse	1
PC/ymir work/pc/assassin/action/angry.gr2	d:/ymir work/pc/assassin/action/angry.gr2	1
PC/ymir work/pc/sura/hair/hair_2_1.dds	d:/ymir work/pc/sura/hair/hair_2_1.dds	1
PC/ymir work/pc/assassin/action/angry.msa	d:/ymir work/pc/assassin/action/angry.msa	1
PC/ymir work/pc/assassin/general/damage_1.gr2	d:/ymir work/pc/assassin/general/damage_1.gr2	1
PC/ymir work/pc/shaman/action/clap.gr2	d:/ymir work/pc/shaman/action/clap.gr2	1
PC/ymir work/pc/shaman/intro/not_selected.gr2	d:/ymir work/pc/shaman/intro/not_selected.gr2	1
PC/ymir work/pc/sura/skill/ihyeol.msk	d:/ymir work/pc/sura/skill/ihyeol.msk	1
PC/ymir work/pc/assassin/action/attractive.gr2	d:/ymir work/pc/assassin/action/attractive.gr2	1
PC/ymir work/pc/common/effect/armor/rinna.dds	d:/ymir work/pc/common/effect/armor/rinna.dds	1
PC/ymir work/pc/assassin/action/attractive.msa	d:/ymir work/pc/assassin/action/attractive.msa	1
PC/ymir work/pc/sura/sura_novice_blue.dds	d:/ymir work/pc/sura/sura_novice_blue.dds	1
PC/ymir work/pc/assassin/effect/yeonsa_2_blow.mse	d:/ymir work/pc/assassin/effect/yeonsa_2_blow.mse	1
PC/ymir work/pc/assassin/action/banter.gr2	d:/ymir work/pc/assassin/action/banter.gr2	1
PC/ymir work/pc/assassin/effect/amseup_2_blow.mse	d:/ymir work/pc/assassin/effect/amseup_2_blow.mse	1
PC/ymir work/pc/shaman/skill/gwihwan.msk	d:/ymir work/pc/shaman/skill/gwihwan.msk	1
PC/ymir work/pc/assassin/action/banter.msa	d:/ymir work/pc/assassin/action/banter.msa	1
PC/ymir work/pc/assassin/action/cheers_1.gr2	d:/ymir work/pc/assassin/action/cheers_1.gr2	1
PC/ymir work/pc/common/effect/armor/armor_legend_9_orange.mse	d:/ymir work/pc/common/effect/armor/armor_legend_9_orange.mse	1
PC/ymir work/pc/assassin/effect/gwangyeoksul_3_energy.mse	d:/ymir work/pc/assassin/effect/gwangyeoksul_3_energy.mse	1
PC/ymir work/pc/sura/effect/pabeopsul_making.mse	d:/ymir work/pc/sura/effect/pabeopsul_making.mse	1
PC/ymir work/pc/shaman/fan/rampage.gr2	d:/ymir work/pc/shaman/fan/rampage.gr2	1
PC/ymir work/pc/shaman/skill/gakseong.msk	d:/ymir work/pc/shaman/skill/gakseong.msk	1
PC/ymir work/pc/warrior/effect/ls1_1 copy.dds	d:/ymir work/pc/warrior/effect/ls1_1 copy.dds	1
PC/ymir work/pc/assassin/action/cheers_1.msa	d:/ymir work/pc/assassin/action/cheers_1.msa	1
PC/ymir work/pc/assassin/effect/asdasd.dds	d:/ymir work/pc/assassin/effect/asdasd.dds	1
PC/ymir work/pc/assassin/action/cheers_2.msa	d:/ymir work/pc/assassin/action/cheers_2.msa	1
PC/ymir work/pc/sura/action/congratulation.msa	d:/ymir work/pc/sura/action/congratulation.msa	1
PC/ymir work/pc/assassin/action/cheerup.gr2	d:/ymir work/pc/assassin/action/cheerup.gr2	1
PC/ymir work/pc/assassin/bow/wait.msa	d:/ymir work/pc/assassin/bow/wait.msa	1
PC/ymir work/pc/sura/effect/muyeong_fly_4.msf	d:/ymir work/pc/sura/effect/muyeong_fly_4.msf	1
PC/ymir work/pc/assassin/general/falling_stand.gr2	d:/ymir work/pc/assassin/general/falling_stand.gr2	1
PC/ymir work/pc/assassin/action/cheerup.msa	d:/ymir work/pc/assassin/action/cheerup.msa	1
PC/ymir work/pc/assassin/action/clap.gr2	d:/ymir work/pc/assassin/action/clap.gr2	1
PC/ymir work/pc/shaman/shaman_queen01.dds	d:/ymir work/pc/shaman/shaman_queen01.dds	1
PC/ymir work/pc/assassin/action/clap.msa	d:/ymir work/pc/assassin/action/clap.msa	1
PC/ymir work/pc/assassin/wedding/wait.msa	d:/ymir work/pc/assassin/wedding/wait.msa	1
PC/ymir work/pc/assassin/effect/beam_4.msf	d:/ymir work/pc/assassin/effect/beam_4.msf	1
PC/ymir work/pc/sura/effect/muyeong_loop.mse	d:/ymir work/pc/sura/effect/muyeong_loop.mse	1
PC/ymir work/pc/assassin/action/congratulation.msa	d:/ymir work/pc/assassin/action/congratulation.msa	1
PC/ymir work/pc/shaman/effect/yongpa_4.msf	d:/ymir work/pc/shaman/effect/yongpa_4.msf	1
PC/ymir work/pc/shaman/effect/helix copy.jpg	d:/ymir work/pc/shaman/effect/helix copy.jpg	1
PC/ymir work/pc/assassin/action/dance_1.gr2	d:/ymir work/pc/assassin/action/dance_1.gr2	1
PC/ymir work/pc/sura/sura_2-2_eumyang_a.dds	d:/ymir work/pc/sura/sura_2-2_eumyang_a.dds	1
PC/ymir work/pc/assassin/action/dance_2.gr2	d:/ymir work/pc/assassin/action/dance_2.gr2	1
PC/ymir work/pc/shaman/shaman_2-2_seocheon_a.dds	d:/ymir work/pc/shaman/shaman_2-2_seocheon_a.dds	1
PC/ymir work/pc/sura/action/cheers_2.gr2	d:/ymir work/pc/sura/action/cheers_2.gr2	1
PC/ymir work/pc/assassin/action/dance_2.msa	d:/ymir work/pc/assassin/action/dance_2.msa	1
PC/ymir work/pc/shaman/hair/hair_1_3.dds	d:/ymir work/pc/shaman/hair/hair_1_3.dds	1
PC/ymir work/pc/assassin/action/dance_3.gr2	d:/ymir work/pc/assassin/action/dance_3.gr2	1
PC/ymir work/pc/common/effect/armor/sphere.dds	d:/ymir work/pc/common/effect/armor/sphere.dds	1
PC/ymir work/pc/warrior/effect/samyeon_2.mse	d:/ymir work/pc/warrior/effect/samyeon_2.mse	1
PC/ymir work/pc/assassin/effect/redburn_1 copy.dds	d:/ymir work/pc/assassin/effect/redburn_1 copy.dds	1
PC/ymir work/pc/assassin/action/dance_3.msa	d:/ymir work/pc/assassin/action/dance_3.msa	1
PC/ymir work/pc/shaman/fan/combo_03.msa	d:/ymir work/pc/shaman/fan/combo_03.msa	1
PC/ymir work/pc/assassin/action/dance_4.gr2	d:/ymir work/pc/assassin/action/dance_4.gr2	1
PC/ymir work/pc/assassin/general/damage_flying.msa	d:/ymir work/pc/assassin/general/damage_flying.msa	1
PC/ymir work/pc/shaman/effect/noejeon_making_1.mse	d:/ymir work/pc/shaman/effect/noejeon_making_1.mse	1
PC/ymir work/pc/assassin/action/dance_5.gr2	d:/ymir work/pc/assassin/action/dance_5.gr2	1
PC/ymir work/pc/warrior/general/damage_2.gr2	d:/ymir work/pc/warrior/general/damage_2.gr2	1
PC/ymir work/pc/assassin/action/dance_5.msa	d:/ymir work/pc/assassin/action/dance_5.msa	1
PC/ymir work/pc/shaman/skill/guild_seonghwigap.msa	d:/ymir work/pc/shaman/skill/guild_seonghwigap.msa	1
PC/ymir work/pc/sura/effect/muyeongfly.mse	d:/ymir work/pc/sura/effect/muyeongfly.mse	1
PC/ymir work/pc/assassin/action/forgive.gr2	d:/ymir work/pc/assassin/action/forgive.gr2	1
PC/ymir work/pc/assassin/action/forgive.msa	d:/ymir work/pc/assassin/action/forgive.msa	1
PC/ymir work/pc/assassin/effect/gwangyeok.msf	d:/ymir work/pc/assassin/effect/gwangyeok.msf	1
PC/ymir work/pc/shaman/skill/kwaesok_2.msa	d:/ymir work/pc/shaman/skill/kwaesok_2.msa	1
PC/ymir work/pc/shaman/horse/damage.gr2	d:/ymir work/pc/shaman/horse/damage.gr2	1
PC/ymir work/pc/assassin/action/french_kiss_with_assassin.gr2	d:/ymir work/pc/assassin/action/french_kiss_with_assassin.gr2	1
PC/ymir work/pc/shaman/effect/cho.dds	d:/ymir work/pc/shaman/effect/cho.dds	1
PC/ymir work/pc/assassin/action/french_kiss_with_assassin.msa	d:/ymir work/pc/assassin/action/french_kiss_with_assassin.msa	1
PC/ymir work/pc/warrior/effect/jeonsinbangeo.dds	d:/ymir work/pc/warrior/effect/jeonsinbangeo.dds	1
PC/ymir work/pc/warrior/effect/daejingak.mse	d:/ymir work/pc/warrior/effect/daejingak.mse	1
PC/ymir work/pc/sura/effect/v_ball_core copy.dds	d:/ymir work/pc/sura/effect/v_ball_core copy.dds	1
PC/ymir work/pc/sura/skill/pabeop_5.msa	d:/ymir work/pc/sura/skill/pabeop_5.msa	1
PC/ymir work/pc/assassin/effect/f3.dds	d:/ymir work/pc/assassin/effect/f3.dds	1
PC/ymir work/pc/assassin/bow/damage_1.gr2	d:/ymir work/pc/assassin/bow/damage_1.gr2	1
PC/ymir work/pc/common/effect/armor/gwi_geom_spark copy2.jpg	d:/ymir work/pc/common/effect/armor/gwi_geom_spark copy2.jpg	1
PC/ymir work/pc/assassin/onehand_sword/rampage_01.gr2	d:/ymir work/pc/assassin/onehand_sword/rampage_01.gr2	1
PC/ymir work/pc/warrior/effect/geom_4_spear_making.mse	d:/ymir work/pc/warrior/effect/geom_4_spear_making.mse	1
PC/ymir work/pc/sura/horse/walk.gr2	d:/ymir work/pc/sura/horse/walk.gr2	1
PC/ymir work/pc/sura/sura_novice_red.dds	d:/ymir work/pc/sura/sura_novice_red.dds	1
PC/ymir work/pc/assassin/horse/damage.msa	d:/ymir work/pc/assassin/horse/damage.msa	1
PC/ymir work/pc/shaman/action/french_kiss_with_warrior.msa	d:/ymir work/pc/shaman/action/french_kiss_with_warrior.msa	1
PC/ymir work/pc/assassin/action/french_kiss_with_shaman.msa	d:/ymir work/pc/assassin/action/french_kiss_with_shaman.msa	1
PC/ymir work/pc/assassin/effect/hwajopa_3_energy.mse	d:/ymir work/pc/assassin/effect/hwajopa_3_energy.mse	1
PC/ymir work/pc/assassin/effect/gwangyeoksul_3_arrowenergy.mse	d:/ymir work/pc/assassin/effect/gwangyeoksul_3_arrowenergy.mse	1
PC/ymir work/pc/shaman/action/slap_hurt.msa	d:/ymir work/pc/shaman/action/slap_hurt.msa	1
PC/ymir work/pc/assassin/general/back_damage_flying.gr2	d:/ymir work/pc/assassin/general/back_damage_flying.gr2	1
PC/ymir work/pc/assassin/action/french_kiss_with_warrior.gr2	d:/ymir work/pc/assassin/action/french_kiss_with_warrior.gr2	1
PC/ymir work/pc/shaman/effect/noejeon_2.msf	d:/ymir work/pc/shaman/effect/noejeon_2.msf	1
PC/ymir work/pc/assassin/skill/poison_cloud.gr2	d:/ymir work/pc/assassin/skill/poison_cloud.gr2	1
PC/ymir work/pc/sura/effect/maryeong_3_making.mse	d:/ymir work/pc/sura/effect/maryeong_3_making.mse	1
PC/ymir work/pc/assassin/horse_onehand_sword/skill_wildattack.msa	d:/ymir work/pc/assassin/horse_onehand_sword/skill_wildattack.msa	1
PC/ymir work/pc/shaman/horse_fan/skill_wildattack.msa	d:/ymir work/pc/shaman/horse_fan/skill_wildattack.msa	1
PC/ymir work/pc/assassin/action/sad.gr2	d:/ymir work/pc/assassin/action/sad.gr2	1
PC/ymir work/pc/shaman/hair/hair_4_3.dds	d:/ymir work/pc/shaman/hair/hair_4_3.dds	1
PC/ymir work/pc/common/effect/armor/rot_aura1.dds	d:/ymir work/pc/common/effect/armor/rot_aura1.dds	1
PC/ymir work/pc/assassin/action/french_kiss_with_warrior.msa	d:/ymir work/pc/assassin/action/french_kiss_with_warrior.msa	1
PC/ymir work/pc/common/effect/armor/bottom_v2_red.mse	d:/ymir work/pc/common/effect/armor/bottom_v2_red.mse	1
PC/ymir work/pc/sura/sura_3-1_unra_a.dds	d:/ymir work/pc/sura/sura_3-1_unra_a.dds	1
PC/ymir work/pc/assassin/effect/hwarin_3.dds	d:/ymir work/pc/assassin/effect/hwarin_3.dds	1
PC/ymir work/pc/warrior/hair/hair_2_2.gr2	d:/ymir work/pc/warrior/hair/hair_2_2.gr2	1
PC/ymir work/pc/shaman/hair/hair_3_1.dds	d:/ymir work/pc/shaman/hair/hair_3_1.dds	1
PC/ymir work/pc/assassin/action/joy.gr2	d:/ymir work/pc/assassin/action/joy.gr2	1
PC/ymir work/pc/shaman/bell/rampage_03.msa	d:/ymir work/pc/shaman/bell/rampage_03.msa	1
PC/ymir work/pc/sura/effect/muyeong_2_making.mse	d:/ymir work/pc/sura/effect/muyeong_2_making.mse	1
PC/ymir work/pc/assassin/effect/16 copy.dds	d:/ymir work/pc/assassin/effect/16 copy.dds	1
PC/ymir work/pc/sura/effect/2-starsmall.dds	d:/ymir work/pc/sura/effect/2-starsmall.dds	1
PC/ymir work/pc/assassin/action/joy.msa	d:/ymir work/pc/assassin/action/joy.msa	1
PC/ymir work/pc/shaman/skill/budong.msk	d:/ymir work/pc/shaman/skill/budong.msk	1
PC/ymir work/pc/sura/skill/jumageom.gr2	d:/ymir work/pc/sura/skill/jumageom.gr2	1
PC/ymir work/pc/assassin/effect/half_ring_rainbow_line.dds	d:/ymir work/pc/assassin/effect/half_ring_rainbow_line.dds	1
PC/ymir work/pc/assassin/action/kiss_with_assassin.gr2	d:/ymir work/pc/assassin/action/kiss_with_assassin.gr2	1
PC/ymir work/pc/assassin/onehand_sword/combo_01.msa	d:/ymir work/pc/assassin/onehand_sword/combo_01.msa	1
PC/ymir work/pc/assassin/hair/hair_1_4.dds	d:/ymir work/pc/assassin/hair/hair_1_4.dds	1
PC/ymir work/pc/sura/action/forgive.msa	d:/ymir work/pc/sura/action/forgive.msa	1
PC/ymir work/pc/warrior/effect/geom_3_sword_making.mse	d:/ymir work/pc/warrior/effect/geom_3_sword_making.mse	1
PC/ymir work/pc/assassin/onehand_sword/damage.gr2	d:/ymir work/pc/assassin/onehand_sword/damage.gr2	1
PC/ymir work/pc/assassin/action/kiss_with_shaman.gr2	d:/ymir work/pc/assassin/action/kiss_with_shaman.gr2	1
PC/ymir work/pc/assassin/intro/selected.msa	d:/ymir work/pc/assassin/intro/selected.msa	1
PC/ymir work/pc/shaman/effect/bipabu_4_blow.mse	d:/ymir work/pc/shaman/effect/bipabu_4_blow.mse	1
PC/ymir work/pc/assassin/action/kiss_with_sura.msa	d:/ymir work/pc/assassin/action/kiss_with_sura.msa	1
PC/ymir work/pc/assassin/action/kiss_with_warrior.gr2	d:/ymir work/pc/assassin/action/kiss_with_warrior.gr2	1
PC/ymir work/pc/shaman/shaman_ilseon.dds	d:/ymir work/pc/shaman/shaman_ilseon.dds	1
PC/ymir work/pc/assassin/action/kiss_with_warrior.msa	d:/ymir work/pc/assassin/action/kiss_with_warrior.msa	1
PC/ymir work/pc/assassin/horse_bow/attack.msa	d:/ymir work/pc/assassin/horse_bow/attack.msa	1
PC/ymir work/pc/common/effect/armor/armor-4-2-7.mse	d:/ymir work/pc/common/effect/armor/armor-4-2-7.mse	1
PC/ymir work/pc/assassin/action/sad.msa	d:/ymir work/pc/assassin/action/sad.msa	1
PC/ymir work/pc/warrior/skill/jeonsingonggyeok.msk	d:/ymir work/pc/warrior/skill/jeonsingonggyeok.msk	1
PC/ymir work/pc/assassin/skill/gwangyeok_2.msa	d:/ymir work/pc/assassin/skill/gwangyeok_2.msa	1
PC/ymir work/pc/assassin/action/shy.gr2	d:/ymir work/pc/assassin/action/shy.gr2	1
PC/ymir work/pc/sura/hair/hair_3_3.gr2	d:/ymir work/pc/sura/hair/hair_3_3.gr2	1
PC/ymir work/pc/shaman/effect/smoke.dds	d:/ymir work/pc/shaman/effect/smoke.dds	1
PC/ymir work/pc/common/effect/armor/bottom_blue.mse	d:/ymir work/pc/common/effect/armor/bottom_blue.mse	1
PC/ymir work/pc/assassin/effect/yeonsa_4_arrowenergy.mse	d:/ymir work/pc/assassin/effect/yeonsa_4_arrowenergy.mse	1
PC/ymir work/pc/shaman/effect/hobubottom.dds	d:/ymir work/pc/shaman/effect/hobubottom.dds	1
PC/ymir work/pc/assassin/action/shy.msa	d:/ymir work/pc/assassin/action/shy.msa	1
PC/ymir work/pc/assassin/action/slap_hit.gr2	d:/ymir work/pc/assassin/action/slap_hit.gr2	1
PC/ymir work/pc/assassin/fishing/fishing_fail.gr2	d:/ymir work/pc/assassin/fishing/fishing_fail.gr2	1
PC/ymir work/pc/shaman/effect/paeryong.mse	d:/ymir work/pc/shaman/effect/paeryong.mse	1
PC/ymir work/pc/sura/effect/newdaejin.dds	d:/ymir work/pc/sura/effect/newdaejin.dds	1
PC/ymir work/pc/assassin/action/slap_hit.msa	d:/ymir work/pc/assassin/action/slap_hit.msa	1
PC/ymir work/pc/assassin/action/slap_hurt.gr2	d:/ymir work/pc/assassin/action/slap_hurt.gr2	1
PC/ymir work/pc/common/effect/armor/drshop.jpg	d:/ymir work/pc/common/effect/armor/drshop.jpg	1
PC/ymir work/pc/assassin/skill/gungsin.msk	d:/ymir work/pc/assassin/skill/gungsin.msk	1
PC/ymir work/pc/assassin/skill/guild_yongsinuipi.msa	d:/ymir work/pc/assassin/skill/guild_yongsinuipi.msa	1
PC/ymir work/pc/assassin/action/slap_hurt.msa	d:/ymir work/pc/assassin/action/slap_hurt.msa	1
PC/ymir work/pc/assassin/bow/attack.gr2	d:/ymir work/pc/assassin/bow/attack.gr2	1
PC/ymir work/pc/sura/action/joy.gr2	d:/ymir work/pc/sura/action/joy.gr2	1
PC/ymir work/pc/assassin/bow/pick_up.msa	d:/ymir work/pc/assassin/bow/pick_up.msa	1
PC/ymir work/pc/shaman/horse_bell/skill_wildattack.gr2	d:/ymir work/pc/shaman/horse_bell/skill_wildattack.gr2	1
PC/ymir work/pc/shaman/shaman_bongsin.dds	d:/ymir work/pc/shaman/shaman_bongsin.dds	1
PC/ymir work/pc/shaman/effect/dragonamor.dds	d:/ymir work/pc/shaman/effect/dragonamor.dds	1
PC/ymir work/pc/shaman/skill/tongsol.msk	d:/ymir work/pc/shaman/skill/tongsol.msk	1
PC/ymir work/pc/assassin/bow/attack.msa	d:/ymir work/pc/assassin/bow/attack.msa	1
PC/ymir work/pc/sura/effect/jeoju_loop.mse	d:/ymir work/pc/sura/effect/jeoju_loop.mse	1
PC/ymir work/pc/common/effect/armor/armor_legend_9_red.mse	d:/ymir work/pc/common/effect/armor/armor_legend_9_red.mse	1
PC/ymir work/pc/assassin/dualhand_sword/combo_03.gr2	d:/ymir work/pc/assassin/dualhand_sword/combo_03.gr2	1
PC/ymir work/pc/warrior/general/dig.gr2	d:/ymir work/pc/warrior/general/dig.gr2	1
PC/ymir work/pc/assassin/bow/attack_1.gr2	d:/ymir work/pc/assassin/bow/attack_1.gr2	1
PC/ymir work/pc/assassin/bow/attack_1.msa	d:/ymir work/pc/assassin/bow/attack_1.msa	1
PC/ymir work/pc/assassin/bow/attack_2.gr2	d:/ymir work/pc/assassin/bow/attack_2.gr2	1
PC/ymir work/pc/assassin/effect/ls1_1 copy.dds	d:/ymir work/pc/assassin/effect/ls1_1 copy.dds	1
PC/ymir work/pc/common/effect/armor/texturen/95.dds	d:/ymir work/pc/common/effect/armor/texturen/95.dds	1
PC/ymir work/pc/assassin/bow/attack_2.msa	d:/ymir work/pc/assassin/bow/attack_2.msa	1
PC/ymir work/pc/shaman/general/wait_1.gr2	d:/ymir work/pc/shaman/general/wait_1.gr2	1
PC/ymir work/pc/assassin/bow/change_weapon.gr2	d:/ymir work/pc/assassin/bow/change_weapon.gr2	1
PC/ymir work/pc/assassin/onehand_sword/combo_07.gr2	d:/ymir work/pc/assassin/onehand_sword/combo_07.gr2	1
PC/ymir work/pc/common/effect/armor/armor_black_v5.mse	d:/ymir work/pc/common/effect/armor/armor_black_v5.mse	1
PC/ymir work/pc/assassin/effect/cheonryongchuta_up.mse	d:/ymir work/pc/assassin/effect/cheonryongchuta_up.mse	1
PC/ymir work/pc/shaman/skill/yongpa_5.msa	d:/ymir work/pc/shaman/skill/yongpa_5.msa	1
PC/ymir work/pc/assassin/bow/change_weapon.msa	d:/ymir work/pc/assassin/bow/change_weapon.msa	1
PC/ymir work/pc/warrior/onehand_sword/rampage_01.gr2	d:/ymir work/pc/warrior/onehand_sword/rampage_01.gr2	1
PC/ymir work/pc/shaman/skill/wonsin_me.msa	d:/ymir work/pc/shaman/skill/wonsin_me.msa	1
PC/ymir work/pc/sura/effect/tusok_throw.msf	d:/ymir work/pc/sura/effect/tusok_throw.msf	1
PC/ymir work/pc/warrior/effect/pabujeondoredwhirl.dds	d:/ymir work/pc/warrior/effect/pabujeondoredwhirl.dds	1
PC/ymir work/pc/assassin/bow/damage.gr2	d:/ymir work/pc/assassin/bow/damage.gr2	1
PC/ymir work/pc/assassin/horse_bow/damage.gr2	d:/ymir work/pc/assassin/horse_bow/damage.gr2	1
PC/ymir work/pc/warrior/intro/selected.gr2	d:/ymir work/pc/warrior/intro/selected.gr2	1
PC/ymir work/pc/assassin/effect/cheonryongchuta_up_2.mse	d:/ymir work/pc/assassin/effect/cheonryongchuta_up_2.mse	1
PC/ymir work/pc/shaman/general/back_falling_stand.msa	d:/ymir work/pc/shaman/general/back_falling_stand.msa	1
PC/ymir work/pc/assassin/bow/damage.msa	d:/ymir work/pc/assassin/bow/damage.msa	1
PC/ymir work/pc/assassin/effect/laser copy.dds	d:/ymir work/pc/assassin/effect/laser copy.dds	1
PC/ymir work/pc/shaman/general/attack_1.gr2	d:/ymir work/pc/shaman/general/attack_1.gr2	1
PC/ymir work/pc/assassin/horse_dualhand_sword/combo_02.msa	d:/ymir work/pc/assassin/horse_dualhand_sword/combo_02.msa	1
PC/ymir work/pc/assassin/effect/gyeonggong_2_start.mse	d:/ymir work/pc/assassin/effect/gyeonggong_2_start.mse	1
PC/ymir work/pc/sura/action/sad.gr2	d:/ymir work/pc/sura/action/sad.gr2	1
PC/ymir work/pc/shaman/shaman_4-1_lod_01.gr2	d:/ymir work/pc/shaman/shaman_4-1_lod_01.gr2	1
PC/ymir work/pc/assassin/bow/damage_1.msa	d:/ymir work/pc/assassin/bow/damage_1.msa	1
PC/ymir work/pc/assassin/fishing/fishing_cancel.msa	d:/ymir work/pc/assassin/fishing/fishing_cancel.msa	1
PC/ymir work/pc/sura/effect/tusok_2.mse	d:/ymir work/pc/sura/effect/tusok_2.mse	1
PC/ymir work/pc/assassin/bow/damage_2.gr2	d:/ymir work/pc/assassin/bow/damage_2.gr2	1
PC/ymir work/pc/assassin/dualhand_sword/rampage_02.msa	d:/ymir work/pc/assassin/dualhand_sword/rampage_02.msa	1
PC/ymir work/pc/sura/skill/swaeryeong_2.msa	d:/ymir work/pc/sura/skill/swaeryeong_2.msa	1
PC/ymir work/pc/assassin/bow/damage_3.gr2	d:/ymir work/pc/assassin/bow/damage_3.gr2	1
PC/ymir work/pc/warrior/effect/palbang_2_sword.mse	d:/ymir work/pc/warrior/effect/palbang_2_sword.mse	1
PC/ymir work/pc/shaman/shaman_4-1_lod_03.gr2	d:/ymir work/pc/shaman/shaman_4-1_lod_03.gr2	1
PC/ymir work/pc/sura/effect/fireburn copy.dds	d:/ymir work/pc/sura/effect/fireburn copy.dds	1
PC/ymir work/pc/assassin/dualhand_sword/run.msa	d:/ymir work/pc/assassin/dualhand_sword/run.msa	1
PC/ymir work/pc/shaman/fan/damage_2.msa	d:/ymir work/pc/shaman/fan/damage_2.msa	1
PC/ymir work/pc/shaman/effect/black_energy copy.dds	d:/ymir work/pc/shaman/effect/black_energy copy.dds	1
PC/ymir work/pc/assassin/skill/amseup_4.msa	d:/ymir work/pc/assassin/skill/amseup_4.msa	1
PC/ymir work/pc/shaman/effect/chip_big copy.dds	d:/ymir work/pc/shaman/effect/chip_big copy.dds	1
PC/ymir work/pc/warrior/action/french_kiss_with_assassin.gr2	d:/ymir work/pc/warrior/action/french_kiss_with_assassin.gr2	1
PC/ymir work/pc/assassin/bow/damage_3.msa	d:/ymir work/pc/assassin/bow/damage_3.msa	1
PC/ymir work/pc/assassin/bow/pick_up.gr2	d:/ymir work/pc/assassin/bow/pick_up.gr2	1
PC/ymir work/pc/sura/skill/pabeop.gr2	d:/ymir work/pc/sura/skill/pabeop.gr2	1
PC/ymir work/pc/assassin/effect/gungsintanyeong_3_end.mse	d:/ymir work/pc/assassin/effect/gungsintanyeong_3_end.mse	1
PC/ymir work/pc/assassin/effect/seomjeom_start.mse	d:/ymir work/pc/assassin/effect/seomjeom_start.mse	1
PC/ymir work/pc/assassin/bow/run.gr2	d:/ymir work/pc/assassin/bow/run.gr2	1
PC/ymir work/pc/sura/effect/youn_gi.dds	d:/ymir work/pc/sura/effect/youn_gi.dds	1
PC/ymir work/pc/common/effect/armor/aura3.dds	d:/ymir work/pc/common/effect/armor/aura3.dds	1
PC/ymir work/pc/assassin/bow/run.msa	d:/ymir work/pc/assassin/bow/run.msa	1
PC/ymir work/pc/shaman/effect/munyang.dds	d:/ymir work/pc/shaman/effect/munyang.dds	1
PC/ymir work/pc/warrior/onehand_sword/attack.msa	d:/ymir work/pc/warrior/onehand_sword/attack.msa	1
PC/ymir work/pc/assassin/onehand_sword/rampage_03.msa	d:/ymir work/pc/assassin/onehand_sword/rampage_03.msa	1
PC/ymir work/pc/assassin/effect/cheonryongchuta_blow_4.mse	d:/ymir work/pc/assassin/effect/cheonryongchuta_blow_4.mse	1
PC/ymir work/pc/common/effect/armor/ocha.dds	d:/ymir work/pc/common/effect/armor/ocha.dds	1
PC/ymir work/pc/assassin/bow/wait.gr2	d:/ymir work/pc/assassin/bow/wait.gr2	1
PC/ymir work/pc/assassin/effect/charyunsal_4.mse	d:/ymir work/pc/assassin/effect/charyunsal_4.mse	1
PC/ymir work/pc/warrior/warrior_novice.gr2	d:/ymir work/pc/warrior/warrior_novice.gr2	1
PC/ymir work/pc/assassin/bow/wait_1.gr2	d:/ymir work/pc/assassin/bow/wait_1.gr2	1
PC/ymir work/pc/sura/effect/heukma_blow.mse	d:/ymir work/pc/sura/effect/heukma_blow.mse	1
PC/ymir work/pc/warrior/effect/geom_sword_loop.mse	d:/ymir work/pc/warrior/effect/geom_sword_loop.mse	1
PC/ymir work/pc/common/effect/armor/water1.dds	d:/ymir work/pc/common/effect/armor/water1.dds	1
PC/ymir work/pc/assassin/intro/not_selected.gr2	d:/ymir work/pc/assassin/intro/not_selected.gr2	1
PC/ymir work/pc/assassin/horse_bow/wait_1.gr2	d:/ymir work/pc/assassin/horse_bow/wait_1.gr2	1
PC/ymir work/pc/assassin/effect/10 copy.dds	d:/ymir work/pc/assassin/effect/10 copy.dds	1
PC/ymir work/pc/assassin/bow/walk.gr2	d:/ymir work/pc/assassin/bow/walk.gr2	1
PC/ymir work/pc/assassin/bow/walk.msa	d:/ymir work/pc/assassin/bow/walk.msa	1
PC/ymir work/pc/warrior/skill/noegeom.gr2	d:/ymir work/pc/warrior/skill/noegeom.gr2	1
PC/ymir work/pc/assassin/dualhand_sword/change_weapon.gr2	d:/ymir work/pc/assassin/dualhand_sword/change_weapon.gr2	1
PC/ymir work/pc/assassin/effect/yeonsa_3_arrowenergy.mse	d:/ymir work/pc/assassin/effect/yeonsa_3_arrowenergy.mse	1
PC/ymir work/pc/assassin/effect/gungsintanyeong_2_start.mse	d:/ymir work/pc/assassin/effect/gungsintanyeong_2_start.mse	1
PC/ymir work/pc/assassin/dualhand_sword/change_weapon.msa	d:/ymir work/pc/assassin/dualhand_sword/change_weapon.msa	1
PC/ymir work/pc/common/effect/sword/sword_7.mse	d:/ymir work/pc/common/effect/sword/sword_7.mse	1
PC/ymir work/pc/assassin/dualhand_sword/combo_01.gr2	d:/ymir work/pc/assassin/dualhand_sword/combo_01.gr2	1
PC/ymir work/pc/shaman/fishing/fishing_catch.msa	d:/ymir work/pc/shaman/fishing/fishing_catch.msa	1
PC/ymir work/pc/sura/sura_4-1_lod_01.gr2	d:/ymir work/pc/sura/sura_4-1_lod_01.gr2	1
PC/ymir work/pc/warrior/effect/fireburn copy.dds	d:/ymir work/pc/warrior/effect/fireburn copy.dds	1
PC/ymir work/pc/assassin/onehand_sword/damage_3.gr2	d:/ymir work/pc/assassin/onehand_sword/damage_3.gr2	1
PC/ymir work/pc/assassin/general/damage_2.gr2	d:/ymir work/pc/assassin/general/damage_2.gr2	1
PC/ymir work/pc/common/effect/armor/armor_legend_9_green.mse	d:/ymir work/pc/common/effect/armor/armor_legend_9_green.mse	1
PC/ymir work/pc/assassin/dualhand_sword/combo_01.msa	d:/ymir work/pc/assassin/dualhand_sword/combo_01.msa	1
PC/ymir work/pc/shaman/skill/jeungryeok.msa	d:/ymir work/pc/shaman/skill/jeungryeok.msa	1
PC/ymir work/pc/common/effect/armor/armor_21.mse	d:/ymir work/pc/common/effect/armor/armor_21.mse	1
PC/ymir work/pc/warrior/warrior_nahan_helmet.dds	d:/ymir work/pc/warrior/warrior_nahan_helmet.dds	1
PC/ymir work/pc/shaman/effect/10kwaesok_shoot.mse	d:/ymir work/pc/shaman/effect/10kwaesok_shoot.mse	1
PC/ymir work/pc/assassin/dualhand_sword/combo_02.gr2	d:/ymir work/pc/assassin/dualhand_sword/combo_02.gr2	1
PC/ymir work/pc/assassin/effect/gyeonggong_4_start.mse	d:/ymir work/pc/assassin/effect/gyeonggong_4_start.mse	1
PC/ymir work/pc/assassin/dualhand_sword/combo_02.msa	d:/ymir work/pc/assassin/dualhand_sword/combo_02.msa	1
PC/ymir work/pc/shaman/fan/wait.gr2	d:/ymir work/pc/shaman/fan/wait.gr2	1
PC/ymir work/pc/assassin/effect/gungsintanyeong_blow.mse	d:/ymir work/pc/assassin/effect/gungsintanyeong_blow.mse	1
PC/ymir work/pc/assassin/skill/seomgwang_4.msa	d:/ymir work/pc/assassin/skill/seomgwang_4.msa	1
PC/ymir work/pc/assassin/dualhand_sword/combo_03.msa	d:/ymir work/pc/assassin/dualhand_sword/combo_03.msa	1
PC/ymir work/pc/shaman/skill/myeongsang.msk	d:/ymir work/pc/shaman/skill/myeongsang.msk	1
PC/ymir work/pc/warrior/warrior_nahan.gr2	d:/ymir work/pc/warrior/warrior_nahan.gr2	1
PC/ymir work/pc/sura/effect/yonggwonpa_3.mse	d:/ymir work/pc/sura/effect/yonggwonpa_3.mse	1
PC/ymir work/pc/shaman/effect/5suhojeonryeong_loop.mse	d:/ymir work/pc/shaman/effect/5suhojeonryeong_loop.mse	1
PC/ymir work/pc/shaman/fishing/fishing_wait.msa	d:/ymir work/pc/shaman/fishing/fishing_wait.msa	1
PC/ymir work/pc/common/effect/sword/banzzak.jpg	d:/ymir work/pc/common/effect/sword/banzzak.jpg	1
PC/ymir work/pc/assassin/dualhand_sword/damage_1.msa	d:/ymir work/pc/assassin/dualhand_sword/damage_1.msa	1
PC/ymir work/pc/warrior/effect/jipjung_geo copy.dds	d:/ymir work/pc/warrior/effect/jipjung_geo copy.dds	1
PC/ymir work/pc/assassin/dualhand_sword/combo_04.gr2	d:/ymir work/pc/assassin/dualhand_sword/combo_04.gr2	1
PC/ymir work/pc/assassin/horse/wait.msa	d:/ymir work/pc/assassin/horse/wait.msa	1
PC/ymir work/pc/assassin/dualhand_sword/combo_04.msa	d:/ymir work/pc/assassin/dualhand_sword/combo_04.msa	1
PC/ymir work/pc/shaman/shaman_nabong.dds	d:/ymir work/pc/shaman/shaman_nabong.dds	1
PC/ymir work/pc/assassin/dualhand_sword/combo_05.gr2	d:/ymir work/pc/assassin/dualhand_sword/combo_05.gr2	1
PC/ymir work/pc/assassin/horse_onehand_sword/skill_splash.gr2	d:/ymir work/pc/assassin/horse_onehand_sword/skill_splash.gr2	1
PC/ymir work/pc/warrior/skill/jipjung.gr2	d:/ymir work/pc/warrior/skill/jipjung.gr2	1
PC/ymir work/pc/assassin/effect/hwarin_foot_loop.mse	d:/ymir work/pc/assassin/effect/hwarin_foot_loop.mse	1
PC/ymir work/pc/shaman/skill/byeorak.msk	d:/ymir work/pc/shaman/skill/byeorak.msk	1
PC/ymir work/pc/sura/intro/not_selected.gr2	d:/ymir work/pc/sura/intro/not_selected.gr2	1
PC/ymir work/pc/shaman/action/slap_hit.msa	d:/ymir work/pc/shaman/action/slap_hit.msa	1
PC/ymir work/pc/sura/effect/linrspark copy.dds	d:/ymir work/pc/sura/effect/linrspark copy.dds	1
PC/ymir work/pc/assassin/dualhand_sword/combo_05.msa	d:/ymir work/pc/assassin/dualhand_sword/combo_05.msa	1
PC/ymir work/pc/shaman/effect/empty_boho.dds	d:/ymir work/pc/shaman/effect/empty_boho.dds	1
PC/ymir work/pc/warrior/skill/gyeoksan_triple.msa	d:/ymir work/pc/warrior/skill/gyeoksan_triple.msa	1
PC/ymir work/pc/sura/onehand_sword/wait.msa	d:/ymir work/pc/sura/onehand_sword/wait.msa	1
PC/ymir work/pc/shaman/skill/jeongeop_2.msa	d:/ymir work/pc/shaman/skill/jeongeop_2.msa	1
PC/ymir work/pc/sura/horse/damage.msa	d:/ymir work/pc/sura/horse/damage.msa	1
PC/ymir work/pc/assassin/dualhand_sword/combo_06.gr2	d:/ymir work/pc/assassin/dualhand_sword/combo_06.gr2	1
PC/ymir work/pc/assassin/hair/hair_4_1.dds	d:/ymir work/pc/assassin/hair/hair_4_1.dds	1
PC/ymir work/pc/warrior/warrior_giryung.dds	d:/ymir work/pc/warrior/warrior_giryung.dds	1
PC/ymir work/pc/shaman/skill/noejeon.msk	d:/ymir work/pc/shaman/skill/noejeon.msk	1
PC/ymir work/pc/sura/skill/geompung.gr2	d:/ymir work/pc/sura/skill/geompung.gr2	1
PC/ymir work/pc/assassin/dualhand_sword/combo_06.msa	d:/ymir work/pc/assassin/dualhand_sword/combo_06.msa	1
PC/ymir work/pc/assassin/dualhand_sword/damage.gr2	d:/ymir work/pc/assassin/dualhand_sword/damage.gr2	1
PC/ymir work/pc/assassin/dualhand_sword/combo_07.gr2	d:/ymir work/pc/assassin/dualhand_sword/combo_07.gr2	1
PC/ymir work/pc/sura/general/pick_up.msa	d:/ymir work/pc/sura/general/pick_up.msa	1
PC/ymir work/pc/assassin/dualhand_sword/combo_07.msa	d:/ymir work/pc/assassin/dualhand_sword/combo_07.msa	1
PC/ymir work/pc/assassin/skill/charyun.msa	d:/ymir work/pc/assassin/skill/charyun.msa	1
PC/ymir work/pc/assassin/dualhand_sword/combo_08.gr2	d:/ymir work/pc/assassin/dualhand_sword/combo_08.gr2	1
PC/ymir work/pc/assassin/dualhand_sword/combo_08.msa	d:/ymir work/pc/assassin/dualhand_sword/combo_08.msa	1
PC/ymir work/pc/warrior/hair/hair_3_4.dds	d:/ymir work/pc/warrior/hair/hair_3_4.dds	1
PC/ymir work/pc/shaman/effect/pokroe_2_making.mse	d:/ymir work/pc/shaman/effect/pokroe_2_making.mse	1
PC/ymir work/pc/sura/fishing/fishing_wait.msa	d:/ymir work/pc/sura/fishing/fishing_wait.msa	1
PC/ymir work/pc/common/effect/armor/grun_aura1.dds	d:/ymir work/pc/common/effect/armor/grun_aura1.dds	1
PC/ymir work/pc/common/effect/armor/armor_v4_blue.mse	d:/ymir work/pc/common/effect/armor/armor_v4_blue.mse	1
PC/ymir work/pc/assassin/skill/seomgwang.msk	d:/ymir work/pc/assassin/skill/seomgwang.msk	1
PC/ymir work/pc/assassin/dualhand_sword/damage.msa	d:/ymir work/pc/assassin/dualhand_sword/damage.msa	1
PC/ymir work/pc/common/effect/armor/armor-4-2-1.mse	d:/ymir work/pc/common/effect/armor/armor-4-2-1.mse	1
PC/ymir work/pc/assassin/dualhand_sword/damage_2.msa	d:/ymir work/pc/assassin/dualhand_sword/damage_2.msa	1
PC/ymir work/pc/shaman/skill/hosin_4.msa	d:/ymir work/pc/shaman/skill/hosin_4.msa	1
PC/ymir work/pc/assassin/dualhand_sword/damage_3.gr2	d:/ymir work/pc/assassin/dualhand_sword/damage_3.gr2	1
PC/ymir work/pc/assassin/onehand_sword/walk.gr2	d:/ymir work/pc/assassin/onehand_sword/walk.gr2	1
PC/ymir work/pc/assassin/dualhand_sword/pick_up.gr2	d:/ymir work/pc/assassin/dualhand_sword/pick_up.gr2	1
PC/ymir work/pc/shaman/skill/inma.msa	d:/ymir work/pc/shaman/skill/inma.msa	1
PC/ymir work/pc/warrior/skill/daejin_3.msa	d:/ymir work/pc/warrior/skill/daejin_3.msa	1
PC/ymir work/pc/sura/horse/wait.msa	d:/ymir work/pc/sura/horse/wait.msa	1
PC/ymir work/pc/assassin/effect/hwajopa_2_blow.mse	d:/ymir work/pc/assassin/effect/hwajopa_2_blow.mse	1
PC/ymir work/pc/sura/effect/geomhwan_twirl.dds	d:/ymir work/pc/sura/effect/geomhwan_twirl.dds	1
PC/ymir work/pc/shaman/action/cheers_1.gr2	d:/ymir work/pc/shaman/action/cheers_1.gr2	1
PC/ymir work/pc/sura/effect/f3.dds	d:/ymir work/pc/sura/effect/f3.dds	1
PC/ymir work/pc/assassin/dualhand_sword/pick_up.msa	d:/ymir work/pc/assassin/dualhand_sword/pick_up.msa	1
PC/ymir work/pc/shaman/fan/combo_01.msa	d:/ymir work/pc/shaman/fan/combo_01.msa	1
PC/ymir work/pc/shaman/shaman_cheongnang_lod_03.gr2	d:/ymir work/pc/shaman/shaman_cheongnang_lod_03.gr2	1
PC/ymir work/pc/assassin/dualhand_sword/rampage.msa	d:/ymir work/pc/assassin/dualhand_sword/rampage.msa	1
PC/ymir work/pc/assassin/effect/4.dds	d:/ymir work/pc/assassin/effect/4.dds	1
PC/ymir work/pc/sura/action/attractive.gr2	d:/ymir work/pc/sura/action/attractive.gr2	1
PC/ymir work/pc/sura/effect/yonggwonpa_2.mse	d:/ymir work/pc/sura/effect/yonggwonpa_2.mse	1
PC/ymir work/pc/assassin/horse_onehand_sword/combo_03.msa	d:/ymir work/pc/assassin/horse_onehand_sword/combo_03.msa	1
PC/ymir work/pc/common/effect/armor/texturen/53.dds	d:/ymir work/pc/common/effect/armor/texturen/53.dds	1
PC/ymir work/pc/common/effect/armor/armor-4-2-8.mse	d:/ymir work/pc/common/effect/armor/armor-4-2-8.mse	1
PC/ymir work/pc/assassin/dualhand_sword/rampage_01.gr2	d:/ymir work/pc/assassin/dualhand_sword/rampage_01.gr2	1
PC/ymir work/pc/assassin/effect/taeyang_blow_4.mse	d:/ymir work/pc/assassin/effect/taeyang_blow_4.mse	1
PC/ymir work/pc/sura/effect/yong_gwon_pa_twist-1 copy.dds	d:/ymir work/pc/sura/effect/yong_gwon_pa_twist-1 copy.dds	1
PC/ymir work/pc/assassin/intro/wait.gr2	d:/ymir work/pc/assassin/intro/wait.gr2	1
PC/ymir work/pc/assassin/dualhand_sword/rampage_01.msa	d:/ymir work/pc/assassin/dualhand_sword/rampage_01.msa	1
PC/ymir work/pc/warrior/effect/jeonsingonggyeok_loop.mse	d:/ymir work/pc/warrior/effect/jeonsingonggyeok_loop.mse	1
PC/ymir work/pc/common/effect/armor/armor_v3_white.mse	d:/ymir work/pc/common/effect/armor/armor_v3_white.mse	1
PC/ymir work/pc/assassin/dualhand_sword/rampage_02.gr2	d:/ymir work/pc/assassin/dualhand_sword/rampage_02.gr2	1
PC/ymir work/pc/common/effect/armor/armor_legend_9.mse	d:/ymir work/pc/common/effect/armor/armor_legend_9.mse	1
PC/ymir work/pc/sura/action/shy.gr2	d:/ymir work/pc/sura/action/shy.gr2	1
PC/ymir work/pc/sura/effect/heuksin.mse	d:/ymir work/pc/sura/effect/heuksin.mse	1
PC/ymir work/pc/assassin/effect/gyeonggong_2_loop.mse	d:/ymir work/pc/assassin/effect/gyeonggong_2_loop.mse	1
PC/ymir work/pc/assassin/effect/trap_loop.mse	d:/ymir work/pc/assassin/effect/trap_loop.mse	1
PC/ymir work/pc/assassin/onehand_sword/combo_03.msa	d:/ymir work/pc/assassin/onehand_sword/combo_03.msa	1
PC/ymir work/pc/warrior/skill/gigongsul.msk	d:/ymir work/pc/warrior/skill/gigongsul.msk	1
PC/ymir work/pc/shaman/action/slap_hurt.gr2	d:/ymir work/pc/shaman/action/slap_hurt.gr2	1
PC/ymir work/pc/assassin/dualhand_sword/rampage_03.gr2	d:/ymir work/pc/assassin/dualhand_sword/rampage_03.gr2	1
PC/ymir work/pc/warrior/action/dance_4.msa	d:/ymir work/pc/warrior/action/dance_4.msa	1
PC/ymir work/pc/assassin/dualhand_sword/run.gr2	d:/ymir work/pc/assassin/dualhand_sword/run.gr2	1
PC/ymir work/pc/assassin/dualhand_sword/wait.gr2	d:/ymir work/pc/assassin/dualhand_sword/wait.gr2	1
PC/ymir work/pc/assassin/hair/hair_3_4.dds	d:/ymir work/pc/assassin/hair/hair_3_4.dds	1
PC/ymir work/pc/shaman/effect/pokroe_2_throw.mse	d:/ymir work/pc/shaman/effect/pokroe_2_throw.mse	1
PC/ymir work/pc/warrior/skill/geompung_5.msa	d:/ymir work/pc/warrior/skill/geompung_5.msa	1
PC/ymir work/pc/assassin/skill/yeonsa.msk	d:/ymir work/pc/assassin/skill/yeonsa.msk	1
PC/ymir work/pc/assassin/dualhand_sword/wait.msa	d:/ymir work/pc/assassin/dualhand_sword/wait.msa	1
PC/ymir work/pc/assassin/effect/cheonryongchuta_up_4.mse	d:/ymir work/pc/assassin/effect/cheonryongchuta_up_4.mse	1
PC/ymir work/pc/warrior/skill/noegeom_3.msa	d:/ymir work/pc/warrior/skill/noegeom_3.msa	1
PC/ymir work/pc/warrior/skill/noegeom_2.msa	d:/ymir work/pc/warrior/skill/noegeom_2.msa	1
PC/ymir work/pc/assassin/dualhand_sword/wait_1.gr2	d:/ymir work/pc/assassin/dualhand_sword/wait_1.gr2	1
PC/ymir work/pc/assassin/dualhand_sword/wait_1.msa	d:/ymir work/pc/assassin/dualhand_sword/wait_1.msa	1
PC/ymir work/pc/assassin/skill/seomjeon.msa	d:/ymir work/pc/assassin/skill/seomjeon.msa	1
PC/ymir work/pc/assassin/effect/beam_2_blow.mse	d:/ymir work/pc/assassin/effect/beam_2_blow.mse	1
PC/ymir work/pc/assassin/effect/guard2.dds	d:/ymir work/pc/assassin/effect/guard2.dds	1
PC/ymir work/pc/assassin/dualhand_sword/walk.gr2	d:/ymir work/pc/assassin/dualhand_sword/walk.gr2	1
PC/ymir work/pc/shaman/effect/twirl copy.dds	d:/ymir work/pc/shaman/effect/twirl copy.dds	1
PC/ymir work/pc/warrior/horse/run.msa	d:/ymir work/pc/warrior/horse/run.msa	1
PC/ymir work/pc/assassin/dualhand_sword/walk.msa	d:/ymir work/pc/assassin/dualhand_sword/walk.msa	1
PC/ymir work/pc/sura/sura_lord_lod_02.gr2	d:/ymir work/pc/sura/sura_lord_lod_02.gr2	1
PC/ymir work/pc/common/effect/armor/texturen/46.dds	d:/ymir work/pc/common/effect/armor/texturen/46.dds	1
PC/ymir work/pc/shaman/shaman_cheongnang_lod_01.gr2	d:/ymir work/pc/shaman/shaman_cheongnang_lod_01.gr2	1
PC/ymir work/pc/warrior/action/shy.msa	d:/ymir work/pc/warrior/action/shy.msa	1
PC/ymir work/pc/assassin/effect/kwaegeom.mse	d:/ymir work/pc/assassin/effect/kwaegeom.mse	1
PC/ymir work/pc/assassin/skill/seomjeon_4.msa	d:/ymir work/pc/assassin/skill/seomjeon_4.msa	1
PC/ymir work/pc/sura/effect/horse_onehand_sword_splash_blow.mse	d:/ymir work/pc/sura/effect/horse_onehand_sword_splash_blow.mse	1
PC/ymir work/pc/sura/skill/yonggwon.gr2	d:/ymir work/pc/sura/skill/yonggwon.gr2	1
PC/ymir work/pc/assassin/effect/14.dds	d:/ymir work/pc/assassin/effect/14.dds	1
PC/ymir work/pc/shaman/skill/noejeon_5.msa	d:/ymir work/pc/shaman/skill/noejeon_5.msa	1
PC/ymir work/pc/sura/skill/hyeolma.msk	d:/ymir work/pc/sura/skill/hyeolma.msk	1
PC/ymir work/pc/assassin/effect/16-bottom.dds	d:/ymir work/pc/assassin/effect/16-bottom.dds	1
PC/ymir work/pc/warrior/skill/gigongcham_2.msa	d:/ymir work/pc/warrior/skill/gigongcham_2.msa	1
PC/ymir work/pc/assassin/effect/16-bottom.jpg	d:/ymir work/pc/assassin/effect/16-bottom.jpg	1
PC/ymir work/pc/assassin/skill/hwajo.msk	d:/ymir work/pc/assassin/skill/hwajo.msk	1
PC/ymir work/pc/assassin/effect/horse_dualhand_sword_splash.mse	d:/ymir work/pc/assassin/effect/horse_dualhand_sword_splash.mse	1
PC/ymir work/pc/sura/effect/16-bottom.dds	d:/ymir work/pc/sura/effect/16-bottom.dds	1
PC/ymir work/pc/sura/wedding/walk.msa	d:/ymir work/pc/sura/wedding/walk.msa	1
PC/ymir work/pc/assassin/effect/2-star.dds	d:/ymir work/pc/assassin/effect/2-star.dds	1
PC/ymir work/pc/common/effect/armor/armor_7th_01.mse	d:/ymir work/pc/common/effect/armor/armor_7th_01.mse	1
PC/ymir work/pc/assassin/effect/2-starsmall.dds	d:/ymir work/pc/assassin/effect/2-starsmall.dds	1
PC/ymir work/pc/sura/sura_1-3_biun_a.dds	d:/ymir work/pc/sura/sura_1-3_biun_a.dds	1
PC/ymir work/pc/sura/effect/tusok_loop.mse	d:/ymir work/pc/sura/effect/tusok_loop.mse	1
PC/ymir work/pc/assassin/effect/3.dds	d:/ymir work/pc/assassin/effect/3.dds	1
PC/ymir work/pc/warrior/skill/samyeon.msk	d:/ymir work/pc/warrior/skill/samyeon.msk	1
PC/ymir work/pc/assassin/effect/wind.dds	d:/ymir work/pc/assassin/effect/wind.dds	1
PC/ymir work/pc/assassin/general/wait.msa	d:/ymir work/pc/assassin/general/wait.msa	1
PC/ymir work/pc/common/effect/armor/black_zodiac_shining.mse	d:/ymir work/pc/common/effect/armor/black_zodiac_shining.mse	1
PC/ymir work/pc/assassin/effect/5 copy.jpg	d:/ymir work/pc/assassin/effect/5 copy.jpg	1
PC/ymir work/pc/sura/effect/cheonpajiryelmagen.dds	d:/ymir work/pc/sura/effect/cheonpajiryelmagen.dds	1
PC/ymir work/pc/common/effect/armor/armor-4-2-6.mse	d:/ymir work/pc/common/effect/armor/armor-4-2-6.mse	1
PC/ymir work/pc/shaman/horse_fan/combo_02.msa	d:/ymir work/pc/shaman/horse_fan/combo_02.msa	1
PC/ymir work/pc/shaman/effect/noe_w_ring.jpg	d:/ymir work/pc/shaman/effect/noe_w_ring.jpg	1
PC/ymir work/pc/assassin/fishing/fishing_wait.msa	d:/ymir work/pc/assassin/fishing/fishing_wait.msa	1
PC/ymir work/pc/sura/action/kiss_with_shaman.gr2	d:/ymir work/pc/sura/action/kiss_with_shaman.gr2	1
PC/ymir work/pc/assassin/wedding/wait.gr2	d:/ymir work/pc/assassin/wedding/wait.gr2	1
PC/ymir work/pc/shaman/effect/che.dds	d:/ymir work/pc/shaman/effect/che.dds	1
PC/ymir work/pc/assassin/effect/5.dds	d:/ymir work/pc/assassin/effect/5.dds	1
PC/ymir work/pc/shaman/bell/rampage_01.msa	d:/ymir work/pc/shaman/bell/rampage_01.msa	1
PC/ymir work/pc/assassin/effect/hwajopa_3_arrowenergy.mse	d:/ymir work/pc/assassin/effect/hwajopa_3_arrowenergy.mse	1
PC/ymir work/pc/assassin/skill/yosangbeop.msk	d:/ymir work/pc/assassin/skill/yosangbeop.msk	1
PC/ymir work/pc/assassin/effect/6.dds	d:/ymir work/pc/assassin/effect/6.dds	1
PC/ymir work/pc/shaman/action/shy.gr2	d:/ymir work/pc/shaman/action/shy.gr2	1
PC/ymir work/pc/shaman/horse/dead.msa	d:/ymir work/pc/shaman/horse/dead.msa	1
PC/ymir work/pc/warrior/skill/gitu.msk	d:/ymir work/pc/warrior/skill/gitu.msk	1
PC/ymir work/pc/warrior/action/banter.msa	d:/ymir work/pc/warrior/action/banter.msa	1
PC/ymir work/pc/common/effect/armor/aura2.dds	d:/ymir work/pc/common/effect/armor/aura2.dds	1
PC/ymir work/pc/shaman/effect/1bipa_blow.mse	d:/ymir work/pc/shaman/effect/1bipa_blow.mse	1
PC/ymir work/pc/assassin/effect/8-1 copy.dds	d:/ymir work/pc/assassin/effect/8-1 copy.dds	1
PC/ymir work/pc/assassin/effect/9 copy.dds	d:/ymir work/pc/assassin/effect/9 copy.dds	1
PC/ymir work/pc/assassin/effect/hwajopa_2.msf	d:/ymir work/pc/assassin/effect/hwajopa_2.msf	1
PC/ymir work/pc/assassin/effect/9_1 copy.dds	d:/ymir work/pc/assassin/effect/9_1 copy.dds	1
PC/ymir work/pc/shaman/effect/9inmahapsin_loop.mse	d:/ymir work/pc/shaman/effect/9inmahapsin_loop.mse	1
PC/ymir work/pc/sura/fishing/fishing_react.msa	d:/ymir work/pc/sura/fishing/fishing_react.msa	1
PC/ymir work/pc/assassin/effect/charyunsal.mse	d:/ymir work/pc/assassin/effect/charyunsal.mse	1
PC/ymir work/pc/assassin/effect/amseup.dds	d:/ymir work/pc/assassin/effect/amseup.dds	1
PC/ymir work/pc/assassin/effect/amseup.mse	d:/ymir work/pc/assassin/effect/amseup.mse	1
PC/ymir work/pc/shaman/general/wait_1.msa	d:/ymir work/pc/shaman/general/wait_1.msa	1
PC/ymir work/pc/warrior/effect/palbang_sword.mse	d:/ymir work/pc/warrior/effect/palbang_sword.mse	1
PC/ymir work/pc/assassin/effect/amseup_2.mse	d:/ymir work/pc/assassin/effect/amseup_2.mse	1
PC/ymir work/pc/warrior/effect/orange_cure copy.dds	d:/ymir work/pc/warrior/effect/orange_cure copy.dds	1
PC/ymir work/pc/assassin/effect/amseup_2_fallow.mse	d:/ymir work/pc/assassin/effect/amseup_2_fallow.mse	1
PC/ymir work/pc/assassin/effect/amseup_3.mse	d:/ymir work/pc/assassin/effect/amseup_3.mse	1
PC/ymir work/pc/shaman/fan/damage.msa	d:/ymir work/pc/shaman/fan/damage.msa	1
PC/ymir work/pc/common/effect/armor/bottom_v2_blue.mse	d:/ymir work/pc/common/effect/armor/bottom_v2_blue.mse	1
PC/ymir work/pc/assassin/effect/amseup_3_blow.mse	d:/ymir work/pc/assassin/effect/amseup_3_blow.mse	1
PC/ymir work/pc/sura/skill/mahwan.msa	d:/ymir work/pc/sura/skill/mahwan.msa	1
PC/ymir work/pc/assassin/skill/sangong.msk	d:/ymir work/pc/assassin/skill/sangong.msk	1
PC/ymir work/pc/assassin/effect/amseup_3_fallow.mse	d:/ymir work/pc/assassin/effect/amseup_3_fallow.mse	1
PC/ymir work/pc/shaman/action/congratulation.msa	d:/ymir work/pc/shaman/action/congratulation.msa	1
PC/ymir work/pc/warrior/effect/gyeokgongjang_3.mse	d:/ymir work/pc/warrior/effect/gyeokgongjang_3.mse	1
PC/ymir work/pc/sura/general/back_falling_stand.msa	d:/ymir work/pc/sura/general/back_falling_stand.msa	1
PC/ymir work/pc/assassin/effect/amseup_4.mse	d:/ymir work/pc/assassin/effect/amseup_4.mse	1
PC/ymir work/pc/assassin/effect/amseup_4_blow.mse	d:/ymir work/pc/assassin/effect/amseup_4_blow.mse	1
PC/ymir work/pc/assassin/effect/w_am_ring.dds	d:/ymir work/pc/assassin/effect/w_am_ring.dds	1
PC/ymir work/pc/assassin/effect/amseup_4_fallow.mse	d:/ymir work/pc/assassin/effect/amseup_4_fallow.mse	1
PC/ymir work/pc/shaman/bell/run.gr2	d:/ymir work/pc/shaman/bell/run.gr2	1
PC/ymir work/pc/warrior/skill/jeongwi_5.msa	d:/ymir work/pc/warrior/skill/jeongwi_5.msa	1
PC/ymir work/pc/assassin/effect/amseup_blow.mse	d:/ymir work/pc/assassin/effect/amseup_blow.mse	1
PC/ymir work/pc/assassin/skill/gwangyeok_4.msa	d:/ymir work/pc/assassin/skill/gwangyeok_4.msa	1
PC/ymir work/pc/sura/skill/hwayeom_2.msa	d:/ymir work/pc/sura/skill/hwayeom_2.msa	1
PC/ymir work/pc/assassin/effect/amseup_fallow.mse	d:/ymir work/pc/assassin/effect/amseup_fallow.mse	1
PC/ymir work/pc/warrior/skill/geomgyeong_3.msa	d:/ymir work/pc/warrior/skill/geomgyeong_3.msa	1
PC/ymir work/pc/assassin/effect/ball2aaa.dds	d:/ymir work/pc/assassin/effect/ball2aaa.dds	1
PC/ymir work/pc/assassin/skill/cheonryong.msa	d:/ymir work/pc/assassin/skill/cheonryong.msa	1
PC/ymir work/pc/warrior/onehand_sword/attack_2.msa	d:/ymir work/pc/warrior/onehand_sword/attack_2.msa	1
PC/ymir work/pc/warrior/action/slap_hit.gr2	d:/ymir work/pc/warrior/action/slap_hit.gr2	1
PC/ymir work/pc/sura/skill/maryeong_4.msa	d:/ymir work/pc/sura/skill/maryeong_4.msa	1
PC/ymir work/pc/assassin/effect/arrow_01.mde	d:/ymir work/pc/assassin/effect/arrow_01.mde	1
PC/ymir work/pc/sura/intro/wait.gr2	d:/ymir work/pc/sura/intro/wait.gr2	1
PC/ymir work/pc/assassin/effect/arrow_01.mse	d:/ymir work/pc/assassin/effect/arrow_01.mse	1
PC/ymir work/pc/assassin/fishing/fishing_wait.gr2	d:/ymir work/pc/assassin/fishing/fishing_wait.gr2	1
PC/ymir work/pc/sura/effect/pabeopsul_2_blow.mse	d:/ymir work/pc/sura/effect/pabeopsul_2_blow.mse	1
PC/ymir work/pc/assassin/effect/arrow_01.msf	d:/ymir work/pc/assassin/effect/arrow_01.msf	1
PC/ymir work/pc/assassin/effect/arrow_01_fast.msf	d:/ymir work/pc/assassin/effect/arrow_01_fast.msf	1
PC/ymir work/pc/shaman/fan/rampage_03.gr2	d:/ymir work/pc/shaman/fan/rampage_03.gr2	1
PC/ymir work/pc/shaman/general/attack_1.msa	d:/ymir work/pc/shaman/general/attack_1.msa	1
PC/ymir work/pc/warrior/general/run.msa	d:/ymir work/pc/warrior/general/run.msa	1
PC/ymir work/pc/assassin/effect/assassinkwaegeom copy.dds	d:/ymir work/pc/assassin/effect/assassinkwaegeom copy.dds	1
PC/ymir work/pc/common/effect/armor/bottom_v2_green.mse	d:/ymir work/pc/common/effect/armor/bottom_v2_green.mse	1
PC/ymir work/pc/shaman/skill/yongpa_4.msa	d:/ymir work/pc/shaman/skill/yongpa_4.msa	1
PC/ymir work/pc/assassin/effect/b_arc.dds	d:/ymir work/pc/assassin/effect/b_arc.dds	1
PC/ymir work/pc/assassin/effect/banjjak3.dds	d:/ymir work/pc/assassin/effect/banjjak3.dds	1
PC/ymir work/pc/shaman/effect/6gicheon_hand.mse	d:/ymir work/pc/shaman/effect/6gicheon_hand.mse	1
PC/ymir work/pc/shaman/effect/ochaeunseowheel.dds	d:/ymir work/pc/shaman/effect/ochaeunseowheel.dds	1
PC/ymir work/pc/shaman/effect/noe_w_ring.dds	d:/ymir work/pc/shaman/effect/noe_w_ring.dds	1
PC/ymir work/pc/assassin/effect/beam.mse	d:/ymir work/pc/assassin/effect/beam.mse	1
PC/ymir work/pc/common/effect/armor/texturen/mesh/light_wings_faded_2.mde	d:/ymir work/pc/common/effect/armor/texturen/mesh/light_wings_faded_2.mde	1
PC/ymir work/pc/assassin/effect/taeyang_hand_4.mse	d:/ymir work/pc/assassin/effect/taeyang_hand_4.mse	1
PC/ymir work/pc/assassin/effect/beam.msf	d:/ymir work/pc/assassin/effect/beam.msf	1
PC/ymir work/pc/warrior/horse/wait_1.gr2	d:/ymir work/pc/warrior/horse/wait_1.gr2	1
PC/ymir work/pc/sura/onehand_sword/combo_04.gr2	d:/ymir work/pc/sura/onehand_sword/combo_04.gr2	1
PC/ymir work/pc/sura/sura_hair_01_white.dds	d:/ymir work/pc/sura/sura_hair_01_white.dds	1
PC/ymir work/pc/warrior/effect/geomgyeong_op.dds	d:/ymir work/pc/warrior/effect/geomgyeong_op.dds	1
PC/ymir work/pc/assassin/effect/hwajopa_2.mse	d:/ymir work/pc/assassin/effect/hwajopa_2.mse	1
PC/ymir work/pc/assassin/effect/eunhyeongbeop.mse	d:/ymir work/pc/assassin/effect/eunhyeongbeop.mse	1
PC/ymir work/pc/warrior/warrior_saja.gr2	d:/ymir work/pc/warrior/warrior_saja.gr2	1
PC/ymir work/pc/assassin/effect/beam_2.mse	d:/ymir work/pc/assassin/effect/beam_2.mse	1
PC/ymir work/pc/assassin/effect/beam_2.msf	d:/ymir work/pc/assassin/effect/beam_2.msf	1
PC/ymir work/pc/assassin/effect/beam_3.mse	d:/ymir work/pc/assassin/effect/beam_3.mse	1
PC/ymir work/pc/assassin/effect/beam_3.msf	d:/ymir work/pc/assassin/effect/beam_3.msf	1
PC/ymir work/pc/warrior/intro/not_selected.gr2	d:/ymir work/pc/warrior/intro/not_selected.gr2	1
PC/ymir work/pc/warrior/effect/mine_edge.dds	d:/ymir work/pc/warrior/effect/mine_edge.dds	1
PC/ymir work/pc/common/effect/armor/armor_v4_white.mse	d:/ymir work/pc/common/effect/armor/armor_v4_white.mse	1
PC/ymir work/pc/shaman/effect/gicheon_4.msf	d:/ymir work/pc/shaman/effect/gicheon_4.msf	1
PC/ymir work/pc/assassin/effect/beam_3_blow.mse	d:/ymir work/pc/assassin/effect/beam_3_blow.mse	1
PC/ymir work/pc/warrior/effect/samyeon_3.mse	d:/ymir work/pc/warrior/effect/samyeon_3.mse	1
PC/ymir work/pc/assassin/effect/beam_4_blow.mse	d:/ymir work/pc/assassin/effect/beam_4_blow.mse	1
PC/ymir work/pc/shaman/skill/chojeon.msa	d:/ymir work/pc/shaman/skill/chojeon.msa	1
PC/ymir work/pc/assassin/general/falling_stand.msa	d:/ymir work/pc/assassin/general/falling_stand.msa	1
PC/ymir work/pc/warrior/horse_onehand_sword/combo_03.msa	d:/ymir work/pc/warrior/horse_onehand_sword/combo_03.msa	1
PC/ymir work/pc/assassin/effect/cheonryongchuta_blow_2.mse	d:/ymir work/pc/assassin/effect/cheonryongchuta_blow_2.mse	1
PC/ymir work/pc/assassin/effect/beam_blow.mse	d:/ymir work/pc/assassin/effect/beam_blow.mse	1
PC/ymir work/pc/shaman/general/damage_flying.gr2	d:/ymir work/pc/shaman/general/damage_flying.gr2	1
PC/ymir work/pc/common/effect/sword/sword_9.mse	d:/ymir work/pc/common/effect/sword/sword_9.mse	1
PC/ymir work/pc/assassin/effect/bokupanunred.dds	d:/ymir work/pc/assassin/effect/bokupanunred.dds	1
PC/ymir work/pc/common/effect/armor/free/gwi_geom_spark copy.jpg	d:/ymir work/pc/common/effect/armor/free/gwi_geom_spark copy.jpg	1
PC/ymir work/pc/warrior/skill/guild_seonghwigap.msa	d:/ymir work/pc/warrior/skill/guild_seonghwigap.msa	1
PC/ymir work/pc/common/effect/armor/demo1o.jpg	d:/ymir work/pc/common/effect/armor/demo1o.jpg	1
PC/ymir work/pc/assassin/onehand_sword/wait_1.msa	d:/ymir work/pc/assassin/onehand_sword/wait_1.msa	1
PC/ymir work/pc/shaman/bell/combo_06.gr2	d:/ymir work/pc/shaman/bell/combo_06.gr2	1
PC/ymir work/pc/assassin/effect/charm_light.dds	d:/ymir work/pc/assassin/effect/charm_light.dds	1
PC/ymir work/pc/assassin/skill/seomjeon_5.msa	d:/ymir work/pc/assassin/skill/seomjeon_5.msa	1
PC/ymir work/pc/assassin/skill/gyeonggong_3.msa	d:/ymir work/pc/assassin/skill/gyeonggong_3.msa	1
PC/ymir work/pc/assassin/effect/charyunsal_2.mse	d:/ymir work/pc/assassin/effect/charyunsal_2.mse	1
PC/ymir work/pc/warrior/onehand_sword/attack_1.msa	d:/ymir work/pc/warrior/onehand_sword/attack_1.msa	1
PC/ymir work/pc/shaman/effect/2jeongeop_making.mse	d:/ymir work/pc/shaman/effect/2jeongeop_making.mse	1
PC/ymir work/pc/assassin/effect/charyunsal_2_foot.mse	d:/ymir work/pc/assassin/effect/charyunsal_2_foot.mse	1
PC/ymir work/pc/assassin/effect/gyeonggong_start.mse	d:/ymir work/pc/assassin/effect/gyeonggong_start.mse	1
PC/ymir work/pc/assassin/effect/charyunsal_3.mse	d:/ymir work/pc/assassin/effect/charyunsal_3.mse	1
PC/ymir work/pc/shaman/effect/7budongbakbu_throw.mse	d:/ymir work/pc/shaman/effect/7budongbakbu_throw.mse	1
PC/ymir work/pc/common/effect/sword/sword_8.mse	d:/ymir work/pc/common/effect/sword/sword_8.mse	1
PC/ymir work/pc/warrior/action/dance_5.gr2	d:/ymir work/pc/warrior/action/dance_5.gr2	1
PC/ymir work/pc/assassin/effect/charyunsal_3_foot.mse	d:/ymir work/pc/assassin/effect/charyunsal_3_foot.mse	1
PC/ymir work/pc/assassin/effect/cheonryongchuta_blow.mse	d:/ymir work/pc/assassin/effect/cheonryongchuta_blow.mse	1
PC/ymir work/pc/assassin/effect/charyunsal_4_foot.mse	d:/ymir work/pc/assassin/effect/charyunsal_4_foot.mse	1
PC/ymir work/pc/sura/general/change_weapon.msa	d:/ymir work/pc/sura/general/change_weapon.msa	1
PC/ymir work/pc/common/effect/armor/duest1.dds	d:/ymir work/pc/common/effect/armor/duest1.dds	1
PC/ymir work/pc/sura/skill/swaeryeong.msa	d:/ymir work/pc/sura/skill/swaeryeong.msa	1
PC/ymir work/pc/shaman/fan/change_weapon.msa	d:/ymir work/pc/shaman/fan/change_weapon.msa	1
PC/ymir work/pc/sura/sura_saryeong_cloak.dds	d:/ymir work/pc/sura/sura_saryeong_cloak.dds	1
PC/ymir work/pc/warrior/effect/splash copy.dds	d:/ymir work/pc/warrior/effect/splash copy.dds	1
PC/ymir work/pc/sura/skill/jumageom.msk	d:/ymir work/pc/sura/skill/jumageom.msk	1
PC/ymir work/pc/assassin/effect/cheonryongchuta_blow copy.dds	d:/ymir work/pc/assassin/effect/cheonryongchuta_blow copy.dds	1
PC/ymir work/pc/common/effect/armor/texturen/60.dds	d:/ymir work/pc/common/effect/armor/texturen/60.dds	1
PC/ymir work/pc/assassin/horse_dualhand_sword/combo_03.gr2	d:/ymir work/pc/assassin/horse_dualhand_sword/combo_03.gr2	1
PC/ymir work/pc/assassin/effect/cheonryongchuta_blow_3.mse	d:/ymir work/pc/assassin/effect/cheonryongchuta_blow_3.mse	1
PC/ymir work/pc/assassin/effect/dokgigung_2.mse	d:/ymir work/pc/assassin/effect/dokgigung_2.mse	1
PC/ymir work/pc/warrior/effect/spark.mse	d:/ymir work/pc/warrior/effect/spark.mse	1
PC/ymir work/pc/assassin/effect/cheonryongchuta_down.mse	d:/ymir work/pc/assassin/effect/cheonryongchuta_down.mse	1
PC/ymir work/pc/shaman/skill/sinchak_me.msa	d:/ymir work/pc/shaman/skill/sinchak_me.msa	1
PC/ymir work/pc/warrior/action/dance_3.gr2	d:/ymir work/pc/warrior/action/dance_3.gr2	1
PC/ymir work/pc/assassin/effect/hwajopa_4.msf	d:/ymir work/pc/assassin/effect/hwajopa_4.msf	1
PC/ymir work/pc/assassin/hair/hair_2_3.gr2	d:/ymir work/pc/assassin/hair/hair_2_3.gr2	1
PC/ymir work/pc/common/effect/armor/pvp_sword_green.dds	d:/ymir work/pc/common/effect/armor/pvp_sword_green.dds	1
PC/ymir work/pc/assassin/horse_dualhand_sword/skill_splash.gr2	d:/ymir work/pc/assassin/horse_dualhand_sword/skill_splash.gr2	1
PC/ymir work/pc/assassin/effect/cheonryongchuta_down_2.mse	d:/ymir work/pc/assassin/effect/cheonryongchuta_down_2.mse	1
PC/ymir work/pc/assassin/effect/gwangyeoksul_4_energy.mse	d:/ymir work/pc/assassin/effect/gwangyeoksul_4_energy.mse	1
PC/ymir work/pc/assassin/effect/cheonryongchuta_down_3.mse	d:/ymir work/pc/assassin/effect/cheonryongchuta_down_3.mse	1
PC/ymir work/pc/sura/effect/firecopy.dds	d:/ymir work/pc/sura/effect/firecopy.dds	1
PC/ymir work/pc/assassin/effect/cheonryongchuta_down_4.mse	d:/ymir work/pc/assassin/effect/cheonryongchuta_down_4.mse	1
PC/ymir work/pc/assassin/hair/hair_3_4.gr2	d:/ymir work/pc/assassin/hair/hair_3_4.gr2	1
PC/ymir work/pc/shaman/effect/gicheon.msf	d:/ymir work/pc/shaman/effect/gicheon.msf	1
PC/ymir work/pc/assassin/skill/charyun_4.msa	d:/ymir work/pc/assassin/skill/charyun_4.msa	1
PC/ymir work/pc/shaman/effect/ararar.dds	d:/ymir work/pc/shaman/effect/ararar.dds	1
PC/ymir work/pc/assassin/effect/dokgigung_4.mse	d:/ymir work/pc/assassin/effect/dokgigung_4.mse	1
PC/ymir work/pc/shaman/skill/gamji.msk	d:/ymir work/pc/shaman/skill/gamji.msk	1
PC/ymir work/pc/sura/effect/hueksin.mde	d:/ymir work/pc/sura/effect/hueksin.mde	1
PC/ymir work/pc/warrior/skill/jipjung.msk	d:/ymir work/pc/warrior/skill/jipjung.msk	1
PC/ymir work/pc/assassin/effect/cheonryongchuta_up_3.mse	d:/ymir work/pc/assassin/effect/cheonryongchuta_up_3.mse	1
PC/ymir work/pc/shaman/shaman_cheonryun.gr2	d:/ymir work/pc/shaman/shaman_cheonryun.gr2	1
PC/ymir work/pc/common/skill/fishing.msk	d:/ymir work/pc/common/skill/fishing.msk	1
PC/ymir work/pc/common/effect/armor/orange_water1.dds	d:/ymir work/pc/common/effect/armor/orange_water1.dds	1
PC/ymir work/pc/shaman/general/damage_3.msa	d:/ymir work/pc/shaman/general/damage_3.msa	1
PC/ymir work/pc/shaman/skill/jigam_me.msa	d:/ymir work/pc/shaman/skill/jigam_me.msa	1
PC/ymir work/pc/assassin/effect/cure.dds	d:/ymir work/pc/assassin/effect/cure.dds	1
PC/ymir work/pc/shaman/skill/hosin_5.msa	d:/ymir work/pc/shaman/skill/hosin_5.msa	1
PC/ymir work/pc/assassin/effect/ee_s.dds	d:/ymir work/pc/assassin/effect/ee_s.dds	1
PC/ymir work/pc/shaman/effect/budong_frazilbattom.dds	d:/ymir work/pc/shaman/effect/budong_frazilbattom.dds	1
PC/ymir work/pc/assassin/onehand_sword/combo_04.gr2	d:/ymir work/pc/assassin/onehand_sword/combo_04.gr2	1
PC/ymir work/pc/shaman/effect/bipabu_3.msf	d:/ymir work/pc/shaman/effect/bipabu_3.msf	1
PC/ymir work/pc/warrior/action/dance_2.msa	d:/ymir work/pc/warrior/action/dance_2.msa	1
PC/ymir work/pc/assassin/effect/energyup.mde	d:/ymir work/pc/assassin/effect/energyup.mde	1
PC/ymir work/pc/assassin/skill/gungsin_4.msa	d:/ymir work/pc/assassin/skill/gungsin_4.msa	1
PC/ymir work/pc/assassin/effect/eunhyeongbeop_3.mse	d:/ymir work/pc/assassin/effect/eunhyeongbeop_3.mse	1
PC/ymir work/pc/shaman/shaman_1-2_nabong_a.dds	d:/ymir work/pc/shaman/shaman_1-2_nabong_a.dds	1
PC/ymir work/pc/assassin/general/wait_1.msa	d:/ymir work/pc/assassin/general/wait_1.msa	1
PC/ymir work/pc/assassin/effect/eunhyeongbeop_4.mse	d:/ymir work/pc/assassin/effect/eunhyeongbeop_4.mse	1
PC/ymir work/pc/assassin/skill/seomjeon.msk	d:/ymir work/pc/assassin/skill/seomjeon.msk	1
PC/ymir work/pc/common/effect/armor/armor-4-2-4.mse	d:/ymir work/pc/common/effect/armor/armor-4-2-4.mse	1
PC/ymir work/pc/shaman/effect/w_star.dds	d:/ymir work/pc/shaman/effect/w_star.dds	1
PC/ymir work/pc/assassin/effect/f2.dds	d:/ymir work/pc/assassin/effect/f2.dds	1
PC/ymir work/pc/shaman/effect/paeryong_2.mse	d:/ymir work/pc/shaman/effect/paeryong_2.mse	1
PC/ymir work/pc/assassin/hair/hair_3_1.gr2	d:/ymir work/pc/assassin/hair/hair_3_1.gr2	1
PC/ymir work/pc/sura/effect/jeoju_blow.mse	d:/ymir work/pc/sura/effect/jeoju_blow.mse	1
PC/ymir work/pc/assassin/skill/amseup.gr2	d:/ymir work/pc/assassin/skill/amseup.gr2	1
PC/ymir work/pc/sura/effect/gwigeom_4.mse	d:/ymir work/pc/sura/effect/gwigeom_4.mse	1
PC/ymir work/pc/shaman/effect/pokroe_b.mse	d:/ymir work/pc/shaman/effect/pokroe_b.mse	1
PC/ymir work/pc/common/effect/armor/armor_blue_1307.mse	d:/ymir work/pc/common/effect/armor/armor_blue_1307.mse	1
PC/ymir work/pc/assassin/effect/firebird copy.jpg	d:/ymir work/pc/assassin/effect/firebird copy.jpg	1
PC/ymir work/pc/sura/effect/ls1_1 copy.dds	d:/ymir work/pc/sura/effect/ls1_1 copy.dds	1
PC/ymir work/pc/assassin/effect/gungsintanyeong_2_blow.mse	d:/ymir work/pc/assassin/effect/gungsintanyeong_2_blow.mse	1
PC/ymir work/pc/assassin/effect/gungsintanyeong_2_end.mse	d:/ymir work/pc/assassin/effect/gungsintanyeong_2_end.mse	1
PC/ymir work/pc/assassin/horse/skill_charge.gr2	d:/ymir work/pc/assassin/horse/skill_charge.gr2	1
PC/ymir work/pc/assassin/effect/gungsintanyeong_3_start.mse	d:/ymir work/pc/assassin/effect/gungsintanyeong_3_start.mse	1
PC/ymir work/pc/shaman/action/dance_1.gr2	d:/ymir work/pc/shaman/action/dance_1.gr2	1
PC/ymir work/pc/assassin/effect/gungsintanyeong_4_blow.mse	d:/ymir work/pc/assassin/effect/gungsintanyeong_4_blow.mse	1
PC/ymir work/pc/assassin/effect/gungsintanyeong_4_end.mse	d:/ymir work/pc/assassin/effect/gungsintanyeong_4_end.mse	1
PC/ymir work/pc/assassin/effect/gungsintanyeong_4_start.mse	d:/ymir work/pc/assassin/effect/gungsintanyeong_4_start.mse	1
PC/ymir work/pc/shaman/skill/budong_4.msa	d:/ymir work/pc/shaman/skill/budong_4.msa	1
PC/ymir work/pc/assassin/effect/gungsintanyeong_end.mse	d:/ymir work/pc/assassin/effect/gungsintanyeong_end.mse	1
PC/ymir work/pc/assassin/effect/gwangyeoksul_4_arrowenergy.mse	d:/ymir work/pc/assassin/effect/gwangyeoksul_4_arrowenergy.mse	1
PC/ymir work/pc/assassin/effect/seomjeom_hand_3.mse	d:/ymir work/pc/assassin/effect/seomjeom_hand_3.mse	1
PC/ymir work/pc/sura/action/french_kiss_with_assassin.msa	d:/ymir work/pc/sura/action/french_kiss_with_assassin.msa	1
PC/ymir work/pc/assassin/effect/gungsintanyeong_start.mse	d:/ymir work/pc/assassin/effect/gungsintanyeong_start.mse	1
PC/ymir work/pc/warrior/effect/gihyeol_spash.dds	d:/ymir work/pc/warrior/effect/gihyeol_spash.dds	1
PC/ymir work/pc/sura/effect/maryeong_making.mse	d:/ymir work/pc/sura/effect/maryeong_making.mse	1
PC/ymir work/pc/sura/horse/stop.msa	d:/ymir work/pc/sura/horse/stop.msa	1
PC/ymir work/pc/assassin/effect/gwangyeoksul.mse	d:/ymir work/pc/assassin/effect/gwangyeoksul.mse	1
PC/ymir work/pc/sura/hair/hair_4_1.gr2	d:/ymir work/pc/sura/hair/hair_4_1.gr2	1
PC/ymir work/pc/assassin/effect/gwangyeoksul_2.mse	d:/ymir work/pc/assassin/effect/gwangyeoksul_2.mse	1
PC/ymir work/pc/sura/effect/white_burn.dds	d:/ymir work/pc/sura/effect/white_burn.dds	1
PC/ymir work/pc/sura/skill/gongpo_3.msa	d:/ymir work/pc/sura/skill/gongpo_3.msa	1
PC/ymir work/pc/assassin/effect/gwangyeoksul_2.msf	d:/ymir work/pc/assassin/effect/gwangyeoksul_2.msf	1
PC/ymir work/pc/assassin/effect/gwangyeoksul_2_arrowenergy.mse	d:/ymir work/pc/assassin/effect/gwangyeoksul_2_arrowenergy.mse	1
PC/ymir work/pc/common/effect/sword/sword_9_s.mse	d:/ymir work/pc/common/effect/sword/sword_9_s.mse	1
PC/ymir work/pc/assassin/effect/gwangyeoksul_2_energy.mse	d:/ymir work/pc/assassin/effect/gwangyeoksul_2_energy.mse	1
PC/ymir work/pc/assassin/fishing/run.gr2	d:/ymir work/pc/assassin/fishing/run.gr2	1
PC/ymir work/pc/warrior/warrior_4-1_lod_02.gr2	d:/ymir work/pc/warrior/warrior_4-1_lod_02.gr2	1
PC/ymir work/pc/assassin/effect/seomjeom_start_4.mse	d:/ymir work/pc/assassin/effect/seomjeom_start_4.mse	1
PC/ymir work/pc/shaman/action/shy.msa	d:/ymir work/pc/shaman/action/shy.msa	1
PC/ymir work/pc/shaman/skill/wonsin.msk	d:/ymir work/pc/shaman/skill/wonsin.msk	1
PC/ymir work/pc/warrior/horse/wait_2.msa	d:/ymir work/pc/warrior/horse/wait_2.msa	1
PC/ymir work/pc/common/effect/armor/orange.mse	d:/ymir work/pc/common/effect/armor/orange.mse	1
PC/ymir work/pc/shaman/fan/run.gr2	d:/ymir work/pc/shaman/fan/run.gr2	1
PC/ymir work/pc/sura/wedding/walk.gr2	d:/ymir work/pc/sura/wedding/walk.gr2	1
PC/ymir work/pc/common/effect/armor/watercopy.dds	d:/ymir work/pc/common/effect/armor/watercopy.dds	1
PC/ymir work/pc/warrior/horse/walk.msa	d:/ymir work/pc/warrior/horse/walk.msa	1
PC/ymir work/pc/assassin/effect/gwangyeoksul_3.mse	d:/ymir work/pc/assassin/effect/gwangyeoksul_3.mse	1
PC/ymir work/pc/shaman/intro/selected.gr2	d:/ymir work/pc/shaman/intro/selected.gr2	1
PC/ymir work/pc/shaman/effect/cell.dds	d:/ymir work/pc/shaman/effect/cell.dds	1
PC/ymir work/pc/shaman/effect/r0004.dds	d:/ymir work/pc/shaman/effect/r0004.dds	1
PC/ymir work/pc/warrior/onehand_sword/rampage_02.msa	d:/ymir work/pc/warrior/onehand_sword/rampage_02.msa	1
PC/ymir work/pc/assassin/effect/hwajopa_4_arrowenergy.mse	d:/ymir work/pc/assassin/effect/hwajopa_4_arrowenergy.mse	1
PC/ymir work/pc/assassin/effect/gwangyeoksul_3.msf	d:/ymir work/pc/assassin/effect/gwangyeoksul_3.msf	1
PC/ymir work/pc/common/effect/armor/bottom_v2_orange.mse	d:/ymir work/pc/common/effect/armor/bottom_v2_orange.mse	1
PC/ymir work/pc/shaman/skill/boho_5.msa	d:/ymir work/pc/shaman/skill/boho_5.msa	1
PC/ymir work/pc/assassin/effect/gwangyeoksul_4.mse	d:/ymir work/pc/assassin/effect/gwangyeoksul_4.mse	1
PC/ymir work/pc/shaman/skill/yongpa_2.msa	d:/ymir work/pc/shaman/skill/yongpa_2.msa	1
PC/ymir work/pc/assassin/effect/gwangyeoksul_energy.mse	d:/ymir work/pc/assassin/effect/gwangyeoksul_energy.mse	1
PC/ymir work/pc/assassin/hair/hair_1_3.gr2	d:/ymir work/pc/assassin/hair/hair_1_3.gr2	1
PC/ymir work/pc/sura/effect/beam_2_blow.mse	d:/ymir work/pc/sura/effect/beam_2_blow.mse	1
PC/ymir work/pc/sura/effect/tusok_4_throw.mse	d:/ymir work/pc/sura/effect/tusok_4_throw.mse	1
PC/ymir work/pc/assassin/onehand_sword/combo_01.gr2	d:/ymir work/pc/assassin/onehand_sword/combo_01.gr2	1
PC/ymir work/pc/assassin/fishing/wait.gr2	d:/ymir work/pc/assassin/fishing/wait.gr2	1
PC/ymir work/pc/sura/effect/fire copy.dds	d:/ymir work/pc/sura/effect/fire copy.dds	1
PC/ymir work/pc/sura/effect/jeoju_making.mse	d:/ymir work/pc/sura/effect/jeoju_making.mse	1
PC/ymir work/pc/assassin/effect/gyeonggong_3_loop.mse	d:/ymir work/pc/assassin/effect/gyeonggong_3_loop.mse	1
PC/ymir work/pc/warrior/action/dance_3.msa	d:/ymir work/pc/warrior/action/dance_3.msa	1
PC/ymir work/pc/assassin/effect/gyeonggong_3_start.mse	d:/ymir work/pc/assassin/effect/gyeonggong_3_start.mse	1
PC/ymir work/pc/shaman/effect/go copy.dds	d:/ymir work/pc/shaman/effect/go copy.dds	1
PC/ymir work/pc/assassin/effect/gyeonggong_4_loop.mse	d:/ymir work/pc/assassin/effect/gyeonggong_4_loop.mse	1
PC/ymir work/pc/common/effect/armor/armor_v3_red.mse	d:/ymir work/pc/common/effect/armor/armor_v3_red.mse	1
PC/ymir work/pc/common/effect/armor/armor-4-2-13_1.mse	d:/ymir work/pc/common/effect/armor/armor-4-2-13_1.mse	1
PC/ymir work/pc/assassin/effect/gyeonggong_bottom.dds	d:/ymir work/pc/assassin/effect/gyeonggong_bottom.dds	1
PC/ymir work/pc/shaman/skill/chegong.msk	d:/ymir work/pc/shaman/skill/chegong.msk	1
PC/ymir work/pc/shaman/effect/noe_splitlife.dds	d:/ymir work/pc/shaman/effect/noe_splitlife.dds	1
PC/ymir work/pc/assassin/effect/gyeonggong_loop.mse	d:/ymir work/pc/assassin/effect/gyeonggong_loop.mse	1
PC/ymir work/pc/assassin/effect/horse_dualhand_sword_splash_boom.mse	d:/ymir work/pc/assassin/effect/horse_dualhand_sword_splash_boom.mse	1
PC/ymir work/pc/assassin/general/back_falling_stand.msa	d:/ymir work/pc/assassin/general/back_falling_stand.msa	1
PC/ymir work/pc/common/effect/armor/armor_v3_blue.mse	d:/ymir work/pc/common/effect/armor/armor_v3_blue.mse	1
PC/ymir work/pc/assassin/skill/seomjeon_3.msa	d:/ymir work/pc/assassin/skill/seomjeon_3.msa	1
PC/ymir work/pc/sura/effect/pabeopsul_3_blow.mse	d:/ymir work/pc/sura/effect/pabeopsul_3_blow.mse	1
PC/ymir work/pc/assassin/effect/horse_onehand_sword_splash.mse	d:/ymir work/pc/assassin/effect/horse_onehand_sword_splash.mse	1
PC/ymir work/pc/sura/effect/men.dds	d:/ymir work/pc/sura/effect/men.dds	1
PC/ymir work/pc/assassin/effect/horse_onehand_sword_splash_making.mse	d:/ymir work/pc/assassin/effect/horse_onehand_sword_splash_making.mse	1
PC/ymir work/pc/assassin/effect/hwajopa.mde	d:/ymir work/pc/assassin/effect/hwajopa.mde	1
PC/ymir work/pc/warrior/effect/gihyeol.mse	d:/ymir work/pc/warrior/effect/gihyeol.mse	1
PC/ymir work/pc/assassin/effect/hwajopa.mse	d:/ymir work/pc/assassin/effect/hwajopa.mse	1
PC/ymir work/pc/sura/sura_novice_lod_01.gr2	d:/ymir work/pc/sura/sura_novice_lod_01.gr2	1
PC/ymir work/pc/common/effect/armor/fire.dds	d:/ymir work/pc/common/effect/armor/fire.dds	1
PC/ymir work/pc/sura/effect/bottom_under.dds	d:/ymir work/pc/sura/effect/bottom_under.dds	1
PC/ymir work/pc/shaman/action/congratulation.gr2	d:/ymir work/pc/shaman/action/congratulation.gr2	1
PC/ymir work/pc/assassin/effect/hwajopa_arrowenergy.mse	d:/ymir work/pc/assassin/effect/hwajopa_arrowenergy.mse	1
PC/ymir work/pc/warrior/skill/kwaegeom.gr2	d:/ymir work/pc/warrior/skill/kwaegeom.gr2	1
PC/ymir work/pc/assassin/effect/hwajopa_2_arrowenergy.mse	d:/ymir work/pc/assassin/effect/hwajopa_2_arrowenergy.mse	1
PC/ymir work/pc/assassin/effect/hwajopa_2_energy.mse	d:/ymir work/pc/assassin/effect/hwajopa_2_energy.mse	1
PC/ymir work/pc/sura/effect/tusok_3.mse	d:/ymir work/pc/sura/effect/tusok_3.mse	1
PC/ymir work/pc/assassin/effect/hwajopa_3.mse	d:/ymir work/pc/assassin/effect/hwajopa_3.mse	1
PC/ymir work/pc/sura/effect/heukma_start.mse	d:/ymir work/pc/sura/effect/heukma_start.mse	1
PC/ymir work/pc/assassin/skill/amseup.msa	d:/ymir work/pc/assassin/skill/amseup.msa	1
PC/ymir work/pc/assassin/effect/hwajopa_3.msf	d:/ymir work/pc/assassin/effect/hwajopa_3.msf	1
PC/ymir work/pc/shaman/action/kiss_with_warrior.gr2	d:/ymir work/pc/shaman/action/kiss_with_warrior.gr2	1
PC/ymir work/pc/assassin/effect/hwajopa_3_blow.mse	d:/ymir work/pc/assassin/effect/hwajopa_3_blow.mse	1
PC/ymir work/pc/assassin/effect/hwajopa_4_energy.mse	d:/ymir work/pc/assassin/effect/hwajopa_4_energy.mse	1
PC/ymir work/pc/common/effect/armor/b_star.dds	d:/ymir work/pc/common/effect/armor/b_star.dds	1
PC/ymir work/pc/assassin/effect/hwajopa_blow_4.mse	d:/ymir work/pc/assassin/effect/hwajopa_blow_4.mse	1
PC/ymir work/pc/shaman/bell/combo_03.gr2	d:/ymir work/pc/shaman/bell/combo_03.gr2	1
PC/ymir work/pc/warrior/horse/wait.msa	d:/ymir work/pc/warrior/horse/wait.msa	1
PC/ymir work/pc/warrior/effect/geom_2_badak.mse	d:/ymir work/pc/warrior/effect/geom_2_badak.mse	1
PC/ymir work/pc/common/effect/armor/armor_25.mse	d:/ymir work/pc/common/effect/armor/armor_25.mse	1
PC/ymir work/pc/assassin/effect/yeonsa_4.mse	d:/ymir work/pc/assassin/effect/yeonsa_4.mse	1
PC/ymir work/pc/sura/skill/muyeong_2.msa	d:/ymir work/pc/sura/skill/muyeong_2.msa	1
PC/ymir work/pc/assassin/effect/hwajopa_energy.mse	d:/ymir work/pc/assassin/effect/hwajopa_energy.mse	1
PC/ymir work/pc/shaman/intro/wait.gr2	d:/ymir work/pc/shaman/intro/wait.gr2	1
PC/ymir work/pc/warrior/hair/hair_1_2.dds	d:/ymir work/pc/warrior/hair/hair_1_2.dds	1
PC/ymir work/pc/assassin/effect/hwajopaburn copy.dds	d:/ymir work/pc/assassin/effect/hwajopaburn copy.dds	1
PC/ymir work/pc/assassin/effect/hwarin_1.dds	d:/ymir work/pc/assassin/effect/hwarin_1.dds	1
PC/ymir work/pc/sura/skill/guild_jumunsul.msa	d:/ymir work/pc/sura/skill/guild_jumunsul.msa	1
PC/ymir work/pc/assassin/skill/gwangyeok_5.msa	d:/ymir work/pc/assassin/skill/gwangyeok_5.msa	1
PC/ymir work/pc/shaman/horse/wait_2.gr2	d:/ymir work/pc/shaman/horse/wait_2.gr2	1
PC/ymir work/pc/common/effect/armor/jang.dds	d:/ymir work/pc/common/effect/armor/jang.dds	1
PC/ymir work/pc/assassin/effect/hwarin_2.dds	d:/ymir work/pc/assassin/effect/hwarin_2.dds	1
PC/ymir work/pc/shaman/skill/buhwal.msa	d:/ymir work/pc/shaman/skill/buhwal.msa	1
PC/ymir work/pc/shaman/effect/noejeon_blow.mse	d:/ymir work/pc/shaman/effect/noejeon_blow.mse	1
PC/ymir work/pc/assassin/effect/yeonsa_4_blow.mse	d:/ymir work/pc/assassin/effect/yeonsa_4_blow.mse	1
PC/ymir work/pc/sura/effect/maryeong_3_blow.mse	d:/ymir work/pc/sura/effect/maryeong_3_blow.mse	1
PC/ymir work/pc/assassin/fishing/fishing_catch.gr2	d:/ymir work/pc/assassin/fishing/fishing_catch.gr2	1
PC/ymir work/pc/shaman/effect/jeungryeok_hand_4.mse	d:/ymir work/pc/shaman/effect/jeungryeok_hand_4.mse	1
PC/ymir work/pc/warrior/skill/samyeon_2.msa	d:/ymir work/pc/warrior/skill/samyeon_2.msa	1
PC/ymir work/pc/assassin/effect/hwarin_loop.mse	d:/ymir work/pc/assassin/effect/hwarin_loop.mse	1
PC/ymir work/pc/sura/action/french_kiss_with_warrior.gr2	d:/ymir work/pc/sura/action/french_kiss_with_warrior.gr2	1
PC/ymir work/pc/shaman/shaman_miyeom.gr2	d:/ymir work/pc/shaman/shaman_miyeom.gr2	1
PC/ymir work/pc/assassin/effect/kwaegeom.dds	d:/ymir work/pc/assassin/effect/kwaegeom.dds	1
PC/ymir work/pc/assassin/effect/kwaegeom_loop.mse	d:/ymir work/pc/assassin/effect/kwaegeom_loop.mse	1
PC/ymir work/pc/shaman/hair/hair_3_4.dds	d:/ymir work/pc/shaman/hair/hair_3_4.dds	1
PC/ymir work/pc/assassin/intro/selected.gr2	d:/ymir work/pc/assassin/intro/selected.gr2	1
PC/ymir work/pc/warrior/effect/gihyeol_4_sword.mse	d:/ymir work/pc/warrior/effect/gihyeol_4_sword.mse	1
PC/ymir work/pc/assassin/effect/men-1.dds	d:/ymir work/pc/assassin/effect/men-1.dds	1
PC/ymir work/pc/assassin/effect/muronchamblue.dds	d:/ymir work/pc/assassin/effect/muronchamblue.dds	1
PC/ymir work/pc/shaman/shaman_1-1cheongnang_a.dds	d:/ymir work/pc/shaman/shaman_1-1cheongnang_a.dds	1
PC/ymir work/pc/assassin/effect/orange_cure copy.dds	d:/ymir work/pc/assassin/effect/orange_cure copy.dds	1
PC/ymir work/pc/assassin/effect/rotation of 3.dds	d:/ymir work/pc/assassin/effect/rotation of 3.dds	1
PC/ymir work/pc/assassin/effect/seomjeom_blow_2.mse	d:/ymir work/pc/assassin/effect/seomjeom_blow_2.mse	1
PC/ymir work/pc/warrior/effect/gyeoksantau_4.mse	d:/ymir work/pc/warrior/effect/gyeoksantau_4.mse	1
PC/ymir work/pc/assassin/horse_dualhand_sword/skill_wildattack.msa	d:/ymir work/pc/assassin/horse_dualhand_sword/skill_wildattack.msa	1
PC/ymir work/pc/assassin/horse_dualhand_sword/combo_01.gr2	d:/ymir work/pc/assassin/horse_dualhand_sword/combo_01.gr2	1
PC/ymir work/pc/warrior/horse_twohand_sword/combo_03.msa	d:/ymir work/pc/warrior/horse_twohand_sword/combo_03.msa	1
PC/ymir work/pc/assassin/skill/seomgwang_3.msa	d:/ymir work/pc/assassin/skill/seomgwang_3.msa	1
PC/ymir work/pc/assassin/hair/hair_1_1.gr2	d:/ymir work/pc/assassin/hair/hair_1_1.gr2	1
PC/ymir work/pc/shaman/skill/jeungche.msk	d:/ymir work/pc/shaman/skill/jeungche.msk	1
PC/ymir work/pc/shaman/effect/bipabu_4_making.mse	d:/ymir work/pc/shaman/effect/bipabu_4_making.mse	1
PC/ymir work/pc/assassin/effect/seomjeom_blow_3.mse	d:/ymir work/pc/assassin/effect/seomjeom_blow_3.mse	1
PC/ymir work/pc/warrior/effect/geom_2_bottom.mse	d:/ymir work/pc/warrior/effect/geom_2_bottom.mse	1
PC/ymir work/pc/common/effect/armor/texturen/18.dds	d:/ymir work/pc/common/effect/armor/texturen/18.dds	1
PC/ymir work/pc/assassin/effect/taeyang_4_blow.mse	d:/ymir work/pc/assassin/effect/taeyang_4_blow.mse	1
PC/ymir work/pc/assassin/effect/seomjeom_end.mse	d:/ymir work/pc/assassin/effect/seomjeom_end.mse	1
PC/ymir work/pc/shaman/effect/runfoot.mde	d:/ymir work/pc/shaman/effect/runfoot.mde	1
PC/ymir work/pc/assassin/effect/seomjeom_end_2.mse	d:/ymir work/pc/assassin/effect/seomjeom_end_2.mse	1
PC/ymir work/pc/assassin/onehand_sword/damage_2.gr2	d:/ymir work/pc/assassin/onehand_sword/damage_2.gr2	1
PC/ymir work/pc/common/effect/armor/luke.dds	d:/ymir work/pc/common/effect/armor/luke.dds	1
PC/ymir work/pc/assassin/effect/seomjeom_end_3.mse	d:/ymir work/pc/assassin/effect/seomjeom_end_3.mse	1
PC/ymir work/pc/assassin/effect/seomjeom_end_4.mse	d:/ymir work/pc/assassin/effect/seomjeom_end_4.mse	1
PC/ymir work/pc/assassin/general/damage_1.msa	d:/ymir work/pc/assassin/general/damage_1.msa	1
PC/ymir work/pc/assassin/effect/seomjeom_hand.mse	d:/ymir work/pc/assassin/effect/seomjeom_hand.mse	1
PC/ymir work/pc/shaman/fishing/wait.msa	d:/ymir work/pc/shaman/fishing/wait.msa	1
PC/ymir work/pc/shaman/hair/hair_1_4.gr2	d:/ymir work/pc/shaman/hair/hair_1_4.gr2	1
PC/ymir work/pc/shaman/skill/daejeongeop.msk	d:/ymir work/pc/shaman/skill/daejeongeop.msk	1
PC/ymir work/pc/warrior/effect/gwigeom_sword copy.dds	d:/ymir work/pc/warrior/effect/gwigeom_sword copy.dds	1
PC/ymir work/pc/assassin/effect/seomjeom_hand_2.mse	d:/ymir work/pc/assassin/effect/seomjeom_hand_2.mse	1
PC/ymir work/pc/assassin/general/attack_1.gr2	d:/ymir work/pc/assassin/general/attack_1.gr2	1
PC/ymir work/pc/assassin/effect/seomjeom_hand_4.mse	d:/ymir work/pc/assassin/effect/seomjeom_hand_4.mse	1
PC/ymir work/pc/assassin/skill/make_poison.msk	d:/ymir work/pc/assassin/skill/make_poison.msk	1
PC/ymir work/pc/assassin/effect/seomjeom_start_2.mse	d:/ymir work/pc/assassin/effect/seomjeom_start_2.mse	1
PC/ymir work/pc/assassin/hair/hair_3_1.dds	d:/ymir work/pc/assassin/hair/hair_3_1.dds	1
PC/ymir work/pc/sura/effect/muyeong_2_fly.mse	d:/ymir work/pc/sura/effect/muyeong_2_fly.mse	1
PC/ymir work/pc/assassin/skill/make_trap.gr2	d:/ymir work/pc/assassin/skill/make_trap.gr2	1
PC/ymir work/pc/assassin/effect/seomjeom_start_3.mse	d:/ymir work/pc/assassin/effect/seomjeom_start_3.mse	1
PC/ymir work/pc/sura/effect/geomhwangyeok_2.mse	d:/ymir work/pc/sura/effect/geomhwangyeok_2.mse	1
PC/ymir work/pc/assassin/effect/taeyang_blow_2.mse	d:/ymir work/pc/assassin/effect/taeyang_blow_2.mse	1
PC/ymir work/pc/assassin/horse/wait_2.msa	d:/ymir work/pc/assassin/horse/wait_2.msa	1
PC/ymir work/pc/shaman/effect/0005.dds	d:/ymir work/pc/shaman/effect/0005.dds	1
PC/ymir work/pc/shaman/shaman_cheongnang_lod_02.gr2	d:/ymir work/pc/shaman/shaman_cheongnang_lod_02.gr2	1
PC/ymir work/pc/assassin/effect/taeyang_blow_3.mse	d:/ymir work/pc/assassin/effect/taeyang_blow_3.mse	1
PC/ymir work/pc/assassin/hair/hair_2_2.dds	d:/ymir work/pc/assassin/hair/hair_2_2.dds	1
PC/ymir work/pc/assassin/effect/taeyang_hand.mse	d:/ymir work/pc/assassin/effect/taeyang_hand.mse	1
PC/ymir work/pc/assassin/general/wait_1.gr2	d:/ymir work/pc/assassin/general/wait_1.gr2	1
PC/ymir work/pc/assassin/effect/taeyang_hand_2.mse	d:/ymir work/pc/assassin/effect/taeyang_hand_2.mse	1
PC/ymir work/pc/assassin/effect/trap.mse	d:/ymir work/pc/assassin/effect/trap.mse	1
PC/ymir work/pc/sura/effect/maryeong_monster.mse	d:/ymir work/pc/sura/effect/maryeong_monster.mse	1
PC/ymir work/pc/assassin/effect/yeonsa.mse	d:/ymir work/pc/assassin/effect/yeonsa.mse	1
PC/ymir work/pc/sura/general/pick_up.gr2	d:/ymir work/pc/sura/general/pick_up.gr2	1
PC/ymir work/pc/shaman/shaman_3-1_cheonryun_a.dds	d:/ymir work/pc/shaman/shaman_3-1_cheonryun_a.dds	1
PC/ymir work/pc/assassin/effect/yeonsa_2.mse	d:/ymir work/pc/assassin/effect/yeonsa_2.mse	1
PC/ymir work/pc/assassin/skill/gyeonggong_2.msa	d:/ymir work/pc/assassin/skill/gyeonggong_2.msa	1
PC/ymir work/pc/shaman/skill/noejeon_4.msa	d:/ymir work/pc/shaman/skill/noejeon_4.msa	1
PC/ymir work/pc/assassin/effect/yeonsa_2_arrowenergy.mse	d:/ymir work/pc/assassin/effect/yeonsa_2_arrowenergy.mse	1
PC/ymir work/pc/warrior/effect/cheongeun_3.mse	d:/ymir work/pc/warrior/effect/cheongeun_3.mse	1
PC/ymir work/pc/sura/action/cheerup.msa	d:/ymir work/pc/sura/action/cheerup.msa	1
PC/ymir work/pc/warrior/effect/musa_loop.mse	d:/ymir work/pc/warrior/effect/musa_loop.mse	1
PC/ymir work/pc/warrior/effect/fire copy.dds	d:/ymir work/pc/warrior/effect/fire copy.dds	1
PC/ymir work/pc/common/effect/armor/water1_black.dds	d:/ymir work/pc/common/effect/armor/water1_black.dds	1
PC/ymir work/pc/assassin/effect/yeonsa_3.mse	d:/ymir work/pc/assassin/effect/yeonsa_3.mse	1
PC/ymir work/pc/sura/effect/pabeopwave copy.dds	d:/ymir work/pc/sura/effect/pabeopwave copy.dds	1
PC/ymir work/pc/warrior/skill/gigongcham.msa	d:/ymir work/pc/warrior/skill/gigongcham.msa	1
PC/ymir work/pc/assassin/effect/yeonsa_3_blow.mse	d:/ymir work/pc/assassin/effect/yeonsa_3_blow.mse	1
PC/ymir work/pc/assassin/effect/yeonsa_4_blow2.mse	d:/ymir work/pc/assassin/effect/yeonsa_4_blow2.mse	1
PC/ymir work/pc/shaman/horse/skill_splash.gr2	d:/ymir work/pc/shaman/horse/skill_splash.gr2	1
PC/ymir work/pc/shaman/skill/pokroe.msa	d:/ymir work/pc/shaman/skill/pokroe.msa	1
PC/ymir work/pc/assassin/general/damage_3.gr2	d:/ymir work/pc/assassin/general/damage_3.gr2	1
PC/ymir work/pc/assassin/effect/yeonsa_4_energy.mse	d:/ymir work/pc/assassin/effect/yeonsa_4_energy.mse	1
PC/ymir work/pc/shaman/shaman_miyeom.dds	d:/ymir work/pc/shaman/shaman_miyeom.dds	1
PC/ymir work/pc/assassin/general/run.gr2	d:/ymir work/pc/assassin/general/run.gr2	1
PC/ymir work/pc/assassin/horse/damage.gr2	d:/ymir work/pc/assassin/horse/damage.gr2	1
PC/ymir work/pc/assassin/effect/yeonsa_arrowenergy.mse	d:/ymir work/pc/assassin/effect/yeonsa_arrowenergy.mse	1
PC/ymir work/pc/assassin/effect/yeonsa_blow.mse	d:/ymir work/pc/assassin/effect/yeonsa_blow.mse	1
PC/ymir work/pc/shaman/effect/ochaeunseofrred.dds	d:/ymir work/pc/shaman/effect/ochaeunseofrred.dds	1
PC/ymir work/pc/assassin/effect/yeonsal_3_energy.mse	d:/ymir work/pc/assassin/effect/yeonsal_3_energy.mse	1
PC/ymir work/pc/assassin/fishing/fishing_cancel.gr2	d:/ymir work/pc/assassin/fishing/fishing_cancel.gr2	1
PC/ymir work/pc/warrior/general/attack.gr2	d:/ymir work/pc/warrior/general/attack.gr2	1
PC/ymir work/pc/shaman/effect/boho_4.mse	d:/ymir work/pc/shaman/effect/boho_4.mse	1
PC/ymir work/pc/common/effect/armor/armor_v3_green.mse	d:/ymir work/pc/common/effect/armor/armor_v3_green.mse	1
PC/ymir work/pc/assassin/fishing/fishing_fail.msa	d:/ymir work/pc/assassin/fishing/fishing_fail.msa	1
PC/ymir work/pc/shaman/effect/6gicheon_throw_4.mse	d:/ymir work/pc/shaman/effect/6gicheon_throw_4.mse	1
PC/ymir work/pc/sura/onehand_sword/damage.msa	d:/ymir work/pc/sura/onehand_sword/damage.msa	1
PC/ymir work/pc/assassin/fishing/run.msa	d:/ymir work/pc/assassin/fishing/run.msa	1
PC/ymir work/pc/warrior/skill/tugi.msk	d:/ymir work/pc/warrior/skill/tugi.msk	1
PC/ymir work/pc/shaman/shaman_hair_01_red.dds	d:/ymir work/pc/shaman/shaman_hair_01_red.dds	1
PC/ymir work/pc/warrior/skill/geompung_4.msa	d:/ymir work/pc/warrior/skill/geompung_4.msa	1
PC/ymir work/pc/common/effect/armor/armor-5-1_2.mse	d:/ymir work/pc/common/effect/armor/armor-5-1_2.mse	1
PC/ymir work/pc/assassin/skill/gungsin_5.msa	d:/ymir work/pc/assassin/skill/gungsin_5.msa	1
PC/ymir work/pc/warrior/effect/gigongcham_3_making.mse	d:/ymir work/pc/warrior/effect/gigongcham_3_making.mse	1
PC/ymir work/pc/common/effect/armor/bottom_v2_pink.mse	d:/ymir work/pc/common/effect/armor/bottom_v2_pink.mse	1
PC/ymir work/pc/sura/skill/swaeryeong.gr2	d:/ymir work/pc/sura/skill/swaeryeong.gr2	1
PC/ymir work/pc/assassin/horse/dead.msa	d:/ymir work/pc/assassin/horse/dead.msa	1
PC/ymir work/pc/assassin/skill/guild_yongsinuibunno.msa	d:/ymir work/pc/assassin/skill/guild_yongsinuibunno.msa	1
PC/ymir work/pc/shaman/effect/aura.dds	d:/ymir work/pc/shaman/effect/aura.dds	1
PC/ymir work/pc/assassin/fishing/throw.msa	d:/ymir work/pc/assassin/fishing/throw.msa	1
PC/ymir work/pc/shaman/bell/combo_06.msa	d:/ymir work/pc/shaman/bell/combo_06.msa	1
PC/ymir work/pc/sura/fishing/run.msa	d:/ymir work/pc/sura/fishing/run.msa	1
PC/ymir work/pc/common/effect/armor/free/ignail.mse	d:/ymir work/pc/common/effect/armor/free/ignail.mse	1
PC/ymir work/pc/assassin/skill/geungji.msk	d:/ymir work/pc/assassin/skill/geungji.msk	1
PC/ymir work/pc/assassin/fishing/wait.msa	d:/ymir work/pc/assassin/fishing/wait.msa	1
PC/ymir work/pc/assassin/fishing/walk.gr2	d:/ymir work/pc/assassin/fishing/walk.gr2	1
PC/ymir work/pc/warrior/action/french_kiss_with_sura.msa	d:/ymir work/pc/warrior/action/french_kiss_with_sura.msa	1
PC/ymir work/pc/shaman/hair/hair_1_1.gr2	d:/ymir work/pc/shaman/hair/hair_1_1.gr2	1
PC/ymir work/pc/assassin/fishing/walk.msa	d:/ymir work/pc/assassin/fishing/walk.msa	1
PC/ymir work/pc/assassin/general/attack.msa	d:/ymir work/pc/assassin/general/attack.msa	1
PC/ymir work/pc/shaman/effect/w_ring.jpg	d:/ymir work/pc/shaman/effect/w_ring.jpg	1
PC/ymir work/pc/common/effect/armor/upline.jpg	d:/ymir work/pc/common/effect/armor/upline.jpg	1
PC/ymir work/pc/assassin/general/back_damage_flying.msa	d:/ymir work/pc/assassin/general/back_damage_flying.msa	1
PC/ymir work/pc/assassin/hair/hair_1_3.dds	d:/ymir work/pc/assassin/hair/hair_1_3.dds	1
PC/ymir work/pc/assassin/general/back_falling_stand.gr2	d:/ymir work/pc/assassin/general/back_falling_stand.gr2	1
PC/ymir work/pc/assassin/general/damage_2.msa	d:/ymir work/pc/assassin/general/damage_2.msa	1
PC/ymir work/pc/assassin/general/damage_3.msa	d:/ymir work/pc/assassin/general/damage_3.msa	1
PC/ymir work/pc/assassin/general/damage_flying.gr2	d:/ymir work/pc/assassin/general/damage_flying.gr2	1
PC/ymir work/pc/assassin/general/dead.gr2	d:/ymir work/pc/assassin/general/dead.gr2	1
PC/ymir work/pc/common/effect/armor/blue_effect3.dds	d:/ymir work/pc/common/effect/armor/blue_effect3.dds	1
PC/ymir work/pc/sura/action/banter.gr2	d:/ymir work/pc/sura/action/banter.gr2	1
PC/ymir work/pc/assassin/general/dig.gr2	d:/ymir work/pc/assassin/general/dig.gr2	1
PC/ymir work/pc/common/effect/armor/aura11.dds	d:/ymir work/pc/common/effect/armor/aura11.dds	1
PC/ymir work/pc/assassin/horse/wait.gr2	d:/ymir work/pc/assassin/horse/wait.gr2	1
PC/ymir work/pc/assassin/general/dig.msa	d:/ymir work/pc/assassin/general/dig.msa	1
PC/ymir work/pc/assassin/general/pick_up.gr2	d:/ymir work/pc/assassin/general/pick_up.gr2	1
PC/ymir work/pc/common/effect/armor/schmied123.dds	d:/ymir work/pc/common/effect/armor/schmied123.dds	1
PC/ymir work/pc/shaman/effect/base_light copy.dds	d:/ymir work/pc/shaman/effect/base_light copy.dds	1
PC/ymir work/pc/assassin/general/pick_up.msa	d:/ymir work/pc/assassin/general/pick_up.msa	1
PC/ymir work/pc/shaman/effect/2jeongeop_upgrade.mse	d:/ymir work/pc/shaman/effect/2jeongeop_upgrade.mse	1
PC/ymir work/pc/warrior/twohand_sword/walk.gr2	d:/ymir work/pc/warrior/twohand_sword/walk.gr2	1
PC/ymir work/pc/warrior/effect/gihyeol_2_spark.mse	d:/ymir work/pc/warrior/effect/gihyeol_2_spark.mse	1
PC/ymir work/pc/assassin/skill/charyun_2.msa	d:/ymir work/pc/assassin/skill/charyun_2.msa	1
PC/ymir work/pc/warrior/effect/gyeokgongjang_loop.mse	d:/ymir work/pc/warrior/effect/gyeokgongjang_loop.mse	1
PC/ymir work/pc/warrior/effect/geompung_blow.mse	d:/ymir work/pc/warrior/effect/geompung_blow.mse	1
PC/ymir work/pc/assassin/general/run.msa	d:/ymir work/pc/assassin/general/run.msa	1
PC/ymir work/pc/shaman/skill/gicheon.msk	d:/ymir work/pc/shaman/skill/gicheon.msk	1
PC/ymir work/pc/assassin/general/walk.msa	d:/ymir work/pc/assassin/general/walk.msa	1
PC/ymir work/pc/shaman/action/cheers_2.gr2	d:/ymir work/pc/shaman/action/cheers_2.gr2	1
PC/ymir work/pc/assassin/skill/amseup_5.msa	d:/ymir work/pc/assassin/skill/amseup_5.msa	1
PC/ymir work/pc/assassin/hair/hair_1_2.dds	d:/ymir work/pc/assassin/hair/hair_1_2.dds	1
PC/ymir work/pc/shaman/effect/tong.dds	d:/ymir work/pc/shaman/effect/tong.dds	1
PC/ymir work/pc/warrior/effect/gyeokgong_triple_loop_2.dds	d:/ymir work/pc/warrior/effect/gyeokgong_triple_loop_2.dds	1
PC/ymir work/pc/assassin/hair/hair_1_2.gr2	d:/ymir work/pc/assassin/hair/hair_1_2.gr2	1
PC/ymir work/pc/shaman/bell/combo_05.msa	d:/ymir work/pc/shaman/bell/combo_05.msa	1
PC/ymir work/pc/shaman/action/dance_4.gr2	d:/ymir work/pc/shaman/action/dance_4.gr2	1
PC/ymir work/pc/assassin/skill/charyun.gr2	d:/ymir work/pc/assassin/skill/charyun.gr2	1
PC/ymir work/pc/assassin/hair/hair_1_4.gr2	d:/ymir work/pc/assassin/hair/hair_1_4.gr2	1
PC/ymir work/pc/assassin/hair/hair_2_1.dds	d:/ymir work/pc/assassin/hair/hair_2_1.dds	1
PC/ymir work/pc/warrior/general/damage_flying.gr2	d:/ymir work/pc/warrior/general/damage_flying.gr2	1
PC/ymir work/pc/shaman/shaman_hair_01_white.dds	d:/ymir work/pc/shaman/shaman_hair_01_white.dds	1
PC/ymir work/pc/sura/effect/2.dds	d:/ymir work/pc/sura/effect/2.dds	1
PC/ymir work/pc/assassin/hair/hair_2_2.gr2	d:/ymir work/pc/assassin/hair/hair_2_2.gr2	1
PC/ymir work/pc/shaman/action/sad.msa	d:/ymir work/pc/shaman/action/sad.msa	1
PC/ymir work/pc/assassin/hair/hair_2_4.dds	d:/ymir work/pc/assassin/hair/hair_2_4.dds	1
PC/ymir work/pc/assassin/hair/hair_2_4.gr2	d:/ymir work/pc/assassin/hair/hair_2_4.gr2	1
PC/ymir work/pc/shaman/general/attack.gr2	d:/ymir work/pc/shaman/general/attack.gr2	1
PC/ymir work/pc/shaman/skill/gamji_me.msa	d:/ymir work/pc/shaman/skill/gamji_me.msa	1
PC/ymir work/pc/assassin/hair/hair_3_2.dds	d:/ymir work/pc/assassin/hair/hair_3_2.dds	1
PC/ymir work/pc/assassin/skill/enchant_poison.msk	d:/ymir work/pc/assassin/skill/enchant_poison.msk	1
PC/ymir work/pc/common/effect/armor/texturen/21.dds	d:/ymir work/pc/common/effect/armor/texturen/21.dds	1
PC/ymir work/pc/assassin/hair/hair_3_2.gr2	d:/ymir work/pc/assassin/hair/hair_3_2.gr2	1
PC/ymir work/pc/shaman/effect/biparound.dds	d:/ymir work/pc/shaman/effect/biparound.dds	1
PC/ymir work/pc/assassin/hair/hair_3_3.dds	d:/ymir work/pc/assassin/hair/hair_3_3.dds	1
PC/ymir work/pc/sura/onehand_sword/rampage_03.msa	d:/ymir work/pc/sura/onehand_sword/rampage_03.msa	1
PC/ymir work/pc/common/effect/armor/bottom_orange.mse	d:/ymir work/pc/common/effect/armor/bottom_orange.mse	1
PC/ymir work/pc/shaman/effect/haeng.dds	d:/ymir work/pc/shaman/effect/haeng.dds	1
PC/ymir work/pc/shaman/skill/boho.msk	d:/ymir work/pc/shaman/skill/boho.msk	1
PC/ymir work/pc/assassin/hair/hair_3_3.gr2	d:/ymir work/pc/assassin/hair/hair_3_3.gr2	1
PC/ymir work/pc/shaman/hair/hair_1_2.gr2	d:/ymir work/pc/shaman/hair/hair_1_2.gr2	1
PC/ymir work/pc/assassin/hair/hair_4_1.gr2	d:/ymir work/pc/assassin/hair/hair_4_1.gr2	1
PC/ymir work/pc/assassin/hair/hair_4_2.dds	d:/ymir work/pc/assassin/hair/hair_4_2.dds	1
PC/ymir work/pc/common/effect/armor/lila_aura1.dds	d:/ymir work/pc/common/effect/armor/lila_aura1.dds	1
PC/ymir work/pc/assassin/hair/hair_4_2.gr2	d:/ymir work/pc/assassin/hair/hair_4_2.gr2	1
PC/ymir work/pc/assassin/hair/hair_4_3.dds	d:/ymir work/pc/assassin/hair/hair_4_3.dds	1
PC/ymir work/pc/common/effect/armor/pvp_sword_red.dds	d:/ymir work/pc/common/effect/armor/pvp_sword_red.dds	1
PC/ymir work/pc/common/effect/armor/shining_2.mse	d:/ymir work/pc/common/effect/armor/shining_2.mse	1
PC/ymir work/pc/assassin/hair/hair_4_3.gr2	d:/ymir work/pc/assassin/hair/hair_4_3.gr2	1
PC/ymir work/pc/sura/effect/main-ring1_1.dds	d:/ymir work/pc/sura/effect/main-ring1_1.dds	1
PC/ymir work/pc/shaman/effect/yongsin.dds	d:/ymir work/pc/shaman/effect/yongsin.dds	1
PC/ymir work/pc/shaman/hair/hair_4_4.dds	d:/ymir work/pc/shaman/hair/hair_4_4.dds	1
PC/ymir work/pc/assassin/skill/charyun_3.msa	d:/ymir work/pc/assassin/skill/charyun_3.msa	1
PC/ymir work/pc/sura/hair/hair_2_2.gr2	d:/ymir work/pc/sura/hair/hair_2_2.gr2	1
PC/ymir work/pc/assassin/hair/hair_4_4.dds	d:/ymir work/pc/assassin/hair/hair_4_4.dds	1
PC/ymir work/pc/shaman/skill/budong_2.msa	d:/ymir work/pc/shaman/skill/budong_2.msa	1
PC/ymir work/pc/assassin/hair/hair_4_4.gr2	d:/ymir work/pc/assassin/hair/hair_4_4.gr2	1
PC/ymir work/pc/assassin/horse/dead.gr2	d:/ymir work/pc/assassin/horse/dead.gr2	1
PC/ymir work/pc/sura/effect/tusok_3_throw.mse	d:/ymir work/pc/sura/effect/tusok_3_throw.mse	1
PC/ymir work/pc/assassin/horse/run.msa	d:/ymir work/pc/assassin/horse/run.msa	1
PC/ymir work/pc/shaman/bell/combo_07.gr2	d:/ymir work/pc/shaman/bell/combo_07.gr2	1
PC/ymir work/pc/common/effect/armor/armor-4-2-12.mse	d:/ymir work/pc/common/effect/armor/armor-4-2-12.mse	1
PC/ymir work/pc/assassin/horse/skill_charge.msa	d:/ymir work/pc/assassin/horse/skill_charge.msa	1
PC/ymir work/pc/shaman/action/banter.gr2	d:/ymir work/pc/shaman/action/banter.gr2	1
PC/ymir work/pc/common/effect/armor/smoke01.dds	d:/ymir work/pc/common/effect/armor/smoke01.dds	1
PC/ymir work/pc/sura/intro/selected.msa	d:/ymir work/pc/sura/intro/selected.msa	1
PC/ymir work/pc/assassin/horse/stop.gr2	d:/ymir work/pc/assassin/horse/stop.gr2	1
PC/ymir work/pc/assassin/horse/wait_1.gr2	d:/ymir work/pc/assassin/horse/wait_1.gr2	1
PC/ymir work/pc/sura/effect/swaeryeong_2.mse	d:/ymir work/pc/sura/effect/swaeryeong_2.mse	1
PC/ymir work/pc/assassin/skill/sangong_3.msa	d:/ymir work/pc/assassin/skill/sangong_3.msa	1
PC/ymir work/pc/assassin/horse/wait_1.msa	d:/ymir work/pc/assassin/horse/wait_1.msa	1
PC/ymir work/pc/shaman/hair/hair_4_1.dds	d:/ymir work/pc/shaman/hair/hair_4_1.dds	1
PC/ymir work/pc/sura/effect/heukma.mse	d:/ymir work/pc/sura/effect/heukma.mse	1
PC/ymir work/pc/assassin/onehand_sword/combo_06.msa	d:/ymir work/pc/assassin/onehand_sword/combo_06.msa	1
PC/ymir work/pc/assassin/horse/wait_2.gr2	d:/ymir work/pc/assassin/horse/wait_2.gr2	1
PC/ymir work/pc/assassin/horse/walk.gr2	d:/ymir work/pc/assassin/horse/walk.gr2	1
PC/ymir work/pc/shaman/fan/run.msa	d:/ymir work/pc/shaman/fan/run.msa	1
PC/ymir work/pc/assassin/horse_bow/attack.gr2	d:/ymir work/pc/assassin/horse_bow/attack.gr2	1
PC/ymir work/pc/warrior/action/french_kiss_with_warrior.gr2	d:/ymir work/pc/warrior/action/french_kiss_with_warrior.gr2	1
PC/ymir work/pc/sura/effect/jumagap_loop.dds	d:/ymir work/pc/sura/effect/jumagap_loop.dds	1
PC/ymir work/pc/warrior/horse_onehand_sword/combo_01.gr2	d:/ymir work/pc/warrior/horse_onehand_sword/combo_01.gr2	1
PC/ymir work/pc/assassin/horse_bow/damage.msa	d:/ymir work/pc/assassin/horse_bow/damage.msa	1
PC/ymir work/pc/warrior/onehand_sword/combo_03.msa	d:/ymir work/pc/warrior/onehand_sword/combo_03.msa	1
PC/ymir work/pc/warrior/effect/gyeoksantau_3.mse	d:/ymir work/pc/warrior/effect/gyeoksantau_3.mse	1
PC/ymir work/pc/assassin/horse_bow/dead.gr2	d:/ymir work/pc/assassin/horse_bow/dead.gr2	1
PC/ymir work/pc/common/effect/armor/armor-5_jin_1307.mse	d:/ymir work/pc/common/effect/armor/armor-5_jin_1307.mse	1
PC/ymir work/pc/assassin/horse_bow/dead.msa	d:/ymir work/pc/assassin/horse_bow/dead.msa	1
PC/ymir work/pc/assassin/horse_bow/run.gr2	d:/ymir work/pc/assassin/horse_bow/run.gr2	1
PC/ymir work/pc/assassin/horse_bow/run.msa	d:/ymir work/pc/assassin/horse_bow/run.msa	1
PC/ymir work/pc/assassin/horse_bow/skill_splash.msa	d:/ymir work/pc/assassin/horse_bow/skill_splash.msa	1
PC/ymir work/pc/sura/general/back_damage_flying.gr2	d:/ymir work/pc/sura/general/back_damage_flying.gr2	1
PC/ymir work/pc/assassin/horse_bow/skill_wildattack.msa	d:/ymir work/pc/assassin/horse_bow/skill_wildattack.msa	1
PC/ymir work/pc/assassin/horse_bow/wait.gr2	d:/ymir work/pc/assassin/horse_bow/wait.gr2	1
PC/ymir work/pc/assassin/horse_bow/wait.msa	d:/ymir work/pc/assassin/horse_bow/wait.msa	1
PC/ymir work/pc/shaman/shaman_hair_01_black.dds	d:/ymir work/pc/shaman/shaman_hair_01_black.dds	1
PC/ymir work/pc/warrior/effect/bottom.dds	d:/ymir work/pc/warrior/effect/bottom.dds	1
PC/ymir work/pc/sura/effect/jumageom_making.mse	d:/ymir work/pc/sura/effect/jumageom_making.mse	1
PC/ymir work/pc/assassin/horse_bow/wait_2.gr2	d:/ymir work/pc/assassin/horse_bow/wait_2.gr2	1
PC/ymir work/pc/common/effect/armor/gloom_dragon_brown.mse	d:/ymir work/pc/common/effect/armor/gloom_dragon_brown.mse	1
PC/ymir work/pc/common/effect/armor/dream.dds	d:/ymir work/pc/common/effect/armor/dream.dds	1
PC/ymir work/pc/assassin/horse_bow/wait_2.msa	d:/ymir work/pc/assassin/horse_bow/wait_2.msa	1
PC/ymir work/pc/assassin/horse_dualhand_sword/combo_01.msa	d:/ymir work/pc/assassin/horse_dualhand_sword/combo_01.msa	1
PC/ymir work/pc/shaman/general/damage.msa	d:/ymir work/pc/shaman/general/damage.msa	1
PC/ymir work/pc/assassin/horse_dualhand_sword/combo_02.gr2	d:/ymir work/pc/assassin/horse_dualhand_sword/combo_02.gr2	1
PC/ymir work/pc/assassin/onehand_sword/wait.gr2	d:/ymir work/pc/assassin/onehand_sword/wait.gr2	1
PC/ymir work/pc/assassin/skill/seomgwang.msa	d:/ymir work/pc/assassin/skill/seomgwang.msa	1
PC/ymir work/pc/assassin/horse_dualhand_sword/combo_03.msa	d:/ymir work/pc/assassin/horse_dualhand_sword/combo_03.msa	1
PC/ymir work/pc/assassin/horse_dualhand_sword/skill_wildattack.gr2	d:/ymir work/pc/assassin/horse_dualhand_sword/skill_wildattack.gr2	1
PC/ymir work/pc/sura/horse/dead.gr2	d:/ymir work/pc/sura/horse/dead.gr2	1
PC/ymir work/pc/assassin/skill/eunhyeong_5.msa	d:/ymir work/pc/assassin/skill/eunhyeong_5.msa	1
PC/ymir work/pc/assassin/horse_onehand_sword/combo_01.gr2	d:/ymir work/pc/assassin/horse_onehand_sword/combo_01.gr2	1
PC/ymir work/pc/assassin/horse_onehand_sword/combo_01.msa	d:/ymir work/pc/assassin/horse_onehand_sword/combo_01.msa	1
PC/ymir work/pc/shaman/effect/halfsplash copy.dds	d:/ymir work/pc/shaman/effect/halfsplash copy.dds	1
PC/ymir work/pc/warrior/effect/kwaegeom_square.dds	d:/ymir work/pc/warrior/effect/kwaegeom_square.dds	1
PC/ymir work/pc/shaman/effect/cheon.dds	d:/ymir work/pc/shaman/effect/cheon.dds	1
PC/ymir work/pc/common/effect/armor/armor_legend_9_yellow.mse	d:/ymir work/pc/common/effect/armor/armor_legend_9_yellow.mse	1
PC/ymir work/pc/assassin/horse_onehand_sword/combo_02.msa	d:/ymir work/pc/assassin/horse_onehand_sword/combo_02.msa	1
PC/ymir work/pc/sura/effect/tusok_2_throw.msf	d:/ymir work/pc/sura/effect/tusok_2_throw.msf	1
PC/ymir work/pc/common/effect/armor/gloom_dragon_blue.mse	d:/ymir work/pc/common/effect/armor/gloom_dragon_blue.mse	1
PC/ymir work/pc/assassin/skill/kwaegeom.gr2	d:/ymir work/pc/assassin/skill/kwaegeom.gr2	1
PC/ymir work/pc/assassin/horse_onehand_sword/skill_splash.msa	d:/ymir work/pc/assassin/horse_onehand_sword/skill_splash.msa	1
PC/ymir work/pc/shaman/effect/3hosin_shoot.mse	d:/ymir work/pc/shaman/effect/3hosin_shoot.mse	1
PC/ymir work/pc/assassin/horse_onehand_sword/skill_wildattack.gr2	d:/ymir work/pc/assassin/horse_onehand_sword/skill_wildattack.gr2	1
PC/ymir work/pc/assassin/intro/not_selected.msa	d:/ymir work/pc/assassin/intro/not_selected.msa	1
PC/ymir work/pc/sura/skill/hwayeom.msa	d:/ymir work/pc/sura/skill/hwayeom.msa	1
PC/ymir work/pc/assassin/intro/wait.msa	d:/ymir work/pc/assassin/intro/wait.msa	1
PC/ymir work/pc/warrior/skill/gigongcham.msk	d:/ymir work/pc/warrior/skill/gigongcham.msk	1
PC/ymir work/pc/assassin/onehand_sword/change_weapon.gr2	d:/ymir work/pc/assassin/onehand_sword/change_weapon.gr2	1
PC/ymir work/pc/assassin/onehand_sword/change_weapon.msa	d:/ymir work/pc/assassin/onehand_sword/change_weapon.msa	1
PC/ymir work/pc/assassin/onehand_sword/combo_02.gr2	d:/ymir work/pc/assassin/onehand_sword/combo_02.gr2	1
PC/ymir work/pc/shaman/horse_fan/combo_03.msa	d:/ymir work/pc/shaman/horse_fan/combo_03.msa	1
PC/ymir work/pc/sura/sura_jinhon_lod_02.gr2	d:/ymir work/pc/sura/sura_jinhon_lod_02.gr2	1
PC/ymir work/pc/common/effect/armor/gloom_dragon_green.mse	d:/ymir work/pc/common/effect/armor/gloom_dragon_green.mse	1
PC/ymir work/pc/assassin/onehand_sword/combo_03.gr2	d:/ymir work/pc/assassin/onehand_sword/combo_03.gr2	1
PC/ymir work/pc/common/effect/armor/pvp_sword_brown.dds	d:/ymir work/pc/common/effect/armor/pvp_sword_brown.dds	1
PC/ymir work/pc/common/effect/armor/aze_shining_blue.mse	d:/ymir work/pc/common/effect/armor/aze_shining_blue.mse	1
PC/ymir work/pc/assassin/onehand_sword/combo_04.msa	d:/ymir work/pc/assassin/onehand_sword/combo_04.msa	1
PC/ymir work/pc/assassin/onehand_sword/combo_05.gr2	d:/ymir work/pc/assassin/onehand_sword/combo_05.gr2	1
PC/ymir work/pc/common/effect/armor/armor-4-2-5.mse	d:/ymir work/pc/common/effect/armor/armor-4-2-5.mse	1
PC/ymir work/pc/assassin/onehand_sword/combo_05.msa	d:/ymir work/pc/assassin/onehand_sword/combo_05.msa	1
PC/ymir work/pc/shaman/fan/combo_04.msa	d:/ymir work/pc/shaman/fan/combo_04.msa	1
PC/ymir work/pc/warrior/effect/geom_spear_loop.mse	d:/ymir work/pc/warrior/effect/geom_spear_loop.mse	1
PC/ymir work/pc/warrior/warrior_4-1_lod_03.gr2	d:/ymir work/pc/warrior/warrior_4-1_lod_03.gr2	1
PC/ymir work/pc/shaman/action/cheers_2.msa	d:/ymir work/pc/shaman/action/cheers_2.msa	1
PC/ymir work/pc/assassin/onehand_sword/combo_07.msa	d:/ymir work/pc/assassin/onehand_sword/combo_07.msa	1
PC/ymir work/pc/common/effect/armor/gloom_dragon_red.mse	d:/ymir work/pc/common/effect/armor/gloom_dragon_red.mse	1
PC/ymir work/pc/assassin/skill/gungsin_2.msa	d:/ymir work/pc/assassin/skill/gungsin_2.msa	1
PC/ymir work/pc/assassin/onehand_sword/damage.msa	d:/ymir work/pc/assassin/onehand_sword/damage.msa	1
PC/ymir work/pc/warrior/action/french_kiss_with_shaman.gr2	d:/ymir work/pc/warrior/action/french_kiss_with_shaman.gr2	1
PC/ymir work/pc/assassin/onehand_sword/damage_1.gr2	d:/ymir work/pc/assassin/onehand_sword/damage_1.gr2	1
PC/ymir work/pc/common/effect/armor/armor_23.mse	d:/ymir work/pc/common/effect/armor/armor_23.mse	1
PC/ymir work/pc/sura/effect/gwigeom_2.mse	d:/ymir work/pc/sura/effect/gwigeom_2.mse	1
PC/ymir work/pc/assassin/onehand_sword/damage_1.msa	d:/ymir work/pc/assassin/onehand_sword/damage_1.msa	1
PC/ymir work/pc/common/effect/armor/bottom_pink.mse	d:/ymir work/pc/common/effect/armor/bottom_pink.mse	1
PC/ymir work/pc/assassin/onehand_sword/damage_2.msa	d:/ymir work/pc/assassin/onehand_sword/damage_2.msa	1
PC/ymir work/pc/assassin/onehand_sword/damage_3.msa	d:/ymir work/pc/assassin/onehand_sword/damage_3.msa	1
PC/ymir work/pc/assassin/onehand_sword/pick_up.gr2	d:/ymir work/pc/assassin/onehand_sword/pick_up.gr2	1
PC/ymir work/pc/sura/sura_lord.gr2	d:/ymir work/pc/sura/sura_lord.gr2	1
PC/ymir work/pc/sura/effect/horse_onehand_sword_splash_energy.mse	d:/ymir work/pc/sura/effect/horse_onehand_sword_splash_energy.mse	1
PC/ymir work/pc/assassin/onehand_sword/pick_up.msa	d:/ymir work/pc/assassin/onehand_sword/pick_up.msa	1
PC/ymir work/pc/assassin/onehand_sword/rampage.gr2	d:/ymir work/pc/assassin/onehand_sword/rampage.gr2	1
PC/ymir work/pc/assassin/onehand_sword/rampage.msa	d:/ymir work/pc/assassin/onehand_sword/rampage.msa	1
PC/ymir work/pc/sura/effect/e copy.jpg	d:/ymir work/pc/sura/effect/e copy.jpg	1
PC/ymir work/pc/assassin/onehand_sword/rampage_01.msa	d:/ymir work/pc/assassin/onehand_sword/rampage_01.msa	1
PC/ymir work/pc/common/effect/armor/orange_aura1.dds	d:/ymir work/pc/common/effect/armor/orange_aura1.dds	1
PC/ymir work/pc/assassin/onehand_sword/rampage_02.msa	d:/ymir work/pc/assassin/onehand_sword/rampage_02.msa	1
PC/ymir work/pc/common/effect/armor/armor-5_jin.mse	d:/ymir work/pc/common/effect/armor/armor-5_jin.mse	1
PC/ymir work/pc/shaman/bell/damage_1.msa	d:/ymir work/pc/shaman/bell/damage_1.msa	1
PC/ymir work/pc/warrior/wedding/wait.gr2	d:/ymir work/pc/warrior/wedding/wait.gr2	1
PC/ymir work/pc/warrior/warrior_nahan.dds	d:/ymir work/pc/warrior/warrior_nahan.dds	1
PC/ymir work/pc/common/effect/armor/texturen/mesh/light_wings_faded.mde	d:/ymir work/pc/common/effect/armor/texturen/mesh/light_wings_faded.mde	1
PC/ymir work/pc/shaman/hair/hair_4_1.gr2	d:/ymir work/pc/shaman/hair/hair_4_1.gr2	1
PC/ymir work/pc/assassin/onehand_sword/rampage_03.gr2	d:/ymir work/pc/assassin/onehand_sword/rampage_03.gr2	1
PC/ymir work/pc/warrior/effect/geom.mse	d:/ymir work/pc/warrior/effect/geom.mse	1
PC/ymir work/pc/assassin/onehand_sword/run.gr2	d:/ymir work/pc/assassin/onehand_sword/run.gr2	1
PC/ymir work/pc/assassin/onehand_sword/run.msa	d:/ymir work/pc/assassin/onehand_sword/run.msa	1
PC/ymir work/pc/assassin/onehand_sword/wait.msa	d:/ymir work/pc/assassin/onehand_sword/wait.msa	1
PC/ymir work/pc/assassin/onehand_sword/wait_1.gr2	d:/ymir work/pc/assassin/onehand_sword/wait_1.gr2	1
PC/ymir work/pc/sura/action/forgive.gr2	d:/ymir work/pc/sura/action/forgive.gr2	1
PC/ymir work/pc/assassin/onehand_sword/walk.msa	d:/ymir work/pc/assassin/onehand_sword/walk.msa	1
PC/ymir work/pc/common/effect/armor/armor-4-2-9.mse	d:/ymir work/pc/common/effect/armor/armor-4-2-9.mse	1
PC/ymir work/pc/assassin/skill/cheonryong_4.msa	d:/ymir work/pc/assassin/skill/cheonryong_4.msa	1
PC/ymir work/pc/shaman/shaman_lord_lod_01.gr2	d:/ymir work/pc/shaman/shaman_lord_lod_01.gr2	1
PC/ymir work/pc/shaman/effect/sohwanland copy.dds	d:/ymir work/pc/shaman/effect/sohwanland copy.dds	1
PC/ymir work/pc/sura/effect/jumagap_2_making.mse	d:/ymir work/pc/sura/effect/jumagap_2_making.mse	1
PC/ymir work/pc/warrior/effect/tanhwan.mse	d:/ymir work/pc/warrior/effect/tanhwan.mse	1
PC/ymir work/pc/assassin/skill/amseup.msk	d:/ymir work/pc/assassin/skill/amseup.msk	1
PC/ymir work/pc/assassin/skill/amseup_3.msa	d:/ymir work/pc/assassin/skill/amseup_3.msa	1
PC/ymir work/pc/assassin/skill/charyun.msk	d:/ymir work/pc/assassin/skill/charyun.msk	1
PC/ymir work/pc/shaman/effect/10kwaesok_making_4.mse	d:/ymir work/pc/shaman/effect/10kwaesok_making_4.mse	1
PC/ymir work/pc/assassin/skill/charyun_5.msa	d:/ymir work/pc/assassin/skill/charyun_5.msa	1
PC/ymir work/pc/shaman/effect/bipa copy.dds	d:/ymir work/pc/shaman/effect/bipa copy.dds	1
PC/ymir work/pc/assassin/skill/cheonryong.gr2	d:/ymir work/pc/assassin/skill/cheonryong.gr2	1
PC/ymir work/pc/assassin/skill/cheonryong.msk	d:/ymir work/pc/assassin/skill/cheonryong.msk	1
PC/ymir work/pc/sura/effect/geomhwagyeokhand.mse	d:/ymir work/pc/sura/effect/geomhwagyeokhand.mse	1
PC/ymir work/pc/assassin/skill/cheonryong_2.msa	d:/ymir work/pc/assassin/skill/cheonryong_2.msa	1
PC/ymir work/pc/warrior/general/dig.msa	d:/ymir work/pc/warrior/general/dig.msa	1
PC/ymir work/pc/assassin/skill/cheonryong_5.msa	d:/ymir work/pc/assassin/skill/cheonryong_5.msa	1
PC/ymir work/pc/shaman/effect/pokroe_2.msf	d:/ymir work/pc/shaman/effect/pokroe_2.msf	1
PC/ymir work/pc/sura/action/french_kiss_with_sura.msa	d:/ymir work/pc/sura/action/french_kiss_with_sura.msa	1
PC/ymir work/pc/assassin/skill/dokgigung_2.msa	d:/ymir work/pc/assassin/skill/dokgigung_2.msa	1
PC/ymir work/pc/warrior/action/kiss_with_sura.msa	d:/ymir work/pc/warrior/action/kiss_with_sura.msa	1
PC/ymir work/pc/shaman/effect/jeunghon.mse	d:/ymir work/pc/shaman/effect/jeunghon.mse	1
PC/ymir work/pc/sura/effect/gwigeom_sword copy.dds	d:/ymir work/pc/sura/effect/gwigeom_sword copy.dds	1
PC/ymir work/pc/assassin/skill/dokgigung_3.msa	d:/ymir work/pc/assassin/skill/dokgigung_3.msa	1
PC/ymir work/pc/shaman/skill/jeongeop.msk	d:/ymir work/pc/shaman/skill/jeongeop.msk	1
PC/ymir work/pc/assassin/skill/dokgigung_4.msa	d:/ymir work/pc/assassin/skill/dokgigung_4.msa	1
PC/ymir work/pc/assassin/skill/sangong_4.msa	d:/ymir work/pc/assassin/skill/sangong_4.msa	1
PC/ymir work/pc/warrior/hair/hair_3_4.gr2	d:/ymir work/pc/warrior/hair/hair_3_4.gr2	1
PC/ymir work/pc/assassin/skill/dokgigung_5.msa	d:/ymir work/pc/assassin/skill/dokgigung_5.msa	1
PC/ymir work/pc/warrior/effect/geompung.mse	d:/ymir work/pc/warrior/effect/geompung.mse	1
PC/ymir work/pc/assassin/skill/eunhyeong.msa	d:/ymir work/pc/assassin/skill/eunhyeong.msa	1
PC/ymir work/pc/warrior/skill/samyeon_3.msa	d:/ymir work/pc/warrior/skill/samyeon_3.msa	1
PC/ymir work/pc/sura/general/attack.msa	d:/ymir work/pc/sura/general/attack.msa	1
PC/ymir work/pc/common/effect/armor/blau_water1.dds	d:/ymir work/pc/common/effect/armor/blau_water1.dds	1
PC/ymir work/pc/sura/action/french_kiss_with_assassin.gr2	d:/ymir work/pc/sura/action/french_kiss_with_assassin.gr2	1
PC/ymir work/pc/warrior/effect/palbang_4_spin.mse	d:/ymir work/pc/warrior/effect/palbang_4_spin.mse	1
PC/ymir work/pc/assassin/skill/eunhyeong.msk	d:/ymir work/pc/assassin/skill/eunhyeong.msk	1
PC/ymir work/pc/shaman/effect/sohwanland_splash.dds	d:/ymir work/pc/shaman/effect/sohwanland_splash.dds	1
PC/ymir work/pc/assassin/skill/eunhyeong_2.msa	d:/ymir work/pc/assassin/skill/eunhyeong_2.msa	1
PC/ymir work/pc/warrior/effect/rotation of gihyeol_spash.dds	d:/ymir work/pc/warrior/effect/rotation of gihyeol_spash.dds	1
PC/ymir work/pc/common/effect/armor/armor_v4_yellow.mse	d:/ymir work/pc/common/effect/armor/armor_v4_yellow.mse	1
PC/ymir work/pc/shaman/effect/noejeon_3_throw.mse	d:/ymir work/pc/shaman/effect/noejeon_3_throw.mse	1
PC/ymir work/pc/assassin/skill/eunhyeong_3.msa	d:/ymir work/pc/assassin/skill/eunhyeong_3.msa	1
PC/ymir work/pc/assassin/skill/eunhyeong_4.msa	d:/ymir work/pc/assassin/skill/eunhyeong_4.msa	1
PC/ymir work/pc/warrior/effect/geom-badak.mse	d:/ymir work/pc/warrior/effect/geom-badak.mse	1
PC/ymir work/pc/common/effect/armor/free/meley_golden.mse	d:/ymir work/pc/common/effect/armor/free/meley_golden.mse	1
PC/ymir work/pc/assassin/skill/guild_gasokhwa.msa	d:/ymir work/pc/assassin/skill/guild_gasokhwa.msa	1
PC/ymir work/pc/shaman/fan/combo_06.msa	d:/ymir work/pc/shaman/fan/combo_06.msa	1
PC/ymir work/pc/warrior/hair/hair_2_1.gr2	d:/ymir work/pc/warrior/hair/hair_2_1.gr2	1
PC/ymir work/pc/warrior/action/cheers_1.msa	d:/ymir work/pc/warrior/action/cheers_1.msa	1
PC/ymir work/pc/assassin/skill/guild_jumunsul.msa	d:/ymir work/pc/assassin/skill/guild_jumunsul.msa	1
PC/ymir work/pc/shaman/shaman_miyeom_lod_01.gr2	d:/ymir work/pc/shaman/shaman_miyeom_lod_01.gr2	1
PC/ymir work/pc/shaman/effect/12sohwanbu_making.mse	d:/ymir work/pc/shaman/effect/12sohwanbu_making.mse	1
PC/ymir work/pc/assassin/skill/guild_seonghwigap.msa	d:/ymir work/pc/assassin/skill/guild_seonghwigap.msa	1
PC/ymir work/pc/sura/effect/maryeong_2_blow.mse	d:/ymir work/pc/sura/effect/maryeong_2_blow.mse	1
PC/ymir work/pc/warrior/skill/tongsol.msk	d:/ymir work/pc/warrior/skill/tongsol.msk	1
PC/ymir work/pc/assassin/skill/guild_yongsinuichukbok.msa	d:/ymir work/pc/assassin/skill/guild_yongsinuichukbok.msa	1
PC/ymir work/pc/warrior/effect/spark copy.dds	d:/ymir work/pc/warrior/effect/spark copy.dds	1
PC/ymir work/pc/sura/effect/go_fragment_3.dds	d:/ymir work/pc/sura/effect/go_fragment_3.dds	1
PC/ymir work/pc/assassin/skill/gungsin.gr2	d:/ymir work/pc/assassin/skill/gungsin.gr2	1
PC/ymir work/pc/assassin/skill/gwangyeok.gr2	d:/ymir work/pc/assassin/skill/gwangyeok.gr2	1
PC/ymir work/pc/shaman/horse/walk.msa	d:/ymir work/pc/shaman/horse/walk.msa	1
PC/ymir work/pc/assassin/skill/gwangyeok.msa	d:/ymir work/pc/assassin/skill/gwangyeok.msa	1
PC/ymir work/pc/sura/effect/jumageom_loop_1.mse	d:/ymir work/pc/sura/effect/jumageom_loop_1.mse	1
PC/ymir work/pc/assassin/skill/make_trap.msa	d:/ymir work/pc/assassin/skill/make_trap.msa	1
PC/ymir work/pc/assassin/skill/gwangyeok.msk	d:/ymir work/pc/assassin/skill/gwangyeok.msk	1
PC/ymir work/pc/sura/effect/pabeop_throw.msf	d:/ymir work/pc/sura/effect/pabeop_throw.msf	1
PC/ymir work/pc/sura/skill/heuksin_5.msa	d:/ymir work/pc/sura/skill/heuksin_5.msa	1
PC/ymir work/pc/assassin/skill/gwangyeok_3.msa	d:/ymir work/pc/assassin/skill/gwangyeok_3.msa	1
PC/ymir work/pc/sura/effect/v_st.dds	d:/ymir work/pc/sura/effect/v_st.dds	1
PC/ymir work/pc/assassin/skill/gyeonggong.msa	d:/ymir work/pc/assassin/skill/gyeonggong.msa	1
PC/ymir work/pc/sura/effect/yong_gwon_pa_twist-2 copy.dds	d:/ymir work/pc/sura/effect/yong_gwon_pa_twist-2 copy.dds	1
PC/ymir work/pc/shaman/action/dance_2.gr2	d:/ymir work/pc/shaman/action/dance_2.gr2	1
PC/ymir work/pc/shaman/general/back_damage_flying.msa	d:/ymir work/pc/shaman/general/back_damage_flying.msa	1
PC/ymir work/pc/sura/skill/tusok_5.msa	d:/ymir work/pc/sura/skill/tusok_5.msa	1
PC/ymir work/pc/assassin/skill/gyeonggong.msk	d:/ymir work/pc/assassin/skill/gyeonggong.msk	1
PC/ymir work/pc/common/effect/armor/lila_water1.dds	d:/ymir work/pc/common/effect/armor/lila_water1.dds	1
PC/ymir work/pc/assassin/skill/gyeonggong_4.msa	d:/ymir work/pc/assassin/skill/gyeonggong_4.msa	1
PC/ymir work/pc/shaman/effect/fire.dds	d:/ymir work/pc/shaman/effect/fire.dds	1
PC/ymir work/pc/warrior/effect/attackbeam01.dds	d:/ymir work/pc/warrior/effect/attackbeam01.dds	1
PC/ymir work/pc/assassin/skill/gyeonggong_5.msa	d:/ymir work/pc/assassin/skill/gyeonggong_5.msa	1
PC/ymir work/pc/warrior/general/wait.msa	d:/ymir work/pc/warrior/general/wait.msa	1
PC/ymir work/pc/assassin/skill/handle_poison.msk	d:/ymir work/pc/assassin/skill/handle_poison.msk	1
PC/ymir work/pc/assassin/skill/hwajo.msa	d:/ymir work/pc/assassin/skill/hwajo.msa	1
PC/ymir work/pc/shaman/effect/chip.dds	d:/ymir work/pc/shaman/effect/chip.dds	1
PC/ymir work/pc/common/effect/armor/aze_shining_violett.mse	d:/ymir work/pc/common/effect/armor/aze_shining_violett.mse	1
PC/ymir work/pc/assassin/skill/hwajo_3.msa	d:/ymir work/pc/assassin/skill/hwajo_3.msa	1
PC/ymir work/pc/assassin/skill/hwajo_4.msa	d:/ymir work/pc/assassin/skill/hwajo_4.msa	1
PC/ymir work/pc/common/effect/armor/texturen/mesh/light_twist_down_tiny.mde	d:/ymir work/pc/common/effect/armor/texturen/mesh/light_twist_down_tiny.mde	1
PC/ymir work/pc/assassin/skill/hwajo_5.msa	d:/ymir work/pc/assassin/skill/hwajo_5.msa	1
PC/ymir work/pc/common/effect/armor/rot.mse	d:/ymir work/pc/common/effect/armor/rot.mse	1
PC/ymir work/pc/warrior/effect/geom_2_spear_loop.mse	d:/ymir work/pc/warrior/effect/geom_2_spear_loop.mse	1
PC/ymir work/pc/common/effect/armor/free/orange_cure copy.jpg	d:/ymir work/pc/common/effect/armor/free/orange_cure copy.jpg	1
PC/ymir work/pc/assassin/skill/kwaegeom.msa	d:/ymir work/pc/assassin/skill/kwaegeom.msa	1
PC/ymir work/pc/shaman/hair/hair_2_4.gr2	d:/ymir work/pc/shaman/hair/hair_2_4.gr2	1
PC/ymir work/pc/sura/action/congratulation.gr2	d:/ymir work/pc/sura/action/congratulation.gr2	1
PC/ymir work/pc/common/effect/armor/armor_fire.mse	d:/ymir work/pc/common/effect/armor/armor_fire.mse	1
PC/ymir work/pc/assassin/skill/make_trap.msk	d:/ymir work/pc/assassin/skill/make_trap.msk	1
PC/ymir work/pc/shaman/fishing/run.msa	d:/ymir work/pc/shaman/fishing/run.msa	1
PC/ymir work/pc/assassin/skill/naeyanggong.msk	d:/ymir work/pc/assassin/skill/naeyanggong.msk	1
PC/ymir work/pc/warrior/skill/tanhwan_2.msa	d:/ymir work/pc/warrior/skill/tanhwan_2.msa	1
PC/ymir work/pc/shaman/effect/light.mde	d:/ymir work/pc/shaman/effect/light.mde	1
PC/ymir work/pc/sura/effect/pung02.dds	d:/ymir work/pc/sura/effect/pung02.dds	1
PC/ymir work/pc/assassin/skill/sangong_5.msa	d:/ymir work/pc/assassin/skill/sangong_5.msa	1
PC/ymir work/pc/assassin/skill/poison_cloud.msa	d:/ymir work/pc/assassin/skill/poison_cloud.msa	1
PC/ymir work/pc/assassin/skill/poison_cloud.msk	d:/ymir work/pc/assassin/skill/poison_cloud.msk	1
PC/ymir work/pc/assassin/skill/seomjeon_2.msa	d:/ymir work/pc/assassin/skill/seomjeon_2.msa	1
PC/ymir work/pc/assassin/skill/sangong.msa	d:/ymir work/pc/assassin/skill/sangong.msa	1
PC/ymir work/pc/shaman/skill/jeungji.msk	d:/ymir work/pc/shaman/skill/jeungji.msk	1
PC/ymir work/pc/shaman/hair/hair_1_1.dds	d:/ymir work/pc/shaman/hair/hair_1_1.dds	1
PC/ymir work/pc/sura/skill/johon.gr2	d:/ymir work/pc/sura/skill/johon.gr2	1
PC/ymir work/pc/common/effect/armor/smoke03.dds	d:/ymir work/pc/common/effect/armor/smoke03.dds	1
PC/ymir work/pc/common/effect/armor/armor_v4_orange.mse	d:/ymir work/pc/common/effect/armor/armor_v4_orange.mse	1
PC/ymir work/pc/assassin/skill/sangong_2.msa	d:/ymir work/pc/assassin/skill/sangong_2.msa	1
PC/ymir work/pc/common/effect/armor/armor_8.mse	d:/ymir work/pc/common/effect/armor/armor_8.mse	1
PC/ymir work/pc/assassin/skill/seomgwang_5.msa	d:/ymir work/pc/assassin/skill/seomgwang_5.msa	1
PC/ymir work/pc/assassin/skill/shoot.gr2	d:/ymir work/pc/assassin/skill/shoot.gr2	1
PC/ymir work/pc/assassin/skill/tongsol.msk	d:/ymir work/pc/assassin/skill/tongsol.msk	1
PC/ymir work/pc/sura/effect/fear_loop.mse	d:/ymir work/pc/sura/effect/fear_loop.mse	1
PC/ymir work/pc/warrior/effect/noegeomdorae_loop_4.mse	d:/ymir work/pc/warrior/effect/noegeomdorae_loop_4.mse	1
PC/ymir work/pc/shaman/shaman_novice_red.dds	d:/ymir work/pc/shaman/shaman_novice_red.dds	1
PC/ymir work/pc/assassin/skill/yangsinbeop.msk	d:/ymir work/pc/assassin/skill/yangsinbeop.msk	1
PC/ymir work/pc/common/effect/armor/gatein.dds	d:/ymir work/pc/common/effect/armor/gatein.dds	1
PC/ymir work/pc/assassin/skill/yeonsa.msa	d:/ymir work/pc/assassin/skill/yeonsa.msa	1
PC/ymir work/pc/shaman/effect/3hosin_loop.mse	d:/ymir work/pc/shaman/effect/3hosin_loop.mse	1
PC/ymir work/pc/common/effect/armor/armor-5-1_dark_blue.mse	d:/ymir work/pc/common/effect/armor/armor-5-1_dark_blue.mse	1
PC/ymir work/pc/sura/onehand_sword/combo_03.msa	d:/ymir work/pc/sura/onehand_sword/combo_03.msa	1
PC/ymir work/pc/sura/effect/tusok_3_making.mse	d:/ymir work/pc/sura/effect/tusok_3_making.mse	1
PC/ymir work/pc/warrior/twohand_sword/rampage.msa	d:/ymir work/pc/warrior/twohand_sword/rampage.msa	1
PC/ymir work/pc/common/effect/armor/red_effect2.dds	d:/ymir work/pc/common/effect/armor/red_effect2.dds	1
PC/ymir work/pc/assassin/skill/yeonsa_2.msa	d:/ymir work/pc/assassin/skill/yeonsa_2.msa	1
PC/ymir work/pc/sura/effect/bottom.dds	d:/ymir work/pc/sura/effect/bottom.dds	1
PC/ymir work/pc/common/effect/armor/aurora.dds	d:/ymir work/pc/common/effect/armor/aurora.dds	1
PC/ymir work/pc/assassin/skill/yeonsa_4.msa	d:/ymir work/pc/assassin/skill/yeonsa_4.msa	1
PC/ymir work/pc/shaman/effect/bipabu_2_making.mse	d:/ymir work/pc/shaman/effect/bipabu_2_making.mse	1
PC/ymir work/pc/warrior/twohand_sword/damage_1.gr2	d:/ymir work/pc/warrior/twohand_sword/damage_1.gr2	1
PC/ymir work/pc/assassin/skill/yeonsa_5.msa	d:/ymir work/pc/assassin/skill/yeonsa_5.msa	1
PC/ymir work/pc/assassin/wedding/walk.gr2	d:/ymir work/pc/assassin/wedding/walk.gr2	1
PC/ymir work/pc/shaman/shaman_hair_01.dds	d:/ymir work/pc/shaman/shaman_hair_01.dds	1
PC/ymir work/pc/common/effect/horse_charge.mse	d:/ymir work/pc/common/effect/horse_charge.mse	1
PC/ymir work/pc/common/effect/armor/3.dds	d:/ymir work/pc/common/effect/armor/3.dds	1
PC/ymir work/pc/sura/effect/yonggwonpa_4.mse	d:/ymir work/pc/sura/effect/yonggwonpa_4.mse	1
PC/ymir work/pc/common/effect/armor/acc_01.mse	d:/ymir work/pc/common/effect/armor/acc_01.mse	1
PC/ymir work/pc/common/effect/armor/armor-4-2-10.mse	d:/ymir work/pc/common/effect/armor/armor-4-2-10.mse	1
PC/ymir work/pc/common/effect/armor/armor-4-2-11.mse	d:/ymir work/pc/common/effect/armor/armor-4-2-11.mse	1
PC/ymir work/pc/common/effect/armor/armor_orange_1307.mse	d:/ymir work/pc/common/effect/armor/armor_orange_1307.mse	1
PC/ymir work/pc/sura/effect/skull_f.dds	d:/ymir work/pc/sura/effect/skull_f.dds	1
PC/ymir work/pc/common/effect/armor/armor-4-2-13_2.mse	d:/ymir work/pc/common/effect/armor/armor-4-2-13_2.mse	1
PC/ymir work/pc/common/effect/armor/fog_dragon.mse	d:/ymir work/pc/common/effect/armor/fog_dragon.mse	1
PC/ymir work/pc/shaman/hair/hair_3_1.gr2	d:/ymir work/pc/shaman/hair/hair_3_1.gr2	1
PC/ymir work/pc/common/effect/armor/armor-4-2-14_1.mse	d:/ymir work/pc/common/effect/armor/armor-4-2-14_1.mse	1
PC/ymir work/pc/sura/fishing/run.gr2	d:/ymir work/pc/sura/fishing/run.gr2	1
PC/ymir work/pc/common/effect/armor/armor-4-2-2.mse	d:/ymir work/pc/common/effect/armor/armor-4-2-2.mse	1
PC/ymir work/pc/common/effect/armor/armor-4-2-3.mse	d:/ymir work/pc/common/effect/armor/armor-4-2-3.mse	1
PC/ymir work/pc/warrior/effect/jeonsinbangeo_making.mse	d:/ymir work/pc/warrior/effect/jeonsinbangeo_making.mse	1
PC/ymir work/pc/sura/action/cheers_1.gr2	d:/ymir work/pc/sura/action/cheers_1.gr2	1
PC/ymir work/pc/common/effect/armor/armor-5-1_3.mse	d:/ymir work/pc/common/effect/armor/armor-5-1_3.mse	1
PC/ymir work/pc/common/effect/armor/armor-5-1_4.mse	d:/ymir work/pc/common/effect/armor/armor-5-1_4.mse	1
PC/ymir work/pc/warrior/action/cheers_1.gr2	d:/ymir work/pc/warrior/action/cheers_1.gr2	1
PC/ymir work/pc/shaman/skill/gamji_target.msa	d:/ymir work/pc/shaman/skill/gamji_target.msa	1
PC/ymir work/pc/common/effect/armor/armor-5-1_5.mse	d:/ymir work/pc/common/effect/armor/armor-5-1_5.mse	1
PC/ymir work/pc/common/effect/armor/black_dragon_light_v3.mse	d:/ymir work/pc/common/effect/armor/black_dragon_light_v3.mse	1
PC/ymir work/pc/common/effect/armor/armor-5-1_6.mse	d:/ymir work/pc/common/effect/armor/armor-5-1_6.mse	1
PC/ymir work/pc/sura/effect/rotation of rsotation of 3.dds	d:/ymir work/pc/sura/effect/rotation of rsotation of 3.dds	1
PC/ymir work/pc/common/effect/armor/armor-5-1_7.mse	d:/ymir work/pc/common/effect/armor/armor-5-1_7.mse	1
PC/ymir work/pc/common/effect/armor/armor_20.mse	d:/ymir work/pc/common/effect/armor/armor_20.mse	1
PC/ymir work/pc/common/effect/armor/armor_24.mse	d:/ymir work/pc/common/effect/armor/armor_24.mse	1
PC/ymir work/pc/shaman/effect/jeungsok_making.mse	d:/ymir work/pc/shaman/effect/jeungsok_making.mse	1
PC/ymir work/pc/common/effect/armor/armor_7.mse	d:/ymir work/pc/common/effect/armor/armor_7.mse	1
PC/ymir work/pc/warrior/effect/noegeomdorae_loop.mse	d:/ymir work/pc/warrior/effect/noegeomdorae_loop.mse	1
PC/ymir work/pc/common/effect/armor/armor_9.mse	d:/ymir work/pc/common/effect/armor/armor_9.mse	1
PC/ymir work/pc/common/effect/armor/new.dds	d:/ymir work/pc/common/effect/armor/new.dds	1
PC/ymir work/pc/common/effect/armor/armor_legend_9_black.mse	d:/ymir work/pc/common/effect/armor/armor_legend_9_black.mse	1
PC/ymir work/pc/sura/effect/tusok_4_throw.msf	d:/ymir work/pc/sura/effect/tusok_4_throw.msf	1
PC/ymir work/pc/shaman/horse/wait.gr2	d:/ymir work/pc/shaman/horse/wait.gr2	1
PC/ymir work/pc/common/effect/armor/armor_legend_9_blue.mse	d:/ymir work/pc/common/effect/armor/armor_legend_9_blue.mse	1
PC/ymir work/pc/shaman/bell/wait.gr2	d:/ymir work/pc/shaman/bell/wait.gr2	1
PC/ymir work/pc/common/effect/armor/armor_legend_9_violet.mse	d:/ymir work/pc/common/effect/armor/armor_legend_9_violet.mse	1
PC/ymir work/pc/common/effect/armor/armor_red_1307.mse	d:/ymir work/pc/common/effect/armor/armor_red_1307.mse	1
PC/ymir work/pc/common/effect/armor/armor_v3_violet.mse	d:/ymir work/pc/common/effect/armor/armor_v3_violet.mse	1
PC/ymir work/pc/sura/effect/gwi_geom_first_spark copy.dds	d:/ymir work/pc/sura/effect/gwi_geom_first_spark copy.dds	1
PC/ymir work/pc/common/effect/armor/armor_v3_yellow.mse	d:/ymir work/pc/common/effect/armor/armor_v3_yellow.mse	1
PC/ymir work/pc/common/effect/armor/armor_v4_green.mse	d:/ymir work/pc/common/effect/armor/armor_v4_green.mse	1
PC/ymir work/pc/shaman/horse/skill_splash.msa	d:/ymir work/pc/shaman/horse/skill_splash.msa	1
PC/ymir work/pc/common/effect/armor/armor_v4_red.mse	d:/ymir work/pc/common/effect/armor/armor_v4_red.mse	1
PC/ymir work/pc/common/effect/armor/armor_v4_violet.mse	d:/ymir work/pc/common/effect/armor/armor_v4_violet.mse	1
PC/ymir work/pc/common/effect/armor/armor_white_v5.mse	d:/ymir work/pc/common/effect/armor/armor_white_v5.mse	1
PC/ymir work/pc/shaman/effect/yongpa.msf	d:/ymir work/pc/shaman/effect/yongpa.msf	1
PC/ymir work/pc/common/effect/armor/aura1.dds	d:/ymir work/pc/common/effect/armor/aura1.dds	1
PC/ymir work/pc/shaman/general/back_damage_flying.gr2	d:/ymir work/pc/shaman/general/back_damage_flying.gr2	1
PC/ymir work/pc/sura/effect/heuksin_loop.mse	d:/ymir work/pc/sura/effect/heuksin_loop.mse	1
PC/ymir work/pc/common/effect/armor/shining_1.mse	d:/ymir work/pc/common/effect/armor/shining_1.mse	1
PC/ymir work/pc/shaman/effect/pokroe.msf	d:/ymir work/pc/shaman/effect/pokroe.msf	1
PC/ymir work/pc/common/effect/armor/aze_shining_black.mse	d:/ymir work/pc/common/effect/armor/aze_shining_black.mse	1
PC/ymir work/pc/common/effect/armor/aura1.tga	d:/ymir work/pc/common/effect/armor/aura1.tga	1
PC/ymir work/pc/common/effect/armor/aura12.dds	d:/ymir work/pc/common/effect/armor/aura12.dds	1
PC/ymir work/pc/shaman/skill/jeungsin.msk	d:/ymir work/pc/shaman/skill/jeungsin.msk	1
PC/ymir work/pc/common/effect/armor/aura4.dds	d:/ymir work/pc/common/effect/armor/aura4.dds	1
PC/ymir work/pc/common/effect/armor/aurora_armor_shining.mse	d:/ymir work/pc/common/effect/armor/aurora_armor_shining.mse	1
PC/ymir work/pc/common/effect/armor/aze_shining_green.mse	d:/ymir work/pc/common/effect/armor/aze_shining_green.mse	1
PC/ymir work/pc/shaman/hair/hair_3_3.dds	d:/ymir work/pc/shaman/hair/hair_3_3.dds	1
PC/ymir work/pc/common/effect/armor/aze_shining_orange.mse	d:/ymir work/pc/common/effect/armor/aze_shining_orange.mse	1
PC/ymir work/pc/common/effect/armor/aze_shining_red.mse	d:/ymir work/pc/common/effect/armor/aze_shining_red.mse	1
PC/ymir work/pc/warrior/effect/gihyeol_4.mse	d:/ymir work/pc/warrior/effect/gihyeol_4.mse	1
PC/ymir work/pc/common/effect/armor/aze_shining_white.mse	d:/ymir work/pc/common/effect/armor/aze_shining_white.mse	1
PC/ymir work/pc/common/effect/armor/vip.mse	d:/ymir work/pc/common/effect/armor/vip.mse	1
PC/ymir work/pc/shaman/effect/5suhojeonryeong.mse	d:/ymir work/pc/shaman/effect/5suhojeonryeong.mse	1
PC/ymir work/pc/sura/skill/gwigeom_5.msa	d:/ymir work/pc/sura/skill/gwigeom_5.msa	1
PC/ymir work/pc/common/effect/armor/black_october.mse	d:/ymir work/pc/common/effect/armor/black_october.mse	1
PC/ymir work/pc/common/effect/armor/blau.mse	d:/ymir work/pc/common/effect/armor/blau.mse	1
PC/ymir work/pc/shaman/effect/roundpattern_1 copy.dds	d:/ymir work/pc/shaman/effect/roundpattern_1 copy.dds	1
PC/ymir work/pc/sura/sura_hair_01_brown.dds	d:/ymir work/pc/sura/sura_hair_01_brown.dds	1
PC/ymir work/pc/common/effect/armor/blau_aura1.dds	d:/ymir work/pc/common/effect/armor/blau_aura1.dds	1
PC/ymir work/pc/sura/action/kiss_with_sura.msa	d:/ymir work/pc/sura/action/kiss_with_sura.msa	1
PC/ymir work/pc/common/effect/armor/blue_effect2.dds	d:/ymir work/pc/common/effect/armor/blue_effect2.dds	1
PC/ymir work/pc/warrior/horse/wait_1.msa	d:/ymir work/pc/warrior/horse/wait_1.msa	1
PC/ymir work/pc/common/effect/armor/blue_effect4.dds	d:/ymir work/pc/common/effect/armor/blue_effect4.dds	1
PC/ymir work/pc/common/effect/armor/blueshining_3_1307.mse	d:/ymir work/pc/common/effect/armor/blueshining_3_1307.mse	1
PC/ymir work/pc/shaman/skill/byeorak.gr2	d:/ymir work/pc/shaman/skill/byeorak.gr2	1
PC/ymir work/pc/common/effect/armor/bottom_green.mse	d:/ymir work/pc/common/effect/armor/bottom_green.mse	1
PC/ymir work/pc/common/effect/armor/bottom_red.mse	d:/ymir work/pc/common/effect/armor/bottom_red.mse	1
PC/ymir work/pc/shaman/shaman_cheongnang.dds	d:/ymir work/pc/shaman/shaman_cheongnang.dds	1
PC/ymir work/pc/common/effect/armor/bottom_v2_violett.mse	d:/ymir work/pc/common/effect/armor/bottom_v2_violett.mse	1
PC/ymir work/pc/common/effect/armor/bottom_v2_white.mse	d:/ymir work/pc/common/effect/armor/bottom_v2_white.mse	1
PC/ymir work/pc/sura/sura_unra.gr2	d:/ymir work/pc/sura/sura_unra.gr2	1
PC/ymir work/pc/warrior/hair/hair_4_2.gr2	d:/ymir work/pc/warrior/hair/hair_4_2.gr2	1
PC/ymir work/pc/shaman/intro/not_selected.msa	d:/ymir work/pc/shaman/intro/not_selected.msa	1
PC/ymir work/pc/common/effect/armor/bottom_v2_yellow.mse	d:/ymir work/pc/common/effect/armor/bottom_v2_yellow.mse	1
PC/ymir work/pc/common/effect/armor/bottom_white.mse	d:/ymir work/pc/common/effect/armor/bottom_white.mse	1
PC/ymir work/pc/warrior/effect/noegeomdorae_4.mse	d:/ymir work/pc/warrior/effect/noegeomdorae_4.mse	1
PC/ymir work/pc/common/effect/armor/bottom_yellow.mse	d:/ymir work/pc/common/effect/armor/bottom_yellow.mse	1
PC/ymir work/pc/shaman/skill/noejeon.msa	d:/ymir work/pc/shaman/skill/noejeon.msa	1
PC/ymir work/pc/common/effect/armor/firecracker_susi.dds	d:/ymir work/pc/common/effect/armor/firecracker_susi.dds	1
PC/ymir work/pc/common/effect/armor/frost_armor.mse	d:/ymir work/pc/common/effect/armor/frost_armor.mse	1
PC/ymir work/pc/shaman/fan/damage_3.gr2	d:/ymir work/pc/shaman/fan/damage_3.gr2	1
PC/ymir work/pc/common/effect/armor/gelb.mse	d:/ymir work/pc/common/effect/armor/gelb.mse	1
PC/ymir work/pc/common/effect/armor/gelb_aura1.dds	d:/ymir work/pc/common/effect/armor/gelb_aura1.dds	1
PC/ymir work/pc/sura/effect/y_ball_ring copy.dds	d:/ymir work/pc/sura/effect/y_ball_ring copy.dds	1
PC/ymir work/pc/sura/effect/muyeong_4_fly.mse	d:/ymir work/pc/sura/effect/muyeong_4_fly.mse	1
PC/ymir work/pc/common/effect/armor/gloom_dragon_purple.mse	d:/ymir work/pc/common/effect/armor/gloom_dragon_purple.mse	1
PC/ymir work/pc/sura/onehand_sword/rampage.gr2	d:/ymir work/pc/sura/onehand_sword/rampage.gr2	1
PC/ymir work/pc/common/effect/armor/green_ganjasmoker_nozz_1.jpg	d:/ymir work/pc/common/effect/armor/green_ganjasmoker_nozz_1.jpg	1
PC/ymir work/pc/shaman/shaman_seocheon.dds	d:/ymir work/pc/shaman/shaman_seocheon.dds	1
PC/ymir work/pc/common/effect/armor/greenie.dds	d:/ymir work/pc/common/effect/armor/greenie.dds	1
PC/ymir work/pc/common/effect/armor/grun.mse	d:/ymir work/pc/common/effect/armor/grun.mse	1
PC/ymir work/pc/sura/skill/jibok.msk	d:/ymir work/pc/sura/skill/jibok.msk	1
PC/ymir work/pc/shaman/effect/gwi.dds	d:/ymir work/pc/shaman/effect/gwi.dds	1
PC/ymir work/pc/sura/skill/jumagap_5.msa	d:/ymir work/pc/sura/skill/jumagap_5.msa	1
PC/ymir work/pc/shaman/shaman_amyo.dds	d:/ymir work/pc/shaman/shaman_amyo.dds	1
PC/ymir work/pc/common/effect/armor/grun_water1.dds	d:/ymir work/pc/common/effect/armor/grun_water1.dds	1
PC/ymir work/pc/warrior/onehand_sword/damage_1.gr2	d:/ymir work/pc/warrior/onehand_sword/damage_1.gr2	1
PC/ymir work/pc/warrior/action/banter.gr2	d:/ymir work/pc/warrior/action/banter.gr2	1
PC/ymir work/pc/common/effect/armor/gwi_geom_spark copy.jpg	d:/ymir work/pc/common/effect/armor/gwi_geom_spark copy.jpg	1
PC/ymir work/pc/sura/effect/lens_violet.dds	d:/ymir work/pc/sura/effect/lens_violet.dds	1
PC/ymir work/pc/common/effect/armor/texturen/69.dds	d:/ymir work/pc/common/effect/armor/texturen/69.dds	1
PC/ymir work/pc/common/effect/armor/orange_cure copy.jpg	d:/ymir work/pc/common/effect/armor/orange_cure copy.jpg	1
PC/ymir work/pc/warrior/onehand_sword/wait.msa	d:/ymir work/pc/warrior/onehand_sword/wait.msa	1
PC/ymir work/pc/warrior/effect/newdaejin.dds	d:/ymir work/pc/warrior/effect/newdaejin.dds	1
PC/ymir work/pc/common/effect/armor/orange_cure copy_black.jpg	d:/ymir work/pc/common/effect/armor/orange_cure copy_black.jpg	1
PC/ymir work/pc/common/effect/armor/pallini.dds	d:/ymir work/pc/common/effect/armor/pallini.dds	1
PC/ymir work/pc/shaman/fan/combo_07.msa	d:/ymir work/pc/shaman/fan/combo_07.msa	1
PC/ymir work/pc/common/effect/armor/pvp_sword_blue.dds	d:/ymir work/pc/common/effect/armor/pvp_sword_blue.dds	1
PC/ymir work/pc/common/effect/armor/pvp_sword_purple.dds	d:/ymir work/pc/common/effect/armor/pvp_sword_purple.dds	1
PC/ymir work/pc/shaman/effect/budongbakbu.msf	d:/ymir work/pc/shaman/effect/budongbakbu.msf	1
PC/ymir work/pc/common/effect/armor/red_effect3.dds	d:/ymir work/pc/common/effect/armor/red_effect3.dds	1
PC/ymir work/pc/common/effect/armor/red_effect4.dds	d:/ymir work/pc/common/effect/armor/red_effect4.dds	1
PC/ymir work/pc/shaman/fishing/wait.gr2	d:/ymir work/pc/shaman/fishing/wait.gr2	1
PC/ymir work/pc/common/effect/armor/rot_smoke_1307.mse	d:/ymir work/pc/common/effect/armor/rot_smoke_1307.mse	1
PC/ymir work/pc/warrior/fishing/fishing_catch.gr2	d:/ymir work/pc/warrior/fishing/fishing_catch.gr2	1
PC/ymir work/pc/common/effect/armor/rot_water1.dds	d:/ymir work/pc/common/effect/armor/rot_water1.dds	1
PC/ymir work/pc/sura/effect/geomhwagyeokhand_4.mse	d:/ymir work/pc/sura/effect/geomhwagyeokhand_4.mse	1
PC/ymir work/pc/shaman/shaman_novice_green.dds	d:/ymir work/pc/shaman/shaman_novice_green.dds	1
PC/ymir work/pc/warrior/twohand_sword/rampage_02.gr2	d:/ymir work/pc/warrior/twohand_sword/rampage_02.gr2	1
PC/ymir work/pc/sura/effect/jumagap_loop.mse	d:/ymir work/pc/sura/effect/jumagap_loop.mse	1
PC/ymir work/pc/common/effect/armor/shining_3.mse	d:/ymir work/pc/common/effect/armor/shining_3.mse	1
PC/ymir work/pc/common/effect/armor/test_1.mde	d:/ymir work/pc/common/effect/armor/test_1.mde	1
PC/ymir work/pc/common/effect/armor/tornado1.dds	d:/ymir work/pc/common/effect/armor/tornado1.dds	1
PC/ymir work/pc/common/effect/armor/violett.mse	d:/ymir work/pc/common/effect/armor/violett.mse	1
PC/ymir work/pc/shaman/horse_fan/combo_03.gr2	d:/ymir work/pc/shaman/horse_fan/combo_03.gr2	1
PC/ymir work/pc/common/effect/armor/water11.dds	d:/ymir work/pc/common/effect/armor/water11.dds	1
PC/ymir work/pc/common/effect/armor/withe_aura1.dds	d:/ymir work/pc/common/effect/armor/withe_aura1.dds	1
PC/ymir work/pc/shaman/effect/yongsin.mse	d:/ymir work/pc/shaman/effect/yongsin.mse	1
PC/ymir work/pc/common/effect/armor/free/meley.mse	d:/ymir work/pc/common/effect/armor/free/meley.mse	1
PC/ymir work/pc/shaman/bell/damage_2.msa	d:/ymir work/pc/shaman/bell/damage_2.msa	1
PC/ymir work/pc/warrior/skill/jeonsinbangeo.gr2	d:/ymir work/pc/warrior/skill/jeonsinbangeo.gr2	1
PC/ymir work/pc/shaman/effect/yongsin_loop.mse	d:/ymir work/pc/shaman/effect/yongsin_loop.mse	1
PC/ymir work/pc/warrior/skill/guild_yongsinuichukbok.msa	d:/ymir work/pc/warrior/skill/guild_yongsinuichukbok.msa	1
PC/ymir work/pc/common/effect/armor/texturen/19.dds	d:/ymir work/pc/common/effect/armor/texturen/19.dds	1
PC/ymir work/pc/warrior/effect/geom_4_spear_loop.mse	d:/ymir work/pc/warrior/effect/geom_4_spear_loop.mse	1
PC/ymir work/pc/shaman/action/french_kiss_with_sura.msa	d:/ymir work/pc/shaman/action/french_kiss_with_sura.msa	1
PC/ymir work/pc/common/effect/armor/texturen/32.dds	d:/ymir work/pc/common/effect/armor/texturen/32.dds	1
PC/ymir work/pc/shaman/effect/kwaesok.dds	d:/ymir work/pc/shaman/effect/kwaesok.dds	1
PC/ymir work/pc/sura/sura_novice_lod_02.gr2	d:/ymir work/pc/sura/sura_novice_lod_02.gr2	1
PC/ymir work/pc/shaman/shaman_4-1_lod_02.gr2	d:/ymir work/pc/shaman/shaman_4-1_lod_02.gr2	1
PC/ymir work/pc/common/effect/armor/texturen/45.dds	d:/ymir work/pc/common/effect/armor/texturen/45.dds	1
PC/ymir work/pc/shaman/shaman_2-1_miyeon_a.dds	d:/ymir work/pc/shaman/shaman_2-1_miyeon_a.dds	1
PC/ymir work/pc/common/effect/armor/texturen/51.dds	d:/ymir work/pc/common/effect/armor/texturen/51.dds	1
PC/ymir work/pc/sura/action/clap.gr2	d:/ymir work/pc/sura/action/clap.gr2	1
PC/ymir work/pc/common/effect/armor/texturen/54.dds	d:/ymir work/pc/common/effect/armor/texturen/54.dds	1
PC/ymir work/pc/shaman/effect/bipabu_4.msf	d:/ymir work/pc/shaman/effect/bipabu_4.msf	1
PC/ymir work/pc/common/effect/armor/texturen/62.dds	d:/ymir work/pc/common/effect/armor/texturen/62.dds	1
PC/ymir work/pc/common/effect/armor/texturen/92.dds	d:/ymir work/pc/common/effect/armor/texturen/92.dds	1
PC/ymir work/pc/shaman/skill/boho_3.msa	d:/ymir work/pc/shaman/skill/boho_3.msa	1
PC/ymir work/pc/warrior/effect/geom_3.mse	d:/ymir work/pc/warrior/effect/geom_3.mse	1
PC/ymir work/pc/common/effect/armor/texturen/94.dds	d:/ymir work/pc/common/effect/armor/texturen/94.dds	1
PC/ymir work/pc/shaman/effect/byeorak.mse	d:/ymir work/pc/shaman/effect/byeorak.mse	1
PC/ymir work/pc/warrior/effect/sa_za_hu_triple_loop copy.dds	d:/ymir work/pc/warrior/effect/sa_za_hu_triple_loop copy.dds	1
PC/ymir work/pc/common/effect/armor/texturen/mesh/curved_light_beam.mde	d:/ymir work/pc/common/effect/armor/texturen/mesh/curved_light_beam.mde	1
PC/ymir work/pc/common/effect/armor/texturen/mesh/curved_light_beam_1.mde	d:/ymir work/pc/common/effect/armor/texturen/mesh/curved_light_beam_1.mde	1
PC/ymir work/pc/common/effect/armor/texturen/mesh/curved_light_beam_2.mde	d:/ymir work/pc/common/effect/armor/texturen/mesh/curved_light_beam_2.mde	1
PC/ymir work/pc/shaman/skill/bipabu_5.msa	d:/ymir work/pc/shaman/skill/bipabu_5.msa	1
PC/ymir work/pc/sura/effect/blueburn copy.dds	d:/ymir work/pc/sura/effect/blueburn copy.dds	1
PC/ymir work/pc/shaman/action/forgive.msa	d:/ymir work/pc/shaman/action/forgive.msa	1
PC/ymir work/pc/shaman/bell/change_weapon.gr2	d:/ymir work/pc/shaman/bell/change_weapon.gr2	1
PC/ymir work/pc/shaman/shaman_cheonryun_lod_02.gr2	d:/ymir work/pc/shaman/shaman_cheonryun_lod_02.gr2	1
PC/ymir work/pc/sura/sura_king01_cloak.dds	d:/ymir work/pc/sura/sura_king01_cloak.dds	1
PC/ymir work/pc/common/effect/armor/texturen/mesh/light_twist_diown.mde	d:/ymir work/pc/common/effect/armor/texturen/mesh/light_twist_diown.mde	1
PC/ymir work/pc/shaman/effect/jeungryeok.mse	d:/ymir work/pc/shaman/effect/jeungryeok.mse	1
PC/ymir work/pc/common/effect/armor/texturen/mesh/light_wings_faded_1.mde	d:/ymir work/pc/common/effect/armor/texturen/mesh/light_wings_faded_1.mde	1
PC/ymir work/pc/common/effect/sword/crescent.bmp	d:/ymir work/pc/common/effect/sword/crescent.bmp	1
PC/ymir work/pc/shaman/skill/use_me.msa	d:/ymir work/pc/shaman/skill/use_me.msa	1
PC/ymir work/pc/common/effect/sword/gwi_geom_spark copy.jpg	d:/ymir work/pc/common/effect/sword/gwi_geom_spark copy.jpg	1
PC/ymir work/pc/common/effect/sword/sword_7_b.mse	d:/ymir work/pc/common/effect/sword/sword_7_b.mse	1
PC/ymir work/pc/shaman/skill/pokroe_2.msa	d:/ymir work/pc/shaman/skill/pokroe_2.msa	1
PC/ymir work/pc/common/effect/sword/sword_7_f.mse	d:/ymir work/pc/common/effect/sword/sword_7_f.mse	1
PC/ymir work/pc/warrior/hair/hair_4_1.dds	d:/ymir work/pc/warrior/hair/hair_4_1.dds	1
PC/ymir work/pc/common/effect/sword/sword_7_s.mse	d:/ymir work/pc/common/effect/sword/sword_7_s.mse	1
PC/ymir work/pc/shaman/horse/stop.msa	d:/ymir work/pc/shaman/horse/stop.msa	1
PC/ymir work/pc/sura/action/slap_hurt.msa	d:/ymir work/pc/sura/action/slap_hurt.msa	1
PC/ymir work/pc/common/effect/sword/sword_8_b.mse	d:/ymir work/pc/common/effect/sword/sword_8_b.mse	1
PC/ymir work/pc/common/effect/sword/sword_8_s.mse	d:/ymir work/pc/common/effect/sword/sword_8_s.mse	1
PC/ymir work/pc/shaman/general/damage_1.gr2	d:/ymir work/pc/shaman/general/damage_1.gr2	1
PC/ymir work/pc/sura/fishing/fishing_cancel.msa	d:/ymir work/pc/sura/fishing/fishing_cancel.msa	1
PC/ymir work/pc/shaman/effect/sinchak_making.mse	d:/ymir work/pc/shaman/effect/sinchak_making.mse	1
PC/ymir work/pc/shaman/skill/suho.msk	d:/ymir work/pc/shaman/skill/suho.msk	1
PC/ymir work/pc/warrior/skill/daejin.gr2	d:/ymir work/pc/warrior/skill/daejin.gr2	1
PC/ymir work/pc/common/effect/sword/sword_9_f.mse	d:/ymir work/pc/common/effect/sword/sword_9_f.mse	1
PC/ymir work/pc/sura/effect/black_ball copy.dds	d:/ymir work/pc/sura/effect/black_ball copy.dds	1
PC/ymir work/pc/shaman/shaman_2-3_ilseon_a.dds	d:/ymir work/pc/shaman/shaman_2-3_ilseon_a.dds	1
PC/ymir work/pc/sura/sura_saryeong_lod_01.gr2	d:/ymir work/pc/sura/sura_saryeong_lod_01.gr2	1
PC/ymir work/pc/shaman/shaman_3-2_amyo_a.dds	d:/ymir work/pc/shaman/shaman_3-2_amyo_a.dds	1
PC/ymir work/pc/shaman/shaman_hair_01_brown.dds	d:/ymir work/pc/shaman/shaman_hair_01_brown.dds	1
PC/ymir work/pc/shaman/shaman_4-1.dds	d:/ymir work/pc/shaman/shaman_4-1.dds	1
PC/ymir work/pc/shaman/shaman_4-1.gr2	d:/ymir work/pc/shaman/shaman_4-1.gr2	1
PC/ymir work/pc/sura/effect/maryeong_4_throw.mse	d:/ymir work/pc/sura/effect/maryeong_4_throw.mse	1
PC/ymir work/pc/sura/effect/o_st.dds	d:/ymir work/pc/sura/effect/o_st.dds	1
PC/ymir work/pc/shaman/shaman_4-2.dds	d:/ymir work/pc/shaman/shaman_4-2.dds	1
PC/ymir work/pc/warrior/onehand_sword/rampage.gr2	d:/ymir work/pc/warrior/onehand_sword/rampage.gr2	1
PC/ymir work/pc/shaman/shaman_cheonryun_lod_01.gr2	d:/ymir work/pc/shaman/shaman_cheonryun_lod_01.gr2	1
PC/ymir work/pc/shaman/effect/yongpa_4.mse	d:/ymir work/pc/shaman/effect/yongpa_4.mse	1
PC/ymir work/pc/shaman/effect/pokroe_c.mse	d:/ymir work/pc/shaman/effect/pokroe_c.mse	1
PC/ymir work/pc/shaman/shaman_bihong.dds	d:/ymir work/pc/shaman/shaman_bihong.dds	1
PC/ymir work/pc/warrior/action/kiss_with_warrior.gr2	d:/ymir work/pc/warrior/action/kiss_with_warrior.gr2	1
PC/ymir work/pc/shaman/shaman_bongsin.gr2	d:/ymir work/pc/shaman/shaman_bongsin.gr2	1
PC/ymir work/pc/shaman/effect/4gwihwan.mse	d:/ymir work/pc/shaman/effect/4gwihwan.mse	1
PC/ymir work/pc/sura/sura_4-1.gr2	d:/ymir work/pc/sura/sura_4-1.gr2	1
PC/ymir work/pc/shaman/fan/damage_1.gr2	d:/ymir work/pc/shaman/fan/damage_1.gr2	1
PC/ymir work/pc/shaman/effect/noejeon_light copy.dds	d:/ymir work/pc/shaman/effect/noejeon_light copy.dds	1
PC/ymir work/pc/shaman/shaman_cheongnang.gr2	d:/ymir work/pc/shaman/shaman_cheongnang.gr2	1
PC/ymir work/pc/warrior/hair/hair_2_1.dds	d:/ymir work/pc/warrior/hair/hair_2_1.dds	1
PC/ymir work/pc/shaman/shaman_cheonryun_lod_03.gr2	d:/ymir work/pc/shaman/shaman_cheonryun_lod_03.gr2	1
PC/ymir work/pc/sura/sura_mageuk.dds	d:/ymir work/pc/sura/sura_mageuk.dds	1
PC/ymir work/pc/sura/effect/gwi_geom_spark copy.dds	d:/ymir work/pc/sura/effect/gwi_geom_spark copy.dds	1
PC/ymir work/pc/shaman/shaman_hair_01_gold.dds	d:/ymir work/pc/shaman/shaman_hair_01_gold.dds	1
PC/ymir work/pc/shaman/skill/jeungche_target.msa	d:/ymir work/pc/shaman/skill/jeungche_target.msa	1
PC/ymir work/pc/shaman/shaman_lord.gr2	d:/ymir work/pc/shaman/shaman_lord.gr2	1
PC/ymir work/pc/shaman/effect/12sohwanbu.mse	d:/ymir work/pc/shaman/effect/12sohwanbu.mse	1
PC/ymir work/pc/warrior/effect/upline.dds	d:/ymir work/pc/warrior/effect/upline.dds	1
PC/ymir work/pc/sura/general/walk.gr2	d:/ymir work/pc/sura/general/walk.gr2	1
PC/ymir work/pc/shaman/shaman_lord_backup.gr2	d:/ymir work/pc/shaman/shaman_lord_backup.gr2	1
PC/ymir work/pc/shaman/shaman_lord_lod_02.gr2	d:/ymir work/pc/shaman/shaman_lord_lod_02.gr2	1
PC/ymir work/pc/warrior/skill/gihyeol_2.msa	d:/ymir work/pc/warrior/skill/gihyeol_2.msa	1
PC/ymir work/pc/shaman/shaman_lord_lod_03.gr2	d:/ymir work/pc/shaman/shaman_lord_lod_03.gr2	1
PC/ymir work/pc/sura/effect/chiu.dds	d:/ymir work/pc/sura/effect/chiu.dds	1
PC/ymir work/pc/shaman/shaman_marry_01.gr2	d:/ymir work/pc/shaman/shaman_marry_01.gr2	1
PC/ymir work/pc/shaman/shaman_miyeom_lod_02.gr2	d:/ymir work/pc/shaman/shaman_miyeom_lod_02.gr2	1
PC/ymir work/pc/shaman/shaman_miyeom_lod_03.gr2	d:/ymir work/pc/shaman/shaman_miyeom_lod_03.gr2	1
PC/ymir work/pc/sura/effect/jumagap_3_loop.mse	d:/ymir work/pc/sura/effect/jumagap_3_loop.mse	1
PC/ymir work/pc/shaman/shaman_novice.gr2	d:/ymir work/pc/shaman/shaman_novice.gr2	1
PC/ymir work/pc/shaman/shaman_novice_green_a.dds	d:/ymir work/pc/shaman/shaman_novice_green_a.dds	1
PC/ymir work/pc/shaman/shaman_novice_lod_01.gr2	d:/ymir work/pc/shaman/shaman_novice_lod_01.gr2	1
PC/ymir work/pc/shaman/shaman_novice_lod_02.gr2	d:/ymir work/pc/shaman/shaman_novice_lod_02.gr2	1
PC/ymir work/pc/shaman/action/angry.msa	d:/ymir work/pc/shaman/action/angry.msa	1
PC/ymir work/pc/shaman/action/attractive.gr2	d:/ymir work/pc/shaman/action/attractive.gr2	1
PC/ymir work/pc/shaman/wedding/walk.msa	d:/ymir work/pc/shaman/wedding/walk.msa	1
PC/ymir work/pc/shaman/action/attractive.msa	d:/ymir work/pc/shaman/action/attractive.msa	1
PC/ymir work/pc/shaman/action/cheers_1.msa	d:/ymir work/pc/shaman/action/cheers_1.msa	1
PC/ymir work/pc/shaman/action/cheerup.gr2	d:/ymir work/pc/shaman/action/cheerup.gr2	1
PC/ymir work/pc/shaman/action/cheerup.msa	d:/ymir work/pc/shaman/action/cheerup.msa	1
PC/ymir work/pc/shaman/action/clap.msa	d:/ymir work/pc/shaman/action/clap.msa	1
PC/ymir work/pc/shaman/general/damage_2.msa	d:/ymir work/pc/shaman/general/damage_2.msa	1
PC/ymir work/pc/shaman/action/dance_1.msa	d:/ymir work/pc/shaman/action/dance_1.msa	1
PC/ymir work/pc/shaman/action/dance_2.msa	d:/ymir work/pc/shaman/action/dance_2.msa	1
PC/ymir work/pc/shaman/action/dance_3.gr2	d:/ymir work/pc/shaman/action/dance_3.gr2	1
PC/ymir work/pc/shaman/action/dance_3.msa	d:/ymir work/pc/shaman/action/dance_3.msa	1
PC/ymir work/pc/shaman/action/dance_5.gr2	d:/ymir work/pc/shaman/action/dance_5.gr2	1
PC/ymir work/pc/warrior/skill/cheongeun_3.msa	d:/ymir work/pc/warrior/skill/cheongeun_3.msa	1
PC/ymir work/pc/shaman/action/dance_5.msa	d:/ymir work/pc/shaman/action/dance_5.msa	1
PC/ymir work/pc/warrior/action/joy.msa	d:/ymir work/pc/warrior/action/joy.msa	1
PC/ymir work/pc/shaman/action/forgive.gr2	d:/ymir work/pc/shaman/action/forgive.gr2	1
PC/ymir work/pc/warrior/horse/skill_charge.msa	d:/ymir work/pc/warrior/horse/skill_charge.msa	1
PC/ymir work/pc/shaman/action/french_kiss_with_assassin.gr2	d:/ymir work/pc/shaman/action/french_kiss_with_assassin.gr2	1
PC/ymir work/pc/shaman/action/french_kiss_with_assassin.msa	d:/ymir work/pc/shaman/action/french_kiss_with_assassin.msa	1
PC/ymir work/pc/shaman/action/french_kiss_with_shaman.gr2	d:/ymir work/pc/shaman/action/french_kiss_with_shaman.gr2	1
PC/ymir work/pc/shaman/action/french_kiss_with_shaman.msa	d:/ymir work/pc/shaman/action/french_kiss_with_shaman.msa	1
PC/ymir work/pc/shaman/action/french_kiss_with_warrior.gr2	d:/ymir work/pc/shaman/action/french_kiss_with_warrior.gr2	1
PC/ymir work/pc/shaman/action/joy.gr2	d:/ymir work/pc/shaman/action/joy.gr2	1
PC/ymir work/pc/warrior/action/kiss_with_assassin.gr2	d:/ymir work/pc/warrior/action/kiss_with_assassin.gr2	1
PC/ymir work/pc/shaman/action/joy.msa	d:/ymir work/pc/shaman/action/joy.msa	1
PC/ymir work/pc/warrior/twohand_sword/combo_05.gr2	d:/ymir work/pc/warrior/twohand_sword/combo_05.gr2	1
PC/ymir work/pc/shaman/action/kiss_with_assassin.gr2	d:/ymir work/pc/shaman/action/kiss_with_assassin.gr2	1
PC/ymir work/pc/warrior/effect/jeonsinbangeo.mde	d:/ymir work/pc/warrior/effect/jeonsinbangeo.mde	1
PC/ymir work/pc/shaman/action/kiss_with_assassin.msa	d:/ymir work/pc/shaman/action/kiss_with_assassin.msa	1
PC/ymir work/pc/shaman/effect/gyeokgong_triple_loop_2.dds	d:/ymir work/pc/shaman/effect/gyeokgong_triple_loop_2.dds	1
PC/ymir work/pc/sura/general/damage_flying.msa	d:/ymir work/pc/sura/general/damage_flying.msa	1
PC/ymir work/pc/shaman/action/kiss_with_shaman.gr2	d:/ymir work/pc/shaman/action/kiss_with_shaman.gr2	1
PC/ymir work/pc/shaman/action/kiss_with_shaman.msa	d:/ymir work/pc/shaman/action/kiss_with_shaman.msa	1
PC/ymir work/pc/sura/effect/y_splash.dds	d:/ymir work/pc/sura/effect/y_splash.dds	1
PC/ymir work/pc/sura/effect/jumagap.mse	d:/ymir work/pc/sura/effect/jumagap.mse	1
PC/ymir work/pc/shaman/action/kiss_with_sura.gr2	d:/ymir work/pc/shaman/action/kiss_with_sura.gr2	1
PC/ymir work/pc/shaman/action/kiss_with_sura.msa	d:/ymir work/pc/shaman/action/kiss_with_sura.msa	1
PC/ymir work/pc/shaman/action/kiss_with_warrior.msa	d:/ymir work/pc/shaman/action/kiss_with_warrior.msa	1
PC/ymir work/pc/shaman/effect/3hosin_loop_4.mse	d:/ymir work/pc/shaman/effect/3hosin_loop_4.mse	1
PC/ymir work/pc/shaman/action/sad.gr2	d:/ymir work/pc/shaman/action/sad.gr2	1
PC/ymir work/pc/sura/effect/gwigeom_2_loop.mse	d:/ymir work/pc/sura/effect/gwigeom_2_loop.mse	1
PC/ymir work/pc/shaman/action/slap_hit.gr2	d:/ymir work/pc/shaman/action/slap_hit.gr2	1
PC/ymir work/pc/shaman/effect/shamanblackcore.dds	d:/ymir work/pc/shaman/effect/shamanblackcore.dds	1
PC/ymir work/pc/shaman/action/test.py~	d:/ymir work/pc/shaman/action/test.py~	1
PC/ymir work/pc/shaman/bell/change_weapon.msa	d:/ymir work/pc/shaman/bell/change_weapon.msa	1
PC/ymir work/pc/sura/horse_onehand_sword/skill_wildattack.msa	d:/ymir work/pc/sura/horse_onehand_sword/skill_wildattack.msa	1
PC/ymir work/pc/shaman/bell/combo_01.gr2	d:/ymir work/pc/shaman/bell/combo_01.gr2	1
PC/ymir work/pc/shaman/fishing/fishing_cancel.msa	d:/ymir work/pc/shaman/fishing/fishing_cancel.msa	1
PC/ymir work/pc/shaman/bell/combo_01.msa	d:/ymir work/pc/shaman/bell/combo_01.msa	1
PC/ymir work/pc/shaman/bell/combo_02.gr2	d:/ymir work/pc/shaman/bell/combo_02.gr2	1
PC/ymir work/pc/shaman/bell/combo_02.msa	d:/ymir work/pc/shaman/bell/combo_02.msa	1
PC/ymir work/pc/shaman/bell/rampage_02.gr2	d:/ymir work/pc/shaman/bell/rampage_02.gr2	1
PC/ymir work/pc/shaman/skill/guild_gasokhwa.msa	d:/ymir work/pc/shaman/skill/guild_gasokhwa.msa	1
PC/ymir work/pc/shaman/bell/combo_03.msa	d:/ymir work/pc/shaman/bell/combo_03.msa	1
PC/ymir work/pc/sura/effect/swaeryeong_3.mse	d:/ymir work/pc/sura/effect/swaeryeong_3.mse	1
PC/ymir work/pc/sura/skill/swaeryeong.msk	d:/ymir work/pc/sura/skill/swaeryeong.msk	1
PC/ymir work/pc/sura/action/sad.msa	d:/ymir work/pc/sura/action/sad.msa	1
PC/ymir work/pc/shaman/bell/combo_04.gr2	d:/ymir work/pc/shaman/bell/combo_04.gr2	1
PC/ymir work/pc/warrior/skill/gyeoksan_5.msa	d:/ymir work/pc/warrior/skill/gyeoksan_5.msa	1
PC/ymir work/pc/shaman/bell/combo_04.msa	d:/ymir work/pc/shaman/bell/combo_04.msa	1
PC/ymir work/pc/shaman/bell/combo_05.gr2	d:/ymir work/pc/shaman/bell/combo_05.gr2	1
PC/ymir work/pc/shaman/bell/combo_07.msa	d:/ymir work/pc/shaman/bell/combo_07.msa	1
PC/ymir work/pc/shaman/bell/damage.msa	d:/ymir work/pc/shaman/bell/damage.msa	1
PC/ymir work/pc/shaman/effect/10kwaesok_4.mse	d:/ymir work/pc/shaman/effect/10kwaesok_4.mse	1
PC/ymir work/pc/shaman/bell/damage_1.gr2	d:/ymir work/pc/shaman/bell/damage_1.gr2	1
PC/ymir work/pc/warrior/skill/geomgyeong.msk	d:/ymir work/pc/warrior/skill/geomgyeong.msk	1
PC/ymir work/pc/warrior/effect/sa_za_hu copy.dds	d:/ymir work/pc/warrior/effect/sa_za_hu copy.dds	1
PC/ymir work/pc/shaman/bell/damage_3.gr2	d:/ymir work/pc/shaman/bell/damage_3.gr2	1
PC/ymir work/pc/warrior/intro/wait.msa	d:/ymir work/pc/warrior/intro/wait.msa	1
PC/ymir work/pc/sura/hair/hair_4_2.gr2	d:/ymir work/pc/sura/hair/hair_4_2.gr2	1
PC/ymir work/pc/shaman/bell/damage_3.msa	d:/ymir work/pc/shaman/bell/damage_3.msa	1
PC/ymir work/pc/shaman/bell/pick_up.gr2	d:/ymir work/pc/shaman/bell/pick_up.gr2	1
PC/ymir work/pc/shaman/horse_bell/combo_01.gr2	d:/ymir work/pc/shaman/horse_bell/combo_01.gr2	1
PC/ymir work/pc/shaman/bell/pick_up.msa	d:/ymir work/pc/shaman/bell/pick_up.msa	1
PC/ymir work/pc/shaman/bell/rampage.gr2	d:/ymir work/pc/shaman/bell/rampage.gr2	1
PC/ymir work/pc/shaman/bell/rampage.msa	d:/ymir work/pc/shaman/bell/rampage.msa	1
PC/ymir work/pc/shaman/effect/w_star.jpg	d:/ymir work/pc/shaman/effect/w_star.jpg	1
PC/ymir work/pc/shaman/bell/rampage_03.gr2	d:/ymir work/pc/shaman/bell/rampage_03.gr2	1
PC/ymir work/pc/shaman/bell/run.msa	d:/ymir work/pc/shaman/bell/run.msa	1
PC/ymir work/pc/shaman/bell/wait.msa	d:/ymir work/pc/shaman/bell/wait.msa	1
PC/ymir work/pc/sura/effect/muyeong_4.mse	d:/ymir work/pc/sura/effect/muyeong_4.mse	1
PC/ymir work/pc/shaman/bell/walk.msa	d:/ymir work/pc/shaman/bell/walk.msa	1
PC/ymir work/pc/shaman/effect/0001.dds	d:/ymir work/pc/shaman/effect/0001.dds	1
PC/ymir work/pc/shaman/general/damage_flying.msa	d:/ymir work/pc/shaman/general/damage_flying.msa	1
PC/ymir work/pc/sura/skill/heukma.gr2	d:/ymir work/pc/sura/skill/heukma.gr2	1
PC/ymir work/pc/shaman/effect/0001.ifl	d:/ymir work/pc/shaman/effect/0001.ifl	1
PC/ymir work/pc/shaman/effect/0002.dds	d:/ymir work/pc/shaman/effect/0002.dds	1
PC/ymir work/pc/shaman/effect/0003.dds	d:/ymir work/pc/shaman/effect/0003.dds	1
PC/ymir work/pc/shaman/effect/0004.dds	d:/ymir work/pc/shaman/effect/0004.dds	1
PC/ymir work/pc/sura/action/clap.msa	d:/ymir work/pc/sura/action/clap.msa	1
PC/ymir work/pc/shaman/effect/0006.dds	d:/ymir work/pc/shaman/effect/0006.dds	1
PC/ymir work/pc/warrior/warrior_hair_01_black.dds	d:/ymir work/pc/warrior/warrior_hair_01_black.dds	1
PC/ymir work/pc/sura/effect/14.dds	d:/ymir work/pc/sura/effect/14.dds	1
PC/ymir work/pc/sura/hair/hair_4_3.gr2	d:/ymir work/pc/sura/hair/hair_4_3.gr2	1
PC/ymir work/pc/shaman/effect/10kwaesok.mse	d:/ymir work/pc/shaman/effect/10kwaesok.mse	1
PC/ymir work/pc/shaman/effect/10kwaesok_loop.mse	d:/ymir work/pc/shaman/effect/10kwaesok_loop.mse	1
PC/ymir work/pc/shaman/effect/10kwaesok_making.mse	d:/ymir work/pc/shaman/effect/10kwaesok_making.mse	1
PC/ymir work/pc/shaman/effect/12sohwanbu_me.mse	d:/ymir work/pc/shaman/effect/12sohwanbu_me.mse	1
PC/ymir work/pc/warrior/skill/jeonsinbangeo.msk	d:/ymir work/pc/warrior/skill/jeonsinbangeo.msk	1
PC/ymir work/pc/warrior/skill/geompung_2.msa	d:/ymir work/pc/warrior/skill/geompung_2.msa	1
PC/ymir work/pc/shaman/effect/1bipa_blow_4.mse	d:/ymir work/pc/shaman/effect/1bipa_blow_4.mse	1
PC/ymir work/pc/warrior/general/attack_1.gr2	d:/ymir work/pc/warrior/general/attack_1.gr2	1
PC/ymir work/pc/shaman/effect/1bipa_throw.mse	d:/ymir work/pc/shaman/effect/1bipa_throw.mse	1
PC/ymir work/pc/sura/effect/pabeop_loop.mse	d:/ymir work/pc/sura/effect/pabeop_loop.mse	1
PC/ymir work/pc/sura/effect/yong_gwon_pa.dds	d:/ymir work/pc/sura/effect/yong_gwon_pa.dds	1
PC/ymir work/pc/shaman/effect/1bipa_throw_4.mse	d:/ymir work/pc/shaman/effect/1bipa_throw_4.mse	1
PC/ymir work/pc/shaman/effect/1bipamaking.mse	d:/ymir work/pc/shaman/effect/1bipamaking.mse	1
PC/ymir work/pc/shaman/effect/1bipamaking_4.mse	d:/ymir work/pc/shaman/effect/1bipamaking_4.mse	1
PC/ymir work/pc/sura/effect/jumagap_in.dds	d:/ymir work/pc/sura/effect/jumagap_in.dds	1
PC/ymir work/pc/shaman/effect/2-star.dds	d:/ymir work/pc/shaman/effect/2-star.dds	1
PC/ymir work/pc/shaman/effect/2jeongeop.mse	d:/ymir work/pc/shaman/effect/2jeongeop.mse	1
PC/ymir work/pc/shaman/effect/2jeongeop_4.mse	d:/ymir work/pc/shaman/effect/2jeongeop_4.mse	1
PC/ymir work/pc/shaman/skill/yongsin.msa	d:/ymir work/pc/shaman/skill/yongsin.msa	1
PC/ymir work/pc/sura/effect/geomhwagyeokand.mse	d:/ymir work/pc/sura/effect/geomhwagyeokand.mse	1
PC/ymir work/pc/warrior/effect/palbang_spin.mse	d:/ymir work/pc/warrior/effect/palbang_spin.mse	1
PC/ymir work/pc/shaman/effect/yongpa_a.mse	d:/ymir work/pc/shaman/effect/yongpa_a.mse	1
PC/ymir work/pc/shaman/skill/hosin_3.msa	d:/ymir work/pc/shaman/skill/hosin_3.msa	1
PC/ymir work/pc/shaman/effect/2jeongeop_shoot.mse	d:/ymir work/pc/shaman/effect/2jeongeop_shoot.mse	1
PC/ymir work/pc/sura/effect/geompung_blow.mse	d:/ymir work/pc/sura/effect/geompung_blow.mse	1
PC/ymir work/pc/shaman/effect/3hosin.mse	d:/ymir work/pc/shaman/effect/3hosin.mse	1
PC/ymir work/pc/sura/effect/geomhwangyeok_4.mse	d:/ymir work/pc/sura/effect/geomhwangyeok_4.mse	1
PC/ymir work/pc/shaman/effect/3hosin_4.mse	d:/ymir work/pc/shaman/effect/3hosin_4.mse	1
PC/ymir work/pc/shaman/effect/3hosin_making.mse	d:/ymir work/pc/shaman/effect/3hosin_making.mse	1
PC/ymir work/pc/shaman/effect/3hosin_making_4.mse	d:/ymir work/pc/shaman/effect/3hosin_making_4.mse	1
PC/ymir work/pc/shaman/effect/4hosin_shoot.mse	d:/ymir work/pc/shaman/effect/4hosin_shoot.mse	1
PC/ymir work/pc/shaman/effect/6gicheon_blow.mse	d:/ymir work/pc/shaman/effect/6gicheon_blow.mse	1
PC/ymir work/pc/sura/effect/jumageom.mse	d:/ymir work/pc/sura/effect/jumageom.mse	1
PC/ymir work/pc/shaman/effect/6gicheon_hand_4.mse	d:/ymir work/pc/shaman/effect/6gicheon_hand_4.mse	1
PC/ymir work/pc/shaman/effect/6gicheon_making.mse	d:/ymir work/pc/shaman/effect/6gicheon_making.mse	1
PC/ymir work/pc/shaman/effect/6gicheon_throw.mse	d:/ymir work/pc/shaman/effect/6gicheon_throw.mse	1
PC/ymir work/pc/shaman/effect/7budongbakbu.mse	d:/ymir work/pc/shaman/effect/7budongbakbu.mse	1
PC/ymir work/pc/shaman/hair/hair_4_3.gr2	d:/ymir work/pc/shaman/hair/hair_4_3.gr2	1
PC/ymir work/pc/shaman/effect/7budongbakbu_blow.mse	d:/ymir work/pc/shaman/effect/7budongbakbu_blow.mse	1
PC/ymir work/pc/shaman/effect/7budongbakbu_blow_body.mse	d:/ymir work/pc/shaman/effect/7budongbakbu_blow_body.mse	1
PC/ymir work/pc/shaman/effect/7budongbakbu_blow_head.mse	d:/ymir work/pc/shaman/effect/7budongbakbu_blow_head.mse	1
PC/ymir work/pc/sura/hair/hair_4_3.dds	d:/ymir work/pc/sura/hair/hair_4_3.dds	1
PC/ymir work/pc/shaman/effect/7budongbakbu_making.mse	d:/ymir work/pc/shaman/effect/7budongbakbu_making.mse	1
PC/ymir work/pc/warrior/onehand_sword/wait_1.gr2	d:/ymir work/pc/warrior/onehand_sword/wait_1.gr2	1
PC/ymir work/pc/shaman/effect/8 copy.dds	d:/ymir work/pc/shaman/effect/8 copy.dds	1
PC/ymir work/pc/sura/effect/geomhwagyeokhand_3.mse	d:/ymir work/pc/sura/effect/geomhwagyeokhand_3.mse	1
PC/ymir work/pc/shaman/effect/8chojeonbu.mse	d:/ymir work/pc/shaman/effect/8chojeonbu.mse	1
PC/ymir work/pc/shaman/effect/9inmahapsin.mse	d:/ymir work/pc/shaman/effect/9inmahapsin.mse	1
PC/ymir work/pc/shaman/effect/b_star.dds	d:/ymir work/pc/shaman/effect/b_star.dds	1
PC/ymir work/pc/shaman/effect/bipa_2_blow.mse	d:/ymir work/pc/shaman/effect/bipa_2_blow.mse	1
PC/ymir work/pc/sura/effect/yihyoulsul.mse	d:/ymir work/pc/sura/effect/yihyoulsul.mse	1
PC/ymir work/pc/shaman/effect/bipa_3_blow.mse	d:/ymir work/pc/shaman/effect/bipa_3_blow.mse	1
PC/ymir work/pc/shaman/effect/bipabu.msf	d:/ymir work/pc/shaman/effect/bipabu.msf	1
PC/ymir work/pc/sura/effect/hyeolmagakseong_loop.mse	d:/ymir work/pc/sura/effect/hyeolmagakseong_loop.mse	1
PC/ymir work/pc/shaman/effect/bipabu_2.msf	d:/ymir work/pc/shaman/effect/bipabu_2.msf	1
PC/ymir work/pc/shaman/effect/bipabu_2_throw.mse	d:/ymir work/pc/shaman/effect/bipabu_2_throw.mse	1
PC/ymir work/pc/shaman/effect/bipabu_3_making.mse	d:/ymir work/pc/shaman/effect/bipabu_3_making.mse	1
PC/ymir work/pc/shaman/effect/bipabu_3_throw.mse	d:/ymir work/pc/shaman/effect/bipabu_3_throw.mse	1
PC/ymir work/pc/sura/skill/hwayeom_5.msa	d:/ymir work/pc/sura/skill/hwayeom_5.msa	1
PC/ymir work/pc/shaman/effect/bipabu_4_throw.mse	d:/ymir work/pc/shaman/effect/bipabu_4_throw.mse	1
PC/ymir work/pc/warrior/effect/rampage_loop.mse	d:/ymir work/pc/warrior/effect/rampage_loop.mse	1
PC/ymir work/pc/shaman/effect/yongpa_4_head.mse	d:/ymir work/pc/shaman/effect/yongpa_4_head.mse	1
PC/ymir work/pc/shaman/effect/boho.mse	d:/ymir work/pc/shaman/effect/boho.mse	1
PC/ymir work/pc/warrior/hair/hair_4_3.dds	d:/ymir work/pc/warrior/hair/hair_4_3.dds	1
PC/ymir work/pc/shaman/effect/boho_loop.mse	d:/ymir work/pc/shaman/effect/boho_loop.mse	1
PC/ymir work/pc/shaman/effect/boho_loop_4.mse	d:/ymir work/pc/shaman/effect/boho_loop_4.mse	1
PC/ymir work/pc/shaman/effect/bottom.dds	d:/ymir work/pc/shaman/effect/bottom.dds	1
PC/ymir work/pc/sura/sura_saryeong_lod_02.gr2	d:/ymir work/pc/sura/sura_saryeong_lod_02.gr2	1
PC/ymir work/pc/warrior/general/damage_3.gr2	d:/ymir work/pc/warrior/general/damage_3.gr2	1
PC/ymir work/pc/shaman/effect/bottom_under.dds	d:/ymir work/pc/shaman/effect/bottom_under.dds	1
PC/ymir work/pc/shaman/effect/buhwal.mse	d:/ymir work/pc/shaman/effect/buhwal.mse	1
PC/ymir work/pc/warrior/effect/geompung_2.msf	d:/ymir work/pc/warrior/effect/geompung_2.msf	1
PC/ymir work/pc/shaman/effect/bwblend.dds	d:/ymir work/pc/shaman/effect/bwblend.dds	1
PC/ymir work/pc/shaman/effect/noejeon_3_blow.mse	d:/ymir work/pc/shaman/effect/noejeon_3_blow.mse	1
PC/ymir work/pc/shaman/effect/byeon.dds	d:/ymir work/pc/shaman/effect/byeon.dds	1
PC/ymir work/pc/shaman/effect/byeorak_2.mse	d:/ymir work/pc/shaman/effect/byeorak_2.mse	1
PC/ymir work/pc/sura/skill/yonggwon_5.msa	d:/ymir work/pc/sura/skill/yonggwon_5.msa	1
PC/ymir work/pc/shaman/effect/byeorak_3.mse	d:/ymir work/pc/shaman/effect/byeorak_3.mse	1
PC/ymir work/pc/shaman/effect/pokroe_4.msf	d:/ymir work/pc/shaman/effect/pokroe_4.msf	1
PC/ymir work/pc/shaman/effect/byeorak_4.mse	d:/ymir work/pc/shaman/effect/byeorak_4.mse	1
PC/ymir work/pc/sura/effect/16_1.dds	d:/ymir work/pc/sura/effect/16_1.dds	1
PC/ymir work/pc/shaman/effect/cheonyongokcheondust.dds	d:/ymir work/pc/shaman/effect/cheonyongokcheondust.dds	1
PC/ymir work/pc/sura/onehand_sword/combo_07.gr2	d:/ymir work/pc/sura/onehand_sword/combo_07.gr2	1
PC/ymir work/pc/shaman/skill/paeryong_2.msa	d:/ymir work/pc/shaman/skill/paeryong_2.msa	1
PC/ymir work/pc/shaman/effect/dhead.dds	d:/ymir work/pc/shaman/effect/dhead.dds	1
PC/ymir work/pc/shaman/effect/dheads.mde	d:/ymir work/pc/shaman/effect/dheads.mde	1
PC/ymir work/pc/shaman/effect/empty_eye_round copy.dds	d:/ymir work/pc/shaman/effect/empty_eye_round copy.dds	1
PC/ymir work/pc/shaman/effect/empty_round.dds	d:/ymir work/pc/shaman/effect/empty_round.dds	1
PC/ymir work/pc/sura/effect/yelsunjablue.dds	d:/ymir work/pc/sura/effect/yelsunjablue.dds	1
PC/ymir work/pc/sura/skill/hyeolma.msa	d:/ymir work/pc/sura/skill/hyeolma.msa	1
PC/ymir work/pc/shaman/effect/gatein.dds	d:/ymir work/pc/shaman/effect/gatein.dds	1
PC/ymir work/pc/shaman/horse/skill_charge.msa	d:/ymir work/pc/shaman/horse/skill_charge.msa	1
PC/ymir work/pc/shaman/effect/go_fragment_3.dds	d:/ymir work/pc/shaman/effect/go_fragment_3.dds	1
PC/ymir work/pc/shaman/effect/gyeokgong_triple_loop_2.jpg	d:/ymir work/pc/shaman/effect/gyeokgong_triple_loop_2.jpg	1
PC/ymir work/pc/sura/onehand_sword/combo_05.msa	d:/ymir work/pc/sura/onehand_sword/combo_05.msa	1
PC/ymir work/pc/shaman/effect/half_ring_rainbow_line.dds	d:/ymir work/pc/shaman/effect/half_ring_rainbow_line.dds	1
PC/ymir work/pc/shaman/skill/byeorak_3.msa	d:/ymir work/pc/shaman/skill/byeorak_3.msa	1
PC/ymir work/pc/shaman/effect/helix copy.dds	d:/ymir work/pc/shaman/effect/helix copy.dds	1
PC/ymir work/pc/shaman/effect/ho copy.dds	d:/ymir work/pc/shaman/effect/ho copy.dds	1
PC/ymir work/pc/shaman/effect/hoe.dds	d:/ymir work/pc/shaman/effect/hoe.dds	1
PC/ymir work/pc/shaman/skill/me.gr2	d:/ymir work/pc/shaman/skill/me.gr2	1
PC/ymir work/pc/warrior/effect/17_3.dds	d:/ymir work/pc/warrior/effect/17_3.dds	1
PC/ymir work/pc/shaman/effect/hwarin_2.dds	d:/ymir work/pc/shaman/effect/hwarin_2.dds	1
PC/ymir work/pc/shaman/effect/jeongeop_2.mse	d:/ymir work/pc/shaman/effect/jeongeop_2.mse	1
PC/ymir work/pc/warrior/warrior_lord_lod_02.gr2	d:/ymir work/pc/warrior/warrior_lord_lod_02.gr2	1
PC/ymir work/pc/shaman/effect/jeongeop_3.mse	d:/ymir work/pc/shaman/effect/jeongeop_3.mse	1
PC/ymir work/pc/shaman/effect/jeungche.mse	d:/ymir work/pc/shaman/effect/jeungche.mse	1
PC/ymir work/pc/sura/effect/geomhwangyeok_2_blow.mse	d:/ymir work/pc/sura/effect/geomhwangyeok_2_blow.mse	1
PC/ymir work/pc/sura/skill/hwayeom.gr2	d:/ymir work/pc/sura/skill/hwayeom.gr2	1
PC/ymir work/pc/shaman/effect/jeungche_making.mse	d:/ymir work/pc/shaman/effect/jeungche_making.mse	1
PC/ymir work/pc/sura/sura_marry_01.gr2	d:/ymir work/pc/sura/sura_marry_01.gr2	1
PC/ymir work/pc/shaman/effect/jeunghon_making.mse	d:/ymir work/pc/shaman/effect/jeunghon_making.mse	1
PC/ymir work/pc/warrior/effect/noegeomdorae_2.mse	d:/ymir work/pc/warrior/effect/noegeomdorae_2.mse	1
PC/ymir work/pc/sura/skill/maryeong.gr2	d:/ymir work/pc/sura/skill/maryeong.gr2	1
PC/ymir work/pc/shaman/effect/jeungryeok_4.mse	d:/ymir work/pc/shaman/effect/jeungryeok_4.mse	1
PC/ymir work/pc/shaman/effect/jeungryeok_hand.mse	d:/ymir work/pc/shaman/effect/jeungryeok_hand.mse	1
PC/ymir work/pc/shaman/effect/jeungryeok_making.mse	d:/ymir work/pc/shaman/effect/jeungryeok_making.mse	1
PC/ymir work/pc/shaman/effect/jeungryeok_making_4.mse	d:/ymir work/pc/shaman/effect/jeungryeok_making_4.mse	1
PC/ymir work/pc/shaman/effect/jeungsok_blow.mse	d:/ymir work/pc/shaman/effect/jeungsok_blow.mse	1
PC/ymir work/pc/shaman/effect/jeungsok_hand.mse	d:/ymir work/pc/shaman/effect/jeungsok_hand.mse	1
PC/ymir work/pc/sura/effect/maryeong_4_throw.msf	d:/ymir work/pc/sura/effect/maryeong_4_throw.msf	1
PC/ymir work/pc/shaman/skill/boho_target.msa	d:/ymir work/pc/shaman/skill/boho_target.msa	1
PC/ymir work/pc/shaman/effect/jigam.dds	d:/ymir work/pc/shaman/effect/jigam.dds	1
PC/ymir work/pc/shaman/general/damage.gr2	d:/ymir work/pc/shaman/general/damage.gr2	1
PC/ymir work/pc/warrior/onehand_sword/attack.gr2	d:/ymir work/pc/warrior/onehand_sword/attack.gr2	1
PC/ymir work/pc/shaman/fan/combo_03.gr2	d:/ymir work/pc/shaman/fan/combo_03.gr2	1
PC/ymir work/pc/shaman/effect/jigam.jpg	d:/ymir work/pc/shaman/effect/jigam.jpg	1
PC/ymir work/pc/shaman/effect/jigam.mse	d:/ymir work/pc/shaman/effect/jigam.mse	1
PC/ymir work/pc/sura/skill/guild_yongsinuichukbok.msa	d:/ymir work/pc/sura/skill/guild_yongsinuichukbok.msa	1
PC/ymir work/pc/shaman/effect/jigam_making.mse	d:/ymir work/pc/shaman/effect/jigam_making.mse	1
PC/ymir work/pc/shaman/effect/jigam_ring.dds	d:/ymir work/pc/shaman/effect/jigam_ring.dds	1
PC/ymir work/pc/sura/effect/dust copy.dds	d:/ymir work/pc/sura/effect/dust copy.dds	1
PC/ymir work/pc/shaman/effect/jigam_ring.jpg	d:/ymir work/pc/shaman/effect/jigam_ring.jpg	1
PC/ymir work/pc/shaman/skill/byeorak_2.msa	d:/ymir work/pc/shaman/skill/byeorak_2.msa	1
PC/ymir work/pc/shaman/effect/jincheonroijeongi.dds	d:/ymir work/pc/shaman/effect/jincheonroijeongi.dds	1
PC/ymir work/pc/shaman/effect/kwaesok_ex.dds	d:/ymir work/pc/shaman/effect/kwaesok_ex.dds	1
PC/ymir work/pc/shaman/effect/line_ring_copy.dds	d:/ymir work/pc/shaman/effect/line_ring_copy.dds	1
PC/ymir work/pc/shaman/effect/ls1_1 copy.dds	d:/ymir work/pc/shaman/effect/ls1_1 copy.dds	1
PC/ymir work/pc/shaman/skill/sinchak_target.msa	d:/ymir work/pc/shaman/skill/sinchak_target.msa	1
PC/ymir work/pc/shaman/effect/noegem_boom.mse	d:/ymir work/pc/shaman/effect/noegem_boom.mse	1
PC/ymir work/pc/warrior/action/cheers_2.gr2	d:/ymir work/pc/warrior/action/cheers_2.gr2	1
PC/ymir work/pc/shaman/effect/noejeon_2_blow.mse	d:/ymir work/pc/shaman/effect/noejeon_2_blow.mse	1
PC/ymir work/pc/shaman/effect/noejeon_2_making.mse	d:/ymir work/pc/shaman/effect/noejeon_2_making.mse	1
PC/ymir work/pc/warrior/effect/gyeokgongjang_2.mse	d:/ymir work/pc/warrior/effect/gyeokgongjang_2.mse	1
PC/ymir work/pc/shaman/effect/noejeon_2_throw.mse	d:/ymir work/pc/shaman/effect/noejeon_2_throw.mse	1
PC/ymir work/pc/shaman/effect/pokroe_4_throw.mse	d:/ymir work/pc/shaman/effect/pokroe_4_throw.mse	1
PC/ymir work/pc/sura/skill/geompung.msa	d:/ymir work/pc/sura/skill/geompung.msa	1
PC/ymir work/pc/shaman/effect/noejeon_3_making.mse	d:/ymir work/pc/shaman/effect/noejeon_3_making.mse	1
PC/ymir work/pc/shaman/effect/noejeon_4.msf	d:/ymir work/pc/shaman/effect/noejeon_4.msf	1
PC/ymir work/pc/sura/effect/feared.dds	d:/ymir work/pc/sura/effect/feared.dds	1
PC/ymir work/pc/shaman/effect/noejeon_4_making.mse	d:/ymir work/pc/shaman/effect/noejeon_4_making.mse	1
PC/ymir work/pc/shaman/effect/noejeon_making.mse	d:/ymir work/pc/shaman/effect/noejeon_making.mse	1
PC/ymir work/pc/shaman/effect/noejeon_throw.mse	d:/ymir work/pc/shaman/effect/noejeon_throw.mse	1
PC/ymir work/pc/shaman/effect/noejeon_throw.msf	d:/ymir work/pc/shaman/effect/noejeon_throw.msf	1
PC/ymir work/pc/shaman/effect/noejeonryeong.mde	d:/ymir work/pc/shaman/effect/noejeonryeong.mde	1
PC/ymir work/pc/shaman/effect/nwaejeonryeong copy.dds	d:/ymir work/pc/shaman/effect/nwaejeonryeong copy.dds	1
PC/ymir work/pc/sura/effect/jeoju_throw.msf	d:/ymir work/pc/sura/effect/jeoju_throw.msf	1
PC/ymir work/pc/shaman/effect/outhalfcircle.dds	d:/ymir work/pc/shaman/effect/outhalfcircle.dds	1
PC/ymir work/pc/sura/onehand_sword/rampage_02.msa	d:/ymir work/pc/sura/onehand_sword/rampage_02.msa	1
PC/ymir work/pc/shaman/effect/paeryong.msf	d:/ymir work/pc/shaman/effect/paeryong.msf	1
PC/ymir work/pc/shaman/effect/paeryong_3.mse	d:/ymir work/pc/shaman/effect/paeryong_3.mse	1
PC/ymir work/pc/shaman/fan/combo_06.gr2	d:/ymir work/pc/shaman/fan/combo_06.gr2	1
PC/ymir work/pc/shaman/effect/paeryong_4.mse	d:/ymir work/pc/shaman/effect/paeryong_4.mse	1
PC/ymir work/pc/shaman/effect/pokroe.mde	d:/ymir work/pc/shaman/effect/pokroe.mde	1
PC/ymir work/pc/shaman/effect/pokroe_2_boom.mse	d:/ymir work/pc/shaman/effect/pokroe_2_boom.mse	1
PC/ymir work/pc/shaman/skill/jeungryeok_2.msa	d:/ymir work/pc/shaman/skill/jeungryeok_2.msa	1
PC/ymir work/pc/shaman/effect/pokroe_3.msf	d:/ymir work/pc/shaman/effect/pokroe_3.msf	1
PC/ymir work/pc/shaman/effect/pokroe_3_boom.mse	d:/ymir work/pc/shaman/effect/pokroe_3_boom.mse	1
PC/ymir work/pc/warrior/effect/noegeomdorae_3.mse	d:/ymir work/pc/warrior/effect/noegeomdorae_3.mse	1
PC/ymir work/pc/shaman/effect/pokroe_3_making.mse	d:/ymir work/pc/shaman/effect/pokroe_3_making.mse	1
PC/ymir work/pc/shaman/effect/yongpa_2.mse	d:/ymir work/pc/shaman/effect/yongpa_2.mse	1
PC/ymir work/pc/shaman/effect/pokroe_3_throw.mse	d:/ymir work/pc/shaman/effect/pokroe_3_throw.mse	1
PC/ymir work/pc/warrior/horse_onehand_sword/skill_wildattack.gr2	d:/ymir work/pc/warrior/horse_onehand_sword/skill_wildattack.gr2	1
PC/ymir work/pc/warrior/horse_onehand_sword/skill_splash.msa	d:/ymir work/pc/warrior/horse_onehand_sword/skill_splash.msa	1
PC/ymir work/pc/shaman/effect/pokroe_4_boom.mse	d:/ymir work/pc/shaman/effect/pokroe_4_boom.mse	1
PC/ymir work/pc/shaman/effect/pokroe_4_making.mse	d:/ymir work/pc/shaman/effect/pokroe_4_making.mse	1
PC/ymir work/pc/shaman/effect/pokroe_a.mse	d:/ymir work/pc/shaman/effect/pokroe_a.mse	1
PC/ymir work/pc/shaman/effect/r0001.dds	d:/ymir work/pc/shaman/effect/r0001.dds	1
PC/ymir work/pc/shaman/effect/r0002.dds	d:/ymir work/pc/shaman/effect/r0002.dds	1
PC/ymir work/pc/sura/horse/run.gr2	d:/ymir work/pc/sura/horse/run.gr2	1
PC/ymir work/pc/shaman/effect/r0003.dds	d:/ymir work/pc/shaman/effect/r0003.dds	1
PC/ymir work/pc/shaman/general/dig.gr2	d:/ymir work/pc/shaman/general/dig.gr2	1
PC/ymir work/pc/shaman/effect/r0005.dds	d:/ymir work/pc/shaman/effect/r0005.dds	1
PC/ymir work/pc/shaman/effect/r0006.dds	d:/ymir work/pc/shaman/effect/r0006.dds	1
PC/ymir work/pc/shaman/effect/roundpattern.dds	d:/ymir work/pc/shaman/effect/roundpattern.dds	1
PC/ymir work/pc/shaman/effect/roundpin.dds	d:/ymir work/pc/shaman/effect/roundpin.dds	1
PC/ymir work/pc/shaman/effect/rounduppattern.dds	d:/ymir work/pc/shaman/effect/rounduppattern.dds	1
PC/ymir work/pc/shaman/effect/ryeok.dds	d:/ymir work/pc/shaman/effect/ryeok.dds	1
PC/ymir work/pc/shaman/effect/sa_za_hu_inter_pasthit6.dds	d:/ymir work/pc/shaman/effect/sa_za_hu_inter_pasthit6.dds	1
PC/ymir work/pc/shaman/effect/shamanblackdust.dds	d:/ymir work/pc/shaman/effect/shamanblackdust.dds	1
PC/ymir work/pc/shaman/effect/wind.dds	d:/ymir work/pc/shaman/effect/wind.dds	1
PC/ymir work/pc/shaman/effect/shamanburn.dds	d:/ymir work/pc/shaman/effect/shamanburn.dds	1
PC/ymir work/pc/shaman/general/pick_up.gr2	d:/ymir work/pc/shaman/general/pick_up.gr2	1
PC/ymir work/pc/shaman/effect/shamandust.dds	d:/ymir work/pc/shaman/effect/shamandust.dds	1
PC/ymir work/pc/shaman/skill/sinchak.msk	d:/ymir work/pc/shaman/skill/sinchak.msk	1
PC/ymir work/pc/shaman/effect/shin.dds	d:/ymir work/pc/shaman/effect/shin.dds	1
PC/ymir work/pc/shaman/skill/paeryong_5.msa	d:/ymir work/pc/shaman/skill/paeryong_5.msa	1
PC/ymir work/pc/shaman/effect/sinchak.mse	d:/ymir work/pc/shaman/effect/sinchak.mse	1
PC/ymir work/pc/shaman/effect/sinchak_loop.mse	d:/ymir work/pc/shaman/effect/sinchak_loop.mse	1
PC/ymir work/pc/shaman/effect/skin.dds	d:/ymir work/pc/shaman/effect/skin.dds	1
PC/ymir work/pc/warrior/skill/palbang.gr2	d:/ymir work/pc/warrior/skill/palbang.gr2	1
PC/ymir work/pc/shaman/effect/so.dds	d:/ymir work/pc/shaman/effect/so.dds	1
PC/ymir work/pc/sura/effect/muyeong_blow.mse	d:/ymir work/pc/sura/effect/muyeong_blow.mse	1
PC/ymir work/pc/shaman/effect/sohwan_helix.mde	d:/ymir work/pc/shaman/effect/sohwan_helix.mde	1
PC/ymir work/pc/shaman/effect/splitlife_akkan_combat4.dds	d:/ymir work/pc/shaman/effect/splitlife_akkan_combat4.dds	1
PC/ymir work/pc/shaman/effect/spread copy.dds	d:/ymir work/pc/shaman/effect/spread copy.dds	1
PC/ymir work/pc/shaman/horse_fan/combo_02.gr2	d:/ymir work/pc/shaman/horse_fan/combo_02.gr2	1
PC/ymir work/pc/shaman/effect/spread.mse	d:/ymir work/pc/shaman/effect/spread.mse	1
PC/ymir work/pc/sura/hair/hair_1_3.dds	d:/ymir work/pc/sura/hair/hair_1_3.dds	1
PC/ymir work/pc/shaman/effect/su copy.dds	d:/ymir work/pc/shaman/effect/su copy.dds	1
PC/ymir work/pc/warrior/effect/gihyeol_2.mse	d:/ymir work/pc/warrior/effect/gihyeol_2.mse	1
PC/ymir work/pc/shaman/effect/twirl.dds	d:/ymir work/pc/shaman/effect/twirl.dds	1
PC/ymir work/pc/shaman/effect/twirl_line.dds	d:/ymir work/pc/shaman/effect/twirl_line.dds	1
PC/ymir work/pc/sura/effect/jumagap_3_making.mse	d:/ymir work/pc/sura/effect/jumagap_3_making.mse	1
PC/ymir work/pc/shaman/fan/combo_05.gr2	d:/ymir work/pc/shaman/fan/combo_05.gr2	1
PC/ymir work/pc/shaman/effect/twirl_white.dds	d:/ymir work/pc/shaman/effect/twirl_white.dds	1
PC/ymir work/pc/shaman/effect/w_ring.dds	d:/ymir work/pc/shaman/effect/w_ring.dds	1
PC/ymir work/pc/shaman/hair/hair_4_2.dds	d:/ymir work/pc/shaman/hair/hair_4_2.dds	1
PC/ymir work/pc/warrior/intro/wait.gr2	d:/ymir work/pc/warrior/intro/wait.gr2	1
PC/ymir work/pc/shaman/effect/white_sphere.dds	d:/ymir work/pc/shaman/effect/white_sphere.dds	1
PC/ymir work/pc/shaman/skill/jeongeop_me.msa	d:/ymir work/pc/shaman/skill/jeongeop_me.msa	1
PC/ymir work/pc/sura/action/dance_3.msa	d:/ymir work/pc/sura/action/dance_3.msa	1
PC/ymir work/pc/shaman/effect/white_sphere.jpg	d:/ymir work/pc/shaman/effect/white_sphere.jpg	1
PC/ymir work/pc/shaman/effect/whitehole_sphere.jpg	d:/ymir work/pc/shaman/effect/whitehole_sphere.jpg	1
PC/ymir work/pc/sura/effect/geongon.mse	d:/ymir work/pc/sura/effect/geongon.mse	1
PC/ymir work/pc/sura/sura_biun.dds	d:/ymir work/pc/sura/sura_biun.dds	1
PC/ymir work/pc/shaman/effect/wind_1.dds	d:/ymir work/pc/shaman/effect/wind_1.dds	1
PC/ymir work/pc/shaman/effect/wind_1.jpg	d:/ymir work/pc/shaman/effect/wind_1.jpg	1
PC/ymir work/pc/shaman/effect/won.dds	d:/ymir work/pc/shaman/effect/won.dds	1
PC/ymir work/pc/shaman/fan/walk.msa	d:/ymir work/pc/shaman/fan/walk.msa	1
PC/ymir work/pc/sura/skill/guild_gasokhwa.msa	d:/ymir work/pc/sura/skill/guild_gasokhwa.msa	1
PC/ymir work/pc/shaman/effect/wonsin.mse	d:/ymir work/pc/shaman/effect/wonsin.mse	1
PC/ymir work/pc/sura/action/joy.msa	d:/ymir work/pc/sura/action/joy.msa	1
PC/ymir work/pc/shaman/effect/wonsin_hand.mse	d:/ymir work/pc/shaman/effect/wonsin_hand.mse	1
PC/ymir work/pc/shaman/skill/daejeongeop_me.msa	d:/ymir work/pc/shaman/skill/daejeongeop_me.msa	1
PC/ymir work/pc/shaman/effect/wonsin_making.mse	d:/ymir work/pc/shaman/effect/wonsin_making.mse	1
PC/ymir work/pc/shaman/effect/yeongi.dds	d:/ymir work/pc/shaman/effect/yeongi.dds	1
PC/ymir work/pc/sura/effect/maryeong_2_throw.mse	d:/ymir work/pc/sura/effect/maryeong_2_throw.mse	1
PC/ymir work/pc/shaman/hair/hair_3_3.gr2	d:/ymir work/pc/shaman/hair/hair_3_3.gr2	1
PC/ymir work/pc/sura/effect/lens_orange.dds	d:/ymir work/pc/sura/effect/lens_orange.dds	1
PC/ymir work/pc/shaman/effect/yong_gwon_pa.dds	d:/ymir work/pc/shaman/effect/yong_gwon_pa.dds	1
PC/ymir work/pc/shaman/effect/yongpa.mse	d:/ymir work/pc/shaman/effect/yongpa.mse	1
PC/ymir work/pc/warrior/effect/palbang_3_sword.mse	d:/ymir work/pc/warrior/effect/palbang_3_sword.mse	1
PC/ymir work/pc/shaman/effect/yongpa_2.msf	d:/ymir work/pc/shaman/effect/yongpa_2.msf	1
PC/ymir work/pc/shaman/effect/yongpa_2_head.mse	d:/ymir work/pc/shaman/effect/yongpa_2_head.mse	1
PC/ymir work/pc/warrior/warrior_marry_01.dds	d:/ymir work/pc/warrior/warrior_marry_01.dds	1
PC/ymir work/pc/shaman/effect/yongpa_2_yong.mse	d:/ymir work/pc/shaman/effect/yongpa_2_yong.mse	1
PC/ymir work/pc/shaman/effect/yongpa_3.msf	d:/ymir work/pc/shaman/effect/yongpa_3.msf	1
PC/ymir work/pc/sura/effect/zigzag.dds	d:/ymir work/pc/sura/effect/zigzag.dds	1
PC/ymir work/pc/shaman/effect/yongpa_3_head.mse	d:/ymir work/pc/shaman/effect/yongpa_3_head.mse	1
PC/ymir work/pc/shaman/effect/yongpa_3_yong.mse	d:/ymir work/pc/shaman/effect/yongpa_3_yong.mse	1
PC/ymir work/pc/shaman/hair/hair_2_3.dds	d:/ymir work/pc/shaman/hair/hair_2_3.dds	1
PC/ymir work/pc/shaman/general/wait.msa	d:/ymir work/pc/shaman/general/wait.msa	1
PC/ymir work/pc/shaman/effect/yongpa_4_yong.mse	d:/ymir work/pc/shaman/effect/yongpa_4_yong.mse	1
PC/ymir work/pc/shaman/effect/yongsin_start.mse	d:/ymir work/pc/shaman/effect/yongsin_start.mse	1
PC/ymir work/pc/warrior/warrior_hair_01_gold.dds	d:/ymir work/pc/warrior/warrior_hair_01_gold.dds	1
PC/ymir work/pc/shaman/fan/change_weapon.gr2	d:/ymir work/pc/shaman/fan/change_weapon.gr2	1
PC/ymir work/pc/shaman/fan/combo_01.gr2	d:/ymir work/pc/shaman/fan/combo_01.gr2	1
PC/ymir work/pc/shaman/fan/combo_02.gr2	d:/ymir work/pc/shaman/fan/combo_02.gr2	1
PC/ymir work/pc/warrior/onehand_sword/combo_05.gr2	d:/ymir work/pc/warrior/onehand_sword/combo_05.gr2	1
PC/ymir work/pc/shaman/intro/selected.msa	d:/ymir work/pc/shaman/intro/selected.msa	1
PC/ymir work/pc/shaman/fan/combo_02.msa	d:/ymir work/pc/shaman/fan/combo_02.msa	1
PC/ymir work/pc/sura/skill/jumagap_3.msa	d:/ymir work/pc/sura/skill/jumagap_3.msa	1
PC/ymir work/pc/shaman/fan/combo_04.gr2	d:/ymir work/pc/shaman/fan/combo_04.gr2	1
PC/ymir work/pc/shaman/fan/combo_05.msa	d:/ymir work/pc/shaman/fan/combo_05.msa	1
PC/ymir work/pc/shaman/fan/combo_07.gr2	d:/ymir work/pc/shaman/fan/combo_07.gr2	1
PC/ymir work/pc/shaman/fan/damage.gr2	d:/ymir work/pc/shaman/fan/damage.gr2	1
PC/ymir work/pc/shaman/fan/damage_1.msa	d:/ymir work/pc/shaman/fan/damage_1.msa	1
PC/ymir work/pc/shaman/fan/damage_2.gr2	d:/ymir work/pc/shaman/fan/damage_2.gr2	1
PC/ymir work/pc/sura/hair/hair_1_4.gr2	d:/ymir work/pc/sura/hair/hair_1_4.gr2	1
PC/ymir work/pc/shaman/fan/damage_3.msa	d:/ymir work/pc/shaman/fan/damage_3.msa	1
PC/ymir work/pc/shaman/skill/kwaesok_3.msa	d:/ymir work/pc/shaman/skill/kwaesok_3.msa	1
PC/ymir work/pc/warrior/effect/geompung_3.mse	d:/ymir work/pc/warrior/effect/geompung_3.mse	1
PC/ymir work/pc/shaman/fan/pick_up.gr2	d:/ymir work/pc/shaman/fan/pick_up.gr2	1
PC/ymir work/pc/shaman/fan/pick_up.msa	d:/ymir work/pc/shaman/fan/pick_up.msa	1
PC/ymir work/pc/shaman/fan/rampage.msa	d:/ymir work/pc/shaman/fan/rampage.msa	1
PC/ymir work/pc/shaman/fan/rampage_01.gr2	d:/ymir work/pc/shaman/fan/rampage_01.gr2	1
PC/ymir work/pc/shaman/skill/kwaesok.msk	d:/ymir work/pc/shaman/skill/kwaesok.msk	1
PC/ymir work/pc/shaman/fan/rampage_01.msa	d:/ymir work/pc/shaman/fan/rampage_01.msa	1
PC/ymir work/pc/sura/effect/shwe_ryoung _ji_core_edge copy.dds	d:/ymir work/pc/sura/effect/shwe_ryoung _ji_core_edge copy.dds	1
PC/ymir work/pc/shaman/fan/rampage_02.gr2	d:/ymir work/pc/shaman/fan/rampage_02.gr2	1
PC/ymir work/pc/shaman/fan/rampage_02.msa	d:/ymir work/pc/shaman/fan/rampage_02.msa	1
PC/ymir work/pc/shaman/fan/wait.msa	d:/ymir work/pc/shaman/fan/wait.msa	1
PC/ymir work/pc/warrior/effect/jipjung_making.mse	d:/ymir work/pc/warrior/effect/jipjung_making.mse	1
PC/ymir work/pc/sura/action/kiss_with_warrior.msa	d:/ymir work/pc/sura/action/kiss_with_warrior.msa	1
PC/ymir work/pc/shaman/fan/walk.gr2	d:/ymir work/pc/shaman/fan/walk.gr2	1
PC/ymir work/pc/shaman/fishing/fishing_cancel.gr2	d:/ymir work/pc/shaman/fishing/fishing_cancel.gr2	1
PC/ymir work/pc/shaman/skill/target.gr2	d:/ymir work/pc/shaman/skill/target.gr2	1
PC/ymir work/pc/warrior/skill/gitu.msa	d:/ymir work/pc/warrior/skill/gitu.msa	1
PC/ymir work/pc/shaman/fishing/fishing_catch.gr2	d:/ymir work/pc/shaman/fishing/fishing_catch.gr2	1
PC/ymir work/pc/sura/horse_onehand_sword/combo_01.gr2	d:/ymir work/pc/sura/horse_onehand_sword/combo_01.gr2	1
PC/ymir work/pc/shaman/fishing/fishing_fail.gr2	d:/ymir work/pc/shaman/fishing/fishing_fail.gr2	1
PC/ymir work/pc/warrior/effect/kwaegeom.dds	d:/ymir work/pc/warrior/effect/kwaegeom.dds	1
PC/ymir work/pc/shaman/fishing/fishing_fail.msa	d:/ymir work/pc/shaman/fishing/fishing_fail.msa	1
PC/ymir work/pc/shaman/fishing/fishing_react.msa	d:/ymir work/pc/shaman/fishing/fishing_react.msa	1
PC/ymir work/pc/sura/sura_4-1_lod_03.gr2	d:/ymir work/pc/sura/sura_4-1_lod_03.gr2	1
PC/ymir work/pc/shaman/fishing/fishing_wait.gr2	d:/ymir work/pc/shaman/fishing/fishing_wait.gr2	1
PC/ymir work/pc/sura/skill/geomhwan.gr2	d:/ymir work/pc/sura/skill/geomhwan.gr2	1
PC/ymir work/pc/shaman/fishing/run.gr2	d:/ymir work/pc/shaman/fishing/run.gr2	1
PC/ymir work/pc/sura/effect/jo_hon_heup_jeung.dds	d:/ymir work/pc/sura/effect/jo_hon_heup_jeung.dds	1
PC/ymir work/pc/warrior/effect/gihyeol_3_sword.mse	d:/ymir work/pc/warrior/effect/gihyeol_3_sword.mse	1
PC/ymir work/pc/shaman/fishing/throw.gr2	d:/ymir work/pc/shaman/fishing/throw.gr2	1
PC/ymir work/pc/shaman/fishing/throw.msa	d:/ymir work/pc/shaman/fishing/throw.msa	1
PC/ymir work/pc/warrior/twohand_sword/run.msa	d:/ymir work/pc/warrior/twohand_sword/run.msa	1
PC/ymir work/pc/shaman/fishing/walk.gr2	d:/ymir work/pc/shaman/fishing/walk.gr2	1
PC/ymir work/pc/shaman/fishing/walk.msa	d:/ymir work/pc/shaman/fishing/walk.msa	1
PC/ymir work/pc/sura/effect/v_ball_ring copy.dds	d:/ymir work/pc/sura/effect/v_ball_ring copy.dds	1
PC/ymir work/pc/warrior/twohand_sword/combo_07.msa	d:/ymir work/pc/warrior/twohand_sword/combo_07.msa	1
PC/ymir work/pc/shaman/general/attack.msa	d:/ymir work/pc/shaman/general/attack.msa	1
PC/ymir work/pc/warrior/general/damage.msa	d:/ymir work/pc/warrior/general/damage.msa	1
PC/ymir work/pc/shaman/general/back_falling_stand.gr2	d:/ymir work/pc/shaman/general/back_falling_stand.gr2	1
PC/ymir work/pc/shaman/general/damage_1.msa	d:/ymir work/pc/shaman/general/damage_1.msa	1
PC/ymir work/pc/shaman/general/damage_2.gr2	d:/ymir work/pc/shaman/general/damage_2.gr2	1
PC/ymir work/pc/shaman/general/damage_3.gr2	d:/ymir work/pc/shaman/general/damage_3.gr2	1
PC/ymir work/pc/shaman/general/dead.gr2	d:/ymir work/pc/shaman/general/dead.gr2	1
PC/ymir work/pc/shaman/general/dead.msa	d:/ymir work/pc/shaman/general/dead.msa	1
PC/ymir work/pc/shaman/general/dig.msa	d:/ymir work/pc/shaman/general/dig.msa	1
PC/ymir work/pc/shaman/general/falling_stand.gr2	d:/ymir work/pc/shaman/general/falling_stand.gr2	1
PC/ymir work/pc/sura/sura_4-1.dds	d:/ymir work/pc/sura/sura_4-1.dds	1
PC/ymir work/pc/shaman/wedding/wait.gr2	d:/ymir work/pc/shaman/wedding/wait.gr2	1
PC/ymir work/pc/shaman/general/pick_up.msa	d:/ymir work/pc/shaman/general/pick_up.msa	1
PC/ymir work/pc/sura/general/dead.gr2	d:/ymir work/pc/sura/general/dead.gr2	1
PC/ymir work/pc/shaman/general/run.gr2	d:/ymir work/pc/shaman/general/run.gr2	1
PC/ymir work/pc/shaman/general/run.msa	d:/ymir work/pc/shaman/general/run.msa	1
PC/ymir work/pc/shaman/general/wait.gr2	d:/ymir work/pc/shaman/general/wait.gr2	1
PC/ymir work/pc/shaman/general/walk.gr2	d:/ymir work/pc/shaman/general/walk.gr2	1
PC/ymir work/pc/shaman/general/walk.msa	d:/ymir work/pc/shaman/general/walk.msa	1
PC/ymir work/pc/shaman/hair/hair_1_2.dds	d:/ymir work/pc/shaman/hair/hair_1_2.dds	1
PC/ymir work/pc/sura/effect/geomhwan_2_throw.msf	d:/ymir work/pc/sura/effect/geomhwan_2_throw.msf	1
PC/ymir work/pc/shaman/hair/hair_1_3.gr2	d:/ymir work/pc/shaman/hair/hair_1_3.gr2	1
PC/ymir work/pc/sura/action/kiss_with_warrior.gr2	d:/ymir work/pc/sura/action/kiss_with_warrior.gr2	1
PC/ymir work/pc/shaman/hair/hair_1_4.dds	d:/ymir work/pc/shaman/hair/hair_1_4.dds	1
PC/ymir work/pc/sura/general/walk.msa	d:/ymir work/pc/sura/general/walk.msa	1
PC/ymir work/pc/sura/effect/tusok_making.mse	d:/ymir work/pc/sura/effect/tusok_making.mse	1
PC/ymir work/pc/shaman/hair/hair_2_1.dds	d:/ymir work/pc/shaman/hair/hair_2_1.dds	1
PC/ymir work/pc/shaman/hair/hair_2_1.gr2	d:/ymir work/pc/shaman/hair/hair_2_1.gr2	1
PC/ymir work/pc/shaman/hair/hair_2_2.dds	d:/ymir work/pc/shaman/hair/hair_2_2.dds	1
PC/ymir work/pc/shaman/hair/hair_2_2.gr2	d:/ymir work/pc/shaman/hair/hair_2_2.gr2	1
PC/ymir work/pc/shaman/hair/hair_2_3.gr2	d:/ymir work/pc/shaman/hair/hair_2_3.gr2	1
PC/ymir work/pc/sura/effect/yong_gwon_pa_ring copy.dds	d:/ymir work/pc/sura/effect/yong_gwon_pa_ring copy.dds	1
PC/ymir work/pc/shaman/hair/hair_2_4.dds	d:/ymir work/pc/shaman/hair/hair_2_4.dds	1
PC/ymir work/pc/sura/effect/gwigeom_make.mse	d:/ymir work/pc/sura/effect/gwigeom_make.mse	1
PC/ymir work/pc/shaman/hair/hair_3_2.dds	d:/ymir work/pc/shaman/hair/hair_3_2.dds	1
PC/ymir work/pc/shaman/hair/hair_3_2.gr2	d:/ymir work/pc/shaman/hair/hair_3_2.gr2	1
PC/ymir work/pc/sura/effect/ee_s.dds	d:/ymir work/pc/sura/effect/ee_s.dds	1
PC/ymir work/pc/shaman/hair/hair_3_4.gr2	d:/ymir work/pc/shaman/hair/hair_3_4.gr2	1
PC/ymir work/pc/shaman/horse/run.msa	d:/ymir work/pc/shaman/horse/run.msa	1
PC/ymir work/pc/shaman/horse/damage.msa	d:/ymir work/pc/shaman/horse/damage.msa	1
PC/ymir work/pc/warrior/skill/gihyeol_4.msa	d:/ymir work/pc/warrior/skill/gihyeol_4.msa	1
PC/ymir work/pc/shaman/horse/dead.gr2	d:/ymir work/pc/shaman/horse/dead.gr2	1
PC/ymir work/pc/warrior/effect/bottom_under.dds	d:/ymir work/pc/warrior/effect/bottom_under.dds	1
PC/ymir work/pc/shaman/horse/run.gr2	d:/ymir work/pc/shaman/horse/run.gr2	1
PC/ymir work/pc/shaman/horse/skill_charge.gr2	d:/ymir work/pc/shaman/horse/skill_charge.gr2	1
PC/ymir work/pc/shaman/horse/stop.gr2	d:/ymir work/pc/shaman/horse/stop.gr2	1
PC/ymir work/pc/shaman/horse/wait_1.gr2	d:/ymir work/pc/shaman/horse/wait_1.gr2	1
PC/ymir work/pc/shaman/horse/wait_1.msa	d:/ymir work/pc/shaman/horse/wait_1.msa	1
PC/ymir work/pc/shaman/horse/wait_2.msa	d:/ymir work/pc/shaman/horse/wait_2.msa	1
PC/ymir work/pc/shaman/skill/sohwan.msa	d:/ymir work/pc/shaman/skill/sohwan.msa	1
PC/ymir work/pc/sura/sura_4-1_lod_02.gr2	d:/ymir work/pc/sura/sura_4-1_lod_02.gr2	1
PC/ymir work/pc/shaman/horse/walk.gr2	d:/ymir work/pc/shaman/horse/walk.gr2	1
PC/ymir work/pc/shaman/horse_bell/combo_01.msa	d:/ymir work/pc/shaman/horse_bell/combo_01.msa	1
PC/ymir work/pc/shaman/horse_bell/combo_02.gr2	d:/ymir work/pc/shaman/horse_bell/combo_02.gr2	1
PC/ymir work/pc/shaman/horse_bell/combo_02.msa	d:/ymir work/pc/shaman/horse_bell/combo_02.msa	1
PC/ymir work/pc/sura/effect/pa_beop_ball.mde	d:/ymir work/pc/sura/effect/pa_beop_ball.mde	1
PC/ymir work/pc/shaman/horse_bell/combo_03.gr2	d:/ymir work/pc/shaman/horse_bell/combo_03.gr2	1
PC/ymir work/pc/shaman/horse_bell/combo_03.msa	d:/ymir work/pc/shaman/horse_bell/combo_03.msa	1
PC/ymir work/pc/warrior/intro/not_selected.msa	d:/ymir work/pc/warrior/intro/not_selected.msa	1
PC/ymir work/pc/shaman/horse_bell/skill_wildattack.msa	d:/ymir work/pc/shaman/horse_bell/skill_wildattack.msa	1
PC/ymir work/pc/shaman/horse_fan/combo_01.gr2	d:/ymir work/pc/shaman/horse_fan/combo_01.gr2	1
PC/ymir work/pc/shaman/horse_fan/combo_01.msa	d:/ymir work/pc/shaman/horse_fan/combo_01.msa	1
PC/ymir work/pc/sura/general/damage_2.gr2	d:/ymir work/pc/sura/general/damage_2.gr2	1
PC/ymir work/pc/shaman/horse_fan/skill_wildattack.gr2	d:/ymir work/pc/shaman/horse_fan/skill_wildattack.gr2	1
PC/ymir work/pc/warrior/horse/walk.gr2	d:/ymir work/pc/warrior/horse/walk.gr2	1
PC/ymir work/pc/shaman/intro/wait.msa	d:/ymir work/pc/shaman/intro/wait.msa	1
PC/ymir work/pc/sura/effect/pabeopsul_4_blow.mse	d:/ymir work/pc/sura/effect/pabeopsul_4_blow.mse	1
PC/ymir work/pc/shaman/skill/bansa.msk	d:/ymir work/pc/shaman/skill/bansa.msk	1
PC/ymir work/pc/sura/effect/maryeong_throw.mse	d:/ymir work/pc/sura/effect/maryeong_throw.mse	1
PC/ymir work/pc/shaman/skill/bipabu.msa	d:/ymir work/pc/shaman/skill/bipabu.msa	1
PC/ymir work/pc/shaman/skill/bipabu_2.msa	d:/ymir work/pc/shaman/skill/bipabu_2.msa	1
PC/ymir work/pc/shaman/skill/bipabu_4.msa	d:/ymir work/pc/shaman/skill/bipabu_4.msa	1
PC/ymir work/pc/shaman/skill/boho_2.msa	d:/ymir work/pc/shaman/skill/boho_2.msa	1
PC/ymir work/pc/shaman/skill/boho_4.msa	d:/ymir work/pc/shaman/skill/boho_4.msa	1
PC/ymir work/pc/shaman/skill/boho_me.msa	d:/ymir work/pc/shaman/skill/boho_me.msa	1
PC/ymir work/pc/shaman/skill/budong.msa	d:/ymir work/pc/shaman/skill/budong.msa	1
PC/ymir work/pc/shaman/skill/budong_3.msa	d:/ymir work/pc/shaman/skill/budong_3.msa	1
PC/ymir work/pc/shaman/skill/byeorak.msa	d:/ymir work/pc/shaman/skill/byeorak.msa	1
PC/ymir work/pc/shaman/skill/byeorak_4.msa	d:/ymir work/pc/shaman/skill/byeorak_4.msa	1
PC/ymir work/pc/shaman/skill/byeorak_5.msa	d:/ymir work/pc/shaman/skill/byeorak_5.msa	1
PC/ymir work/pc/shaman/skill/chojeon.msk	d:/ymir work/pc/shaman/skill/chojeon.msk	1
PC/ymir work/pc/shaman/skill/daejeongeop_target.msa	d:/ymir work/pc/shaman/skill/daejeongeop_target.msa	1
PC/ymir work/pc/shaman/skill/gicheon_2.msa	d:/ymir work/pc/shaman/skill/gicheon_2.msa	1
PC/ymir work/pc/sura/onehand_sword/run.msa	d:/ymir work/pc/sura/onehand_sword/run.msa	1
PC/ymir work/pc/shaman/skill/gicheon_3.msa	d:/ymir work/pc/shaman/skill/gicheon_3.msa	1
PC/ymir work/pc/shaman/skill/gicheon_4.msa	d:/ymir work/pc/shaman/skill/gicheon_4.msa	1
PC/ymir work/pc/shaman/skill/gicheon_5.msa	d:/ymir work/pc/shaman/skill/gicheon_5.msa	1
PC/ymir work/pc/shaman/skill/jigam.msk	d:/ymir work/pc/shaman/skill/jigam.msk	1
PC/ymir work/pc/shaman/skill/gicheon_me.msa	d:/ymir work/pc/shaman/skill/gicheon_me.msa	1
PC/ymir work/pc/shaman/skill/gicheon_target.msa	d:/ymir work/pc/shaman/skill/gicheon_target.msa	1
PC/ymir work/pc/warrior/warrior_moryong.dds	d:/ymir work/pc/warrior/warrior_moryong.dds	1
PC/ymir work/pc/shaman/skill/guild_jumunsul.msa	d:/ymir work/pc/shaman/skill/guild_jumunsul.msa	1
PC/ymir work/pc/shaman/skill/guild_yongsinuibunno.msa	d:/ymir work/pc/shaman/skill/guild_yongsinuibunno.msa	1
PC/ymir work/pc/sura/effect/pabeopsul_throw.mse	d:/ymir work/pc/sura/effect/pabeopsul_throw.mse	1
PC/ymir work/pc/shaman/skill/guild_yongsinuichukbok.msa	d:/ymir work/pc/shaman/skill/guild_yongsinuichukbok.msa	1
PC/ymir work/pc/sura/horse/wait_2.msa	d:/ymir work/pc/sura/horse/wait_2.msa	1
PC/ymir work/pc/sura/effect/maryeong_2_throw.msf	d:/ymir work/pc/sura/effect/maryeong_2_throw.msf	1
PC/ymir work/pc/sura/effect/yonggwonpabig.mde	d:/ymir work/pc/sura/effect/yonggwonpabig.mde	1
PC/ymir work/pc/shaman/skill/guild_yongsinuipi.msa	d:/ymir work/pc/shaman/skill/guild_yongsinuipi.msa	1
PC/ymir work/pc/shaman/skill/jeungche_me.msa	d:/ymir work/pc/shaman/skill/jeungche_me.msa	1
PC/ymir work/pc/shaman/skill/gwihwan.msa	d:/ymir work/pc/shaman/skill/gwihwan.msa	1
PC/ymir work/pc/sura/effect/hyeolhwan.mse	d:/ymir work/pc/sura/effect/hyeolhwan.mse	1
PC/ymir work/pc/shaman/skill/hosin.msk	d:/ymir work/pc/shaman/skill/hosin.msk	1
PC/ymir work/pc/shaman/skill/hosin_2.msa	d:/ymir work/pc/shaman/skill/hosin_2.msa	1
PC/ymir work/pc/shaman/skill/hosin_target.msa	d:/ymir work/pc/shaman/skill/hosin_target.msa	1
PC/ymir work/pc/shaman/skill/jeongeop_3.msa	d:/ymir work/pc/shaman/skill/jeongeop_3.msa	1
PC/ymir work/pc/warrior/hair/hair_1_3.dds	d:/ymir work/pc/warrior/hair/hair_1_3.dds	1
PC/ymir work/pc/shaman/skill/jeongeop_4.msa	d:/ymir work/pc/shaman/skill/jeongeop_4.msa	1
PC/ymir work/pc/shaman/skill/jeongeop_5.msa	d:/ymir work/pc/shaman/skill/jeongeop_5.msa	1
PC/ymir work/pc/shaman/skill/jeongeop_target.msa	d:/ymir work/pc/shaman/skill/jeongeop_target.msa	1
PC/ymir work/pc/sura/effect/yong_gwon_pa copy.dds	d:/ymir work/pc/sura/effect/yong_gwon_pa copy.dds	1
PC/ymir work/pc/sura/sura_1-2_mageuk_a.dds	d:/ymir work/pc/sura/sura_1-2_mageuk_a.dds	1
PC/ymir work/pc/shaman/skill/jeunghon.msk	d:/ymir work/pc/shaman/skill/jeunghon.msk	1
PC/ymir work/pc/shaman/skill/jeunghon_me.msa	d:/ymir work/pc/shaman/skill/jeunghon_me.msa	1
PC/ymir work/pc/shaman/skill/jeunghon_target.msa	d:/ymir work/pc/shaman/skill/jeunghon_target.msa	1
PC/ymir work/pc/shaman/skill/jeungryeok.msk	d:/ymir work/pc/shaman/skill/jeungryeok.msk	1
PC/ymir work/pc/shaman/skill/jeungryeok_3.msa	d:/ymir work/pc/shaman/skill/jeungryeok_3.msa	1
PC/ymir work/pc/shaman/skill/jeungryeok_4.msa	d:/ymir work/pc/shaman/skill/jeungryeok_4.msa	1
PC/ymir work/pc/warrior/action/dance_1.gr2	d:/ymir work/pc/warrior/action/dance_1.gr2	1
PC/ymir work/pc/shaman/skill/jeungryeok_5.msa	d:/ymir work/pc/shaman/skill/jeungryeok_5.msa	1
PC/ymir work/pc/sura/effect/fear_4_making.mse	d:/ymir work/pc/sura/effect/fear_4_making.mse	1
PC/ymir work/pc/shaman/skill/jeungryeok_me.msa	d:/ymir work/pc/shaman/skill/jeungryeok_me.msa	1
PC/ymir work/pc/shaman/skill/jeungryeok_target.msa	d:/ymir work/pc/shaman/skill/jeungryeok_target.msa	1
PC/ymir work/pc/warrior/horse/wait.gr2	d:/ymir work/pc/warrior/horse/wait.gr2	1
PC/ymir work/pc/sura/skill/gongpo.msa	d:/ymir work/pc/sura/skill/gongpo.msa	1
PC/ymir work/pc/shaman/skill/jeungsok.msk	d:/ymir work/pc/shaman/skill/jeungsok.msk	1
PC/ymir work/pc/shaman/skill/jeungsok_me.msa	d:/ymir work/pc/shaman/skill/jeungsok_me.msa	1
PC/ymir work/pc/shaman/skill/jeungsok_target.msa	d:/ymir work/pc/shaman/skill/jeungsok_target.msa	1
PC/ymir work/pc/shaman/skill/jigam_target.msa	d:/ymir work/pc/shaman/skill/jigam_target.msa	1
PC/ymir work/pc/sura/effect/yonggwonpa.mde	d:/ymir work/pc/sura/effect/yonggwonpa.mde	1
PC/ymir work/pc/shaman/skill/kwaesok_4.msa	d:/ymir work/pc/shaman/skill/kwaesok_4.msa	1
PC/ymir work/pc/shaman/skill/kwaesok_5.msa	d:/ymir work/pc/shaman/skill/kwaesok_5.msa	1
PC/ymir work/pc/shaman/skill/kwaesok_me.msa	d:/ymir work/pc/shaman/skill/kwaesok_me.msa	1
PC/ymir work/pc/shaman/skill/kwaesok_target.msa	d:/ymir work/pc/shaman/skill/kwaesok_target.msa	1
PC/ymir work/pc/sura/skill/mahwan_5.msa	d:/ymir work/pc/sura/skill/mahwan_5.msa	1
PC/ymir work/pc/shaman/skill/noejeon_3.msa	d:/ymir work/pc/shaman/skill/noejeon_3.msa	1
PC/ymir work/pc/shaman/skill/paeryong.msa	d:/ymir work/pc/shaman/skill/paeryong.msa	1
PC/ymir work/pc/warrior/onehand_sword/combo_04.msa	d:/ymir work/pc/warrior/onehand_sword/combo_04.msa	1
PC/ymir work/pc/warrior/effect/cure.dds	d:/ymir work/pc/warrior/effect/cure.dds	1
PC/ymir work/pc/shaman/skill/paeryong.msk	d:/ymir work/pc/shaman/skill/paeryong.msk	1
PC/ymir work/pc/shaman/skill/paeryong_3.msa	d:/ymir work/pc/shaman/skill/paeryong_3.msa	1
PC/ymir work/pc/shaman/skill/pokroe.msk	d:/ymir work/pc/shaman/skill/pokroe.msk	1
PC/ymir work/pc/shaman/skill/pokroe_3.msa	d:/ymir work/pc/shaman/skill/pokroe_3.msa	1
PC/ymir work/pc/shaman/skill/pokroe_4.msa	d:/ymir work/pc/shaman/skill/pokroe_4.msa	1
PC/ymir work/pc/shaman/skill/pokroe_5.msa	d:/ymir work/pc/shaman/skill/pokroe_5.msa	1
PC/ymir work/pc/shaman/skill/shoot.gr2	d:/ymir work/pc/shaman/skill/shoot.gr2	1
PC/ymir work/pc/shaman/skill/sohwan.msk	d:/ymir work/pc/shaman/skill/sohwan.msk	1
PC/ymir work/pc/shaman/skill/use_target.msa	d:/ymir work/pc/shaman/skill/use_target.msa	1
PC/ymir work/pc/warrior/effect/gitu.mde	d:/ymir work/pc/warrior/effect/gitu.mde	1
PC/ymir work/pc/shaman/skill/wonsin_target.msa	d:/ymir work/pc/shaman/skill/wonsin_target.msa	1
PC/ymir work/pc/shaman/skill/yongpa.msa	d:/ymir work/pc/shaman/skill/yongpa.msa	1
PC/ymir work/pc/sura/onehand_sword/combo_07.msa	d:/ymir work/pc/sura/onehand_sword/combo_07.msa	1
PC/ymir work/pc/shaman/skill/yongpa.msk	d:/ymir work/pc/shaman/skill/yongpa.msk	1
PC/ymir work/pc/shaman/skill/yongpa_3.msa	d:/ymir work/pc/shaman/skill/yongpa_3.msa	1
PC/ymir work/pc/shaman/skill/yongsin.gr2	d:/ymir work/pc/shaman/skill/yongsin.gr2	1
PC/ymir work/pc/shaman/skill/yongsin.msk	d:/ymir work/pc/shaman/skill/yongsin.msk	1
PC/ymir work/pc/sura/effect/muyeong_red.dds	d:/ymir work/pc/sura/effect/muyeong_red.dds	1
PC/ymir work/pc/shaman/wedding/wait.msa	d:/ymir work/pc/shaman/wedding/wait.msa	1
PC/ymir work/pc/shaman/wedding/walk.gr2	d:/ymir work/pc/shaman/wedding/walk.gr2	1
PC/ymir work/pc/sura/sura_1-1_jinhon copy_a.dds	d:/ymir work/pc/sura/sura_1-1_jinhon copy_a.dds	1
PC/ymir work/pc/sura/hair/hair_2_3.dds	d:/ymir work/pc/sura/hair/hair_2_3.dds	1
PC/ymir work/pc/sura/sura_2-1_saryeong_a.dds	d:/ymir work/pc/sura/sura_2-1_saryeong_a.dds	1
PC/ymir work/pc/sura/sura_2-3_heukbi_a.dds	d:/ymir work/pc/sura/sura_2-3_heukbi_a.dds	1
PC/ymir work/pc/sura/sura_novice_lod_03.gr2	d:/ymir work/pc/sura/sura_novice_lod_03.gr2	1
PC/ymir work/pc/warrior/effect/rampage_start.mse	d:/ymir work/pc/warrior/effect/rampage_start.mse	1
PC/ymir work/pc/sura/effect/black_ball copy.tga	d:/ymir work/pc/sura/effect/black_ball copy.tga	1
PC/ymir work/pc/sura/sura_4-2.dds	d:/ymir work/pc/sura/sura_4-2.dds	1
PC/ymir work/pc/sura/sura_eumyang.dds	d:/ymir work/pc/sura/sura_eumyang.dds	1
PC/ymir work/pc/sura/sura_face.dds	d:/ymir work/pc/sura/sura_face.dds	1
PC/ymir work/pc/sura/sura_gwimyeon.dds	d:/ymir work/pc/sura/sura_gwimyeon.dds	1
PC/ymir work/pc/sura/action/dance_5.gr2	d:/ymir work/pc/sura/action/dance_5.gr2	1
PC/ymir work/pc/sura/sura_hair_01.dds	d:/ymir work/pc/sura/sura_hair_01.dds	1
PC/ymir work/pc/sura/sura_hair_01_gold.dds	d:/ymir work/pc/sura/sura_hair_01_gold.dds	1
PC/ymir work/pc/warrior/warrior_novice_lod_02.gr2	d:/ymir work/pc/warrior/warrior_novice_lod_02.gr2	1
PC/ymir work/pc/sura/sura_hair_01_red.dds	d:/ymir work/pc/sura/sura_hair_01_red.dds	1
PC/ymir work/pc/sura/sura_heukbi.dds	d:/ymir work/pc/sura/sura_heukbi.dds	1
PC/ymir work/pc/sura/effect/gatein.dds	d:/ymir work/pc/sura/effect/gatein.dds	1
PC/ymir work/pc/sura/sura_jinhon.dds	d:/ymir work/pc/sura/sura_jinhon.dds	1
PC/ymir work/pc/sura/sura_jinhon.gr2	d:/ymir work/pc/sura/sura_jinhon.gr2	1
PC/ymir work/pc/sura/sura_jinhon_lod_01.gr2	d:/ymir work/pc/sura/sura_jinhon_lod_01.gr2	1
PC/ymir work/pc/sura/sura_jinhon_lod_03.gr2	d:/ymir work/pc/sura/sura_jinhon_lod_03.gr2	1
PC/ymir work/pc/sura/sura_king01.dds	d:/ymir work/pc/sura/sura_king01.dds	1
PC/ymir work/pc/sura/sura_lord_lod_01.gr2	d:/ymir work/pc/sura/sura_lord_lod_01.gr2	1
PC/ymir work/pc/warrior/action/dance_1.msa	d:/ymir work/pc/warrior/action/dance_1.msa	1
PC/ymir work/pc/sura/sura_maryeong.gr2	d:/ymir work/pc/sura/sura_maryeong.gr2	1
PC/ymir work/pc/warrior/skill/kwaegeom.msa	d:/ymir work/pc/warrior/skill/kwaegeom.msa	1
PC/ymir work/pc/sura/sura_maryung_a.dds	d:/ymir work/pc/sura/sura_maryung_a.dds	1
PC/ymir work/pc/warrior/effect/gigongcham_2_swing.mse	d:/ymir work/pc/warrior/effect/gigongcham_2_swing.mse	1
PC/ymir work/pc/sura/sura_novice.gr2	d:/ymir work/pc/sura/sura_novice.gr2	1
PC/ymir work/pc/warrior/effect/gyouk_san_ta_woo.mde	d:/ymir work/pc/warrior/effect/gyouk_san_ta_woo.mde	1
PC/ymir work/pc/sura/sura_novice_black.dds	d:/ymir work/pc/sura/sura_novice_black.dds	1
PC/ymir work/pc/sura/effect/fear.dds	d:/ymir work/pc/sura/effect/fear.dds	1
PC/ymir work/pc/sura/sura_saryeong.dds	d:/ymir work/pc/sura/sura_saryeong.dds	1
PC/ymir work/pc/sura/sura_saryeong.gr2	d:/ymir work/pc/sura/sura_saryeong.gr2	1
PC/ymir work/pc/sura/sura_saryeong_lod_03.gr2	d:/ymir work/pc/sura/sura_saryeong_lod_03.gr2	1
PC/ymir work/pc/sura/sura_unra_cloak.dds	d:/ymir work/pc/sura/sura_unra_cloak.dds	1
PC/ymir work/pc/warrior/onehand_sword/damage_2.gr2	d:/ymir work/pc/warrior/onehand_sword/damage_2.gr2	1
PC/ymir work/pc/warrior/effect/gwi_geom_bright copy.dds	d:/ymir work/pc/warrior/effect/gwi_geom_bright copy.dds	1
PC/ymir work/pc/sura/hair/hair_3_2.gr2	d:/ymir work/pc/sura/hair/hair_3_2.gr2	1
PC/ymir work/pc/sura/sura_unra_lod_02.gr2	d:/ymir work/pc/sura/sura_unra_lod_02.gr2	1
PC/ymir work/pc/sura/sura_unra_lod_03.gr2	d:/ymir work/pc/sura/sura_unra_lod_03.gr2	1
PC/ymir work/pc/sura/action/angry.gr2	d:/ymir work/pc/sura/action/angry.gr2	1
PC/ymir work/pc/warrior/effect/jipjung_loop.mse	d:/ymir work/pc/warrior/effect/jipjung_loop.mse	1
PC/ymir work/pc/sura/action/cheers_1.msa	d:/ymir work/pc/sura/action/cheers_1.msa	1
PC/ymir work/pc/sura/action/angry.msa	d:/ymir work/pc/sura/action/angry.msa	1
PC/ymir work/pc/sura/action/attractive.msa	d:/ymir work/pc/sura/action/attractive.msa	1
PC/ymir work/pc/sura/action/banter.msa	d:/ymir work/pc/sura/action/banter.msa	1
PC/ymir work/pc/warrior/effect/pal_flash_of_lighting copy.dds	d:/ymir work/pc/warrior/effect/pal_flash_of_lighting copy.dds	1
PC/ymir work/pc/sura/action/cheers_2.msa	d:/ymir work/pc/sura/action/cheers_2.msa	1
PC/ymir work/pc/sura/action/dance_1.gr2	d:/ymir work/pc/sura/action/dance_1.gr2	1
PC/ymir work/pc/sura/effect/pabeop_4_throw.msf	d:/ymir work/pc/sura/effect/pabeop_4_throw.msf	1
PC/ymir work/pc/sura/action/dance_1.msa	d:/ymir work/pc/sura/action/dance_1.msa	1
PC/ymir work/pc/sura/action/dance_2.gr2	d:/ymir work/pc/sura/action/dance_2.gr2	1
PC/ymir work/pc/sura/action/dance_2.msa	d:/ymir work/pc/sura/action/dance_2.msa	1
PC/ymir work/pc/sura/action/dance_3.gr2	d:/ymir work/pc/sura/action/dance_3.gr2	1
PC/ymir work/pc/sura/action/dance_4.gr2	d:/ymir work/pc/sura/action/dance_4.gr2	1
PC/ymir work/pc/sura/action/dance_4.msa	d:/ymir work/pc/sura/action/dance_4.msa	1
PC/ymir work/pc/sura/action/dance_5.msa	d:/ymir work/pc/sura/action/dance_5.msa	1
PC/ymir work/pc/sura/action/french_kiss_with_shaman.gr2	d:/ymir work/pc/sura/action/french_kiss_with_shaman.gr2	1
PC/ymir work/pc/warrior/warrior_nahan_lod_01.gr2	d:/ymir work/pc/warrior/warrior_nahan_lod_01.gr2	1
PC/ymir work/pc/sura/action/french_kiss_with_shaman.msa	d:/ymir work/pc/sura/action/french_kiss_with_shaman.msa	1
PC/ymir work/pc/sura/effect/muyeong_fly.msf	d:/ymir work/pc/sura/effect/muyeong_fly.msf	1
PC/ymir work/pc/sura/action/french_kiss_with_sura.gr2	d:/ymir work/pc/sura/action/french_kiss_with_sura.gr2	1
PC/ymir work/pc/sura/action/kiss_with_assassin.gr2	d:/ymir work/pc/sura/action/kiss_with_assassin.gr2	1
PC/ymir work/pc/sura/action/kiss_with_assassin.msa	d:/ymir work/pc/sura/action/kiss_with_assassin.msa	1
PC/ymir work/pc/sura/action/kiss_with_shaman.msa	d:/ymir work/pc/sura/action/kiss_with_shaman.msa	1
PC/ymir work/pc/sura/action/kiss_with_sura.gr2	d:/ymir work/pc/sura/action/kiss_with_sura.gr2	1
PC/ymir work/pc/sura/action/shy.msa	d:/ymir work/pc/sura/action/shy.msa	1
PC/ymir work/pc/sura/effect/gwigeom_loop.mse	d:/ymir work/pc/sura/effect/gwigeom_loop.mse	1
PC/ymir work/pc/sura/action/slap_hit.gr2	d:/ymir work/pc/sura/action/slap_hit.gr2	1
PC/ymir work/pc/sura/action/slap_hit.msa	d:/ymir work/pc/sura/action/slap_hit.msa	1
PC/ymir work/pc/sura/effect/16 copy.dds	d:/ymir work/pc/sura/effect/16 copy.dds	1
PC/ymir work/pc/sura/effect/2-star.dds	d:/ymir work/pc/sura/effect/2-star.dds	1
PC/ymir work/pc/sura/effect/ball.mde	d:/ymir work/pc/sura/effect/ball.mde	1
PC/ymir work/pc/sura/effect/black_energy copy.dds	d:/ymir work/pc/sura/effect/black_energy copy.dds	1
PC/ymir work/pc/sura/effect/tusok_2_making.mse	d:/ymir work/pc/sura/effect/tusok_2_making.mse	1
PC/ymir work/pc/sura/effect/black_mine_edge.dds	d:/ymir work/pc/sura/effect/black_mine_edge.dds	1
PC/ymir work/pc/sura/effect/blast_akkan_4.dds	d:/ymir work/pc/sura/effect/blast_akkan_4.dds	1
PC/ymir work/pc/sura/effect/tusok_4_making.mse	d:/ymir work/pc/sura/effect/tusok_4_making.mse	1
PC/ymir work/pc/sura/effect/cheonpajiryelwind.dds	d:/ymir work/pc/sura/effect/cheonpajiryelwind.dds	1
PC/ymir work/pc/sura/effect/chiu.jpg	d:/ymir work/pc/sura/effect/chiu.jpg	1
PC/ymir work/pc/sura/skill/swaeryeong_5.msa	d:/ymir work/pc/sura/skill/swaeryeong_5.msa	1
PC/ymir work/pc/sura/effect/doughnut.dds	d:/ymir work/pc/sura/effect/doughnut.dds	1
PC/ymir work/pc/sura/effect/e copy.dds	d:/ymir work/pc/sura/effect/e copy.dds	1
PC/ymir work/pc/sura/effect/elect_1.dds	d:/ymir work/pc/sura/effect/elect_1.dds	1
PC/ymir work/pc/sura/effect/elect_2.dds	d:/ymir work/pc/sura/effect/elect_2.dds	1
PC/ymir work/pc/sura/effect/f1.dds	d:/ymir work/pc/sura/effect/f1.dds	1
PC/ymir work/pc/sura/effect/fear_2_loop.mse	d:/ymir work/pc/sura/effect/fear_2_loop.mse	1
PC/ymir work/pc/warrior/effect/inter_pasthit6.dds	d:/ymir work/pc/warrior/effect/inter_pasthit6.dds	1
PC/ymir work/pc/sura/effect/fear_2_making.mse	d:/ymir work/pc/sura/effect/fear_2_making.mse	1
PC/ymir work/pc/sura/effect/fear_3_loop.mse	d:/ymir work/pc/sura/effect/fear_3_loop.mse	1
PC/ymir work/pc/sura/effect/fear_3_making.mse	d:/ymir work/pc/sura/effect/fear_3_making.mse	1
PC/ymir work/pc/sura/effect/fear_4_making(gongpo).mse	d:/ymir work/pc/sura/effect/fear_4_making(gongpo).mse	1
PC/ymir work/pc/sura/effect/hyeolmagakseong.mse	d:/ymir work/pc/sura/effect/hyeolmagakseong.mse	1
PC/ymir work/pc/sura/effect/fear_making.mse	d:/ymir work/pc/sura/effect/fear_making.mse	1
PC/ymir work/pc/sura/effect/geom_hwan_gyouk.mde	d:/ymir work/pc/sura/effect/geom_hwan_gyouk.mde	1
PC/ymir work/pc/sura/effect/geomhwagyeokhand_2_fallow.mse	d:/ymir work/pc/sura/effect/geomhwagyeokhand_2_fallow.mse	1
PC/ymir work/pc/sura/effect/geomhwangyok_3_blow.mse	d:/ymir work/pc/sura/effect/geomhwangyok_3_blow.mse	1
PC/ymir work/pc/sura/effect/geomhwagyeokhand_3_fallow.mse	d:/ymir work/pc/sura/effect/geomhwagyeokhand_3_fallow.mse	1
PC/ymir work/pc/sura/effect/geomhwagyeokhand_fallow.mse	d:/ymir work/pc/sura/effect/geomhwagyeokhand_fallow.mse	1
PC/ymir work/pc/sura/effect/geomhwagyokhand_2_fallow.mse	d:/ymir work/pc/sura/effect/geomhwagyokhand_2_fallow.mse	1
PC/ymir work/pc/sura/effect/geomhwan_3_throw.msf	d:/ymir work/pc/sura/effect/geomhwan_3_throw.msf	1
PC/ymir work/pc/sura/effect/geomhwan_4_throw.msf	d:/ymir work/pc/sura/effect/geomhwan_4_throw.msf	1
PC/ymir work/pc/sura/effect/geomhwangyeok.mse	d:/ymir work/pc/sura/effect/geomhwangyeok.mse	1
PC/ymir work/pc/sura/effect/geomhwangyeok_3_blow.mse	d:/ymir work/pc/sura/effect/geomhwangyeok_3_blow.mse	1
PC/ymir work/pc/sura/effect/geompung.mde	d:/ymir work/pc/sura/effect/geompung.mde	1
PC/ymir work/pc/sura/effect/geompung.mse	d:/ymir work/pc/sura/effect/geompung.mse	1
PC/ymir work/pc/sura/effect/jeoju_throw.mse	d:/ymir work/pc/sura/effect/jeoju_throw.mse	1
PC/ymir work/pc/sura/effect/geompung_sword.mse	d:/ymir work/pc/sura/effect/geompung_sword.mse	1
PC/ymir work/pc/sura/effect/gwangsinjugeomred.dds	d:/ymir work/pc/sura/effect/gwangsinjugeomred.dds	1
PC/ymir work/pc/sura/effect/gwi_geom_model.dds	d:/ymir work/pc/sura/effect/gwi_geom_model.dds	1
PC/ymir work/pc/warrior/effect/rotation of 17_1.dds	d:/ymir work/pc/warrior/effect/rotation of 17_1.dds	1
PC/ymir work/pc/sura/effect/gwi_geom_model.mde	d:/ymir work/pc/sura/effect/gwi_geom_model.mde	1
PC/ymir work/pc/sura/effect/gwigeom.mse	d:/ymir work/pc/sura/effect/gwigeom.mse	1
PC/ymir work/pc/sura/effect/gwigeom_3_loop.mse	d:/ymir work/pc/sura/effect/gwigeom_3_loop.mse	1
PC/ymir work/pc/warrior/skill/gihyeol.msk	d:/ymir work/pc/warrior/skill/gihyeol.msk	1
PC/ymir work/pc/sura/effect/gwigeom_4_loop.mse	d:/ymir work/pc/sura/effect/gwigeom_4_loop.mse	1
PC/ymir work/pc/sura/effect/half_ring_rainbow_line.dds	d:/ymir work/pc/sura/effect/half_ring_rainbow_line.dds	1
PC/ymir work/pc/sura/effect/heukma.dds	d:/ymir work/pc/sura/effect/heukma.dds	1
PC/ymir work/pc/warrior/onehand_sword/damage_3.gr2	d:/ymir work/pc/warrior/onehand_sword/damage_3.gr2	1
PC/ymir work/pc/sura/effect/hwayeom.mse	d:/ymir work/pc/sura/effect/hwayeom.mse	1
PC/ymir work/pc/sura/effect/heuksin_3_loop.mse	d:/ymir work/pc/sura/effect/heuksin_3_loop.mse	1
PC/ymir work/pc/sura/effect/heuksin_4_loop.mse	d:/ymir work/pc/sura/effect/heuksin_4_loop.mse	1
PC/ymir work/pc/warrior/fishing/fishing_cancel.gr2	d:/ymir work/pc/warrior/fishing/fishing_cancel.gr2	1
PC/ymir work/pc/sura/skill/hyeolhwan.gr2	d:/ymir work/pc/sura/skill/hyeolhwan.gr2	1
PC/ymir work/pc/sura/effect/hwayeom_2.mse	d:/ymir work/pc/sura/effect/hwayeom_2.mse	1
PC/ymir work/pc/sura/effect/hwayeom_3.mse	d:/ymir work/pc/sura/effect/hwayeom_3.mse	1
PC/ymir work/pc/warrior/effect/geom_spear_making.mse	d:/ymir work/pc/warrior/effect/geom_spear_making.mse	1
PC/ymir work/pc/sura/effect/hwayeom_4.mse	d:/ymir work/pc/sura/effect/hwayeom_4.mse	1
PC/ymir work/pc/warrior/effect/gihyeol_spark.mse	d:/ymir work/pc/warrior/effect/gihyeol_spark.mse	1
PC/ymir work/pc/sura/effect/jangpung.dds	d:/ymir work/pc/sura/effect/jangpung.dds	1
PC/ymir work/pc/sura/effect/jangpung.jpg	d:/ymir work/pc/sura/effect/jangpung.jpg	1
PC/ymir work/pc/sura/effect/johonheupjeong.mse	d:/ymir work/pc/sura/effect/johonheupjeong.mse	1
PC/ymir work/pc/warrior/effect/gigongcham_swing.mse	d:/ymir work/pc/warrior/effect/gigongcham_swing.mse	1
PC/ymir work/pc/sura/effect/jumagap_2_loop.mse	d:/ymir work/pc/sura/effect/jumagap_2_loop.mse	1
PC/ymir work/pc/sura/effect/jumagap_4_loop.mse	d:/ymir work/pc/sura/effect/jumagap_4_loop.mse	1
PC/ymir work/pc/sura/effect/jumagap_4_making.mse	d:/ymir work/pc/sura/effect/jumagap_4_making.mse	1
PC/ymir work/pc/sura/effect/jumagap_spark.dds	d:/ymir work/pc/sura/effect/jumagap_spark.dds	1
PC/ymir work/pc/sura/effect/maryeong_2_making.mse	d:/ymir work/pc/sura/effect/maryeong_2_making.mse	1
PC/ymir work/pc/sura/effect/maryeong_3_throw.mse	d:/ymir work/pc/sura/effect/maryeong_3_throw.mse	1
PC/ymir work/pc/sura/effect/maryeong_3_throw.msf	d:/ymir work/pc/sura/effect/maryeong_3_throw.msf	1
PC/ymir work/pc/warrior/effect/geompung.mde	d:/ymir work/pc/warrior/effect/geompung.mde	1
PC/ymir work/pc/sura/effect/maryeong_4_blow.mse	d:/ymir work/pc/sura/effect/maryeong_4_blow.mse	1
PC/ymir work/pc/sura/effect/maryeong_4_making.mse	d:/ymir work/pc/sura/effect/maryeong_4_making.mse	1
PC/ymir work/pc/sura/effect/maryeong_blow.mse	d:/ymir work/pc/sura/effect/maryeong_blow.mse	1
PC/ymir work/pc/sura/effect/maryeong_throw.msf	d:/ymir work/pc/sura/effect/maryeong_throw.msf	1
PC/ymir work/pc/sura/effect/mine_edge copy.dds	d:/ymir work/pc/sura/effect/mine_edge copy.dds	1
PC/ymir work/pc/sura/effect/monster_hand copy.dds	d:/ymir work/pc/sura/effect/monster_hand copy.dds	1
PC/ymir work/pc/sura/effect/muyeong_2.mse	d:/ymir work/pc/sura/effect/muyeong_2.mse	1
PC/ymir work/pc/warrior/twohand_sword/damage.msa	d:/ymir work/pc/warrior/twohand_sword/damage.msa	1
PC/ymir work/pc/warrior/effect/geompung_2.mse	d:/ymir work/pc/warrior/effect/geompung_2.mse	1
PC/ymir work/pc/sura/effect/muyeong_3.mse	d:/ymir work/pc/sura/effect/muyeong_3.mse	1
PC/ymir work/pc/sura/hair/hair_1_4.dds	d:/ymir work/pc/sura/hair/hair_1_4.dds	1
PC/ymir work/pc/sura/effect/muyeong_3_fly.mse	d:/ymir work/pc/sura/effect/muyeong_3_fly.mse	1
PC/ymir work/pc/sura/effect/muyeong_3_making.mse	d:/ymir work/pc/sura/effect/muyeong_3_making.mse	1
PC/ymir work/pc/sura/effect/muyeong_4_making.mse	d:/ymir work/pc/sura/effect/muyeong_4_making.mse	1
PC/ymir work/pc/sura/effect/muyeong_landmine copy.dds	d:/ymir work/pc/sura/effect/muyeong_landmine copy.dds	1
PC/ymir work/pc/sura/effect/muyeong_tga.mde	d:/ymir work/pc/sura/effect/muyeong_tga.mde	1
PC/ymir work/pc/sura/effect/noe_splitlife.dds	d:/ymir work/pc/sura/effect/noe_splitlife.dds	1
PC/ymir work/pc/sura/effect/o_sphere.dds	d:/ymir work/pc/sura/effect/o_sphere.dds	1
PC/ymir work/pc/warrior/general/wait_1.msa	d:/ymir work/pc/warrior/general/wait_1.msa	1
PC/ymir work/pc/sura/effect/outhalfcircle.dds	d:/ymir work/pc/sura/effect/outhalfcircle.dds	1
PC/ymir work/pc/warrior/twohand_sword/damage_2.gr2	d:/ymir work/pc/warrior/twohand_sword/damage_2.gr2	1
PC/ymir work/pc/sura/effect/pabeop_3_throw.msf	d:/ymir work/pc/sura/effect/pabeop_3_throw.msf	1
PC/ymir work/pc/sura/effect/pabeopsul_2_making.mse	d:/ymir work/pc/sura/effect/pabeopsul_2_making.mse	1
PC/ymir work/pc/sura/effect/pabeopsul_2_throw.mse	d:/ymir work/pc/sura/effect/pabeopsul_2_throw.mse	1
PC/ymir work/pc/sura/effect/y_ball_core copy.dds	d:/ymir work/pc/sura/effect/y_ball_core copy.dds	1
PC/ymir work/pc/sura/effect/pabeopsul_3_making.mse	d:/ymir work/pc/sura/effect/pabeopsul_3_making.mse	1
PC/ymir work/pc/sura/effect/pabeopsul_3_throw.mse	d:/ymir work/pc/sura/effect/pabeopsul_3_throw.mse	1
PC/ymir work/pc/sura/effect/pabeopsul_4_making.mse	d:/ymir work/pc/sura/effect/pabeopsul_4_making.mse	1
PC/ymir work/pc/sura/effect/pabeopsul_4_throw.mse	d:/ymir work/pc/sura/effect/pabeopsul_4_throw.mse	1
PC/ymir work/pc/sura/effect/pabeopsul_blow.mse	d:/ymir work/pc/sura/effect/pabeopsul_blow.mse	1
PC/ymir work/pc/sura/effect/ripple.mde	d:/ymir work/pc/sura/effect/ripple.mde	1
PC/ymir work/pc/sura/effect/rsotation of 3.dds	d:/ymir work/pc/sura/effect/rsotation of 3.dds	1
PC/ymir work/pc/sura/effect/shwe_ryoung _ji_core_edge copy_1.dds	d:/ymir work/pc/sura/effect/shwe_ryoung _ji_core_edge copy_1.dds	1
PC/ymir work/pc/warrior/action/french_kiss_with_sura.gr2	d:/ymir work/pc/warrior/action/french_kiss_with_sura.gr2	1
PC/ymir work/pc/sura/effect/splitlife_akkan_combat4.dds	d:/ymir work/pc/sura/effect/splitlife_akkan_combat4.dds	1
PC/ymir work/pc/sura/effect/swaeryeong.mse	d:/ymir work/pc/sura/effect/swaeryeong.mse	1
PC/ymir work/pc/sura/effect/swaeryeong_4.mse	d:/ymir work/pc/sura/effect/swaeryeong_4.mse	1
PC/ymir work/pc/sura/effect/tusok_2_throw.mse	d:/ymir work/pc/sura/effect/tusok_2_throw.mse	1
PC/ymir work/pc/sura/effect/tusok_3_throw.msf	d:/ymir work/pc/sura/effect/tusok_3_throw.msf	1
PC/ymir work/pc/warrior/effect/cell.dds	d:/ymir work/pc/warrior/effect/cell.dds	1
PC/ymir work/pc/sura/effect/tusok_blow.mse	d:/ymir work/pc/sura/effect/tusok_blow.mse	1
PC/ymir work/pc/sura/effect/tusok_blow_4.mse	d:/ymir work/pc/sura/effect/tusok_blow_4.mse	1
PC/ymir work/pc/sura/effect/tusok_throw.mse	d:/ymir work/pc/sura/effect/tusok_throw.mse	1
PC/ymir work/pc/sura/effect/twistsmallsa.mde	d:/ymir work/pc/sura/effect/twistsmallsa.mde	1
PC/ymir work/pc/sura/skill/heupjeongsul.msk	d:/ymir work/pc/sura/skill/heupjeongsul.msk	1
PC/ymir work/pc/sura/effect/w_splash.dds	d:/ymir work/pc/sura/effect/w_splash.dds	1
PC/ymir work/pc/warrior/general/pick_up.gr2	d:/ymir work/pc/warrior/general/pick_up.gr2	1
PC/ymir work/pc/warrior/warrior_cheongrin_lod_01.gr2	d:/ymir work/pc/warrior/warrior_cheongrin_lod_01.gr2	1
PC/ymir work/pc/sura/effect/white_energy copy.dds	d:/ymir work/pc/sura/effect/white_energy copy.dds	1
PC/ymir work/pc/sura/effect/wind.dds	d:/ymir work/pc/sura/effect/wind.dds	1
PC/ymir work/pc/warrior/twohand_sword/rampage.gr2	d:/ymir work/pc/warrior/twohand_sword/rampage.gr2	1
PC/ymir work/pc/sura/effect/wind.tga	d:/ymir work/pc/sura/effect/wind.tga	1
PC/ymir work/pc/sura/effect/yong_gwon_pa_twist copy.dds	d:/ymir work/pc/sura/effect/yong_gwon_pa_twist copy.dds	1
PC/ymir work/pc/warrior/general/falling_stand.msa	d:/ymir work/pc/warrior/general/falling_stand.msa	1
PC/ymir work/pc/sura/effect/yong_gwon_pa_twist-1 copy.tga	d:/ymir work/pc/sura/effect/yong_gwon_pa_twist-1 copy.tga	1
PC/ymir work/pc/sura/effect/yonggwon.mse	d:/ymir work/pc/sura/effect/yonggwon.mse	1
PC/ymir work/pc/sura/effect/yonggwonpa.mse	d:/ymir work/pc/sura/effect/yonggwonpa.mse	1
PC/ymir work/pc/sura/effect/yonggwonpa_twist_small_for_monster.mse	d:/ymir work/pc/sura/effect/yonggwonpa_twist_small_for_monster.mse	1
PC/ymir work/pc/sura/fishing/fishing_cancel.gr2	d:/ymir work/pc/sura/fishing/fishing_cancel.gr2	1
PC/ymir work/pc/sura/fishing/fishing_fail.gr2	d:/ymir work/pc/sura/fishing/fishing_fail.gr2	1
PC/ymir work/pc/sura/fishing/fishing_fail.msa	d:/ymir work/pc/sura/fishing/fishing_fail.msa	1
PC/ymir work/pc/sura/fishing/fishing_wait.gr2	d:/ymir work/pc/sura/fishing/fishing_wait.gr2	1
PC/ymir work/pc/sura/fishing/throw.gr2	d:/ymir work/pc/sura/fishing/throw.gr2	1
PC/ymir work/pc/sura/fishing/throw.msa	d:/ymir work/pc/sura/fishing/throw.msa	1
PC/ymir work/pc/sura/fishing/wait.gr2	d:/ymir work/pc/sura/fishing/wait.gr2	1
PC/ymir work/pc/sura/fishing/wait.msa	d:/ymir work/pc/sura/fishing/wait.msa	1
PC/ymir work/pc/sura/fishing/walk.gr2	d:/ymir work/pc/sura/fishing/walk.gr2	1
PC/ymir work/pc/sura/fishing/walk.msa	d:/ymir work/pc/sura/fishing/walk.msa	1
PC/ymir work/pc/warrior/effect/detail_lens.dds	d:/ymir work/pc/warrior/effect/detail_lens.dds	1
PC/ymir work/pc/sura/general/attack.gr2	d:/ymir work/pc/sura/general/attack.gr2	1
PC/ymir work/pc/warrior/effect/geom_2_sword_loop.mse	d:/ymir work/pc/warrior/effect/geom_2_sword_loop.mse	1
PC/ymir work/pc/sura/general/attack_1.gr2	d:/ymir work/pc/sura/general/attack_1.gr2	1
PC/ymir work/pc/sura/general/attack_1.msa	d:/ymir work/pc/sura/general/attack_1.msa	1
PC/ymir work/pc/sura/general/back_damage_flying.msa	d:/ymir work/pc/sura/general/back_damage_flying.msa	1
PC/ymir work/pc/sura/general/back_falling_stand.gr2	d:/ymir work/pc/sura/general/back_falling_stand.gr2	1
PC/ymir work/pc/warrior/effect/geompung_4.mse	d:/ymir work/pc/warrior/effect/geompung_4.mse	1
PC/ymir work/pc/sura/general/change_weapon.gr2	d:/ymir work/pc/sura/general/change_weapon.gr2	1
PC/ymir work/pc/sura/general/damage.gr2	d:/ymir work/pc/sura/general/damage.gr2	1
PC/ymir work/pc/warrior/effect/jangpung.dds	d:/ymir work/pc/warrior/effect/jangpung.dds	1
PC/ymir work/pc/warrior/effect/17_1.dds	d:/ymir work/pc/warrior/effect/17_1.dds	1
PC/ymir work/pc/sura/general/damage.msa	d:/ymir work/pc/sura/general/damage.msa	1
PC/ymir work/pc/sura/general/damage_1.gr2	d:/ymir work/pc/sura/general/damage_1.gr2	1
PC/ymir work/pc/sura/general/damage_1.msa	d:/ymir work/pc/sura/general/damage_1.msa	1
PC/ymir work/pc/sura/general/damage_2.msa	d:/ymir work/pc/sura/general/damage_2.msa	1
PC/ymir work/pc/sura/general/damage_3.gr2	d:/ymir work/pc/sura/general/damage_3.gr2	1
PC/ymir work/pc/sura/general/damage_3.msa	d:/ymir work/pc/sura/general/damage_3.msa	1
PC/ymir work/pc/sura/general/damage_flying.gr2	d:/ymir work/pc/sura/general/damage_flying.gr2	1
PC/ymir work/pc/sura/general/dead.msa	d:/ymir work/pc/sura/general/dead.msa	1
PC/ymir work/pc/sura/general/dig.msa	d:/ymir work/pc/sura/general/dig.msa	1
PC/ymir work/pc/sura/general/falling_stand.msa	d:/ymir work/pc/sura/general/falling_stand.msa	1
PC/ymir work/pc/sura/general/run.gr2	d:/ymir work/pc/sura/general/run.gr2	1
PC/ymir work/pc/sura/general/run.msa	d:/ymir work/pc/sura/general/run.msa	1
PC/ymir work/pc/sura/general/run10.gr2	d:/ymir work/pc/sura/general/run10.gr2	1
PC/ymir work/pc/sura/general/wait.gr2	d:/ymir work/pc/sura/general/wait.gr2	1
PC/ymir work/pc/sura/general/wait.msa	d:/ymir work/pc/sura/general/wait.msa	1
PC/ymir work/pc/sura/hair/hair_1_1.dds	d:/ymir work/pc/sura/hair/hair_1_1.dds	1
PC/ymir work/pc/sura/hair/hair_1_1.gr2	d:/ymir work/pc/sura/hair/hair_1_1.gr2	1
PC/ymir work/pc/sura/hair/hair_1_2.dds	d:/ymir work/pc/sura/hair/hair_1_2.dds	1
PC/ymir work/pc/sura/hair/hair_1_2.gr2	d:/ymir work/pc/sura/hair/hair_1_2.gr2	1
PC/ymir work/pc/sura/hair/hair_1_3.gr2	d:/ymir work/pc/sura/hair/hair_1_3.gr2	1
PC/ymir work/pc/sura/hair/hair_2_2.dds	d:/ymir work/pc/sura/hair/hair_2_2.dds	1
PC/ymir work/pc/warrior/horse/run.gr2	d:/ymir work/pc/warrior/horse/run.gr2	1
PC/ymir work/pc/sura/hair/hair_2_3.gr2	d:/ymir work/pc/sura/hair/hair_2_3.gr2	1
PC/ymir work/pc/sura/hair/hair_2_4.dds	d:/ymir work/pc/sura/hair/hair_2_4.dds	1
PC/ymir work/pc/sura/hair/hair_2_4.gr2	d:/ymir work/pc/sura/hair/hair_2_4.gr2	1
PC/ymir work/pc/sura/hair/hair_3_1.dds	d:/ymir work/pc/sura/hair/hair_3_1.dds	1
PC/ymir work/pc/sura/hair/hair_3_1.gr2	d:/ymir work/pc/sura/hair/hair_3_1.gr2	1
PC/ymir work/pc/sura/hair/hair_3_2.dds	d:/ymir work/pc/sura/hair/hair_3_2.dds	1
PC/ymir work/pc/warrior/effect/geompung_sword.mse	d:/ymir work/pc/warrior/effect/geompung_sword.mse	1
PC/ymir work/pc/sura/hair/hair_3_3.dds	d:/ymir work/pc/sura/hair/hair_3_3.dds	1
PC/ymir work/pc/sura/hair/hair_3_4.dds	d:/ymir work/pc/sura/hair/hair_3_4.dds	1
PC/ymir work/pc/sura/hair/hair_3_4.gr2	d:/ymir work/pc/sura/hair/hair_3_4.gr2	1
PC/ymir work/pc/sura/hair/hair_4_1.dds	d:/ymir work/pc/sura/hair/hair_4_1.dds	1
PC/ymir work/pc/sura/hair/hair_4_2.dds	d:/ymir work/pc/sura/hair/hair_4_2.dds	1
PC/ymir work/pc/sura/hair/hair_4_4.gr2	d:/ymir work/pc/sura/hair/hair_4_4.gr2	1
PC/ymir work/pc/sura/horse/damage.gr2	d:/ymir work/pc/sura/horse/damage.gr2	1
PC/ymir work/pc/sura/horse/dead.msa	d:/ymir work/pc/sura/horse/dead.msa	1
PC/ymir work/pc/warrior/effect/geom_3_badak.mse	d:/ymir work/pc/warrior/effect/geom_3_badak.mse	1
PC/ymir work/pc/sura/horse/run.msa	d:/ymir work/pc/sura/horse/run.msa	1
PC/ymir work/pc/sura/horse/skill_charge.gr2	d:/ymir work/pc/sura/horse/skill_charge.gr2	1
PC/ymir work/pc/sura/horse/skill_charge.msa	d:/ymir work/pc/sura/horse/skill_charge.msa	1
PC/ymir work/pc/sura/horse/skill_splash.gr2	d:/ymir work/pc/sura/horse/skill_splash.gr2	1
PC/ymir work/pc/sura/horse/skill_splash.msa	d:/ymir work/pc/sura/horse/skill_splash.msa	1
PC/ymir work/pc/sura/horse/stop.gr2	d:/ymir work/pc/sura/horse/stop.gr2	1
PC/ymir work/pc/warrior/warrior_cheongrin_lod_02.gr2	d:/ymir work/pc/warrior/warrior_cheongrin_lod_02.gr2	1
PC/ymir work/pc/sura/horse/wait.gr2	d:/ymir work/pc/sura/horse/wait.gr2	1
PC/ymir work/pc/sura/horse/wait_1.gr2	d:/ymir work/pc/sura/horse/wait_1.gr2	1
PC/ymir work/pc/sura/horse/wait_1.msa	d:/ymir work/pc/sura/horse/wait_1.msa	1
PC/ymir work/pc/sura/horse/wait_2.gr2	d:/ymir work/pc/sura/horse/wait_2.gr2	1
PC/ymir work/pc/sura/onehand_sword/rampage_03.gr2	d:/ymir work/pc/sura/onehand_sword/rampage_03.gr2	1
PC/ymir work/pc/sura/horse/walk.msa	d:/ymir work/pc/sura/horse/walk.msa	1
PC/ymir work/pc/sura/horse_onehand_sword/combo_01.msa	d:/ymir work/pc/sura/horse_onehand_sword/combo_01.msa	1
PC/ymir work/pc/sura/horse_onehand_sword/combo_02.gr2	d:/ymir work/pc/sura/horse_onehand_sword/combo_02.gr2	1
PC/ymir work/pc/warrior/onehand_sword/combo_04.gr2	d:/ymir work/pc/warrior/onehand_sword/combo_04.gr2	1
PC/ymir work/pc/sura/horse_onehand_sword/combo_02.msa	d:/ymir work/pc/sura/horse_onehand_sword/combo_02.msa	1
PC/ymir work/pc/sura/horse_onehand_sword/combo_03.msa	d:/ymir work/pc/sura/horse_onehand_sword/combo_03.msa	1
PC/ymir work/pc/sura/horse_onehand_sword/skill_wildattack.gr2	d:/ymir work/pc/sura/horse_onehand_sword/skill_wildattack.gr2	1
PC/ymir work/pc/sura/intro/selected.gr2	d:/ymir work/pc/sura/intro/selected.gr2	1
PC/ymir work/pc/sura/intro/wait.msa	d:/ymir work/pc/sura/intro/wait.msa	1
PC/ymir work/pc/sura/onehand_sword/combo_01.gr2	d:/ymir work/pc/sura/onehand_sword/combo_01.gr2	1
PC/ymir work/pc/sura/onehand_sword/combo_02.gr2	d:/ymir work/pc/sura/onehand_sword/combo_02.gr2	1
PC/ymir work/pc/sura/onehand_sword/combo_02.msa	d:/ymir work/pc/sura/onehand_sword/combo_02.msa	1
PC/ymir work/pc/sura/onehand_sword/combo_03.gr2	d:/ymir work/pc/sura/onehand_sword/combo_03.gr2	1
PC/ymir work/pc/sura/onehand_sword/combo_05.gr2	d:/ymir work/pc/sura/onehand_sword/combo_05.gr2	1
PC/ymir work/pc/sura/onehand_sword/combo_06.gr2	d:/ymir work/pc/sura/onehand_sword/combo_06.gr2	1
PC/ymir work/pc/sura/onehand_sword/combo_06.msa	d:/ymir work/pc/sura/onehand_sword/combo_06.msa	1
PC/ymir work/pc/sura/onehand_sword/damage.gr2	d:/ymir work/pc/sura/onehand_sword/damage.gr2	1
PC/ymir work/pc/sura/onehand_sword/damage_1.gr2	d:/ymir work/pc/sura/onehand_sword/damage_1.gr2	1
PC/ymir work/pc/sura/onehand_sword/damage_1.msa	d:/ymir work/pc/sura/onehand_sword/damage_1.msa	1
PC/ymir work/pc/warrior/onehand_sword/run.msa	d:/ymir work/pc/warrior/onehand_sword/run.msa	1
PC/ymir work/pc/sura/onehand_sword/run.gr2	d:/ymir work/pc/sura/onehand_sword/run.gr2	1
PC/ymir work/pc/sura/onehand_sword/damage_2.gr2	d:/ymir work/pc/sura/onehand_sword/damage_2.gr2	1
PC/ymir work/pc/sura/onehand_sword/damage_2.msa	d:/ymir work/pc/sura/onehand_sword/damage_2.msa	1
PC/ymir work/pc/sura/onehand_sword/damage_3.gr2	d:/ymir work/pc/sura/onehand_sword/damage_3.gr2	1
PC/ymir work/pc/warrior/action/sad.msa	d:/ymir work/pc/warrior/action/sad.msa	1
PC/ymir work/pc/sura/onehand_sword/damage_3.msa	d:/ymir work/pc/sura/onehand_sword/damage_3.msa	1
PC/ymir work/pc/sura/onehand_sword/pick_up.gr2	d:/ymir work/pc/sura/onehand_sword/pick_up.gr2	1
PC/ymir work/pc/sura/skill/muyeong.gr2	d:/ymir work/pc/sura/skill/muyeong.gr2	1
PC/ymir work/pc/sura/onehand_sword/pick_up.msa	d:/ymir work/pc/sura/onehand_sword/pick_up.msa	1
PC/ymir work/pc/warrior/twohand_sword/walk.msa	d:/ymir work/pc/warrior/twohand_sword/walk.msa	1
PC/ymir work/pc/sura/onehand_sword/rampage.msa	d:/ymir work/pc/sura/onehand_sword/rampage.msa	1
PC/ymir work/pc/sura/onehand_sword/rampage_01.gr2	d:/ymir work/pc/sura/onehand_sword/rampage_01.gr2	1
PC/ymir work/pc/sura/onehand_sword/rampage_01.msa	d:/ymir work/pc/sura/onehand_sword/rampage_01.msa	1
PC/ymir work/pc/warrior/general/damage_2.msa	d:/ymir work/pc/warrior/general/damage_2.msa	1
PC/ymir work/pc/sura/onehand_sword/rampage_02.gr2	d:/ymir work/pc/sura/onehand_sword/rampage_02.gr2	1
PC/ymir work/pc/sura/onehand_sword/wait.gr2	d:/ymir work/pc/sura/onehand_sword/wait.gr2	1
PC/ymir work/pc/sura/onehand_sword/walk.gr2	d:/ymir work/pc/sura/onehand_sword/walk.gr2	1
PC/ymir work/pc/sura/onehand_sword/walk.msa	d:/ymir work/pc/sura/onehand_sword/walk.msa	1
PC/ymir work/pc/sura/skill/geomhwan.msa	d:/ymir work/pc/sura/skill/geomhwan.msa	1
PC/ymir work/pc/sura/skill/geomhwan.msk	d:/ymir work/pc/sura/skill/geomhwan.msk	1
PC/ymir work/pc/sura/skill/geompung.msk	d:/ymir work/pc/sura/skill/geompung.msk	1
PC/ymir work/pc/sura/skill/geongon.gr2	d:/ymir work/pc/sura/skill/geongon.gr2	1
PC/ymir work/pc/sura/skill/geongon.msa	d:/ymir work/pc/sura/skill/geongon.msa	1
PC/ymir work/pc/sura/skill/geongon.msk	d:/ymir work/pc/sura/skill/geongon.msk	1
PC/ymir work/pc/warrior/twohand_sword/damage_3.msa	d:/ymir work/pc/warrior/twohand_sword/damage_3.msa	1
PC/ymir work/pc/sura/skill/gongpo.msk	d:/ymir work/pc/sura/skill/gongpo.msk	1
PC/ymir work/pc/sura/skill/gongpo_2.msa	d:/ymir work/pc/sura/skill/gongpo_2.msa	1
PC/ymir work/pc/sura/skill/gongpo_4.msa	d:/ymir work/pc/sura/skill/gongpo_4.msa	1
PC/ymir work/pc/sura/skill/gongpo_5.msa	d:/ymir work/pc/sura/skill/gongpo_5.msa	1
PC/ymir work/pc/warrior/warrior_geumrin.dds	d:/ymir work/pc/warrior/warrior_geumrin.dds	1
PC/ymir work/pc/sura/skill/guild_seonghwigap.msa	d:/ymir work/pc/sura/skill/guild_seonghwigap.msa	1
PC/ymir work/pc/sura/skill/tusok.msk	d:/ymir work/pc/sura/skill/tusok.msk	1
PC/ymir work/pc/sura/skill/guild_yongsinuibunno.msa	d:/ymir work/pc/sura/skill/guild_yongsinuibunno.msa	1
PC/ymir work/pc/sura/skill/guild_yongsinuipi.msa	d:/ymir work/pc/sura/skill/guild_yongsinuipi.msa	1
PC/ymir work/pc/sura/skill/gwigeom.gr2	d:/ymir work/pc/sura/skill/gwigeom.gr2	1
PC/ymir work/pc/sura/skill/gwigeom.msa	d:/ymir work/pc/sura/skill/gwigeom.msa	1
PC/ymir work/pc/sura/skill/gwigeom.msk	d:/ymir work/pc/sura/skill/gwigeom.msk	1
PC/ymir work/pc/sura/skill/gwigeom_2.msa	d:/ymir work/pc/sura/skill/gwigeom_2.msa	1
PC/ymir work/pc/sura/skill/gwigeom_3.msa	d:/ymir work/pc/sura/skill/gwigeom_3.msa	1
PC/ymir work/pc/sura/skill/gwigeom_4.msa	d:/ymir work/pc/sura/skill/gwigeom_4.msa	1
PC/ymir work/pc/sura/skill/maryeong_5.msa	d:/ymir work/pc/sura/skill/maryeong_5.msa	1
PC/ymir work/pc/sura/skill/heukma.msa	d:/ymir work/pc/sura/skill/heukma.msa	1
PC/ymir work/pc/sura/skill/heukma.msk	d:/ymir work/pc/sura/skill/heukma.msk	1
PC/ymir work/pc/sura/skill/heuksin.msa	d:/ymir work/pc/sura/skill/heuksin.msa	1
PC/ymir work/pc/sura/skill/heuksin.msk	d:/ymir work/pc/sura/skill/heuksin.msk	1
PC/ymir work/pc/sura/skill/heuksin_2.msa	d:/ymir work/pc/sura/skill/heuksin_2.msa	1
PC/ymir work/pc/warrior/skill/palbang_2.msa	d:/ymir work/pc/warrior/skill/palbang_2.msa	1
PC/ymir work/pc/sura/skill/heuksin_3.msa	d:/ymir work/pc/sura/skill/heuksin_3.msa	1
PC/ymir work/pc/warrior/warrior_cheongrin.dds	d:/ymir work/pc/warrior/warrior_cheongrin.dds	1
PC/ymir work/pc/sura/skill/heuksin_4.msa	d:/ymir work/pc/sura/skill/heuksin_4.msa	1
PC/ymir work/pc/sura/skill/hwayeom.msk	d:/ymir work/pc/sura/skill/hwayeom.msk	1
PC/ymir work/pc/sura/skill/hwayeom_3.msa	d:/ymir work/pc/sura/skill/hwayeom_3.msa	1
PC/ymir work/pc/sura/skill/hwayeom_4.msa	d:/ymir work/pc/sura/skill/hwayeom_4.msa	1
PC/ymir work/pc/sura/skill/hyeolhwan.msa	d:/ymir work/pc/sura/skill/hyeolhwan.msa	1
PC/ymir work/pc/warrior/effect/noegeomdorae_loop_3.mse	d:/ymir work/pc/warrior/effect/noegeomdorae_loop_3.mse	1
PC/ymir work/pc/sura/skill/hyeolhwan.msk	d:/ymir work/pc/sura/skill/hyeolhwan.msk	1
PC/ymir work/pc/sura/skill/hyeolma.gr2	d:/ymir work/pc/sura/skill/hyeolma.gr2	1
PC/ymir work/pc/sura/skill/ihyeol.gr2	d:/ymir work/pc/sura/skill/ihyeol.gr2	1
PC/ymir work/pc/sura/skill/ihyeol.msa	d:/ymir work/pc/sura/skill/ihyeol.msa	1
PC/ymir work/pc/sura/skill/jeoju.msa	d:/ymir work/pc/sura/skill/jeoju.msa	1
PC/ymir work/pc/sura/skill/jeoju.msk	d:/ymir work/pc/sura/skill/jeoju.msk	1
PC/ymir work/pc/sura/skill/tusok_4.msa	d:/ymir work/pc/sura/skill/tusok_4.msa	1
PC/ymir work/pc/sura/skill/johon.msa	d:/ymir work/pc/sura/skill/johon.msa	1
PC/ymir work/pc/sura/skill/johon.msk	d:/ymir work/pc/sura/skill/johon.msk	1
PC/ymir work/pc/sura/skill/johyeolsul.msk	d:/ymir work/pc/sura/skill/johyeolsul.msk	1
PC/ymir work/pc/sura/skill/jumagap.gr2	d:/ymir work/pc/sura/skill/jumagap.gr2	1
PC/ymir work/pc/sura/skill/jumagap.msa	d:/ymir work/pc/sura/skill/jumagap.msa	1
PC/ymir work/pc/sura/skill/jumagap.msk	d:/ymir work/pc/sura/skill/jumagap.msk	1
PC/ymir work/pc/sura/skill/jumagap_2.msa	d:/ymir work/pc/sura/skill/jumagap_2.msa	1
PC/ymir work/pc/warrior/twohand_sword/damage_3.gr2	d:/ymir work/pc/warrior/twohand_sword/damage_3.gr2	1
PC/ymir work/pc/sura/skill/jumagap_4.msa	d:/ymir work/pc/sura/skill/jumagap_4.msa	1
PC/ymir work/pc/sura/skill/jumageom.msa	d:/ymir work/pc/sura/skill/jumageom.msa	1
PC/ymir work/pc/sura/skill/mahwan_2.msa	d:/ymir work/pc/sura/skill/mahwan_2.msa	1
PC/ymir work/pc/warrior/onehand_sword/damage_2.msa	d:/ymir work/pc/warrior/onehand_sword/damage_2.msa	1
PC/ymir work/pc/sura/skill/mahwan_3.msa	d:/ymir work/pc/sura/skill/mahwan_3.msa	1
PC/ymir work/pc/sura/skill/maryeong.msa	d:/ymir work/pc/sura/skill/maryeong.msa	1
PC/ymir work/pc/sura/skill/maryeong_2.msa	d:/ymir work/pc/sura/skill/maryeong_2.msa	1
PC/ymir work/pc/sura/skill/maryeong_3.msa	d:/ymir work/pc/sura/skill/maryeong_3.msa	1
PC/ymir work/pc/sura/skill/maseong.msk	d:/ymir work/pc/sura/skill/maseong.msk	1
PC/ymir work/pc/sura/skill/muyeong.msa	d:/ymir work/pc/sura/skill/muyeong.msa	1
PC/ymir work/pc/warrior/skill/noegeom_5.msa	d:/ymir work/pc/warrior/skill/noegeom_5.msa	1
PC/ymir work/pc/sura/skill/muyeong_3.msa	d:/ymir work/pc/sura/skill/muyeong_3.msa	1
PC/ymir work/pc/warrior/onehand_sword/combo_06.gr2	d:/ymir work/pc/warrior/onehand_sword/combo_06.gr2	1
PC/ymir work/pc/sura/skill/muyeong_4.msa	d:/ymir work/pc/sura/skill/muyeong_4.msa	1
PC/ymir work/pc/sura/skill/pabeop.msa	d:/ymir work/pc/sura/skill/pabeop.msa	1
PC/ymir work/pc/sura/skill/pabeop_2.msa	d:/ymir work/pc/sura/skill/pabeop_2.msa	1
PC/ymir work/pc/sura/skill/pabeop_3.msa	d:/ymir work/pc/sura/skill/pabeop_3.msa	1
PC/ymir work/pc/sura/skill/pabeop_4.msa	d:/ymir work/pc/sura/skill/pabeop_4.msa	1
PC/ymir work/pc/warrior/horse/stop.msa	d:/ymir work/pc/warrior/horse/stop.msa	1
PC/ymir work/pc/sura/skill/seophonsul.msk	d:/ymir work/pc/sura/skill/seophonsul.msk	1
PC/ymir work/pc/sura/skill/swaeryeong_3.msa	d:/ymir work/pc/sura/skill/swaeryeong_3.msa	1
PC/ymir work/pc/warrior/skill/palbang_3.msa	d:/ymir work/pc/warrior/skill/palbang_3.msa	1
PC/ymir work/pc/sura/skill/swaeryeong_4.msa	d:/ymir work/pc/sura/skill/swaeryeong_4.msa	1
PC/ymir work/pc/sura/skill/tongsol.msk	d:/ymir work/pc/sura/skill/tongsol.msk	1
PC/ymir work/pc/sura/skill/tusok_2.msa	d:/ymir work/pc/sura/skill/tusok_2.msa	1
PC/ymir work/pc/sura/skill/tusok_3.msa	d:/ymir work/pc/sura/skill/tusok_3.msa	1
PC/ymir work/pc/sura/skill/unhyeolsul.msk	d:/ymir work/pc/sura/skill/unhyeolsul.msk	1
PC/ymir work/pc/sura/skill/yonggwon.msa	d:/ymir work/pc/sura/skill/yonggwon.msa	1
PC/ymir work/pc/sura/skill/yonggwon.msk	d:/ymir work/pc/sura/skill/yonggwon.msk	1
PC/ymir work/pc/sura/skill/yonggwon_2.msa	d:/ymir work/pc/sura/skill/yonggwon_2.msa	1
PC/ymir work/pc/sura/skill/yonggwon_3.msa	d:/ymir work/pc/sura/skill/yonggwon_3.msa	1
PC/ymir work/pc/sura/skill/yonggwon_4.msa	d:/ymir work/pc/sura/skill/yonggwon_4.msa	1
PC/ymir work/pc/sura/wedding/wait.gr2	d:/ymir work/pc/sura/wedding/wait.gr2	1
PC/ymir work/pc/sura/wedding/wait.msa	d:/ymir work/pc/sura/wedding/wait.msa	1
PC/ymir work/pc/warrior/warrior_4-1.gr2	d:/ymir work/pc/warrior/warrior_4-1.gr2	1
PC/ymir work/pc/warrior/warrior_4-1_lod_01.gr2	d:/ymir work/pc/warrior/warrior_4-1_lod_01.gr2	1
PC/ymir work/pc/warrior/warrior_4_2.dds	d:/ymir work/pc/warrior/warrior_4_2.dds	1
PC/ymir work/pc/warrior/warrior_cheongrin.gr2	d:/ymir work/pc/warrior/warrior_cheongrin.gr2	1
PC/ymir work/pc/warrior/warrior_cheongrin_lod_03.gr2	d:/ymir work/pc/warrior/warrior_cheongrin_lod_03.gr2	1
PC/ymir work/pc/warrior/warrior_face.dds	d:/ymir work/pc/warrior/warrior_face.dds	1
PC/ymir work/pc/warrior/effect/samyeon_a.mse	d:/ymir work/pc/warrior/effect/samyeon_a.mse	1
PC/ymir work/pc/warrior/warrior_hair_01.dds	d:/ymir work/pc/warrior/warrior_hair_01.dds	1
PC/ymir work/pc/warrior/warrior_hair_01_brown.dds	d:/ymir work/pc/warrior/warrior_hair_01_brown.dds	1
PC/ymir work/pc/warrior/warrior_hair_01_red.dds	d:/ymir work/pc/warrior/warrior_hair_01_red.dds	1
PC/ymir work/pc/warrior/warrior_hair_01_white.dds	d:/ymir work/pc/warrior/warrior_hair_01_white.dds	1
PC/ymir work/pc/warrior/warrior_hair_02.dds	d:/ymir work/pc/warrior/warrior_hair_02.dds	1
PC/ymir work/pc/warrior/fishing/throw.gr2	d:/ymir work/pc/warrior/fishing/throw.gr2	1
PC/ymir work/pc/warrior/action/clap.msa	d:/ymir work/pc/warrior/action/clap.msa	1
PC/ymir work/pc/warrior/warrior_hair_04.dds	d:/ymir work/pc/warrior/warrior_hair_04.dds	1
PC/ymir work/pc/warrior/warrior_jaho.dds	d:/ymir work/pc/warrior/warrior_jaho.dds	1
PC/ymir work/pc/warrior/warrior_jain.dds	d:/ymir work/pc/warrior/warrior_jain.dds	1
PC/ymir work/pc/warrior/warrior_king01.dds	d:/ymir work/pc/warrior/warrior_king01.dds	1
PC/ymir work/pc/warrior/warrior_lord.gr2	d:/ymir work/pc/warrior/warrior_lord.gr2	1
PC/ymir work/pc/warrior/warrior_lord_lod_03.gr2	d:/ymir work/pc/warrior/warrior_lord_lod_03.gr2	1
PC/ymir work/pc/warrior/warrior_marry_01.gr2	d:/ymir work/pc/warrior/warrior_marry_01.gr2	1
PC/ymir work/pc/warrior/warrior_nahan_lod_03.gr2	d:/ymir work/pc/warrior/warrior_nahan_lod_03.gr2	1
PC/ymir work/pc/warrior/warrior_novice_blue.dds	d:/ymir work/pc/warrior/warrior_novice_blue.dds	1
PC/ymir work/pc/warrior/warrior_novice_hair.dds	d:/ymir work/pc/warrior/warrior_novice_hair.dds	1
PC/ymir work/pc/warrior/warrior_novice_lod_01.gr2	d:/ymir work/pc/warrior/warrior_novice_lod_01.gr2	1
PC/ymir work/pc/warrior/warrior_novice_lod_03.gr2	d:/ymir work/pc/warrior/warrior_novice_lod_03.gr2	1
PC/ymir work/pc/warrior/twohand_sword/rampage_01.gr2	d:/ymir work/pc/warrior/twohand_sword/rampage_01.gr2	1
PC/ymir work/pc/warrior/warrior_novice_red.dds	d:/ymir work/pc/warrior/warrior_novice_red.dds	1
PC/ymir work/pc/warrior/warrior_saja.dds	d:/ymir work/pc/warrior/warrior_saja.dds	1
PC/ymir work/pc/warrior/warrior_saja_helmet.dds	d:/ymir work/pc/warrior/warrior_saja_helmet.dds	1
PC/ymir work/pc/warrior/warrior_saja_lod_01.gr2	d:/ymir work/pc/warrior/warrior_saja_lod_01.gr2	1
PC/ymir work/pc/warrior/warrior_saja_lod_02.gr2	d:/ymir work/pc/warrior/warrior_saja_lod_02.gr2	1
PC/ymir work/pc/warrior/warrior_saja_lod_03.gr2	d:/ymir work/pc/warrior/warrior_saja_lod_03.gr2	1
PC/ymir work/pc/warrior/effect/gihyeol_sword.mse	d:/ymir work/pc/warrior/effect/gihyeol_sword.mse	1
PC/ymir work/pc/warrior/warrior_yongsin.gr2	d:/ymir work/pc/warrior/warrior_yongsin.gr2	1
PC/ymir work/pc/warrior/action/angry.gr2	d:/ymir work/pc/warrior/action/angry.gr2	1
PC/ymir work/pc/warrior/action/angry.msa	d:/ymir work/pc/warrior/action/angry.msa	1
PC/ymir work/pc/warrior/action/attractive.gr2	d:/ymir work/pc/warrior/action/attractive.gr2	1
PC/ymir work/pc/warrior/action/attractive.msa	d:/ymir work/pc/warrior/action/attractive.msa	1
PC/ymir work/pc/warrior/action/cheers_2.msa	d:/ymir work/pc/warrior/action/cheers_2.msa	1
PC/ymir work/pc/warrior/action/cheerup.gr2	d:/ymir work/pc/warrior/action/cheerup.gr2	1
PC/ymir work/pc/warrior/general/damage_3.msa	d:/ymir work/pc/warrior/general/damage_3.msa	1
PC/ymir work/pc/warrior/action/cheerup.msa	d:/ymir work/pc/warrior/action/cheerup.msa	1
PC/ymir work/pc/warrior/action/clap.gr2	d:/ymir work/pc/warrior/action/clap.gr2	1
PC/ymir work/pc/warrior/action/congratulation.gr2	d:/ymir work/pc/warrior/action/congratulation.gr2	1
PC/ymir work/pc/warrior/action/congratulation.msa	d:/ymir work/pc/warrior/action/congratulation.msa	1
PC/ymir work/pc/warrior/action/dance_2.gr2	d:/ymir work/pc/warrior/action/dance_2.gr2	1
PC/ymir work/pc/warrior/action/dance_4.gr2	d:/ymir work/pc/warrior/action/dance_4.gr2	1
PC/ymir work/pc/warrior/action/dance_5.msa	d:/ymir work/pc/warrior/action/dance_5.msa	1
PC/ymir work/pc/warrior/action/forgive.gr2	d:/ymir work/pc/warrior/action/forgive.gr2	1
PC/ymir work/pc/warrior/action/forgive.msa	d:/ymir work/pc/warrior/action/forgive.msa	1
PC/ymir work/pc/warrior/action/french_kiss_with_assassin.msa	d:/ymir work/pc/warrior/action/french_kiss_with_assassin.msa	1
PC/ymir work/pc/warrior/action/french_kiss_with_shaman.msa	d:/ymir work/pc/warrior/action/french_kiss_with_shaman.msa	1
PC/ymir work/pc/warrior/action/joy.gr2	d:/ymir work/pc/warrior/action/joy.gr2	1
PC/ymir work/pc/warrior/hair/hair_3_1.gr2	d:/ymir work/pc/warrior/hair/hair_3_1.gr2	1
PC/ymir work/pc/warrior/action/kiss_with_assassin.msa	d:/ymir work/pc/warrior/action/kiss_with_assassin.msa	1
PC/ymir work/pc/warrior/effect/b_stars_mall.dds	d:/ymir work/pc/warrior/effect/b_stars_mall.dds	1
PC/ymir work/pc/warrior/action/kiss_with_shaman.gr2	d:/ymir work/pc/warrior/action/kiss_with_shaman.gr2	1
PC/ymir work/pc/warrior/action/kiss_with_shaman.msa	d:/ymir work/pc/warrior/action/kiss_with_shaman.msa	1
PC/ymir work/pc/warrior/action/kiss_with_sura.gr2	d:/ymir work/pc/warrior/action/kiss_with_sura.gr2	1
PC/ymir work/pc/warrior/action/kiss_with_warrior.msa	d:/ymir work/pc/warrior/action/kiss_with_warrior.msa	1
PC/ymir work/pc/warrior/effect/noegeomdorae.mse	d:/ymir work/pc/warrior/effect/noegeomdorae.mse	1
PC/ymir work/pc/warrior/action/sad.gr2	d:/ymir work/pc/warrior/action/sad.gr2	1
PC/ymir work/pc/warrior/effect/4.mde	d:/ymir work/pc/warrior/effect/4.mde	1
PC/ymir work/pc/warrior/action/shy.gr2	d:/ymir work/pc/warrior/action/shy.gr2	1
PC/ymir work/pc/warrior/action/slap_hit.msa	d:/ymir work/pc/warrior/action/slap_hit.msa	1
PC/ymir work/pc/warrior/action/slap_hurt.gr2	d:/ymir work/pc/warrior/action/slap_hurt.gr2	1
PC/ymir work/pc/warrior/action/slap_hurt.msa	d:/ymir work/pc/warrior/action/slap_hurt.msa	1
PC/ymir work/pc/warrior/action/test.py~	d:/ymir work/pc/warrior/action/test.py~	1
PC/ymir work/pc/warrior/effect/14 line.dds	d:/ymir work/pc/warrior/effect/14 line.dds	1
PC/ymir work/pc/warrior/effect/17_2.dds	d:/ymir work/pc/warrior/effect/17_2.dds	1
PC/ymir work/pc/warrior/effect/17bottom-1.dds	d:/ymir work/pc/warrior/effect/17bottom-1.dds	1
PC/ymir work/pc/warrior/effect/17bottom-2.dds	d:/ymir work/pc/warrior/effect/17bottom-2.dds	1
PC/ymir work/pc/warrior/effect/3spot.dds	d:/ymir work/pc/warrior/effect/3spot.dds	1
PC/ymir work/pc/warrior/effect/amseup.dds	d:/ymir work/pc/warrior/effect/amseup.dds	1
PC/ymir work/pc/warrior/effect/geom_3_spear_loop.mse	d:/ymir work/pc/warrior/effect/geom_3_spear_loop.mse	1
PC/ymir work/pc/warrior/effect/attackbeam01.tga	d:/ymir work/pc/warrior/effect/attackbeam01.tga	1
PC/ymir work/pc/warrior/effect/b_star.dds	d:/ymir work/pc/warrior/effect/b_star.dds	1
PC/ymir work/pc/warrior/effect/bottom-1.dds	d:/ymir work/pc/warrior/effect/bottom-1.dds	1
PC/ymir work/pc/warrior/effect/cell_1.dds	d:/ymir work/pc/warrior/effect/cell_1.dds	1
PC/ymir work/pc/warrior/effect/cheongeun.mse	d:/ymir work/pc/warrior/effect/cheongeun.mse	1
PC/ymir work/pc/warrior/effect/sa_za_hu_loop.mse	d:/ymir work/pc/warrior/effect/sa_za_hu_loop.mse	1
PC/ymir work/pc/warrior/effect/cheongeun_2.mse	d:/ymir work/pc/warrior/effect/cheongeun_2.mse	1
PC/ymir work/pc/warrior/effect/cheongeun_4.mse	d:/ymir work/pc/warrior/effect/cheongeun_4.mse	1
PC/ymir work/pc/warrior/effect/daejingak.mde	d:/ymir work/pc/warrior/effect/daejingak.mde	1
PC/ymir work/pc/warrior/effect/daejingak_2.mse	d:/ymir work/pc/warrior/effect/daejingak_2.mse	1
PC/ymir work/pc/warrior/effect/daejingak_4.mse	d:/ymir work/pc/warrior/effect/daejingak_4.mse	1
PC/ymir work/pc/warrior/onehand_sword/pick_up.gr2	d:/ymir work/pc/warrior/onehand_sword/pick_up.gr2	1
PC/ymir work/pc/warrior/effect/elect.mse	d:/ymir work/pc/warrior/effect/elect.mse	1
PC/ymir work/pc/warrior/effect/fireburngy.dds	d:/ymir work/pc/warrior/effect/fireburngy.dds	1
PC/ymir work/pc/warrior/effect/flash_of_lighting copy.dds	d:/ymir work/pc/warrior/effect/flash_of_lighting copy.dds	1
PC/ymir work/pc/warrior/hair/hair_4_1.gr2	d:/ymir work/pc/warrior/hair/hair_4_1.gr2	1
PC/ymir work/pc/warrior/effect/flash_of_lighting copy_1.dds	d:/ymir work/pc/warrior/effect/flash_of_lighting copy_1.dds	1
PC/ymir work/pc/warrior/effect/geom_2.mse	d:/ymir work/pc/warrior/effect/geom_2.mse	1
PC/ymir work/pc/warrior/effect/geom_2_spear_making.mse	d:/ymir work/pc/warrior/effect/geom_2_spear_making.mse	1
PC/ymir work/pc/warrior/effect/geom_2_sword_making.mse	d:/ymir work/pc/warrior/effect/geom_2_sword_making.mse	1
PC/ymir work/pc/warrior/effect/geom_3_sword_loop.mse	d:/ymir work/pc/warrior/effect/geom_3_sword_loop.mse	1
PC/ymir work/pc/warrior/effect/geom_4_badak.mse	d:/ymir work/pc/warrior/effect/geom_4_badak.mse	1
PC/ymir work/pc/warrior/effect/geom_4_sword_loop.mse	d:/ymir work/pc/warrior/effect/geom_4_sword_loop.mse	1
PC/ymir work/pc/warrior/effect/geom_4_sword_making.mse	d:/ymir work/pc/warrior/effect/geom_4_sword_making.mse	1
PC/ymir work/pc/warrior/effect/geom_sword_making.mse	d:/ymir work/pc/warrior/effect/geom_sword_making.mse	1
PC/ymir work/pc/warrior/effect/geompung.msf	d:/ymir work/pc/warrior/effect/geompung.msf	1
PC/ymir work/pc/warrior/effect/geompung_2_sword.mse	d:/ymir work/pc/warrior/effect/geompung_2_sword.mse	1
PC/ymir work/pc/warrior/effect/geompung_3.msf	d:/ymir work/pc/warrior/effect/geompung_3.msf	1
PC/ymir work/pc/warrior/effect/geompung_3_sword.mse	d:/ymir work/pc/warrior/effect/geompung_3_sword.mse	1
PC/ymir work/pc/warrior/effect/geompung_4.msf	d:/ymir work/pc/warrior/effect/geompung_4.msf	1
PC/ymir work/pc/warrior/effect/geompung_4_sword.mse	d:/ymir work/pc/warrior/effect/geompung_4_sword.mse	1
PC/ymir work/pc/warrior/hair/hair_2_3.dds	d:/ymir work/pc/warrior/hair/hair_2_3.dds	1
PC/ymir work/pc/warrior/effect/gi_geom.dds	d:/ymir work/pc/warrior/effect/gi_geom.dds	1
PC/ymir work/pc/warrior/effect/gigongcham_2_making.mse	d:/ymir work/pc/warrior/effect/gigongcham_2_making.mse	1
PC/ymir work/pc/warrior/effect/gihyeol_3_spark.mse	d:/ymir work/pc/warrior/effect/gihyeol_3_spark.mse	1
PC/ymir work/pc/warrior/effect/gigongcham_3_swing.mse	d:/ymir work/pc/warrior/effect/gigongcham_3_swing.mse	1
PC/ymir work/pc/warrior/effect/gigongcham_4_making.mse	d:/ymir work/pc/warrior/effect/gigongcham_4_making.mse	1
PC/ymir work/pc/warrior/effect/gigongcham_4_swing.mse	d:/ymir work/pc/warrior/effect/gigongcham_4_swing.mse	1
PC/ymir work/pc/warrior/effect/gihyeol_2_sword.mse	d:/ymir work/pc/warrior/effect/gihyeol_2_sword.mse	1
PC/ymir work/pc/warrior/effect/gihyeol_3.mse	d:/ymir work/pc/warrior/effect/gihyeol_3.mse	1
PC/ymir work/pc/warrior/effect/gihyeol_4_spark.mse	d:/ymir work/pc/warrior/effect/gihyeol_4_spark.mse	1
PC/ymir work/pc/warrior/effect/gitu.mse	d:/ymir work/pc/warrior/effect/gitu.mse	1
PC/ymir work/pc/warrior/effect/go_fragment_3.dds	d:/ymir work/pc/warrior/effect/go_fragment_3.dds	1
PC/ymir work/pc/warrior/effect/gwi_geom_spark copy.dds	d:/ymir work/pc/warrior/effect/gwi_geom_spark copy.dds	1
PC/ymir work/pc/warrior/effect/gyeokgong_triple_loop_1.dds	d:/ymir work/pc/warrior/effect/gyeokgong_triple_loop_1.dds	1
PC/ymir work/pc/warrior/hair/hair_3_2.gr2	d:/ymir work/pc/warrior/hair/hair_3_2.gr2	1
PC/ymir work/pc/warrior/effect/gyeokgongjang.mse	d:/ymir work/pc/warrior/effect/gyeokgongjang.mse	1
PC/ymir work/pc/warrior/effect/gyeokgongjang_2_loop.mse	d:/ymir work/pc/warrior/effect/gyeokgongjang_2_loop.mse	1
PC/ymir work/pc/warrior/effect/gyeokgongjang_3_loop.mse	d:/ymir work/pc/warrior/effect/gyeokgongjang_3_loop.mse	1
PC/ymir work/pc/warrior/effect/gyeoksan_2.mse	d:/ymir work/pc/warrior/effect/gyeoksan_2.mse	1
PC/ymir work/pc/warrior/effect/gyeoksan_3.mse	d:/ymir work/pc/warrior/effect/gyeoksan_3.mse	1
PC/ymir work/pc/warrior/effect/gyeoksan_4.mse	d:/ymir work/pc/warrior/effect/gyeoksan_4.mse	1
PC/ymir work/pc/warrior/effect/gyeoksantau_2.mse	d:/ymir work/pc/warrior/effect/gyeoksantau_2.mse	1
PC/ymir work/pc/warrior/effect/gyeoksantau_double.mse	d:/ymir work/pc/warrior/effect/gyeoksantau_double.mse	1
PC/ymir work/pc/warrior/effect/gyeoksantau_triple.mse	d:/ymir work/pc/warrior/effect/gyeoksantau_triple.mse	1
PC/ymir work/pc/warrior/effect/gyouk_gong_center_2 copy.dds	d:/ymir work/pc/warrior/effect/gyouk_gong_center_2 copy.dds	1
PC/ymir work/pc/warrior/skill/guild_yongsinuipi.msa	d:/ymir work/pc/warrior/skill/guild_yongsinuipi.msa	1
PC/ymir work/pc/warrior/effect/gyouk_gong_jang_bottom copy.dds	d:/ymir work/pc/warrior/effect/gyouk_gong_jang_bottom copy.dds	1
PC/ymir work/pc/warrior/effect/half_ring_rainbow_line.dds	d:/ymir work/pc/warrior/effect/half_ring_rainbow_line.dds	1
PC/ymir work/pc/warrior/effect/halflandcreepflash.dds	d:/ymir work/pc/warrior/effect/halflandcreepflash.dds	1
PC/ymir work/pc/warrior/effect/halfsplash copy.dds	d:/ymir work/pc/warrior/effect/halfsplash copy.dds	1
PC/ymir work/pc/warrior/effect/inter_pasthitred.dds	d:/ymir work/pc/warrior/effect/inter_pasthitred.dds	1
PC/ymir work/pc/warrior/effect/jangpung.jpg	d:/ymir work/pc/warrior/effect/jangpung.jpg	1
PC/ymir work/pc/warrior/effect/jeongwi.mse	d:/ymir work/pc/warrior/effect/jeongwi.mse	1
PC/ymir work/pc/warrior/effect/jeongwi_2.mse	d:/ymir work/pc/warrior/effect/jeongwi_2.mse	1
PC/ymir work/pc/warrior/effect/jeongwi_4.mse	d:/ymir work/pc/warrior/effect/jeongwi_4.mse	1
PC/ymir work/pc/warrior/effect/jeonsinbangeo_loop.mse	d:/ymir work/pc/warrior/effect/jeonsinbangeo_loop.mse	1
PC/ymir work/pc/warrior/effect/musa.mse	d:/ymir work/pc/warrior/effect/musa.mse	1
PC/ymir work/pc/warrior/effect/jeonsingonggyeok_making.mse	d:/ymir work/pc/warrior/effect/jeonsingonggyeok_making.mse	1
PC/ymir work/pc/warrior/horse_twohand_sword/combo_01.gr2	d:/ymir work/pc/warrior/horse_twohand_sword/combo_01.gr2	1
PC/ymir work/pc/warrior/effect/jipjung_geo.mde	d:/ymir work/pc/warrior/effect/jipjung_geo.mde	1
PC/ymir work/pc/warrior/effect/kwaegeom.mse	d:/ymir work/pc/warrior/effect/kwaegeom.mse	1
PC/ymir work/pc/warrior/effect/kwaegeom_loop.mse	d:/ymir work/pc/warrior/effect/kwaegeom_loop.mse	1
PC/ymir work/pc/warrior/onehand_sword/combo_06.msa	d:/ymir work/pc/warrior/onehand_sword/combo_06.msa	1
PC/ymir work/pc/warrior/effect/landcreepflash.dds	d:/ymir work/pc/warrior/effect/landcreepflash.dds	1
PC/ymir work/pc/warrior/effect/levelupenuri4 copy_red.dds	d:/ymir work/pc/warrior/effect/levelupenuri4 copy_red.dds	1
PC/ymir work/pc/warrior/effect/men.dds	d:/ymir work/pc/warrior/effect/men.dds	1
PC/ymir work/pc/warrior/effect/musa_loop.dds	d:/ymir work/pc/warrior/effect/musa_loop.dds	1
PC/ymir work/pc/warrior/effect/noegeomdorae_loop_2.mse	d:/ymir work/pc/warrior/effect/noegeomdorae_loop_2.mse	1
PC/ymir work/pc/warrior/effect/o_explore copy.dds	d:/ymir work/pc/warrior/effect/o_explore copy.dds	1
PC/ymir work/pc/warrior/effect/pal_flash_of_lighting copy_1.dds	d:/ymir work/pc/warrior/effect/pal_flash_of_lighting copy_1.dds	1
PC/ymir work/pc/warrior/effect/palbang_2_spin.mse	d:/ymir work/pc/warrior/effect/palbang_2_spin.mse	1
PC/ymir work/pc/warrior/effect/palbang_3_spin.mse	d:/ymir work/pc/warrior/effect/palbang_3_spin.mse	1
PC/ymir work/pc/warrior/effect/palbang_4_sword.mse	d:/ymir work/pc/warrior/effect/palbang_4_sword.mse	1
PC/ymir work/pc/warrior/effect/palbang_spin.dds	d:/ymir work/pc/warrior/effect/palbang_spin.dds	1
PC/ymir work/pc/warrior/effect/palbang_spin_round.dds	d:/ymir work/pc/warrior/effect/palbang_spin_round.dds	1
PC/ymir work/pc/warrior/hair/hair_3_1.dds	d:/ymir work/pc/warrior/hair/hair_3_1.dds	1
PC/ymir work/pc/warrior/effect/rotation of 17_2.dds	d:/ymir work/pc/warrior/effect/rotation of 17_2.dds	1
PC/ymir work/pc/warrior/effect/rotation of rsotation of 3.dds	d:/ymir work/pc/warrior/effect/rotation of rsotation of 3.dds	1
PC/ymir work/pc/warrior/skill/gibaek.msk	d:/ymir work/pc/warrior/skill/gibaek.msk	1
PC/ymir work/pc/warrior/effect/rsotation of 3.dds	d:/ymir work/pc/warrior/effect/rsotation of 3.dds	1
PC/ymir work/pc/warrior/effect/sa_za_hu.mse	d:/ymir work/pc/warrior/effect/sa_za_hu.mse	1
PC/ymir work/pc/warrior/effect/sa_za_hu_center_1 copy.dds	d:/ymir work/pc/warrior/effect/sa_za_hu_center_1 copy.dds	1
PC/ymir work/pc/warrior/effect/sa_za_hu_triple_loop_1 copy.dds	d:/ymir work/pc/warrior/effect/sa_za_hu_triple_loop_1 copy.dds	1
PC/ymir work/pc/warrior/effect/samyeon_4.mse	d:/ymir work/pc/warrior/effect/samyeon_4.mse	1
PC/ymir work/pc/warrior/effect/samyeon_b.mse	d:/ymir work/pc/warrior/effect/samyeon_b.mse	1
PC/ymir work/pc/warrior/effect/samyeon_c.mse	d:/ymir work/pc/warrior/effect/samyeon_c.mse	1
PC/ymir work/pc/warrior/effect/samyeon_d.mse	d:/ymir work/pc/warrior/effect/samyeon_d.mse	1
PC/ymir work/pc/warrior/horse/dead.msa	d:/ymir work/pc/warrior/horse/dead.msa	1
PC/ymir work/pc/warrior/effect/samyeonbw.dds	d:/ymir work/pc/warrior/effect/samyeonbw.dds	1
PC/ymir work/pc/warrior/effect/spark-1.dds	d:/ymir work/pc/warrior/effect/spark-1.dds	1
PC/ymir work/pc/warrior/effect/sparkred.dds	d:/ymir work/pc/warrior/effect/sparkred.dds	1
PC/ymir work/pc/warrior/effect/splash_r.dds	d:/ymir work/pc/warrior/effect/splash_r.dds	1
PC/ymir work/pc/warrior/twohand_sword/wait_1.msa	d:/ymir work/pc/warrior/twohand_sword/wait_1.msa	1
PC/ymir work/pc/warrior/effect/tanhwan_2.mse	d:/ymir work/pc/warrior/effect/tanhwan_2.mse	1
PC/ymir work/pc/warrior/effect/tanhwan_3.mse	d:/ymir work/pc/warrior/effect/tanhwan_3.mse	1
PC/ymir work/pc/warrior/effect/tanhwan_4.mse	d:/ymir work/pc/warrior/effect/tanhwan_4.mse	1
PC/ymir work/pc/warrior/effect/white_sphere.dds	d:/ymir work/pc/warrior/effect/white_sphere.dds	1
PC/ymir work/pc/warrior/fishing/fishing_catch.msa	d:/ymir work/pc/warrior/fishing/fishing_catch.msa	1
PC/ymir work/pc/warrior/fishing/fishing_fail.gr2	d:/ymir work/pc/warrior/fishing/fishing_fail.gr2	1
PC/ymir work/pc/warrior/fishing/fishing_fail.msa	d:/ymir work/pc/warrior/fishing/fishing_fail.msa	1
PC/ymir work/pc/warrior/fishing/fishing_react.msa	d:/ymir work/pc/warrior/fishing/fishing_react.msa	1
PC/ymir work/pc/warrior/fishing/fishing_wait.gr2	d:/ymir work/pc/warrior/fishing/fishing_wait.gr2	1
PC/ymir work/pc/warrior/fishing/fishing_wait.msa	d:/ymir work/pc/warrior/fishing/fishing_wait.msa	1
PC/ymir work/pc/warrior/fishing/run.gr2	d:/ymir work/pc/warrior/fishing/run.gr2	1
PC/ymir work/pc/warrior/fishing/run.msa	d:/ymir work/pc/warrior/fishing/run.msa	1
PC/ymir work/pc/warrior/fishing/throw.msa	d:/ymir work/pc/warrior/fishing/throw.msa	1
PC/ymir work/pc/warrior/fishing/wait.gr2	d:/ymir work/pc/warrior/fishing/wait.gr2	1
PC/ymir work/pc/warrior/fishing/wait.msa	d:/ymir work/pc/warrior/fishing/wait.msa	1
PC/ymir work/pc/warrior/fishing/walk.gr2	d:/ymir work/pc/warrior/fishing/walk.gr2	1
PC/ymir work/pc/warrior/fishing/walk.msa	d:/ymir work/pc/warrior/fishing/walk.msa	1
PC/ymir work/pc/warrior/general/attack.msa	d:/ymir work/pc/warrior/general/attack.msa	1
PC/ymir work/pc/warrior/general/attack_1.msa	d:/ymir work/pc/warrior/general/attack_1.msa	1
PC/ymir work/pc/warrior/horse/dead.gr2	d:/ymir work/pc/warrior/horse/dead.gr2	1
PC/ymir work/pc/warrior/general/back_damage_flying.gr2	d:/ymir work/pc/warrior/general/back_damage_flying.gr2	1
PC/ymir work/pc/warrior/twohand_sword/combo_01.gr2	d:/ymir work/pc/warrior/twohand_sword/combo_01.gr2	1
PC/ymir work/pc/warrior/general/back_damage_flying.msa	d:/ymir work/pc/warrior/general/back_damage_flying.msa	1
PC/ymir work/pc/warrior/general/back_falling_stand.gr2	d:/ymir work/pc/warrior/general/back_falling_stand.gr2	1
PC/ymir work/pc/warrior/general/back_falling_stand.msa	d:/ymir work/pc/warrior/general/back_falling_stand.msa	1
PC/ymir work/pc/warrior/twohand_sword/combo_02.gr2	d:/ymir work/pc/warrior/twohand_sword/combo_02.gr2	1
PC/ymir work/pc/warrior/general/damage.gr2	d:/ymir work/pc/warrior/general/damage.gr2	1
PC/ymir work/pc/warrior/general/damage_1.gr2	d:/ymir work/pc/warrior/general/damage_1.gr2	1
PC/ymir work/pc/warrior/general/damage_1.msa	d:/ymir work/pc/warrior/general/damage_1.msa	1
PC/ymir work/pc/warrior/general/damage_flying.msa	d:/ymir work/pc/warrior/general/damage_flying.msa	1
PC/ymir work/pc/warrior/general/dead.gr2	d:/ymir work/pc/warrior/general/dead.gr2	1
PC/ymir work/pc/warrior/general/dead.msa	d:/ymir work/pc/warrior/general/dead.msa	1
PC/ymir work/pc/warrior/general/falling_stand.gr2	d:/ymir work/pc/warrior/general/falling_stand.gr2	1
PC/ymir work/pc/warrior/general/pick_up.msa	d:/ymir work/pc/warrior/general/pick_up.msa	1
PC/ymir work/pc/warrior/general/run.gr2	d:/ymir work/pc/warrior/general/run.gr2	1
PC/ymir work/pc/warrior/general/wait.gr2	d:/ymir work/pc/warrior/general/wait.gr2	1
PC/ymir work/pc/warrior/general/wait_1.gr2	d:/ymir work/pc/warrior/general/wait_1.gr2	1
PC/ymir work/pc/warrior/general/walk.gr2	d:/ymir work/pc/warrior/general/walk.gr2	1
PC/ymir work/pc/warrior/general/walk.msa	d:/ymir work/pc/warrior/general/walk.msa	1
PC/ymir work/pc/warrior/hair/hair_1_1.dds	d:/ymir work/pc/warrior/hair/hair_1_1.dds	1
PC/ymir work/pc/warrior/hair/hair_1_1.gr2	d:/ymir work/pc/warrior/hair/hair_1_1.gr2	1
PC/ymir work/pc/warrior/hair/hair_1_2.gr2	d:/ymir work/pc/warrior/hair/hair_1_2.gr2	1
PC/ymir work/pc/warrior/hair/hair_1_4.dds	d:/ymir work/pc/warrior/hair/hair_1_4.dds	1
PC/ymir work/pc/warrior/hair/hair_1_4.gr2	d:/ymir work/pc/warrior/hair/hair_1_4.gr2	1
PC/ymir work/pc/warrior/hair/hair_2_2.dds	d:/ymir work/pc/warrior/hair/hair_2_2.dds	1
PC/ymir work/pc/warrior/hair/hair_2_3.gr2	d:/ymir work/pc/warrior/hair/hair_2_3.gr2	1
PC/ymir work/pc/warrior/hair/hair_2_4.dds	d:/ymir work/pc/warrior/hair/hair_2_4.dds	1
PC/ymir work/pc/warrior/hair/hair_2_4.gr2	d:/ymir work/pc/warrior/hair/hair_2_4.gr2	1
PC/ymir work/pc/warrior/hair/hair_3_2.dds	d:/ymir work/pc/warrior/hair/hair_3_2.dds	1
PC/ymir work/pc/warrior/hair/hair_3_3.dds	d:/ymir work/pc/warrior/hair/hair_3_3.dds	1
PC/ymir work/pc/warrior/hair/hair_3_3.gr2	d:/ymir work/pc/warrior/hair/hair_3_3.gr2	1
PC/ymir work/pc/warrior/hair/hair_4_2.dds	d:/ymir work/pc/warrior/hair/hair_4_2.dds	1
PC/ymir work/pc/warrior/hair/hair_4_3.gr2	d:/ymir work/pc/warrior/hair/hair_4_3.gr2	1
PC/ymir work/pc/warrior/hair/hair_4_4.dds	d:/ymir work/pc/warrior/hair/hair_4_4.dds	1
PC/ymir work/pc/warrior/hair/hair_4_4.gr2	d:/ymir work/pc/warrior/hair/hair_4_4.gr2	1
PC/ymir work/pc/warrior/horse/damage.gr2	d:/ymir work/pc/warrior/horse/damage.gr2	1
PC/ymir work/pc/warrior/horse/damage.msa	d:/ymir work/pc/warrior/horse/damage.msa	1
PC/ymir work/pc/warrior/horse/skill_charge.gr2	d:/ymir work/pc/warrior/horse/skill_charge.gr2	1
PC/ymir work/pc/warrior/horse/stop.gr2	d:/ymir work/pc/warrior/horse/stop.gr2	1
PC/ymir work/pc/warrior/horse/wait_2.gr2	d:/ymir work/pc/warrior/horse/wait_2.gr2	1
PC/ymir work/pc/warrior/horse_onehand_sword/combo_01.msa	d:/ymir work/pc/warrior/horse_onehand_sword/combo_01.msa	1
PC/ymir work/pc/warrior/horse_onehand_sword/combo_02.gr2	d:/ymir work/pc/warrior/horse_onehand_sword/combo_02.gr2	1
PC/ymir work/pc/warrior/onehand_sword/attack_2.gr2	d:/ymir work/pc/warrior/onehand_sword/attack_2.gr2	1
PC/ymir work/pc/warrior/horse_onehand_sword/combo_02.msa	d:/ymir work/pc/warrior/horse_onehand_sword/combo_02.msa	1
PC/ymir work/pc/warrior/horse_onehand_sword/combo_03.gr2	d:/ymir work/pc/warrior/horse_onehand_sword/combo_03.gr2	1
PC/ymir work/pc/warrior/horse_onehand_sword/skill_splash.gr2	d:/ymir work/pc/warrior/horse_onehand_sword/skill_splash.gr2	1
PC/ymir work/pc/warrior/horse_onehand_sword/skill_wildattack.msa	d:/ymir work/pc/warrior/horse_onehand_sword/skill_wildattack.msa	1
PC/ymir work/pc/warrior/horse_twohand_sword/combo_01.msa	d:/ymir work/pc/warrior/horse_twohand_sword/combo_01.msa	1
PC/ymir work/pc/warrior/horse_twohand_sword/combo_02.gr2	d:/ymir work/pc/warrior/horse_twohand_sword/combo_02.gr2	1
PC/ymir work/pc/warrior/horse_twohand_sword/combo_02.msa	d:/ymir work/pc/warrior/horse_twohand_sword/combo_02.msa	1
PC/ymir work/pc/warrior/horse_twohand_sword/combo_03.gr2	d:/ymir work/pc/warrior/horse_twohand_sword/combo_03.gr2	1
PC/ymir work/pc/warrior/horse_twohand_sword/skill_splash.gr2	d:/ymir work/pc/warrior/horse_twohand_sword/skill_splash.gr2	1
PC/ymir work/pc/warrior/horse_twohand_sword/skill_splash.msa	d:/ymir work/pc/warrior/horse_twohand_sword/skill_splash.msa	1
PC/ymir work/pc/warrior/horse_twohand_sword/skill_wildattack.gr2	d:/ymir work/pc/warrior/horse_twohand_sword/skill_wildattack.gr2	1
PC/ymir work/pc/warrior/horse_twohand_sword/skill_wildattack.msa	d:/ymir work/pc/warrior/horse_twohand_sword/skill_wildattack.msa	1
PC/ymir work/pc/warrior/intro/selected.msa	d:/ymir work/pc/warrior/intro/selected.msa	1
PC/ymir work/pc/warrior/onehand_sword/attack_1.gr2	d:/ymir work/pc/warrior/onehand_sword/attack_1.gr2	1
PC/ymir work/pc/warrior/onehand_sword/change_weapon.gr2	d:/ymir work/pc/warrior/onehand_sword/change_weapon.gr2	1
PC/ymir work/pc/warrior/onehand_sword/combo_01.msa	d:/ymir work/pc/warrior/onehand_sword/combo_01.msa	1
PC/ymir work/pc/warrior/onehand_sword/combo_02.gr2	d:/ymir work/pc/warrior/onehand_sword/combo_02.gr2	1
PC/ymir work/pc/warrior/onehand_sword/combo_03.gr2	d:/ymir work/pc/warrior/onehand_sword/combo_03.gr2	1
PC/ymir work/pc/warrior/onehand_sword/combo_05.msa	d:/ymir work/pc/warrior/onehand_sword/combo_05.msa	1
PC/ymir work/pc/warrior/onehand_sword/combo_07.gr2	d:/ymir work/pc/warrior/onehand_sword/combo_07.gr2	1
PC/ymir work/pc/warrior/onehand_sword/combo_07.msa	d:/ymir work/pc/warrior/onehand_sword/combo_07.msa	1
PC/ymir work/pc/warrior/onehand_sword/damage.gr2	d:/ymir work/pc/warrior/onehand_sword/damage.gr2	1
PC/ymir work/pc/warrior/onehand_sword/damage.msa	d:/ymir work/pc/warrior/onehand_sword/damage.msa	1
PC/ymir work/pc/warrior/onehand_sword/damage_1.msa	d:/ymir work/pc/warrior/onehand_sword/damage_1.msa	1
PC/ymir work/pc/warrior/onehand_sword/damage_3.msa	d:/ymir work/pc/warrior/onehand_sword/damage_3.msa	1
PC/ymir work/pc/warrior/onehand_sword/pick_up.msa	d:/ymir work/pc/warrior/onehand_sword/pick_up.msa	1
PC/ymir work/pc/warrior/onehand_sword/rampage.msa	d:/ymir work/pc/warrior/onehand_sword/rampage.msa	1
PC/ymir work/pc/warrior/onehand_sword/rampage_01.msa	d:/ymir work/pc/warrior/onehand_sword/rampage_01.msa	1
PC/ymir work/pc/warrior/skill/gyeoksan.msk	d:/ymir work/pc/warrior/skill/gyeoksan.msk	1
PC/ymir work/pc/warrior/onehand_sword/rampage_02.gr2	d:/ymir work/pc/warrior/onehand_sword/rampage_02.gr2	1
PC/ymir work/pc/warrior/onehand_sword/rampage_03.gr2	d:/ymir work/pc/warrior/onehand_sword/rampage_03.gr2	1
PC/ymir work/pc/warrior/onehand_sword/run.gr2	d:/ymir work/pc/warrior/onehand_sword/run.gr2	1
PC/ymir work/pc/warrior/onehand_sword/wait.gr2	d:/ymir work/pc/warrior/onehand_sword/wait.gr2	1
PC/ymir work/pc/warrior/onehand_sword/wait_1.msa	d:/ymir work/pc/warrior/onehand_sword/wait_1.msa	1
PC/ymir work/pc/warrior/onehand_sword/walk.gr2	d:/ymir work/pc/warrior/onehand_sword/walk.gr2	1
PC/ymir work/pc/warrior/onehand_sword/walk.msa	d:/ymir work/pc/warrior/onehand_sword/walk.msa	1
PC/ymir work/pc/warrior/skill/cheongeun.gr2	d:/ymir work/pc/warrior/skill/cheongeun.gr2	1
PC/ymir work/pc/warrior/skill/cheongeun.msa	d:/ymir work/pc/warrior/skill/cheongeun.msa	1
PC/ymir work/pc/warrior/skill/cheongeun.msk	d:/ymir work/pc/warrior/skill/cheongeun.msk	1
PC/ymir work/pc/warrior/skill/cheongeun_2.msa	d:/ymir work/pc/warrior/skill/cheongeun_2.msa	1
PC/ymir work/pc/warrior/skill/cheongeun_4.msa	d:/ymir work/pc/warrior/skill/cheongeun_4.msa	1
PC/ymir work/pc/warrior/skill/cheongeun_5.msa	d:/ymir work/pc/warrior/skill/cheongeun_5.msa	1
PC/ymir work/pc/warrior/skill/daejin.msa	d:/ymir work/pc/warrior/skill/daejin.msa	1
PC/ymir work/pc/warrior/skill/daejin.msk	d:/ymir work/pc/warrior/skill/daejin.msk	1
PC/ymir work/pc/warrior/skill/daejin_2.msa	d:/ymir work/pc/warrior/skill/daejin_2.msa	1
PC/ymir work/pc/warrior/skill/daejin_4.msa	d:/ymir work/pc/warrior/skill/daejin_4.msa	1
PC/ymir work/pc/warrior/skill/geomgyeong.gr2	d:/ymir work/pc/warrior/skill/geomgyeong.gr2	1
PC/ymir work/pc/warrior/skill/geomgyeong.msa	d:/ymir work/pc/warrior/skill/geomgyeong.msa	1
PC/ymir work/pc/warrior/skill/geomgyeong_2.msa	d:/ymir work/pc/warrior/skill/geomgyeong_2.msa	1
PC/ymir work/pc/warrior/skill/geomgyeong_4.msa	d:/ymir work/pc/warrior/skill/geomgyeong_4.msa	1
PC/ymir work/pc/warrior/skill/geomgyeong_5.msa	d:/ymir work/pc/warrior/skill/geomgyeong_5.msa	1
PC/ymir work/pc/warrior/skill/geompung.gr2	d:/ymir work/pc/warrior/skill/geompung.gr2	1
PC/ymir work/pc/warrior/skill/geompung.msa	d:/ymir work/pc/warrior/skill/geompung.msa	1
PC/ymir work/pc/warrior/skill/geompung.msk	d:/ymir work/pc/warrior/skill/geompung.msk	1
PC/ymir work/pc/warrior/skill/geompung_3.msa	d:/ymir work/pc/warrior/skill/geompung_3.msa	1
PC/ymir work/pc/warrior/skill/geunseong.msk	d:/ymir work/pc/warrior/skill/geunseong.msk	1
PC/ymir work/pc/warrior/skill/gigongcham.gr2	d:/ymir work/pc/warrior/skill/gigongcham.gr2	1
PC/ymir work/pc/warrior/skill/gigongcham_3.msa	d:/ymir work/pc/warrior/skill/gigongcham_3.msa	1
PC/ymir work/pc/warrior/skill/gigongcham_4.msa	d:/ymir work/pc/warrior/skill/gigongcham_4.msa	1
PC/ymir work/pc/warrior/skill/gigongcham_5.msa	d:/ymir work/pc/warrior/skill/gigongcham_5.msa	1
PC/ymir work/pc/warrior/skill/gigongsul.gr2	d:/ymir work/pc/warrior/skill/gigongsul.gr2	1
PC/ymir work/pc/warrior/skill/gigongsul.msa	d:/ymir work/pc/warrior/skill/gigongsul.msa	1
PC/ymir work/pc/warrior/skill/gihyeol.msa	d:/ymir work/pc/warrior/skill/gihyeol.msa	1
PC/ymir work/pc/warrior/skill/gihyeol_3.msa	d:/ymir work/pc/warrior/skill/gihyeol_3.msa	1
PC/ymir work/pc/warrior/skill/gihyeol_5.msa	d:/ymir work/pc/warrior/skill/gihyeol_5.msa	1
PC/ymir work/pc/warrior/skill/gitu.gr2	d:/ymir work/pc/warrior/skill/gitu.gr2	1
PC/ymir work/pc/warrior/skill/guild_gasokhwa.msa	d:/ymir work/pc/warrior/skill/guild_gasokhwa.msa	1
PC/ymir work/pc/warrior/skill/guild_jumunsul.msa	d:/ymir work/pc/warrior/skill/guild_jumunsul.msa	1
PC/ymir work/pc/warrior/skill/guild_yongsinuibunno.msa	d:/ymir work/pc/warrior/skill/guild_yongsinuibunno.msa	1
PC/ymir work/pc/warrior/skill/gyeoksan.gr2	d:/ymir work/pc/warrior/skill/gyeoksan.gr2	1
PC/ymir work/pc/warrior/skill/gyeoksan.msa	d:/ymir work/pc/warrior/skill/gyeoksan.msa	1
PC/ymir work/pc/warrior/skill/gyeoksan_2.msa	d:/ymir work/pc/warrior/skill/gyeoksan_2.msa	1
PC/ymir work/pc/warrior/skill/gyeoksan_3.msa	d:/ymir work/pc/warrior/skill/gyeoksan_3.msa	1
PC/ymir work/pc/warrior/skill/gyeoksan_4.msa	d:/ymir work/pc/warrior/skill/gyeoksan_4.msa	1
PC/ymir work/pc/warrior/skill/gyeoksan_double.msa	d:/ymir work/pc/warrior/skill/gyeoksan_double.msa	1
PC/ymir work/pc/warrior/skill/jeongwi.gr2	d:/ymir work/pc/warrior/skill/jeongwi.gr2	1
PC/ymir work/pc/warrior/skill/jeongwi.msa	d:/ymir work/pc/warrior/skill/jeongwi.msa	1
PC/ymir work/pc/warrior/skill/jeongwi.msk	d:/ymir work/pc/warrior/skill/jeongwi.msk	1
PC/ymir work/pc/warrior/skill/jeongwi_3.msa	d:/ymir work/pc/warrior/skill/jeongwi_3.msa	1
PC/ymir work/pc/warrior/skill/jeongwi_4.msa	d:/ymir work/pc/warrior/skill/jeongwi_4.msa	1
PC/ymir work/pc/warrior/skill/jeonsinbangeo.msa	d:/ymir work/pc/warrior/skill/jeonsinbangeo.msa	1
PC/ymir work/pc/warrior/skill/jeonsingonggyeok.gr2	d:/ymir work/pc/warrior/skill/jeonsingonggyeok.gr2	1
PC/ymir work/pc/warrior/skill/jeonsingonggyeok.msa	d:/ymir work/pc/warrior/skill/jeonsingonggyeok.msa	1
PC/ymir work/pc/warrior/skill/jipjung.msa	d:/ymir work/pc/warrior/skill/jipjung.msa	1
PC/ymir work/pc/warrior/skill/kwaegeom.msk	d:/ymir work/pc/warrior/skill/kwaegeom.msk	1
PC/ymir work/pc/warrior/skill/musa.gr2	d:/ymir work/pc/warrior/skill/musa.gr2	1
PC/ymir work/pc/warrior/skill/musa.msk	d:/ymir work/pc/warrior/skill/musa.msk	1
PC/ymir work/pc/warrior/skill/noegeom.msa	d:/ymir work/pc/warrior/skill/noegeom.msa	1
PC/ymir work/pc/warrior/skill/noegeom.msk	d:/ymir work/pc/warrior/skill/noegeom.msk	1
PC/ymir work/pc/warrior/skill/palbang.msa	d:/ymir work/pc/warrior/skill/palbang.msa	1
PC/ymir work/pc/warrior/skill/palbang.msk	d:/ymir work/pc/warrior/skill/palbang.msk	1
PC/ymir work/pc/warrior/twohand_sword/wait_1.gr2	d:/ymir work/pc/warrior/twohand_sword/wait_1.gr2	1
PC/ymir work/pc/warrior/skill/palbang_4.msa	d:/ymir work/pc/warrior/skill/palbang_4.msa	1
PC/ymir work/pc/warrior/skill/palbang_5.msa	d:/ymir work/pc/warrior/skill/palbang_5.msa	1
PC/ymir work/pc/warrior/skill/samyeon.gr2	d:/ymir work/pc/warrior/skill/samyeon.gr2	1
PC/ymir work/pc/warrior/skill/samyeon.msa	d:/ymir work/pc/warrior/skill/samyeon.msa	1
PC/ymir work/pc/warrior/skill/samyeon_4.msa	d:/ymir work/pc/warrior/skill/samyeon_4.msa	1
PC/ymir work/pc/warrior/skill/samyeon_5.msa	d:/ymir work/pc/warrior/skill/samyeon_5.msa	1
PC/ymir work/pc/warrior/skill/tanhwan.msa	d:/ymir work/pc/warrior/skill/tanhwan.msa	1
PC/ymir work/pc/warrior/skill/tanhwan.msk	d:/ymir work/pc/warrior/skill/tanhwan.msk	1
PC/ymir work/pc/warrior/skill/tanhwan_3.msa	d:/ymir work/pc/warrior/skill/tanhwan_3.msa	1
PC/ymir work/pc/warrior/skill/tanhwan_4.msa	d:/ymir work/pc/warrior/skill/tanhwan_4.msa	1
PC/ymir work/pc/warrior/skill/tanhwan_5.msa	d:/ymir work/pc/warrior/skill/tanhwan_5.msa	1
PC/ymir work/pc/warrior/skill/tuji.msk	d:/ymir work/pc/warrior/skill/tuji.msk	1
PC/ymir work/pc/warrior/twohand_sword/change_weapon.gr2	d:/ymir work/pc/warrior/twohand_sword/change_weapon.gr2	1
PC/ymir work/pc/warrior/twohand_sword/combo_01.msa	d:/ymir work/pc/warrior/twohand_sword/combo_01.msa	1
PC/ymir work/pc/warrior/twohand_sword/combo_02.msa	d:/ymir work/pc/warrior/twohand_sword/combo_02.msa	1
PC/ymir work/pc/warrior/twohand_sword/combo_03.gr2	d:/ymir work/pc/warrior/twohand_sword/combo_03.gr2	1
PC/ymir work/pc/warrior/twohand_sword/combo_03.msa	d:/ymir work/pc/warrior/twohand_sword/combo_03.msa	1
PC/ymir work/pc/warrior/twohand_sword/combo_04.gr2	d:/ymir work/pc/warrior/twohand_sword/combo_04.gr2	1
PC/ymir work/pc/warrior/twohand_sword/combo_04.msa	d:/ymir work/pc/warrior/twohand_sword/combo_04.msa	1
PC/ymir work/pc/warrior/twohand_sword/combo_05.msa	d:/ymir work/pc/warrior/twohand_sword/combo_05.msa	1
PC/ymir work/pc/warrior/twohand_sword/combo_06.gr2	d:/ymir work/pc/warrior/twohand_sword/combo_06.gr2	1
PC/ymir work/pc/warrior/twohand_sword/combo_06.msa	d:/ymir work/pc/warrior/twohand_sword/combo_06.msa	1
PC/ymir work/pc/warrior/twohand_sword/combo_07.gr2	d:/ymir work/pc/warrior/twohand_sword/combo_07.gr2	1
PC/ymir work/pc/warrior/twohand_sword/damage.gr2	d:/ymir work/pc/warrior/twohand_sword/damage.gr2	1
PC/ymir work/pc/warrior/twohand_sword/damage_1.msa	d:/ymir work/pc/warrior/twohand_sword/damage_1.msa	1
PC/ymir work/pc/warrior/twohand_sword/damage_2.msa	d:/ymir work/pc/warrior/twohand_sword/damage_2.msa	1
PC/ymir work/pc/warrior/twohand_sword/pick_up.gr2	d:/ymir work/pc/warrior/twohand_sword/pick_up.gr2	1
PC/ymir work/pc/warrior/twohand_sword/pick_up.msa	d:/ymir work/pc/warrior/twohand_sword/pick_up.msa	1
PC/ymir work/pc/warrior/twohand_sword/rampage_01.msa	d:/ymir work/pc/warrior/twohand_sword/rampage_01.msa	1
PC/ymir work/pc/warrior/twohand_sword/rampage_02.msa	d:/ymir work/pc/warrior/twohand_sword/rampage_02.msa	1
PC/ymir work/pc/warrior/twohand_sword/rampage_03.gr2	d:/ymir work/pc/warrior/twohand_sword/rampage_03.gr2	1
PC/ymir work/pc/warrior/twohand_sword/rampage_03.msa	d:/ymir work/pc/warrior/twohand_sword/rampage_03.msa	1
PC/ymir work/pc/warrior/twohand_sword/run.gr2	d:/ymir work/pc/warrior/twohand_sword/run.gr2	1
PC/ymir work/pc/warrior/twohand_sword/wait.gr2	d:/ymir work/pc/warrior/twohand_sword/wait.gr2	1
PC/ymir work/pc/warrior/twohand_sword/wait.msa	d:/ymir work/pc/warrior/twohand_sword/wait.msa	1
PC/ymir work/pc/warrior/wedding/wait.msa	d:/ymir work/pc/warrior/wedding/wait.msa	1
PC/ymir work/pc/warrior/wedding/walk.gr2	d:/ymir work/pc/warrior/wedding/walk.gr2	1
PC/ymir work/pc/warrior/wedding/walk.msa	d:/ymir work/pc/warrior/wedding/walk.msa	1
