pc2/ymir work/pc2/assassin/skill/hwajo_2.msa	d:/ymir work/pc2/assassin/skill/hwajo_2.msa	1
pc2/ymir work/pc2/assassin/action/kiss_with_sura.msa	d:/ymir work/pc2/assassin/action/kiss_with_sura.msa	1
pc2/ymir work/pc2/assassin/assassin_yonga.dds	d:/ymir work/pc2/assassin/assassin_yonga.dds	1
pc2/ymir work/pc2/assassin/skill/evasion.msk	d:/ymir work/pc2/assassin/skill/evasion.msk	1
pc2/ymir work/pc2/assassin/assassin_marry_01_lod_02.gr2	d:/ymir work/pc2/assassin/assassin_marry_01_lod_02.gr2	1
pc2/ymir work/pc2/warrior/skill/samyeon.gr2	d:/ymir work/pc2/warrior/skill/samyeon.gr2	1
pc2/ymir work/pc2/assassin/dualhand_sword/damage.msa	d:/ymir work/pc2/assassin/dualhand_sword/damage.msa	1
pc2/ymir work/pc2/assassin/action/cheerup.msa	d:/ymir work/pc2/assassin/action/cheerup.msa	1
pc2/ymir work/pc2/changemsa.py	d:/ymir work/pc2/changemsa.py	1
pc2/ymir work/pc2/assassin/skill/charyun_5.msa	d:/ymir work/pc2/assassin/skill/charyun_5.msa	1
pc2/ymir work/pc2/findfilesbyext.py	d:/ymir work/pc2/findfilesbyext.py	1
pc2/ymir work/pc2/assassin/action/dance_5.gr2	d:/ymir work/pc2/assassin/action/dance_5.gr2	1
pc2/ymir work/pc2/sura/horse/skill_charge.msa	d:/ymir work/pc2/sura/horse/skill_charge.msa	1
pc2/ymir work/pc2/assassin/skill/gungsin.msa	d:/ymir work/pc2/assassin/skill/gungsin.msa	1
pc2/ymir work/pc2/assassin/assassin_tanma_lod_01.gr2	d:/ymir work/pc2/assassin/assassin_tanma_lod_01.gr2	1
pc2/ymir work/pc2/assassin/general/wait_1.msa	d:/ymir work/pc2/assassin/general/wait_1.msa	1
pc2/ymir work/pc2/assassin/horse_dualhand_sword/skill_wildattack.msa	d:/ymir work/pc2/assassin/horse_dualhand_sword/skill_wildattack.msa	1
pc2/ymir work/pc2/assassin/fishing/walk.msa	d:/ymir work/pc2/assassin/fishing/walk.msa	1
pc2/ymir work/pc2/assassin/assassin_bihyeon_lod_01.gr2	d:/ymir work/pc2/assassin/assassin_bihyeon_lod_01.gr2	1
pc2/ymir work/pc2/sura/sura_marry_01_lod_02.gr2	d:/ymir work/pc2/sura/sura_marry_01_lod_02.gr2	1
pc2/ymir work/pc2/assassin/skill/gungsin_2.msa	d:/ymir work/pc2/assassin/skill/gungsin_2.msa	1
pc2/ymir work/pc2/assassin/assassin_4-1_lod_01.gr2	d:/ymir work/pc2/assassin/assassin_4-1_lod_01.gr2	1
pc2/ymir work/pc2/sura/general/back_falling_stand.msa	d:/ymir work/pc2/sura/general/back_falling_stand.msa	1
pc2/ymir work/pc2/assassin/assassin_4-1.gr2	d:/ymir work/pc2/assassin/assassin_4-1.gr2	1
pc2/ymir work/pc2/assassin/skill/sangong_4.msa	d:/ymir work/pc2/assassin/skill/sangong_4.msa	1
pc2/ymir work/pc2/assassin/dualhand_sword/change_weapon.msa	d:/ymir work/pc2/assassin/dualhand_sword/change_weapon.msa	1
pc2/ymir work/pc2/assassin/assassin.msm	d:/ymir work/pc2/assassin/assassin.msm	1
pc2/ymir work/pc2/warrior/twohand_sword/combo_04.gr2	d:/ymir work/pc2/warrior/twohand_sword/combo_04.gr2	1
pc2/ymir work/pc2/assassin/assassin_4-1.dds	d:/ymir work/pc2/assassin/assassin_4-1.dds	1
pc2/ymir work/pc2/sura/sura_lord_lod_02.gr2	d:/ymir work/pc2/sura/sura_lord_lod_02.gr2	1
pc2/ymir work/pc2/sura/skill/geongon.msa	d:/ymir work/pc2/sura/skill/geongon.msa	1
pc2/ymir work/pc2/assassin/assassin_yonga_lod_01.gr2	d:/ymir work/pc2/assassin/assassin_yonga_lod_01.gr2	1
pc2/ymir work/pc2/assassin/assassin_tanma_lod_02.gr2	d:/ymir work/pc2/assassin/assassin_tanma_lod_02.gr2	1
pc2/ymir work/pc2/assassin/intro/not_selected.msa	d:/ymir work/pc2/assassin/intro/not_selected.msa	1
pc2/ymir work/pc2/warrior/warrior_4-1_lod_01.gr2	d:/ymir work/pc2/warrior/warrior_4-1_lod_01.gr2	1
pc2/ymir work/pc2/sura/general/damage_1.gr2	d:/ymir work/pc2/sura/general/damage_1.gr2	1
pc2/ymir work/pc2/assassin/skill/charyun_2.msa	d:/ymir work/pc2/assassin/skill/charyun_2.msa	1
pc2/ymir work/pc2/warrior/warrior_yongsin_lod_01.gr2	d:/ymir work/pc2/warrior/warrior_yongsin_lod_01.gr2	1
pc2/ymir work/pc2/assassin/assassin_4-1_lod_02.gr2	d:/ymir work/pc2/assassin/assassin_4-1_lod_02.gr2	1
pc2/ymir work/pc2/assassin/assassin_4-1_lod_03.gr2	d:/ymir work/pc2/assassin/assassin_4-1_lod_03.gr2	1
pc2/ymir work/pc2/shaman/skill/wonsin_me.msa	d:/ymir work/pc2/shaman/skill/wonsin_me.msa	1
pc2/ymir work/pc2/warrior/fishing/fishing_wait.msa	d:/ymir work/pc2/warrior/fishing/fishing_wait.msa	1
pc2/ymir work/pc2/assassin/assassin_novicelhair_01.dds	d:/ymir work/pc2/assassin/assassin_novicelhair_01.dds	1
pc2/ymir work/pc2/assassin/assassin_marry_01.gr2	d:/ymir work/pc2/assassin/assassin_marry_01.gr2	1
pc2/ymir work/pc2/assassin/skill/seomjeon.gr2	d:/ymir work/pc2/assassin/skill/seomjeon.gr2	1
pc2/ymir work/pc2/sura/skill/heukma.msk	d:/ymir work/pc2/sura/skill/heukma.msk	1
pc2/ymir work/pc2/assassin/assassin_bihyeon.dds	d:/ymir work/pc2/assassin/assassin_bihyeon.dds	1
pc2/ymir work/pc2/sura/skill/muyeong.msa	d:/ymir work/pc2/sura/skill/muyeong.msa	1
pc2/ymir work/pc2/assassin/hair/hair_3_2.dds	d:/ymir work/pc2/assassin/hair/hair_3_2.dds	1
pc2/ymir work/pc2/sura/sura_marry_01_lod_01.gr2	d:/ymir work/pc2/sura/sura_marry_01_lod_01.gr2	1
pc2/ymir work/pc2/assassin/action/banter.gr2	d:/ymir work/pc2/assassin/action/banter.gr2	1
pc2/ymir work/pc2/shaman/fishing/throw.gr2	d:/ymir work/pc2/shaman/fishing/throw.gr2	1
pc2/ymir work/pc2/shaman/hair/hair_3_4.dds	d:/ymir work/pc2/shaman/hair/hair_3_4.dds	1
pc2/ymir work/pc2/sura/action/dance_3.msa	d:/ymir work/pc2/sura/action/dance_3.msa	1
pc2/ymir work/pc2/assassin/action/attractive.gr2	d:/ymir work/pc2/assassin/action/attractive.gr2	1
pc2/ymir work/pc2/assassin/horse/damage.msa	d:/ymir work/pc2/assassin/horse/damage.msa	1
pc2/ymir work/pc2/assassin/assassin_bihyeon.gr2	d:/ymir work/pc2/assassin/assassin_bihyeon.gr2	1
pc2/ymir work/pc2/warrior/action/clap.msa	d:/ymir work/pc2/warrior/action/clap.msa	1
pc2/ymir work/pc2/common/effect/sword/sword_7.mse	d:/ymir work/pc2/common/effect/sword/sword_7.mse	1
pc2/ymir work/pc2/sura/horse/run.gr2	d:/ymir work/pc2/sura/horse/run.gr2	1
pc2/ymir work/pc2/assassin/action/forgive.msa	d:/ymir work/pc2/assassin/action/forgive.msa	1
pc2/ymir work/pc2/assassin/action/cheerup.gr2	d:/ymir work/pc2/assassin/action/cheerup.gr2	1
pc2/ymir work/pc2/shaman/fan/pick_up.gr2	d:/ymir work/pc2/shaman/fan/pick_up.gr2	1
pc2/ymir work/pc2/warrior/twohand_sword/wait_1.msa	d:/ymir work/pc2/warrior/twohand_sword/wait_1.msa	1
pc2/ymir work/pc2/assassin/assassin_bihyeon_lod_02.gr2	d:/ymir work/pc2/assassin/assassin_bihyeon_lod_02.gr2	1
pc2/ymir work/pc2/warrior/general/damage_flying.gr2	d:/ymir work/pc2/warrior/general/damage_flying.gr2	1
pc2/ymir work/pc2/assassin/horse_onehand_sword/combo_01.gr2	d:/ymir work/pc2/assassin/horse_onehand_sword/combo_01.gr2	1
pc2/ymir work/pc2/assassin/assassin_dahong.dds	d:/ymir work/pc2/assassin/assassin_dahong.dds	1
pc2/ymir work/pc2/warrior/action/angry.msa	d:/ymir work/pc2/warrior/action/angry.msa	1
pc2/ymir work/pc2/shaman/intro/wait.gr2	d:/ymir work/pc2/shaman/intro/wait.gr2	1
pc2/ymir work/pc2/assassin/horse/run.gr2	d:/ymir work/pc2/assassin/horse/run.gr2	1
pc2/ymir work/pc2/assassin/assassin_bihyeon_lod_03.gr2	d:/ymir work/pc2/assassin/assassin_bihyeon_lod_03.gr2	1
pc2/ymir work/pc2/shaman/cheerup.msa	d:/ymir work/pc2/shaman/cheerup.msa	1
pc2/ymir work/pc2/assassin/dualhand_sword/rampage_03.msa	d:/ymir work/pc2/assassin/dualhand_sword/rampage_03.msa	1
pc2/ymir work/pc2/sura/sura_maryeong_lod_03.gr2	d:/ymir work/pc2/sura/sura_maryeong_lod_03.gr2	1
pc2/ymir work/pc2/assassin/assassin_biyeong.dds	d:/ymir work/pc2/assassin/assassin_biyeong.dds	1
pc2/ymir work/pc2/sura/horse/wait_1.msa	d:/ymir work/pc2/sura/horse/wait_1.msa	1
pc2/ymir work/pc2/sura/general/run.gr2	d:/ymir work/pc2/sura/general/run.gr2	1
pc2/ymir work/pc2/shaman/skill/bipabu.msk	d:/ymir work/pc2/shaman/skill/bipabu.msk	1
pc2/ymir work/pc2/assassin/bow/damage_3.gr2	d:/ymir work/pc2/assassin/bow/damage_3.gr2	1
pc2/ymir work/pc2/sura/fishing/walk.msa	d:/ymir work/pc2/sura/fishing/walk.msa	1
pc2/ymir work/pc2/shaman/bell/rampage_01.gr2	d:/ymir work/pc2/shaman/bell/rampage_01.gr2	1
pc2/ymir work/pc2/warrior/skill/geompung_4.msa	d:/ymir work/pc2/warrior/skill/geompung_4.msa	1
pc2/ymir work/pc2/assassin/assassin_hair_03.dds	d:/ymir work/pc2/assassin/assassin_hair_03.dds	1
pc2/ymir work/pc2/warrior/action/kiss_with_shaman.msa	d:/ymir work/pc2/warrior/action/kiss_with_shaman.msa	1
pc2/ymir work/pc2/assassin/general/damage_flying.msa	d:/ymir work/pc2/assassin/general/damage_flying.msa	1
pc2/ymir work/pc2/assassin/assassin_biyeong.gr2	d:/ymir work/pc2/assassin/assassin_biyeong.gr2	1
pc2/ymir work/pc2/assassin/assassin_biyeong_lod_01.gr2	d:/ymir work/pc2/assassin/assassin_biyeong_lod_01.gr2	1
pc2/ymir work/pc2/shaman/action/dance_3.msa	d:/ymir work/pc2/shaman/action/dance_3.msa	1
pc2/ymir work/pc2/sura/onehand_sword/run.gr2	d:/ymir work/pc2/sura/onehand_sword/run.gr2	1
pc2/ymir work/pc2/assassin/intro/not_selected.gr2	d:/ymir work/pc2/assassin/intro/not_selected.gr2	1
pc2/ymir work/pc2/assassin/skill/guild_jumunsul.msa	d:/ymir work/pc2/assassin/skill/guild_jumunsul.msa	1
pc2/ymir work/pc2/assassin/dualhand_sword/rampage_02.gr2	d:/ymir work/pc2/assassin/dualhand_sword/rampage_02.gr2	1
pc2/ymir work/pc2/warrior/action/dance_2.gr2	d:/ymir work/pc2/warrior/action/dance_2.gr2	1
pc2/ymir work/pc2/shaman/skill/pokroe.msa	d:/ymir work/pc2/shaman/skill/pokroe.msa	1
pc2/ymir work/pc2/warrior/horse/dead.gr2	d:/ymir work/pc2/warrior/horse/dead.gr2	1
pc2/ymir work/pc2/assassin/assassin_yonga_lod_02.gr2	d:/ymir work/pc2/assassin/assassin_yonga_lod_02.gr2	1
pc2/ymir work/pc2/assassin/assassin_biyeong_lod_02.gr2	d:/ymir work/pc2/assassin/assassin_biyeong_lod_02.gr2	1
pc2/ymir work/pc2/assassin/onehand_sword/combo_05.msa	d:/ymir work/pc2/assassin/onehand_sword/combo_05.msa	1
pc2/ymir work/pc2/assassin/general/falling_stand.msa	d:/ymir work/pc2/assassin/general/falling_stand.msa	1
pc2/ymir work/pc2/assassin/dualhand_sword/combo_03.msa	d:/ymir work/pc2/assassin/dualhand_sword/combo_03.msa	1
pc2/ymir work/pc2/assassin/action/clap.gr2	d:/ymir work/pc2/assassin/action/clap.gr2	1
pc2/ymir work/pc2/sura/skill/seophonsul.msk	d:/ymir work/pc2/sura/skill/seophonsul.msk	1
pc2/ymir work/pc2/sura/hair/hair_4_1.dds	d:/ymir work/pc2/sura/hair/hair_4_1.dds	1
pc2/ymir work/pc2/assassin/assassin_biyeong_lod_03.gr2	d:/ymir work/pc2/assassin/assassin_biyeong_lod_03.gr2	1
pc2/ymir work/pc2/shaman/shaman_hair_01_black.dds	d:/ymir work/pc2/shaman/shaman_hair_01_black.dds	1
pc2/ymir work/pc2/shaman/skill/budong_5.msa	d:/ymir work/pc2/shaman/skill/budong_5.msa	1
pc2/ymir work/pc2/shaman/bell/pick_up.msa	d:/ymir work/pc2/shaman/bell/pick_up.msa	1
pc2/ymir work/pc2/assassin/horse_dualhand_sword/combo_02.msa	d:/ymir work/pc2/assassin/horse_dualhand_sword/combo_02.msa	1
pc2/ymir work/pc2/assassin/assassin_face.dds	d:/ymir work/pc2/assassin/assassin_face.dds	1
pc2/ymir work/pc2/shaman/skill/jeungsok_target.msa	d:/ymir work/pc2/shaman/skill/jeungsok_target.msa	1
pc2/ymir work/pc2/assassin/assassin_tanma_lod_03.gr2	d:/ymir work/pc2/assassin/assassin_tanma_lod_03.gr2	1
pc2/ymir work/pc2/warrior/warrior_hair_02.dds	d:/ymir work/pc2/warrior/warrior_hair_02.dds	1
pc2/ymir work/pc2/shaman/banter.msa	d:/ymir work/pc2/shaman/banter.msa	1
pc2/ymir work/pc2/shaman/fishing/wait.msa	d:/ymir work/pc2/shaman/fishing/wait.msa	1
pc2/ymir work/pc2/shaman/skill/noejeon.msa	d:/ymir work/pc2/shaman/skill/noejeon.msa	1
pc2/ymir work/pc2/assassin/skill/poison_cloud.msa	d:/ymir work/pc2/assassin/skill/poison_cloud.msa	1
pc2/ymir work/pc2/assassin/assassin_novice_red.dds	d:/ymir work/pc2/assassin/assassin_novice_red.dds	1
pc2/ymir work/pc2/assassin/skill/poison_cloud.msk	d:/ymir work/pc2/assassin/skill/poison_cloud.msk	1
pc2/ymir work/pc2/assassin/assassin_hair_01_brown.dds	d:/ymir work/pc2/assassin/assassin_hair_01_brown.dds	1
pc2/ymir work/pc2/sura/hair/hair_4_1.gr2	d:/ymir work/pc2/sura/hair/hair_4_1.gr2	1
pc2/ymir work/pc2/assassin/assassin_geukseom.dds	d:/ymir work/pc2/assassin/assassin_geukseom.dds	1
pc2/ymir work/pc2/assassin/dualhand_sword/combo_06.gr2	d:/ymir work/pc2/assassin/dualhand_sword/combo_06.gr2	1
pc2/ymir work/pc2/assassin/dualhand_sword/combo_07.gr2	d:/ymir work/pc2/assassin/dualhand_sword/combo_07.gr2	1
pc2/ymir work/pc2/shaman/action/banter.gr2	d:/ymir work/pc2/shaman/action/banter.gr2	1
pc2/ymir work/pc2/shaman/intro/selected.msa	d:/ymir work/pc2/shaman/intro/selected.msa	1
pc2/ymir work/pc2/assassin/assassin_hair_01.dds	d:/ymir work/pc2/assassin/assassin_hair_01.dds	1
pc2/ymir work/pc2/assassin/horse_bow/wait_2.msa	d:/ymir work/pc2/assassin/horse_bow/wait_2.msa	1
pc2/ymir work/pc2/assassin/assassin_marry_01_lod_01.gr2	d:/ymir work/pc2/assassin/assassin_marry_01_lod_01.gr2	1
pc2/ymir work/pc2/sura/onehand_sword/combo_05.gr2	d:/ymir work/pc2/sura/onehand_sword/combo_05.gr2	1
pc2/ymir work/pc2/assassin/assassin_hair_01_black.dds	d:/ymir work/pc2/assassin/assassin_hair_01_black.dds	1
pc2/ymir work/pc2/shaman/skill/jeungji.msk	d:/ymir work/pc2/shaman/skill/jeungji.msk	1
pc2/ymir work/pc2/shaman/general/back_falling_stand.gr2	d:/ymir work/pc2/shaman/general/back_falling_stand.gr2	1
pc2/ymir work/pc2/assassin/skill/make_poison.msk	d:/ymir work/pc2/assassin/skill/make_poison.msk	1
pc2/ymir work/pc2/sura/action/slap_hurt.gr2	d:/ymir work/pc2/sura/action/slap_hurt.gr2	1
pc2/ymir work/pc2/assassin/assassin_marry_01_lod_03.gr2	d:/ymir work/pc2/assassin/assassin_marry_01_lod_03.gr2	1
pc2/ymir work/pc2/warrior/warrior_nahan_lod_02.gr2	d:/ymir work/pc2/warrior/warrior_nahan_lod_02.gr2	1
pc2/ymir work/pc2/sura/skill/jeoju.msa	d:/ymir work/pc2/sura/skill/jeoju.msa	1
pc2/ymir work/pc2/shaman/fan/run.gr2	d:/ymir work/pc2/shaman/fan/run.gr2	1
pc2/ymir work/pc2/sura/general/change_weapon.gr2	d:/ymir work/pc2/sura/general/change_weapon.gr2	1
pc2/ymir work/pc2/assassin/assassin_hair_01_gold.dds	d:/ymir work/pc2/assassin/assassin_hair_01_gold.dds	1
pc2/ymir work/pc2/assassin/assassin_novice_lod_02.gr2	d:/ymir work/pc2/assassin/assassin_novice_lod_02.gr2	1
pc2/ymir work/pc2/sura/action/clap.gr2	d:/ymir work/pc2/sura/action/clap.gr2	1
pc2/ymir work/pc2/assassin/hair/hair_4_2.dds	d:/ymir work/pc2/assassin/hair/hair_4_2.dds	1
pc2/ymir work/pc2/assassin/assassin_hair_01_red.dds	d:/ymir work/pc2/assassin/assassin_hair_01_red.dds	1
pc2/ymir work/pc2/warrior/action/joy.gr2	d:/ymir work/pc2/warrior/action/joy.gr2	1
pc2/ymir work/pc2/assassin/assassin_hair_01_white.dds	d:/ymir work/pc2/assassin/assassin_hair_01_white.dds	1
pc2/ymir work/pc2/assassin/assassin_novice_green.dds	d:/ymir work/pc2/assassin/assassin_novice_green.dds	1
pc2/ymir work/pc2/shaman/general/damage_flying.gr2	d:/ymir work/pc2/shaman/general/damage_flying.gr2	1
pc2/ymir work/pc2/assassin/horse_bow/skill_splash.msa	d:/ymir work/pc2/assassin/horse_bow/skill_splash.msa	1
pc2/ymir work/pc2/shaman/action/congratulation.msa	d:/ymir work/pc2/shaman/action/congratulation.msa	1
pc2/ymir work/pc2/warrior/fishing/wait.gr2	d:/ymir work/pc2/warrior/fishing/wait.gr2	1
pc2/ymir work/pc2/assassin/bow/attack_2.gr2	d:/ymir work/pc2/assassin/bow/attack_2.gr2	1
pc2/ymir work/pc2/assassin/assassin_lord_lod_03.gr2	d:/ymir work/pc2/assassin/assassin_lord_lod_03.gr2	1
pc2/ymir work/pc2/assassin/action/dance_5.msa	d:/ymir work/pc2/assassin/action/dance_5.msa	1
pc2/ymir work/pc2/shaman/fan/combo_02.msa	d:/ymir work/pc2/shaman/fan/combo_02.msa	1
pc2/ymir work/pc2/warrior/twohand_sword/wait_1.gr2	d:/ymir work/pc2/warrior/twohand_sword/wait_1.gr2	1
pc2/ymir work/pc2/assassin/skill/gigung.msa	d:/ymir work/pc2/assassin/skill/gigung.msa	1
pc2/ymir work/pc2/assassin/onehand_sword/damage.msa	d:/ymir work/pc2/assassin/onehand_sword/damage.msa	1
pc2/ymir work/pc2/assassin/assassin_yeongrin.dds	d:/ymir work/pc2/assassin/assassin_yeongrin.dds	1
pc2/ymir work/pc2/sura/horse/walk.msa	d:/ymir work/pc2/sura/horse/walk.msa	1
pc2/ymir work/pc2/assassin/action/congratulation.gr2	d:/ymir work/pc2/assassin/action/congratulation.gr2	1
pc2/ymir work/pc2/shaman/general/falling_stand.msa	d:/ymir work/pc2/shaman/general/falling_stand.msa	1
pc2/ymir work/pc2/assassin/assassin_hair_02.dds	d:/ymir work/pc2/assassin/assassin_hair_02.dds	1
pc2/ymir work/pc2/warrior/onehand_sword/combo_05.msa	d:/ymir work/pc2/warrior/onehand_sword/combo_05.msa	1
pc2/ymir work/pc2/assassin/skill/cheonryong.msa	d:/ymir work/pc2/assassin/skill/cheonryong.msa	1
pc2/ymir work/pc2/assassin/assassin_tanma.gr2	d:/ymir work/pc2/assassin/assassin_tanma.gr2	1
pc2/ymir work/pc2/warrior/warrior_yongsin.gr2	d:/ymir work/pc2/warrior/warrior_yongsin.gr2	1
pc2/ymir work/pc2/assassin/general/falling_stand.gr2	d:/ymir work/pc2/assassin/general/falling_stand.gr2	1
pc2/ymir work/pc2/assassin/assassin_jeoksal.dds	d:/ymir work/pc2/assassin/assassin_jeoksal.dds	1
pc2/ymir work/pc2/shaman/general/damage_3.gr2	d:/ymir work/pc2/shaman/general/damage_3.gr2	1
pc2/ymir work/pc2/assassin/assassin_lord.gr2	d:/ymir work/pc2/assassin/assassin_lord.gr2	1
pc2/ymir work/pc2/assassin/action/angry.gr2	d:/ymir work/pc2/assassin/action/angry.gr2	1
pc2/ymir work/pc2/assassin/assassin_lord_lod_01.gr2	d:/ymir work/pc2/assassin/assassin_lord_lod_01.gr2	1
pc2/ymir work/pc2/assassin/onehand_sword/wait.gr2	d:/ymir work/pc2/assassin/onehand_sword/wait.gr2	1
pc2/ymir work/pc2/assassin/assassin_salpung.dds	d:/ymir work/pc2/assassin/assassin_salpung.dds	1
pc2/ymir work/pc2/assassin/skill/eunhyeong.msa	d:/ymir work/pc2/assassin/skill/eunhyeong.msa	1
pc2/ymir work/pc2/shaman/action/sad.msa	d:/ymir work/pc2/shaman/action/sad.msa	1
pc2/ymir work/pc2/shaman/horse_fan/skill_wildattack.gr2	d:/ymir work/pc2/shaman/horse_fan/skill_wildattack.gr2	1
pc2/ymir work/pc2/sura/onehand_sword/damage_1.gr2	d:/ymir work/pc2/sura/onehand_sword/damage_1.gr2	1
pc2/ymir work/pc2/assassin/assassin_lord_lod_02.gr2	d:/ymir work/pc2/assassin/assassin_lord_lod_02.gr2	1
pc2/ymir work/pc2/warrior/general/damage_2.gr2	d:/ymir work/pc2/warrior/general/damage_2.gr2	1
pc2/ymir work/pc2/assassin/assassin_marry_01.dds	d:/ymir work/pc2/assassin/assassin_marry_01.dds	1
pc2/ymir work/pc2/shaman/general/_run.gr2	d:/ymir work/pc2/shaman/general/_run.gr2	1
pc2/ymir work/pc2/assassin/skill/sangong_2.msa	d:/ymir work/pc2/assassin/skill/sangong_2.msa	1
pc2/ymir work/pc2/shaman/skill/yongpa_2.msa	d:/ymir work/pc2/shaman/skill/yongpa_2.msa	1
pc2/ymir work/pc2/assassin/assassin_novice.gr2	d:/ymir work/pc2/assassin/assassin_novice.gr2	1
pc2/ymir work/pc2/shaman/shaman_miyeom.dds	d:/ymir work/pc2/shaman/shaman_miyeom.dds	1
pc2/ymir work/pc2/warrior/onehand_sword/damage_1.gr2	d:/ymir work/pc2/warrior/onehand_sword/damage_1.gr2	1
pc2/ymir work/pc2/assassin/skill/yosangbeop.msk	d:/ymir work/pc2/assassin/skill/yosangbeop.msk	1
pc2/ymir work/pc2/shaman/fan/combo_07.gr2	d:/ymir work/pc2/shaman/fan/combo_07.gr2	1
pc2/ymir work/pc2/assassin/assassin_novice_lod_01.gr2	d:/ymir work/pc2/assassin/assassin_novice_lod_01.gr2	1
pc2/ymir work/pc2/shaman/action/clap.gr2	d:/ymir work/pc2/shaman/action/clap.gr2	1
pc2/ymir work/pc2/assassin/assassin_novice_lod_03.gr2	d:/ymir work/pc2/assassin/assassin_novice_lod_03.gr2	1
pc2/ymir work/pc2/warrior/twohand_sword/run.gr2	d:/ymir work/pc2/warrior/twohand_sword/run.gr2	1
pc2/ymir work/pc2/assassin/assassin_queen01.dds	d:/ymir work/pc2/assassin/assassin_queen01.dds	1
pc2/ymir work/pc2/assassin/action/french_kiss_with_shaman.msa	d:/ymir work/pc2/assassin/action/french_kiss_with_shaman.msa	1
pc2/ymir work/pc2/sura/skill/heupjeongsul.msk	d:/ymir work/pc2/sura/skill/heupjeongsul.msk	1
pc2/ymir work/pc2/assassin/assassin_tanma.dds	d:/ymir work/pc2/assassin/assassin_tanma.dds	1
pc2/ymir work/pc2/assassin/wedding/walk.msa	d:/ymir work/pc2/assassin/wedding/walk.msa	1
pc2/ymir work/pc2/shaman/skill/guild_yongsinuipi.msa	d:/ymir work/pc2/shaman/skill/guild_yongsinuipi.msa	1
pc2/ymir work/pc2/shaman/skill/jeungryeok_3.msa	d:/ymir work/pc2/shaman/skill/jeungryeok_3.msa	1
pc2/ymir work/pc2/assassin/fishing/fishing_catch.gr2	d:/ymir work/pc2/assassin/fishing/fishing_catch.gr2	1
pc2/ymir work/pc2/assassin/bow/damage_2.gr2	d:/ymir work/pc2/assassin/bow/damage_2.gr2	1
pc2/ymir work/pc2/assassin/assassin_yonga.gr2	d:/ymir work/pc2/assassin/assassin_yonga.gr2	1
pc2/ymir work/pc2/assassin/skill/seomjeon_4.msa	d:/ymir work/pc2/assassin/skill/seomjeon_4.msa	1
pc2/ymir work/pc2/sura/action/angry.gr2	d:/ymir work/pc2/sura/action/angry.gr2	1
pc2/ymir work/pc2/shaman/shaman_cheongnang.dds	d:/ymir work/pc2/shaman/shaman_cheongnang.dds	1
pc2/ymir work/pc2/warrior/action/joy.msa	d:/ymir work/pc2/warrior/action/joy.msa	1
pc2/ymir work/pc2/sura/onehand_sword/damage_1.msa	d:/ymir work/pc2/sura/onehand_sword/damage_1.msa	1
pc2/ymir work/pc2/assassin/assassin_yonga_lod_03.gr2	d:/ymir work/pc2/assassin/assassin_yonga_lod_03.gr2	1
pc2/ymir work/pc2/assassin/action/angry.msa	d:/ymir work/pc2/assassin/action/angry.msa	1
pc2/ymir work/pc2/warrior/warrior_marry_01_lod_01.gr2	d:/ymir work/pc2/warrior/warrior_marry_01_lod_01.gr2	1
pc2/ymir work/pc2/assassin/skill/gwangyeok.gr2	d:/ymir work/pc2/assassin/skill/gwangyeok.gr2	1
pc2/ymir work/pc2/shaman/fan/combo_05.msa	d:/ymir work/pc2/shaman/fan/combo_05.msa	1
pc2/ymir work/pc2/warrior/onehand_sword/pick_up.msa	d:/ymir work/pc2/warrior/onehand_sword/pick_up.msa	1
pc2/ymir work/pc2/sura/skill/unhyeolsul.msk	d:/ymir work/pc2/sura/skill/unhyeolsul.msk	1
pc2/ymir work/pc2/assassin/action/attractive.msa	d:/ymir work/pc2/assassin/action/attractive.msa	1
pc2/ymir work/pc2/assassin/action/banter.msa	d:/ymir work/pc2/assassin/action/banter.msa	1
pc2/ymir work/pc2/shaman/skill/paeryong_2.msa	d:/ymir work/pc2/shaman/skill/paeryong_2.msa	1
pc2/ymir work/pc2/assassin/bow/attack_1.msa	d:/ymir work/pc2/assassin/bow/attack_1.msa	1
pc2/ymir work/pc2/assassin/action/cheers_1.gr2	d:/ymir work/pc2/assassin/action/cheers_1.gr2	1
pc2/ymir work/pc2/shaman/bell/damage_3.msa	d:/ymir work/pc2/shaman/bell/damage_3.msa	1
pc2/ymir work/pc2/warrior/fishing/fishing_cancel.msa	d:/ymir work/pc2/warrior/fishing/fishing_cancel.msa	1
pc2/ymir work/pc2/assassin/skill/make_trap.msa	d:/ymir work/pc2/assassin/skill/make_trap.msa	1
pc2/ymir work/pc2/shaman/action/cheerup.gr2	d:/ymir work/pc2/shaman/action/cheerup.gr2	1
pc2/ymir work/pc2/assassin/action/cheers_1.msa	d:/ymir work/pc2/assassin/action/cheers_1.msa	1
pc2/ymir work/pc2/assassin/fishing/throw.gr2	d:/ymir work/pc2/assassin/fishing/throw.gr2	1
pc2/ymir work/pc2/assassin/action/french_kiss_with_warrior.msa	d:/ymir work/pc2/assassin/action/french_kiss_with_warrior.msa	1
pc2/ymir work/pc2/assassin/action/cheers_2.gr2	d:/ymir work/pc2/assassin/action/cheers_2.gr2	1
pc2/ymir work/pc2/assassin/action/cheers_2.msa	d:/ymir work/pc2/assassin/action/cheers_2.msa	1
pc2/ymir work/pc2/assassin/hair/hair_4_1.dds	d:/ymir work/pc2/assassin/hair/hair_4_1.dds	1
pc2/ymir work/pc2/assassin/action/french_kiss_with_warrior.gr2	d:/ymir work/pc2/assassin/action/french_kiss_with_warrior.gr2	1
pc2/ymir work/pc2/assassin/action/clap.msa	d:/ymir work/pc2/assassin/action/clap.msa	1
pc2/ymir work/pc2/assassin/action/shy.gr2	d:/ymir work/pc2/assassin/action/shy.gr2	1
pc2/ymir work/pc2/warrior/skill/jeonsinbangeo.msk	d:/ymir work/pc2/warrior/skill/jeonsinbangeo.msk	1
pc2/ymir work/pc2/assassin/action/congratulation.msa	d:/ymir work/pc2/assassin/action/congratulation.msa	1
pc2/ymir work/pc2/shaman/horse/wait_2.gr2	d:/ymir work/pc2/shaman/horse/wait_2.gr2	1
pc2/ymir work/pc2/shaman/skill/kwaesok_5.msa	d:/ymir work/pc2/shaman/skill/kwaesok_5.msa	1
pc2/ymir work/pc2/warrior/warrior_4-1_lod_02.gr2	d:/ymir work/pc2/warrior/warrior_4-1_lod_02.gr2	1
pc2/ymir work/pc2/assassin/action/dance_1.gr2	d:/ymir work/pc2/assassin/action/dance_1.gr2	1
pc2/ymir work/pc2/assassin/hair/hair_2_4.dds	d:/ymir work/pc2/assassin/hair/hair_2_4.dds	1
pc2/ymir work/pc2/assassin/action/dance_1.msa	d:/ymir work/pc2/assassin/action/dance_1.msa	1
pc2/ymir work/pc2/assassin/dualhand_sword/rampage.msa	d:/ymir work/pc2/assassin/dualhand_sword/rampage.msa	1
pc2/ymir work/pc2/assassin/hair/hair_1_2.dds	d:/ymir work/pc2/assassin/hair/hair_1_2.dds	1
pc2/ymir work/pc2/assassin/action/dance_2.gr2	d:/ymir work/pc2/assassin/action/dance_2.gr2	1
pc2/ymir work/pc2/shaman/fishing/walk.msa	d:/ymir work/pc2/shaman/fishing/walk.msa	1
pc2/ymir work/pc2/shaman/general/damage_1.gr2	d:/ymir work/pc2/shaman/general/damage_1.gr2	1
pc2/ymir work/pc2/warrior/general/walk.gr2	d:/ymir work/pc2/warrior/general/walk.gr2	1
pc2/ymir work/pc2/assassin/action/dance_3.gr2	d:/ymir work/pc2/assassin/action/dance_3.gr2	1
pc2/ymir work/pc2/assassin/skill/geungji.msk	d:/ymir work/pc2/assassin/skill/geungji.msk	1
pc2/ymir work/pc2/assassin/action/dance_2.msa	d:/ymir work/pc2/assassin/action/dance_2.msa	1
pc2/ymir work/pc2/shaman/fan/wait.gr2	d:/ymir work/pc2/shaman/fan/wait.gr2	1
pc2/ymir work/pc2/assassin/action/dance_3.msa	d:/ymir work/pc2/assassin/action/dance_3.msa	1
pc2/ymir work/pc2/assassin/action/dance_4.gr2	d:/ymir work/pc2/assassin/action/dance_4.gr2	1
pc2/ymir work/pc2/shaman/fan/damage_2.gr2	d:/ymir work/pc2/shaman/fan/damage_2.gr2	1
pc2/ymir work/pc2/assassin/skill/dokgigung_4.msa	d:/ymir work/pc2/assassin/skill/dokgigung_4.msa	1
pc2/ymir work/pc2/assassin/horse_bow/run.msa	d:/ymir work/pc2/assassin/horse_bow/run.msa	1
pc2/ymir work/pc2/assassin/action/dance_4.msa	d:/ymir work/pc2/assassin/action/dance_4.msa	1
pc2/ymir work/pc2/warrior/skill/jeongwi_3.msa	d:/ymir work/pc2/warrior/skill/jeongwi_3.msa	1
pc2/ymir work/pc2/assassin/action/forgive.gr2	d:/ymir work/pc2/assassin/action/forgive.gr2	1
pc2/ymir work/pc2/sura/action/kiss_with_shaman.msa	d:/ymir work/pc2/sura/action/kiss_with_shaman.msa	1
pc2/ymir work/pc2/assassin/onehand_sword/run.gr2	d:/ymir work/pc2/assassin/onehand_sword/run.gr2	1
pc2/ymir work/pc2/assassin/action/joy.msa	d:/ymir work/pc2/assassin/action/joy.msa	1
pc2/ymir work/pc2/sura/skill/jumagap_4.msa	d:/ymir work/pc2/sura/skill/jumagap_4.msa	1
pc2/ymir work/pc2/shaman/fan/rampage_02.msa	d:/ymir work/pc2/shaman/fan/rampage_02.msa	1
pc2/ymir work/pc2/assassin/horse_onehand_sword/combo_03.gr2	d:/ymir work/pc2/assassin/horse_onehand_sword/combo_03.gr2	1
pc2/ymir work/pc2/shaman/bell/walk.gr2	d:/ymir work/pc2/shaman/bell/walk.gr2	1
pc2/ymir work/pc2/assassin/action/french_kiss_with_assassin.gr2	d:/ymir work/pc2/assassin/action/french_kiss_with_assassin.gr2	1
pc2/ymir work/pc2/sura/horse/dead.msa	d:/ymir work/pc2/sura/horse/dead.msa	1
pc2/ymir work/pc2/assassin/horse/walk.gr2	d:/ymir work/pc2/assassin/horse/walk.gr2	1
pc2/ymir work/pc2/assassin/action/french_kiss_with_assassin.msa	d:/ymir work/pc2/assassin/action/french_kiss_with_assassin.msa	1
pc2/ymir work/pc2/shaman/skill/bipabu_3.msa	d:/ymir work/pc2/shaman/skill/bipabu_3.msa	1
pc2/ymir work/pc2/warrior/horse_twohand_sword/combo_02.gr2	d:/ymir work/pc2/warrior/horse_twohand_sword/combo_02.gr2	1
pc2/ymir work/pc2/assassin/action/french_kiss_with_shaman.gr2	d:/ymir work/pc2/assassin/action/french_kiss_with_shaman.gr2	1
pc2/ymir work/pc2/shaman/horse/skill_charge.msa	d:/ymir work/pc2/shaman/horse/skill_charge.msa	1
pc2/ymir work/pc2/shaman/action/cheers_2.gr2	d:/ymir work/pc2/shaman/action/cheers_2.gr2	1
pc2/ymir work/pc2/sura/horse/wait_2.msa	d:/ymir work/pc2/sura/horse/wait_2.msa	1
pc2/ymir work/pc2/assassin/onehand_sword/damage_2.msa	d:/ymir work/pc2/assassin/onehand_sword/damage_2.msa	1
pc2/ymir work/pc2/assassin/horse_onehand_sword/skill_splash.gr2	d:/ymir work/pc2/assassin/horse_onehand_sword/skill_splash.gr2	1
pc2/ymir work/pc2/shaman/horse_fan/combo_02.gr2	d:/ymir work/pc2/shaman/horse_fan/combo_02.gr2	1
pc2/ymir work/pc2/assassin/dualhand_sword/combo_05.msa	d:/ymir work/pc2/assassin/dualhand_sword/combo_05.msa	1
pc2/ymir work/pc2/assassin/action/french_kiss_with_sura.gr2	d:/ymir work/pc2/assassin/action/french_kiss_with_sura.gr2	1
pc2/ymir work/pc2/sura/action/french_kiss_with_warrior.gr2	d:/ymir work/pc2/sura/action/french_kiss_with_warrior.gr2	1
pc2/ymir work/pc2/shaman/skill/jeunghon.msk	d:/ymir work/pc2/shaman/skill/jeunghon.msk	1
pc2/ymir work/pc2/assassin/hair/hair_4_1.gr2	d:/ymir work/pc2/assassin/hair/hair_4_1.gr2	1
pc2/ymir work/pc2/assassin/action/french_kiss_with_sura.msa	d:/ymir work/pc2/assassin/action/french_kiss_with_sura.msa	1
pc2/ymir work/pc2/sura/sura_lord_lod_03.gr2	d:/ymir work/pc2/sura/sura_lord_lod_03.gr2	1
pc2/ymir work/pc2/assassin/action/joy.gr2	d:/ymir work/pc2/assassin/action/joy.gr2	1
pc2/ymir work/pc2/common/effect/sword/sword_9_f.mse	d:/ymir work/pc2/common/effect/sword/sword_9_f.mse	1
pc2/ymir work/pc2/assassin/action/kiss_with_assassin.gr2	d:/ymir work/pc2/assassin/action/kiss_with_assassin.gr2	1
pc2/ymir work/pc2/sura/intro/not_selected.gr2	d:/ymir work/pc2/sura/intro/not_selected.gr2	1
pc2/ymir work/pc2/shaman/bell/combo_02.gr2	d:/ymir work/pc2/shaman/bell/combo_02.gr2	1
pc2/ymir work/pc2/assassin/onehand_sword/combo_02.gr2	d:/ymir work/pc2/assassin/onehand_sword/combo_02.gr2	1
pc2/ymir work/pc2/warrior/warrior_lord_lod_03.gr2	d:/ymir work/pc2/warrior/warrior_lord_lod_03.gr2	1
pc2/ymir work/pc2/assassin/action/kiss_with_assassin.msa	d:/ymir work/pc2/assassin/action/kiss_with_assassin.msa	1
pc2/ymir work/pc2/assassin/skill/eunhyeong.msk	d:/ymir work/pc2/assassin/skill/eunhyeong.msk	1
pc2/ymir work/pc2/shaman/fan/rampage.gr2	d:/ymir work/pc2/shaman/fan/rampage.gr2	1
pc2/ymir work/pc2/assassin/action/kiss_with_shaman.gr2	d:/ymir work/pc2/assassin/action/kiss_with_shaman.gr2	1
pc2/ymir work/pc2/assassin/skill/hwajo.msa	d:/ymir work/pc2/assassin/skill/hwajo.msa	1
pc2/ymir work/pc2/assassin/action/kiss_with_shaman.msa	d:/ymir work/pc2/assassin/action/kiss_with_shaman.msa	1
pc2/ymir work/pc2/sura/fishing/fishing_wait.gr2	d:/ymir work/pc2/sura/fishing/fishing_wait.gr2	1
pc2/ymir work/pc2/assassin/horse/skill_charge.gr2	d:/ymir work/pc2/assassin/horse/skill_charge.gr2	1
pc2/ymir work/pc2/shaman/wedding/wait.msa	d:/ymir work/pc2/shaman/wedding/wait.msa	1
pc2/ymir work/pc2/assassin/action/kiss_with_sura.gr2	d:/ymir work/pc2/assassin/action/kiss_with_sura.gr2	1
pc2/ymir work/pc2/assassin/action/kiss_with_warrior.gr2	d:/ymir work/pc2/assassin/action/kiss_with_warrior.gr2	1
pc2/ymir work/pc2/assassin/skill/gyeonggong.gr2	d:/ymir work/pc2/assassin/skill/gyeonggong.gr2	1
pc2/ymir work/pc2/assassin/onehand_sword/rampage.gr2	d:/ymir work/pc2/assassin/onehand_sword/rampage.gr2	1
pc2/ymir work/pc2/assassin/horse_dualhand_sword/skill_splash.gr2	d:/ymir work/pc2/assassin/horse_dualhand_sword/skill_splash.gr2	1
pc2/ymir work/pc2/assassin/action/kiss_with_warrior.msa	d:/ymir work/pc2/assassin/action/kiss_with_warrior.msa	1
pc2/ymir work/pc2/shaman/skill/guild_yongsinuichukbok.msa	d:/ymir work/pc2/shaman/skill/guild_yongsinuichukbok.msa	1
pc2/ymir work/pc2/sura/hair/hair_3_4.dds	d:/ymir work/pc2/sura/hair/hair_3_4.dds	1
pc2/ymir work/pc2/assassin/action/sad.gr2	d:/ymir work/pc2/assassin/action/sad.gr2	1
pc2/ymir work/pc2/sura/sura_hair_01_gold.dds	d:/ymir work/pc2/sura/sura_hair_01_gold.dds	1
pc2/ymir work/pc2/assassin/action/sad.msa	d:/ymir work/pc2/assassin/action/sad.msa	1
pc2/ymir work/pc2/assassin/dualhand_sword/rampage_03.gr2	d:/ymir work/pc2/assassin/dualhand_sword/rampage_03.gr2	1
pc2/ymir work/pc2/assassin/action/shy.msa	d:/ymir work/pc2/assassin/action/shy.msa	1
pc2/ymir work/pc2/assassin/skill/sangong_3.msa	d:/ymir work/pc2/assassin/skill/sangong_3.msa	1
pc2/ymir work/pc2/assassin/onehand_sword/pick_up.msa	d:/ymir work/pc2/assassin/onehand_sword/pick_up.msa	1
pc2/ymir work/pc2/warrior/horse_onehand_sword/combo_03.gr2	d:/ymir work/pc2/warrior/horse_onehand_sword/combo_03.gr2	1
pc2/ymir work/pc2/assassin/action/slap_hit.gr2	d:/ymir work/pc2/assassin/action/slap_hit.gr2	1
pc2/ymir work/pc2/assassin/horse_dualhand_sword/skill_splash.msa	d:/ymir work/pc2/assassin/horse_dualhand_sword/skill_splash.msa	1
pc2/ymir work/pc2/shaman/general/damage_flying.msa	d:/ymir work/pc2/shaman/general/damage_flying.msa	1
pc2/ymir work/pc2/shaman/fan/combo_07.msa	d:/ymir work/pc2/shaman/fan/combo_07.msa	1
pc2/ymir work/pc2/sura/general/walk.msa	d:/ymir work/pc2/sura/general/walk.msa	1
pc2/ymir work/pc2/assassin/action/slap_hit.msa	d:/ymir work/pc2/assassin/action/slap_hit.msa	1
pc2/ymir work/pc2/assassin/action/slap_hurt.gr2	d:/ymir work/pc2/assassin/action/slap_hurt.gr2	1
pc2/ymir work/pc2/assassin/action/slap_hurt.msa	d:/ymir work/pc2/assassin/action/slap_hurt.msa	1
pc2/ymir work/pc2/assassin/bow/attack.gr2	d:/ymir work/pc2/assassin/bow/attack.gr2	1
pc2/ymir work/pc2/assassin/bow/attack.msa	d:/ymir work/pc2/assassin/bow/attack.msa	1
pc2/ymir work/pc2/shaman/skill/bipabu_4.msa	d:/ymir work/pc2/shaman/skill/bipabu_4.msa	1
pc2/ymir work/pc2/assassin/bow/attack_1.gr2	d:/ymir work/pc2/assassin/bow/attack_1.gr2	1
pc2/ymir work/pc2/assassin/bow/attack_2.msa	d:/ymir work/pc2/assassin/bow/attack_2.msa	1
pc2/ymir work/pc2/warrior/twohand_sword/run.msa	d:/ymir work/pc2/warrior/twohand_sword/run.msa	1
pc2/ymir work/pc2/warrior/action/banter.msa	d:/ymir work/pc2/warrior/action/banter.msa	1
pc2/ymir work/pc2/sura/general/damage_3.msa	d:/ymir work/pc2/sura/general/damage_3.msa	1
pc2/ymir work/pc2/shaman/skill/jigam.msk	d:/ymir work/pc2/shaman/skill/jigam.msk	1
pc2/ymir work/pc2/assassin/bow/change_weapon.gr2	d:/ymir work/pc2/assassin/bow/change_weapon.gr2	1
pc2/ymir work/pc2/shaman/shaman_bongsin.dds	d:/ymir work/pc2/shaman/shaman_bongsin.dds	1
pc2/ymir work/pc2/warrior/warrior_novice_hair.dds	d:/ymir work/pc2/warrior/warrior_novice_hair.dds	1
pc2/ymir work/pc2/assassin/bow/change_weapon.msa	d:/ymir work/pc2/assassin/bow/change_weapon.msa	1
pc2/ymir work/pc2/sura/general/damage.msa	d:/ymir work/pc2/sura/general/damage.msa	1
pc2/ymir work/pc2/assassin/bow/damage.gr2	d:/ymir work/pc2/assassin/bow/damage.gr2	1
pc2/ymir work/pc2/assassin/skill/yeonsa_4.msa	d:/ymir work/pc2/assassin/skill/yeonsa_4.msa	1
pc2/ymir work/pc2/assassin/onehand_sword/walk.gr2	d:/ymir work/pc2/assassin/onehand_sword/walk.gr2	1
pc2/ymir work/pc2/assassin/bow/damage.msa	d:/ymir work/pc2/assassin/bow/damage.msa	1
pc2/ymir work/pc2/sura/sura_lord_lod_01.gr2	d:/ymir work/pc2/sura/sura_lord_lod_01.gr2	1
pc2/ymir work/pc2/assassin/horse_bow/dead.gr2	d:/ymir work/pc2/assassin/horse_bow/dead.gr2	1
pc2/ymir work/pc2/assassin/skill/cheonryong_3.msa	d:/ymir work/pc2/assassin/skill/cheonryong_3.msa	1
pc2/ymir work/pc2/assassin/bow/damage_1.gr2	d:/ymir work/pc2/assassin/bow/damage_1.gr2	1
pc2/ymir work/pc2/sura/sura_jinhon.dds	d:/ymir work/pc2/sura/sura_jinhon.dds	1
pc2/ymir work/pc2/sura/sura_unra.gr2	d:/ymir work/pc2/sura/sura_unra.gr2	1
pc2/ymir work/pc2/assassin/skill/guild_yongsinuibunno.msa	d:/ymir work/pc2/assassin/skill/guild_yongsinuibunno.msa	1
pc2/ymir work/pc2/assassin/horse/wait_1.msa	d:/ymir work/pc2/assassin/horse/wait_1.msa	1
pc2/ymir work/pc2/assassin/bow/damage_1.msa	d:/ymir work/pc2/assassin/bow/damage_1.msa	1
pc2/ymir work/pc2/sura/onehand_sword/combo_01.msa	d:/ymir work/pc2/sura/onehand_sword/combo_01.msa	1
pc2/ymir work/pc2/assassin/bow/damage_2.msa	d:/ymir work/pc2/assassin/bow/damage_2.msa	1
pc2/ymir work/pc2/warrior/general/attack_1.msa	d:/ymir work/pc2/warrior/general/attack_1.msa	1
pc2/ymir work/pc2/warrior/action/shy.msa	d:/ymir work/pc2/warrior/action/shy.msa	1
pc2/ymir work/pc2/assassin/bow/damage_3.msa	d:/ymir work/pc2/assassin/bow/damage_3.msa	1
pc2/ymir work/pc2/shaman/fan/combo_03.gr2	d:/ymir work/pc2/shaman/fan/combo_03.gr2	1
pc2/ymir work/pc2/sura/sura_saryeong_lod_03.gr2	d:/ymir work/pc2/sura/sura_saryeong_lod_03.gr2	1
pc2/ymir work/pc2/shaman/angry.msa	d:/ymir work/pc2/shaman/angry.msa	1
pc2/ymir work/pc2/shaman/intro/selected.gr2	d:/ymir work/pc2/shaman/intro/selected.gr2	1
pc2/ymir work/pc2/sura/action/dance_1.msa	d:/ymir work/pc2/sura/action/dance_1.msa	1
pc2/ymir work/pc2/assassin/bow/pick_up.gr2	d:/ymir work/pc2/assassin/bow/pick_up.gr2	1
pc2/ymir work/pc2/sura/sura_marry_01.gr2	d:/ymir work/pc2/sura/sura_marry_01.gr2	1
pc2/ymir work/pc2/assassin/bow/pick_up.msa	d:/ymir work/pc2/assassin/bow/pick_up.msa	1
pc2/ymir work/pc2/assassin/general/back_falling_stand.gr2	d:/ymir work/pc2/assassin/general/back_falling_stand.gr2	1
pc2/ymir work/pc2/shaman/action/dance_2.gr2	d:/ymir work/pc2/shaman/action/dance_2.gr2	1
pc2/ymir work/pc2/warrior/action/dance_5.gr2	d:/ymir work/pc2/warrior/action/dance_5.gr2	1
pc2/ymir work/pc2/sura/skill/geompung.msa	d:/ymir work/pc2/sura/skill/geompung.msa	1
pc2/ymir work/pc2/assassin/bow/run.gr2	d:/ymir work/pc2/assassin/bow/run.gr2	1
pc2/ymir work/pc2/assassin/bow/run.msa	d:/ymir work/pc2/assassin/bow/run.msa	1
pc2/ymir work/pc2/warrior/onehand_sword/run.msa	d:/ymir work/pc2/warrior/onehand_sword/run.msa	1
pc2/ymir work/pc2/assassin/bow/wait.gr2	d:/ymir work/pc2/assassin/bow/wait.gr2	1
pc2/ymir work/pc2/sura/onehand_sword/damage_2.gr2	d:/ymir work/pc2/sura/onehand_sword/damage_2.gr2	1
pc2/ymir work/pc2/assassin/horse_dualhand_sword/combo_02.gr2	d:/ymir work/pc2/assassin/horse_dualhand_sword/combo_02.gr2	1
pc2/ymir work/pc2/assassin/bow/wait.msa	d:/ymir work/pc2/assassin/bow/wait.msa	1
pc2/ymir work/pc2/sura/skill/mahwan_4.msa	d:/ymir work/pc2/sura/skill/mahwan_4.msa	1
pc2/ymir work/pc2/assassin/bow/wait_1.gr2	d:/ymir work/pc2/assassin/bow/wait_1.gr2	1
pc2/ymir work/pc2/shaman/general/damage_2.msa	d:/ymir work/pc2/shaman/general/damage_2.msa	1
pc2/ymir work/pc2/assassin/general/damage.gr2	d:/ymir work/pc2/assassin/general/damage.gr2	1
pc2/ymir work/pc2/sura/sura_jinhon.gr2	d:/ymir work/pc2/sura/sura_jinhon.gr2	1
pc2/ymir work/pc2/assassin/bow/wait_1.msa	d:/ymir work/pc2/assassin/bow/wait_1.msa	1
pc2/ymir work/pc2/shaman/shaman_bihong.dds	d:/ymir work/pc2/shaman/shaman_bihong.dds	1
pc2/ymir work/pc2/warrior/skill/jeonsingonggyeok.msa	d:/ymir work/pc2/warrior/skill/jeonsingonggyeok.msa	1
pc2/ymir work/pc2/shaman/bell/change_weapon.msa	d:/ymir work/pc2/shaman/bell/change_weapon.msa	1
pc2/ymir work/pc2/shaman/skill/boho.msk	d:/ymir work/pc2/shaman/skill/boho.msk	1
pc2/ymir work/pc2/assassin/general/back_damage_flying.gr2	d:/ymir work/pc2/assassin/general/back_damage_flying.gr2	1
pc2/ymir work/pc2/assassin/skill/kwaegeom.msk	d:/ymir work/pc2/assassin/skill/kwaegeom.msk	1
pc2/ymir work/pc2/assassin/dualhand_sword/damage_1.msa	d:/ymir work/pc2/assassin/dualhand_sword/damage_1.msa	1
pc2/ymir work/pc2/assassin/bow/walk.gr2	d:/ymir work/pc2/assassin/bow/walk.gr2	1
pc2/ymir work/pc2/shaman/general/attack_1.gr2	d:/ymir work/pc2/shaman/general/attack_1.gr2	1
pc2/ymir work/pc2/assassin/bow/walk.msa	d:/ymir work/pc2/assassin/bow/walk.msa	1
pc2/ymir work/pc2/assassin/dualhand_sword/change_weapon.gr2	d:/ymir work/pc2/assassin/dualhand_sword/change_weapon.gr2	1
pc2/ymir work/pc2/shaman/skill/pokroe.msk	d:/ymir work/pc2/shaman/skill/pokroe.msk	1
pc2/ymir work/pc2/shaman/horse_bell/combo_03.msa	d:/ymir work/pc2/shaman/horse_bell/combo_03.msa	1
pc2/ymir work/pc2/assassin/dualhand_sword/combo_01.gr2	d:/ymir work/pc2/assassin/dualhand_sword/combo_01.gr2	1
pc2/ymir work/pc2/warrior/twohand_sword/damage.gr2	d:/ymir work/pc2/warrior/twohand_sword/damage.gr2	1
pc2/ymir work/pc2/assassin/horse_bow/wait.msa	d:/ymir work/pc2/assassin/horse_bow/wait.msa	1
pc2/ymir work/pc2/sura/skill/pabeop_5.msa	d:/ymir work/pc2/sura/skill/pabeop_5.msa	1
pc2/ymir work/pc2/assassin/dualhand_sword/combo_01.msa	d:/ymir work/pc2/assassin/dualhand_sword/combo_01.msa	1
pc2/ymir work/pc2/assassin/onehand_sword/rampage_02.gr2	d:/ymir work/pc2/assassin/onehand_sword/rampage_02.gr2	1
pc2/ymir work/pc2/assassin/dualhand_sword/combo_02.gr2	d:/ymir work/pc2/assassin/dualhand_sword/combo_02.gr2	1
pc2/ymir work/pc2/assassin/onehand_sword/combo_01.msa	d:/ymir work/pc2/assassin/onehand_sword/combo_01.msa	1
pc2/ymir work/pc2/assassin/dualhand_sword/combo_02.msa	d:/ymir work/pc2/assassin/dualhand_sword/combo_02.msa	1
pc2/ymir work/pc2/assassin/dualhand_sword/combo_03.gr2	d:/ymir work/pc2/assassin/dualhand_sword/combo_03.gr2	1
pc2/ymir work/pc2/shaman/horse/wait.gr2	d:/ymir work/pc2/shaman/horse/wait.gr2	1
pc2/ymir work/pc2/assassin/dualhand_sword/combo_04.gr2	d:/ymir work/pc2/assassin/dualhand_sword/combo_04.gr2	1
pc2/ymir work/pc2/common/effect/sword/banzzak.jpg	d:/ymir work/pc2/common/effect/sword/banzzak.jpg	1
pc2/ymir work/pc2/assassin/horse/damage.gr2	d:/ymir work/pc2/assassin/horse/damage.gr2	1
pc2/ymir work/pc2/sura/sura_novice_lod_03.gr2	d:/ymir work/pc2/sura/sura_novice_lod_03.gr2	1
pc2/ymir work/pc2/assassin/dualhand_sword/combo_04.msa	d:/ymir work/pc2/assassin/dualhand_sword/combo_04.msa	1
pc2/ymir work/pc2/shaman/skill/buhwal.msa	d:/ymir work/pc2/shaman/skill/buhwal.msa	1
pc2/ymir work/pc2/assassin/dualhand_sword/combo_05.gr2	d:/ymir work/pc2/assassin/dualhand_sword/combo_05.gr2	1
pc2/ymir work/pc2/shaman/general/attack_1.msa	d:/ymir work/pc2/shaman/general/attack_1.msa	1
pc2/ymir work/pc2/warrior/action/dance_2.msa	d:/ymir work/pc2/warrior/action/dance_2.msa	1
pc2/ymir work/pc2/shaman/fan/damage_2.msa	d:/ymir work/pc2/shaman/fan/damage_2.msa	1
pc2/ymir work/pc2/sura/sura_saryeong.gr2	d:/ymir work/pc2/sura/sura_saryeong.gr2	1
pc2/ymir work/pc2/assassin/fishing/wait.msa	d:/ymir work/pc2/assassin/fishing/wait.msa	1
pc2/ymir work/pc2/shaman/bell/wait.gr2	d:/ymir work/pc2/shaman/bell/wait.gr2	1
pc2/ymir work/pc2/assassin/dualhand_sword/combo_06.msa	d:/ymir work/pc2/assassin/dualhand_sword/combo_06.msa	1
pc2/ymir work/pc2/assassin/dualhand_sword/combo_07.msa	d:/ymir work/pc2/assassin/dualhand_sword/combo_07.msa	1
pc2/ymir work/pc2/warrior/warrior_giryung.dds	d:/ymir work/pc2/warrior/warrior_giryung.dds	1
pc2/ymir work/pc2/assassin/wedding/wait.msa	d:/ymir work/pc2/assassin/wedding/wait.msa	1
pc2/ymir work/pc2/assassin/skill/seomjeon_5.msa	d:/ymir work/pc2/assassin/skill/seomjeon_5.msa	1
pc2/ymir work/pc2/warrior/skill/gigongcham.gr2	d:/ymir work/pc2/warrior/skill/gigongcham.gr2	1
pc2/ymir work/pc2/warrior/hair/hair_2_1.dds	d:/ymir work/pc2/warrior/hair/hair_2_1.dds	1
pc2/ymir work/pc2/assassin/general/damage_3.msa	d:/ymir work/pc2/assassin/general/damage_3.msa	1
pc2/ymir work/pc2/assassin/dualhand_sword/combo_08.gr2	d:/ymir work/pc2/assassin/dualhand_sword/combo_08.gr2	1
pc2/ymir work/pc2/assassin/dualhand_sword/combo_08.msa	d:/ymir work/pc2/assassin/dualhand_sword/combo_08.msa	1
pc2/ymir work/pc2/common/effect/sword/sword_7_s.mse	d:/ymir work/pc2/common/effect/sword/sword_7_s.mse	1
pc2/ymir work/pc2/sura/fishing/run.msa	d:/ymir work/pc2/sura/fishing/run.msa	1
pc2/ymir work/pc2/shaman/skill/gicheon_target.msa	d:/ymir work/pc2/shaman/skill/gicheon_target.msa	1
pc2/ymir work/pc2/warrior/skill/jeonsinbangeo.msa	d:/ymir work/pc2/warrior/skill/jeonsinbangeo.msa	1
pc2/ymir work/pc2/sura/skill/heuksin.msk	d:/ymir work/pc2/sura/skill/heuksin.msk	1
pc2/ymir work/pc2/assassin/dualhand_sword/damage.gr2	d:/ymir work/pc2/assassin/dualhand_sword/damage.gr2	1
pc2/ymir work/pc2/shaman/skill/jeungsin.msk	d:/ymir work/pc2/shaman/skill/jeungsin.msk	1
pc2/ymir work/pc2/assassin/dualhand_sword/damage_1.gr2	d:/ymir work/pc2/assassin/dualhand_sword/damage_1.gr2	1
pc2/ymir work/pc2/warrior/horse/wait_2.msa	d:/ymir work/pc2/warrior/horse/wait_2.msa	1
pc2/ymir work/pc2/assassin/dualhand_sword/damage_2.gr2	d:/ymir work/pc2/assassin/dualhand_sword/damage_2.gr2	1
pc2/ymir work/pc2/sura/skill/ihyeol.gr2	d:/ymir work/pc2/sura/skill/ihyeol.gr2	1
pc2/ymir work/pc2/assassin/dualhand_sword/damage_2.msa	d:/ymir work/pc2/assassin/dualhand_sword/damage_2.msa	1
pc2/ymir work/pc2/assassin/dualhand_sword/damage_3.gr2	d:/ymir work/pc2/assassin/dualhand_sword/damage_3.gr2	1
pc2/ymir work/pc2/assassin/dualhand_sword/damage_3.msa	d:/ymir work/pc2/assassin/dualhand_sword/damage_3.msa	1
pc2/ymir work/pc2/shaman/horse_fan/skill_wildattack.msa	d:/ymir work/pc2/shaman/horse_fan/skill_wildattack.msa	1
pc2/ymir work/pc2/assassin/dualhand_sword/pick_up.gr2	d:/ymir work/pc2/assassin/dualhand_sword/pick_up.gr2	1
pc2/ymir work/pc2/shaman/shaman_hair_01.dds	d:/ymir work/pc2/shaman/shaman_hair_01.dds	1
pc2/ymir work/pc2/assassin/dualhand_sword/pick_up.msa	d:/ymir work/pc2/assassin/dualhand_sword/pick_up.msa	1
pc2/ymir work/pc2/shaman/hair/hair_4_1.gr2	d:/ymir work/pc2/shaman/hair/hair_4_1.gr2	1
pc2/ymir work/pc2/warrior/onehand_sword/walk.msa	d:/ymir work/pc2/warrior/onehand_sword/walk.msa	1
pc2/ymir work/pc2/shaman/fishing/wait.gr2	d:/ymir work/pc2/shaman/fishing/wait.gr2	1
pc2/ymir work/pc2/assassin/fishing/fishing_react.msa	d:/ymir work/pc2/assassin/fishing/fishing_react.msa	1
pc2/ymir work/pc2/assassin/dualhand_sword/rampage.gr2	d:/ymir work/pc2/assassin/dualhand_sword/rampage.gr2	1
pc2/ymir work/pc2/assassin/dualhand_sword/wait_1.gr2	d:/ymir work/pc2/assassin/dualhand_sword/wait_1.gr2	1
pc2/ymir work/pc2/assassin/dualhand_sword/rampage_01.gr2	d:/ymir work/pc2/assassin/dualhand_sword/rampage_01.gr2	1
pc2/ymir work/pc2/sura/skill/maryeong_5.msa	d:/ymir work/pc2/sura/skill/maryeong_5.msa	1
pc2/ymir work/pc2/assassin/general/damage_3.gr2	d:/ymir work/pc2/assassin/general/damage_3.gr2	1
pc2/ymir work/pc2/sura/skill/muyeong.msk	d:/ymir work/pc2/sura/skill/muyeong.msk	1
pc2/ymir work/pc2/assassin/horse_bow/wait_1.gr2	d:/ymir work/pc2/assassin/horse_bow/wait_1.gr2	1
pc2/ymir work/pc2/assassin/dualhand_sword/rampage_01.msa	d:/ymir work/pc2/assassin/dualhand_sword/rampage_01.msa	1
pc2/ymir work/pc2/assassin/skill/seomgwang_2.msa	d:/ymir work/pc2/assassin/skill/seomgwang_2.msa	1
pc2/ymir work/pc2/assassin/horse_onehand_sword/combo_02.gr2	d:/ymir work/pc2/assassin/horse_onehand_sword/combo_02.gr2	1
pc2/ymir work/pc2/assassin/dualhand_sword/rampage_02.msa	d:/ymir work/pc2/assassin/dualhand_sword/rampage_02.msa	1
pc2/ymir work/pc2/sura/skill/maryeong.gr2	d:/ymir work/pc2/sura/skill/maryeong.gr2	1
pc2/ymir work/pc2/sura/action/congratulation.msa	d:/ymir work/pc2/sura/action/congratulation.msa	1
pc2/ymir work/pc2/assassin/intro/selected.gr2	d:/ymir work/pc2/assassin/intro/selected.gr2	1
pc2/ymir work/pc2/assassin/horse/walk.msa	d:/ymir work/pc2/assassin/horse/walk.msa	1
pc2/ymir work/pc2/assassin/skill/guild_yongsinuichukbok.msa	d:/ymir work/pc2/assassin/skill/guild_yongsinuichukbok.msa	1
pc2/ymir work/pc2/assassin/dualhand_sword/run.gr2	d:/ymir work/pc2/assassin/dualhand_sword/run.gr2	1
pc2/ymir work/pc2/warrior/action/dance_1.msa	d:/ymir work/pc2/warrior/action/dance_1.msa	1
pc2/ymir work/pc2/assassin/skill/gyeonggong_4.msa	d:/ymir work/pc2/assassin/skill/gyeonggong_4.msa	1
pc2/ymir work/pc2/shaman/horse/dead.msa	d:/ymir work/pc2/shaman/horse/dead.msa	1
pc2/ymir work/pc2/warrior/general/wait.msa	d:/ymir work/pc2/warrior/general/wait.msa	1
pc2/ymir work/pc2/assassin/skill/amseup_4.msa	d:/ymir work/pc2/assassin/skill/amseup_4.msa	1
pc2/ymir work/pc2/sura/hair/hair_1_3.dds	d:/ymir work/pc2/sura/hair/hair_1_3.dds	1
pc2/ymir work/pc2/assassin/dualhand_sword/run.msa	d:/ymir work/pc2/assassin/dualhand_sword/run.msa	1
pc2/ymir work/pc2/assassin/dualhand_sword/wait.gr2	d:/ymir work/pc2/assassin/dualhand_sword/wait.gr2	1
pc2/ymir work/pc2/shaman/shaman_4-1_lod_02.gr2	d:/ymir work/pc2/shaman/shaman_4-1_lod_02.gr2	1
pc2/ymir work/pc2/sura/skill/tusok_5.msa	d:/ymir work/pc2/sura/skill/tusok_5.msa	1
pc2/ymir work/pc2/assassin/skill/amseup.gr2	d:/ymir work/pc2/assassin/skill/amseup.gr2	1
pc2/ymir work/pc2/assassin/dualhand_sword/wait.msa	d:/ymir work/pc2/assassin/dualhand_sword/wait.msa	1
pc2/ymir work/pc2/assassin/skill/gyeonggong_5.msa	d:/ymir work/pc2/assassin/skill/gyeonggong_5.msa	1
pc2/ymir work/pc2/assassin/general/walk.msa	d:/ymir work/pc2/assassin/general/walk.msa	1
pc2/ymir work/pc2/warrior/twohand_sword/walk.gr2	d:/ymir work/pc2/warrior/twohand_sword/walk.gr2	1
pc2/ymir work/pc2/assassin/dualhand_sword/wait_1.msa	d:/ymir work/pc2/assassin/dualhand_sword/wait_1.msa	1
pc2/ymir work/pc2/shaman/skill/byeorak.msk	d:/ymir work/pc2/shaman/skill/byeorak.msk	1
pc2/ymir work/pc2/assassin/dualhand_sword/walk.gr2	d:/ymir work/pc2/assassin/dualhand_sword/walk.gr2	1
pc2/ymir work/pc2/assassin/dualhand_sword/walk.msa	d:/ymir work/pc2/assassin/dualhand_sword/walk.msa	1
pc2/ymir work/pc2/shaman/skill/noejeon_5.msa	d:/ymir work/pc2/shaman/skill/noejeon_5.msa	1
pc2/ymir work/pc2/shaman/shaman_lord_lod_03.gr2	d:/ymir work/pc2/shaman/shaman_lord_lod_03.gr2	1
pc2/ymir work/pc2/warrior/skill/tuji.msk	d:/ymir work/pc2/warrior/skill/tuji.msk	1
pc2/ymir work/pc2/warrior/onehand_sword/damage_2.gr2	d:/ymir work/pc2/warrior/onehand_sword/damage_2.gr2	1
pc2/ymir work/pc2/shaman/fishing/fishing_catch.gr2	d:/ymir work/pc2/shaman/fishing/fishing_catch.gr2	1
pc2/ymir work/pc2/assassin/fishing/fishing_cancel.gr2	d:/ymir work/pc2/assassin/fishing/fishing_cancel.gr2	1
pc2/ymir work/pc2/assassin/fishing/fishing_cancel.msa	d:/ymir work/pc2/assassin/fishing/fishing_cancel.msa	1
pc2/ymir work/pc2/warrior/action/sad.msa	d:/ymir work/pc2/warrior/action/sad.msa	1
pc2/ymir work/pc2/assassin/skill/seomgwang_4.msa	d:/ymir work/pc2/assassin/skill/seomgwang_4.msa	1
pc2/ymir work/pc2/assassin/fishing/fishing_catch.msa	d:/ymir work/pc2/assassin/fishing/fishing_catch.msa	1
pc2/ymir work/pc2/assassin/fishing/fishing_fail.gr2	d:/ymir work/pc2/assassin/fishing/fishing_fail.gr2	1
pc2/ymir work/pc2/shaman/fishing/fishing_cancel.gr2	d:/ymir work/pc2/shaman/fishing/fishing_cancel.gr2	1
pc2/ymir work/pc2/assassin/fishing/fishing_fail.msa	d:/ymir work/pc2/assassin/fishing/fishing_fail.msa	1
pc2/ymir work/pc2/assassin/fishing/fishing_wait.gr2	d:/ymir work/pc2/assassin/fishing/fishing_wait.gr2	1
pc2/ymir work/pc2/assassin/fishing/fishing_wait.msa	d:/ymir work/pc2/assassin/fishing/fishing_wait.msa	1
pc2/ymir work/pc2/assassin/onehand_sword/combo_01.gr2	d:/ymir work/pc2/assassin/onehand_sword/combo_01.gr2	1
pc2/ymir work/pc2/assassin/general/attack.msa	d:/ymir work/pc2/assassin/general/attack.msa	1
pc2/ymir work/pc2/assassin/fishing/run.gr2	d:/ymir work/pc2/assassin/fishing/run.gr2	1
pc2/ymir work/pc2/shaman/bell/run.msa	d:/ymir work/pc2/shaman/bell/run.msa	1
pc2/ymir work/pc2/assassin/fishing/run.msa	d:/ymir work/pc2/assassin/fishing/run.msa	1
pc2/ymir work/pc2/shaman/bell/rampage.msa	d:/ymir work/pc2/shaman/bell/rampage.msa	1
pc2/ymir work/pc2/assassin/fishing/throw.msa	d:/ymir work/pc2/assassin/fishing/throw.msa	1
pc2/ymir work/pc2/shaman/skill/yongpa_4.msa	d:/ymir work/pc2/shaman/skill/yongpa_4.msa	1
pc2/ymir work/pc2/shaman/shaman_novice_lod_01.gr2	d:/ymir work/pc2/shaman/shaman_novice_lod_01.gr2	1
pc2/ymir work/pc2/assassin/fishing/wait.gr2	d:/ymir work/pc2/assassin/fishing/wait.gr2	1
pc2/ymir work/pc2/assassin/fishing/walk.gr2	d:/ymir work/pc2/assassin/fishing/walk.gr2	1
pc2/ymir work/pc2/warrior/warrior_saja_helmet.dds	d:/ymir work/pc2/warrior/warrior_saja_helmet.dds	1
pc2/ymir work/pc2/shaman/action/french_kiss_with_sura.msa	d:/ymir work/pc2/shaman/action/french_kiss_with_sura.msa	1
pc2/ymir work/pc2/common/effect/sword/sword_7_f.mse	d:/ymir work/pc2/common/effect/sword/sword_7_f.mse	1
pc2/ymir work/pc2/warrior/action/french_kiss_with_warrior.msa	d:/ymir work/pc2/warrior/action/french_kiss_with_warrior.msa	1
pc2/ymir work/pc2/assassin/general/attack.gr2	d:/ymir work/pc2/assassin/general/attack.gr2	1
pc2/ymir work/pc2/shaman/bell/walk.msa	d:/ymir work/pc2/shaman/bell/walk.msa	1
pc2/ymir work/pc2/warrior/skill/tanhwan_4.msa	d:/ymir work/pc2/warrior/skill/tanhwan_4.msa	1
pc2/ymir work/pc2/assassin/general/attack_1.gr2	d:/ymir work/pc2/assassin/general/attack_1.gr2	1
pc2/ymir work/pc2/assassin/skill/cheonryong.gr2	d:/ymir work/pc2/assassin/skill/cheonryong.gr2	1
pc2/ymir work/pc2/assassin/onehand_sword/wait.msa	d:/ymir work/pc2/assassin/onehand_sword/wait.msa	1
pc2/ymir work/pc2/shaman/horse_bell/combo_03.gr2	d:/ymir work/pc2/shaman/horse_bell/combo_03.gr2	1
pc2/ymir work/pc2/assassin/general/attack_1.msa	d:/ymir work/pc2/assassin/general/attack_1.msa	1
pc2/ymir work/pc2/assassin/general/back_damage_flying.msa	d:/ymir work/pc2/assassin/general/back_damage_flying.msa	1
pc2/ymir work/pc2/assassin/general/back_falling_stand.msa	d:/ymir work/pc2/assassin/general/back_falling_stand.msa	1
pc2/ymir work/pc2/warrior/wedding/walk.msa	d:/ymir work/pc2/warrior/wedding/walk.msa	1
pc2/ymir work/pc2/warrior/fishing/walk.msa	d:/ymir work/pc2/warrior/fishing/walk.msa	1
pc2/ymir work/pc2/assassin/general/damage.msa	d:/ymir work/pc2/assassin/general/damage.msa	1
pc2/ymir work/pc2/sura/action/dance_1.gr2	d:/ymir work/pc2/sura/action/dance_1.gr2	1
pc2/ymir work/pc2/assassin/general/dig.gr2	d:/ymir work/pc2/assassin/general/dig.gr2	1
pc2/ymir work/pc2/assassin/general/damage_1.gr2	d:/ymir work/pc2/assassin/general/damage_1.gr2	1
pc2/ymir work/pc2/assassin/general/damage_1.msa	d:/ymir work/pc2/assassin/general/damage_1.msa	1
pc2/ymir work/pc2/assassin/onehand_sword/combo_03.gr2	d:/ymir work/pc2/assassin/onehand_sword/combo_03.gr2	1
pc2/ymir work/pc2/assassin/horse_onehand_sword/combo_01.msa	d:/ymir work/pc2/assassin/horse_onehand_sword/combo_01.msa	1
pc2/ymir work/pc2/assassin/horse_bow/damage.gr2	d:/ymir work/pc2/assassin/horse_bow/damage.gr2	1
pc2/ymir work/pc2/assassin/general/damage_2.gr2	d:/ymir work/pc2/assassin/general/damage_2.gr2	1
pc2/ymir work/pc2/assassin/skill/sangong.msk	d:/ymir work/pc2/assassin/skill/sangong.msk	1
pc2/ymir work/pc2/assassin/horse/wait_1.gr2	d:/ymir work/pc2/assassin/horse/wait_1.gr2	1
pc2/ymir work/pc2/warrior/horse_onehand_sword/skill_wildattack.gr2	d:/ymir work/pc2/warrior/horse_onehand_sword/skill_wildattack.gr2	1
pc2/ymir work/pc2/warrior/action/kiss_with_shaman.gr2	d:/ymir work/pc2/warrior/action/kiss_with_shaman.gr2	1
pc2/ymir work/pc2/assassin/general/damage_2.msa	d:/ymir work/pc2/assassin/general/damage_2.msa	1
pc2/ymir work/pc2/assassin/general/wait.msa	d:/ymir work/pc2/assassin/general/wait.msa	1
pc2/ymir work/pc2/sura/hair/hair_2_1.gr2	d:/ymir work/pc2/sura/hair/hair_2_1.gr2	1
pc2/ymir work/pc2/assassin/general/damage_flying.gr2	d:/ymir work/pc2/assassin/general/damage_flying.gr2	1
pc2/ymir work/pc2/sura/skill/tusok.msk	d:/ymir work/pc2/sura/skill/tusok.msk	1
pc2/ymir work/pc2/assassin/general/dead.gr2	d:/ymir work/pc2/assassin/general/dead.gr2	1
pc2/ymir work/pc2/assassin/horse_dualhand_sword/combo_01.gr2	d:/ymir work/pc2/assassin/horse_dualhand_sword/combo_01.gr2	1
pc2/ymir work/pc2/assassin/general/dead.msa	d:/ymir work/pc2/assassin/general/dead.msa	1
pc2/ymir work/pc2/shaman/fan/rampage_03.msa	d:/ymir work/pc2/shaman/fan/rampage_03.msa	1
pc2/ymir work/pc2/assassin/general/dig.msa	d:/ymir work/pc2/assassin/general/dig.msa	1
pc2/ymir work/pc2/shaman/skill/kwaesok_me.msa	d:/ymir work/pc2/shaman/skill/kwaesok_me.msa	1
pc2/ymir work/pc2/assassin/general/pick_up.gr2	d:/ymir work/pc2/assassin/general/pick_up.gr2	1
pc2/ymir work/pc2/assassin/general/pick_up.msa	d:/ymir work/pc2/assassin/general/pick_up.msa	1
pc2/ymir work/pc2/assassin/general/run.gr2	d:/ymir work/pc2/assassin/general/run.gr2	1
pc2/ymir work/pc2/assassin/general/run.msa	d:/ymir work/pc2/assassin/general/run.msa	1
pc2/ymir work/pc2/shaman/horse/run.gr2	d:/ymir work/pc2/shaman/horse/run.gr2	1
pc2/ymir work/pc2/warrior/skill/gihyeol.msk	d:/ymir work/pc2/warrior/skill/gihyeol.msk	1
pc2/ymir work/pc2/shaman/skill/noejeon_3.msa	d:/ymir work/pc2/shaman/skill/noejeon_3.msa	1
pc2/ymir work/pc2/sura/general/attack_1.msa	d:/ymir work/pc2/sura/general/attack_1.msa	1
pc2/ymir work/pc2/assassin/general/wait.gr2	d:/ymir work/pc2/assassin/general/wait.gr2	1
pc2/ymir work/pc2/shaman/skill/buhwal.gr2	d:/ymir work/pc2/shaman/skill/buhwal.gr2	1
pc2/ymir work/pc2/sura/general/run.msa	d:/ymir work/pc2/sura/general/run.msa	1
pc2/ymir work/pc2/assassin/general/wait_1.gr2	d:/ymir work/pc2/assassin/general/wait_1.gr2	1
pc2/ymir work/pc2/sura/skill/tongsol.msk	d:/ymir work/pc2/sura/skill/tongsol.msk	1
pc2/ymir work/pc2/assassin/general/walk.gr2	d:/ymir work/pc2/assassin/general/walk.gr2	1
pc2/ymir work/pc2/assassin/hair/hair_1_1.dds	d:/ymir work/pc2/assassin/hair/hair_1_1.dds	1
pc2/ymir work/pc2/assassin/hair/hair_1_1.gr2	d:/ymir work/pc2/assassin/hair/hair_1_1.gr2	1
pc2/ymir work/pc2/assassin/skill/make_trap.msk	d:/ymir work/pc2/assassin/skill/make_trap.msk	1
pc2/ymir work/pc2/assassin/hair/hair_1_3.dds	d:/ymir work/pc2/assassin/hair/hair_1_3.dds	1
pc2/ymir work/pc2/assassin/hair/hair_1_4.dds	d:/ymir work/pc2/assassin/hair/hair_1_4.dds	1
pc2/ymir work/pc2/warrior/warrior_saja.dds	d:/ymir work/pc2/warrior/warrior_saja.dds	1
pc2/ymir work/pc2/assassin/hair/hair_2_1.dds	d:/ymir work/pc2/assassin/hair/hair_2_1.dds	1
pc2/ymir work/pc2/assassin/hair/hair_2_1.gr2	d:/ymir work/pc2/assassin/hair/hair_2_1.gr2	1
pc2/ymir work/pc2/warrior/warrior_marry_01.gr2	d:/ymir work/pc2/warrior/warrior_marry_01.gr2	1
pc2/ymir work/pc2/sura/skill/swaeryeong_3.msa	d:/ymir work/pc2/sura/skill/swaeryeong_3.msa	1
pc2/ymir work/pc2/assassin/hair/hair_2_2.dds	d:/ymir work/pc2/assassin/hair/hair_2_2.dds	1
pc2/ymir work/pc2/assassin/hair/hair_2_3.dds	d:/ymir work/pc2/assassin/hair/hair_2_3.dds	1
pc2/ymir work/pc2/sura/general/wait.gr2	d:/ymir work/pc2/sura/general/wait.gr2	1
pc2/ymir work/pc2/assassin/hair/hair_3_1.dds	d:/ymir work/pc2/assassin/hair/hair_3_1.dds	1
pc2/ymir work/pc2/assassin/skill/bunsin.msk	d:/ymir work/pc2/assassin/skill/bunsin.msk	1
pc2/ymir work/pc2/assassin/hair/hair_3_1.gr2	d:/ymir work/pc2/assassin/hair/hair_3_1.gr2	1
pc2/ymir work/pc2/shaman/skill/kwaesok.msk	d:/ymir work/pc2/shaman/skill/kwaesok.msk	1
pc2/ymir work/pc2/assassin/skill/seomjeon_3.msa	d:/ymir work/pc2/assassin/skill/seomjeon_3.msa	1
pc2/ymir work/pc2/shaman/intro/wait.msa	d:/ymir work/pc2/shaman/intro/wait.msa	1
pc2/ymir work/pc2/shaman/general/falling_stand.gr2	d:/ymir work/pc2/shaman/general/falling_stand.gr2	1
pc2/ymir work/pc2/assassin/hair/hair_3_3.dds	d:/ymir work/pc2/assassin/hair/hair_3_3.dds	1
pc2/ymir work/pc2/sura/skill/swaeryeong_5.msa	d:/ymir work/pc2/sura/skill/swaeryeong_5.msa	1
pc2/ymir work/pc2/assassin/onehand_sword/walk.msa	d:/ymir work/pc2/assassin/onehand_sword/walk.msa	1
pc2/ymir work/pc2/shaman/bell/combo_05.msa	d:/ymir work/pc2/shaman/bell/combo_05.msa	1
pc2/ymir work/pc2/assassin/hair/hair_3_4.dds	d:/ymir work/pc2/assassin/hair/hair_3_4.dds	1
pc2/ymir work/pc2/sura/general/dig.gr2	d:/ymir work/pc2/sura/general/dig.gr2	1
pc2/ymir work/pc2/shaman/action/joy.msa	d:/ymir work/pc2/shaman/action/joy.msa	1
pc2/ymir work/pc2/shaman/fan/combo_01.msa	d:/ymir work/pc2/shaman/fan/combo_01.msa	1
pc2/ymir work/pc2/assassin/hair/hair_4_3.dds	d:/ymir work/pc2/assassin/hair/hair_4_3.dds	1
pc2/ymir work/pc2/shaman/horse/walk.msa	d:/ymir work/pc2/shaman/horse/walk.msa	1
pc2/ymir work/pc2/assassin/skill/eunhyeong.gr2	d:/ymir work/pc2/assassin/skill/eunhyeong.gr2	1
pc2/ymir work/pc2/shaman/shaman_miyeom_lod_02.gr2	d:/ymir work/pc2/shaman/shaman_miyeom_lod_02.gr2	1
pc2/ymir work/pc2/assassin/hair/hair_4_4.dds	d:/ymir work/pc2/assassin/hair/hair_4_4.dds	1
pc2/ymir work/pc2/assassin/horse/dead.gr2	d:/ymir work/pc2/assassin/horse/dead.gr2	1
pc2/ymir work/pc2/sura/action/kiss_with_assassin.gr2	d:/ymir work/pc2/sura/action/kiss_with_assassin.gr2	1
pc2/ymir work/pc2/assassin/horse/dead.msa	d:/ymir work/pc2/assassin/horse/dead.msa	1
pc2/ymir work/pc2/sura/general/pick_up.gr2	d:/ymir work/pc2/sura/general/pick_up.gr2	1
pc2/ymir work/pc2/shaman/shaman_marry_01_lod_02.gr2	d:/ymir work/pc2/shaman/shaman_marry_01_lod_02.gr2	1
pc2/ymir work/pc2/assassin/skill/kwaegeom.msa	d:/ymir work/pc2/assassin/skill/kwaegeom.msa	1
pc2/ymir work/pc2/assassin/horse/run.msa	d:/ymir work/pc2/assassin/horse/run.msa	1
pc2/ymir work/pc2/sura/skill/gongpo_4.msa	d:/ymir work/pc2/sura/skill/gongpo_4.msa	1
pc2/ymir work/pc2/assassin/skill/handle_poison.msk	d:/ymir work/pc2/assassin/skill/handle_poison.msk	1
pc2/ymir work/pc2/assassin/horse/skill_charge.msa	d:/ymir work/pc2/assassin/horse/skill_charge.msa	1
pc2/ymir work/pc2/shaman/general/back_falling_stand.msa	d:/ymir work/pc2/shaman/general/back_falling_stand.msa	1
pc2/ymir work/pc2/assassin/onehand_sword/damage_1.msa	d:/ymir work/pc2/assassin/onehand_sword/damage_1.msa	1
pc2/ymir work/pc2/assassin/horse/stop.gr2	d:/ymir work/pc2/assassin/horse/stop.gr2	1
pc2/ymir work/pc2/warrior/fishing/wait.msa	d:/ymir work/pc2/warrior/fishing/wait.msa	1
pc2/ymir work/pc2/assassin/horse/stop.msa	d:/ymir work/pc2/assassin/horse/stop.msa	1
pc2/ymir work/pc2/shaman/shy.gr2	d:/ymir work/pc2/shaman/shy.gr2	1
pc2/ymir work/pc2/shaman/skill/byeorak_2.msa	d:/ymir work/pc2/shaman/skill/byeorak_2.msa	1
pc2/ymir work/pc2/shaman/joy.gr2	d:/ymir work/pc2/shaman/joy.gr2	1
pc2/ymir work/pc2/warrior/skill/geompung.gr2	d:/ymir work/pc2/warrior/skill/geompung.gr2	1
pc2/ymir work/pc2/assassin/horse/wait.gr2	d:/ymir work/pc2/assassin/horse/wait.gr2	1
pc2/ymir work/pc2/assassin/horse/wait.msa	d:/ymir work/pc2/assassin/horse/wait.msa	1
pc2/ymir work/pc2/warrior/twohand_sword/combo_07.msa	d:/ymir work/pc2/warrior/twohand_sword/combo_07.msa	1
pc2/ymir work/pc2/assassin/skill/sangong_5.msa	d:/ymir work/pc2/assassin/skill/sangong_5.msa	1
pc2/ymir work/pc2/shaman/joy.msa	d:/ymir work/pc2/shaman/joy.msa	1
pc2/ymir work/pc2/shaman/shaman_novice.gr2	d:/ymir work/pc2/shaman/shaman_novice.gr2	1
pc2/ymir work/pc2/assassin/horse/wait_2.gr2	d:/ymir work/pc2/assassin/horse/wait_2.gr2	1
pc2/ymir work/pc2/shaman/general/damage.gr2	d:/ymir work/pc2/shaman/general/damage.gr2	1
pc2/ymir work/pc2/assassin/skill/seomjeon.msk	d:/ymir work/pc2/assassin/skill/seomjeon.msk	1
pc2/ymir work/pc2/assassin/horse/wait_2.msa	d:/ymir work/pc2/assassin/horse/wait_2.msa	1
pc2/ymir work/pc2/assassin/horse_bow/attack.gr2	d:/ymir work/pc2/assassin/horse_bow/attack.gr2	1
pc2/ymir work/pc2/assassin/horse_bow/attack.msa	d:/ymir work/pc2/assassin/horse_bow/attack.msa	1
pc2/ymir work/pc2/shaman/skill/boho_5.msa	d:/ymir work/pc2/shaman/skill/boho_5.msa	1
pc2/ymir work/pc2/warrior/warrior_cheongrin_lod_01.gr2	d:/ymir work/pc2/warrior/warrior_cheongrin_lod_01.gr2	1
pc2/ymir work/pc2/assassin/horse_bow/damage.msa	d:/ymir work/pc2/assassin/horse_bow/damage.msa	1
pc2/ymir work/pc2/assassin/horse_bow/dead.msa	d:/ymir work/pc2/assassin/horse_bow/dead.msa	1
pc2/ymir work/pc2/assassin/horse_bow/run.gr2	d:/ymir work/pc2/assassin/horse_bow/run.gr2	1
pc2/ymir work/pc2/shaman/hair/hair_1_3.dds	d:/ymir work/pc2/shaman/hair/hair_1_3.dds	1
pc2/ymir work/pc2/shaman/cheerup.gr2	d:/ymir work/pc2/shaman/cheerup.gr2	1
pc2/ymir work/pc2/assassin/horse_bow/skill_splash.gr2	d:/ymir work/pc2/assassin/horse_bow/skill_splash.gr2	1
pc2/ymir work/pc2/sura/skill/johon.msa	d:/ymir work/pc2/sura/skill/johon.msa	1
pc2/ymir work/pc2/assassin/horse_bow/skill_wildattack.msa	d:/ymir work/pc2/assassin/horse_bow/skill_wildattack.msa	1
pc2/ymir work/pc2/assassin/horse_bow/wait.gr2	d:/ymir work/pc2/assassin/horse_bow/wait.gr2	1
pc2/ymir work/pc2/shaman/horse_fan/combo_02.msa	d:/ymir work/pc2/shaman/horse_fan/combo_02.msa	1
pc2/ymir work/pc2/assassin/skill/gungsin_4.msa	d:/ymir work/pc2/assassin/skill/gungsin_4.msa	1
pc2/ymir work/pc2/sura/skill/gongpo_2.msa	d:/ymir work/pc2/sura/skill/gongpo_2.msa	1
pc2/ymir work/pc2/assassin/horse_bow/wait_1.msa	d:/ymir work/pc2/assassin/horse_bow/wait_1.msa	1
pc2/ymir work/pc2/assassin/horse_bow/wait_2.gr2	d:/ymir work/pc2/assassin/horse_bow/wait_2.gr2	1
pc2/ymir work/pc2/assassin/horse_dualhand_sword/combo_01.msa	d:/ymir work/pc2/assassin/horse_dualhand_sword/combo_01.msa	1
pc2/ymir work/pc2/assassin/horse_dualhand_sword/combo_03.gr2	d:/ymir work/pc2/assassin/horse_dualhand_sword/combo_03.gr2	1
pc2/ymir work/pc2/shaman/skill/noejeon.gr2	d:/ymir work/pc2/shaman/skill/noejeon.gr2	1
pc2/ymir work/pc2/assassin/horse_dualhand_sword/combo_03.msa	d:/ymir work/pc2/assassin/horse_dualhand_sword/combo_03.msa	1
pc2/ymir work/pc2/shaman/skill/yongpa.msa	d:/ymir work/pc2/shaman/skill/yongpa.msa	1
pc2/ymir work/pc2/assassin/horse_dualhand_sword/skill_wildattack.gr2	d:/ymir work/pc2/assassin/horse_dualhand_sword/skill_wildattack.gr2	1
pc2/ymir work/pc2/assassin/horse_onehand_sword/combo_02.msa	d:/ymir work/pc2/assassin/horse_onehand_sword/combo_02.msa	1
pc2/ymir work/pc2/assassin/horse_onehand_sword/combo_03.msa	d:/ymir work/pc2/assassin/horse_onehand_sword/combo_03.msa	1
pc2/ymir work/pc2/sura/onehand_sword/combo_06.gr2	d:/ymir work/pc2/sura/onehand_sword/combo_06.gr2	1
pc2/ymir work/pc2/assassin/skill/dokgigung_2.msa	d:/ymir work/pc2/assassin/skill/dokgigung_2.msa	1
pc2/ymir work/pc2/shaman/fan/pick_up.msa	d:/ymir work/pc2/shaman/fan/pick_up.msa	1
pc2/ymir work/pc2/warrior/skill/tugi.msk	d:/ymir work/pc2/warrior/skill/tugi.msk	1
pc2/ymir work/pc2/assassin/horse_onehand_sword/skill_splash.msa	d:/ymir work/pc2/assassin/horse_onehand_sword/skill_splash.msa	1
pc2/ymir work/pc2/shaman/forgive.gr2	d:/ymir work/pc2/shaman/forgive.gr2	1
pc2/ymir work/pc2/shaman/skill/yongpa_5.msa	d:/ymir work/pc2/shaman/skill/yongpa_5.msa	1
pc2/ymir work/pc2/shaman/action/dance_1.gr2	d:/ymir work/pc2/shaman/action/dance_1.gr2	1
pc2/ymir work/pc2/warrior/skill/cheongeun.msk	d:/ymir work/pc2/warrior/skill/cheongeun.msk	1
pc2/ymir work/pc2/assassin/horse_onehand_sword/skill_wildattack.gr2	d:/ymir work/pc2/assassin/horse_onehand_sword/skill_wildattack.gr2	1
pc2/ymir work/pc2/warrior/twohand_sword/combo_07.gr2	d:/ymir work/pc2/warrior/twohand_sword/combo_07.gr2	1
pc2/ymir work/pc2/sura/intro/selected.gr2	d:/ymir work/pc2/sura/intro/selected.gr2	1
pc2/ymir work/pc2/assassin/horse_onehand_sword/skill_wildattack.msa	d:/ymir work/pc2/assassin/horse_onehand_sword/skill_wildattack.msa	1
pc2/ymir work/pc2/assassin/intro/selected.msa	d:/ymir work/pc2/assassin/intro/selected.msa	1
pc2/ymir work/pc2/common/effect/armor/gwi_geom_spark copy.jpg	d:/ymir work/pc2/common/effect/armor/gwi_geom_spark copy.jpg	1
pc2/ymir work/pc2/warrior/general/back_damage_flying.gr2	d:/ymir work/pc2/warrior/general/back_damage_flying.gr2	1
pc2/ymir work/pc2/assassin/intro/wait.gr2	d:/ymir work/pc2/assassin/intro/wait.gr2	1
pc2/ymir work/pc2/warrior/twohand_sword/wait.gr2	d:/ymir work/pc2/warrior/twohand_sword/wait.gr2	1
pc2/ymir work/pc2/assassin/intro/wait.msa	d:/ymir work/pc2/assassin/intro/wait.msa	1
pc2/ymir work/pc2/sura/sura_jinhon_lod_03.gr2	d:/ymir work/pc2/sura/sura_jinhon_lod_03.gr2	1
pc2/ymir work/pc2/assassin/onehand_sword/change_weapon.gr2	d:/ymir work/pc2/assassin/onehand_sword/change_weapon.gr2	1
pc2/ymir work/pc2/assassin/onehand_sword/change_weapon.msa	d:/ymir work/pc2/assassin/onehand_sword/change_weapon.msa	1
pc2/ymir work/pc2/assassin/wedding/walk.gr2	d:/ymir work/pc2/assassin/wedding/walk.gr2	1
pc2/ymir work/pc2/assassin/onehand_sword/combo_02.msa	d:/ymir work/pc2/assassin/onehand_sword/combo_02.msa	1
pc2/ymir work/pc2/shaman/shaman_bongsin.gr2	d:/ymir work/pc2/shaman/shaman_bongsin.gr2	1
pc2/ymir work/pc2/warrior/twohand_sword/change_weapon.gr2	d:/ymir work/pc2/warrior/twohand_sword/change_weapon.gr2	1
pc2/ymir work/pc2/assassin/onehand_sword/combo_03.msa	d:/ymir work/pc2/assassin/onehand_sword/combo_03.msa	1
pc2/ymir work/pc2/warrior/warrior_novice_red.dds	d:/ymir work/pc2/warrior/warrior_novice_red.dds	1
pc2/ymir work/pc2/assassin/onehand_sword/combo_04.gr2	d:/ymir work/pc2/assassin/onehand_sword/combo_04.gr2	1
pc2/ymir work/pc2/common/effect/horse_charge.mse	d:/ymir work/pc2/common/effect/horse_charge.mse	1
pc2/ymir work/pc2/sura/sura_4-1.gr2	d:/ymir work/pc2/sura/sura_4-1.gr2	1
pc2/ymir work/pc2/shaman/general/wait_1.gr2	d:/ymir work/pc2/shaman/general/wait_1.gr2	1
pc2/ymir work/pc2/shaman/horse/wait.msa	d:/ymir work/pc2/shaman/horse/wait.msa	1
pc2/ymir work/pc2/sura/onehand_sword/pick_up.msa	d:/ymir work/pc2/sura/onehand_sword/pick_up.msa	1
pc2/ymir work/pc2/assassin/onehand_sword/combo_04.msa	d:/ymir work/pc2/assassin/onehand_sword/combo_04.msa	1
pc2/ymir work/pc2/assassin/onehand_sword/combo_05.gr2	d:/ymir work/pc2/assassin/onehand_sword/combo_05.gr2	1
pc2/ymir work/pc2/warrior/skill/gyeoksan.msa	d:/ymir work/pc2/warrior/skill/gyeoksan.msa	1
pc2/ymir work/pc2/sura/general/attack.gr2	d:/ymir work/pc2/sura/general/attack.gr2	1
pc2/ymir work/pc2/assassin/skill/gungsin_3.msa	d:/ymir work/pc2/assassin/skill/gungsin_3.msa	1
pc2/ymir work/pc2/assassin/skill/shoot.gr2	d:/ymir work/pc2/assassin/skill/shoot.gr2	1
pc2/ymir work/pc2/warrior/skill/gibaek.msk	d:/ymir work/pc2/warrior/skill/gibaek.msk	1
pc2/ymir work/pc2/assassin/onehand_sword/combo_06.gr2	d:/ymir work/pc2/assassin/onehand_sword/combo_06.gr2	1
pc2/ymir work/pc2/sura/general/damage_1.msa	d:/ymir work/pc2/sura/general/damage_1.msa	1
pc2/ymir work/pc2/assassin/onehand_sword/combo_06.msa	d:/ymir work/pc2/assassin/onehand_sword/combo_06.msa	1
pc2/ymir work/pc2/assassin/onehand_sword/combo_07.gr2	d:/ymir work/pc2/assassin/onehand_sword/combo_07.gr2	1
pc2/ymir work/pc2/warrior/skill/geomgyeong_3.msa	d:/ymir work/pc2/warrior/skill/geomgyeong_3.msa	1
pc2/ymir work/pc2/sura/horse/wait.msa	d:/ymir work/pc2/sura/horse/wait.msa	1
pc2/ymir work/pc2/shaman/fan/combo_04.msa	d:/ymir work/pc2/shaman/fan/combo_04.msa	1
pc2/ymir work/pc2/warrior/horse/damage.msa	d:/ymir work/pc2/warrior/horse/damage.msa	1
pc2/ymir work/pc2/assassin/skill/yeonsa_3.msa	d:/ymir work/pc2/assassin/skill/yeonsa_3.msa	1
pc2/ymir work/pc2/assassin/onehand_sword/combo_07.msa	d:/ymir work/pc2/assassin/onehand_sword/combo_07.msa	1
pc2/ymir work/pc2/shaman/horse/skill_splash.gr2	d:/ymir work/pc2/shaman/horse/skill_splash.gr2	1
pc2/ymir work/pc2/sura/onehand_sword/rampage.msa	d:/ymir work/pc2/sura/onehand_sword/rampage.msa	1
pc2/ymir work/pc2/assassin/skill/naeyanggong.msk	d:/ymir work/pc2/assassin/skill/naeyanggong.msk	1
pc2/ymir work/pc2/warrior/skill/guild_yongsinuichukbok.msa	d:/ymir work/pc2/warrior/skill/guild_yongsinuichukbok.msa	1
pc2/ymir work/pc2/shaman/skill/pokroe_4.msa	d:/ymir work/pc2/shaman/skill/pokroe_4.msa	1
pc2/ymir work/pc2/assassin/onehand_sword/damage.gr2	d:/ymir work/pc2/assassin/onehand_sword/damage.gr2	1
pc2/ymir work/pc2/shaman/skill/gicheon_3.msa	d:/ymir work/pc2/shaman/skill/gicheon_3.msa	1
pc2/ymir work/pc2/assassin/onehand_sword/damage_1.gr2	d:/ymir work/pc2/assassin/onehand_sword/damage_1.gr2	1
pc2/ymir work/pc2/shaman/skill/bansa.msk	d:/ymir work/pc2/shaman/skill/bansa.msk	1
pc2/ymir work/pc2/sura/action/slap_hit.msa	d:/ymir work/pc2/sura/action/slap_hit.msa	1
pc2/ymir work/pc2/shaman/action/dance_5.gr2	d:/ymir work/pc2/shaman/action/dance_5.gr2	1
pc2/ymir work/pc2/shaman/action/slap_hit.gr2	d:/ymir work/pc2/shaman/action/slap_hit.gr2	1
pc2/ymir work/pc2/sura/skill/heuksin_3.msa	d:/ymir work/pc2/sura/skill/heuksin_3.msa	1
pc2/ymir work/pc2/assassin/onehand_sword/damage_2.gr2	d:/ymir work/pc2/assassin/onehand_sword/damage_2.gr2	1
pc2/ymir work/pc2/sura/skill/jumageom.msa	d:/ymir work/pc2/sura/skill/jumageom.msa	1
pc2/ymir work/pc2/assassin/onehand_sword/damage_3.gr2	d:/ymir work/pc2/assassin/onehand_sword/damage_3.gr2	1
pc2/ymir work/pc2/sura/action/french_kiss_with_warrior.msa	d:/ymir work/pc2/sura/action/french_kiss_with_warrior.msa	1
pc2/ymir work/pc2/shaman/fan/combo_04.gr2	d:/ymir work/pc2/shaman/fan/combo_04.gr2	1
pc2/ymir work/pc2/warrior/warrior_king01.dds	d:/ymir work/pc2/warrior/warrior_king01.dds	1
pc2/ymir work/pc2/sura/action/forgive.gr2	d:/ymir work/pc2/sura/action/forgive.gr2	1
pc2/ymir work/pc2/assassin/onehand_sword/damage_3.msa	d:/ymir work/pc2/assassin/onehand_sword/damage_3.msa	1
pc2/ymir work/pc2/warrior/hair/hair_1_1.dds	d:/ymir work/pc2/warrior/hair/hair_1_1.dds	1
pc2/ymir work/pc2/shaman/fan/run.msa	d:/ymir work/pc2/shaman/fan/run.msa	1
pc2/ymir work/pc2/assassin/onehand_sword/pick_up.gr2	d:/ymir work/pc2/assassin/onehand_sword/pick_up.gr2	1
pc2/ymir work/pc2/sura/onehand_sword/rampage_01.gr2	d:/ymir work/pc2/sura/onehand_sword/rampage_01.gr2	1
pc2/ymir work/pc2/shaman/hair/hair_3_2.dds	d:/ymir work/pc2/shaman/hair/hair_3_2.dds	1
pc2/ymir work/pc2/assassin/onehand_sword/rampage.msa	d:/ymir work/pc2/assassin/onehand_sword/rampage.msa	1
pc2/ymir work/pc2/shaman/action/shy.msa	d:/ymir work/pc2/shaman/action/shy.msa	1
pc2/ymir work/pc2/sura/skill/mahwan_2.msa	d:/ymir work/pc2/sura/skill/mahwan_2.msa	1
pc2/ymir work/pc2/assassin/onehand_sword/rampage_01.gr2	d:/ymir work/pc2/assassin/onehand_sword/rampage_01.gr2	1
pc2/ymir work/pc2/warrior/general/damage_2.msa	d:/ymir work/pc2/warrior/general/damage_2.msa	1
pc2/ymir work/pc2/assassin/skill/seomjeon_2.msa	d:/ymir work/pc2/assassin/skill/seomjeon_2.msa	1
pc2/ymir work/pc2/shaman/action/joy.gr2	d:/ymir work/pc2/shaman/action/joy.gr2	1
pc2/ymir work/pc2/assassin/onehand_sword/rampage_01.msa	d:/ymir work/pc2/assassin/onehand_sword/rampage_01.msa	1
pc2/ymir work/pc2/shaman/skill/jeongeop.msk	d:/ymir work/pc2/shaman/skill/jeongeop.msk	1
pc2/ymir work/pc2/assassin/skill/poison_cloud.gr2	d:/ymir work/pc2/assassin/skill/poison_cloud.gr2	1
pc2/ymir work/pc2/shaman/hair/hair_3_3.dds	d:/ymir work/pc2/shaman/hair/hair_3_3.dds	1
pc2/ymir work/pc2/assassin/skill/guild_yongsinuipi.msa	d:/ymir work/pc2/assassin/skill/guild_yongsinuipi.msa	1
pc2/ymir work/pc2/sura/hair/hair_1_1.dds	d:/ymir work/pc2/sura/hair/hair_1_1.dds	1
pc2/ymir work/pc2/assassin/onehand_sword/rampage_02.msa	d:/ymir work/pc2/assassin/onehand_sword/rampage_02.msa	1
pc2/ymir work/pc2/warrior/general/falling_stand.gr2	d:/ymir work/pc2/warrior/general/falling_stand.gr2	1
pc2/ymir work/pc2/assassin/onehand_sword/rampage_03.gr2	d:/ymir work/pc2/assassin/onehand_sword/rampage_03.gr2	1
pc2/ymir work/pc2/sura/horse/damage.msa	d:/ymir work/pc2/sura/horse/damage.msa	1
pc2/ymir work/pc2/assassin/skill/find_trap.msk	d:/ymir work/pc2/assassin/skill/find_trap.msk	1
pc2/ymir work/pc2/warrior/warrior_face.dds	d:/ymir work/pc2/warrior/warrior_face.dds	1
pc2/ymir work/pc2/shaman/forgive.msa	d:/ymir work/pc2/shaman/forgive.msa	1
pc2/ymir work/pc2/assassin/onehand_sword/rampage_03.msa	d:/ymir work/pc2/assassin/onehand_sword/rampage_03.msa	1
pc2/ymir work/pc2/shaman/skill/chojeon.msk	d:/ymir work/pc2/shaman/skill/chojeon.msk	1
pc2/ymir work/pc2/assassin/onehand_sword/run.msa	d:/ymir work/pc2/assassin/onehand_sword/run.msa	1
pc2/ymir work/pc2/sura/sura_novice_black.dds	d:/ymir work/pc2/sura/sura_novice_black.dds	1
pc2/ymir work/pc2/shaman/action/french_kiss_with_assassin.msa	d:/ymir work/pc2/shaman/action/french_kiss_with_assassin.msa	1
pc2/ymir work/pc2/shaman/bell/combo_03.gr2	d:/ymir work/pc2/shaman/bell/combo_03.gr2	1
pc2/ymir work/pc2/shaman/bell/damage_2.gr2	d:/ymir work/pc2/shaman/bell/damage_2.gr2	1
pc2/ymir work/pc2/assassin/onehand_sword/wait_1.gr2	d:/ymir work/pc2/assassin/onehand_sword/wait_1.gr2	1
pc2/ymir work/pc2/shaman/shaman_lord_lod_01.gr2	d:/ymir work/pc2/shaman/shaman_lord_lod_01.gr2	1
pc2/ymir work/pc2/assassin/skill/gwangyeok.msk	d:/ymir work/pc2/assassin/skill/gwangyeok.msk	1
pc2/ymir work/pc2/sura/onehand_sword/damage.msa	d:/ymir work/pc2/sura/onehand_sword/damage.msa	1
pc2/ymir work/pc2/shaman/action/french_kiss_with_warrior.msa	d:/ymir work/pc2/shaman/action/french_kiss_with_warrior.msa	1
pc2/ymir work/pc2/warrior/horse/stop.gr2	d:/ymir work/pc2/warrior/horse/stop.gr2	1
pc2/ymir work/pc2/sura/general/falling_stand.gr2	d:/ymir work/pc2/sura/general/falling_stand.gr2	1
pc2/ymir work/pc2/assassin/skill/enchant_poison.msk	d:/ymir work/pc2/assassin/skill/enchant_poison.msk	1
pc2/ymir work/pc2/assassin/onehand_sword/wait_1.msa	d:/ymir work/pc2/assassin/onehand_sword/wait_1.msa	1
pc2/ymir work/pc2/assassin/skill/amseup.msa	d:/ymir work/pc2/assassin/skill/amseup.msa	1
pc2/ymir work/pc2/warrior/twohand_sword/combo_06.gr2	d:/ymir work/pc2/warrior/twohand_sword/combo_06.gr2	1
pc2/ymir work/pc2/common/effect/armor/armor_9.mse	d:/ymir work/pc2/common/effect/armor/armor_9.mse	1
pc2/ymir work/pc2/assassin/skill/cheonryong_4.msa	d:/ymir work/pc2/assassin/skill/cheonryong_4.msa	1
pc2/ymir work/pc2/shaman/skill/gicheon_4.msa	d:/ymir work/pc2/shaman/skill/gicheon_4.msa	1
pc2/ymir work/pc2/shaman/bell/combo_01.gr2	d:/ymir work/pc2/shaman/bell/combo_01.gr2	1
pc2/ymir work/pc2/shaman/general/walk.gr2	d:/ymir work/pc2/shaman/general/walk.gr2	1
pc2/ymir work/pc2/assassin/skill/amseup.msk	d:/ymir work/pc2/assassin/skill/amseup.msk	1
pc2/ymir work/pc2/sura/skill/pabeop_3.msa	d:/ymir work/pc2/sura/skill/pabeop_3.msa	1
pc2/ymir work/pc2/assassin/skill/amseup_2.msa	d:/ymir work/pc2/assassin/skill/amseup_2.msa	1
pc2/ymir work/pc2/assassin/skill/seomjeon.msa	d:/ymir work/pc2/assassin/skill/seomjeon.msa	1
pc2/ymir work/pc2/warrior/skill/gyeoksan.msk	d:/ymir work/pc2/warrior/skill/gyeoksan.msk	1
pc2/ymir work/pc2/assassin/skill/gwangyeok_3.msa	d:/ymir work/pc2/assassin/skill/gwangyeok_3.msa	1
pc2/ymir work/pc2/assassin/skill/amseup_3.msa	d:/ymir work/pc2/assassin/skill/amseup_3.msa	1
pc2/ymir work/pc2/warrior/horse_twohand_sword/combo_03.msa	d:/ymir work/pc2/warrior/horse_twohand_sword/combo_03.msa	1
pc2/ymir work/pc2/shaman/attractive.msa	d:/ymir work/pc2/shaman/attractive.msa	1
pc2/ymir work/pc2/assassin/skill/amseup_5.msa	d:/ymir work/pc2/assassin/skill/amseup_5.msa	1
pc2/ymir work/pc2/assassin/skill/charyun.gr2	d:/ymir work/pc2/assassin/skill/charyun.gr2	1
pc2/ymir work/pc2/sura/sura_maryeong_lod_01.gr2	d:/ymir work/pc2/sura/sura_maryeong_lod_01.gr2	1
pc2/ymir work/pc2/warrior/warrior_novice.gr2	d:/ymir work/pc2/warrior/warrior_novice.gr2	1
pc2/ymir work/pc2/assassin/skill/charyun.msa	d:/ymir work/pc2/assassin/skill/charyun.msa	1
pc2/ymir work/pc2/warrior/hair/hair_2_4.dds	d:/ymir work/pc2/warrior/hair/hair_2_4.dds	1
pc2/ymir work/pc2/assassin/skill/charyun.msk	d:/ymir work/pc2/assassin/skill/charyun.msk	1
pc2/ymir work/pc2/assassin/skill/charyun_3.msa	d:/ymir work/pc2/assassin/skill/charyun_3.msa	1
pc2/ymir work/pc2/assassin/skill/charyun_4.msa	d:/ymir work/pc2/assassin/skill/charyun_4.msa	1
pc2/ymir work/pc2/shaman/skill/daejeongeop.msk	d:/ymir work/pc2/shaman/skill/daejeongeop.msk	1
pc2/ymir work/pc2/warrior/action/forgive.msa	d:/ymir work/pc2/warrior/action/forgive.msa	1
pc2/ymir work/pc2/shaman/shaman_miyeom_lod_03.gr2	d:/ymir work/pc2/shaman/shaman_miyeom_lod_03.gr2	1
pc2/ymir work/pc2/assassin/skill/cheonryong.msk	d:/ymir work/pc2/assassin/skill/cheonryong.msk	1
pc2/ymir work/pc2/shaman/bell/damage_2.msa	d:/ymir work/pc2/shaman/bell/damage_2.msa	1
pc2/ymir work/pc2/sura/horse/stop.msa	d:/ymir work/pc2/sura/horse/stop.msa	1
pc2/ymir work/pc2/assassin/skill/cheonryong_2.msa	d:/ymir work/pc2/assassin/skill/cheonryong_2.msa	1
pc2/ymir work/pc2/sura/onehand_sword/pick_up.gr2	d:/ymir work/pc2/sura/onehand_sword/pick_up.gr2	1
pc2/ymir work/pc2/shaman/general/dig.gr2	d:/ymir work/pc2/shaman/general/dig.gr2	1
pc2/ymir work/pc2/shaman/skill/gwihwan.msa	d:/ymir work/pc2/shaman/skill/gwihwan.msa	1
pc2/ymir work/pc2/assassin/skill/eunhyeong_5.msa	d:/ymir work/pc2/assassin/skill/eunhyeong_5.msa	1
pc2/ymir work/pc2/warrior/onehand_sword/combo_04.msa	d:/ymir work/pc2/warrior/onehand_sword/combo_04.msa	1
pc2/ymir work/pc2/assassin/skill/dokgigung.msa	d:/ymir work/pc2/assassin/skill/dokgigung.msa	1
pc2/ymir work/pc2/sura/wedding/dance_5.msa~	d:/ymir work/pc2/sura/wedding/dance_5.msa~	1
pc2/ymir work/pc2/sura/skill/gongpo.msk	d:/ymir work/pc2/sura/skill/gongpo.msk	1
pc2/ymir work/pc2/sura/hair/hair_1_2.dds	d:/ymir work/pc2/sura/hair/hair_1_2.dds	1
pc2/ymir work/pc2/assassin/skill/dokgigung_3.msa	d:/ymir work/pc2/assassin/skill/dokgigung_3.msa	1
pc2/ymir work/pc2/shaman/skill/jeunghon_me.msa	d:/ymir work/pc2/shaman/skill/jeunghon_me.msa	1
pc2/ymir work/pc2/assassin/skill/seomgwang_3.msa	d:/ymir work/pc2/assassin/skill/seomgwang_3.msa	1
pc2/ymir work/pc2/assassin/skill/dokgigung_5.msa	d:/ymir work/pc2/assassin/skill/dokgigung_5.msa	1
pc2/ymir work/pc2/warrior/warrior_cheongrin.dds	d:/ymir work/pc2/warrior/warrior_cheongrin.dds	1
pc2/ymir work/pc2/assassin/skill/seomgwang_5.msa	d:/ymir work/pc2/assassin/skill/seomgwang_5.msa	1
pc2/ymir work/pc2/assassin/skill/eunhyeong_2.msa	d:/ymir work/pc2/assassin/skill/eunhyeong_2.msa	1
pc2/ymir work/pc2/sura/hair/hair_3_2.dds	d:/ymir work/pc2/sura/hair/hair_3_2.dds	1
pc2/ymir work/pc2/assassin/skill/eunhyeong_3.msa	d:/ymir work/pc2/assassin/skill/eunhyeong_3.msa	1
pc2/ymir work/pc2/sura/skill/maseong.msk	d:/ymir work/pc2/sura/skill/maseong.msk	1
pc2/ymir work/pc2/assassin/skill/eunhyeong_4.msa	d:/ymir work/pc2/assassin/skill/eunhyeong_4.msa	1
pc2/ymir work/pc2/sura/sura_hair_01.dds	d:/ymir work/pc2/sura/sura_hair_01.dds	1
pc2/ymir work/pc2/assassin/skill/yeonsa.msk	d:/ymir work/pc2/assassin/skill/yeonsa.msk	1
pc2/ymir work/pc2/assassin/skill/gigung.msk	d:/ymir work/pc2/assassin/skill/gigung.msk	1
pc2/ymir work/pc2/assassin/skill/guild_gasokhwa.msa	d:/ymir work/pc2/assassin/skill/guild_gasokhwa.msa	1
pc2/ymir work/pc2/shaman/fishing/run.msa	d:/ymir work/pc2/shaman/fishing/run.msa	1
pc2/ymir work/pc2/shaman/skill/inma.msk	d:/ymir work/pc2/shaman/skill/inma.msk	1
pc2/ymir work/pc2/warrior/skill/daejin_4.msa	d:/ymir work/pc2/warrior/skill/daejin_4.msa	1
pc2/ymir work/pc2/sura/skill/maryeong_4.msa	d:/ymir work/pc2/sura/skill/maryeong_4.msa	1
pc2/ymir work/pc2/assassin/skill/guild_seonghwigap.msa	d:/ymir work/pc2/assassin/skill/guild_seonghwigap.msa	1
pc2/ymir work/pc2/shaman/skill/gamji_target.msa	d:/ymir work/pc2/shaman/skill/gamji_target.msa	1
pc2/ymir work/pc2/assassin/skill/hwajo_3.msa	d:/ymir work/pc2/assassin/skill/hwajo_3.msa	1
pc2/ymir work/pc2/assassin/skill/gungsin.gr2	d:/ymir work/pc2/assassin/skill/gungsin.gr2	1
pc2/ymir work/pc2/shaman/skill/boho_2.msa	d:/ymir work/pc2/shaman/skill/boho_2.msa	1
pc2/ymir work/pc2/shaman/horse/wait_1.gr2	d:/ymir work/pc2/shaman/horse/wait_1.gr2	1
pc2/ymir work/pc2/assassin/skill/gungsin.msk	d:/ymir work/pc2/assassin/skill/gungsin.msk	1
pc2/ymir work/pc2/assassin/skill/gungsin_5.msa	d:/ymir work/pc2/assassin/skill/gungsin_5.msa	1
pc2/ymir work/pc2/sura/sura_biun.dds	d:/ymir work/pc2/sura/sura_biun.dds	1
pc2/ymir work/pc2/common/effect/sword/sword_9_b.mse	d:/ymir work/pc2/common/effect/sword/sword_9_b.mse	1
pc2/ymir work/pc2/assassin/skill/gwangyeok.msa	d:/ymir work/pc2/assassin/skill/gwangyeok.msa	1
pc2/ymir work/pc2/assassin/skill/gwangyeok_2.msa	d:/ymir work/pc2/assassin/skill/gwangyeok_2.msa	1
pc2/ymir work/pc2/shaman/hair/hair_4_1.dds	d:/ymir work/pc2/shaman/hair/hair_4_1.dds	1
pc2/ymir work/pc2/assassin/skill/gwangyeok_4.msa	d:/ymir work/pc2/assassin/skill/gwangyeok_4.msa	1
pc2/ymir work/pc2/assassin/skill/gwangyeok_5.msa	d:/ymir work/pc2/assassin/skill/gwangyeok_5.msa	1
pc2/ymir work/pc2/assassin/skill/gyeonggong_3.msa	d:/ymir work/pc2/assassin/skill/gyeonggong_3.msa	1
pc2/ymir work/pc2/warrior/general/damage_1.msa	d:/ymir work/pc2/warrior/general/damage_1.msa	1
pc2/ymir work/pc2/assassin/skill/gyeonggong.msa	d:/ymir work/pc2/assassin/skill/gyeonggong.msa	1
pc2/ymir work/pc2/warrior/twohand_sword/damage_3.msa	d:/ymir work/pc2/warrior/twohand_sword/damage_3.msa	1
pc2/ymir work/pc2/assassin/skill/gyeonggong.msk	d:/ymir work/pc2/assassin/skill/gyeonggong.msk	1
pc2/ymir work/pc2/assassin/skill/gyeonggong_2.msa	d:/ymir work/pc2/assassin/skill/gyeonggong_2.msa	1
pc2/ymir work/pc2/assassin/skill/hwajo.msk	d:/ymir work/pc2/assassin/skill/hwajo.msk	1
pc2/ymir work/pc2/warrior/skill/tanhwan.msa	d:/ymir work/pc2/warrior/skill/tanhwan.msa	1
pc2/ymir work/pc2/common/effect/sword/sword_8.mse	d:/ymir work/pc2/common/effect/sword/sword_8.mse	1
pc2/ymir work/pc2/shaman/fishing/fishing_fail.gr2	d:/ymir work/pc2/shaman/fishing/fishing_fail.gr2	1
pc2/ymir work/pc2/assassin/skill/hwajo_4.msa	d:/ymir work/pc2/assassin/skill/hwajo_4.msa	1
pc2/ymir work/pc2/shaman/skill/yongsin.msa	d:/ymir work/pc2/shaman/skill/yongsin.msa	1
pc2/ymir work/pc2/sura/sura_marry_01_lod_03.gr2	d:/ymir work/pc2/sura/sura_marry_01_lod_03.gr2	1
pc2/ymir work/pc2/warrior/twohand_sword/rampage_02.gr2	d:/ymir work/pc2/warrior/twohand_sword/rampage_02.gr2	1
pc2/ymir work/pc2/assassin/skill/hwajo_5.msa	d:/ymir work/pc2/assassin/skill/hwajo_5.msa	1
pc2/ymir work/pc2/assassin/skill/kwaegeom.gr2	d:/ymir work/pc2/assassin/skill/kwaegeom.gr2	1
pc2/ymir work/pc2/warrior/skill/guild_yongsinuipi.msa	d:/ymir work/pc2/warrior/skill/guild_yongsinuipi.msa	1
pc2/ymir work/pc2/assassin/skill/make_trap.gr2	d:/ymir work/pc2/assassin/skill/make_trap.gr2	1
pc2/ymir work/pc2/assassin/skill/sangong.msa	d:/ymir work/pc2/assassin/skill/sangong.msa	1
pc2/ymir work/pc2/sura/action/kiss_with_warrior.gr2	d:/ymir work/pc2/sura/action/kiss_with_warrior.gr2	1
pc2/ymir work/pc2/assassin/skill/seomgwang.gr2	d:/ymir work/pc2/assassin/skill/seomgwang.gr2	1
pc2/ymir work/pc2/assassin/skill/seomgwang.msa	d:/ymir work/pc2/assassin/skill/seomgwang.msa	1
pc2/ymir work/pc2/assassin/skill/seomgwang.msk	d:/ymir work/pc2/assassin/skill/seomgwang.msk	1
pc2/ymir work/pc2/shaman/bell/combo_02.msa	d:/ymir work/pc2/shaman/bell/combo_02.msa	1
pc2/ymir work/pc2/assassin/skill/tongsol.msk	d:/ymir work/pc2/assassin/skill/tongsol.msk	1
pc2/ymir work/pc2/assassin/skill/yangsinbeop.msk	d:/ymir work/pc2/assassin/skill/yangsinbeop.msk	1
pc2/ymir work/pc2/shaman/skill/budong.msa	d:/ymir work/pc2/shaman/skill/budong.msa	1
pc2/ymir work/pc2/warrior/skill/gigongsul.msa	d:/ymir work/pc2/warrior/skill/gigongsul.msa	1
pc2/ymir work/pc2/assassin/skill/yeonsa.msa	d:/ymir work/pc2/assassin/skill/yeonsa.msa	1
pc2/ymir work/pc2/assassin/skill/yeonsa_2.msa	d:/ymir work/pc2/assassin/skill/yeonsa_2.msa	1
pc2/ymir work/pc2/assassin/skill/yeonsa_5.msa	d:/ymir work/pc2/assassin/skill/yeonsa_5.msa	1
pc2/ymir work/pc2/warrior/hair/hair_4_1.gr2	d:/ymir work/pc2/warrior/hair/hair_4_1.gr2	1
pc2/ymir work/pc2/shaman/hair/hair_4_2.dds	d:/ymir work/pc2/shaman/hair/hair_4_2.dds	1
pc2/ymir work/pc2/warrior/onehand_sword/rampage.msa	d:/ymir work/pc2/warrior/onehand_sword/rampage.msa	1
pc2/ymir work/pc2/assassin/wedding/wait.gr2	d:/ymir work/pc2/assassin/wedding/wait.gr2	1
pc2/ymir work/pc2/shaman/bell/damage_1.gr2	d:/ymir work/pc2/shaman/bell/damage_1.gr2	1
pc2/ymir work/pc2/common/effect/armor/armor_7.mse	d:/ymir work/pc2/common/effect/armor/armor_7.mse	1
pc2/ymir work/pc2/shaman/horse/skill_splash.msa	d:/ymir work/pc2/shaman/horse/skill_splash.msa	1
pc2/ymir work/pc2/common/effect/armor/armor_8.mse	d:/ymir work/pc2/common/effect/armor/armor_8.mse	1
pc2/ymir work/pc2/warrior/warrior_nahan_lod_01.gr2	d:/ymir work/pc2/warrior/warrior_nahan_lod_01.gr2	1
pc2/ymir work/pc2/common/effect/armor/orange_cure copy.jpg	d:/ymir work/pc2/common/effect/armor/orange_cure copy.jpg	1
pc2/ymir work/pc2/shaman/skill/jeongeop_2.msa	d:/ymir work/pc2/shaman/skill/jeongeop_2.msa	1
pc2/ymir work/pc2/common/effect/armor/upline.jpg	d:/ymir work/pc2/common/effect/armor/upline.jpg	1
pc2/ymir work/pc2/common/effect/sword/crescent.bmp	d:/ymir work/pc2/common/effect/sword/crescent.bmp	1
pc2/ymir work/pc2/sura/action/kiss_with_shaman.gr2	d:/ymir work/pc2/sura/action/kiss_with_shaman.gr2	1
pc2/ymir work/pc2/common/effect/sword/gwi_geom_spark copy.jpg	d:/ymir work/pc2/common/effect/sword/gwi_geom_spark copy.jpg	1
pc2/ymir work/pc2/common/effect/sword/sword_7_b.mse	d:/ymir work/pc2/common/effect/sword/sword_7_b.mse	1
pc2/ymir work/pc2/shaman/attractive.gr2	d:/ymir work/pc2/shaman/attractive.gr2	1
pc2/ymir work/pc2/warrior/skill/geunseong.msk	d:/ymir work/pc2/warrior/skill/geunseong.msk	1
pc2/ymir work/pc2/shaman/shaman_novice_lod_02.gr2	d:/ymir work/pc2/shaman/shaman_novice_lod_02.gr2	1
pc2/ymir work/pc2/common/effect/sword/sword_8_b.mse	d:/ymir work/pc2/common/effect/sword/sword_8_b.mse	1
pc2/ymir work/pc2/shaman/shaman_lord.gr2	d:/ymir work/pc2/shaman/shaman_lord.gr2	1
pc2/ymir work/pc2/warrior/skill/jeongwi_2.msa	d:/ymir work/pc2/warrior/skill/jeongwi_2.msa	1
pc2/ymir work/pc2/warrior/onehand_sword/wait_1.gr2	d:/ymir work/pc2/warrior/onehand_sword/wait_1.gr2	1
pc2/ymir work/pc2/warrior/horse/wait_1.gr2	d:/ymir work/pc2/warrior/horse/wait_1.gr2	1
pc2/ymir work/pc2/sura/action/kiss_with_warrior.msa	d:/ymir work/pc2/sura/action/kiss_with_warrior.msa	1
pc2/ymir work/pc2/common/effect/sword/sword_8_f.mse	d:/ymir work/pc2/common/effect/sword/sword_8_f.mse	1
pc2/ymir work/pc2/common/effect/sword/sword_8_s.mse	d:/ymir work/pc2/common/effect/sword/sword_8_s.mse	1
pc2/ymir work/pc2/common/effect/sword/sword_9.mse	d:/ymir work/pc2/common/effect/sword/sword_9.mse	1
pc2/ymir work/pc2/warrior/warrior_cheongrin_lod_02.gr2	d:/ymir work/pc2/warrior/warrior_cheongrin_lod_02.gr2	1
pc2/ymir work/pc2/shaman/general/wait.msa	d:/ymir work/pc2/shaman/general/wait.msa	1
pc2/ymir work/pc2/common/effect/sword/sword_9_s.mse	d:/ymir work/pc2/common/effect/sword/sword_9_s.mse	1
pc2/ymir work/pc2/common/skill/fishing.msk	d:/ymir work/pc2/common/skill/fishing.msk	1
pc2/ymir work/pc2/shaman/angry.gr2	d:/ymir work/pc2/shaman/angry.gr2	1
pc2/ymir work/pc2/shaman/banter.gr2	d:/ymir work/pc2/shaman/banter.gr2	1
pc2/ymir work/pc2/warrior/skill/daejin_3.msa	d:/ymir work/pc2/warrior/skill/daejin_3.msa	1
pc2/ymir work/pc2/warrior/warrior_geumrin.dds	d:/ymir work/pc2/warrior/warrior_geumrin.dds	1
pc2/ymir work/pc2/shaman/congratulation.gr2	d:/ymir work/pc2/shaman/congratulation.gr2	1
pc2/ymir work/pc2/warrior/hair/hair_3_1.gr2	d:/ymir work/pc2/warrior/hair/hair_3_1.gr2	1
pc2/ymir work/pc2/shaman/congratulation.msa	d:/ymir work/pc2/shaman/congratulation.msa	1
pc2/ymir work/pc2/sura/sura_maryeong.gr2	d:/ymir work/pc2/sura/sura_maryeong.gr2	1
pc2/ymir work/pc2/shaman/sad.gr2	d:/ymir work/pc2/shaman/sad.gr2	1
pc2/ymir work/pc2/shaman/sad.msa	d:/ymir work/pc2/shaman/sad.msa	1
pc2/ymir work/pc2/shaman/shaman.msm	d:/ymir work/pc2/shaman/shaman.msm	1
pc2/ymir work/pc2/warrior/skill/gyeoksan_2.msa	d:/ymir work/pc2/warrior/skill/gyeoksan_2.msa	1
pc2/ymir work/pc2/shaman/shaman_4-1.dds	d:/ymir work/pc2/shaman/shaman_4-1.dds	1
pc2/ymir work/pc2/shaman/wedding/walk.msa	d:/ymir work/pc2/shaman/wedding/walk.msa	1
pc2/ymir work/pc2/shaman/skill/budong_3.msa	d:/ymir work/pc2/shaman/skill/budong_3.msa	1
pc2/ymir work/pc2/shaman/shaman_4-1.gr2	d:/ymir work/pc2/shaman/shaman_4-1.gr2	1
pc2/ymir work/pc2/shaman/skill/sinchak_target.msa	d:/ymir work/pc2/shaman/skill/sinchak_target.msa	1
pc2/ymir work/pc2/shaman/shaman_4-1_lod_01.gr2	d:/ymir work/pc2/shaman/shaman_4-1_lod_01.gr2	1
pc2/ymir work/pc2/shaman/action/kiss_with_warrior.msa	d:/ymir work/pc2/shaman/action/kiss_with_warrior.msa	1
pc2/ymir work/pc2/shaman/shaman_4-1_lod_03.gr2	d:/ymir work/pc2/shaman/shaman_4-1_lod_03.gr2	1
pc2/ymir work/pc2/shaman/action/dance_4.gr2	d:/ymir work/pc2/shaman/action/dance_4.gr2	1
pc2/ymir work/pc2/shaman/shaman_amyo.dds	d:/ymir work/pc2/shaman/shaman_amyo.dds	1
pc2/ymir work/pc2/shaman/shaman_cheongnang.gr2	d:/ymir work/pc2/shaman/shaman_cheongnang.gr2	1
pc2/ymir work/pc2/shaman/shaman_cheongnang_lod_01.gr2	d:/ymir work/pc2/shaman/shaman_cheongnang_lod_01.gr2	1
pc2/ymir work/pc2/sura/horse_onehand_sword/combo_01.gr2	d:/ymir work/pc2/sura/horse_onehand_sword/combo_01.gr2	1
pc2/ymir work/pc2/shaman/shaman_cheongnang_lod_02.gr2	d:/ymir work/pc2/shaman/shaman_cheongnang_lod_02.gr2	1
pc2/ymir work/pc2/shaman/shaman_cheongnang_lod_03.gr2	d:/ymir work/pc2/shaman/shaman_cheongnang_lod_03.gr2	1
pc2/ymir work/pc2/sura/skill/hyeolhwan.msk	d:/ymir work/pc2/sura/skill/hyeolhwan.msk	1
pc2/ymir work/pc2/shaman/shaman_cheonryun.dds	d:/ymir work/pc2/shaman/shaman_cheonryun.dds	1
pc2/ymir work/pc2/shaman/shaman_cheonryun.gr2	d:/ymir work/pc2/shaman/shaman_cheonryun.gr2	1
pc2/ymir work/pc2/warrior/skill/geompung_2.msa	d:/ymir work/pc2/warrior/skill/geompung_2.msa	1
pc2/ymir work/pc2/shaman/shaman_cheonryun_lod_01.gr2	d:/ymir work/pc2/shaman/shaman_cheonryun_lod_01.gr2	1
pc2/ymir work/pc2/shaman/action/cheers_1.gr2	d:/ymir work/pc2/shaman/action/cheers_1.gr2	1
pc2/ymir work/pc2/shaman/shaman_cheonryun_lod_02.gr2	d:/ymir work/pc2/shaman/shaman_cheonryun_lod_02.gr2	1
pc2/ymir work/pc2/shaman/shaman_cheonryun_lod_03.gr2	d:/ymir work/pc2/shaman/shaman_cheonryun_lod_03.gr2	1
pc2/ymir work/pc2/warrior/skill/hwayeom.msk	d:/ymir work/pc2/warrior/skill/hwayeom.msk	1
pc2/ymir work/pc2/shaman/shaman_face.dds	d:/ymir work/pc2/shaman/shaman_face.dds	1
pc2/ymir work/pc2/shaman/shaman_hair_01_brown.dds	d:/ymir work/pc2/shaman/shaman_hair_01_brown.dds	1
pc2/ymir work/pc2/sura/sura_saryeong_lod_01.gr2	d:/ymir work/pc2/sura/sura_saryeong_lod_01.gr2	1
pc2/ymir work/pc2/shaman/shaman_hair_01_gold.dds	d:/ymir work/pc2/shaman/shaman_hair_01_gold.dds	1
pc2/ymir work/pc2/warrior/action/sad.gr2	d:/ymir work/pc2/warrior/action/sad.gr2	1
pc2/ymir work/pc2/sura/skill/gwigeom.msk	d:/ymir work/pc2/sura/skill/gwigeom.msk	1
pc2/ymir work/pc2/shaman/shaman_hair_01_red.dds	d:/ymir work/pc2/shaman/shaman_hair_01_red.dds	1
pc2/ymir work/pc2/shaman/shaman_hair_01_white.dds	d:/ymir work/pc2/shaman/shaman_hair_01_white.dds	1
pc2/ymir work/pc2/warrior/twohand_sword/rampage.msa	d:/ymir work/pc2/warrior/twohand_sword/rampage.msa	1
pc2/ymir work/pc2/warrior/fishing/fishing_fail.msa	d:/ymir work/pc2/warrior/fishing/fishing_fail.msa	1
pc2/ymir work/pc2/shaman/shaman_ilseon.dds	d:/ymir work/pc2/shaman/shaman_ilseon.dds	1
pc2/ymir work/pc2/shaman/shaman_lord_lod_02.gr2	d:/ymir work/pc2/shaman/shaman_lord_lod_02.gr2	1
pc2/ymir work/pc2/shaman/shaman_marry_01.dds	d:/ymir work/pc2/shaman/shaman_marry_01.dds	1
pc2/ymir work/pc2/shaman/skill/boho_4.msa	d:/ymir work/pc2/shaman/skill/boho_4.msa	1
pc2/ymir work/pc2/shaman/skill/byeorak_4.msa	d:/ymir work/pc2/shaman/skill/byeorak_4.msa	1
pc2/ymir work/pc2/shaman/shaman_marry_01.gr2	d:/ymir work/pc2/shaman/shaman_marry_01.gr2	1
pc2/ymir work/pc2/shaman/shaman_marry_01_lod_01.gr2	d:/ymir work/pc2/shaman/shaman_marry_01_lod_01.gr2	1
pc2/ymir work/pc2/shaman/shaman_marry_01_lod_03.gr2	d:/ymir work/pc2/shaman/shaman_marry_01_lod_03.gr2	1
pc2/ymir work/pc2/shaman/shaman_miyeom.gr2	d:/ymir work/pc2/shaman/shaman_miyeom.gr2	1
pc2/ymir work/pc2/shaman/shaman_miyeom_lod_01.gr2	d:/ymir work/pc2/shaman/shaman_miyeom_lod_01.gr2	1
pc2/ymir work/pc2/warrior/onehand_sword/attack_1.gr2	d:/ymir work/pc2/warrior/onehand_sword/attack_1.gr2	1
pc2/ymir work/pc2/sura/hair/hair_2_4.dds	d:/ymir work/pc2/sura/hair/hair_2_4.dds	1
pc2/ymir work/pc2/shaman/shaman_nabong.dds	d:/ymir work/pc2/shaman/shaman_nabong.dds	1
pc2/ymir work/pc2/sura/skill/muyeong_3.msa	d:/ymir work/pc2/sura/skill/muyeong_3.msa	1
pc2/ymir work/pc2/shaman/shaman_novice_green.dds	d:/ymir work/pc2/shaman/shaman_novice_green.dds	1
pc2/ymir work/pc2/shaman/action/kiss_with_shaman.msa	d:/ymir work/pc2/shaman/action/kiss_with_shaman.msa	1
pc2/ymir work/pc2/warrior/action/attractive.msa	d:/ymir work/pc2/warrior/action/attractive.msa	1
pc2/ymir work/pc2/shaman/shaman_novice_lod_03.gr2	d:/ymir work/pc2/shaman/shaman_novice_lod_03.gr2	1
pc2/ymir work/pc2/warrior/skill/guild_jumunsul.msa	d:/ymir work/pc2/warrior/skill/guild_jumunsul.msa	1
pc2/ymir work/pc2/shaman/shaman_novice_red.dds	d:/ymir work/pc2/shaman/shaman_novice_red.dds	1
pc2/ymir work/pc2/shaman/shaman_queen01.dds	d:/ymir work/pc2/shaman/shaman_queen01.dds	1
pc2/ymir work/pc2/warrior/twohand_sword/damage_2.msa	d:/ymir work/pc2/warrior/twohand_sword/damage_2.msa	1
pc2/ymir work/pc2/shaman/shaman_seocheon.dds	d:/ymir work/pc2/shaman/shaman_seocheon.dds	1
pc2/ymir work/pc2/warrior/skill/jeongwi_5.msa	d:/ymir work/pc2/warrior/skill/jeongwi_5.msa	1
pc2/ymir work/pc2/shaman/shy.msa	d:/ymir work/pc2/shaman/shy.msa	1
pc2/ymir work/pc2/warrior/horse_twohand_sword/combo_01.gr2	d:/ymir work/pc2/warrior/horse_twohand_sword/combo_01.gr2	1
pc2/ymir work/pc2/sura/skill/hwayeom_4.msa	d:/ymir work/pc2/sura/skill/hwayeom_4.msa	1
pc2/ymir work/pc2/shaman/skill/hosin_3.msa	d:/ymir work/pc2/shaman/skill/hosin_3.msa	1
pc2/ymir work/pc2/shaman/action/angry.gr2	d:/ymir work/pc2/shaman/action/angry.gr2	1
pc2/ymir work/pc2/shaman/hair/hair_2_1.gr2	d:/ymir work/pc2/shaman/hair/hair_2_1.gr2	1
pc2/ymir work/pc2/shaman/hair/hair_1_2.dds	d:/ymir work/pc2/shaman/hair/hair_1_2.dds	1
pc2/ymir work/pc2/warrior/onehand_sword/attack_1.msa	d:/ymir work/pc2/warrior/onehand_sword/attack_1.msa	1
pc2/ymir work/pc2/shaman/action/angry.msa	d:/ymir work/pc2/shaman/action/angry.msa	1
pc2/ymir work/pc2/sura/skill/yonggwon.msk	d:/ymir work/pc2/sura/skill/yonggwon.msk	1
pc2/ymir work/pc2/shaman/action/attractive.gr2	d:/ymir work/pc2/shaman/action/attractive.gr2	1
pc2/ymir work/pc2/shaman/action/attractive.msa	d:/ymir work/pc2/shaman/action/attractive.msa	1
pc2/ymir work/pc2/shaman/bell/combo_07.gr2	d:/ymir work/pc2/shaman/bell/combo_07.gr2	1
pc2/ymir work/pc2/shaman/action/banter.msa	d:/ymir work/pc2/shaman/action/banter.msa	1
pc2/ymir work/pc2/shaman/action/kiss_with_sura.msa	d:/ymir work/pc2/shaman/action/kiss_with_sura.msa	1
pc2/ymir work/pc2/shaman/action/cheers_1.msa	d:/ymir work/pc2/shaman/action/cheers_1.msa	1
pc2/ymir work/pc2/shaman/action/cheers_2.msa	d:/ymir work/pc2/shaman/action/cheers_2.msa	1
pc2/ymir work/pc2/shaman/action/cheerup.msa	d:/ymir work/pc2/shaman/action/cheerup.msa	1
pc2/ymir work/pc2/shaman/action/clap.msa	d:/ymir work/pc2/shaman/action/clap.msa	1
pc2/ymir work/pc2/shaman/action/congratulation.gr2	d:/ymir work/pc2/shaman/action/congratulation.gr2	1
pc2/ymir work/pc2/shaman/bell/rampage_03.gr2	d:/ymir work/pc2/shaman/bell/rampage_03.gr2	1
pc2/ymir work/pc2/shaman/action/dance_1.msa	d:/ymir work/pc2/shaman/action/dance_1.msa	1
pc2/ymir work/pc2/shaman/action/dance_2.msa	d:/ymir work/pc2/shaman/action/dance_2.msa	1
pc2/ymir work/pc2/shaman/wedding/walk.gr2	d:/ymir work/pc2/shaman/wedding/walk.gr2	1
pc2/ymir work/pc2/warrior/action/attractive.gr2	d:/ymir work/pc2/warrior/action/attractive.gr2	1
pc2/ymir work/pc2/sura/skill/tusok_3.msa	d:/ymir work/pc2/sura/skill/tusok_3.msa	1
pc2/ymir work/pc2/shaman/skill/sinchak_me.msa	d:/ymir work/pc2/shaman/skill/sinchak_me.msa	1
pc2/ymir work/pc2/shaman/action/dance_3.gr2	d:/ymir work/pc2/shaman/action/dance_3.gr2	1
pc2/ymir work/pc2/shaman/skill/paeryong.msa	d:/ymir work/pc2/shaman/skill/paeryong.msa	1
pc2/ymir work/pc2/shaman/action/dance_4.msa	d:/ymir work/pc2/shaman/action/dance_4.msa	1
pc2/ymir work/pc2/shaman/action/dance_5.msa	d:/ymir work/pc2/shaman/action/dance_5.msa	1
pc2/ymir work/pc2/shaman/skill/wonsin_target.msa	d:/ymir work/pc2/shaman/skill/wonsin_target.msa	1
pc2/ymir work/pc2/shaman/action/forgive.gr2	d:/ymir work/pc2/shaman/action/forgive.gr2	1
pc2/ymir work/pc2/shaman/bell/combo_06.gr2	d:/ymir work/pc2/shaman/bell/combo_06.gr2	1
pc2/ymir work/pc2/warrior/skill/gigongsul.gr2	d:/ymir work/pc2/warrior/skill/gigongsul.gr2	1
pc2/ymir work/pc2/shaman/action/forgive.msa	d:/ymir work/pc2/shaman/action/forgive.msa	1
pc2/ymir work/pc2/warrior/horse_onehand_sword/skill_splash.gr2	d:/ymir work/pc2/warrior/horse_onehand_sword/skill_splash.gr2	1
pc2/ymir work/pc2/shaman/action/french_kiss_with_assassin.gr2	d:/ymir work/pc2/shaman/action/french_kiss_with_assassin.gr2	1
pc2/ymir work/pc2/shaman/action/french_kiss_with_shaman.gr2	d:/ymir work/pc2/shaman/action/french_kiss_with_shaman.gr2	1
pc2/ymir work/pc2/shaman/action/french_kiss_with_shaman.msa	d:/ymir work/pc2/shaman/action/french_kiss_with_shaman.msa	1
pc2/ymir work/pc2/shaman/fishing/fishing_wait.msa	d:/ymir work/pc2/shaman/fishing/fishing_wait.msa	1
pc2/ymir work/pc2/shaman/action/french_kiss_with_sura.gr2	d:/ymir work/pc2/shaman/action/french_kiss_with_sura.gr2	1
pc2/ymir work/pc2/shaman/action/french_kiss_with_warrior.gr2	d:/ymir work/pc2/shaman/action/french_kiss_with_warrior.gr2	1
pc2/ymir work/pc2/shaman/bell/rampage_02.gr2	d:/ymir work/pc2/shaman/bell/rampage_02.gr2	1
pc2/ymir work/pc2/shaman/action/kiss_with_assassin.gr2	d:/ymir work/pc2/shaman/action/kiss_with_assassin.gr2	1
pc2/ymir work/pc2/sura/sura_maryeong.dds	d:/ymir work/pc2/sura/sura_maryeong.dds	1
pc2/ymir work/pc2/shaman/action/kiss_with_assassin.msa	d:/ymir work/pc2/shaman/action/kiss_with_assassin.msa	1
pc2/ymir work/pc2/warrior/intro/wait.gr2	d:/ymir work/pc2/warrior/intro/wait.gr2	1
pc2/ymir work/pc2/shaman/action/kiss_with_shaman.gr2	d:/ymir work/pc2/shaman/action/kiss_with_shaman.gr2	1
pc2/ymir work/pc2/shaman/skill/pokroe_3.msa	d:/ymir work/pc2/shaman/skill/pokroe_3.msa	1
pc2/ymir work/pc2/warrior/warrior_cheongrin.gr2	d:/ymir work/pc2/warrior/warrior_cheongrin.gr2	1
pc2/ymir work/pc2/shaman/action/kiss_with_sura.gr2	d:/ymir work/pc2/shaman/action/kiss_with_sura.gr2	1
pc2/ymir work/pc2/shaman/action/kiss_with_warrior.gr2	d:/ymir work/pc2/shaman/action/kiss_with_warrior.gr2	1
pc2/ymir work/pc2/shaman/action/sad.gr2	d:/ymir work/pc2/shaman/action/sad.gr2	1
pc2/ymir work/pc2/sura/action/dance_2.gr2	d:/ymir work/pc2/sura/action/dance_2.gr2	1
pc2/ymir work/pc2/shaman/action/shy.gr2	d:/ymir work/pc2/shaman/action/shy.gr2	1
pc2/ymir work/pc2/shaman/action/slap_hit.msa	d:/ymir work/pc2/shaman/action/slap_hit.msa	1
pc2/ymir work/pc2/shaman/action/slap_hurt.gr2	d:/ymir work/pc2/shaman/action/slap_hurt.gr2	1
pc2/ymir work/pc2/warrior/skill/gyeoksan_3.msa	d:/ymir work/pc2/warrior/skill/gyeoksan_3.msa	1
pc2/ymir work/pc2/shaman/action/slap_hurt.msa	d:/ymir work/pc2/shaman/action/slap_hurt.msa	1
pc2/ymir work/pc2/warrior/twohand_sword/rampage_02.msa	d:/ymir work/pc2/warrior/twohand_sword/rampage_02.msa	1
pc2/ymir work/pc2/warrior/action/kiss_with_warrior.msa	d:/ymir work/pc2/warrior/action/kiss_with_warrior.msa	1
pc2/ymir work/pc2/sura/skill/maryeong.msk	d:/ymir work/pc2/sura/skill/maryeong.msk	1
pc2/ymir work/pc2/shaman/bell/change_weapon.gr2	d:/ymir work/pc2/shaman/bell/change_weapon.gr2	1
pc2/ymir work/pc2/shaman/bell/combo_01.msa	d:/ymir work/pc2/shaman/bell/combo_01.msa	1
pc2/ymir work/pc2/shaman/general/walk.msa	d:/ymir work/pc2/shaman/general/walk.msa	1
pc2/ymir work/pc2/warrior/twohand_sword/damage_3.gr2	d:/ymir work/pc2/warrior/twohand_sword/damage_3.gr2	1
pc2/ymir work/pc2/shaman/general/attack.msa	d:/ymir work/pc2/shaman/general/attack.msa	1
pc2/ymir work/pc2/shaman/bell/combo_03.msa	d:/ymir work/pc2/shaman/bell/combo_03.msa	1
pc2/ymir work/pc2/shaman/bell/combo_04.gr2	d:/ymir work/pc2/shaman/bell/combo_04.gr2	1
pc2/ymir work/pc2/shaman/bell/combo_04.msa	d:/ymir work/pc2/shaman/bell/combo_04.msa	1
pc2/ymir work/pc2/shaman/skill/use_me.msa	d:/ymir work/pc2/shaman/skill/use_me.msa	1
pc2/ymir work/pc2/shaman/bell/combo_05.gr2	d:/ymir work/pc2/shaman/bell/combo_05.gr2	1
pc2/ymir work/pc2/shaman/fan/combo_06.gr2	d:/ymir work/pc2/shaman/fan/combo_06.gr2	1
pc2/ymir work/pc2/shaman/skill/gwihwan.msk	d:/ymir work/pc2/shaman/skill/gwihwan.msk	1
pc2/ymir work/pc2/shaman/bell/combo_06.msa	d:/ymir work/pc2/shaman/bell/combo_06.msa	1
pc2/ymir work/pc2/shaman/bell/combo_07.msa	d:/ymir work/pc2/shaman/bell/combo_07.msa	1
pc2/ymir work/pc2/shaman/bell/damage.gr2	d:/ymir work/pc2/shaman/bell/damage.gr2	1
pc2/ymir work/pc2/shaman/bell/damage.msa	d:/ymir work/pc2/shaman/bell/damage.msa	1
pc2/ymir work/pc2/shaman/bell/damage_1.msa	d:/ymir work/pc2/shaman/bell/damage_1.msa	1
pc2/ymir work/pc2/warrior/horse/walk.gr2	d:/ymir work/pc2/warrior/horse/walk.gr2	1
pc2/ymir work/pc2/shaman/bell/damage_3.gr2	d:/ymir work/pc2/shaman/bell/damage_3.gr2	1
pc2/ymir work/pc2/shaman/bell/pick_up.gr2	d:/ymir work/pc2/shaman/bell/pick_up.gr2	1
pc2/ymir work/pc2/shaman/bell/rampage.gr2	d:/ymir work/pc2/shaman/bell/rampage.gr2	1
pc2/ymir work/pc2/warrior/twohand_sword/combo_04.msa	d:/ymir work/pc2/warrior/twohand_sword/combo_04.msa	1
pc2/ymir work/pc2/shaman/bell/rampage_01.msa	d:/ymir work/pc2/shaman/bell/rampage_01.msa	1
pc2/ymir work/pc2/shaman/bell/rampage_02.msa	d:/ymir work/pc2/shaman/bell/rampage_02.msa	1
pc2/ymir work/pc2/shaman/bell/rampage_03.msa	d:/ymir work/pc2/shaman/bell/rampage_03.msa	1
pc2/ymir work/pc2/shaman/bell/run.gr2	d:/ymir work/pc2/shaman/bell/run.gr2	1
pc2/ymir work/pc2/shaman/bell/wait.msa	d:/ymir work/pc2/shaman/bell/wait.msa	1
pc2/ymir work/pc2/shaman/fan/change_weapon.gr2	d:/ymir work/pc2/shaman/fan/change_weapon.gr2	1
pc2/ymir work/pc2/shaman/general/damage_1.msa	d:/ymir work/pc2/shaman/general/damage_1.msa	1
pc2/ymir work/pc2/sura/sura_heukbi.dds	d:/ymir work/pc2/sura/sura_heukbi.dds	1
pc2/ymir work/pc2/warrior/onehand_sword/damage.gr2	d:/ymir work/pc2/warrior/onehand_sword/damage.gr2	1
pc2/ymir work/pc2/shaman/fan/change_weapon.msa	d:/ymir work/pc2/shaman/fan/change_weapon.msa	1
pc2/ymir work/pc2/shaman/fan/combo_01.gr2	d:/ymir work/pc2/shaman/fan/combo_01.gr2	1
pc2/ymir work/pc2/warrior/twohand_sword/rampage_03.msa	d:/ymir work/pc2/warrior/twohand_sword/rampage_03.msa	1
pc2/ymir work/pc2/shaman/skill/wonsin.msk	d:/ymir work/pc2/shaman/skill/wonsin.msk	1
pc2/ymir work/pc2/shaman/fan/combo_02.gr2	d:/ymir work/pc2/shaman/fan/combo_02.gr2	1
pc2/ymir work/pc2/shaman/skill/myeongsang.msk	d:/ymir work/pc2/shaman/skill/myeongsang.msk	1
pc2/ymir work/pc2/shaman/fan/combo_03.msa	d:/ymir work/pc2/shaman/fan/combo_03.msa	1
pc2/ymir work/pc2/shaman/fan/combo_05.gr2	d:/ymir work/pc2/shaman/fan/combo_05.gr2	1
pc2/ymir work/pc2/warrior/warrior_hair_04.dds	d:/ymir work/pc2/warrior/warrior_hair_04.dds	1
pc2/ymir work/pc2/shaman/skill/byeorak_3.msa	d:/ymir work/pc2/shaman/skill/byeorak_3.msa	1
pc2/ymir work/pc2/shaman/fan/combo_06.msa	d:/ymir work/pc2/shaman/fan/combo_06.msa	1
pc2/ymir work/pc2/warrior/skill/daejin_5.msa	d:/ymir work/pc2/warrior/skill/daejin_5.msa	1
pc2/ymir work/pc2/sura/skill/jumageom.msk	d:/ymir work/pc2/sura/skill/jumageom.msk	1
pc2/ymir work/pc2/shaman/fan/damage.gr2	d:/ymir work/pc2/shaman/fan/damage.gr2	1
pc2/ymir work/pc2/shaman/skill/noejeon_2.msa	d:/ymir work/pc2/shaman/skill/noejeon_2.msa	1
pc2/ymir work/pc2/shaman/fan/damage.msa	d:/ymir work/pc2/shaman/fan/damage.msa	1
pc2/ymir work/pc2/sura/sura_4-1.dds	d:/ymir work/pc2/sura/sura_4-1.dds	1
pc2/ymir work/pc2/sura/skill/gwigeom.gr2	d:/ymir work/pc2/sura/skill/gwigeom.gr2	1
pc2/ymir work/pc2/sura/onehand_sword/rampage_02.gr2	d:/ymir work/pc2/sura/onehand_sword/rampage_02.gr2	1
pc2/ymir work/pc2/sura/general/run10.gr2	d:/ymir work/pc2/sura/general/run10.gr2	1
pc2/ymir work/pc2/shaman/fan/damage_1.gr2	d:/ymir work/pc2/shaman/fan/damage_1.gr2	1
pc2/ymir work/pc2/shaman/fan/damage_1.msa	d:/ymir work/pc2/shaman/fan/damage_1.msa	1
pc2/ymir work/pc2/shaman/general/dig.msa	d:/ymir work/pc2/shaman/general/dig.msa	1
pc2/ymir work/pc2/shaman/fan/damage_3.gr2	d:/ymir work/pc2/shaman/fan/damage_3.gr2	1
pc2/ymir work/pc2/warrior/warrior_lord.gr2	d:/ymir work/pc2/warrior/warrior_lord.gr2	1
pc2/ymir work/pc2/shaman/fan/damage_3.msa	d:/ymir work/pc2/shaman/fan/damage_3.msa	1
pc2/ymir work/pc2/shaman/fan/rampage.msa	d:/ymir work/pc2/shaman/fan/rampage.msa	1
pc2/ymir work/pc2/warrior/twohand_sword/damage_1.msa	d:/ymir work/pc2/warrior/twohand_sword/damage_1.msa	1
pc2/ymir work/pc2/sura/skill/yonggwon_2.msa	d:/ymir work/pc2/sura/skill/yonggwon_2.msa	1
pc2/ymir work/pc2/sura/skill/jumagap.msk	d:/ymir work/pc2/sura/skill/jumagap.msk	1
pc2/ymir work/pc2/shaman/fan/rampage_01.gr2	d:/ymir work/pc2/shaman/fan/rampage_01.gr2	1
pc2/ymir work/pc2/shaman/fan/walk.gr2	d:/ymir work/pc2/shaman/fan/walk.gr2	1
pc2/ymir work/pc2/shaman/fan/wait.msa	d:/ymir work/pc2/shaman/fan/wait.msa	1
pc2/ymir work/pc2/shaman/fan/rampage_01.msa	d:/ymir work/pc2/shaman/fan/rampage_01.msa	1
pc2/ymir work/pc2/shaman/fan/rampage_02.gr2	d:/ymir work/pc2/shaman/fan/rampage_02.gr2	1
pc2/ymir work/pc2/shaman/fan/rampage_03.gr2	d:/ymir work/pc2/shaman/fan/rampage_03.gr2	1
pc2/ymir work/pc2/shaman/fan/walk.msa	d:/ymir work/pc2/shaman/fan/walk.msa	1
pc2/ymir work/pc2/shaman/skill/gicheon_5.msa	d:/ymir work/pc2/shaman/skill/gicheon_5.msa	1
pc2/ymir work/pc2/shaman/fishing/fishing_cancel.msa	d:/ymir work/pc2/shaman/fishing/fishing_cancel.msa	1
pc2/ymir work/pc2/warrior/twohand_sword/combo_01.msa	d:/ymir work/pc2/warrior/twohand_sword/combo_01.msa	1
pc2/ymir work/pc2/shaman/fishing/fishing_catch.msa	d:/ymir work/pc2/shaman/fishing/fishing_catch.msa	1
pc2/ymir work/pc2/shaman/fishing/fishing_fail.msa	d:/ymir work/pc2/shaman/fishing/fishing_fail.msa	1
pc2/ymir work/pc2/shaman/fishing/fishing_react.msa	d:/ymir work/pc2/shaman/fishing/fishing_react.msa	1
pc2/ymir work/pc2/sura/horse_onehand_sword/combo_02.gr2	d:/ymir work/pc2/sura/horse_onehand_sword/combo_02.gr2	1
pc2/ymir work/pc2/shaman/fishing/fishing_wait.gr2	d:/ymir work/pc2/shaman/fishing/fishing_wait.gr2	1
pc2/ymir work/pc2/shaman/skill/chegong.msk	d:/ymir work/pc2/shaman/skill/chegong.msk	1
pc2/ymir work/pc2/shaman/skill/kwaesok_4.msa	d:/ymir work/pc2/shaman/skill/kwaesok_4.msa	1
pc2/ymir work/pc2/warrior/warrior_novice_lod_02.gr2	d:/ymir work/pc2/warrior/warrior_novice_lod_02.gr2	1
pc2/ymir work/pc2/shaman/fishing/run.gr2	d:/ymir work/pc2/shaman/fishing/run.gr2	1
pc2/ymir work/pc2/shaman/fishing/throw.msa	d:/ymir work/pc2/shaman/fishing/throw.msa	1
pc2/ymir work/pc2/shaman/fishing/walk.gr2	d:/ymir work/pc2/shaman/fishing/walk.gr2	1
pc2/ymir work/pc2/sura/sura_hair_01_white.dds	d:/ymir work/pc2/sura/sura_hair_01_white.dds	1
pc2/ymir work/pc2/warrior/onehand_sword/combo_01.msa	d:/ymir work/pc2/warrior/onehand_sword/combo_01.msa	1
pc2/ymir work/pc2/shaman/general/attack.gr2	d:/ymir work/pc2/shaman/general/attack.gr2	1
pc2/ymir work/pc2/shaman/general/back_damage_flying.gr2	d:/ymir work/pc2/shaman/general/back_damage_flying.gr2	1
pc2/ymir work/pc2/shaman/general/back_damage_flying.msa	d:/ymir work/pc2/shaman/general/back_damage_flying.msa	1
pc2/ymir work/pc2/warrior/action/cheerup.gr2	d:/ymir work/pc2/warrior/action/cheerup.gr2	1
pc2/ymir work/pc2/shaman/general/damage.msa	d:/ymir work/pc2/shaman/general/damage.msa	1
pc2/ymir work/pc2/warrior/skill/kwaegeom.msk	d:/ymir work/pc2/warrior/skill/kwaegeom.msk	1
pc2/ymir work/pc2/shaman/general/damage_2.gr2	d:/ymir work/pc2/shaman/general/damage_2.gr2	1
pc2/ymir work/pc2/warrior/skill/cheongeun.gr2	d:/ymir work/pc2/warrior/skill/cheongeun.gr2	1
pc2/ymir work/pc2/shaman/general/damage_3.msa	d:/ymir work/pc2/shaman/general/damage_3.msa	1
pc2/ymir work/pc2/shaman/general/dead.gr2	d:/ymir work/pc2/shaman/general/dead.gr2	1
pc2/ymir work/pc2/shaman/general/dead.msa	d:/ymir work/pc2/shaman/general/dead.msa	1
pc2/ymir work/pc2/sura/action/angry.msa	d:/ymir work/pc2/sura/action/angry.msa	1
pc2/ymir work/pc2/sura/sura_unra_lod_01.gr2	d:/ymir work/pc2/sura/sura_unra_lod_01.gr2	1
pc2/ymir work/pc2/shaman/general/pick_up.gr2	d:/ymir work/pc2/shaman/general/pick_up.gr2	1
pc2/ymir work/pc2/sura/general/back_falling_stand.gr2	d:/ymir work/pc2/sura/general/back_falling_stand.gr2	1
pc2/ymir work/pc2/shaman/general/pick_up.msa	d:/ymir work/pc2/shaman/general/pick_up.msa	1
pc2/ymir work/pc2/shaman/general/wait.gr2	d:/ymir work/pc2/shaman/general/wait.gr2	1
pc2/ymir work/pc2/sura/sura_4-1_lod_02.gr2	d:/ymir work/pc2/sura/sura_4-1_lod_02.gr2	1
pc2/ymir work/pc2/warrior/fishing/run.gr2	d:/ymir work/pc2/warrior/fishing/run.gr2	1
pc2/ymir work/pc2/sura/action/banter.msa	d:/ymir work/pc2/sura/action/banter.msa	1
pc2/ymir work/pc2/shaman/general/run.gr2	d:/ymir work/pc2/shaman/general/run.gr2	1
pc2/ymir work/pc2/shaman/general/run.msa	d:/ymir work/pc2/shaman/general/run.msa	1
pc2/ymir work/pc2/warrior/skill/geomgyeong_5.msa	d:/ymir work/pc2/warrior/skill/geomgyeong_5.msa	1
pc2/ymir work/pc2/sura/action/shy.msa	d:/ymir work/pc2/sura/action/shy.msa	1
pc2/ymir work/pc2/shaman/general/wait_1.msa	d:/ymir work/pc2/shaman/general/wait_1.msa	1
pc2/ymir work/pc2/shaman/hair/hair_1_1.dds	d:/ymir work/pc2/shaman/hair/hair_1_1.dds	1
pc2/ymir work/pc2/shaman/skill/jeungche_target.msa	d:/ymir work/pc2/shaman/skill/jeungche_target.msa	1
pc2/ymir work/pc2/shaman/hair/hair_1_1.gr2	d:/ymir work/pc2/shaman/hair/hair_1_1.gr2	1
pc2/ymir work/pc2/shaman/hair/hair_1_4.dds	d:/ymir work/pc2/shaman/hair/hair_1_4.dds	1
pc2/ymir work/pc2/warrior/warrior_nahan.gr2	d:/ymir work/pc2/warrior/warrior_nahan.gr2	1
pc2/ymir work/pc2/shaman/hair/hair_2_1.dds	d:/ymir work/pc2/shaman/hair/hair_2_1.dds	1
pc2/ymir work/pc2/warrior/warrior_marry_01_lod_02.gr2	d:/ymir work/pc2/warrior/warrior_marry_01_lod_02.gr2	1
pc2/ymir work/pc2/shaman/hair/hair_2_2.dds	d:/ymir work/pc2/shaman/hair/hair_2_2.dds	1
pc2/ymir work/pc2/shaman/hair/hair_2_3.dds	d:/ymir work/pc2/shaman/hair/hair_2_3.dds	1
pc2/ymir work/pc2/shaman/hair/hair_2_4.dds	d:/ymir work/pc2/shaman/hair/hair_2_4.dds	1
pc2/ymir work/pc2/sura/sura_unra_lod_03.gr2	d:/ymir work/pc2/sura/sura_unra_lod_03.gr2	1
pc2/ymir work/pc2/shaman/hair/hair_3_1.dds	d:/ymir work/pc2/shaman/hair/hair_3_1.dds	1
pc2/ymir work/pc2/shaman/hair/hair_3_1.gr2	d:/ymir work/pc2/shaman/hair/hair_3_1.gr2	1
pc2/ymir work/pc2/shaman/hair/hair_4_3.dds	d:/ymir work/pc2/shaman/hair/hair_4_3.dds	1
pc2/ymir work/pc2/sura/sura_novice_lod_01.gr2	d:/ymir work/pc2/sura/sura_novice_lod_01.gr2	1
pc2/ymir work/pc2/shaman/horse/dead.gr2	d:/ymir work/pc2/shaman/horse/dead.gr2	1
pc2/ymir work/pc2/shaman/hair/hair_4_4.dds	d:/ymir work/pc2/shaman/hair/hair_4_4.dds	1
pc2/ymir work/pc2/shaman/horse/damage.gr2	d:/ymir work/pc2/shaman/horse/damage.gr2	1
pc2/ymir work/pc2/shaman/horse/damage.msa	d:/ymir work/pc2/shaman/horse/damage.msa	1
pc2/ymir work/pc2/shaman/horse/run.msa	d:/ymir work/pc2/shaman/horse/run.msa	1
pc2/ymir work/pc2/shaman/horse/skill_charge.gr2	d:/ymir work/pc2/shaman/horse/skill_charge.gr2	1
pc2/ymir work/pc2/shaman/horse/stop.gr2	d:/ymir work/pc2/shaman/horse/stop.gr2	1
pc2/ymir work/pc2/shaman/intro/not_selected.gr2	d:/ymir work/pc2/shaman/intro/not_selected.gr2	1
pc2/ymir work/pc2/sura/skill/heukma.gr2	d:/ymir work/pc2/sura/skill/heukma.gr2	1
pc2/ymir work/pc2/shaman/horse/stop.msa	d:/ymir work/pc2/shaman/horse/stop.msa	1
pc2/ymir work/pc2/shaman/horse/wait_1.msa	d:/ymir work/pc2/shaman/horse/wait_1.msa	1
pc2/ymir work/pc2/shaman/horse/wait_2.msa	d:/ymir work/pc2/shaman/horse/wait_2.msa	1
pc2/ymir work/pc2/shaman/horse/walk.gr2	d:/ymir work/pc2/shaman/horse/walk.gr2	1
pc2/ymir work/pc2/shaman/horse_bell/combo_01.gr2	d:/ymir work/pc2/shaman/horse_bell/combo_01.gr2	1
pc2/ymir work/pc2/warrior/skill/gihyeol.msa	d:/ymir work/pc2/warrior/skill/gihyeol.msa	1
pc2/ymir work/pc2/shaman/horse_bell/combo_01.msa	d:/ymir work/pc2/shaman/horse_bell/combo_01.msa	1
pc2/ymir work/pc2/shaman/horse_bell/combo_02.gr2	d:/ymir work/pc2/shaman/horse_bell/combo_02.gr2	1
pc2/ymir work/pc2/warrior/onehand_sword/combo_05.gr2	d:/ymir work/pc2/warrior/onehand_sword/combo_05.gr2	1
pc2/ymir work/pc2/shaman/horse_bell/combo_02.msa	d:/ymir work/pc2/shaman/horse_bell/combo_02.msa	1
pc2/ymir work/pc2/shaman/skill/suho.msk	d:/ymir work/pc2/shaman/skill/suho.msk	1
pc2/ymir work/pc2/shaman/horse_bell/skill_wildattack.gr2	d:/ymir work/pc2/shaman/horse_bell/skill_wildattack.gr2	1
pc2/ymir work/pc2/warrior/action/forgive.gr2	d:/ymir work/pc2/warrior/action/forgive.gr2	1
pc2/ymir work/pc2/shaman/horse_bell/skill_wildattack.msa	d:/ymir work/pc2/shaman/horse_bell/skill_wildattack.msa	1
pc2/ymir work/pc2/warrior/twohand_sword/combo_02.gr2	d:/ymir work/pc2/warrior/twohand_sword/combo_02.gr2	1
pc2/ymir work/pc2/shaman/horse_fan/combo_01.gr2	d:/ymir work/pc2/shaman/horse_fan/combo_01.gr2	1
pc2/ymir work/pc2/warrior/skill/samyeon_5.msa	d:/ymir work/pc2/warrior/skill/samyeon_5.msa	1
pc2/ymir work/pc2/shaman/horse_fan/combo_01.msa	d:/ymir work/pc2/shaman/horse_fan/combo_01.msa	1
pc2/ymir work/pc2/shaman/horse_fan/combo_03.gr2	d:/ymir work/pc2/shaman/horse_fan/combo_03.gr2	1
pc2/ymir work/pc2/sura/skill/muyeong_5.msa	d:/ymir work/pc2/sura/skill/muyeong_5.msa	1
pc2/ymir work/pc2/sura/skill/hwayeom_2.msa	d:/ymir work/pc2/sura/skill/hwayeom_2.msa	1
pc2/ymir work/pc2/shaman/horse_fan/combo_03.msa	d:/ymir work/pc2/shaman/horse_fan/combo_03.msa	1
pc2/ymir work/pc2/shaman/intro/not_selected.msa	d:/ymir work/pc2/shaman/intro/not_selected.msa	1
pc2/ymir work/pc2/shaman/skill/hosin.msk	d:/ymir work/pc2/shaman/skill/hosin.msk	1
pc2/ymir work/pc2/warrior/action/cheers_2.gr2	d:/ymir work/pc2/warrior/action/cheers_2.gr2	1
pc2/ymir work/pc2/shaman/skill/inma.msa	d:/ymir work/pc2/shaman/skill/inma.msa	1
pc2/ymir work/pc2/shaman/skill/bipabu.msa	d:/ymir work/pc2/shaman/skill/bipabu.msa	1
pc2/ymir work/pc2/shaman/skill/bipabu_2.msa	d:/ymir work/pc2/shaman/skill/bipabu_2.msa	1
pc2/ymir work/pc2/shaman/skill/bipabu_5.msa	d:/ymir work/pc2/shaman/skill/bipabu_5.msa	1
pc2/ymir work/pc2/warrior/skill/jeonsingonggyeok.gr2	d:/ymir work/pc2/warrior/skill/jeonsingonggyeok.gr2	1
pc2/ymir work/pc2/shaman/skill/boho_3.msa	d:/ymir work/pc2/shaman/skill/boho_3.msa	1
pc2/ymir work/pc2/shaman/skill/boho_me.msa	d:/ymir work/pc2/shaman/skill/boho_me.msa	1
pc2/ymir work/pc2/shaman/skill/boho_target.msa	d:/ymir work/pc2/shaman/skill/boho_target.msa	1
pc2/ymir work/pc2/shaman/skill/budong.msk	d:/ymir work/pc2/shaman/skill/budong.msk	1
pc2/ymir work/pc2/shaman/skill/jeungsok_me.msa	d:/ymir work/pc2/shaman/skill/jeungsok_me.msa	1
pc2/ymir work/pc2/sura/sura.msm	d:/ymir work/pc2/sura/sura.msm	1
pc2/ymir work/pc2/warrior/fishing/throw.msa	d:/ymir work/pc2/warrior/fishing/throw.msa	1
pc2/ymir work/pc2/shaman/skill/budong_2.msa	d:/ymir work/pc2/shaman/skill/budong_2.msa	1
pc2/ymir work/pc2/sura/skill/guild_gasokhwa.msa	d:/ymir work/pc2/sura/skill/guild_gasokhwa.msa	1
pc2/ymir work/pc2/shaman/skill/budong_4.msa	d:/ymir work/pc2/shaman/skill/budong_4.msa	1
pc2/ymir work/pc2/shaman/skill/chojeon.msa	d:/ymir work/pc2/shaman/skill/chojeon.msa	1
pc2/ymir work/pc2/shaman/skill/buhwal.msk	d:/ymir work/pc2/shaman/skill/buhwal.msk	1
pc2/ymir work/pc2/sura/skill/tusok_4.msa	d:/ymir work/pc2/sura/skill/tusok_4.msa	1
pc2/ymir work/pc2/shaman/skill/byeorak.gr2	d:/ymir work/pc2/shaman/skill/byeorak.gr2	1
pc2/ymir work/pc2/shaman/skill/byeorak.msa	d:/ymir work/pc2/shaman/skill/byeorak.msa	1
pc2/ymir work/pc2/shaman/skill/byeorak_5.msa	d:/ymir work/pc2/shaman/skill/byeorak_5.msa	1
pc2/ymir work/pc2/sura/skill/gongpo_5.msa	d:/ymir work/pc2/sura/skill/gongpo_5.msa	1
pc2/ymir work/pc2/sura/intro/wait.gr2	d:/ymir work/pc2/sura/intro/wait.gr2	1
pc2/ymir work/pc2/shaman/skill/daejeongeop_me.msa	d:/ymir work/pc2/shaman/skill/daejeongeop_me.msa	1
pc2/ymir work/pc2/shaman/skill/daejeongeop_target.msa	d:/ymir work/pc2/shaman/skill/daejeongeop_target.msa	1
pc2/ymir work/pc2/warrior/skill/gihyeol_4.msa	d:/ymir work/pc2/warrior/skill/gihyeol_4.msa	1
pc2/ymir work/pc2/shaman/skill/pokroe_5.msa	d:/ymir work/pc2/shaman/skill/pokroe_5.msa	1
pc2/ymir work/pc2/warrior/onehand_sword/combo_02.gr2	d:/ymir work/pc2/warrior/onehand_sword/combo_02.gr2	1
pc2/ymir work/pc2/shaman/skill/gakseong.msk	d:/ymir work/pc2/shaman/skill/gakseong.msk	1
pc2/ymir work/pc2/shaman/skill/gamji.msk	d:/ymir work/pc2/shaman/skill/gamji.msk	1
pc2/ymir work/pc2/shaman/skill/gamji_me.msa	d:/ymir work/pc2/shaman/skill/gamji_me.msa	1
pc2/ymir work/pc2/shaman/skill/gicheon.msk	d:/ymir work/pc2/shaman/skill/gicheon.msk	1
pc2/ymir work/pc2/sura/general/back_damage_flying.msa	d:/ymir work/pc2/sura/general/back_damage_flying.msa	1
pc2/ymir work/pc2/shaman/skill/gicheon_2.msa	d:/ymir work/pc2/shaman/skill/gicheon_2.msa	1
pc2/ymir work/pc2/warrior/skill/gihyeol_2.msa	d:/ymir work/pc2/warrior/skill/gihyeol_2.msa	1
pc2/ymir work/pc2/shaman/skill/gicheon_me.msa	d:/ymir work/pc2/shaman/skill/gicheon_me.msa	1
pc2/ymir work/pc2/sura/sura_hair_01_black.dds	d:/ymir work/pc2/sura/sura_hair_01_black.dds	1
pc2/ymir work/pc2/shaman/skill/guild_gasokhwa.msa	d:/ymir work/pc2/shaman/skill/guild_gasokhwa.msa	1
pc2/ymir work/pc2/shaman/skill/guild_jumunsul.msa	d:/ymir work/pc2/shaman/skill/guild_jumunsul.msa	1
pc2/ymir work/pc2/warrior/skill/daejin.msa	d:/ymir work/pc2/warrior/skill/daejin.msa	1
pc2/ymir work/pc2/warrior/horse/wait_1.msa	d:/ymir work/pc2/warrior/horse/wait_1.msa	1
pc2/ymir work/pc2/sura/skill/guild_yongsinuichukbok.msa	d:/ymir work/pc2/sura/skill/guild_yongsinuichukbok.msa	1
pc2/ymir work/pc2/sura/skill/geomhwan.gr2	d:/ymir work/pc2/sura/skill/geomhwan.gr2	1
pc2/ymir work/pc2/shaman/skill/guild_seonghwigap.msa	d:/ymir work/pc2/shaman/skill/guild_seonghwigap.msa	1
pc2/ymir work/pc2/shaman/skill/guild_yongsinuibunno.msa	d:/ymir work/pc2/shaman/skill/guild_yongsinuibunno.msa	1
pc2/ymir work/pc2/sura/general/damage_flying.gr2	d:/ymir work/pc2/sura/general/damage_flying.gr2	1
pc2/ymir work/pc2/shaman/skill/hosin_2.msa	d:/ymir work/pc2/shaman/skill/hosin_2.msa	1
pc2/ymir work/pc2/warrior/horse_onehand_sword/combo_01.msa	d:/ymir work/pc2/warrior/horse_onehand_sword/combo_01.msa	1
pc2/ymir work/pc2/warrior/fishing/fishing_react.msa	d:/ymir work/pc2/warrior/fishing/fishing_react.msa	1
pc2/ymir work/pc2/shaman/skill/hosin_4.msa	d:/ymir work/pc2/shaman/skill/hosin_4.msa	1
pc2/ymir work/pc2/shaman/skill/hosin_5.msa	d:/ymir work/pc2/shaman/skill/hosin_5.msa	1
pc2/ymir work/pc2/shaman/skill/hosin_me.msa	d:/ymir work/pc2/shaman/skill/hosin_me.msa	1
pc2/ymir work/pc2/sura/action/attractive.msa	d:/ymir work/pc2/sura/action/attractive.msa	1
pc2/ymir work/pc2/shaman/skill/hosin_target.msa	d:/ymir work/pc2/shaman/skill/hosin_target.msa	1
pc2/ymir work/pc2/shaman/skill/jeongeop_3.msa	d:/ymir work/pc2/shaman/skill/jeongeop_3.msa	1
pc2/ymir work/pc2/sura/horse/walk.gr2	d:/ymir work/pc2/sura/horse/walk.gr2	1
pc2/ymir work/pc2/shaman/skill/jeongeop_4.msa	d:/ymir work/pc2/shaman/skill/jeongeop_4.msa	1
pc2/ymir work/pc2/warrior/general/wait_1.gr2	d:/ymir work/pc2/warrior/general/wait_1.gr2	1
pc2/ymir work/pc2/shaman/skill/jeongeop_5.msa	d:/ymir work/pc2/shaman/skill/jeongeop_5.msa	1
pc2/ymir work/pc2/shaman/skill/jeongeop_me.msa	d:/ymir work/pc2/shaman/skill/jeongeop_me.msa	1
pc2/ymir work/pc2/shaman/skill/jeongeop_target.msa	d:/ymir work/pc2/shaman/skill/jeongeop_target.msa	1
pc2/ymir work/pc2/sura/sura_saryeong.dds	d:/ymir work/pc2/sura/sura_saryeong.dds	1
pc2/ymir work/pc2/shaman/skill/jeungche.msk	d:/ymir work/pc2/shaman/skill/jeungche.msk	1
pc2/ymir work/pc2/warrior/horse_onehand_sword/combo_02.gr2	d:/ymir work/pc2/warrior/horse_onehand_sword/combo_02.gr2	1
pc2/ymir work/pc2/shaman/skill/jeungche_me.msa	d:/ymir work/pc2/shaman/skill/jeungche_me.msa	1
pc2/ymir work/pc2/shaman/skill/jeunghon_target.msa	d:/ymir work/pc2/shaman/skill/jeunghon_target.msa	1
pc2/ymir work/pc2/warrior/general/attack.msa	d:/ymir work/pc2/warrior/general/attack.msa	1
pc2/ymir work/pc2/shaman/skill/jeungryeok.msa	d:/ymir work/pc2/shaman/skill/jeungryeok.msa	1
pc2/ymir work/pc2/sura/fishing/run.gr2	d:/ymir work/pc2/sura/fishing/run.gr2	1
pc2/ymir work/pc2/shaman/skill/jeungryeok.msk	d:/ymir work/pc2/shaman/skill/jeungryeok.msk	1
pc2/ymir work/pc2/shaman/skill/paeryong.msk	d:/ymir work/pc2/shaman/skill/paeryong.msk	1
pc2/ymir work/pc2/shaman/skill/jeungryeok_2.msa	d:/ymir work/pc2/shaman/skill/jeungryeok_2.msa	1
pc2/ymir work/pc2/shaman/skill/jeungryeok_4.msa	d:/ymir work/pc2/shaman/skill/jeungryeok_4.msa	1
pc2/ymir work/pc2/warrior/onehand_sword/attack_2.msa	d:/ymir work/pc2/warrior/onehand_sword/attack_2.msa	1
pc2/ymir work/pc2/sura/skill/heuksin_2.msa	d:/ymir work/pc2/sura/skill/heuksin_2.msa	1
pc2/ymir work/pc2/shaman/skill/jeungryeok_5.msa	d:/ymir work/pc2/shaman/skill/jeungryeok_5.msa	1
pc2/ymir work/pc2/shaman/skill/kwaesok_2.msa	d:/ymir work/pc2/shaman/skill/kwaesok_2.msa	1
pc2/ymir work/pc2/shaman/skill/sinchak.msk	d:/ymir work/pc2/shaman/skill/sinchak.msk	1
pc2/ymir work/pc2/shaman/skill/jeungryeok_me.msa	d:/ymir work/pc2/shaman/skill/jeungryeok_me.msa	1
pc2/ymir work/pc2/shaman/skill/jeungryeok_target.msa	d:/ymir work/pc2/shaman/skill/jeungryeok_target.msa	1
pc2/ymir work/pc2/shaman/skill/jeungsok.msk	d:/ymir work/pc2/shaman/skill/jeungsok.msk	1
pc2/ymir work/pc2/sura/sura_novice_blue.dds	d:/ymir work/pc2/sura/sura_novice_blue.dds	1
pc2/ymir work/pc2/shaman/skill/jigam_me.msa	d:/ymir work/pc2/shaman/skill/jigam_me.msa	1
pc2/ymir work/pc2/shaman/skill/jigam_target.msa	d:/ymir work/pc2/shaman/skill/jigam_target.msa	1
pc2/ymir work/pc2/warrior/action/congratulation.gr2	d:/ymir work/pc2/warrior/action/congratulation.gr2	1
pc2/ymir work/pc2/sura/skill/geompung.gr2	d:/ymir work/pc2/sura/skill/geompung.gr2	1
pc2/ymir work/pc2/shaman/skill/kwaesok_3.msa	d:/ymir work/pc2/shaman/skill/kwaesok_3.msa	1
pc2/ymir work/pc2/sura/skill/hyeolhwan.gr2	d:/ymir work/pc2/sura/skill/hyeolhwan.gr2	1
pc2/ymir work/pc2/shaman/skill/kwaesok_target.msa	d:/ymir work/pc2/shaman/skill/kwaesok_target.msa	1
pc2/ymir work/pc2/shaman/skill/me.gr2	d:/ymir work/pc2/shaman/skill/me.gr2	1
pc2/ymir work/pc2/shaman/skill/noejeon.msk	d:/ymir work/pc2/shaman/skill/noejeon.msk	1
pc2/ymir work/pc2/shaman/skill/noejeon_4.msa	d:/ymir work/pc2/shaman/skill/noejeon_4.msa	1
pc2/ymir work/pc2/shaman/skill/paeryong_3.msa	d:/ymir work/pc2/shaman/skill/paeryong_3.msa	1
pc2/ymir work/pc2/shaman/skill/paeryong_4.msa	d:/ymir work/pc2/shaman/skill/paeryong_4.msa	1
pc2/ymir work/pc2/shaman/skill/paeryong_5.msa	d:/ymir work/pc2/shaman/skill/paeryong_5.msa	1
pc2/ymir work/pc2/shaman/skill/pokroe_2.msa	d:/ymir work/pc2/shaman/skill/pokroe_2.msa	1
pc2/ymir work/pc2/shaman/skill/shoot.gr2	d:/ymir work/pc2/shaman/skill/shoot.gr2	1
pc2/ymir work/pc2/shaman/skill/sohwan.msa	d:/ymir work/pc2/shaman/skill/sohwan.msa	1
pc2/ymir work/pc2/shaman/skill/sohwan.msk	d:/ymir work/pc2/shaman/skill/sohwan.msk	1
pc2/ymir work/pc2/shaman/skill/suho.msa	d:/ymir work/pc2/shaman/skill/suho.msa	1
pc2/ymir work/pc2/sura/sura_hair_01_red.dds	d:/ymir work/pc2/sura/sura_hair_01_red.dds	1
pc2/ymir work/pc2/shaman/skill/target.gr2	d:/ymir work/pc2/shaman/skill/target.gr2	1
pc2/ymir work/pc2/shaman/skill/tongsol.msk	d:/ymir work/pc2/shaman/skill/tongsol.msk	1
pc2/ymir work/pc2/shaman/skill/use_target.msa	d:/ymir work/pc2/shaman/skill/use_target.msa	1
pc2/ymir work/pc2/warrior/skill/kwaegeom.gr2	d:/ymir work/pc2/warrior/skill/kwaegeom.gr2	1
pc2/ymir work/pc2/shaman/skill/yongpa.msk	d:/ymir work/pc2/shaman/skill/yongpa.msk	1
pc2/ymir work/pc2/shaman/skill/yongpa_3.msa	d:/ymir work/pc2/shaman/skill/yongpa_3.msa	1
pc2/ymir work/pc2/shaman/skill/yongsin.gr2	d:/ymir work/pc2/shaman/skill/yongsin.gr2	1
pc2/ymir work/pc2/shaman/skill/yongsin.msk	d:/ymir work/pc2/shaman/skill/yongsin.msk	1
pc2/ymir work/pc2/shaman/wedding/wait.gr2	d:/ymir work/pc2/shaman/wedding/wait.gr2	1
pc2/ymir work/pc2/sura/sura_4-1_lod_01.gr2	d:/ymir work/pc2/sura/sura_4-1_lod_01.gr2	1
pc2/ymir work/pc2/sura/sura_4-1_lod_03.gr2	d:/ymir work/pc2/sura/sura_4-1_lod_03.gr2	1
pc2/ymir work/pc2/sura/sura_eumyang.dds	d:/ymir work/pc2/sura/sura_eumyang.dds	1
pc2/ymir work/pc2/sura/sura_gwimyeon.dds	d:/ymir work/pc2/sura/sura_gwimyeon.dds	1
pc2/ymir work/pc2/sura/sura_face.dds	d:/ymir work/pc2/sura/sura_face.dds	1
pc2/ymir work/pc2/sura/sura_hair_01_brown.dds	d:/ymir work/pc2/sura/sura_hair_01_brown.dds	1
pc2/ymir work/pc2/sura/sura_jinhon_cloak.dds	d:/ymir work/pc2/sura/sura_jinhon_cloak.dds	1
pc2/ymir work/pc2/sura/fishing/throw.gr2	d:/ymir work/pc2/sura/fishing/throw.gr2	1
pc2/ymir work/pc2/sura/sura_jinhon_lod_01.gr2	d:/ymir work/pc2/sura/sura_jinhon_lod_01.gr2	1
pc2/ymir work/pc2/sura/sura_jinhon_lod_02.gr2	d:/ymir work/pc2/sura/sura_jinhon_lod_02.gr2	1
pc2/ymir work/pc2/sura/sura_king01.dds	d:/ymir work/pc2/sura/sura_king01.dds	1
pc2/ymir work/pc2/sura/sura_king01_cloak.dds	d:/ymir work/pc2/sura/sura_king01_cloak.dds	1
pc2/ymir work/pc2/warrior/action/slap_hurt.msa	d:/ymir work/pc2/warrior/action/slap_hurt.msa	1
pc2/ymir work/pc2/sura/skill/heuksin_4.msa	d:/ymir work/pc2/sura/skill/heuksin_4.msa	1
pc2/ymir work/pc2/sura/sura_lord.gr2	d:/ymir work/pc2/sura/sura_lord.gr2	1
pc2/ymir work/pc2/sura/sura_mageuk.dds	d:/ymir work/pc2/sura/sura_mageuk.dds	1
pc2/ymir work/pc2/sura/sura_marry_01.dds	d:/ymir work/pc2/sura/sura_marry_01.dds	1
pc2/ymir work/pc2/sura/sura_maryeong_lod_02.gr2	d:/ymir work/pc2/sura/sura_maryeong_lod_02.gr2	1
pc2/ymir work/pc2/warrior/hair/hair_2_3.dds	d:/ymir work/pc2/warrior/hair/hair_2_3.dds	1
pc2/ymir work/pc2/sura/sura_novice.gr2	d:/ymir work/pc2/sura/sura_novice.gr2	1
pc2/ymir work/pc2/sura/sura_novice_lod_02.gr2	d:/ymir work/pc2/sura/sura_novice_lod_02.gr2	1
pc2/ymir work/pc2/sura/sura_novice_red.dds	d:/ymir work/pc2/sura/sura_novice_red.dds	1
pc2/ymir work/pc2/sura/sura_saryeong_cloak.dds	d:/ymir work/pc2/sura/sura_saryeong_cloak.dds	1
pc2/ymir work/pc2/sura/sura_saryeong_lod_02.gr2	d:/ymir work/pc2/sura/sura_saryeong_lod_02.gr2	1
pc2/ymir work/pc2/sura/sura_saryeongcloak.dds	d:/ymir work/pc2/sura/sura_saryeongcloak.dds	1
pc2/ymir work/pc2/sura/sura_unra.dds	d:/ymir work/pc2/sura/sura_unra.dds	1
pc2/ymir work/pc2/sura/sura_unra_cloak.dds	d:/ymir work/pc2/sura/sura_unra_cloak.dds	1
pc2/ymir work/pc2/sura/skill/hyeolhwan.msa	d:/ymir work/pc2/sura/skill/hyeolhwan.msa	1
pc2/ymir work/pc2/sura/sura_unra_lod_02.gr2	d:/ymir work/pc2/sura/sura_unra_lod_02.gr2	1
pc2/ymir work/pc2/sura/sura_unracloak.dds	d:/ymir work/pc2/sura/sura_unracloak.dds	1
pc2/ymir work/pc2/sura/hair/hair_3_1.gr2	d:/ymir work/pc2/sura/hair/hair_3_1.gr2	1
pc2/ymir work/pc2/sura/action/sad.msa	d:/ymir work/pc2/sura/action/sad.msa	1
pc2/ymir work/pc2/sura/action/attractive.gr2	d:/ymir work/pc2/sura/action/attractive.gr2	1
pc2/ymir work/pc2/sura/action/banter.gr2	d:/ymir work/pc2/sura/action/banter.gr2	1
pc2/ymir work/pc2/sura/action/cheers_1.gr2	d:/ymir work/pc2/sura/action/cheers_1.gr2	1
pc2/ymir work/pc2/warrior/action/kiss_with_sura.gr2	d:/ymir work/pc2/warrior/action/kiss_with_sura.gr2	1
pc2/ymir work/pc2/sura/action/cheers_1.msa	d:/ymir work/pc2/sura/action/cheers_1.msa	1
pc2/ymir work/pc2/sura/action/cheers_2.gr2	d:/ymir work/pc2/sura/action/cheers_2.gr2	1
pc2/ymir work/pc2/sura/skill/yonggwon_4.msa	d:/ymir work/pc2/sura/skill/yonggwon_4.msa	1
pc2/ymir work/pc2/sura/horse_onehand_sword/combo_03.gr2	d:/ymir work/pc2/sura/horse_onehand_sword/combo_03.gr2	1
pc2/ymir work/pc2/sura/action/cheers_2.msa	d:/ymir work/pc2/sura/action/cheers_2.msa	1
pc2/ymir work/pc2/sura/action/cheerup.gr2	d:/ymir work/pc2/sura/action/cheerup.gr2	1
pc2/ymir work/pc2/sura/action/cheerup.msa	d:/ymir work/pc2/sura/action/cheerup.msa	1
pc2/ymir work/pc2/sura/action/clap.msa	d:/ymir work/pc2/sura/action/clap.msa	1
pc2/ymir work/pc2/sura/action/congratulation.gr2	d:/ymir work/pc2/sura/action/congratulation.gr2	1
pc2/ymir work/pc2/sura/action/dance_2.msa	d:/ymir work/pc2/sura/action/dance_2.msa	1
pc2/ymir work/pc2/sura/action/dance_3.gr2	d:/ymir work/pc2/sura/action/dance_3.gr2	1
pc2/ymir work/pc2/sura/action/dance_4.gr2	d:/ymir work/pc2/sura/action/dance_4.gr2	1
pc2/ymir work/pc2/sura/action/dance_4.msa	d:/ymir work/pc2/sura/action/dance_4.msa	1
pc2/ymir work/pc2/sura/action/dance_5.gr2	d:/ymir work/pc2/sura/action/dance_5.gr2	1
pc2/ymir work/pc2/sura/action/dance_5.msa	d:/ymir work/pc2/sura/action/dance_5.msa	1
pc2/ymir work/pc2/warrior/warrior_jaho.dds	d:/ymir work/pc2/warrior/warrior_jaho.dds	1
pc2/ymir work/pc2/sura/fishing/fishing_catch.msa	d:/ymir work/pc2/sura/fishing/fishing_catch.msa	1
pc2/ymir work/pc2/sura/action/forgive.msa	d:/ymir work/pc2/sura/action/forgive.msa	1
pc2/ymir work/pc2/sura/action/french_kiss_with_sura.gr2	d:/ymir work/pc2/sura/action/french_kiss_with_sura.gr2	1
pc2/ymir work/pc2/sura/action/french_kiss_with_assassin.gr2	d:/ymir work/pc2/sura/action/french_kiss_with_assassin.gr2	1
pc2/ymir work/pc2/warrior/general/damage_3.msa	d:/ymir work/pc2/warrior/general/damage_3.msa	1
pc2/ymir work/pc2/sura/action/french_kiss_with_assassin.msa	d:/ymir work/pc2/sura/action/french_kiss_with_assassin.msa	1
pc2/ymir work/pc2/sura/skill/muyeong_4.msa	d:/ymir work/pc2/sura/skill/muyeong_4.msa	1
pc2/ymir work/pc2/sura/action/french_kiss_with_shaman.gr2	d:/ymir work/pc2/sura/action/french_kiss_with_shaman.gr2	1
pc2/ymir work/pc2/sura/skill/gwigeom.msa	d:/ymir work/pc2/sura/skill/gwigeom.msa	1
pc2/ymir work/pc2/sura/action/french_kiss_with_shaman.msa	d:/ymir work/pc2/sura/action/french_kiss_with_shaman.msa	1
pc2/ymir work/pc2/warrior/onehand_sword/combo_02.msa	d:/ymir work/pc2/warrior/onehand_sword/combo_02.msa	1
pc2/ymir work/pc2/sura/action/french_kiss_with_sura.msa	d:/ymir work/pc2/sura/action/french_kiss_with_sura.msa	1
pc2/ymir work/pc2/sura/action/joy.gr2	d:/ymir work/pc2/sura/action/joy.gr2	1
pc2/ymir work/pc2/warrior/twohand_sword/rampage_03.gr2	d:/ymir work/pc2/warrior/twohand_sword/rampage_03.gr2	1
pc2/ymir work/pc2/sura/action/joy.msa	d:/ymir work/pc2/sura/action/joy.msa	1
pc2/ymir work/pc2/warrior/skill/jeonsinbangeo.gr2	d:/ymir work/pc2/warrior/skill/jeonsinbangeo.gr2	1
pc2/ymir work/pc2/sura/action/kiss_with_assassin.msa	d:/ymir work/pc2/sura/action/kiss_with_assassin.msa	1
pc2/ymir work/pc2/warrior/warrior_4-1_lod_03.gr2	d:/ymir work/pc2/warrior/warrior_4-1_lod_03.gr2	1
pc2/ymir work/pc2/sura/action/kiss_with_sura.gr2	d:/ymir work/pc2/sura/action/kiss_with_sura.gr2	1
pc2/ymir work/pc2/sura/skill/swaeryeong_4.msa	d:/ymir work/pc2/sura/skill/swaeryeong_4.msa	1
pc2/ymir work/pc2/sura/action/kiss_with_sura.msa	d:/ymir work/pc2/sura/action/kiss_with_sura.msa	1
pc2/ymir work/pc2/warrior/action/dance_4.msa	d:/ymir work/pc2/warrior/action/dance_4.msa	1
pc2/ymir work/pc2/sura/action/sad.gr2	d:/ymir work/pc2/sura/action/sad.gr2	1
pc2/ymir work/pc2/sura/action/shy.gr2	d:/ymir work/pc2/sura/action/shy.gr2	1
pc2/ymir work/pc2/sura/skill/muyeong_2.msa	d:/ymir work/pc2/sura/skill/muyeong_2.msa	1
pc2/ymir work/pc2/sura/action/slap_hit.gr2	d:/ymir work/pc2/sura/action/slap_hit.gr2	1
pc2/ymir work/pc2/sura/action/slap_hurt.msa	d:/ymir work/pc2/sura/action/slap_hurt.msa	1
pc2/ymir work/pc2/sura/fishing/fishing_cancel.gr2	d:/ymir work/pc2/sura/fishing/fishing_cancel.gr2	1
pc2/ymir work/pc2/sura/fishing/fishing_cancel.msa	d:/ymir work/pc2/sura/fishing/fishing_cancel.msa	1
pc2/ymir work/pc2/sura/fishing/fishing_catch.gr2	d:/ymir work/pc2/sura/fishing/fishing_catch.gr2	1
pc2/ymir work/pc2/sura/fishing/fishing_fail.gr2	d:/ymir work/pc2/sura/fishing/fishing_fail.gr2	1
pc2/ymir work/pc2/warrior/fishing/fishing_fail.gr2	d:/ymir work/pc2/warrior/fishing/fishing_fail.gr2	1
pc2/ymir work/pc2/sura/fishing/fishing_fail.msa	d:/ymir work/pc2/sura/fishing/fishing_fail.msa	1
pc2/ymir work/pc2/sura/fishing/fishing_react.msa	d:/ymir work/pc2/sura/fishing/fishing_react.msa	1
pc2/ymir work/pc2/sura/fishing/fishing_wait.msa	d:/ymir work/pc2/sura/fishing/fishing_wait.msa	1
pc2/ymir work/pc2/sura/fishing/throw.msa	d:/ymir work/pc2/sura/fishing/throw.msa	1
pc2/ymir work/pc2/sura/fishing/wait.gr2	d:/ymir work/pc2/sura/fishing/wait.gr2	1
pc2/ymir work/pc2/sura/fishing/wait.msa	d:/ymir work/pc2/sura/fishing/wait.msa	1
pc2/ymir work/pc2/sura/fishing/walk.gr2	d:/ymir work/pc2/sura/fishing/walk.gr2	1
pc2/ymir work/pc2/sura/general/attack.msa	d:/ymir work/pc2/sura/general/attack.msa	1
pc2/ymir work/pc2/sura/general/attack_1.gr2	d:/ymir work/pc2/sura/general/attack_1.gr2	1
pc2/ymir work/pc2/warrior/onehand_sword/combo_06.gr2	d:/ymir work/pc2/warrior/onehand_sword/combo_06.gr2	1
pc2/ymir work/pc2/sura/general/back_damage_flying.gr2	d:/ymir work/pc2/sura/general/back_damage_flying.gr2	1
pc2/ymir work/pc2/sura/general/change_weapon.msa	d:/ymir work/pc2/sura/general/change_weapon.msa	1
pc2/ymir work/pc2/warrior/skill/guild_seonghwigap.msa	d:/ymir work/pc2/warrior/skill/guild_seonghwigap.msa	1
pc2/ymir work/pc2/sura/general/damage.gr2	d:/ymir work/pc2/sura/general/damage.gr2	1
pc2/ymir work/pc2/sura/skill/yonggwon_5.msa	d:/ymir work/pc2/sura/skill/yonggwon_5.msa	1
pc2/ymir work/pc2/sura/skill/maryeong_3.msa	d:/ymir work/pc2/sura/skill/maryeong_3.msa	1
pc2/ymir work/pc2/sura/general/damage_2.gr2	d:/ymir work/pc2/sura/general/damage_2.gr2	1
pc2/ymir work/pc2/sura/general/damage_2.msa	d:/ymir work/pc2/sura/general/damage_2.msa	1
pc2/ymir work/pc2/sura/general/damage_3.gr2	d:/ymir work/pc2/sura/general/damage_3.gr2	1
pc2/ymir work/pc2/sura/horse/skill_splash.gr2	d:/ymir work/pc2/sura/horse/skill_splash.gr2	1
pc2/ymir work/pc2/sura/general/damage_flying.msa	d:/ymir work/pc2/sura/general/damage_flying.msa	1
pc2/ymir work/pc2/sura/general/dead.gr2	d:/ymir work/pc2/sura/general/dead.gr2	1
pc2/ymir work/pc2/sura/wedding/wait.msa	d:/ymir work/pc2/sura/wedding/wait.msa	1
pc2/ymir work/pc2/sura/general/dead.msa	d:/ymir work/pc2/sura/general/dead.msa	1
pc2/ymir work/pc2/warrior/twohand_sword/combo_05.gr2	d:/ymir work/pc2/warrior/twohand_sword/combo_05.gr2	1
pc2/ymir work/pc2/sura/general/dig.msa	d:/ymir work/pc2/sura/general/dig.msa	1
pc2/ymir work/pc2/warrior/skill/yangson.msk	d:/ymir work/pc2/warrior/skill/yangson.msk	1
pc2/ymir work/pc2/sura/onehand_sword/combo_07.gr2	d:/ymir work/pc2/sura/onehand_sword/combo_07.gr2	1
pc2/ymir work/pc2/sura/general/falling_stand.msa	d:/ymir work/pc2/sura/general/falling_stand.msa	1
pc2/ymir work/pc2/sura/general/pick_up.msa	d:/ymir work/pc2/sura/general/pick_up.msa	1
pc2/ymir work/pc2/sura/general/wait.msa	d:/ymir work/pc2/sura/general/wait.msa	1
pc2/ymir work/pc2/sura/general/walk.gr2	d:/ymir work/pc2/sura/general/walk.gr2	1
pc2/ymir work/pc2/sura/hair/hair_1_1.gr2	d:/ymir work/pc2/sura/hair/hair_1_1.gr2	1
pc2/ymir work/pc2/sura/skill/jumagap_5.msa	d:/ymir work/pc2/sura/skill/jumagap_5.msa	1
pc2/ymir work/pc2/sura/hair/hair_1_4.dds	d:/ymir work/pc2/sura/hair/hair_1_4.dds	1
pc2/ymir work/pc2/sura/hair/hair_2_1.dds	d:/ymir work/pc2/sura/hair/hair_2_1.dds	1
pc2/ymir work/pc2/sura/hair/hair_2_2.dds	d:/ymir work/pc2/sura/hair/hair_2_2.dds	1
pc2/ymir work/pc2/warrior/general/pick_up.msa	d:/ymir work/pc2/warrior/general/pick_up.msa	1
pc2/ymir work/pc2/sura/hair/hair_2_3.dds	d:/ymir work/pc2/sura/hair/hair_2_3.dds	1
pc2/ymir work/pc2/sura/hair/hair_3_1.dds	d:/ymir work/pc2/sura/hair/hair_3_1.dds	1
pc2/ymir work/pc2/sura/hair/hair_3_3.dds	d:/ymir work/pc2/sura/hair/hair_3_3.dds	1
pc2/ymir work/pc2/warrior/twohand_sword/damage.msa	d:/ymir work/pc2/warrior/twohand_sword/damage.msa	1
pc2/ymir work/pc2/sura/hair/hair_4_2.dds	d:/ymir work/pc2/sura/hair/hair_4_2.dds	1
pc2/ymir work/pc2/sura/hair/hair_4_3.dds	d:/ymir work/pc2/sura/hair/hair_4_3.dds	1
pc2/ymir work/pc2/sura/hair/hair_4_4.dds	d:/ymir work/pc2/sura/hair/hair_4_4.dds	1
pc2/ymir work/pc2/warrior/skill/palbang.gr2	d:/ymir work/pc2/warrior/skill/palbang.gr2	1
pc2/ymir work/pc2/sura/horse/damage.gr2	d:/ymir work/pc2/sura/horse/damage.gr2	1
pc2/ymir work/pc2/sura/horse/dead.gr2	d:/ymir work/pc2/sura/horse/dead.gr2	1
pc2/ymir work/pc2/warrior/skill/cheongeun_2.msa	d:/ymir work/pc2/warrior/skill/cheongeun_2.msa	1
pc2/ymir work/pc2/sura/horse/run.msa	d:/ymir work/pc2/sura/horse/run.msa	1
pc2/ymir work/pc2/sura/horse/skill_charge.gr2	d:/ymir work/pc2/sura/horse/skill_charge.gr2	1
pc2/ymir work/pc2/warrior/warrior_yongsin_lod_03.gr2	d:/ymir work/pc2/warrior/warrior_yongsin_lod_03.gr2	1
pc2/ymir work/pc2/sura/horse/skill_splash.msa	d:/ymir work/pc2/sura/horse/skill_splash.msa	1
pc2/ymir work/pc2/warrior/skill/gigongcham.msa	d:/ymir work/pc2/warrior/skill/gigongcham.msa	1
pc2/ymir work/pc2/sura/horse/stop.gr2	d:/ymir work/pc2/sura/horse/stop.gr2	1
pc2/ymir work/pc2/sura/horse/wait.gr2	d:/ymir work/pc2/sura/horse/wait.gr2	1
pc2/ymir work/pc2/sura/horse/wait_1.gr2	d:/ymir work/pc2/sura/horse/wait_1.gr2	1
pc2/ymir work/pc2/sura/horse/wait_2.gr2	d:/ymir work/pc2/sura/horse/wait_2.gr2	1
pc2/ymir work/pc2/sura/horse_onehand_sword/combo_01.msa	d:/ymir work/pc2/sura/horse_onehand_sword/combo_01.msa	1
pc2/ymir work/pc2/sura/horse_onehand_sword/combo_02.msa	d:/ymir work/pc2/sura/horse_onehand_sword/combo_02.msa	1
pc2/ymir work/pc2/warrior/skill/gyeoksan.gr2	d:/ymir work/pc2/warrior/skill/gyeoksan.gr2	1
pc2/ymir work/pc2/sura/horse_onehand_sword/combo_03.msa	d:/ymir work/pc2/sura/horse_onehand_sword/combo_03.msa	1
pc2/ymir work/pc2/sura/horse_onehand_sword/skill_wildattack.gr2	d:/ymir work/pc2/sura/horse_onehand_sword/skill_wildattack.gr2	1
pc2/ymir work/pc2/sura/horse_onehand_sword/skill_wildattack.msa	d:/ymir work/pc2/sura/horse_onehand_sword/skill_wildattack.msa	1
pc2/ymir work/pc2/sura/intro/not_selected.msa	d:/ymir work/pc2/sura/intro/not_selected.msa	1
pc2/ymir work/pc2/warrior/wedding/walk.gr2	d:/ymir work/pc2/warrior/wedding/walk.gr2	1
pc2/ymir work/pc2/sura/intro/selected.msa	d:/ymir work/pc2/sura/intro/selected.msa	1
pc2/ymir work/pc2/warrior/general/back_falling_stand.gr2	d:/ymir work/pc2/warrior/general/back_falling_stand.gr2	1
pc2/ymir work/pc2/sura/intro/wait.msa	d:/ymir work/pc2/sura/intro/wait.msa	1
pc2/ymir work/pc2/sura/onehand_sword/combo_01.gr2	d:/ymir work/pc2/sura/onehand_sword/combo_01.gr2	1
pc2/ymir work/pc2/warrior/general/wait.gr2	d:/ymir work/pc2/warrior/general/wait.gr2	1
pc2/ymir work/pc2/sura/onehand_sword/combo_02.gr2	d:/ymir work/pc2/sura/onehand_sword/combo_02.gr2	1
pc2/ymir work/pc2/sura/onehand_sword/combo_02.msa	d:/ymir work/pc2/sura/onehand_sword/combo_02.msa	1
pc2/ymir work/pc2/sura/onehand_sword/combo_03.gr2	d:/ymir work/pc2/sura/onehand_sword/combo_03.gr2	1
pc2/ymir work/pc2/sura/skill/geomhwan.msa	d:/ymir work/pc2/sura/skill/geomhwan.msa	1
pc2/ymir work/pc2/sura/onehand_sword/combo_03.msa	d:/ymir work/pc2/sura/onehand_sword/combo_03.msa	1
pc2/ymir work/pc2/sura/onehand_sword/combo_04.gr2	d:/ymir work/pc2/sura/onehand_sword/combo_04.gr2	1
pc2/ymir work/pc2/sura/onehand_sword/combo_04.msa	d:/ymir work/pc2/sura/onehand_sword/combo_04.msa	1
pc2/ymir work/pc2/warrior/onehand_sword/rampage.gr2	d:/ymir work/pc2/warrior/onehand_sword/rampage.gr2	1
pc2/ymir work/pc2/sura/onehand_sword/combo_05.msa	d:/ymir work/pc2/sura/onehand_sword/combo_05.msa	1
pc2/ymir work/pc2/sura/onehand_sword/combo_06.msa	d:/ymir work/pc2/sura/onehand_sword/combo_06.msa	1
pc2/ymir work/pc2/warrior/warrior_hair_01_black.dds	d:/ymir work/pc2/warrior/warrior_hair_01_black.dds	1
pc2/ymir work/pc2/sura/onehand_sword/combo_07.msa	d:/ymir work/pc2/sura/onehand_sword/combo_07.msa	1
pc2/ymir work/pc2/warrior/warrior_4-1.dds	d:/ymir work/pc2/warrior/warrior_4-1.dds	1
pc2/ymir work/pc2/sura/onehand_sword/damage.gr2	d:/ymir work/pc2/sura/onehand_sword/damage.gr2	1
pc2/ymir work/pc2/sura/onehand_sword/damage_2.msa	d:/ymir work/pc2/sura/onehand_sword/damage_2.msa	1
pc2/ymir work/pc2/sura/onehand_sword/damage_3.gr2	d:/ymir work/pc2/sura/onehand_sword/damage_3.gr2	1
pc2/ymir work/pc2/sura/onehand_sword/damage_3.msa	d:/ymir work/pc2/sura/onehand_sword/damage_3.msa	1
pc2/ymir work/pc2/sura/onehand_sword/rampage.gr2	d:/ymir work/pc2/sura/onehand_sword/rampage.gr2	1
pc2/ymir work/pc2/warrior/action/slap_hit.msa	d:/ymir work/pc2/warrior/action/slap_hit.msa	1
pc2/ymir work/pc2/sura/onehand_sword/rampage_01.msa	d:/ymir work/pc2/sura/onehand_sword/rampage_01.msa	1
pc2/ymir work/pc2/sura/onehand_sword/rampage_02.msa	d:/ymir work/pc2/sura/onehand_sword/rampage_02.msa	1
pc2/ymir work/pc2/sura/onehand_sword/rampage_03.gr2	d:/ymir work/pc2/sura/onehand_sword/rampage_03.gr2	1
pc2/ymir work/pc2/sura/onehand_sword/rampage_03.msa	d:/ymir work/pc2/sura/onehand_sword/rampage_03.msa	1
pc2/ymir work/pc2/sura/onehand_sword/run.msa	d:/ymir work/pc2/sura/onehand_sword/run.msa	1
pc2/ymir work/pc2/warrior/skill/kwaegeom.msa	d:/ymir work/pc2/warrior/skill/kwaegeom.msa	1
pc2/ymir work/pc2/warrior/action/kiss_with_warrior.gr2	d:/ymir work/pc2/warrior/action/kiss_with_warrior.gr2	1
pc2/ymir work/pc2/sura/onehand_sword/wait.gr2	d:/ymir work/pc2/sura/onehand_sword/wait.gr2	1
pc2/ymir work/pc2/sura/onehand_sword/wait.msa	d:/ymir work/pc2/sura/onehand_sword/wait.msa	1
pc2/ymir work/pc2/sura/onehand_sword/walk.gr2	d:/ymir work/pc2/sura/onehand_sword/walk.gr2	1
pc2/ymir work/pc2/sura/onehand_sword/walk.msa	d:/ymir work/pc2/sura/onehand_sword/walk.msa	1
pc2/ymir work/pc2/sura/skill/geomhwan.msk	d:/ymir work/pc2/sura/skill/geomhwan.msk	1
pc2/ymir work/pc2/sura/skill/geompung.msk	d:/ymir work/pc2/sura/skill/geompung.msk	1
pc2/ymir work/pc2/sura/skill/geongon.gr2	d:/ymir work/pc2/sura/skill/geongon.gr2	1
pc2/ymir work/pc2/sura/skill/geongon.msk	d:/ymir work/pc2/sura/skill/geongon.msk	1
pc2/ymir work/pc2/sura/skill/gongpo.msa	d:/ymir work/pc2/sura/skill/gongpo.msa	1
pc2/ymir work/pc2/sura/skill/gongpo_3.msa	d:/ymir work/pc2/sura/skill/gongpo_3.msa	1
pc2/ymir work/pc2/sura/skill/guild_jumunsul.msa	d:/ymir work/pc2/sura/skill/guild_jumunsul.msa	1
pc2/ymir work/pc2/sura/skill/guild_seonghwigap.msa	d:/ymir work/pc2/sura/skill/guild_seonghwigap.msa	1
pc2/ymir work/pc2/sura/skill/guild_yongsinuibunno.msa	d:/ymir work/pc2/sura/skill/guild_yongsinuibunno.msa	1
pc2/ymir work/pc2/sura/skill/guild_yongsinuipi.msa	d:/ymir work/pc2/sura/skill/guild_yongsinuipi.msa	1
pc2/ymir work/pc2/sura/skill/gwigeom_2.msa	d:/ymir work/pc2/sura/skill/gwigeom_2.msa	1
pc2/ymir work/pc2/warrior/twohand_sword/wait.msa	d:/ymir work/pc2/warrior/twohand_sword/wait.msa	1
pc2/ymir work/pc2/warrior/warrior_saja_lod_02.gr2	d:/ymir work/pc2/warrior/warrior_saja_lod_02.gr2	1
pc2/ymir work/pc2/sura/skill/gwigeom_3.msa	d:/ymir work/pc2/sura/skill/gwigeom_3.msa	1
pc2/ymir work/pc2/sura/skill/gwigeom_4.msa	d:/ymir work/pc2/sura/skill/gwigeom_4.msa	1
pc2/ymir work/pc2/warrior/skill/jeongwi.gr2	d:/ymir work/pc2/warrior/skill/jeongwi.gr2	1
pc2/ymir work/pc2/sura/skill/gwigeom_5.msa	d:/ymir work/pc2/sura/skill/gwigeom_5.msa	1
pc2/ymir work/pc2/sura/skill/heukma.msa	d:/ymir work/pc2/sura/skill/heukma.msa	1
pc2/ymir work/pc2/sura/skill/heuksin.msa	d:/ymir work/pc2/sura/skill/heuksin.msa	1
pc2/ymir work/pc2/warrior/warrior_cheongrin_lod_03.gr2	d:/ymir work/pc2/warrior/warrior_cheongrin_lod_03.gr2	1
pc2/ymir work/pc2/sura/skill/heuksin_5.msa	d:/ymir work/pc2/sura/skill/heuksin_5.msa	1
pc2/ymir work/pc2/sura/skill/hwayeom.gr2	d:/ymir work/pc2/sura/skill/hwayeom.gr2	1
pc2/ymir work/pc2/sura/skill/hwayeom.msa	d:/ymir work/pc2/sura/skill/hwayeom.msa	1
pc2/ymir work/pc2/sura/skill/hwayeom.msk	d:/ymir work/pc2/sura/skill/hwayeom.msk	1
pc2/ymir work/pc2/warrior/warrior_yongsin.dds	d:/ymir work/pc2/warrior/warrior_yongsin.dds	1
pc2/ymir work/pc2/sura/skill/hwayeom_3.msa	d:/ymir work/pc2/sura/skill/hwayeom_3.msa	1
pc2/ymir work/pc2/sura/skill/hwayeom_5.msa	d:/ymir work/pc2/sura/skill/hwayeom_5.msa	1
pc2/ymir work/pc2/warrior/horse_onehand_sword/skill_splash.msa	d:/ymir work/pc2/warrior/horse_onehand_sword/skill_splash.msa	1
pc2/ymir work/pc2/warrior/general/dig.msa	d:/ymir work/pc2/warrior/general/dig.msa	1
pc2/ymir work/pc2/sura/skill/hyeolma.gr2	d:/ymir work/pc2/sura/skill/hyeolma.gr2	1
pc2/ymir work/pc2/sura/skill/hyeolma.msa	d:/ymir work/pc2/sura/skill/hyeolma.msa	1
pc2/ymir work/pc2/sura/skill/hyeolma.msk	d:/ymir work/pc2/sura/skill/hyeolma.msk	1
pc2/ymir work/pc2/sura/skill/ihyeol.msa	d:/ymir work/pc2/sura/skill/ihyeol.msa	1
pc2/ymir work/pc2/sura/skill/ihyeol.msk	d:/ymir work/pc2/sura/skill/ihyeol.msk	1
pc2/ymir work/pc2/sura/skill/jeoju.msk	d:/ymir work/pc2/sura/skill/jeoju.msk	1
pc2/ymir work/pc2/sura/skill/jibok.msk	d:/ymir work/pc2/sura/skill/jibok.msk	1
pc2/ymir work/pc2/sura/skill/johon.gr2	d:/ymir work/pc2/sura/skill/johon.gr2	1
pc2/ymir work/pc2/sura/skill/johon.msk	d:/ymir work/pc2/sura/skill/johon.msk	1
pc2/ymir work/pc2/sura/skill/johyeolsul.msk	d:/ymir work/pc2/sura/skill/johyeolsul.msk	1
pc2/ymir work/pc2/sura/skill/jumagap.gr2	d:/ymir work/pc2/sura/skill/jumagap.gr2	1
pc2/ymir work/pc2/sura/skill/jumagap.msa	d:/ymir work/pc2/sura/skill/jumagap.msa	1
pc2/ymir work/pc2/sura/skill/jumagap_2.msa	d:/ymir work/pc2/sura/skill/jumagap_2.msa	1
pc2/ymir work/pc2/sura/skill/jumagap_3.msa	d:/ymir work/pc2/sura/skill/jumagap_3.msa	1
pc2/ymir work/pc2/sura/skill/jumageom.gr2	d:/ymir work/pc2/sura/skill/jumageom.gr2	1
pc2/ymir work/pc2/sura/wedding/walk.msa	d:/ymir work/pc2/sura/wedding/walk.msa	1
pc2/ymir work/pc2/sura/skill/mahwan.msa	d:/ymir work/pc2/sura/skill/mahwan.msa	1
pc2/ymir work/pc2/sura/skill/mahwan_3.msa	d:/ymir work/pc2/sura/skill/mahwan_3.msa	1
pc2/ymir work/pc2/sura/skill/mahwan_5.msa	d:/ymir work/pc2/sura/skill/mahwan_5.msa	1
pc2/ymir work/pc2/sura/skill/maryeong.msa	d:/ymir work/pc2/sura/skill/maryeong.msa	1
pc2/ymir work/pc2/sura/skill/maryeong_2.msa	d:/ymir work/pc2/sura/skill/maryeong_2.msa	1
pc2/ymir work/pc2/sura/skill/muyeong.gr2	d:/ymir work/pc2/sura/skill/muyeong.gr2	1
pc2/ymir work/pc2/sura/skill/pabeop.gr2	d:/ymir work/pc2/sura/skill/pabeop.gr2	1
pc2/ymir work/pc2/sura/skill/yonggwon_3.msa	d:/ymir work/pc2/sura/skill/yonggwon_3.msa	1
pc2/ymir work/pc2/sura/skill/pabeop.msa	d:/ymir work/pc2/sura/skill/pabeop.msa	1
pc2/ymir work/pc2/sura/skill/pabeop.msk	d:/ymir work/pc2/sura/skill/pabeop.msk	1
pc2/ymir work/pc2/sura/skill/pabeop_2.msa	d:/ymir work/pc2/sura/skill/pabeop_2.msa	1
pc2/ymir work/pc2/sura/skill/pabeop_4.msa	d:/ymir work/pc2/sura/skill/pabeop_4.msa	1
pc2/ymir work/pc2/sura/skill/yonggwon.msa	d:/ymir work/pc2/sura/skill/yonggwon.msa	1
pc2/ymir work/pc2/sura/skill/swaeryeong.gr2	d:/ymir work/pc2/sura/skill/swaeryeong.gr2	1
pc2/ymir work/pc2/sura/skill/swaeryeong.msa	d:/ymir work/pc2/sura/skill/swaeryeong.msa	1
pc2/ymir work/pc2/warrior/onehand_sword/wait_1.msa	d:/ymir work/pc2/warrior/onehand_sword/wait_1.msa	1
pc2/ymir work/pc2/sura/skill/swaeryeong.msk	d:/ymir work/pc2/sura/skill/swaeryeong.msk	1
pc2/ymir work/pc2/warrior/skill/geomgyeong.gr2	d:/ymir work/pc2/warrior/skill/geomgyeong.gr2	1
pc2/ymir work/pc2/sura/skill/swaeryeong_2.msa	d:/ymir work/pc2/sura/skill/swaeryeong_2.msa	1
pc2/ymir work/pc2/warrior/warrior_moryong.dds	d:/ymir work/pc2/warrior/warrior_moryong.dds	1
pc2/ymir work/pc2/sura/skill/tusok.msa	d:/ymir work/pc2/sura/skill/tusok.msa	1
pc2/ymir work/pc2/sura/skill/tusok_2.msa	d:/ymir work/pc2/sura/skill/tusok_2.msa	1
pc2/ymir work/pc2/sura/skill/yonggwon.gr2	d:/ymir work/pc2/sura/skill/yonggwon.gr2	1
pc2/ymir work/pc2/warrior/horse/wait_2.gr2	d:/ymir work/pc2/warrior/horse/wait_2.gr2	1
pc2/ymir work/pc2/sura/wedding/dance_3.msa~	d:/ymir work/pc2/sura/wedding/dance_3.msa~	1
pc2/ymir work/pc2/sura/wedding/dance_4.msa~	d:/ymir work/pc2/sura/wedding/dance_4.msa~	1
pc2/ymir work/pc2/sura/wedding/wait.gr2	d:/ymir work/pc2/sura/wedding/wait.gr2	1
pc2/ymir work/pc2/sura/wedding/walk.gr2	d:/ymir work/pc2/sura/wedding/walk.gr2	1
pc2/ymir work/pc2/warrior/warrior_hair_01.dds	d:/ymir work/pc2/warrior/warrior_hair_01.dds	1
pc2/ymir work/pc2/warrior/warrior.msm	d:/ymir work/pc2/warrior/warrior.msm	1
pc2/ymir work/pc2/warrior/skill/geompung.msk	d:/ymir work/pc2/warrior/skill/geompung.msk	1
pc2/ymir work/pc2/warrior/warrior_4-1.gr2	d:/ymir work/pc2/warrior/warrior_4-1.gr2	1
pc2/ymir work/pc2/warrior/warrior_hair_01_brown.dds	d:/ymir work/pc2/warrior/warrior_hair_01_brown.dds	1
pc2/ymir work/pc2/warrior/warrior_hair_01_gold.dds	d:/ymir work/pc2/warrior/warrior_hair_01_gold.dds	1
pc2/ymir work/pc2/warrior/warrior_hair_01_red.dds	d:/ymir work/pc2/warrior/warrior_hair_01_red.dds	1
pc2/ymir work/pc2/warrior/warrior_hair_01_white.dds	d:/ymir work/pc2/warrior/warrior_hair_01_white.dds	1
pc2/ymir work/pc2/warrior/onehand_sword/combo_06.msa	d:/ymir work/pc2/warrior/onehand_sword/combo_06.msa	1
pc2/ymir work/pc2/warrior/warrior_hair_03.dds	d:/ymir work/pc2/warrior/warrior_hair_03.dds	1
pc2/ymir work/pc2/warrior/warrior_jain.dds	d:/ymir work/pc2/warrior/warrior_jain.dds	1
pc2/ymir work/pc2/warrior/warrior_lord_lod_01.gr2	d:/ymir work/pc2/warrior/warrior_lord_lod_01.gr2	1
pc2/ymir work/pc2/warrior/warrior_lord_lod_02.gr2	d:/ymir work/pc2/warrior/warrior_lord_lod_02.gr2	1
pc2/ymir work/pc2/warrior/warrior_marry_01.dds	d:/ymir work/pc2/warrior/warrior_marry_01.dds	1
pc2/ymir work/pc2/warrior/warrior_marry_01_lod_03.gr2	d:/ymir work/pc2/warrior/warrior_marry_01_lod_03.gr2	1
pc2/ymir work/pc2/warrior/horse/run.gr2	d:/ymir work/pc2/warrior/horse/run.gr2	1
pc2/ymir work/pc2/warrior/warrior_nahan.dds	d:/ymir work/pc2/warrior/warrior_nahan.dds	1
pc2/ymir work/pc2/warrior/warrior_nahan_helmet.dds	d:/ymir work/pc2/warrior/warrior_nahan_helmet.dds	1
pc2/ymir work/pc2/warrior/warrior_nahan_lod_03.gr2	d:/ymir work/pc2/warrior/warrior_nahan_lod_03.gr2	1
pc2/ymir work/pc2/warrior/action/french_kiss_with_shaman.gr2	d:/ymir work/pc2/warrior/action/french_kiss_with_shaman.gr2	1
pc2/ymir work/pc2/warrior/warrior_novice_blue.dds	d:/ymir work/pc2/warrior/warrior_novice_blue.dds	1
pc2/ymir work/pc2/warrior/warrior_novice_lod_01.gr2	d:/ymir work/pc2/warrior/warrior_novice_lod_01.gr2	1
pc2/ymir work/pc2/warrior/warrior_novice_lod_03.gr2	d:/ymir work/pc2/warrior/warrior_novice_lod_03.gr2	1
pc2/ymir work/pc2/warrior/warrior_saja.gr2	d:/ymir work/pc2/warrior/warrior_saja.gr2	1
pc2/ymir work/pc2/warrior/warrior_saja_lod_01.gr2	d:/ymir work/pc2/warrior/warrior_saja_lod_01.gr2	1
pc2/ymir work/pc2/warrior/warrior_saja_lod_03.gr2	d:/ymir work/pc2/warrior/warrior_saja_lod_03.gr2	1
pc2/ymir work/pc2/warrior/warrior_yongsin_lod_02.gr2	d:/ymir work/pc2/warrior/warrior_yongsin_lod_02.gr2	1
pc2/ymir work/pc2/warrior/action/angry.gr2	d:/ymir work/pc2/warrior/action/angry.gr2	1
pc2/ymir work/pc2/warrior/action/banter.gr2	d:/ymir work/pc2/warrior/action/banter.gr2	1
pc2/ymir work/pc2/warrior/action/cheers_1.gr2	d:/ymir work/pc2/warrior/action/cheers_1.gr2	1
pc2/ymir work/pc2/warrior/action/cheers_1.msa	d:/ymir work/pc2/warrior/action/cheers_1.msa	1
pc2/ymir work/pc2/warrior/action/cheers_2.msa	d:/ymir work/pc2/warrior/action/cheers_2.msa	1
pc2/ymir work/pc2/warrior/action/cheerup.msa	d:/ymir work/pc2/warrior/action/cheerup.msa	1
pc2/ymir work/pc2/warrior/hair/hair_3_4.dds	d:/ymir work/pc2/warrior/hair/hair_3_4.dds	1
pc2/ymir work/pc2/warrior/action/clap.gr2	d:/ymir work/pc2/warrior/action/clap.gr2	1
pc2/ymir work/pc2/warrior/action/congratulation.msa	d:/ymir work/pc2/warrior/action/congratulation.msa	1
pc2/ymir work/pc2/warrior/action/dance_1.gr2	d:/ymir work/pc2/warrior/action/dance_1.gr2	1
pc2/ymir work/pc2/warrior/action/dance_3.gr2	d:/ymir work/pc2/warrior/action/dance_3.gr2	1
pc2/ymir work/pc2/warrior/action/dance_3.msa	d:/ymir work/pc2/warrior/action/dance_3.msa	1
pc2/ymir work/pc2/warrior/action/dance_4.gr2	d:/ymir work/pc2/warrior/action/dance_4.gr2	1
pc2/ymir work/pc2/warrior/action/dance_5.msa	d:/ymir work/pc2/warrior/action/dance_5.msa	1
pc2/ymir work/pc2/warrior/action/french_kiss_with_assassin.gr2	d:/ymir work/pc2/warrior/action/french_kiss_with_assassin.gr2	1
pc2/ymir work/pc2/warrior/action/french_kiss_with_assassin.msa	d:/ymir work/pc2/warrior/action/french_kiss_with_assassin.msa	1
pc2/ymir work/pc2/warrior/action/french_kiss_with_shaman.msa	d:/ymir work/pc2/warrior/action/french_kiss_with_shaman.msa	1
pc2/ymir work/pc2/warrior/action/french_kiss_with_sura.gr2	d:/ymir work/pc2/warrior/action/french_kiss_with_sura.gr2	1
pc2/ymir work/pc2/warrior/action/french_kiss_with_sura.msa	d:/ymir work/pc2/warrior/action/french_kiss_with_sura.msa	1
pc2/ymir work/pc2/warrior/action/french_kiss_with_warrior.gr2	d:/ymir work/pc2/warrior/action/french_kiss_with_warrior.gr2	1
pc2/ymir work/pc2/warrior/action/kiss_with_assassin.gr2	d:/ymir work/pc2/warrior/action/kiss_with_assassin.gr2	1
pc2/ymir work/pc2/warrior/action/kiss_with_assassin.msa	d:/ymir work/pc2/warrior/action/kiss_with_assassin.msa	1
pc2/ymir work/pc2/warrior/action/kiss_with_sura.msa	d:/ymir work/pc2/warrior/action/kiss_with_sura.msa	1
pc2/ymir work/pc2/warrior/action/shy.gr2	d:/ymir work/pc2/warrior/action/shy.gr2	1
pc2/ymir work/pc2/warrior/onehand_sword/rampage_02.gr2	d:/ymir work/pc2/warrior/onehand_sword/rampage_02.gr2	1
pc2/ymir work/pc2/warrior/hair/hair_2_1.gr2	d:/ymir work/pc2/warrior/hair/hair_2_1.gr2	1
pc2/ymir work/pc2/warrior/action/slap_hit.gr2	d:/ymir work/pc2/warrior/action/slap_hit.gr2	1
pc2/ymir work/pc2/warrior/action/slap_hurt.gr2	d:/ymir work/pc2/warrior/action/slap_hurt.gr2	1
pc2/ymir work/pc2/warrior/skill/musa.gr2	d:/ymir work/pc2/warrior/skill/musa.gr2	1
pc2/ymir work/pc2/warrior/fishing/fishing_cancel.gr2	d:/ymir work/pc2/warrior/fishing/fishing_cancel.gr2	1
pc2/ymir work/pc2/warrior/fishing/fishing_catch.gr2	d:/ymir work/pc2/warrior/fishing/fishing_catch.gr2	1
pc2/ymir work/pc2/warrior/fishing/fishing_catch.msa	d:/ymir work/pc2/warrior/fishing/fishing_catch.msa	1
pc2/ymir work/pc2/warrior/fishing/fishing_wait.gr2	d:/ymir work/pc2/warrior/fishing/fishing_wait.gr2	1
pc2/ymir work/pc2/warrior/fishing/run.msa	d:/ymir work/pc2/warrior/fishing/run.msa	1
pc2/ymir work/pc2/warrior/fishing/throw.gr2	d:/ymir work/pc2/warrior/fishing/throw.gr2	1
pc2/ymir work/pc2/warrior/fishing/walk.gr2	d:/ymir work/pc2/warrior/fishing/walk.gr2	1
pc2/ymir work/pc2/warrior/general/attack.gr2	d:/ymir work/pc2/warrior/general/attack.gr2	1
pc2/ymir work/pc2/warrior/general/attack_1.gr2	d:/ymir work/pc2/warrior/general/attack_1.gr2	1
pc2/ymir work/pc2/warrior/general/back_damage_flying.msa	d:/ymir work/pc2/warrior/general/back_damage_flying.msa	1
pc2/ymir work/pc2/warrior/general/back_falling_stand.msa	d:/ymir work/pc2/warrior/general/back_falling_stand.msa	1
pc2/ymir work/pc2/warrior/general/damage.gr2	d:/ymir work/pc2/warrior/general/damage.gr2	1
pc2/ymir work/pc2/warrior/skill/tanhwan_2.msa	d:/ymir work/pc2/warrior/skill/tanhwan_2.msa	1
pc2/ymir work/pc2/warrior/general/damage.msa	d:/ymir work/pc2/warrior/general/damage.msa	1
pc2/ymir work/pc2/warrior/general/damage_1.gr2	d:/ymir work/pc2/warrior/general/damage_1.gr2	1
pc2/ymir work/pc2/warrior/general/damage_3.gr2	d:/ymir work/pc2/warrior/general/damage_3.gr2	1
pc2/ymir work/pc2/warrior/general/damage_flying.msa	d:/ymir work/pc2/warrior/general/damage_flying.msa	1
pc2/ymir work/pc2/warrior/general/dead.gr2	d:/ymir work/pc2/warrior/general/dead.gr2	1
pc2/ymir work/pc2/warrior/general/dead.msa	d:/ymir work/pc2/warrior/general/dead.msa	1
pc2/ymir work/pc2/warrior/general/dig.gr2	d:/ymir work/pc2/warrior/general/dig.gr2	1
pc2/ymir work/pc2/warrior/general/falling_stand.msa	d:/ymir work/pc2/warrior/general/falling_stand.msa	1
pc2/ymir work/pc2/warrior/general/pick_up.gr2	d:/ymir work/pc2/warrior/general/pick_up.gr2	1
pc2/ymir work/pc2/warrior/general/run.gr2	d:/ymir work/pc2/warrior/general/run.gr2	1
pc2/ymir work/pc2/warrior/general/run.msa	d:/ymir work/pc2/warrior/general/run.msa	1
pc2/ymir work/pc2/warrior/onehand_sword/attack.gr2	d:/ymir work/pc2/warrior/onehand_sword/attack.gr2	1
pc2/ymir work/pc2/warrior/general/wait_1.msa	d:/ymir work/pc2/warrior/general/wait_1.msa	1
pc2/ymir work/pc2/warrior/general/walk.msa	d:/ymir work/pc2/warrior/general/walk.msa	1
pc2/ymir work/pc2/warrior/hair/hair_1_1.gr2	d:/ymir work/pc2/warrior/hair/hair_1_1.gr2	1
pc2/ymir work/pc2/warrior/hair/hair_1_2.dds	d:/ymir work/pc2/warrior/hair/hair_1_2.dds	1
pc2/ymir work/pc2/warrior/hair/hair_1_3.dds	d:/ymir work/pc2/warrior/hair/hair_1_3.dds	1
pc2/ymir work/pc2/warrior/hair/hair_1_4.dds	d:/ymir work/pc2/warrior/hair/hair_1_4.dds	1
pc2/ymir work/pc2/warrior/hair/hair_2_2.dds	d:/ymir work/pc2/warrior/hair/hair_2_2.dds	1
pc2/ymir work/pc2/warrior/hair/hair_3_1.dds	d:/ymir work/pc2/warrior/hair/hair_3_1.dds	1
pc2/ymir work/pc2/warrior/hair/hair_3_2.dds	d:/ymir work/pc2/warrior/hair/hair_3_2.dds	1
pc2/ymir work/pc2/warrior/hair/hair_3_3.dds	d:/ymir work/pc2/warrior/hair/hair_3_3.dds	1
pc2/ymir work/pc2/warrior/onehand_sword/walk.gr2	d:/ymir work/pc2/warrior/onehand_sword/walk.gr2	1
pc2/ymir work/pc2/warrior/hair/hair_4_1.dds	d:/ymir work/pc2/warrior/hair/hair_4_1.dds	1
pc2/ymir work/pc2/warrior/hair/hair_4_2.dds	d:/ymir work/pc2/warrior/hair/hair_4_2.dds	1
pc2/ymir work/pc2/warrior/hair/hair_4_3.dds	d:/ymir work/pc2/warrior/hair/hair_4_3.dds	1
pc2/ymir work/pc2/warrior/hair/hair_4_4.dds	d:/ymir work/pc2/warrior/hair/hair_4_4.dds	1
pc2/ymir work/pc2/warrior/horse_onehand_sword/combo_01.gr2	d:/ymir work/pc2/warrior/horse_onehand_sword/combo_01.gr2	1
pc2/ymir work/pc2/warrior/horse/damage.gr2	d:/ymir work/pc2/warrior/horse/damage.gr2	1
pc2/ymir work/pc2/warrior/horse/dead.msa	d:/ymir work/pc2/warrior/horse/dead.msa	1
pc2/ymir work/pc2/warrior/horse/run.msa	d:/ymir work/pc2/warrior/horse/run.msa	1
pc2/ymir work/pc2/warrior/horse/skill_charge.gr2	d:/ymir work/pc2/warrior/horse/skill_charge.gr2	1
pc2/ymir work/pc2/warrior/horse/skill_charge.msa	d:/ymir work/pc2/warrior/horse/skill_charge.msa	1
pc2/ymir work/pc2/warrior/skill/cheongeun_3.msa	d:/ymir work/pc2/warrior/skill/cheongeun_3.msa	1
pc2/ymir work/pc2/warrior/horse/stop.msa	d:/ymir work/pc2/warrior/horse/stop.msa	1
pc2/ymir work/pc2/warrior/skill/daejin.gr2	d:/ymir work/pc2/warrior/skill/daejin.gr2	1
pc2/ymir work/pc2/warrior/horse/wait.gr2	d:/ymir work/pc2/warrior/horse/wait.gr2	1
pc2/ymir work/pc2/warrior/horse/wait.msa	d:/ymir work/pc2/warrior/horse/wait.msa	1
pc2/ymir work/pc2/warrior/horse/walk.msa	d:/ymir work/pc2/warrior/horse/walk.msa	1
pc2/ymir work/pc2/warrior/horse_onehand_sword/combo_02.msa	d:/ymir work/pc2/warrior/horse_onehand_sword/combo_02.msa	1
pc2/ymir work/pc2/warrior/horse_onehand_sword/combo_03.msa	d:/ymir work/pc2/warrior/horse_onehand_sword/combo_03.msa	1
pc2/ymir work/pc2/warrior/horse_onehand_sword/skill_wildattack.msa	d:/ymir work/pc2/warrior/horse_onehand_sword/skill_wildattack.msa	1
pc2/ymir work/pc2/warrior/horse_twohand_sword/combo_01.msa	d:/ymir work/pc2/warrior/horse_twohand_sword/combo_01.msa	1
pc2/ymir work/pc2/warrior/horse_twohand_sword/combo_02.msa	d:/ymir work/pc2/warrior/horse_twohand_sword/combo_02.msa	1
pc2/ymir work/pc2/warrior/horse_twohand_sword/combo_03.gr2	d:/ymir work/pc2/warrior/horse_twohand_sword/combo_03.gr2	1
pc2/ymir work/pc2/warrior/horse_twohand_sword/skill_splash.gr2	d:/ymir work/pc2/warrior/horse_twohand_sword/skill_splash.gr2	1
pc2/ymir work/pc2/warrior/intro/selected.gr2	d:/ymir work/pc2/warrior/intro/selected.gr2	1
pc2/ymir work/pc2/warrior/horse_twohand_sword/skill_splash.msa	d:/ymir work/pc2/warrior/horse_twohand_sword/skill_splash.msa	1
pc2/ymir work/pc2/warrior/horse_twohand_sword/skill_wildattack.gr2	d:/ymir work/pc2/warrior/horse_twohand_sword/skill_wildattack.gr2	1
pc2/ymir work/pc2/warrior/horse_twohand_sword/skill_wildattack.msa	d:/ymir work/pc2/warrior/horse_twohand_sword/skill_wildattack.msa	1
pc2/ymir work/pc2/warrior/intro/not_selected.gr2	d:/ymir work/pc2/warrior/intro/not_selected.gr2	1
pc2/ymir work/pc2/warrior/skill/guild_yongsinuibunno.msa	d:/ymir work/pc2/warrior/skill/guild_yongsinuibunno.msa	1
pc2/ymir work/pc2/warrior/intro/not_selected.msa	d:/ymir work/pc2/warrior/intro/not_selected.msa	1
pc2/ymir work/pc2/warrior/intro/selected.msa	d:/ymir work/pc2/warrior/intro/selected.msa	1
pc2/ymir work/pc2/warrior/intro/wait.msa	d:/ymir work/pc2/warrior/intro/wait.msa	1
pc2/ymir work/pc2/warrior/skill/palbang_4.msa	d:/ymir work/pc2/warrior/skill/palbang_4.msa	1
pc2/ymir work/pc2/warrior/onehand_sword/attack.msa	d:/ymir work/pc2/warrior/onehand_sword/attack.msa	1
pc2/ymir work/pc2/warrior/onehand_sword/attack_2.gr2	d:/ymir work/pc2/warrior/onehand_sword/attack_2.gr2	1
pc2/ymir work/pc2/warrior/onehand_sword/change_weapon.gr2	d:/ymir work/pc2/warrior/onehand_sword/change_weapon.gr2	1
pc2/ymir work/pc2/warrior/onehand_sword/combo_01.gr2	d:/ymir work/pc2/warrior/onehand_sword/combo_01.gr2	1
pc2/ymir work/pc2/warrior/onehand_sword/combo_03.gr2	d:/ymir work/pc2/warrior/onehand_sword/combo_03.gr2	1
pc2/ymir work/pc2/warrior/onehand_sword/combo_03.msa	d:/ymir work/pc2/warrior/onehand_sword/combo_03.msa	1
pc2/ymir work/pc2/warrior/onehand_sword/combo_04.gr2	d:/ymir work/pc2/warrior/onehand_sword/combo_04.gr2	1
pc2/ymir work/pc2/warrior/onehand_sword/combo_07.gr2	d:/ymir work/pc2/warrior/onehand_sword/combo_07.gr2	1
pc2/ymir work/pc2/warrior/onehand_sword/combo_07.msa	d:/ymir work/pc2/warrior/onehand_sword/combo_07.msa	1
pc2/ymir work/pc2/warrior/onehand_sword/damage.msa	d:/ymir work/pc2/warrior/onehand_sword/damage.msa	1
pc2/ymir work/pc2/warrior/onehand_sword/damage_1.msa	d:/ymir work/pc2/warrior/onehand_sword/damage_1.msa	1
pc2/ymir work/pc2/warrior/onehand_sword/damage_2.msa	d:/ymir work/pc2/warrior/onehand_sword/damage_2.msa	1
pc2/ymir work/pc2/warrior/onehand_sword/damage_3.gr2	d:/ymir work/pc2/warrior/onehand_sword/damage_3.gr2	1
pc2/ymir work/pc2/warrior/onehand_sword/damage_3.msa	d:/ymir work/pc2/warrior/onehand_sword/damage_3.msa	1
pc2/ymir work/pc2/warrior/onehand_sword/pick_up.gr2	d:/ymir work/pc2/warrior/onehand_sword/pick_up.gr2	1
pc2/ymir work/pc2/warrior/onehand_sword/rampage_01.gr2	d:/ymir work/pc2/warrior/onehand_sword/rampage_01.gr2	1
pc2/ymir work/pc2/warrior/onehand_sword/rampage_01.msa	d:/ymir work/pc2/warrior/onehand_sword/rampage_01.msa	1
pc2/ymir work/pc2/warrior/onehand_sword/rampage_02.msa	d:/ymir work/pc2/warrior/onehand_sword/rampage_02.msa	1
pc2/ymir work/pc2/warrior/onehand_sword/rampage_03.gr2	d:/ymir work/pc2/warrior/onehand_sword/rampage_03.gr2	1
pc2/ymir work/pc2/warrior/onehand_sword/rampage_03.msa	d:/ymir work/pc2/warrior/onehand_sword/rampage_03.msa	1
pc2/ymir work/pc2/warrior/onehand_sword/run.gr2	d:/ymir work/pc2/warrior/onehand_sword/run.gr2	1
pc2/ymir work/pc2/warrior/onehand_sword/wait.gr2	d:/ymir work/pc2/warrior/onehand_sword/wait.gr2	1
pc2/ymir work/pc2/warrior/onehand_sword/wait.msa	d:/ymir work/pc2/warrior/onehand_sword/wait.msa	1
pc2/ymir work/pc2/warrior/skill/cheongeun.msa	d:/ymir work/pc2/warrior/skill/cheongeun.msa	1
pc2/ymir work/pc2/warrior/skill/cheongeun_4.msa	d:/ymir work/pc2/warrior/skill/cheongeun_4.msa	1
pc2/ymir work/pc2/warrior/skill/cheongeun_5.msa	d:/ymir work/pc2/warrior/skill/cheongeun_5.msa	1
pc2/ymir work/pc2/warrior/skill/daejin.msk	d:/ymir work/pc2/warrior/skill/daejin.msk	1
pc2/ymir work/pc2/warrior/skill/daejin_2.msa	d:/ymir work/pc2/warrior/skill/daejin_2.msa	1
pc2/ymir work/pc2/warrior/skill/geomgyeong.msa	d:/ymir work/pc2/warrior/skill/geomgyeong.msa	1
pc2/ymir work/pc2/warrior/skill/geomgyeong.msk	d:/ymir work/pc2/warrior/skill/geomgyeong.msk	1
pc2/ymir work/pc2/warrior/skill/geomgyeong_2.msa	d:/ymir work/pc2/warrior/skill/geomgyeong_2.msa	1
pc2/ymir work/pc2/warrior/skill/geomgyeong_4.msa	d:/ymir work/pc2/warrior/skill/geomgyeong_4.msa	1
pc2/ymir work/pc2/warrior/skill/jeonsingonggyeok.msk	d:/ymir work/pc2/warrior/skill/jeonsingonggyeok.msk	1
pc2/ymir work/pc2/warrior/skill/geompung.msa	d:/ymir work/pc2/warrior/skill/geompung.msa	1
pc2/ymir work/pc2/warrior/skill/geompung_3.msa	d:/ymir work/pc2/warrior/skill/geompung_3.msa	1
pc2/ymir work/pc2/warrior/skill/geompung_5.msa	d:/ymir work/pc2/warrior/skill/geompung_5.msa	1
pc2/ymir work/pc2/warrior/skill/gigongcham.msk	d:/ymir work/pc2/warrior/skill/gigongcham.msk	1
pc2/ymir work/pc2/warrior/skill/gigongcham_2.msa	d:/ymir work/pc2/warrior/skill/gigongcham_2.msa	1
pc2/ymir work/pc2/warrior/skill/gigongcham_3.msa	d:/ymir work/pc2/warrior/skill/gigongcham_3.msa	1
pc2/ymir work/pc2/warrior/skill/gigongcham_4.msa	d:/ymir work/pc2/warrior/skill/gigongcham_4.msa	1
pc2/ymir work/pc2/warrior/skill/gigongcham_5.msa	d:/ymir work/pc2/warrior/skill/gigongcham_5.msa	1
pc2/ymir work/pc2/warrior/skill/gigongsul.msk	d:/ymir work/pc2/warrior/skill/gigongsul.msk	1
pc2/ymir work/pc2/warrior/skill/gihyeol.gr2	d:/ymir work/pc2/warrior/skill/gihyeol.gr2	1
pc2/ymir work/pc2/warrior/skill/gihyeol_3.msa	d:/ymir work/pc2/warrior/skill/gihyeol_3.msa	1
pc2/ymir work/pc2/warrior/skill/gihyeol_5.msa	d:/ymir work/pc2/warrior/skill/gihyeol_5.msa	1
pc2/ymir work/pc2/warrior/skill/gitu.gr2	d:/ymir work/pc2/warrior/skill/gitu.gr2	1
pc2/ymir work/pc2/warrior/skill/gitu.msa	d:/ymir work/pc2/warrior/skill/gitu.msa	1
pc2/ymir work/pc2/warrior/skill/gitu.msk	d:/ymir work/pc2/warrior/skill/gitu.msk	1
pc2/ymir work/pc2/warrior/skill/guild_gasokhwa.msa	d:/ymir work/pc2/warrior/skill/guild_gasokhwa.msa	1
pc2/ymir work/pc2/warrior/skill/gyeoksan_4.msa	d:/ymir work/pc2/warrior/skill/gyeoksan_4.msa	1
pc2/ymir work/pc2/warrior/skill/gyeoksan_5.msa	d:/ymir work/pc2/warrior/skill/gyeoksan_5.msa	1
pc2/ymir work/pc2/warrior/skill/gyeoksan_double.msa	d:/ymir work/pc2/warrior/skill/gyeoksan_double.msa	1
pc2/ymir work/pc2/warrior/skill/gyeoksan_triple.msa	d:/ymir work/pc2/warrior/skill/gyeoksan_triple.msa	1
pc2/ymir work/pc2/warrior/skill/noegeom_3.msa	d:/ymir work/pc2/warrior/skill/noegeom_3.msa	1
pc2/ymir work/pc2/warrior/skill/jeongwi.msa	d:/ymir work/pc2/warrior/skill/jeongwi.msa	1
pc2/ymir work/pc2/warrior/skill/jeongwi.msk	d:/ymir work/pc2/warrior/skill/jeongwi.msk	1
pc2/ymir work/pc2/warrior/skill/jeongwi_4.msa	d:/ymir work/pc2/warrior/skill/jeongwi_4.msa	1
pc2/ymir work/pc2/warrior/skill/jipjung.gr2	d:/ymir work/pc2/warrior/skill/jipjung.gr2	1
pc2/ymir work/pc2/warrior/skill/jipjung.msa	d:/ymir work/pc2/warrior/skill/jipjung.msa	1
pc2/ymir work/pc2/warrior/skill/jipjung.msk	d:/ymir work/pc2/warrior/skill/jipjung.msk	1
pc2/ymir work/pc2/warrior/skill/noegeom.msk	d:/ymir work/pc2/warrior/skill/noegeom.msk	1
pc2/ymir work/pc2/warrior/skill/musa.msa	d:/ymir work/pc2/warrior/skill/musa.msa	1
pc2/ymir work/pc2/warrior/skill/musa.msk	d:/ymir work/pc2/warrior/skill/musa.msk	1
pc2/ymir work/pc2/warrior/skill/noegeom.gr2	d:/ymir work/pc2/warrior/skill/noegeom.gr2	1
pc2/ymir work/pc2/warrior/skill/noegeom.msa	d:/ymir work/pc2/warrior/skill/noegeom.msa	1
pc2/ymir work/pc2/warrior/skill/noegeom_2.msa	d:/ymir work/pc2/warrior/skill/noegeom_2.msa	1
pc2/ymir work/pc2/warrior/skill/samyeon.msk	d:/ymir work/pc2/warrior/skill/samyeon.msk	1
pc2/ymir work/pc2/warrior/skill/noegeom_4.msa	d:/ymir work/pc2/warrior/skill/noegeom_4.msa	1
pc2/ymir work/pc2/warrior/skill/noegeom_5.msa	d:/ymir work/pc2/warrior/skill/noegeom_5.msa	1
pc2/ymir work/pc2/warrior/skill/palbang.msa	d:/ymir work/pc2/warrior/skill/palbang.msa	1
pc2/ymir work/pc2/warrior/skill/palbang.msk	d:/ymir work/pc2/warrior/skill/palbang.msk	1
pc2/ymir work/pc2/warrior/skill/palbang_2.msa	d:/ymir work/pc2/warrior/skill/palbang_2.msa	1
pc2/ymir work/pc2/warrior/skill/palbang_3.msa	d:/ymir work/pc2/warrior/skill/palbang_3.msa	1
pc2/ymir work/pc2/warrior/skill/palbang_5.msa	d:/ymir work/pc2/warrior/skill/palbang_5.msa	1
pc2/ymir work/pc2/warrior/skill/samyeon.msa	d:/ymir work/pc2/warrior/skill/samyeon.msa	1
pc2/ymir work/pc2/warrior/skill/samyeon_2.msa	d:/ymir work/pc2/warrior/skill/samyeon_2.msa	1
pc2/ymir work/pc2/warrior/skill/samyeon_3.msa	d:/ymir work/pc2/warrior/skill/samyeon_3.msa	1
pc2/ymir work/pc2/warrior/skill/samyeon_4.msa	d:/ymir work/pc2/warrior/skill/samyeon_4.msa	1
pc2/ymir work/pc2/warrior/skill/tanhwan.msk	d:/ymir work/pc2/warrior/skill/tanhwan.msk	1
pc2/ymir work/pc2/warrior/skill/tanhwan_3.msa	d:/ymir work/pc2/warrior/skill/tanhwan_3.msa	1
pc2/ymir work/pc2/warrior/skill/tanhwan_5.msa	d:/ymir work/pc2/warrior/skill/tanhwan_5.msa	1
pc2/ymir work/pc2/warrior/skill/tongsol.msk	d:/ymir work/pc2/warrior/skill/tongsol.msk	1
pc2/ymir work/pc2/warrior/twohand_sword/combo_01.gr2	d:/ymir work/pc2/warrior/twohand_sword/combo_01.gr2	1
pc2/ymir work/pc2/warrior/twohand_sword/combo_02.msa	d:/ymir work/pc2/warrior/twohand_sword/combo_02.msa	1
pc2/ymir work/pc2/warrior/twohand_sword/combo_03.gr2	d:/ymir work/pc2/warrior/twohand_sword/combo_03.gr2	1
pc2/ymir work/pc2/warrior/twohand_sword/combo_03.msa	d:/ymir work/pc2/warrior/twohand_sword/combo_03.msa	1
pc2/ymir work/pc2/warrior/twohand_sword/combo_05.msa	d:/ymir work/pc2/warrior/twohand_sword/combo_05.msa	1
pc2/ymir work/pc2/warrior/twohand_sword/combo_06.msa	d:/ymir work/pc2/warrior/twohand_sword/combo_06.msa	1
pc2/ymir work/pc2/warrior/twohand_sword/damage_1.gr2	d:/ymir work/pc2/warrior/twohand_sword/damage_1.gr2	1
pc2/ymir work/pc2/warrior/twohand_sword/damage_2.gr2	d:/ymir work/pc2/warrior/twohand_sword/damage_2.gr2	1
pc2/ymir work/pc2/warrior/twohand_sword/pick_up.gr2	d:/ymir work/pc2/warrior/twohand_sword/pick_up.gr2	1
pc2/ymir work/pc2/warrior/twohand_sword/pick_up.msa	d:/ymir work/pc2/warrior/twohand_sword/pick_up.msa	1
pc2/ymir work/pc2/warrior/twohand_sword/rampage.gr2	d:/ymir work/pc2/warrior/twohand_sword/rampage.gr2	1
pc2/ymir work/pc2/warrior/twohand_sword/rampage_01.gr2	d:/ymir work/pc2/warrior/twohand_sword/rampage_01.gr2	1
pc2/ymir work/pc2/warrior/twohand_sword/rampage_01.msa	d:/ymir work/pc2/warrior/twohand_sword/rampage_01.msa	1
pc2/ymir work/pc2/warrior/twohand_sword/walk.msa	d:/ymir work/pc2/warrior/twohand_sword/walk.msa	1
pc2/ymir work/pc2/warrior/wedding/wait.gr2	d:/ymir work/pc2/warrior/wedding/wait.gr2	1
pc2/ymir work/pc2/warrior/wedding/wait.msa	d:/ymir work/pc2/warrior/wedding/wait.msa	1
