Property/property/a/01/a1s-002-inwall-01.prb	property/a/01/a1s-002-inwall-01.prb	1
Property/property/reserve	property/reserve	1
Property/property/b/07/ob-4-04-02.prb	property/b/07/ob-4-04-02.prb	1
Property/property/a/02/christmastree.spt.prt	property/a/02/christmastree.spt.prt	1
Property/property/b/10/ob-tower01_03.prb	property/b/10/ob-tower01_03.prb	1
Property/property/a/01/a1-middledam-04.prb	property/a/01/a1-middledam-04.prb	1
Property/property/devils_dragon_island/fortms_pier_pillar03.prb	property/devils_dragon_island/fortms_pier_pillar03.prb	1
Property/property/b/03/ob-7-01.prb	property/b/03/ob-7-01.prb	1
Property/property/a/01/a1-010-bank.prb	property/a/01/a1-010-bank.prb	1
Property/property/devils_dragon_island/camp/gaint_builda_06.prb	property/devils_dragon_island/camp/gaint_builda_06.prb	1
Property/property/a/01/a1-middledam-05.prb	property/a/01/a1-middledam-05.prb	1
Property/property/flame_dungeon/horn01.prb	property/flame_dungeon/horn01.prb	1
Property/property/n/obj/snow.m/ob-c-0013.prb	property/n/obj/snow.m/ob-c-0013.prb	1
Property/property/b/10/general_obj_stonedoor.prb	property/b/10/general_obj_stonedoor.prb	1
Property/property/a/01/a1-001-house3.prb	property/a/01/a1-001-house3.prb	1
Property/property/c/01/c1-034-stonedoor.prb	property/c/01/c1-034-stonedoor.prb	1
Property/property/b/02/ob-11-03-bonetunnel04_03.prb	property/b/02/ob-11-03-bonetunnel04_03.prb	1
Property/property/n/obj/snow.m/general_obj_bigtower06.prb	property/n/obj/snow.m/general_obj_bigtower06.prb	1
Property/property/n/obj/flame/general_obj_stoneimage03.gr2.prb	property/n/obj/flame/general_obj_stoneimage03.gr2.prb	1
Property/property/b/eff/metinstone_loop_3_whitered.mse.pre	property/b/eff/metinstone_loop_3_whitered.mse.pre	1
Property/property/a/01/a1-007-itemshop.prb	property/a/01/a1-007-itemshop.prb	1
Property/property/anglar_dungeon/anglar_cavegate1_door.prd	property/anglar_dungeon/anglar_cavegate1_door.prd	1
Property/property/a/01/a1-004-house2.prb	property/a/01/a1-004-house2.prb	1
Property/property/a/01/a1-middledam-06.prb	property/a/01/a1-middledam-06.prb	1
Property/property/a/01/a1-009-hotel.prb	property/a/01/a1-009-hotel.prb	1
Property/property/a/01/a1-034-stonedoor.prb	property/a/01/a1-034-stonedoor.prb	1
Property/property/b/10/general_obj_suspension bridge03.prb	property/b/10/general_obj_suspension bridge03.prb	1
Property/property/b/10/general_obj_itembox02.prb	property/b/10/general_obj_itembox02.prb	1
Property/property/anglar_dungeon/anglar_cavegate1.prd	property/anglar_dungeon/anglar_cavegate1.prd	1
Property/property/devils_dragon_island/camp/camp_redthief_gate_00.prb	property/devils_dragon_island/camp/camp_redthief_gate_00.prb	1
Property/property/n/milgyo/milgyo_building02.gr2.prb	property/n/milgyo/milgyo_building02.gr2.prb	1
Property/property/spider_dungeon/spider_dungeon_boss03.prd	property/spider_dungeon/spider_dungeon_boss03.prd	1
Property/property/a/01/a1-008-house5.prb	property/a/01/a1-008-house5.prb	1
Property/property/ghost/obj/general_obj_woodbed_01.prb	property/ghost/obj/general_obj_woodbed_01.prb	1
Property/property/a/01/a1-middledam-07.prb	property/a/01/a1-middledam-07.prb	1
Property/property/resources_picking/glitter_small.mse.pre	property/resources_picking/glitter_small.mse.pre	1
Property/property/a/01/a1-011-workhouse.prb	property/a/01/a1-011-workhouse.prb	1
Property/property/b/02/ob-11-03-bonetunnel02_13.prb	property/b/02/ob-11-03-bonetunnel02_13.prb	1
Property/property/b/10/landmark_grandstone01.prb	property/b/10/landmark_grandstone01.prb	1
Property/property/a/01/a1-013-6tower.prb	property/a/01/a1-013-6tower.prb	1
Property/property/devils_dragon_island/thing/cart_shopbox.prb	property/devils_dragon_island/thing/cart_shopbox.prb	1
Property/property/b/eff/volcano_greatsmoke.mse.pre	property/b/eff/volcano_greatsmoke.mse.pre	1
Property/property/b/10/general_obj_ferryboat03.prb	property/b/10/general_obj_ferryboat03.prb	1
Property/property/devils_dragon_island/thing/thing_cagobox00.prb	property/devils_dragon_island/thing/thing_cagobox00.prb	1
Property/property/a/01/a1-016-house9.prb	property/a/01/a1-016-house9.prb	1
Property/property/a/01/a1-022-10m-bridge.prb	property/a/01/a1-022-10m-bridge.prb	1
Property/property/b/eff/warpgate03.pre	property/b/eff/warpgate03.pre	1
Property/property/a/02/montereycypress4.prt	property/a/02/montereycypress4.prt	1
Property/property/c/01/c1-008-house5.prb	property/c/01/c1-008-house5.prb	1
Property/property/b/05/ob-12-03gate04.prb	property/b/05/ob-12-03gate04.prb	1
Property/property/ghost/obj/a1_018-stonelight-1_01.prb	property/ghost/obj/a1_018-stonelight-1_01.prb	1
Property/property/ghost/obj/general_obj_fence02_01.prb	property/ghost/obj/general_obj_fence02_01.prb	1
Property/property/a/01/a1-024-10m-bridge.prb	property/a/01/a1-024-10m-bridge.prb	1
Property/property/n/obj/snow.m/general_obj_watchtower02-01.prb	property/n/obj/snow.m/general_obj_watchtower02-01.prb	1
Property/property/b/eff/torch1.pre	property/b/eff/torch1.pre	1
Property/property/ghost/obj/general_obj_bigtower03_01.prb	property/ghost/obj/general_obj_bigtower03_01.prb	1
Property/property/b/12/sign.gr2.prb	property/b/12/sign.gr2.prb	1
Property/property/a/01/a1-032-shamanhouse.prb	property/a/01/a1-032-shamanhouse.prb	1
Property/property/b/10/general_obj_jar_yellow01.prb	property/b/10/general_obj_jar_yellow01.prb	1
Property/property/a/01/a1-033-guesthouse-01.prb	property/a/01/a1-033-guesthouse-01.prb	1
Property/property/a/01/a1-033-guesthouse-02.prb	property/a/01/a1-033-guesthouse-02.prb	1
Property/property/b/05/ob-12-03.prb	property/b/05/ob-12-03.prb	1
Property/property/b/10/general_obj_watchtower01.prb	property/b/10/general_obj_watchtower01.prb	1
Property/property/devils_dragon_island/dawnmist_wallpillar00.prb	property/devils_dragon_island/dawnmist_wallpillar00.prb	1
Property/property/n/obj/map_n_desert_01/general_obj_tent02.gr2.prb	property/n/obj/map_n_desert_01/general_obj_tent02.gr2.prb	1
Property/property/b/05/ob-12-03gate02.prb	property/b/05/ob-12-03gate02.prb	1
Property/property/a/02/montereycypress3.prt	property/a/02/montereycypress3.prt	1
Property/property/n/obj/map_n_desert_01/desert_brazier.prb	property/n/obj/map_n_desert_01/desert_brazier.prb	1
Property/property/b/10/general_obj_watermill.prb	property/b/10/general_obj_watermill.prb	1
Property/property/devils_dragon_island/triton_tent_02.prb	property/devils_dragon_island/triton_tent_02.prb	1
Property/property/b/10/b_general_obj_33.prb	property/b/10/b_general_obj_33.prb	1
Property/property/a/01/a1-035-woodgate.prb	property/a/01/a1-035-woodgate.prb	1
Property/property/b/10/general_obj_woodbox.prb	property/b/10/general_obj_woodbox.prb	1
Property/property/a/01/a1-037-tower.prb	property/a/01/a1-037-tower.prb	1
Property/property/devils_dragon_island/thing/cart_shopbox00.prb	property/devils_dragon_island/thing/cart_shopbox00.prb	1
Property/property/devils_dragon_island/fortms_pier_pillar02.prb	property/devils_dragon_island/fortms_pier_pillar02.prb	1
Property/property/monkey_dungeon/monkey_dungeon_cave02.prd	property/monkey_dungeon/monkey_dungeon_cave02.prd	1
Property/property/b/10/b-general_external03.prb	property/b/10/b-general_external03.prb	1
Property/property/flame_dungeon/flame_bossroom.prd	property/flame_dungeon/flame_bossroom.prd	1
Property/property/anglar_dungeon/anglar_stonecave2.prd	property/anglar_dungeon/anglar_stonecave2.prd	1
Property/property/n/obj/snow.m/general_obj_stone05.prb	property/n/obj/snow.m/general_obj_stone05.prb	1
Property/property/b/eff/waterwheel_big.mse.pre	property/b/eff/waterwheel_big.mse.pre	1
Property/property/ghost/obj/ob-b1-001-box03_01.prb	property/ghost/obj/ob-b1-001-box03_01.prb	1
Property/property/n/obj/snow.m/snow-033-guesthouse-01.prb	property/n/obj/snow.m/snow-033-guesthouse-01.prb	1
Property/property/b/02/ob-11-03-bonetunnel02_15.prb	property/b/02/ob-11-03-bonetunnel02_15.prb	1
Property/property/devils_dragon_island/thing/bone/bone_whale_piece_rib02.prb	property/devils_dragon_island/thing/bone/bone_whale_piece_rib02.prb	1
Property/property/a/01/a1-middledam-02.prb	property/a/01/a1-middledam-02.prb	1
Property/property/n/obj/snow.m/snow-bigdam-03.prb	property/n/obj/snow.m/snow-bigdam-03.prb	1
Property/property/a/01/a1-038-wall-corner.prb	property/a/01/a1-038-wall-corner.prb	1
Property/property/n/obj/snow.m/ob-7-01.prb	property/n/obj/snow.m/ob-7-01.prb	1
Property/property/b/05/ob-12-02.prb	property/b/05/ob-12-02.prb	1
Property/property/anglar_dungeon/anglar_stonecave1.prd	property/anglar_dungeon/anglar_stonecave1.prd	1
Property/property/b/10/general_obj_stoneimage01.prb	property/b/10/general_obj_stoneimage01.prb	1
Property/property/anglar_dungeon/anglar_cave5.prd	property/anglar_dungeon/anglar_cave5.prd	1
Property/property/n/obj/snow.m/general_obj_bigtower05.prb	property/n/obj/snow.m/general_obj_bigtower05.prb	1
Property/property/a/01/a1-038-wall-door.prb	property/a/01/a1-038-wall-door.prb	1
Property/property/thief_dungeon/a_new/a2_building.prb	property/thief_dungeon/a_new/a2_building.prb	1
Property/property/b/02/ob-11-03-bonetunnel04_04.prb	property/b/02/ob-11-03-bonetunnel04_04.prb	1
Property/property/guild_construction/temple_of_hotblood.gr2.prb	property/guild_construction/temple_of_hotblood.gr2.prb	1
Property/property/a/01/a1-middledam-03.prb	property/a/01/a1-middledam-03.prb	1
Property/property/a/01/a1-038-wall-lin.prb	property/a/01/a1-038-wall-lin.prb	1
Property/property/devil_underground/devil_entrance.prb	property/devil_underground/devil_entrance.prb	1
Property/property/anglar_dungeon/anglar_stonecave3.prd	property/anglar_dungeon/anglar_stonecave3.prd	1
Property/property/devils_dragon_island/thing/bone/bone_turtle_shell00.prb	property/devils_dragon_island/thing/bone/bone_turtle_shell00.prb	1
Property/property/n/obj/map_n_desert_01/desert-006-castle.prb	property/n/obj/map_n_desert_01/desert-006-castle.prb	1
Property/property/b/02/ob-11-03-bonetunnel04_05.prb	property/b/02/ob-11-03-bonetunnel04_05.prb	1
Property/property/a/01/a1-038-wall-lin2.prb	property/a/01/a1-038-wall-lin2.prb	1
Property/property/b/10/ob-033-guesthouse-02.prb	property/b/10/ob-033-guesthouse-02.prb	1
Property/property/anglar_dungeon/anglar_boss1.prd	property/anglar_dungeon/anglar_boss1.prd	1
Property/property/a/01/a1-middledam-01.prb	property/a/01/a1-middledam-01.prb	1
Property/property/b/13/general_obj_stone01.prb	property/b/13/general_obj_stone01.prb	1
Property/property/devils_dragon_island/camp/camp_woodhut_break00.prb	property/devils_dragon_island/camp/camp_woodhut_break00.prb	1
Property/property/a/01/a1_018-stonelight-1.prb	property/a/01/a1_018-stonelight-1.prb	1
Property/property/n/obj/snow.m/general_obj_watchtower03.prb	property/n/obj/snow.m/general_obj_watchtower03.prb	1
Property/property/b/02/02_1/redoak3.prt	property/b/02/02_1/redoak3.prt	1
Property/property/n/obj/map_n_desert_01/general_obj_fence01.gr2.prb	property/n/obj/map_n_desert_01/general_obj_fence01.gr2.prb	1
Property/property/a/01/a1_018-stonelight.prb	property/a/01/a1_018-stonelight.prb	1
Property/property/b/10/ob-bigstatue03.prb	property/b/10/ob-bigstatue03.prb	1
Property/property/a/01/a1s-002-inwall-02.prb	property/a/01/a1s-002-inwall-02.prb	1
Property/property/n/obj/map_n_desert_01/desert-bigstone02.prb	property/n/obj/map_n_desert_01/desert-bigstone02.prb	1
Property/property/b/03/03_1/beech3.prt	property/b/03/03_1/beech3.prt	1
Property/property/c/01/c1-013-6tower.prb	property/c/01/c1-013-6tower.prb	1
Property/property/a/02/baobab.prt	property/a/02/baobab.prt	1
Property/property/monkey_dungeon/monkey02_dungeon01.prd	property/monkey_dungeon/monkey02_dungeon01.prd	1
Property/property/b/01/b1-011-workhouse.prb	property/b/01/b1-011-workhouse.prb	1
Property/property/a/02/baobab2.prt	property/a/02/baobab2.prt	1
Property/property/b/13/general_obj_stone12.prb	property/b/13/general_obj_stone12.prb	1
Property/property/devils_dragon_island/camp/camp_manticore_00.prb	property/devils_dragon_island/camp/camp_manticore_00.prb	1
Property/property/anglar_dungeon/anglar_cave3.prd	property/anglar_dungeon/anglar_cave3.prd	1
Property/property/b/01/b1-013-6tower.prb	property/b/01/b1-013-6tower.prb	1
Property/property/devils_dragon_island/triton_tent_03.prb	property/devils_dragon_island/triton_tent_03.prb	1
Property/property/thief_dungeon/haven_dungeon/skipia_passp.prd	property/thief_dungeon/haven_dungeon/skipia_passp.prd	1
Property/property/a/02/pagoda1.prt	property/a/02/pagoda1.prt	1
Property/property/b/10/general_obj_lamp.prb	property/b/10/general_obj_lamp.prb	1
Property/property/a/02/montereycypress2.prt	property/a/02/montereycypress2.prt	1
Property/property/a/02/beech1.prt	property/a/02/beech1.prt	1
Property/property/b/eff/volcano_bigsmoke.mse.pre	property/b/eff/volcano_bigsmoke.mse.pre	1
Property/property/a/02/beech2.prt	property/a/02/beech2.prt	1
Property/property/ghost/obj/b_general_obj_22.prb	property/ghost/obj/b_general_obj_22.prb	1
Property/property/b/02/ob-11-03-bonetunnel02_06.prb	property/b/02/ob-11-03-bonetunnel02_06.prb	1
Property/property/a/02/beech3.prt	property/a/02/beech3.prt	1
Property/property/devils_dragon_island/dawnmist_stonetotem.prb	property/devils_dragon_island/dawnmist_stonetotem.prb	1
Property/property/b/eff/fire_general_obj_campfire.mse.pre	property/b/eff/fire_general_obj_campfire.mse.pre	1
Property/property/b/10/general_obj_jar_blue01.prb	property/b/10/general_obj_jar_blue01.prb	1
Property/property/a/02/beech4.prt	property/a/02/beech4.prt	1
Property/property/b/10/ob-032-shamanhouse.prb	property/b/10/ob-032-shamanhouse.prb	1
Property/property/b/10/b_general_obj_06.prb	property/b/10/b_general_obj_06.prb	1
Property/property/anglar_dungeon/anglar_cave1.prd	property/anglar_dungeon/anglar_cave1.prd	1
Property/property/a/02/montereycypress1.prt	property/a/02/montereycypress1.prt	1
Property/property/a/02/montereycypress5.prt	property/a/02/montereycypress5.prt	1
Property/property/b/03/03_1/beech_fall2.prt	property/b/03/03_1/beech_fall2.prt	1
Property/property/anglar_dungeon/anglar_stonecave4.prd	property/anglar_dungeon/anglar_stonecave4.prd	1
Property/property/a/02/sassafras_fall2.prt	property/a/02/sassafras_fall2.prt	1
Property/property/a/02/pagoda2.prt	property/a/02/pagoda2.prt	1
Property/property/n/obj/map_n_desert_01/b_general_obj_15.gr2.prb	property/n/obj/map_n_desert_01/b_general_obj_15.gr2.prb	1
Property/property/n/nersluck/tent_small.prb	property/n/nersluck/tent_small.prb	1
Property/property/b/10/ob-b1-001-box03.prb	property/b/10/ob-b1-001-box03.prb	1
Property/property/a/02/pagoda3.prt	property/a/02/pagoda3.prt	1
Property/property/a/02/sassafras_fall1.prt	property/a/02/sassafras_fall1.prt	1
Property/property/anglar_dungeon/anglar_boss2.prd	property/anglar_dungeon/anglar_boss2.prd	1
Property/property/b/10/ob-013-tower01.prb	property/b/10/ob-013-tower01.prb	1
Property/property/b/02/ob-11-01-skeletontower.prb	property/b/02/ob-11-01-skeletontower.prb	1
Property/property/n/obj/snow.m/nsm-004-house2.prb	property/n/obj/snow.m/nsm-004-house2.prb	1
Property/property/b/03/03_1/umbrellathorn2.prt	property/b/03/03_1/umbrellathorn2.prt	1
Property/property/resources_picking/mushroom03.gr2.prd	property/resources_picking/mushroom03.gr2.prd	1
Property/property/n/obj/snow.m/snow-middledam-02.prb	property/n/obj/snow.m/snow-middledam-02.prb	1
Property/property/anglar_dungeon/anglar_cave2.prd	property/anglar_dungeon/anglar_cave2.prd	1
Property/property/anglar_dungeon/anglar_cave4.prd	property/anglar_dungeon/anglar_cave4.prd	1
Property/property/b/10/b_general_obj_05_1.prb	property/b/10/b_general_obj_05_1.prb	1
Property/property/b/12/b-general_external01.prb	property/b/12/b-general_external01.prb	1
Property/property/devils_dragon_island/thing/thing_hake_01.prb	property/devils_dragon_island/thing/thing_hake_01.prb	1
Property/property/anglar_dungeon/anglar_cavegate2.prd	property/anglar_dungeon/anglar_cavegate2.prd	1
Property/property/n/obj/map_n_desert_01/general_obj_jar_blue01.gr2.prb	property/n/obj/map_n_desert_01/general_obj_jar_blue01.gr2.prb	1
Property/property/b/03/ob-7-02-02.prb	property/b/03/ob-7-02-02.prb	1
Property/property/flame_dungeon/rock_pillar_00.prb	property/flame_dungeon/rock_pillar_00.prb	1
Property/property/anglar_dungeon/anglar_stonegate1.prd	property/anglar_dungeon/anglar_stonegate1.prd	1
Property/property/c/01/c1-038-wall-door.prb	property/c/01/c1-038-wall-door.prb	1
Property/property/anglar_dungeon/anglar_stonegate2.prd	property/anglar_dungeon/anglar_stonegate2.prd	1
Property/property/anglar_dungeon/anglar_stonegate2_door.prd	property/anglar_dungeon/anglar_stonegate2_door.prd	1
Property/property/devils_dragon_island/thing/ships_broken_piece03.prb	property/devils_dragon_island/thing/ships_broken_piece03.prb	1
Property/property/b/01/b1s-002-inwall-02.prb	property/b/01/b1s-002-inwall-02.prb	1
Property/property/thief_dungeon/haven_dungeon/skipia_boss2.prd	property/thief_dungeon/haven_dungeon/skipia_boss2.prd	1
Property/property/anglar_dungeon/anglar_stonegate3.prd	property/anglar_dungeon/anglar_stonegate3.prd	1
Property/property/b/01/b1-001-house3.prb	property/b/01/b1-001-house3.prb	1
Property/property/n/obj/map_n_desert_01/01_1/cinnamonfern_rt_01.prt	property/n/obj/map_n_desert_01/01_1/cinnamonfern_rt_01.prt	1
Property/property/b/10/b_general_obj_15.prb	property/b/10/b_general_obj_15.prb	1
Property/property/b/10/b_general_obj_25.prb	property/b/10/b_general_obj_25.prb	1
Property/property/b/01/b1-004-house2.prb	property/b/01/b1-004-house2.prb	1
Property/property/b/10/obj-0002.prb	property/b/10/obj-0002.prb	1
Property/property/b/01/b1-006-castle.prb	property/b/01/b1-006-castle.prb	1
Property/property/b/eff/tent_01_lamp.pre	property/b/eff/tent_01_lamp.pre	1
Property/property/b/12/hay_02.gr2.prb	property/b/12/hay_02.gr2.prb	1
Property/property/n/obj/map_n_desert_01/desert-033-guesthouse-01.prb	property/n/obj/map_n_desert_01/desert-033-guesthouse-01.prb	1
Property/property/b/01/b1-007-itemshop.prb	property/b/01/b1-007-itemshop.prb	1
Property/property/spider_dungeon/spider_dungeon06.gr2.prd	property/spider_dungeon/spider_dungeon06.gr2.prd	1
Property/property/b/01/b1-008-house5.prb	property/b/01/b1-008-house5.prb	1
Property/property/devil_underground/devil_entrance_pilla.prb	property/devil_underground/devil_entrance_pilla.prb	1
Property/property/b/01/b1-009-hotel.prb	property/b/01/b1-009-hotel.prb	1
Property/property/b/07/b1-middledam_00.gr2.prb	property/b/07/b1-middledam_00.gr2.prb	1
Property/property/b/01/b1-010-bank.prb	property/b/01/b1-010-bank.prb	1
Property/property/devils_dragon_island/dawnmist_statue.prb	property/devils_dragon_island/dawnmist_statue.prb	1
Property/property/n/obj/snow.m/snow_building04.prb	property/n/obj/snow.m/snow_building04.prb	1
Property/property/b/02/ob-11-03-bonetunnel05.prb	property/b/02/ob-11-03-bonetunnel05.prb	1
Property/property/b/01/b1-016-house9.prb	property/b/01/b1-016-house9.prb	1
Property/property/devils_dragon_island/fortms_build_smithy.prb	property/devils_dragon_island/fortms_build_smithy.prb	1
Property/property/b/10/general_obj_drum.prb	property/b/10/general_obj_drum.prb	1
Property/property/b/01/b1-022-10m-bridge.prb	property/b/01/b1-022-10m-bridge.prb	1
Property/property/n/obj/snow.m/general_obj_fence01.prb	property/n/obj/snow.m/general_obj_fence01.prb	1
Property/property/b/01/b1-024-10m-bridge.prb	property/b/01/b1-024-10m-bridge.prb	1
Property/property/b/eff/warpgate03_1.pre	property/b/eff/warpgate03_1.pre	1
Property/property/b/eff/fire_ob-12-03gate06.mse.pre	property/b/eff/fire_ob-12-03gate06.mse.pre	1
Property/property/b/10/general_obj_suspension bridge02.prb	property/b/10/general_obj_suspension bridge02.prb	1
Property/property/b/01/b1-031-tower.prb	property/b/01/b1-031-tower.prb	1
Property/property/b/10/b_general_obj_29.prb	property/b/10/b_general_obj_29.prb	1
Property/property/deviltower/deviltowergate.gr2.prb	property/deviltower/deviltowergate.gr2.prb	1
Property/property/b/13/general_obj_stone14.prb	property/b/13/general_obj_stone14.prb	1
Property/property/b/01/b1-033-guesthouse-01.prb	property/b/01/b1-033-guesthouse-01.prb	1
Property/property/b/10/ob-bigstone01.prb	property/b/10/ob-bigstone01.prb	1
Property/property/b/01/b1-033-guesthouse-02.prb	property/b/01/b1-033-guesthouse-02.prb	1
Property/property/monkey_dungeon/monkey03_dungeon_cave03.prd	property/monkey_dungeon/monkey03_dungeon_cave03.prd	1
Property/property/b/13/general_obj_bigstone05.prb	property/b/13/general_obj_bigstone05.prb	1
Property/property/b/01/b1-034-stonedoor.prb	property/b/01/b1-034-stonedoor.prb	1
Property/property/b/02/ob-10-02-wall-corner.prb	property/b/02/ob-10-02-wall-corner.prb	1
Property/property/b/02/ob-10-03-house01.prb	property/b/02/ob-10-03-house01.prb	1
Property/property/b/01/b1-035-woodgate.prb	property/b/01/b1-035-woodgate.prb	1
Property/property/devils_dragon_island/thing/obj_mtthund_thorn02.prb	property/devils_dragon_island/thing/obj_mtthund_thorn02.prb	1
Property/property/b/ambience/warp.pra	property/b/ambience/warp.pra	1
Property/property/b/01/b1-037-tower.prb	property/b/01/b1-037-tower.prb	1
Property/property/b/eff/blackblue_loop.pre	property/b/eff/blackblue_loop.pre	1
Property/property/b/eff/metinstone_loop_4_aqua.mse.pre	property/b/eff/metinstone_loop_4_aqua.mse.pre	1
Property/property/b/01/b1-038-wall-corner.prb	property/b/01/b1-038-wall-corner.prb	1
Property/property/n/obj/flame/general_obj_bigtower03.gr2.prb	property/n/obj/flame/general_obj_bigtower03.gr2.prb	1
Property/property/ghost/obj/general_obj_fence02_01_01.prb	property/ghost/obj/general_obj_fence02_01_01.prb	1
Property/property/b/eff/tent_ss_lamp.pre	property/b/eff/tent_ss_lamp.pre	1
Property/property/b/13/general_obj_bigstone02.prb	property/b/13/general_obj_bigstone02.prb	1
Property/property/b/01/b1-038-wall-door.prb	property/b/01/b1-038-wall-door.prb	1
Property/property/b/02/ob-10-04-house02.prb	property/b/02/ob-10-04-house02.prb	1
Property/property/b/01/b1-038-wall-lin.prb	property/b/01/b1-038-wall-lin.prb	1
Property/property/flame_dungeon/cliff_wall_pillar.prb	property/flame_dungeon/cliff_wall_pillar.prb	1
Property/property/c/01/c1-031-tower.prb	property/c/01/c1-031-tower.prb	1
Property/property/b/01/b1-038-wall-lin2.prb	property/b/01/b1-038-wall-lin2.prb	1
Property/property/b/01/b1-bigdam-01.prb	property/b/01/b1-bigdam-01.prb	1
Property/property/b/01/b1-bigdam-02.prb	property/b/01/b1-bigdam-02.prb	1
Property/property/b/eff/warpgate01.pre	property/b/eff/warpgate01.pre	1
Property/property/b/eff/volcano_biglongsmoke.mse.pre	property/b/eff/volcano_biglongsmoke.mse.pre	1
Property/property/b/01/b1-bigdam-03.prb	property/b/01/b1-bigdam-03.prb	1
Property/property/b/01/b1-bigdam-04.prb	property/b/01/b1-bigdam-04.prb	1
Property/property/devils_dragon_island/fortms_pier_pillar00.prb	property/devils_dragon_island/fortms_pier_pillar00.prb	1
Property/property/b/10/b_general_obj_26.prb	property/b/10/b_general_obj_26.prb	1
Property/property/b/01/b1-bigdam-05.prb	property/b/01/b1-bigdam-05.prb	1
Property/property/b/01/b1-bigdam-06.prb	property/b/01/b1-bigdam-06.prb	1
Property/property/flame_dungeon/rock_pillar_01.prb	property/flame_dungeon/rock_pillar_01.prb	1
Property/property/b/12/grass01.prb	property/b/12/grass01.prb	1
Property/property/n/obj/snow.m/general_obj_bigstonegate02.prb	property/n/obj/snow.m/general_obj_bigstonegate02.prb	1
Property/property/b/01/b1-middledam-01.prb	property/b/01/b1-middledam-01.prb	1
Property/property/b/eff/fire_ob-11-02-stonelight02.pre	property/b/eff/fire_ob-11-02-stonelight02.pre	1
Property/property/b/01/b1-middledam-02.prb	property/b/01/b1-middledam-02.prb	1
Property/property/ghost/obj/general_obj_bigtower01_01.prb	property/ghost/obj/general_obj_bigtower01_01.prb	1
Property/property/n/obj/map_n_desert_01/general_obj_jar_blue02.gr2.prb	property/n/obj/map_n_desert_01/general_obj_jar_blue02.gr2.prb	1
Property/property/b/13/general_obj_stone06.prb	property/b/13/general_obj_stone06.prb	1
Property/property/b/01/b1-middledam-03.prb	property/b/01/b1-middledam-03.prb	1
Property/property/b/10/b_general_obj_16.prb	property/b/10/b_general_obj_16.prb	1
Property/property/b/02/ob-10-02-wall-door.prb	property/b/02/ob-10-02-wall-door.prb	1
Property/property/monkey_dungeon/monkey03_dungeon_cave01.prd	property/monkey_dungeon/monkey03_dungeon_cave01.prd	1
Property/property/thief_dungeon/haven_dungeon/eff/big_resorce01.pre	property/thief_dungeon/haven_dungeon/eff/big_resorce01.pre	1
Property/property/b/01/b1-middledam-04.prb	property/b/01/b1-middledam-04.prb	1
Property/property/devils_dragon_island/fortms_light.prb	property/devils_dragon_island/fortms_light.prb	1
Property/property/devils_dragon_island/thing/ships_broken_piece01.prb	property/devils_dragon_island/thing/ships_broken_piece01.prb	1
Property/property/b/10/ob-035-woodgate.prb	property/b/10/ob-035-woodgate.prb	1
Property/property/b/01/obj-0001.prb	property/b/01/obj-0001.prb	1
Property/property/b/01/b1-middledam-05.prb	property/b/01/b1-middledam-05.prb	1
Property/property/b/01/b1-middledam-06.prb	property/b/01/b1-middledam-06.prb	1
Property/property/n/obj/map_n_desert_01/b_general_obj_18.gr2.prb	property/n/obj/map_n_desert_01/b_general_obj_18.gr2.prb	1
Property/property/b/01/b1-middledam-07.prb	property/b/01/b1-middledam-07.prb	1
Property/property/b/01/b1_018-stonelight-1.prb	property/b/01/b1_018-stonelight-1.prb	1
Property/property/b/13/general_obj_bigstone03.prb	property/b/13/general_obj_bigstone03.prb	1
Property/property/b/01/b1_018-stonelight.prb	property/b/01/b1_018-stonelight.prb	1
Property/property/devils_dragon_island/thing/thing_barricade_cross00.prb	property/devils_dragon_island/thing/thing_barricade_cross00.prb	1
Property/property/b/10/general_obj_fence04.prb	property/b/10/general_obj_fence04.prb	1
Property/property/n/nersluck/tent_01_lamp02.prb	property/n/nersluck/tent_01_lamp02.prb	1
Property/property/b/01/ob-b1-013-lamp02.prb	property/b/01/ob-b1-013-lamp02.prb	1
Property/property/b/13/general_obj_stone04.prb	property/b/13/general_obj_stone04.prb	1
Property/property/b/01/obj-0011.prb	property/b/01/obj-0011.prb	1
Property/property/flame_dungeon/cliff_side.prb	property/flame_dungeon/cliff_side.prb	1
Property/property/b/02/ob-10-05-house03.prb	property/b/02/ob-10-05-house03.prb	1
Property/property/b/10/b_general_obj_20.prb	property/b/10/b_general_obj_20.prb	1
Property/property/n/milgyo/milgyo_4fbuilding.gr2.prb	property/n/milgyo/milgyo_4fbuilding.gr2.prb	1
Property/property/b/02/ob-10-01.prb	property/b/02/ob-10-01.prb	1
Property/property/b/02/ob-10-02-wall-lin.prb	property/b/02/ob-10-02-wall-lin.prb	1
Property/property/guild_construction/insidepass01.prd	property/guild_construction/insidepass01.prd	1
Property/property/n/obj/flame/general_obj_bigtower09.gr2.prb	property/n/obj/flame/general_obj_bigtower09.gr2.prb	1
Property/property/b/02/ob-10-02-wall-lin2.prb	property/b/02/ob-10-02-wall-lin2.prb	1
Property/property/ghost/obj/general_obj_bigtower06_01.prb	property/ghost/obj/general_obj_bigtower06_01.prb	1
Property/property/b/02/ob-11-01-skeletontower01.prb	property/b/02/ob-11-01-skeletontower01.prb	1
Property/property/devils_dragon_island/thing/bone/bone_whale_lump01.prb	property/devils_dragon_island/thing/bone/bone_whale_lump01.prb	1
Property/property/b/10/general_obj_bottle.prb	property/b/10/general_obj_bottle.prb	1
Property/property/b/02/ob-11-01-skeletontower02.prb	property/b/02/ob-11-01-skeletontower02.prb	1
Property/property/devils_dragon_island/thunder_ruins_wall02.prb	property/devils_dragon_island/thunder_ruins_wall02.prb	1
Property/property/b/02/ob-11-01-skeletontower03.prb	property/b/02/ob-11-01-skeletontower03.prb	1
Property/property/b/02/ob-11-01-skeletontower04.prb	property/b/02/ob-11-01-skeletontower04.prb	1
Property/property/n/desert/cactus_02.prb	property/n/desert/cactus_02.prb	1
Property/property/ghost/obj/ob-b1-006-woodbarrel_01.prb	property/ghost/obj/ob-b1-006-woodbarrel_01.prb	1
Property/property/b/02/ob-11-01-skeletontower05.prb	property/b/02/ob-11-01-skeletontower05.prb	1
Property/property/b/09/ob-5-03-1thiefden.prb	property/b/09/ob-5-03-1thiefden.prb	1
Property/property/b/02/ob-11-01-skeletontower06.prb	property/b/02/ob-11-01-skeletontower06.prb	1
Property/property/devils_dragon_island/camp/camp_redthief_fence_01.prb	property/devils_dragon_island/camp/camp_redthief_fence_01.prb	1
Property/property/devils_dragon_island/camp/camp_woodhut_02.prb	property/devils_dragon_island/camp/camp_woodhut_02.prb	1
Property/property/b/02/ob-11-01-skeletontowerstair01.prb	property/b/02/ob-11-01-skeletontowerstair01.prb	1
Property/property/b/02/ob-11-01-skeletontowerstair02.prb	property/b/02/ob-11-01-skeletontowerstair02.prb	1
Property/property/b/eff/metinstone_loop_2.mse.pre	property/b/eff/metinstone_loop_2.mse.pre	1
Property/property/b/02/ob-11-01-skeletonwall01.prb	property/b/02/ob-11-01-skeletonwall01.prb	1
Property/property/b/10/general_obj_breakenbox02.prb	property/b/10/general_obj_breakenbox02.prb	1
Property/property/b/02/ob-11-01-skeletonwall02.prb	property/b/02/ob-11-01-skeletonwall02.prb	1
Property/property/guild_construction/inside01.prd	property/guild_construction/inside01.prd	1
Property/property/b/02/02_1/ivyspy4.prt	property/b/02/02_1/ivyspy4.prt	1
Property/property/b/02/ob-11-02-stonelight01.prb	property/b/02/ob-11-02-stonelight01.prb	1
Property/property/b/02/ob-11-02-stonelight02.prb	property/b/02/ob-11-02-stonelight02.prb	1
Property/property/n/obj/map_n_desert_01/desert_woodfence03.prb	property/n/obj/map_n_desert_01/desert_woodfence03.prb	1
Property/property/b/10/ob-b1-001-box02.prb	property/b/10/ob-b1-001-box02.prb	1
Property/property/b/02/ob-11-02-stonelight03.prb	property/b/02/ob-11-02-stonelight03.prb	1
Property/property/devils_dragon_island/camp/gaint_gate_01.prb	property/devils_dragon_island/camp/gaint_gate_01.prb	1
Property/property/n/obj/snow.m/general_obj_stone01.prb	property/n/obj/snow.m/general_obj_stone01.prb	1
Property/property/b/02/ob-11-03-bonetunnel01.prb	property/b/02/ob-11-03-bonetunnel01.prb	1
Property/property/devils_dragon_island/thunder_ruins_gate00.prb	property/devils_dragon_island/thunder_ruins_gate00.prb	1
Property/property/devils_dragon_island/thing/cart_shopbox01.prb	property/devils_dragon_island/thing/cart_shopbox01.prb	1
Property/property/b/13/general_obj_bigstone08.prb	property/b/13/general_obj_bigstone08.prb	1
Property/property/b/10/sign.gr2.prb	property/b/10/sign.gr2.prb	1
Property/property/b/02/ob-11-03-bonetunnel02.prb	property/b/02/ob-11-03-bonetunnel02.prb	1
Property/property/n/obj/snow.m/general_obj_tent01.prb	property/n/obj/snow.m/general_obj_tent01.prb	1
Property/property/b/02/ob-11-03-bonetunnel02_01.prb	property/b/02/ob-11-03-bonetunnel02_01.prb	1
Property/property/b/10/ob-tower01_04.prb	property/b/10/ob-tower01_04.prb	1
Property/property/devils_dragon_island/camp/camp_redthief_build_03.prb	property/devils_dragon_island/camp/camp_redthief_build_03.prb	1
Property/property/b/02/ob-11-03-bonetunnel02_02.prb	property/b/02/ob-11-03-bonetunnel02_02.prb	1
Property/property/b/02/ob-11-03-bonetunnel02_03.prb	property/b/02/ob-11-03-bonetunnel02_03.prb	1
Property/property/flame_dungeon/steel_bridge_body_up.prb	property/flame_dungeon/steel_bridge_body_up.prb	1
Property/property/n/obj/snow.m/snow-bigdam-06.prb	property/n/obj/snow.m/snow-bigdam-06.prb	1
Property/property/b/02/ob-11-03-bonetunnel02_04.prb	property/b/02/ob-11-03-bonetunnel02_04.prb	1
Property/property/b/02/ob-11-03-bonetunnel02_05.prb	property/b/02/ob-11-03-bonetunnel02_05.prb	1
Property/property/b/02/ob-11-03-bonetunnel02_07.prb	property/b/02/ob-11-03-bonetunnel02_07.prb	1
Property/property/b/02/ob-11-03-bonetunnel02_08.prb	property/b/02/ob-11-03-bonetunnel02_08.prb	1
Property/property/n/obj/snow.m/general_obj_fence02.prb	property/n/obj/snow.m/general_obj_fence02.prb	1
Property/property/b/02/ob-11-03-bonetunnel02_09.prb	property/b/02/ob-11-03-bonetunnel02_09.prb	1
Property/property/b/10/general_obj_fence03.prb	property/b/10/general_obj_fence03.prb	1
Property/property/flame_dungeon/rock_pillar_02.prb	property/flame_dungeon/rock_pillar_02.prb	1
Property/property/b/03/ob-7-12-building02.prb	property/b/03/ob-7-12-building02.prb	1
Property/property/b/02/ob-11-03-bonetunnel02_10.prb	property/b/02/ob-11-03-bonetunnel02_10.prb	1
Property/property/n/nersluck/corpse_023.prb	property/n/nersluck/corpse_023.prb	1
Property/property/b/02/ob-11-03-bonetunnel02_11.prb	property/b/02/ob-11-03-bonetunnel02_11.prb	1
Property/property/ghost/c1-035-woodgate_01.prb	property/ghost/c1-035-woodgate_01.prb	1
Property/property/b/13/general_obj_stone11.prb	property/b/13/general_obj_stone11.prb	1
Property/property/b/02/ob-11-03-bonetunnel02_12.prb	property/b/02/ob-11-03-bonetunnel02_12.prb	1
Property/property/b/02/ob-11-03-bonetunnel02_14.prb	property/b/02/ob-11-03-bonetunnel02_14.prb	1
Property/property/c/01/c1-032-shamanhouse.prb	property/c/01/c1-032-shamanhouse.prb	1
Property/property/devils_dragon_island/camp/gaint_buildb_03.prb	property/devils_dragon_island/camp/gaint_buildb_03.prb	1
Property/property/b/02/ob-11-03-bonetunnel04.prb	property/b/02/ob-11-03-bonetunnel04.prb	1
Property/property/b/eff/volcano_blacksmoke.mse.pre	property/b/eff/volcano_blacksmoke.mse.pre	1
Property/property/b/02/ob-11-03-bonetunnel04_01.prb	property/b/02/ob-11-03-bonetunnel04_01.prb	1
Property/property/monkey_dungeon/monkey03_dungeon_cave04.prd	property/monkey_dungeon/monkey03_dungeon_cave04.prd	1
Property/property/b/10/general_obj_ferryboat02.prb	property/b/10/general_obj_ferryboat02.prb	1
Property/property/b/02/ob-11-03-bonetunnel04_02.prb	property/b/02/ob-11-03-bonetunnel04_02.prb	1
Property/property/flame_dungeon/dungeongate.prb	property/flame_dungeon/dungeongate.prb	1
Property/property/n/obj/map_n_desert_01/general_obj_bigtoewr03.gr2.prb	property/n/obj/map_n_desert_01/general_obj_bigtoewr03.gr2.prb	1
Property/property/b/eff/fire_ob-b1-013-lamp02.mse.pre	property/b/eff/fire_ob-b1-013-lamp02.mse.pre	1
Property/property/devils_dragon_island/thing/bone/bone_turtle_vertebra00.prb	property/devils_dragon_island/thing/bone/bone_turtle_vertebra00.prb	1
Property/property/b/02/ob-11-05-bonelight_01.prb	property/b/02/ob-11-05-bonelight_01.prb	1
Property/property/ghost/obj/b_general_obj_02_01.prb	property/ghost/obj/b_general_obj_02_01.prb	1
Property/property/b/02/02_1/japanesemaple_fall1.prt	property/b/02/02_1/japanesemaple_fall1.prt	1
Property/property/devils_dragon_island/thing/thing_hake_05.prb	property/devils_dragon_island/thing/thing_hake_05.prb	1
Property/property/devils_dragon_island/thing/bone/bone_whale_head00.prb	property/devils_dragon_island/thing/bone/bone_whale_head00.prb	1
Property/property/b/02/ob-11-05-bonelight_02.prb	property/b/02/ob-11-05-bonelight_02.prb	1
Property/property/b/02/ob-11-05-bonelight_03.prb	property/b/02/ob-11-05-bonelight_03.prb	1
Property/property/b/02/ob-11-05-bonelight_04.prb	property/b/02/ob-11-05-bonelight_04.prb	1
Property/property/c/01/c1-011-workhouse.prb	property/c/01/c1-011-workhouse.prb	1
Property/property/b/02/ob-11-05-bonetomb_01.prb	property/b/02/ob-11-05-bonetomb_01.prb	1
Property/property/b/13/general_obj_bigstone09.prb	property/b/13/general_obj_bigstone09.prb	1
Property/property/b/10/b_general_obj_04.prb	property/b/10/b_general_obj_04.prb	1
Property/property/b/02/ob-11-05-bonetomb_02.prb	property/b/02/ob-11-05-bonetomb_02.prb	1
Property/property/flame_dungeon/flame_fence_pillar.prb	property/flame_dungeon/flame_fence_pillar.prb	1
Property/property/devils_dragon_island/thing/thing_cagobox_long00.prb	property/devils_dragon_island/thing/thing_cagobox_long00.prb	1
Property/property/b/10/b_general_obj_10.prb	property/b/10/b_general_obj_10.prb	1
Property/property/b/02/ob-11-05-bonetomb_03.prb	property/b/02/ob-11-05-bonetomb_03.prb	1
Property/property/b/03/03_1/beech1.prt	property/b/03/03_1/beech1.prt	1
Property/property/b/02/ob-11-05-bonetomb_04.prb	property/b/02/ob-11-05-bonetomb_04.prb	1
Property/property/b/02/02_1/cedaroflebanon1.prt	property/b/02/02_1/cedaroflebanon1.prt	1
Property/property/b/02/02_1/cedaroflebanon2.prt	property/b/02/02_1/cedaroflebanon2.prt	1
Property/property/b/02/02_1/cedaroflebanon3.prt	property/b/02/02_1/cedaroflebanon3.prt	1
Property/property/devils_dragon_island/thing/bone/bone_whale_head01.prb	property/devils_dragon_island/thing/bone/bone_whale_head01.prb	1
Property/property/n/obj/flame/bigstone_bridge.gr2.prb	property/n/obj/flame/bigstone_bridge.gr2.prb	1
Property/property/flame_dungeon/steel_pillar.prb	property/flame_dungeon/steel_pillar.prb	1
Property/property/b/10/warpgate02_01.prb	property/b/10/warpgate02_01.prb	1
Property/property/devils_dragon_island/dawnmist_wall01.prb	property/devils_dragon_island/dawnmist_wall01.prb	1
Property/property/b/10/obj-0003.prb	property/b/10/obj-0003.prb	1
Property/property/b/02/02_1/ivyspy1.prt	property/b/02/02_1/ivyspy1.prt	1
Property/property/b/eff/metinstone_loop_2_blue.mse.pre	property/b/eff/metinstone_loop_2_blue.mse.pre	1
Property/property/spider_dungeon/spider_dungeon02.gr2.prd	property/spider_dungeon/spider_dungeon02.gr2.prd	1
Property/property/b/02/02_1/ivyspy2.prt	property/b/02/02_1/ivyspy2.prt	1
Property/property/b/02/02_1/ivyspy3.prt	property/b/02/02_1/ivyspy3.prt	1
Property/property/b/02/02_1/ivyspy5.prt	property/b/02/02_1/ivyspy5.prt	1
Property/property/ghost/obj/b_general_obj_28.prb	property/ghost/obj/b_general_obj_28.prb	1
Property/property/n/obj/snow.m/general_obj_bigstone02.prb	property/n/obj/snow.m/general_obj_bigstone02.prb	1
Property/property/b/eff/metinstone_loop_3_aqua.mse.pre	property/b/eff/metinstone_loop_3_aqua.mse.pre	1
Property/property/n/obj/map_n_desert_01/desert_tower03.prb	property/n/obj/map_n_desert_01/desert_tower03.prb	1
Property/property/b/02/02_1/ivyspy_winter1.prt	property/b/02/02_1/ivyspy_winter1.prt	1
Property/property/b/02/02_1/ivyspy_winter2.prt	property/b/02/02_1/ivyspy_winter2.prt	1
Property/property/b/10/b-general_external02.prb	property/b/10/b-general_external02.prb	1
Property/property/b/02/02_1/japanesemaple_fall2.prt	property/b/02/02_1/japanesemaple_fall2.prt	1
Property/property/n/obj/map_n_desert_01/b_general_obj_25-2.gr2.prb	property/n/obj/map_n_desert_01/b_general_obj_25-2.gr2.prb	1
Property/property/flame_dungeon/flame_fence_01.prb	property/flame_dungeon/flame_fence_01.prb	1
Property/property/b/10/general_obj_lionstoneimage.prb	property/b/10/general_obj_lionstoneimage.prb	1
Property/property/b/02/02_1/redoak1.prt	property/b/02/02_1/redoak1.prt	1
Property/property/b/02/02_1/redoak2.prt	property/b/02/02_1/redoak2.prt	1
Property/property/b/10/general_obj_bigtoewr08.prb	property/b/10/general_obj_bigtoewr08.prb	1
Property/property/b/13/general_obj_bigstonegate02.prb	property/b/13/general_obj_bigstonegate02.prb	1
Property/property/b/02/02_1/redoak4.prt	property/b/02/02_1/redoak4.prt	1
Property/property/n/obj/snow.m/ob-bigstatue02.prb	property/n/obj/snow.m/ob-bigstatue02.prb	1
Property/property/b/05/ob-12-03gate05.prb	property/b/05/ob-12-03gate05.prb	1
Property/property/b/03/ob-7-02-01.prb	property/b/03/ob-7-02-01.prb	1
Property/property/devils_dragon_island/fortms_build_totem.prb	property/devils_dragon_island/fortms_build_totem.prb	1
Property/property/b/03/ob-7-03-01.prb	property/b/03/ob-7-03-01.prb	1
Property/property/n/obj/map_n_desert_01/b_general_obj_05.gr2.prb	property/n/obj/map_n_desert_01/b_general_obj_05.gr2.prb	1
Property/property/b/03/ob-7-03-02.prb	property/b/03/ob-7-03-02.prb	1
Property/property/b/03/ob-7-04.prb	property/b/03/ob-7-04.prb	1
Property/property/b/eff/volcano_whitesmoke.mse.pre	property/b/eff/volcano_whitesmoke.mse.pre	1
Property/property/b/10/general_obj_bigtoewr07.prb	property/b/10/general_obj_bigtoewr07.prb	1
Property/property/b/03/ob-7-11-building01.prb	property/b/03/ob-7-11-building01.prb	1
Property/property/b/03/ob-7-13-building03.prb	property/b/03/ob-7-13-building03.prb	1
Property/property/b/10/general_obj_brimstone.prb	property/b/10/general_obj_brimstone.prb	1
Property/property/n/obj/map_n_desert_01/general_obj_woodchair.gr2.prb	property/n/obj/map_n_desert_01/general_obj_woodchair.gr2.prb	1
Property/property/b/03/ob-7-13-building04.prb	property/b/03/ob-7-13-building04.prb	1
Property/property/b/03/03_1/beech2.prt	property/b/03/03_1/beech2.prt	1
Property/property/c/01/c1-007-itemshop.prb	property/c/01/c1-007-itemshop.prb	1
Property/property/devils_dragon_island/camp/camp_woodhut_break03.prb	property/devils_dragon_island/camp/camp_woodhut_break03.prb	1
Property/property/b/09/obj-0012.prb	property/b/09/obj-0012.prb	1
Property/property/b/03/03_1/beech_fall1.prt	property/b/03/03_1/beech_fall1.prt	1
Property/property/snow_dungeon/snow_bossroom.prd	property/snow_dungeon/snow_bossroom.prd	1
Property/property/snow_dungeon/dungeon_a2.prd	property/snow_dungeon/dungeon_a2.prd	1
Property/property/b/03/03_1/pagoda_winter1.prt	property/b/03/03_1/pagoda_winter1.prt	1
Property/property/b/eff/volcano_smallsmoke.mse.pre	property/b/eff/volcano_smallsmoke.mse.pre	1
Property/property/b/03/03_1/pagoda_winter2.prt	property/b/03/03_1/pagoda_winter2.prt	1
Property/property/n/obj/map_n_desert_01/desert-middledam-01.prb	property/n/obj/map_n_desert_01/desert-middledam-01.prb	1
Property/property/n/obj/map_n_desert_01/b_general_obj_06.gr2.prb	property/n/obj/map_n_desert_01/b_general_obj_06.gr2.prb	1
Property/property/b/03/03_1/shingleoak1.prt	property/b/03/03_1/shingleoak1.prt	1
Property/property/guild_construction/tree.gr2.prb	property/guild_construction/tree.gr2.prb	1
Property/property/n/obj/snow.m/nsm-022-10m-bridge.prb	property/n/obj/snow.m/nsm-022-10m-bridge.prb	1
Property/property/b/03/03_1/shingleoak2.prt	property/b/03/03_1/shingleoak2.prt	1
Property/property/b/03/03_1/shingleoak3.prt	property/b/03/03_1/shingleoak3.prt	1
Property/property/devils_dragon_island/thing/ships_broken00.prb	property/devils_dragon_island/thing/ships_broken00.prb	1
Property/property/b/eff/resource_group.mse.pre	property/b/eff/resource_group.mse.pre	1
Property/property/b/03/03_1/shingleoak4.prt	property/b/03/03_1/shingleoak4.prt	1
Property/property/ghost/obj/sign_01.prb	property/ghost/obj/sign_01.prb	1
Property/property/ghost/obj/general_obj_carriage_01.prb	property/ghost/obj/general_obj_carriage_01.prb	1
Property/property/b/10/b_general_obj_41.prb	property/b/10/b_general_obj_41.prb	1
Property/property/b/03/03_1/shingleoak5.prt	property/b/03/03_1/shingleoak5.prt	1
Property/property/c/01/c1_018-stonelight-1.prb	property/c/01/c1_018-stonelight-1.prb	1
Property/property/b/10/general_obj_pieceofstone04.prb	property/b/10/general_obj_pieceofstone04.prb	1
Property/property/guild_construction/platform01.prd	property/guild_construction/platform01.prd	1
Property/property/b/03/03_1/umbrellathorn1.prt	property/b/03/03_1/umbrellathorn1.prt	1
Property/property/n/nersluck/top.prb	property/n/nersluck/top.prb	1
Property/property/b/03/03_1/umbrellathorn3.prt	property/b/03/03_1/umbrellathorn3.prt	1
Property/property/n/obj/flame/warpgate02.gr2.prb	property/n/obj/flame/warpgate02.gr2.prb	1
Property/property/b/03/03_1/umbrellathorn4.prt	property/b/03/03_1/umbrellathorn4.prt	1
Property/property/b/04/ob-1-01.prb	property/b/04/ob-1-01.prb	1
Property/property/b/05/ob-12-03gate.prb	property/b/05/ob-12-03gate.prb	1
Property/property/b/10/general_obj_breakenbox03.prb	property/b/10/general_obj_breakenbox03.prb	1
Property/property/snow_dungeon/dungeon_c1.prd	property/snow_dungeon/dungeon_c1.prd	1
Property/property/b/05/ob-12-03gate01.prb	property/b/05/ob-12-03gate01.prb	1
Property/property/b/05/ob-12-03gate03.prb	property/b/05/ob-12-03gate03.prb	1
Property/property/b/eff/fire_blue1.pre	property/b/eff/fire_blue1.pre	1
Property/property/b/05/ob-12-03gate06.prb	property/b/05/ob-12-03gate06.prb	1
Property/property/devils_dragon_island/thunder_ruins_wall01.prb	property/devils_dragon_island/thunder_ruins_wall01.prb	1
Property/property/b/05/ob-12-03stair.prb	property/b/05/ob-12-03stair.prb	1
Property/property/b/05/ob-12-05.prb	property/b/05/ob-12-05.prb	1
Property/property/n/obj/map_n_desert_01/desert_woodfence02.prb	property/n/obj/map_n_desert_01/desert_woodfence02.prb	1
Property/property/b/05/ob-12-06.prb	property/b/05/ob-12-06.prb	1
Property/property/b/10/ob-b1-006-woodbarrel.prb	property/b/10/ob-b1-006-woodbarrel.prb	1
Property/property/b/07/b1s-002-inwall-01.prb	property/b/07/b1s-002-inwall-01.prb	1
Property/property/b/13/general_obj_stone05.prb	property/b/13/general_obj_stone05.prb	1
Property/property/b/05/ob-12-07.prb	property/b/05/ob-12-07.prb	1
Property/property/devils_dragon_island/camp/camp_manticore_gate01.prb	property/devils_dragon_island/camp/camp_manticore_gate01.prb	1
Property/property/b/05/ob-12-09.prb	property/b/05/ob-12-09.prb	1
Property/property/b/05/ob-12-14.prb	property/b/05/ob-12-14.prb	1
Property/property/b/10/general_obj_bridge.prb	property/b/10/general_obj_bridge.prb	1
Property/property/b/06/obj-0004.prb	property/b/06/obj-0004.prb	1
Property/property/b/07/ob-4-04-01.prb	property/b/07/ob-4-04-01.prb	1
Property/property/devils_dragon_island/camp/gaint_builda_01.prb	property/devils_dragon_island/camp/gaint_builda_01.prb	1
Property/property/n/obj/snow.m/general_obj_stone07.prb	property/n/obj/snow.m/general_obj_stone07.prb	1
Property/property/b/10/general_obj_tent01.prb	property/b/10/general_obj_tent01.prb	1
Property/property/devils_dragon_island/thing/thing_jar_cap00.prb	property/devils_dragon_island/thing/thing_jar_cap00.prb	1
Property/property/devils_dragon_island/camp/gaint_builda_03.prb	property/devils_dragon_island/camp/gaint_builda_03.prb	1
Property/property/n/obj/snow.m/landmark_grandstone02.prb	property/n/obj/snow.m/landmark_grandstone02.prb	1
Property/property/b/07/ob-4-04-03.prb	property/b/07/ob-4-04-03.prb	1
Property/property/b/10/ob-bigdam-01.prb	property/b/10/ob-bigdam-01.prb	1
Property/property/b/07/ob-4-04-04.prb	property/b/07/ob-4-04-04.prb	1
Property/property/b/07/ob-5-03thiefden.prb	property/b/07/ob-5-03thiefden.prb	1
Property/property/b/08/b1s-017.prb	property/b/08/b1s-017.prb	1
Property/property/b/10/general_obj_woodchair.prb	property/b/10/general_obj_woodchair.prb	1
Property/property/n/obj/map_n_desert_01/warpgate02.gr2.prb	property/n/obj/map_n_desert_01/warpgate02.gr2.prb	1
Property/property/b/10/b_general_obj_11.prb	property/b/10/b_general_obj_11.prb	1
Property/property/devils_dragon_island/mtthunder_thorn01.prb	property/devils_dragon_island/mtthunder_thorn01.prb	1
Property/property/b/10/b-general_external01.prb	property/b/10/b-general_external01.prb	1
Property/property/b/10/ob-bigdam-04.prb	property/b/10/ob-bigdam-04.prb	1
Property/property/b/10/b_general_obj_36.prb	property/b/10/b_general_obj_36.prb	1
Property/property/n/obj/map_n_desert_01/01_1/aloevera_rt_flowers_02.prt	property/n/obj/map_n_desert_01/01_1/aloevera_rt_flowers_02.prt	1
Property/property/devils_dragon_island/thing/thing_hake_06.prb	property/devils_dragon_island/thing/thing_hake_06.prb	1
Property/property/thief_dungeon/haven_dungeon/pass_ic02.prd	property/thief_dungeon/haven_dungeon/pass_ic02.prd	1
Property/property/b/10/b-general_external04.prb	property/b/10/b-general_external04.prb	1
Property/property/devils_dragon_island/dawnmist_wallpillar.prb	property/devils_dragon_island/dawnmist_wallpillar.prb	1
Property/property/n/obj/map_n_desert_01/general_obj_bigtoewr01.gr2.prb	property/n/obj/map_n_desert_01/general_obj_bigtoewr01.gr2.prb	1
Property/property/b/10/b-general_wbridge01.prb	property/b/10/b-general_wbridge01.prb	1
Property/property/b/10/b1-006-castle01.prb	property/b/10/b1-006-castle01.prb	1
Property/property/n/obj/map_n_desert_01/b_general_obj_25_1.gr2.prb	property/n/obj/map_n_desert_01/b_general_obj_25_1.gr2.prb	1
Property/property/monkey_dungeon/monkey03_dungeon_cave02.prd	property/monkey_dungeon/monkey03_dungeon_cave02.prd	1
Property/property/b/10/b_general_obj_40.prb	property/b/10/b_general_obj_40.prb	1
Property/property/devils_dragon_island/thing/bone/bone_whale_tail01.prb	property/devils_dragon_island/thing/bone/bone_whale_tail01.prb	1
Property/property/b/10/b_general_obj_01.prb	property/b/10/b_general_obj_01.prb	1
Property/property/b/10/general_obj_bigtoewr12.prb	property/b/10/general_obj_bigtoewr12.prb	1
Property/property/b/10/b_general_obj_01_1.prb	property/b/10/b_general_obj_01_1.prb	1
Property/property/b/10/b_general_obj_01_2.prb	property/b/10/b_general_obj_01_2.prb	1
Property/property/b/eff/torch.pre	property/b/eff/torch.pre	1
Property/property/devils_dragon_island/thunder_ruins_pillar00.prb	property/devils_dragon_island/thunder_ruins_pillar00.prb	1
Property/property/b/10/b_general_obj_01_3.prb	property/b/10/b_general_obj_01_3.prb	1
Property/property/b/10/b_general_obj_01_4.prb	property/b/10/b_general_obj_01_4.prb	1
Property/property/devils_dragon_island/thing/bone/bone_whale_arm00.prb	property/devils_dragon_island/thing/bone/bone_whale_arm00.prb	1
Property/property/c/01/c1-middledam-01.prb	property/c/01/c1-middledam-01.prb	1
Property/property/b/eff/metinstone_loop_3.mse.pre	property/b/eff/metinstone_loop_3.mse.pre	1
Property/property/b/10/b_general_obj_02.prb	property/b/10/b_general_obj_02.prb	1
Property/property/b/10/b_general_obj_34.prb	property/b/10/b_general_obj_34.prb	1
Property/property/b/10/b_general_obj_03.prb	property/b/10/b_general_obj_03.prb	1
Property/property/devils_dragon_island/thing/bone/bone_whale_piece_rib00.prb	property/devils_dragon_island/thing/bone/bone_whale_piece_rib00.prb	1
Property/property/b/10/b_general_obj_05.prb	property/b/10/b_general_obj_05.prb	1
Property/property/b/10/general_obj_bigtoewr03.prb	property/b/10/general_obj_bigtoewr03.prb	1
Property/property/b/10/b_general_obj_07.prb	property/b/10/b_general_obj_07.prb	1
Property/property/b/10/b_general_obj_08.prb	property/b/10/b_general_obj_08.prb	1
Property/property/ghost/obj/general_obj_fence01_01.prb	property/ghost/obj/general_obj_fence01_01.prb	1
Property/property/b/10/ob-004-hause2.prb	property/b/10/ob-004-hause2.prb	1
Property/property/b/10/b_general_obj_09.prb	property/b/10/b_general_obj_09.prb	1
Property/property/n/milgyo/milgyo_tower01.gr2.prb	property/n/milgyo/milgyo_tower01.gr2.prb	1
Property/property/n/obj/flame/general_obj_bigtower11.gr2.prb	property/n/obj/flame/general_obj_bigtower11.gr2.prb	1
Property/property/b/12/b-general_wbridge01.prb	property/b/12/b-general_wbridge01.prb	1
Property/property/b/10/b_general_obj_10_1.prb	property/b/10/b_general_obj_10_1.prb	1
Property/property/n/obj/flame/general_obj_lionstoneimage.gr2.prb	property/n/obj/flame/general_obj_lionstoneimage.gr2.prb	1
Property/property/b/10/b_general_obj_38.prb	property/b/10/b_general_obj_38.prb	1
Property/property/b/10/b_general_obj_12.prb	property/b/10/b_general_obj_12.prb	1
Property/property/monkey_dungeon/monkey_dungeon_cave03.prd	property/monkey_dungeon/monkey_dungeon_cave03.prd	1
Property/property/b/10/b_general_obj_13.prb	property/b/10/b_general_obj_13.prb	1
Property/property/b/10/b_general_obj_14.prb	property/b/10/b_general_obj_14.prb	1
Property/property/thief_dungeon/haven_dungeon/eff/smalla_resorce.pre	property/thief_dungeon/haven_dungeon/eff/smalla_resorce.pre	1
Property/property/b/eff/metinstone_loop_4.mse.pre	property/b/eff/metinstone_loop_4.mse.pre	1
Property/property/b/10/ob_4fbuilding.prb	property/b/10/ob_4fbuilding.prb	1
Property/property/c/01/c1-middledam-03.prb	property/c/01/c1-middledam-03.prb	1
Property/property/b/10/b_general_obj_17.prb	property/b/10/b_general_obj_17.prb	1
Property/property/n/obj/snow.m/general_obj_stone15.prb	property/n/obj/snow.m/general_obj_stone15.prb	1
Property/property/ghost/obj/general_obj_bigtower09_01.prb	property/ghost/obj/general_obj_bigtower09_01.prb	1
Property/property/b/10/b_general_obj_18.prb	property/b/10/b_general_obj_18.prb	1
Property/property/b/10/b_general_obj_19.prb	property/b/10/b_general_obj_19.prb	1
Property/property/b/10/b_general_obj_21.prb	property/b/10/b_general_obj_21.prb	1
Property/property/b/10/b_general_obj_21_1.prb	property/b/10/b_general_obj_21_1.prb	1
Property/property/deviltower/deviltower3.gr2.prd	property/deviltower/deviltower3.gr2.prd	1
Property/property/b/10/b_general_obj_22.prb	property/b/10/b_general_obj_22.prb	1
Property/property/devils_dragon_island/camp/camp_redthief_fence_00.prb	property/devils_dragon_island/camp/camp_redthief_fence_00.prb	1
Property/property/b/eff/tree_2s.mse.pre	property/b/eff/tree_2s.mse.pre	1
Property/property/devils_dragon_island/thing/bone/bone_whale_deco02.prb	property/devils_dragon_island/thing/bone/bone_whale_deco02.prb	1
Property/property/n/obj/map_n_desert_01/b_general_obj_07.gr2.prb	property/n/obj/map_n_desert_01/b_general_obj_07.gr2.prb	1
Property/property/b/10/b_general_obj_23.prb	property/b/10/b_general_obj_23.prb	1
Property/property/b/eff/fire_obj-0010.mse.pre	property/b/eff/fire_obj-0010.mse.pre	1
Property/property/b/10/b_general_obj_24.prb	property/b/10/b_general_obj_24.prb	1
Property/property/b/10/b_general_obj_25-2.prb	property/b/10/b_general_obj_25-2.prb	1
Property/property/flame_dungeon/horn02.prb	property/flame_dungeon/horn02.prb	1
Property/property/b/10/b_general_obj_25_1.prb	property/b/10/b_general_obj_25_1.prb	1
Property/property/b/10/general_obj_jar_red01.prb	property/b/10/general_obj_jar_red01.prb	1
Property/property/b/10/b_general_obj_27.prb	property/b/10/b_general_obj_27.prb	1
Property/property/n/obj/map_n_desert_01/desert_board01.prb	property/n/obj/map_n_desert_01/desert_board01.prb	1
Property/property/b/10/b_general_obj_28.prb	property/b/10/b_general_obj_28.prb	1
Property/property/n/obj/snow.m/nsm-10m-bridge02.prb	property/n/obj/snow.m/nsm-10m-bridge02.prb	1
Property/property/b/13/general_obj_stone19.prb	property/b/13/general_obj_stone19.prb	1
Property/property/b/10/b_general_obj_30.prb	property/b/10/b_general_obj_30.prb	1
Property/property/b/10/general_obj_campfire.prb	property/b/10/general_obj_campfire.prb	1
Property/property/b/10/b_general_obj_31.prb	property/b/10/b_general_obj_31.prb	1
Property/property/b/10/general_obj_suspension bridge01.prb	property/b/10/general_obj_suspension bridge01.prb	1
Property/property/b/10/b_general_obj_32.prb	property/b/10/b_general_obj_32.prb	1
Property/property/b/10/b_general_obj_35.prb	property/b/10/b_general_obj_35.prb	1
Property/property/b/eff/tree_1s.mse.pre	property/b/eff/tree_1s.mse.pre	1
Property/property/b/10/b_general_obj_37.prb	property/b/10/b_general_obj_37.prb	1
Property/property/b/10/b_general_obj_39.prb	property/b/10/b_general_obj_39.prb	1
Property/property/b/10/b_general_obj_42.prb	property/b/10/b_general_obj_42.prb	1
Property/property/b/10/general_obj_bell.prb	property/b/10/general_obj_bell.prb	1
Property/property/b/10/general_obj_bigtoewr01.prb	property/b/10/general_obj_bigtoewr01.prb	1
Property/property/b/10/general_obj_bigtoewr02.prb	property/b/10/general_obj_bigtoewr02.prb	1
Property/property/ghost/obj/general_obj_fence05_01.prb	property/ghost/obj/general_obj_fence05_01.prb	1
Property/property/b/10/general_obj_stoneimage03.prb	property/b/10/general_obj_stoneimage03.prb	1
Property/property/b/10/general_obj_bigtoewr04.prb	property/b/10/general_obj_bigtoewr04.prb	1
Property/property/guild_construction/library_03.gr2.prb	property/guild_construction/library_03.gr2.prb	1
Property/property/n/obj/flame/general_obj_bigtower12.gr2.prb	property/n/obj/flame/general_obj_bigtower12.gr2.prb	1
Property/property/n/obj/flame/general_obj_stonedoor.gr2.prb	property/n/obj/flame/general_obj_stonedoor.gr2.prb	1
Property/property/b/10/general_obj_bigtoewr05.prb	property/b/10/general_obj_bigtoewr05.prb	1
Property/property/b/10/general_obj_bigtoewr06.prb	property/b/10/general_obj_bigtoewr06.prb	1
Property/property/b/10/general_obj_bigtoewr09.prb	property/b/10/general_obj_bigtoewr09.prb	1
Property/property/b/13/general_obj_bigstone07.prb	property/b/13/general_obj_bigstone07.prb	1
Property/property/c/01/c1-010-bank.prb	property/c/01/c1-010-bank.prb	1
Property/property/n/nersluck/corpse.prb	property/n/nersluck/corpse.prb	1
Property/property/b/10/general_obj_bigtoewr10.prb	property/b/10/general_obj_bigtoewr10.prb	1
Property/property/b/10/general_obj_bigtoewr11.prb	property/b/10/general_obj_bigtoewr11.prb	1
Property/property/c/01/c1-001-house3.prb	property/c/01/c1-001-house3.prb	1
Property/property/devils_dragon_island/camp/gaint_buildb_01.prb	property/devils_dragon_island/camp/gaint_buildb_01.prb	1
Property/property/n/obj/map_n_desert_01/desert_tower.prb	property/n/obj/map_n_desert_01/desert_tower.prb	1
Property/property/b/10/general_obj_brazier.prb	property/b/10/general_obj_brazier.prb	1
Property/property/b/10/general_obj_brazier_01.prb	property/b/10/general_obj_brazier_01.prb	1
Property/property/b/10/general_obj_breakenbox01.prb	property/b/10/general_obj_breakenbox01.prb	1
Property/property/b/10/general_obj_carriage.prb	property/b/10/general_obj_carriage.prb	1
Property/property/b/10/general_obj_charcoa.prb	property/b/10/general_obj_charcoa.prb	1
Property/property/b/10/general_obj_fence02.prb	property/b/10/general_obj_fence02.prb	1
Property/property/n/obj/snow.m/general_obj_fence04.prb	property/n/obj/snow.m/general_obj_fence04.prb	1
Property/property/b/10/general_obj_farming tool01.prb	property/b/10/general_obj_farming tool01.prb	1
Property/property/devils_dragon_island/camp/camp_redthief_build_07.prb	property/devils_dragon_island/camp/camp_redthief_build_07.prb	1
Property/property/b/10/general_obj_farming tool02.prb	property/b/10/general_obj_farming tool02.prb	1
Property/property/spider_dungeon/passage.prd	property/spider_dungeon/passage.prd	1
Property/property/b/10/general_obj_fence01.prb	property/b/10/general_obj_fence01.prb	1
Property/property/b/10/general_obj_fence05.prb	property/b/10/general_obj_fence05.prb	1
Property/property/b/10/general_obj_fence06.prb	property/b/10/general_obj_fence06.prb	1
Property/property/n/obj/snow.m/snow_tower01_04.prb	property/n/obj/snow.m/snow_tower01_04.prb	1
Property/property/b/10/general_obj_ferryboat01.prb	property/b/10/general_obj_ferryboat01.prb	1
Property/property/n/obj/map_n_desert_01/b_general_obj_28.gr2.prb	property/n/obj/map_n_desert_01/b_general_obj_28.gr2.prb	1
Property/property/b/13/general_obj_bigstone06.prb	property/b/13/general_obj_bigstone06.prb	1
Property/property/b/10/general_obj_flag.prb	property/b/10/general_obj_flag.prb	1
Property/property/devils_dragon_island/fortms_pier_pillarset.prb	property/devils_dragon_island/fortms_pier_pillarset.prb	1
Property/property/b/10/general_obj_itembox01.prb	property/b/10/general_obj_itembox01.prb	1
Property/property/b/10/general_obj_watchtower03-01.prb	property/b/10/general_obj_watchtower03-01.prb	1
Property/property/devils_dragon_island/thing/thing_bag_01.prb	property/devils_dragon_island/thing/thing_bag_01.prb	1
Property/property/b/10/general_obj_itembox03.prb	property/b/10/general_obj_itembox03.prb	1
Property/property/n/obj/snow.m/general_obj_bigtower11.prb	property/n/obj/snow.m/general_obj_bigtower11.prb	1
Property/property/guild_construction/strength_trainingroom.gr2.prb	property/guild_construction/strength_trainingroom.gr2.prb	1
Property/property/b/10/general_obj_jar_blue02.prb	property/b/10/general_obj_jar_blue02.prb	1
Property/property/n/obj/snow.m/general_obj_tent02.prb	property/n/obj/snow.m/general_obj_tent02.prb	1
Property/property/b/10/general_obj_jar_red02.prb	property/b/10/general_obj_jar_red02.prb	1
Property/property/ghost/obj/general_obj_bigtower05_01.prb	property/ghost/obj/general_obj_bigtower05_01.prb	1
Property/property/b/10/general_obj_jar_yellow02.prb	property/b/10/general_obj_jar_yellow02.prb	1
Property/property/devils_dragon_island/thing/thing_jar_cap01.prb	property/devils_dragon_island/thing/thing_jar_cap01.prb	1
Property/property/b/12/b-general_external04.prb	property/b/12/b-general_external04.prb	1
Property/property/b/10/general_obj_pieceofstone01.prb	property/b/10/general_obj_pieceofstone01.prb	1
Property/property/b/10/general_obj_pieceofstone02.prb	property/b/10/general_obj_pieceofstone02.prb	1
Property/property/devil_underground/ob_stone_fence_a.prb	property/devil_underground/ob_stone_fence_a.prb	1
Property/property/b/10/general_obj_pieceofstone03.prb	property/b/10/general_obj_pieceofstone03.prb	1
Property/property/b/eff/fire_camp1.pre	property/b/eff/fire_camp1.pre	1
Property/property/b/10/general_obj_pillar.prb	property/b/10/general_obj_pillar.prb	1
Property/property/b/10/general_obj_stonebox.prb	property/b/10/general_obj_stonebox.prb	1
Property/property/c/01/c1-038-wall-lin.prb	property/c/01/c1-038-wall-lin.prb	1
Property/property/n/obj/map_n_desert_01/desert-castle02.prb	property/n/obj/map_n_desert_01/desert-castle02.prb	1
Property/property/b/10/general_obj_stoneimage02.prb	property/b/10/general_obj_stoneimage02.prb	1
Property/property/b/eff/fire_general_obj_charcoal.mse.pre	property/b/eff/fire_general_obj_charcoal.mse.pre	1
Property/property/ghost/c1-032-shamanhouse_01.prb	property/ghost/c1-032-shamanhouse_01.prb	1
Property/property/b/10/general_obj_stonepillar_01.prb	property/b/10/general_obj_stonepillar_01.prb	1
Property/property/b/10/general_obj_stonepillar_02.prb	property/b/10/general_obj_stonepillar_02.prb	1
Property/property/devil_underground/devil_entrance2f_3f.prb	property/devil_underground/devil_entrance2f_3f.prb	1
Property/property/n/obj/flame/warpgate02_01.gr2.prb	property/n/obj/flame/warpgate02_01.gr2.prb	1
Property/property/guild_construction/temple_of_power_03.gr2.prb	property/guild_construction/temple_of_power_03.gr2.prb	1
Property/property/b/10/general_obj_stump.prb	property/b/10/general_obj_stump.prb	1
Property/property/c/01/c1-rms-001.prb	property/c/01/c1-rms-001.prb	1
Property/property/b/10/warpgate03_01.prb	property/b/10/warpgate03_01.prb	1
Property/property/n/obj/map_n_desert_01/desert-middledam-05.prb	property/n/obj/map_n_desert_01/desert-middledam-05.prb	1
Property/property/b/10/general_obj_tent02.prb	property/b/10/general_obj_tent02.prb	1
Property/property/b/10/general_obj_txtstone.prb	property/b/10/general_obj_txtstone.prb	1
Property/property/guild_construction/circulartower.gr2.prb	property/guild_construction/circulartower.gr2.prb	1
Property/property/b/10/general_obj_watchtower02-01.prb	property/b/10/general_obj_watchtower02-01.prb	1
Property/property/b/10/general_obj_watchtower02.prb	property/b/10/general_obj_watchtower02.prb	1
Property/property/b/10/general_obj_watchtower03.prb	property/b/10/general_obj_watchtower03.prb	1
Property/property/b/10/general_obj_watermill_01.prb	property/b/10/general_obj_watermill_01.prb	1
Property/property/b/10/ob-bigdam-02.prb	property/b/10/ob-bigdam-02.prb	1
Property/property/n/obj/map_n_desert_01/desert_tower04.prb	property/n/obj/map_n_desert_01/desert_tower04.prb	1
Property/property/b/10/general_obj_woodbed.prb	property/b/10/general_obj_woodbed.prb	1
Property/property/b/10/hay_01.gr2.prb	property/b/10/hay_01.gr2.prb	1
Property/property/n/obj/map_n_desert_01/desert-bigstone04.prb	property/n/obj/map_n_desert_01/desert-bigstone04.prb	1
Property/property/b/10/hay_02.gr2.prb	property/b/10/hay_02.gr2.prb	1
Property/property/devils_dragon_island/camp/gaint_builda_05.prb	property/devils_dragon_island/camp/gaint_builda_05.prb	1
Property/property/devils_dragon_island/thing/donkey_bag00.prb	property/devils_dragon_island/thing/donkey_bag00.prb	1
Property/property/b/10/landmark_grandstone02.prb	property/b/10/landmark_grandstone02.prb	1
Property/property/b/10/landmark_statuestone.prb	property/b/10/landmark_statuestone.prb	1
Property/property/b/10/ob-033-guesthouse-01.prb	property/b/10/ob-033-guesthouse-01.prb	1
Property/property/n/obj/map_n_desert_01/general_obj_bigtoewr09.gr2.prb	property/n/obj/map_n_desert_01/general_obj_bigtoewr09.gr2.prb	1
Property/property/b/10/obj-0006.prb	property/b/10/obj-0006.prb	1
Property/property/ghost/obj/general_obj_bigtower08_01.prb	property/ghost/obj/general_obj_bigtower08_01.prb	1
Property/property/b/10/ob-b1-001-box01.prb	property/b/10/ob-b1-001-box01.prb	1
Property/property/b/10/ob-b1-005-woodbarrel.prb	property/b/10/ob-b1-005-woodbarrel.prb	1
Property/property/b/10/ob-bigdam-03.prb	property/b/10/ob-bigdam-03.prb	1
Property/property/b/10/ob-bigdam-05.prb	property/b/10/ob-bigdam-05.prb	1
Property/property/b/eff/metinstone_loop_3_whitepurple.mse.pre	property/b/eff/metinstone_loop_3_whitepurple.mse.pre	1
Property/property/b/10/ob-bigdam-06.prb	property/b/10/ob-bigdam-06.prb	1
Property/property/b/10/ob-bigstatue01.prb	property/b/10/ob-bigstatue01.prb	1
Property/property/n/obj/snow.m/ob-7-03-02.prb	property/n/obj/snow.m/ob-7-03-02.prb	1
Property/property/b/10/ob-bigstatue02.prb	property/b/10/ob-bigstatue02.prb	1
Property/property/b/10/ob-bigstone02.prb	property/b/10/ob-bigstone02.prb	1
Property/property/ghost/obj/obj-0003_01.prb	property/ghost/obj/obj-0003_01.prb	1
Property/property/b/10/ob-bigstone03.prb	property/b/10/ob-bigstone03.prb	1
Property/property/b/10/ob-bigstone04.prb	property/b/10/ob-bigstone04.prb	1
Property/property/b/10/ob-c-0013.prb	property/b/10/ob-c-0013.prb	1
Property/property/n/obj/snow.m/general_obj_stone14.prb	property/n/obj/snow.m/general_obj_stone14.prb	1
Property/property/b/10/ob-tower01.prb	property/b/10/ob-tower01.prb	1
Property/property/devils_dragon_island/fortms_firesignal.prb	property/devils_dragon_island/fortms_firesignal.prb	1
Property/property/b/10/ob-tower01_01.prb	property/b/10/ob-tower01_01.prb	1
Property/property/b/10/ob-tower01_02.prb	property/b/10/ob-tower01_02.prb	1
Property/property/b/eff/metinstone_loop_2_orange.mse.pre	property/b/eff/metinstone_loop_2_orange.mse.pre	1
Property/property/flame_dungeon/flame_dg_ingate.prb	property/flame_dungeon/flame_dg_ingate.prb	1
Property/property/n/milgyo/milgyo_brazier.gr2.prb	property/n/milgyo/milgyo_brazier.gr2.prb	1
Property/property/c/01/c1-009-hotel.prb	property/c/01/c1-009-hotel.prb	1
Property/property/b/10/obj-0010.prb	property/b/10/obj-0010.prb	1
Property/property/n/obj/map_n_desert_01/b_general_obj_25.gr2.prb	property/n/obj/map_n_desert_01/b_general_obj_25.gr2.prb	1
Property/property/b/10/warpgate01.prb	property/b/10/warpgate01.prb	1
Property/property/b/10/warpgate02.prb	property/b/10/warpgate02.prb	1
Property/property/devil_underground/devilcave_boss1.prd	property/devil_underground/devilcave_boss1.prd	1
Property/property/b/10/warpgate03.prb	property/b/10/warpgate03.prb	1
Property/property/b/11/b1-032-shamanhouse.prb	property/b/11/b1-032-shamanhouse.prb	1
Property/property/n/oxevent/ox_01.prb	property/n/oxevent/ox_01.prb	1
Property/property/b/11/landmark-01-bellhouse.prb	property/b/11/landmark-01-bellhouse.prb	1
Property/property/b/12/b-general_external02.prb	property/b/12/b-general_external02.prb	1
Property/property/b/12/b-general_external03.prb	property/b/12/b-general_external03.prb	1
Property/property/ghost/obj/ob-b1-005-woodbarrel_01.prb	property/ghost/obj/ob-b1-005-woodbarrel_01.prb	1
Property/property/n/obj/snow.m/general_obj_bigstone05.prb	property/n/obj/snow.m/general_obj_bigstone05.prb	1
Property/property/b/12/hay_01.gr2.prb	property/b/12/hay_01.gr2.prb	1
Property/property/b/13/general_obj_bigstone01.prb	property/b/13/general_obj_bigstone01.prb	1
Property/property/devils_dragon_island/thing/bone/bone_whale_piece_rib01.prb	property/devils_dragon_island/thing/bone/bone_whale_piece_rib01.prb	1
Property/property/b/13/general_obj_bigstone04.prb	property/b/13/general_obj_bigstone04.prb	1
Property/property/devils_dragon_island/camp/camp_woodhut_fence01.prb	property/devils_dragon_island/camp/camp_woodhut_fence01.prb	1
Property/property/n/obj/snow.m/obj-0006.prb	property/n/obj/snow.m/obj-0006.prb	1
Property/property/b/13/general_obj_bigstone10.prb	property/b/13/general_obj_bigstone10.prb	1
Property/property/b/13/general_obj_bigstonegate01.prb	property/b/13/general_obj_bigstonegate01.prb	1
Property/property/resources_picking/resource.mse.pre	property/resources_picking/resource.mse.pre	1
Property/property/b/13/general_obj_stone03.prb	property/b/13/general_obj_stone03.prb	1
Property/property/b/13/general_obj_stone02.prb	property/b/13/general_obj_stone02.prb	1
Property/property/ghost/obj/ob-b1-001-box01_01_01.prb	property/ghost/obj/ob-b1-001-box01_01_01.prb	1
Property/property/b/13/general_obj_stone07.prb	property/b/13/general_obj_stone07.prb	1
Property/property/b/13/general_obj_stone08.prb	property/b/13/general_obj_stone08.prb	1
Property/property/b/13/general_obj_stone09.prb	property/b/13/general_obj_stone09.prb	1
Property/property/b/13/general_obj_stone10.prb	property/b/13/general_obj_stone10.prb	1
Property/property/b/eff/metinstone_loop_3_orange.mse.pre	property/b/eff/metinstone_loop_3_orange.mse.pre	1
Property/property/n/nersluck/tent_01_lamp1.prb	property/n/nersluck/tent_01_lamp1.prb	1
Property/property/n/obj/map_n_desert_01/b_general_obj_22.gr2.prb	property/n/obj/map_n_desert_01/b_general_obj_22.gr2.prb	1
Property/property/b/13/general_obj_stone13.prb	property/b/13/general_obj_stone13.prb	1
Property/property/c/01/c1-landmark-01-bellhouse.prb	property/c/01/c1-landmark-01-bellhouse.prb	1
Property/property/b/13/general_obj_stone15.prb	property/b/13/general_obj_stone15.prb	1
Property/property/b/13/general_obj_stone18.prb	property/b/13/general_obj_stone18.prb	1
Property/property/devils_dragon_island/thing/thing_cagoboxset01.prb	property/devils_dragon_island/thing/thing_cagoboxset01.prb	1
Property/property/b/ambience/waterfall.pra	property/b/ambience/waterfall.pra	1
Property/property/b/eff/fall_7.pre	property/b/eff/fall_7.pre	1
Property/property/n/obj/map_n_desert_01/b_general_obj_10.gr2.prb	property/n/obj/map_n_desert_01/b_general_obj_10.gr2.prb	1
Property/property/b/eff/fire_general_obj_lamp.mse.pre	property/b/eff/fire_general_obj_lamp.mse.pre	1
Property/property/n/nersluck/tent_01.prb	property/n/nersluck/tent_01.prb	1
Property/property/b/eff/fire_ob-11-02-stonelight01.mse.pre	property/b/eff/fire_ob-11-02-stonelight01.mse.pre	1
Property/property/b/eff/fire_ob-11-05-bonelight_01.mse.pre	property/b/eff/fire_ob-11-05-bonelight_01.mse.pre	1
Property/property/n/obj/map_n_desert_01/ob-bigstone04.gr2.prb	property/n/obj/map_n_desert_01/ob-bigstone04.gr2.prb	1
Property/property/b/eff/flame_arch_e1.pre	property/b/eff/flame_arch_e1.pre	1
Property/property/b/eff/metinstone_loop_2_aqua.mse.pre	property/b/eff/metinstone_loop_2_aqua.mse.pre	1
Property/property/c/01/c1-033-guesthouse-01.prb	property/c/01/c1-033-guesthouse-01.prb	1
Property/property/devils_dragon_island/dawnmist_gate_s.prb	property/devils_dragon_island/dawnmist_gate_s.prb	1
Property/property/n/obj/snow.m/nsm-general_obj_03.prb	property/n/obj/snow.m/nsm-general_obj_03.prb	1
Property/property/ghost/c1-033-guesthouse-01_01.prb	property/ghost/c1-033-guesthouse-01_01.prb	1
Property/property/b/eff/metinstone_loop_2_pink.mse.pre	property/b/eff/metinstone_loop_2_pink.mse.pre	1
Property/property/b/eff/metinstone_loop_2_purple.mse.pre	property/b/eff/metinstone_loop_2_purple.mse.pre	1
Property/property/b/eff/metinstone_loop_2_whitepurple.mse.pre	property/b/eff/metinstone_loop_2_whitepurple.mse.pre	1
Property/property/ghost/obj/general_obj_bigtower04_01.prb	property/ghost/obj/general_obj_bigtower04_01.prb	1
Property/property/b/eff/metinstone_loop_2_whitered.mse.pre	property/b/eff/metinstone_loop_2_whitered.mse.pre	1
Property/property/ghost/obj/general_obj_bigtower10_01.prb	property/ghost/obj/general_obj_bigtower10_01.prb	1
Property/property/b/eff/metinstone_loop_2_yellow.mse.pre	property/b/eff/metinstone_loop_2_yellow.mse.pre	1
Property/property/b/eff/metinstone_loop_3_blue.mse.pre	property/b/eff/metinstone_loop_3_blue.mse.pre	1
Property/property/n/obj/snow.m/01_1/commonolive_winter.prt	property/n/obj/snow.m/01_1/commonolive_winter.prt	1
Property/property/b/eff/metinstone_loop_3_pink.mse.pre	property/b/eff/metinstone_loop_3_pink.mse.pre	1
Property/property/devils_dragon_island/thing/obj_mtthund_thorn05a.prb	property/devils_dragon_island/thing/obj_mtthund_thorn05a.prb	1
Property/property/b/eff/metinstone_loop_3_purple.mse.pre	property/b/eff/metinstone_loop_3_purple.mse.pre	1
Property/property/b/eff/metinstone_loop_3_yellow.mse.pre	property/b/eff/metinstone_loop_3_yellow.mse.pre	1
Property/property/thief_dungeon/haven_dungeon/skipia_boss.prd	property/thief_dungeon/haven_dungeon/skipia_boss.prd	1
Property/property/b/eff/metinstone_loop_4_blue.mse.pre	property/b/eff/metinstone_loop_4_blue.mse.pre	1
Property/property/b/eff/metinstone_loop_4_orange.mse.pre	property/b/eff/metinstone_loop_4_orange.mse.pre	1
Property/property/flame_dungeon/steel_bridge_body_s.prb	property/flame_dungeon/steel_bridge_body_s.prb	1
Property/property/b/eff/metinstone_loop_4_pink.mse.pre	property/b/eff/metinstone_loop_4_pink.mse.pre	1
Property/property/b/eff/metinstone_loop_4_purple.mse.pre	property/b/eff/metinstone_loop_4_purple.mse.pre	1
Property/property/b/eff/metinstone_loop_4_whitepurple.mse.pre	property/b/eff/metinstone_loop_4_whitepurple.mse.pre	1
Property/property/n/obj/map_n_desert_01/desert-bigdam-01.prb	property/n/obj/map_n_desert_01/desert-bigdam-01.prb	1
Property/property/ghost/obj/general_obj_fence06_01.prb	property/ghost/obj/general_obj_fence06_01.prb	1
Property/property/b/eff/metinstone_loop_4_whitered.mse.pre	property/b/eff/metinstone_loop_4_whitered.mse.pre	1
Property/property/devils_dragon_island/camp/camp_woodhut_break01.prb	property/devils_dragon_island/camp/camp_woodhut_break01.prb	1
Property/property/b/eff/tent_s_lamp.pre	property/b/eff/tent_s_lamp.pre	1
Property/property/b/eff/tree_3s.mse.pre	property/b/eff/tree_3s.mse.pre	1
Property/property/ghost/obj/a1_018-stonelight_01.prb	property/ghost/obj/a1_018-stonelight_01.prb	1
Property/property/b/eff/volcano_bigsmoke2.pre	property/b/eff/volcano_bigsmoke2.pre	1
Property/property/b/eff/volcano_greatsmoke2.pre	property/b/eff/volcano_greatsmoke2.pre	1
Property/property/b/eff/warpgate02.pre	property/b/eff/warpgate02.pre	1
Property/property/c/01/c1-002-inwall-01.prb	property/c/01/c1-002-inwall-01.prb	1
Property/property/guild_construction/maiinbase.gr2.prb	property/guild_construction/maiinbase.gr2.prb	1
Property/property/c/01/c1-002-inwall-02.prb	property/c/01/c1-002-inwall-02.prb	1
Property/property/c/01/c1-004-house2.prb	property/c/01/c1-004-house2.prb	1
Property/property/c/01/c1-016-house9.prb	property/c/01/c1-016-house9.prb	1
Property/property/n/milgyo/milgyo_building03.gr2.prb	property/n/milgyo/milgyo_building03.gr2.prb	1
Property/property/c/01/c1-017.prb	property/c/01/c1-017.prb	1
Property/property/c/01/c1-022-10m-bridge.prb	property/c/01/c1-022-10m-bridge.prb	1
Property/property/devils_dragon_island/thing/ships_broken_piece04.prb	property/devils_dragon_island/thing/ships_broken_piece04.prb	1
Property/property/c/01/c1-024-10m-bridge.prb	property/c/01/c1-024-10m-bridge.prb	1
Property/property/c/01/c1-033-guesthouse-02.prb	property/c/01/c1-033-guesthouse-02.prb	1
Property/property/n/obj/map_n_desert_01/desert-035-woodgate.prb	property/n/obj/map_n_desert_01/desert-035-woodgate.prb	1
Property/property/c/01/c1-035-woodgate.prb	property/c/01/c1-035-woodgate.prb	1
Property/property/guild_construction/gongjakso_build01.gr2.prb	property/guild_construction/gongjakso_build01.gr2.prb	1
Property/property/c/01/c1-037-tower.prb	property/c/01/c1-037-tower.prb	1
Property/property/n/obj/map_n_desert_01/general_obj_fence06.gr2.prb	property/n/obj/map_n_desert_01/general_obj_fence06.gr2.prb	1
Property/property/c/01/c1-038-wall-corner.prb	property/c/01/c1-038-wall-corner.prb	1
Property/property/c/01/c1-038-wall-lin2.prb	property/c/01/c1-038-wall-lin2.prb	1
Property/property/c/01/c1-middledam-02.prb	property/c/01/c1-middledam-02.prb	1
Property/property/c/01/c1-middledam-04.prb	property/c/01/c1-middledam-04.prb	1
Property/property/n/obj/snow.m/general_obj_watchtower03-01.prb	property/n/obj/snow.m/general_obj_watchtower03-01.prb	1
Property/property/c/01/c1-middledam-05.prb	property/c/01/c1-middledam-05.prb	1
Property/property/n/obj/snow.m/general_obj_bigstone03.prb	property/n/obj/snow.m/general_obj_bigstone03.prb	1
Property/property/c/01/c1-middledam-06.prb	property/c/01/c1-middledam-06.prb	1
Property/property/ghost/obj/obj-0010_01.prb	property/ghost/obj/obj-0010_01.prb	1
Property/property/c/01/c1-middledam-07.prb	property/c/01/c1-middledam-07.prb	1
Property/property/devils_dragon_island/thing/bone/bone_whale_piece_ver00.prb	property/devils_dragon_island/thing/bone/bone_whale_piece_ver00.prb	1
Property/property/duel/a1-038-wall-lin2_duel.prb	property/duel/a1-038-wall-lin2_duel.prb	1
Property/property/c/01/c1_018-stonelight.prb	property/c/01/c1_018-stonelight.prb	1
Property/property/devil_underground/cliff_01.prb	property/devil_underground/cliff_01.prb	1
Property/property/devil_underground/cliff_corner.prb	property/devil_underground/cliff_corner.prb	1
Property/property/devils_dragon_island/thing/obj_mtthund_thorn01a.prb	property/devils_dragon_island/thing/obj_mtthund_thorn01a.prb	1
Property/property/ghost/ob-10-01_01.prb	property/ghost/ob-10-01_01.prb	1
Property/property/devils_dragon_island/fotrms_gate.prb	property/devils_dragon_island/fotrms_gate.prb	1
Property/property/flame_dungeon/horn01_1.prb	property/flame_dungeon/horn01_1.prb	1
Property/property/devil_underground/devil_entrance1f.prb	property/devil_underground/devil_entrance1f.prb	1
Property/property/devil_underground/devilcave_door_rock.prb	property/devil_underground/devilcave_door_rock.prb	1
Property/property/n/obj/map_n_desert_01/01_1/palmetto_rt_01.prt	property/n/obj/map_n_desert_01/01_1/palmetto_rt_01.prt	1
Property/property/devils_dragon_island/dawnmist_floor00.prb	property/devils_dragon_island/dawnmist_floor00.prb	1
Property/property/ghost/c1-016-house9_01.prb	property/ghost/c1-016-house9_01.prb	1
Property/property/n/obj/map_n_desert_01/01_1/bananatree_rt_01.prt	property/n/obj/map_n_desert_01/01_1/bananatree_rt_01.prt	1
Property/property/flame_dungeon/stone02.prb	property/flame_dungeon/stone02.prb	1
Property/property/devils_dragon_island/dawnmist_floor01.prb	property/devils_dragon_island/dawnmist_floor01.prb	1
Property/property/devils_dragon_island/thing/obj_mine_entrance01.prb	property/devils_dragon_island/thing/obj_mine_entrance01.prb	1
Property/property/devils_dragon_island/dawnmist_gate.prb	property/devils_dragon_island/dawnmist_gate.prb	1
Property/property/guild_construction/middledam_big.gr2.prb	property/guild_construction/middledam_big.gr2.prb	1
Property/property/devils_dragon_island/dawnmist_light.prb	property/devils_dragon_island/dawnmist_light.prb	1
Property/property/devils_dragon_island/dawnmist_statue00.prb	property/devils_dragon_island/dawnmist_statue00.prb	1
Property/property/devils_dragon_island/dawnmist_statue00_glow1.pre	property/devils_dragon_island/dawnmist_statue00_glow1.pre	1
Property/property/snow_dungeon/icicle_up_01.prb	property/snow_dungeon/icicle_up_01.prb	1
Property/property/devils_dragon_island/dawnmist_step00.prb	property/devils_dragon_island/dawnmist_step00.prb	1
Property/property/devils_dragon_island/dawnmist_step01.prb	property/devils_dragon_island/dawnmist_step01.prb	1
Property/property/devils_dragon_island/dawnmist_wall00.prb	property/devils_dragon_island/dawnmist_wall00.prb	1
Property/property/devils_dragon_island/fortms_box_smithy00.prb	property/devils_dragon_island/fortms_box_smithy00.prb	1
Property/property/devils_dragon_island/thing/thing_barricade_bar00.prb	property/devils_dragon_island/thing/thing_barricade_bar00.prb	1
Property/property/devils_dragon_island/fortms_box_smithy01.prb	property/devils_dragon_island/fortms_box_smithy01.prb	1
Property/property/devils_dragon_island/camp/gaint_buildb_02.prb	property/devils_dragon_island/camp/gaint_buildb_02.prb	1
Property/property/devils_dragon_island/fortms_build_house00.prb	property/devils_dragon_island/fortms_build_house00.prb	1
Property/property/ghost/obj/ob-b1-001-box01_01.prb	property/ghost/obj/ob-b1-001-box01_01.prb	1
Property/property/devils_dragon_island/fortms_build_normal_00.prb	property/devils_dragon_island/fortms_build_normal_00.prb	1
Property/property/devils_dragon_island/fortms_build_normal_01.prb	property/devils_dragon_island/fortms_build_normal_01.prb	1
Property/property/devils_dragon_island/fortms_build_normal_02.prb	property/devils_dragon_island/fortms_build_normal_02.prb	1
Property/property/devils_dragon_island/fortms_build_office.prb	property/devils_dragon_island/fortms_build_office.prb	1
Property/property/ghost/obj/general_obj_pillar_01.prb	property/ghost/obj/general_obj_pillar_01.prb	1
Property/property/devils_dragon_island/camp/camp_manticore_obj00.prb	property/devils_dragon_island/camp/camp_manticore_obj00.prb	1
Property/property/n/obj/map_n_desert_01/desert_lamp01.prb	property/n/obj/map_n_desert_01/desert_lamp01.prb	1
Property/property/devils_dragon_island/fortms_build_well.prb	property/devils_dragon_island/fortms_build_well.prb	1
Property/property/devils_dragon_island/fortms_fence_body01.prb	property/devils_dragon_island/fortms_fence_body01.prb	1
Property/property/flame_dungeon/flame_door_pillar.prb	property/flame_dungeon/flame_door_pillar.prb	1
Property/property/n/obj/map_n_desert_01/b_general_obj_02.gr2.prb	property/n/obj/map_n_desert_01/b_general_obj_02.gr2.prb	1
Property/property/devils_dragon_island/fortms_fence_body02.prb	property/devils_dragon_island/fortms_fence_body02.prb	1
Property/property/n/obj/map_n_desert_01/desert-bigstone03.prb	property/n/obj/map_n_desert_01/desert-bigstone03.prb	1
Property/property/devils_dragon_island/fortms_fence_pillar.prb	property/devils_dragon_island/fortms_fence_pillar.prb	1
Property/property/n/obj/snow.m/general_obj_stonedoor.prb	property/n/obj/snow.m/general_obj_stonedoor.prb	1
Property/property/guild_construction/temple_of_power_02.gr2.prb	property/guild_construction/temple_of_power_02.gr2.prb	1
Property/property/devils_dragon_island/fortms_pier.prb	property/devils_dragon_island/fortms_pier.prb	1
Property/property/devils_dragon_island/fortms_pier_pillar01.prb	property/devils_dragon_island/fortms_pier_pillar01.prb	1
Property/property/devils_dragon_island/fortms_ship00.prb	property/devils_dragon_island/fortms_ship00.prb	1
Property/property/devils_dragon_island/thing/bone/bone_whale_lump00.prb	property/devils_dragon_island/thing/bone/bone_whale_lump00.prb	1
Property/property/ghost/c1-038-wall_01.prb	property/ghost/c1-038-wall_01.prb	1
Property/property/devils_dragon_island/fortms_watchtower.prb	property/devils_dragon_island/fortms_watchtower.prb	1
Property/property/ghost/c1-009-hotel01.prb	property/ghost/c1-009-hotel01.prb	1
Property/property/devils_dragon_island/obj_tent01.prb	property/devils_dragon_island/obj_tent01.prb	1
Property/property/devils_dragon_island/stone_steps00.prb	property/devils_dragon_island/stone_steps00.prb	1
Property/property/devils_dragon_island/thunder_ruins_bridge.prb	property/devils_dragon_island/thunder_ruins_bridge.prb	1
Property/property/devils_dragon_island/triton_tent_01.prb	property/devils_dragon_island/triton_tent_01.prb	1
Property/property/devils_dragon_island/camp/camp_manticore_02.prb	property/devils_dragon_island/camp/camp_manticore_02.prb	1
Property/property/devils_dragon_island/camp/camp_manticore_boss00.prb	property/devils_dragon_island/camp/camp_manticore_boss00.prb	1
Property/property/n/obj/flame/general_obj_bigtower05.gr2.prb	property/n/obj/flame/general_obj_bigtower05.gr2.prb	1
Property/property/n/obj/snow.m/general_obj_stone19.prb	property/n/obj/snow.m/general_obj_stone19.prb	1
Property/property/devils_dragon_island/thing/thing_fire_stand_bowl_00.prb	property/devils_dragon_island/thing/thing_fire_stand_bowl_00.prb	1
Property/property/devils_dragon_island/camp/camp_manticore_gate00.prb	property/devils_dragon_island/camp/camp_manticore_gate00.prb	1
Property/property/devils_dragon_island/camp/camp_manticore_gate02.prb	property/devils_dragon_island/camp/camp_manticore_gate02.prb	1
Property/property/devils_dragon_island/camp/camp_redthief_build_00.prb	property/devils_dragon_island/camp/camp_redthief_build_00.prb	1
Property/property/devils_dragon_island/camp/camp_redthief_build_01.prb	property/devils_dragon_island/camp/camp_redthief_build_01.prb	1
Property/property/devils_dragon_island/camp/camp_redthief_build_02.prb	property/devils_dragon_island/camp/camp_redthief_build_02.prb	1
Property/property/devils_dragon_island/camp/camp_redthief_build_05.prb	property/devils_dragon_island/camp/camp_redthief_build_05.prb	1
Property/property/devils_dragon_island/camp/camp_woodhut_ladder00.prb	property/devils_dragon_island/camp/camp_woodhut_ladder00.prb	1
Property/property/devils_dragon_island/camp/camp_redthief_build_06.prb	property/devils_dragon_island/camp/camp_redthief_build_06.prb	1
Property/property/devils_dragon_island/camp/camp_redthief_deco_00.prb	property/devils_dragon_island/camp/camp_redthief_deco_00.prb	1
Property/property/resources_picking/resource_4.mse.pre	property/resources_picking/resource_4.mse.pre	1
Property/property/devils_dragon_island/camp/camp_redthief_deco_01.prb	property/devils_dragon_island/camp/camp_redthief_deco_01.prb	1
Property/property/devils_dragon_island/camp/camp_redthief_fence_02.prb	property/devils_dragon_island/camp/camp_redthief_fence_02.prb	1
Property/property/devils_dragon_island/camp/camp_redthief_gate_00a.prb	property/devils_dragon_island/camp/camp_redthief_gate_00a.prb	1
Property/property/n/obj/snow.m/general_obj_bigstonegate01.prb	property/n/obj/snow.m/general_obj_bigstonegate01.prb	1
Property/property/n/obj/map_n_desert_01/desert_woodfence01.prb	property/n/obj/map_n_desert_01/desert_woodfence01.prb	1
Property/property/devils_dragon_island/camp/camp_redthief_gate_01.prb	property/devils_dragon_island/camp/camp_redthief_gate_01.prb	1
Property/property/devils_dragon_island/camp/camp_redthief_gate_02.prb	property/devils_dragon_island/camp/camp_redthief_gate_02.prb	1
Property/property/devils_dragon_island/camp/camp_redthief_gate_03.prb	property/devils_dragon_island/camp/camp_redthief_gate_03.prb	1
Property/property/devils_dragon_island/camp/camp_woodhut_00.prb	property/devils_dragon_island/camp/camp_woodhut_00.prb	1
Property/property/devils_dragon_island/camp/camp_woodhut_01.prb	property/devils_dragon_island/camp/camp_woodhut_01.prb	1
Property/property/devils_dragon_island/camp/camp_woodhut_break02.prb	property/devils_dragon_island/camp/camp_woodhut_break02.prb	1
Property/property/devils_dragon_island/camp/camp_woodhut_break04.prb	property/devils_dragon_island/camp/camp_woodhut_break04.prb	1
Property/property/devils_dragon_island/camp/camp_woodhut_fence00.prb	property/devils_dragon_island/camp/camp_woodhut_fence00.prb	1
Property/property/devils_dragon_island/camp/camp_woodhut_hake00.prb	property/devils_dragon_island/camp/camp_woodhut_hake00.prb	1
Property/property/thief_dungeon/haven_dungeon/skipia_passl.prd	property/thief_dungeon/haven_dungeon/skipia_passl.prd	1
Property/property/devils_dragon_island/camp/gaint_builda_02.prb	property/devils_dragon_island/camp/gaint_builda_02.prb	1
Property/property/devils_dragon_island/camp/gaint_builda_04.prb	property/devils_dragon_island/camp/gaint_builda_04.prb	1
Property/property/devils_dragon_island/camp/gaint_builda_07.prb	property/devils_dragon_island/camp/gaint_builda_07.prb	1
Property/property/guild_construction/temple_of_power_01.gr2.prb	property/guild_construction/temple_of_power_01.gr2.prb	1
Property/property/thief_dungeon/stone_door.gr2.prb	property/thief_dungeon/stone_door.gr2.prb	1
Property/property/devils_dragon_island/camp/gaint_builda_08.prb	property/devils_dragon_island/camp/gaint_builda_08.prb	1
Property/property/n/obj/flame/bigdam_001.gr2.prb	property/n/obj/flame/bigdam_001.gr2.prb	1
Property/property/monkey_dungeon/monkey02_dungeon_cave01.prd	property/monkey_dungeon/monkey02_dungeon_cave01.prd	1
Property/property/devils_dragon_island/camp/gaint_builda_09.prb	property/devils_dragon_island/camp/gaint_builda_09.prb	1
Property/property/n/obj/map_n_desert_01/b_general_obj_09.gr2.prb	property/n/obj/map_n_desert_01/b_general_obj_09.gr2.prb	1
Property/property/devils_dragon_island/camp/gaint_builda_10.prb	property/devils_dragon_island/camp/gaint_builda_10.prb	1
Property/property/n/obj/snow.m/general_obj_bigtower03.prb	property/n/obj/snow.m/general_obj_bigtower03.prb	1
Property/property/n/obj/map_n_desert_01/01_1/curlypalm_rt_01.prt	property/n/obj/map_n_desert_01/01_1/curlypalm_rt_01.prt	1
Property/property/devils_dragon_island/camp/gaint_builda_11.prb	property/devils_dragon_island/camp/gaint_builda_11.prb	1
Property/property/devils_dragon_island/camp/gaint_buildb_04.prb	property/devils_dragon_island/camp/gaint_buildb_04.prb	1
Property/property/devils_dragon_island/camp/gaint_buildb_05.prb	property/devils_dragon_island/camp/gaint_buildb_05.prb	1
Property/property/n/obj/map_n_desert_01/desert_building04.prb	property/n/obj/map_n_desert_01/desert_building04.prb	1
Property/property/n/obj/snow.m/general_obj_stone12.prb	property/n/obj/snow.m/general_obj_stone12.prb	1
Property/property/devils_dragon_island/camp/gaint_fence04.prb	property/devils_dragon_island/camp/gaint_fence04.prb	1
Property/property/ghost/obj/general_obj_fence03_01.prb	property/ghost/obj/general_obj_fence03_01.prb	1
Property/property/devils_dragon_island/camp/gaint_fence05.prb	property/devils_dragon_island/camp/gaint_fence05.prb	1
Property/property/devils_dragon_island/camp/gaint_gate_02.prb	property/devils_dragon_island/camp/gaint_gate_02.prb	1
Property/property/devils_dragon_island/thing/cart_shop.prb	property/devils_dragon_island/thing/cart_shop.prb	1
Property/property/devils_dragon_island/thing/gaint_pillar00.prb	property/devils_dragon_island/thing/gaint_pillar00.prb	1
Property/property/devils_dragon_island/thing/obj_mtthund_thorn01.prb	property/devils_dragon_island/thing/obj_mtthund_thorn01.prb	1
Property/property/n/nersluck/torch_2.prb	property/n/nersluck/torch_2.prb	1
Property/property/devils_dragon_island/thing/bone/bone_turtle_head00.prb	property/devils_dragon_island/thing/bone/bone_turtle_head00.prb	1
Property/property/guild_construction/portal.gr2.prb	property/guild_construction/portal.gr2.prb	1
Property/property/devils_dragon_island/thing/obj_mtthund_thorn03.prb	property/devils_dragon_island/thing/obj_mtthund_thorn03.prb	1
Property/property/n/obj/snow.m/nsm-001-house3.prb	property/n/obj/snow.m/nsm-001-house3.prb	1
Property/property/devils_dragon_island/thing/obj_mtthund_thorn03a.prb	property/devils_dragon_island/thing/obj_mtthund_thorn03a.prb	1
Property/property/ghost/obj/general_obj_bigtower12_01.prb	property/ghost/obj/general_obj_bigtower12_01.prb	1
Property/property/devils_dragon_island/thing/obj_mtthund_thorn04.prb	property/devils_dragon_island/thing/obj_mtthund_thorn04.prb	1
Property/property/n/obj/flame/ob-bigstatue02.gr2.prb	property/n/obj/flame/ob-bigstatue02.gr2.prb	1
Property/property/devils_dragon_island/thing/obj_mtthund_thorn05.prb	property/devils_dragon_island/thing/obj_mtthund_thorn05.prb	1
Property/property/devils_dragon_island/thing/obj_mtthund_thorn05b.prb	property/devils_dragon_island/thing/obj_mtthund_thorn05b.prb	1
Property/property/devils_dragon_island/thing/obj_mtthund_thorn05c.prb	property/devils_dragon_island/thing/obj_mtthund_thorn05c.prb	1
Property/property/n/obj/snow.m/ob-7-02-01.prb	property/n/obj/snow.m/ob-7-02-01.prb	1
Property/property/devils_dragon_island/thing/ships_broken_piece00.prb	property/devils_dragon_island/thing/ships_broken_piece00.prb	1
Property/property/devils_dragon_island/thing/thing_hake_04.prb	property/devils_dragon_island/thing/thing_hake_04.prb	1
Property/property/devils_dragon_island/thing/ships_brokenbody00.prb	property/devils_dragon_island/thing/ships_brokenbody00.prb	1
Property/property/devils_dragon_island/thing/ships_brokenup00.prb	property/devils_dragon_island/thing/ships_brokenup00.prb	1
Property/property/n/obj/map_n_desert_01/b_general_obj_05_1.gr2.prb	property/n/obj/map_n_desert_01/b_general_obj_05_1.gr2.prb	1
Property/property/devils_dragon_island/thing/thing_bag_00.prb	property/devils_dragon_island/thing/thing_bag_00.prb	1
Property/property/n/obj/flame/general_obj_bigtower04.gr2.prb	property/n/obj/flame/general_obj_bigtower04.gr2.prb	1
Property/property/devils_dragon_island/thing/thing_barricade_00.prb	property/devils_dragon_island/thing/thing_barricade_00.prb	1
Property/property/devils_dragon_island/thing/thing_barricade_01.prb	property/devils_dragon_island/thing/thing_barricade_01.prb	1
Property/property/devils_dragon_island/thing/thing_cagoboxset00.prb	property/devils_dragon_island/thing/thing_cagoboxset00.prb	1
Property/property/n/obj/map_n_desert_01/desert_wooddoor01.prb	property/n/obj/map_n_desert_01/desert_wooddoor01.prb	1
Property/property/devils_dragon_island/thing/thing_campfire_stone.prb	property/devils_dragon_island/thing/thing_campfire_stone.prb	1
Property/property/devils_dragon_island/thing/thing_hake_00.prb	property/devils_dragon_island/thing/thing_hake_00.prb	1
Property/property/devils_dragon_island/thing/thing_hake_02.prb	property/devils_dragon_island/thing/thing_hake_02.prb	1
Property/property/devils_dragon_island/thing/thing_hake_03.prb	property/devils_dragon_island/thing/thing_hake_03.prb	1
Property/property/n/obj/map_n_desert_01/desert_cart02.prb	property/n/obj/map_n_desert_01/desert_cart02.prb	1
Property/property/devils_dragon_island/thing/thing_hake_roll01.prb	property/devils_dragon_island/thing/thing_hake_roll01.prb	1
Property/property/devils_dragon_island/thing/thing_hake_roll03.prb	property/devils_dragon_island/thing/thing_hake_roll03.prb	1
Property/property/n/obj/map_n_desert_01/desert-bigdam-02.prb	property/n/obj/map_n_desert_01/desert-bigdam-02.prb	1
Property/property/devils_dragon_island/thing/thing_jar_hole.prb	property/devils_dragon_island/thing/thing_jar_hole.prb	1
Property/property/devils_dragon_island/thing/thing_market tent_01.prb	property/devils_dragon_island/thing/thing_market tent_01.prb	1
Property/property/devils_dragon_island/thing/thing_rock00.prb	property/devils_dragon_island/thing/thing_rock00.prb	1
Property/property/n/obj/flame/general_obj_stoneimage02.gr2.prb	property/n/obj/flame/general_obj_stoneimage02.gr2.prb	1
Property/property/devils_dragon_island/thing/thing_target javelin_00.prb	property/devils_dragon_island/thing/thing_target javelin_00.prb	1
Property/property/resources_picking/mushroom02.gr2.prd	property/resources_picking/mushroom02.gr2.prd	1
Property/property/n/obj/map_n_desert_01/desert-bigdam-04.prb	property/n/obj/map_n_desert_01/desert-bigdam-04.prb	1
Property/property/devils_dragon_island/thing/things_woodboat_00.prb	property/devils_dragon_island/thing/things_woodboat_00.prb	1
Property/property/devils_dragon_island/thing/weapon_bowcart.prb	property/devils_dragon_island/thing/weapon_bowcart.prb	1
Property/property/devils_dragon_island/thing/bone/bone_turtle_all00.prb	property/devils_dragon_island/thing/bone/bone_turtle_all00.prb	1
Property/property/n/obj/map_n_desert_01/b_general_obj_23.gr2.prb	property/n/obj/map_n_desert_01/b_general_obj_23.gr2.prb	1
Property/property/devils_dragon_island/thing/bone/bone_turtle_all01.prb	property/devils_dragon_island/thing/bone/bone_turtle_all01.prb	1
Property/property/n/obj/snow.m/general_obj_bigtower01.prb	property/n/obj/snow.m/general_obj_bigtower01.prb	1
Property/property/devils_dragon_island/thing/bone/bone_turtle_arm00.prb	property/devils_dragon_island/thing/bone/bone_turtle_arm00.prb	1
Property/property/devils_dragon_island/thing/bone/bone_whale_arm01.prb	property/devils_dragon_island/thing/bone/bone_whale_arm01.prb	1
Property/property/devils_dragon_island/thing/bone/bone_whale_deco00.prb	property/devils_dragon_island/thing/bone/bone_whale_deco00.prb	1
Property/property/devils_dragon_island/thing/bone/bone_whale_deco01.prb	property/devils_dragon_island/thing/bone/bone_whale_deco01.prb	1
Property/property/n/obj/map_n_desert_01/01_1/coconutpalm_rt_03.prt	property/n/obj/map_n_desert_01/01_1/coconutpalm_rt_03.prt	1
Property/property/devils_dragon_island/thing/bone/bone_whale_lump02.prb	property/devils_dragon_island/thing/bone/bone_whale_lump02.prb	1
Property/property/n/obj/map_n_desert_01/01_1/curlypalm_rt_03.prt	property/n/obj/map_n_desert_01/01_1/curlypalm_rt_03.prt	1
Property/property/n/obj/flame/warpgate01.gr2.prb	property/n/obj/flame/warpgate01.gr2.prb	1
Property/property/devils_dragon_island/thing/bone/bone_whale_lump03.prb	property/devils_dragon_island/thing/bone/bone_whale_lump03.prb	1
Property/property/devils_dragon_island/thing/bone/bone_whale_neck00.prb	property/devils_dragon_island/thing/bone/bone_whale_neck00.prb	1
Property/property/ghost/obj/general_obj_lamp_01.prb	property/ghost/obj/general_obj_lamp_01.prb	1
Property/property/devils_dragon_island/thing/bone/bone_whale_piece_rib03.prb	property/devils_dragon_island/thing/bone/bone_whale_piece_rib03.prb	1
Property/property/ghost/c1-033-guesthouse-02_01.prb	property/ghost/c1-033-guesthouse-02_01.prb	1
Property/property/n/obj/snow.m/general_obj_stoneimage01.prb	property/n/obj/snow.m/general_obj_stoneimage01.prb	1
Property/property/devils_dragon_island/thing/bone/bone_whale_piece_ver01.prb	property/devils_dragon_island/thing/bone/bone_whale_piece_ver01.prb	1
Property/property/devils_dragon_island/thing/bone/bone_whale_piece_ver02.prb	property/devils_dragon_island/thing/bone/bone_whale_piece_ver02.prb	1
Property/property/devils_dragon_island/thing/bone/bone_whale_piece_ver03.prb	property/devils_dragon_island/thing/bone/bone_whale_piece_ver03.prb	1
Property/property/devils_dragon_island/thing/bone/bone_whale_piece_ver04.prb	property/devils_dragon_island/thing/bone/bone_whale_piece_ver04.prb	1
Property/property/devils_dragon_island/thing/bone/bone_whale_rib_up00.prb	property/devils_dragon_island/thing/bone/bone_whale_rib_up00.prb	1
Property/property/devils_dragon_island/thing/bone/bone_whale_rib_up01.prb	property/devils_dragon_island/thing/bone/bone_whale_rib_up01.prb	1
Property/property/devils_dragon_island/thing/bone/bone_whale_tail00.prb	property/devils_dragon_island/thing/bone/bone_whale_tail00.prb	1
Property/property/thief_dungeon/haven_dungeon/skipia_passic.prd	property/thief_dungeon/haven_dungeon/skipia_passic.prd	1
Property/property/devils_dragon_island/thing/bone/bone_whale_tail02.prb	property/devils_dragon_island/thing/bone/bone_whale_tail02.prb	1
Property/property/devils_dragon_island/thing/bone/bone_whale_vertebra00.prb	property/devils_dragon_island/thing/bone/bone_whale_vertebra00.prb	1
Property/property/deviltower/deviltower2.prd	property/deviltower/deviltower2.prd	1
Property/property/deviltower/deviltower_1f.gr2.prd	property/deviltower/deviltower_1f.gr2.prd	1
Property/property/n/obj/snow.m/nsm-general_obj_21_1.prb	property/n/obj/snow.m/nsm-general_obj_21_1.prb	1
Property/property/n/nersluck/corpse_022.prb	property/n/nersluck/corpse_022.prb	1
Property/property/duel/a1-038-wall-corner_duel.prb	property/duel/a1-038-wall-corner_duel.prb	1
Property/property/n/obj/map_n_desert_01/desert-middledam-07.prb	property/n/obj/map_n_desert_01/desert-middledam-07.prb	1
Property/property/duel/a1-038-wall-door_duel.prb	property/duel/a1-038-wall-door_duel.prb	1
Property/property/ghost/obj/b_general_obj_21_1_01.prb	property/ghost/obj/b_general_obj_21_1_01.prb	1
Property/property/duel/a1-038-wall-lin_duel.prb	property/duel/a1-038-wall-lin_duel.prb	1
Property/property/duel/ring.prb	property/duel/ring.prb	1
Property/property/flame_dungeon/cliff_wall.prb	property/flame_dungeon/cliff_wall.prb	1
Property/property/ghost/obj/obj-0003_02.prb	property/ghost/obj/obj-0003_02.prb	1
Property/property/flame_dungeon/cliff_wall_up.prb	property/flame_dungeon/cliff_wall_up.prb	1
Property/property/flame_dungeon/flame_arch.prb	property/flame_dungeon/flame_arch.prb	1
Property/property/n/obj/flame/general_obj_bigtower02.gr2.prb	property/n/obj/flame/general_obj_bigtower02.gr2.prb	1
Property/property/flame_dungeon/flame_bossroom_floor.prb	property/flame_dungeon/flame_bossroom_floor.prb	1
Property/property/flame_dungeon/flame_dg_flage00.prb	property/flame_dungeon/flame_dg_flage00.prb	1
Property/property/flame_dungeon/flame_fence_00.prb	property/flame_dungeon/flame_fence_00.prb	1
Property/property/flame_dungeon/horn03.prb	property/flame_dungeon/horn03.prb	1
Property/property/flame_dungeon/horn04.prb	property/flame_dungeon/horn04.prb	1
Property/property/flame_dungeon/rock_pillar_03.prb	property/flame_dungeon/rock_pillar_03.prb	1
Property/property/flame_dungeon/rock_pillar_05.prb	property/flame_dungeon/rock_pillar_05.prb	1
Property/property/flame_dungeon/rock_pillar_06.prb	property/flame_dungeon/rock_pillar_06.prb	1
Property/property/flame_dungeon/steel_bridge_body.prb	property/flame_dungeon/steel_bridge_body.prb	1
Property/property/flame_dungeon/steel_bridge_pillar.prb	property/flame_dungeon/steel_bridge_pillar.prb	1
Property/property/n/milgyo/milgyo_tower02.gr2.prb	property/n/milgyo/milgyo_tower02.gr2.prb	1
Property/property/n/obj/snow.m/snow-middledam-03.prb	property/n/obj/snow.m/snow-middledam-03.prb	1
Property/property/flame_dungeon/stone01.prb	property/flame_dungeon/stone01.prb	1
Property/property/n/obj/map_n_desert_01/general_obj_fence02.gr2.prb	property/n/obj/map_n_desert_01/general_obj_fence02.gr2.prb	1
Property/property/flame_dungeon/stone03.prb	property/flame_dungeon/stone03.prb	1
Property/property/resources_picking/resource_1.mse.pre	property/resources_picking/resource_1.mse.pre	1
Property/property/ghost/b1-001-house3_01_01.prb	property/ghost/b1-001-house3_01_01.prb	1
Property/property/ghost/c1-007-itemshop_01_02.prb	property/ghost/c1-007-itemshop_01_02.prb	1
Property/property/ghost/c1-008-house5-2_02.prb	property/ghost/c1-008-house5-2_02.prb	1
Property/property/n/obj/snow.m/general_obj_suspension bridge03.prb	property/n/obj/snow.m/general_obj_suspension bridge03.prb	1
Property/property/ghost/c1-010-bank_01.prb	property/ghost/c1-010-bank_01.prb	1
Property/property/ghost/c1-011-workhouse-01.prb	property/ghost/c1-011-workhouse-01.prb	1
Property/property/ghost/c1-034-stonedoor-01.prb	property/ghost/c1-034-stonedoor-01.prb	1
Property/property/ghost/c1-038-wall-door_01.prb	property/ghost/c1-038-wall-door_01.prb	1
Property/property/snow_dungeon/dungeon_a1.prd	property/snow_dungeon/dungeon_a1.prd	1
Property/property/ghost/c1-038-wall-lin2_01.prb	property/ghost/c1-038-wall-lin2_01.prb	1
Property/property/n/obj/map_n_desert_01/desert-bigdam-05.prb	property/n/obj/map_n_desert_01/desert-bigdam-05.prb	1
Property/property/ghost/c1-038-wall-lin_01.prb	property/ghost/c1-038-wall-lin_01.prb	1
Property/property/ghost/c1_0004_house2_03.prb	property/ghost/c1_0004_house2_03.prb	1
Property/property/n/obj/snow.m/snow-002-inwall-02.prb	property/n/obj/snow.m/snow-002-inwall-02.prb	1
Property/property/ghost/obj/b_general_obj_06_01.prb	property/ghost/obj/b_general_obj_06_01.prb	1
Property/property/ghost/obj/b_general_obj_07_01.prb	property/ghost/obj/b_general_obj_07_01.prb	1
Property/property/ghost/obj/b_general_obj_10_01.prb	property/ghost/obj/b_general_obj_10_01.prb	1
Property/property/ghost/obj/b_general_obj_10_11_01.prb	property/ghost/obj/b_general_obj_10_11_01.prb	1
Property/property/ghost/obj/b_general_obj_10_12_01.prb	property/ghost/obj/b_general_obj_10_12_01.prb	1
Property/property/n/obj/snow.m/general_obj_lamp.prb	property/n/obj/snow.m/general_obj_lamp.prb	1
Property/property/n/nersluck/tent_02.prb	property/n/nersluck/tent_02.prb	1
Property/property/n/obj/map_n_desert_01/b_general_obj_27.gr2.prb	property/n/obj/map_n_desert_01/b_general_obj_27.gr2.prb	1
Property/property/ghost/obj/b_general_obj_10_1_01.prb	property/ghost/obj/b_general_obj_10_1_01.prb	1
Property/property/ghost/obj/obj-0003_03.prb	property/ghost/obj/obj-0003_03.prb	1
Property/property/ghost/obj/b_general_obj_16_01.prb	property/ghost/obj/b_general_obj_16_01.prb	1
Property/property/ghost/obj/b_general_obj_17_01.prb	property/ghost/obj/b_general_obj_17_01.prb	1
Property/property/ghost/obj/b_general_obj_21.prb	property/ghost/obj/b_general_obj_21.prb	1
Property/property/guild_construction/inside01height01set.prd	property/guild_construction/inside01height01set.prd	1
Property/property/ghost/obj/b_general_obj_27.prb	property/ghost/obj/b_general_obj_27.prb	1
Property/property/n/obj/map_n_desert_01/warpgate01.gr2.prb	property/n/obj/map_n_desert_01/warpgate01.gr2.prb	1
Property/property/ghost/obj/general_obj_bigtower02_01.prb	property/ghost/obj/general_obj_bigtower02_01.prb	1
Property/property/n/obj/map_n_desert_01/desert-middledam-03.prb	property/n/obj/map_n_desert_01/desert-middledam-03.prb	1
Property/property/ghost/obj/general_obj_bigtower07_01.prb	property/ghost/obj/general_obj_bigtower07_01.prb	1
Property/property/ghost/obj/general_obj_bigtower11_01.prb	property/ghost/obj/general_obj_bigtower11_01.prb	1
Property/property/ghost/obj/general_obj_brazier_01_01.prb	property/ghost/obj/general_obj_brazier_01_01.prb	1
Property/property/ghost/obj/general_obj_fence04_01.prb	property/ghost/obj/general_obj_fence04_01.prb	1
Property/property/ghost/obj/general_obj_flag_01.prb	property/ghost/obj/general_obj_flag_01.prb	1
Property/property/ghost/obj/general_obj_woodbox_01.prb	property/ghost/obj/general_obj_woodbox_01.prb	1
Property/property/ghost/obj/general_obj_woodchair_01.prb	property/ghost/obj/general_obj_woodchair_01.prb	1
Property/property/n/obj/map_n_desert_01/general_obj_fence04.gr2.prb	property/n/obj/map_n_desert_01/general_obj_fence04.gr2.prb	1
Property/property/ghost/obj/ob-b1-001-015_01.prb	property/ghost/obj/ob-b1-001-015_01.prb	1
Property/property/spider_dungeon/spider_dungeon01.gr2.prd	property/spider_dungeon/spider_dungeon01.gr2.prd	1
Property/property/ghost/obj/ob-b1-001-bix02_01.prb	property/ghost/obj/ob-b1-001-bix02_01.prb	1
Property/property/ghost/obj/ob-b1-001-box02_01.prb	property/ghost/obj/ob-b1-001-box02_01.prb	1
Property/property/ghost/obj/obj-0002_01.prb	property/ghost/obj/obj-0002_01.prb	1
Property/property/ghost/obj/obj-0006_01.prb	property/ghost/obj/obj-0006_01.prb	1
Property/property/guild_construction/calabash.gr2.prb	property/guild_construction/calabash.gr2.prb	1
Property/property/guild_construction/forge.gr2.prb	property/guild_construction/forge.gr2.prb	1
Property/property/n/obj/snow.m/general_obj_suspension bridge02.prb	property/n/obj/snow.m/general_obj_suspension bridge02.prb	1
Property/property/guild_construction/generaltomb.gr2.prb	property/guild_construction/generaltomb.gr2.prb	1
Property/property/guild_construction/inside01_passa.prd	property/guild_construction/inside01_passa.prd	1
Property/property/guild_construction/inside01_passb.prd	property/guild_construction/inside01_passb.prd	1
Property/property/n/nersluck/bone_01.prb	property/n/nersluck/bone_01.prb	1
Property/property/n/obj/map_n_desert_01/ob-bigstatue01.gr2.prb	property/n/obj/map_n_desert_01/ob-bigstatue01.gr2.prb	1
Property/property/guild_construction/inside01height02set.prd	property/guild_construction/inside01height02set.prd	1
Property/property/guild_construction/library.gr2.prb	property/guild_construction/library.gr2.prb	1
Property/property/guild_construction/library_02.gr2.prb	property/guild_construction/library_02.gr2.prb	1
Property/property/n/obj/map_n_desert_01/ob-b1-005-woodbarrel.gr2.prb	property/n/obj/map_n_desert_01/ob-b1-005-woodbarrel.gr2.prb	1
Property/property/guild_construction/sanctuary_landball.gr2.prb	property/guild_construction/sanctuary_landball.gr2.prb	1
Property/property/monkey_dungeon/monkey02_dungeon02.prd	property/monkey_dungeon/monkey02_dungeon02.prd	1
Property/property/n/obj/snow.m/snow-033-guesthouse-02.prb	property/n/obj/snow.m/snow-033-guesthouse-02.prb	1
Property/property/monkey_dungeon/monkey02_dungeon_cave02.prd	property/monkey_dungeon/monkey02_dungeon_cave02.prd	1
Property/property/n/obj/map_n_desert_01/desert-009-hotel.prb	property/n/obj/map_n_desert_01/desert-009-hotel.prb	1
Property/property/monkey_dungeon/monkey02_dungeon_cave03.prd	property/monkey_dungeon/monkey02_dungeon_cave03.prd	1
Property/property/monkey_dungeon/monkey02_dungeon_cave04.prd	property/monkey_dungeon/monkey02_dungeon_cave04.prd	1
Property/property/monkey_dungeon/monkey03_dungeon01.prd	property/monkey_dungeon/monkey03_dungeon01.prd	1
Property/property/monkey_dungeon/monkey03_dungeon02.prd	property/monkey_dungeon/monkey03_dungeon02.prd	1
Property/property/monkey_dungeon/monkey_dungeon01.prd	property/monkey_dungeon/monkey_dungeon01.prd	1
Property/property/monkey_dungeon/monkey_dungeon02.prd	property/monkey_dungeon/monkey_dungeon02.prd	1
Property/property/monkey_dungeon/monkey_dungeon_cave01.prd	property/monkey_dungeon/monkey_dungeon_cave01.prd	1
Property/property/monkey_dungeon/monkey_dungeon_cave04.prd	property/monkey_dungeon/monkey_dungeon_cave04.prd	1
Property/property/n/desert/cactus_01.prb	property/n/desert/cactus_01.prb	1
Property/property/n/desert/cactus_03.prb	property/n/desert/cactus_03.prb	1
Property/property/n/obj/map_n_desert_01/general_obj_bigtoewr12.gr2.prb	property/n/obj/map_n_desert_01/general_obj_bigtoewr12.gr2.prb	1
Property/property/n/desert/cactus_04.prb	property/n/desert/cactus_04.prb	1
Property/property/n/desert/cactus_05.prb	property/n/desert/cactus_05.prb	1
Property/property/n/milgyo/b1-024-10m-bridge.gr2.prb	property/n/milgyo/b1-024-10m-bridge.gr2.prb	1
Property/property/n/milgyo/milgyo_building04.gr2.prb	property/n/milgyo/milgyo_building04.gr2.prb	1
Property/property/n/milgyo/milgyo_pavilion.gr2.prb	property/n/milgyo/milgyo_pavilion.gr2.prb	1
Property/property/n/nersluck/nusluck_flag01.prb	property/n/nersluck/nusluck_flag01.prb	1
Property/property/n/nersluck/tent_01_lamp.prb	property/n/nersluck/tent_01_lamp.prb	1
Property/property/n/obj/flame/general_obj_bigtoewr01.gr2.prb	property/n/obj/flame/general_obj_bigtoewr01.gr2.prb	1
Property/property/n/obj/flame/general_obj_bigtower06.gr2.prb	property/n/obj/flame/general_obj_bigtower06.gr2.prb	1
Property/property/n/obj/flame/general_obj_bigtower07.gr2.prb	property/n/obj/flame/general_obj_bigtower07.gr2.prb	1
Property/property/n/obj/flame/general_obj_bigtower08.gr2.prb	property/n/obj/flame/general_obj_bigtower08.gr2.prb	1
Property/property/n/obj/flame/general_obj_bigtower10.gr2.prb	property/n/obj/flame/general_obj_bigtower10.gr2.prb	1
Property/property/n/obj/flame/general_obj_stoneimage01.gr2.prb	property/n/obj/flame/general_obj_stoneimage01.gr2.prb	1
Property/property/n/obj/flame/ob-bigstatue01.gr2.prb	property/n/obj/flame/ob-bigstatue01.gr2.prb	1
Property/property/n/obj/flame/ob-bigstatue03.gr2.prb	property/n/obj/flame/ob-bigstatue03.gr2.prb	1
Property/property/n/obj/map_n_desert_01/b_general_obj_24.gr2.prb	property/n/obj/map_n_desert_01/b_general_obj_24.gr2.prb	1
Property/property/n/obj/map_n_desert_01/b_general_obj_01_1.gr2.prb	property/n/obj/map_n_desert_01/b_general_obj_01_1.gr2.prb	1
Property/property/n/obj/map_n_desert_01/b_general_obj_03.gr2.prb	property/n/obj/map_n_desert_01/b_general_obj_03.gr2.prb	1
Property/property/n/obj/map_n_desert_01/desert-032-shamanhouse.prb	property/n/obj/map_n_desert_01/desert-032-shamanhouse.prb	1
Property/property/n/obj/map_n_desert_01/b_general_obj_04.gr2.prb	property/n/obj/map_n_desert_01/b_general_obj_04.gr2.prb	1
Property/property/n/obj/map_n_desert_01/b_general_obj_16.gr2.prb	property/n/obj/map_n_desert_01/b_general_obj_16.gr2.prb	1
Property/property/n/obj/map_n_desert_01/b_general_obj_17.gr2.prb	property/n/obj/map_n_desert_01/b_general_obj_17.gr2.prb	1
Property/property/resources_picking/mushroom04.gr2.prd	property/resources_picking/mushroom04.gr2.prd	1
Property/property/n/obj/map_n_desert_01/b_general_obj_21.gr2.prb	property/n/obj/map_n_desert_01/b_general_obj_21.gr2.prb	1
Property/property/n/obj/map_n_desert_01/b_general_obj_21_1.gr2.prb	property/n/obj/map_n_desert_01/b_general_obj_21_1.gr2.prb	1
Property/property/spider_dungeon/spider_dungeongate_up.prb	property/spider_dungeon/spider_dungeongate_up.prb	1
Property/property/n/obj/map_n_desert_01/b_general_obj_26.gr2.prb	property/n/obj/map_n_desert_01/b_general_obj_26.gr2.prb	1
Property/property/n/obj/map_n_desert_01/b_general_obj_29.gr2.prb	property/n/obj/map_n_desert_01/b_general_obj_29.gr2.prb	1
Property/property/n/obj/map_n_desert_01/desert-002-inwall-02.prb	property/n/obj/map_n_desert_01/desert-002-inwall-02.prb	1
Property/property/n/obj/map_n_desert_01/desert-004-house2.prb	property/n/obj/map_n_desert_01/desert-004-house2.prb	1
Property/property/n/obj/map_n_desert_01/desert-033-guesthouse-02.prb	property/n/obj/map_n_desert_01/desert-033-guesthouse-02.prb	1
Property/property/n/obj/map_n_desert_01/desert-bigdam-03.prb	property/n/obj/map_n_desert_01/desert-bigdam-03.prb	1
Property/property/n/obj/map_n_desert_01/desert-bigdam-06.prb	property/n/obj/map_n_desert_01/desert-bigdam-06.prb	1
Property/property/n/obj/snow.m/warpgate02.prb	property/n/obj/snow.m/warpgate02.prb	1
Property/property/n/obj/map_n_desert_01/desert-bigstone01.prb	property/n/obj/map_n_desert_01/desert-bigstone01.prb	1
Property/property/n/obj/map_n_desert_01/desert-middledam-02.prb	property/n/obj/map_n_desert_01/desert-middledam-02.prb	1
Property/property/n/obj/map_n_desert_01/desert-middledam-04.prb	property/n/obj/map_n_desert_01/desert-middledam-04.prb	1
Property/property/n/obj/map_n_desert_01/desert-middledam-06.prb	property/n/obj/map_n_desert_01/desert-middledam-06.prb	1
Property/property/n/obj/map_n_desert_01/desert_-bridge01.prb	property/n/obj/map_n_desert_01/desert_-bridge01.prb	1
Property/property/n/obj/map_n_desert_01/desert_4fbuilding.prb	property/n/obj/map_n_desert_01/desert_4fbuilding.prb	1
Property/property/n/obj/map_n_desert_01/desert_carriage01.prb	property/n/obj/map_n_desert_01/desert_carriage01.prb	1
Property/property/n/obj/map_n_desert_01/desert_cart01.prb	property/n/obj/map_n_desert_01/desert_cart01.prb	1
Property/property/n/obj/map_n_desert_01/desert_lionstone.prb	property/n/obj/map_n_desert_01/desert_lionstone.prb	1
Property/property/n/obj/map_n_desert_01/desert_tent01.prb	property/n/obj/map_n_desert_01/desert_tent01.prb	1
Property/property/n/obj/map_n_desert_01/desert_tower01.prb	property/n/obj/map_n_desert_01/desert_tower01.prb	1
Property/property/n/obj/map_n_desert_01/desert_tower02.prb	property/n/obj/map_n_desert_01/desert_tower02.prb	1
Property/property/n/obj/map_n_desert_01/general_obj_bigtoewr02.gr2.prb	property/n/obj/map_n_desert_01/general_obj_bigtoewr02.gr2.prb	1
Property/property/n/obj/map_n_desert_01/general_obj_bigtoewr04.gr2.prb	property/n/obj/map_n_desert_01/general_obj_bigtoewr04.gr2.prb	1
Property/property/n/obj/map_n_desert_01/general_obj_bigtoewr05.gr2.prb	property/n/obj/map_n_desert_01/general_obj_bigtoewr05.gr2.prb	1
Property/property/n/obj/map_n_desert_01/general_obj_bigtoewr06.gr2.prb	property/n/obj/map_n_desert_01/general_obj_bigtoewr06.gr2.prb	1
Property/property/n/obj/map_n_desert_01/general_obj_bigtoewr07.gr2.prb	property/n/obj/map_n_desert_01/general_obj_bigtoewr07.gr2.prb	1
Property/property/n/obj/map_n_desert_01/general_obj_bigtoewr08.gr2.prb	property/n/obj/map_n_desert_01/general_obj_bigtoewr08.gr2.prb	1
Property/property/n/obj/map_n_desert_01/general_obj_bigtoewr10.gr2.prb	property/n/obj/map_n_desert_01/general_obj_bigtoewr10.gr2.prb	1
Property/property/n/obj/map_n_desert_01/general_obj_bigtoewr11.gr2.prb	property/n/obj/map_n_desert_01/general_obj_bigtoewr11.gr2.prb	1
Property/property/n/obj/map_n_desert_01/general_obj_brazier.gr2.prb	property/n/obj/map_n_desert_01/general_obj_brazier.gr2.prb	1
Property/property/n/obj/snow.m/general_obj_stoneimage03.prb	property/n/obj/snow.m/general_obj_stoneimage03.prb	1
Property/property/n/obj/map_n_desert_01/general_obj_carriage.gr2.prb	property/n/obj/map_n_desert_01/general_obj_carriage.gr2.prb	1
Property/property/n/obj/map_n_desert_01/general_obj_charcoal.gr2.prb	property/n/obj/map_n_desert_01/general_obj_charcoal.gr2.prb	1
Property/property/n/obj/snow.m/general_obj_stone06.prb	property/n/obj/snow.m/general_obj_stone06.prb	1
Property/property/n/obj/map_n_desert_01/general_obj_drum.gr2.prb	property/n/obj/map_n_desert_01/general_obj_drum.gr2.prb	1
Property/property/n/obj/map_n_desert_01/general_obj_fence03.gr2.prb	property/n/obj/map_n_desert_01/general_obj_fence03.gr2.prb	1
Property/property/n/obj/map_n_desert_01/general_obj_fence05.gr2.prb	property/n/obj/map_n_desert_01/general_obj_fence05.gr2.prb	1
Property/property/n/obj/map_n_desert_01/general_obj_flag.gr2.prb	property/n/obj/map_n_desert_01/general_obj_flag.gr2.prb	1
Property/property/snow_dungeon/ice_pillar_s00.prb	property/snow_dungeon/ice_pillar_s00.prb	1
Property/property/n/obj/map_n_desert_01/general_obj_jar_red01.gr2.prb	property/n/obj/map_n_desert_01/general_obj_jar_red01.gr2.prb	1
Property/property/n/obj/map_n_desert_01/general_obj_jar_red02.gr2.prb	property/n/obj/map_n_desert_01/general_obj_jar_red02.gr2.prb	1
Property/property/n/obj/map_n_desert_01/general_obj_lionstoneimage.gr2.prb	property/n/obj/map_n_desert_01/general_obj_lionstoneimage.gr2.prb	1
Property/property/n/obj/map_n_desert_01/general_obj_stonedoor.gr2.prb	property/n/obj/map_n_desert_01/general_obj_stonedoor.gr2.prb	1
Property/property/n/obj/map_n_desert_01/general_obj_stoneimage01.gr2.prb	property/n/obj/map_n_desert_01/general_obj_stoneimage01.gr2.prb	1
Property/property/n/obj/snow.m/warpgate01.prb	property/n/obj/snow.m/warpgate01.prb	1
Property/property/n/obj/map_n_desert_01/general_obj_stoneimage02.gr2.prb	property/n/obj/map_n_desert_01/general_obj_stoneimage02.gr2.prb	1
Property/property/n/obj/snow.m/01_1/coloradobluespruce2.prt	property/n/obj/snow.m/01_1/coloradobluespruce2.prt	1
Property/property/n/obj/map_n_desert_01/general_obj_stoneimage03.gr2.prb	property/n/obj/map_n_desert_01/general_obj_stoneimage03.gr2.prb	1
Property/property/n/obj/map_n_desert_01/general_obj_tent01.gr2.prb	property/n/obj/map_n_desert_01/general_obj_tent01.gr2.prb	1
Property/property/n/obj/map_n_desert_01/general_obj_woodbed.gr2.prb	property/n/obj/map_n_desert_01/general_obj_woodbed.gr2.prb	1
Property/property/n/obj/map_n_desert_01/ob-b1-001-box02.gr2.prb	property/n/obj/map_n_desert_01/ob-b1-001-box02.gr2.prb	1
Property/property/n/obj/map_n_desert_01/ob-b1-001-box03.gr2.prb	property/n/obj/map_n_desert_01/ob-b1-001-box03.gr2.prb	1
Property/property/n/obj/map_n_desert_01/ob-b1-006-woodbarrel.gr2.prb	property/n/obj/map_n_desert_01/ob-b1-006-woodbarrel.gr2.prb	1
Property/property/n/obj/map_n_desert_01/ob-bigstatue02.gr2.prb	property/n/obj/map_n_desert_01/ob-bigstatue02.gr2.prb	1
Property/property/n/obj/map_n_desert_01/ob-bigstatue03.gr2.prb	property/n/obj/map_n_desert_01/ob-bigstatue03.gr2.prb	1
Property/property/n/obj/map_n_desert_01/warpgate02_01.gr2.prb	property/n/obj/map_n_desert_01/warpgate02_01.gr2.prb	1
Property/property/n/obj/map_n_desert_01/01_1/aloevera_rt_flowers_01.prt	property/n/obj/map_n_desert_01/01_1/aloevera_rt_flowers_01.prt	1
Property/property/n/obj/map_n_desert_01/01_1/bananatree_rt_02.prt	property/n/obj/map_n_desert_01/01_1/bananatree_rt_02.prt	1
Property/property/n/obj/map_n_desert_01/01_1/cinnamonfern_rt_02.prt	property/n/obj/map_n_desert_01/01_1/cinnamonfern_rt_02.prt	1
Property/property/n/obj/map_n_desert_01/01_1/cinnamonfern_rt_03.prt	property/n/obj/map_n_desert_01/01_1/cinnamonfern_rt_03.prt	1
Property/property/n/obj/map_n_desert_01/01_1/coconutpalm_rt_01.prt	property/n/obj/map_n_desert_01/01_1/coconutpalm_rt_01.prt	1
Property/property/n/obj/map_n_desert_01/01_1/coconutpalm_rt_02.prt	property/n/obj/map_n_desert_01/01_1/coconutpalm_rt_02.prt	1
Property/property/n/obj/map_n_desert_01/01_1/curlypalm_rt_02.prt	property/n/obj/map_n_desert_01/01_1/curlypalm_rt_02.prt	1
Property/property/n/obj/map_n_desert_01/01_1/datepalm_rt_01.prt	property/n/obj/map_n_desert_01/01_1/datepalm_rt_01.prt	1
Property/property/n/obj/map_n_desert_01/01_1/datepalm_rt_02.prt	property/n/obj/map_n_desert_01/01_1/datepalm_rt_02.prt	1
Property/property/n/obj/map_n_desert_01/01_1/datepalm_rt_03.prt	property/n/obj/map_n_desert_01/01_1/datepalm_rt_03.prt	1
Property/property/n/obj/snow.m/01_1/coloradobluespruce1.prt	property/n/obj/snow.m/01_1/coloradobluespruce1.prt	1
Property/property/n/obj/map_n_desert_01/01_1/joshuatree_rt_01.prt	property/n/obj/map_n_desert_01/01_1/joshuatree_rt_01.prt	1
Property/property/n/obj/map_n_desert_01/01_1/joshuatree_rt_02.prt	property/n/obj/map_n_desert_01/01_1/joshuatree_rt_02.prt	1
Property/property/n/obj/map_n_desert_01/01_1/joshuatree_rt_03.prt	property/n/obj/map_n_desert_01/01_1/joshuatree_rt_03.prt	1
Property/property/n/obj/map_n_desert_01/01_1/palmetto_rt_02.prt	property/n/obj/map_n_desert_01/01_1/palmetto_rt_02.prt	1
Property/property/n/obj/map_n_desert_01/01_1/palmetto_rt_03.prt	property/n/obj/map_n_desert_01/01_1/palmetto_rt_03.prt	1
Property/property/n/obj/snow.m/general_obj_bell.prb	property/n/obj/snow.m/general_obj_bell.prb	1
Property/property/n/obj/snow.m/general_obj_bigstone01.prb	property/n/obj/snow.m/general_obj_bigstone01.prb	1
Property/property/n/obj/snow.m/general_obj_bigstone04.prb	property/n/obj/snow.m/general_obj_bigstone04.prb	1
Property/property/n/obj/snow.m/general_obj_bigstone06.prb	property/n/obj/snow.m/general_obj_bigstone06.prb	1
Property/property/n/obj/snow.m/general_obj_bigstone07.prb	property/n/obj/snow.m/general_obj_bigstone07.prb	1
Property/property/n/obj/snow.m/general_obj_bigstone08.prb	property/n/obj/snow.m/general_obj_bigstone08.prb	1
Property/property/n/obj/snow.m/general_obj_bigstone09.prb	property/n/obj/snow.m/general_obj_bigstone09.prb	1
Property/property/n/obj/snow.m/general_obj_bigstone10.prb	property/n/obj/snow.m/general_obj_bigstone10.prb	1
Property/property/n/obj/snow.m/general_obj_bigtower02.prb	property/n/obj/snow.m/general_obj_bigtower02.prb	1
Property/property/n/obj/snow.m/general_obj_bigtower04.prb	property/n/obj/snow.m/general_obj_bigtower04.prb	1
Property/property/n/obj/snow.m/general_obj_bigtower07.prb	property/n/obj/snow.m/general_obj_bigtower07.prb	1
Property/property/n/obj/snow.m/general_obj_bigtower08.prb	property/n/obj/snow.m/general_obj_bigtower08.prb	1
Property/property/n/obj/snow.m/general_obj_bigtower09.prb	property/n/obj/snow.m/general_obj_bigtower09.prb	1
Property/property/n/obj/snow.m/01_1/whitepine2.prt	property/n/obj/snow.m/01_1/whitepine2.prt	1
Property/property/n/obj/snow.m/general_obj_bigtower10.prb	property/n/obj/snow.m/general_obj_bigtower10.prb	1
Property/property/n/obj/snow.m/general_obj_bigtower12.prb	property/n/obj/snow.m/general_obj_bigtower12.prb	1
Property/property/thief_dungeon/haven_dungeon/skipia_passis1.prd	property/thief_dungeon/haven_dungeon/skipia_passis1.prd	1
Property/property/n/obj/snow.m/general_obj_carriage.prb	property/n/obj/snow.m/general_obj_carriage.prb	1
Property/property/n/oxevent/scoccer_line.prb	property/n/oxevent/scoccer_line.prb	1
Property/property/n/obj/snow.m/general_obj_fence03.prb	property/n/obj/snow.m/general_obj_fence03.prb	1
Property/property/n/obj/snow.m/general_obj_fence05.prb	property/n/obj/snow.m/general_obj_fence05.prb	1
Property/property/n/obj/snow.m/general_obj_fence06.prb	property/n/obj/snow.m/general_obj_fence06.prb	1
Property/property/n/obj/snow.m/general_obj_ferryboat01.prb	property/n/obj/snow.m/general_obj_ferryboat01.prb	1
Property/property/n/obj/snow.m/general_obj_ferryboat02.prb	property/n/obj/snow.m/general_obj_ferryboat02.prb	1
Property/property/n/obj/snow.m/general_obj_stoneimage02.prb	property/n/obj/snow.m/general_obj_stoneimage02.prb	1
Property/property/n/obj/snow.m/general_obj_ferryboat03.prb	property/n/obj/snow.m/general_obj_ferryboat03.prb	1
Property/property/n/obj/snow.m/general_obj_flag.prb	property/n/obj/snow.m/general_obj_flag.prb	1
Property/property/n/obj/snow.m/general_obj_lionstoneimage.prb	property/n/obj/snow.m/general_obj_lionstoneimage.prb	1
Property/property/n/obj/snow.m/general_obj_pillar.prb	property/n/obj/snow.m/general_obj_pillar.prb	1
Property/property/n/obj/snow.m/general_obj_stone1.prb	property/n/obj/snow.m/general_obj_stone1.prb	1
Property/property/n/obj/snow.m/general_obj_stone10.prb	property/n/obj/snow.m/general_obj_stone10.prb	1
Property/property/n/obj/snow.m/general_obj_stone13.prb	property/n/obj/snow.m/general_obj_stone13.prb	1
Property/property/n/obj/snow.m/general_obj_stone18.prb	property/n/obj/snow.m/general_obj_stone18.prb	1
Property/property/n/obj/snow.m/general_obj_stonebox.prb	property/n/obj/snow.m/general_obj_stonebox.prb	1
Property/property/n/obj/snow.m/general_obj_stonepillar_01.prb	property/n/obj/snow.m/general_obj_stonepillar_01.prb	1
Property/property/n/obj/snow.m/general_obj_stonepillar_02.prb	property/n/obj/snow.m/general_obj_stonepillar_02.prb	1
Property/property/n/obj/snow.m/general_obj_suspension bridge01.prb	property/n/obj/snow.m/general_obj_suspension bridge01.prb	1
Property/property/n/obj/snow.m/general_obj_txtstone.prb	property/n/obj/snow.m/general_obj_txtstone.prb	1
Property/property/n/obj/snow.m/general_obj_watchtower01.prb	property/n/obj/snow.m/general_obj_watchtower01.prb	1
Property/property/n/obj/snow.m/general_obj_watchtower02.prb	property/n/obj/snow.m/general_obj_watchtower02.prb	1
Property/property/n/obj/snow.m/general_obj_watermill.prb	property/n/obj/snow.m/general_obj_watermill.prb	1
Property/property/n/obj/snow.m/general_obj_watermill_01.prb	property/n/obj/snow.m/general_obj_watermill_01.prb	1
Property/property/n/obj/snow.m/landmark-01-bellhouse.prb	property/n/obj/snow.m/landmark-01-bellhouse.prb	1
Property/property/n/obj/snow.m/landmark_grandstone01.prb	property/n/obj/snow.m/landmark_grandstone01.prb	1
Property/property/n/obj/snow.m/n_snow_m_resoucegate.gr2.prb	property/n/obj/snow.m/n_snow_m_resoucegate.gr2.prb	1
Property/property/n/obj/snow.m/nsm-016-house9.prb	property/n/obj/snow.m/nsm-016-house9.prb	1
Property/property/n/obj/snow.m/nsm-018-stonelight-1.prb	property/n/obj/snow.m/nsm-018-stonelight-1.prb	1
Property/property/n/obj/snow.m/nsm-018-stonelight.prb	property/n/obj/snow.m/nsm-018-stonelight.prb	1
Property/property/n/obj/snow.m/nsm-032-shamanhouse.prb	property/n/obj/snow.m/nsm-032-shamanhouse.prb	1
Property/property/thief_dungeon/haven_dungeon/skipia_passt.prd	property/thief_dungeon/haven_dungeon/skipia_passt.prd	1
Property/property/n/obj/snow.m/nsm-035-woodgate.prb	property/n/obj/snow.m/nsm-035-woodgate.prb	1
Property/property/n/obj/snow.m/01_1/coloradobluespruce3.prt	property/n/obj/snow.m/01_1/coloradobluespruce3.prt	1
Property/property/n/obj/snow.m/nsm-037-tower.prb	property/n/obj/snow.m/nsm-037-tower.prb	1
Property/property/n/obj/snow.m/nsm-general_obj_01.prb	property/n/obj/snow.m/nsm-general_obj_01.prb	1
Property/property/n/obj/snow.m/nsm-general_obj_01_1.prb	property/n/obj/snow.m/nsm-general_obj_01_1.prb	1
Property/property/snow_dungeon/dungeon_c2.prd	property/snow_dungeon/dungeon_c2.prd	1
Property/property/n/obj/snow.m/nsm-general_obj_01_2.prb	property/n/obj/snow.m/nsm-general_obj_01_2.prb	1
Property/property/n/obj/snow.m/nsm-general_obj_01_3.prb	property/n/obj/snow.m/nsm-general_obj_01_3.prb	1
Property/property/n/obj/snow.m/nsm-general_obj_01_4.prb	property/n/obj/snow.m/nsm-general_obj_01_4.prb	1
Property/property/n/obj/snow.m/nsm-general_obj_02.prb	property/n/obj/snow.m/nsm-general_obj_02.prb	1
Property/property/n/obj/snow.m/nsm-general_obj_04.prb	property/n/obj/snow.m/nsm-general_obj_04.prb	1
Property/property/n/obj/snow.m/nsm-general_obj_06.prb	property/n/obj/snow.m/nsm-general_obj_06.prb	1
Property/property/n/obj/snow.m/nsm-general_obj_07.prb	property/n/obj/snow.m/nsm-general_obj_07.prb	1
Property/property/n/obj/snow.m/nsm-general_obj_21.prb	property/n/obj/snow.m/nsm-general_obj_21.prb	1
Property/property/n/obj/snow.m/ob-7-02-02.prb	property/n/obj/snow.m/ob-7-02-02.prb	1
Property/property/n/obj/snow.m/ob-7-03-01.prb	property/n/obj/snow.m/ob-7-03-01.prb	1
Property/property/n/obj/snow.m/ob-bigstatue01.prb	property/n/obj/snow.m/ob-bigstatue01.prb	1
Property/property/n/obj/snow.m/ob-bigstone03.prb	property/n/obj/snow.m/ob-bigstone03.prb	1
Property/property/n/obj/snow.m/ob-bigstone04.prb	property/n/obj/snow.m/ob-bigstone04.prb	1
Property/property/n/obj/snow.m/obj-0010.prb	property/n/obj/snow.m/obj-0010.prb	1
Property/property/n/obj/snow.m/snow-004-hause2.prb	property/n/obj/snow.m/snow-004-hause2.prb	1
Property/property/n/obj/snow.m/snow-006-castle.prb	property/n/obj/snow.m/snow-006-castle.prb	1
Property/property/n/obj/snow.m/snow-009-hotel.prb	property/n/obj/snow.m/snow-009-hotel.prb	1
Property/property/n/obj/snow.m/snow-032-shamanhouse.prb	property/n/obj/snow.m/snow-032-shamanhouse.prb	1
Property/property/n/obj/snow.m/snow-035-woodgate.prb	property/n/obj/snow.m/snow-035-woodgate.prb	1
Property/property/n/obj/snow.m/snow-bigdam-01.prb	property/n/obj/snow.m/snow-bigdam-01.prb	1
Property/property/sample/666.prb	property/sample/666.prb	1
Property/property/n/obj/snow.m/01_1/beech_winter2.prt	property/n/obj/snow.m/01_1/beech_winter2.prt	1
Property/property/n/obj/snow.m/snow-bigdam-02.prb	property/n/obj/snow.m/snow-bigdam-02.prb	1
Property/property/n/obj/snow.m/snow-bigdam-04.prb	property/n/obj/snow.m/snow-bigdam-04.prb	1
Property/property/n/obj/snow.m/snow-bigdam-05.prb	property/n/obj/snow.m/snow-bigdam-05.prb	1
Property/property/n/obj/snow.m/snow-middledam-01.prb	property/n/obj/snow.m/snow-middledam-01.prb	1
Property/property/n/obj/snow.m/snow-middledam-04.prb	property/n/obj/snow.m/snow-middledam-04.prb	1
Property/property/n/obj/snow.m/snow-middledam-05.prb	property/n/obj/snow.m/snow-middledam-05.prb	1
Property/property/n/obj/snow.m/snow-middledam-06.prb	property/n/obj/snow.m/snow-middledam-06.prb	1
Property/property/n/obj/snow.m/snow-middledam-07.prb	property/n/obj/snow.m/snow-middledam-07.prb	1
Property/property/n/obj/snow.m/snow_4fbuilding.prb	property/n/obj/snow.m/snow_4fbuilding.prb	1
Property/property/n/obj/snow.m/snow_brazier.prb	property/n/obj/snow.m/snow_brazier.prb	1
Property/property/n/obj/snow.m/snow_tower01.prb	property/n/obj/snow.m/snow_tower01.prb	1
Property/property/n/obj/snow.m/snow_tower01_01.prb	property/n/obj/snow.m/snow_tower01_01.prb	1
Property/property/n/obj/snow.m/snow_tower01_02.prb	property/n/obj/snow.m/snow_tower01_02.prb	1
Property/property/n/obj/snow.m/snow_tower01_03.prb	property/n/obj/snow.m/snow_tower01_03.prb	1
Property/property/resources_picking/kimtest.gr2.prd	property/resources_picking/kimtest.gr2.prd	1
Property/property/n/obj/snow.m/warpgate02_01.prb	property/n/obj/snow.m/warpgate02_01.prb	1
Property/property/n/obj/snow.m/warpgate03.prb	property/n/obj/snow.m/warpgate03.prb	1
Property/property/n/obj/snow.m/warpgate03_01.prb	property/n/obj/snow.m/warpgate03_01.prb	1
Property/property/n/obj/snow.m/01_1/baobab_winter.prt	property/n/obj/snow.m/01_1/baobab_winter.prt	1
Property/property/n/obj/snow.m/01_1/beech_winter1.prt	property/n/obj/snow.m/01_1/beech_winter1.prt	1
Property/property/n/obj/snow.m/01_1/beech_winter3.prt	property/n/obj/snow.m/01_1/beech_winter3.prt	1
Property/property/n/obj/snow.m/01_1/montereycypress_winter1.prt	property/n/obj/snow.m/01_1/montereycypress_winter1.prt	1
Property/property/n/obj/snow.m/01_1/montereycypress_winter2.prt	property/n/obj/snow.m/01_1/montereycypress_winter2.prt	1
Property/property/n/obj/snow.m/01_1/montereycypress_winter3.prt	property/n/obj/snow.m/01_1/montereycypress_winter3.prt	1
Property/property/n/obj/snow.m/01_1/tulip_winter1.prt	property/n/obj/snow.m/01_1/tulip_winter1.prt	1
Property/property/n/obj/snow.m/01_1/whitepine1.prt	property/n/obj/snow.m/01_1/whitepine1.prt	1
Property/property/n/oxevent/o_flag.gr2.prb	property/n/oxevent/o_flag.gr2.prb	1
Property/property/n/oxevent/tree.prb	property/n/oxevent/tree.prb	1
Property/property/n/oxevent/x_flag.prb	property/n/oxevent/x_flag.prb	1
Property/property/resources_picking/glitter_bottom.mse.pre	property/resources_picking/glitter_bottom.mse.pre	1
Property/property/resources_picking/mushroom01.gr2.prd	property/resources_picking/mushroom01.gr2.prd	1
Property/property/resources_picking/resource_2.mse.pre	property/resources_picking/resource_2.mse.pre	1
Property/property/resources_picking/resource_3.mse.pre	property/resources_picking/resource_3.mse.pre	1
Property/property/resources_picking/resource_big.mse.pre	property/resources_picking/resource_big.mse.pre	1
Property/property/resources_picking/resources_picking_all.gr2.prd	property/resources_picking/resources_picking_all.gr2.prd	1
Property/property/snow_dungeon/dungeon_a3.prd	property/snow_dungeon/dungeon_a3.prd	1
Property/property/snow_dungeon/dungeon_b1.prd	property/snow_dungeon/dungeon_b1.prd	1
Property/property/snow_dungeon/dungeon_b2.prd	property/snow_dungeon/dungeon_b2.prd	1
Property/property/snow_dungeon/dungeon_b3.prd	property/snow_dungeon/dungeon_b3.prd	1
Property/property/snow_dungeon/dungeon_c3.prd	property/snow_dungeon/dungeon_c3.prd	1
Property/property/snow_dungeon/ice_pillar_s01.prb	property/snow_dungeon/ice_pillar_s01.prb	1
Property/property/snow_dungeon/ice_pillar_s05.prb	property/snow_dungeon/ice_pillar_s05.prb	1
Property/property/snow_dungeon/icicle_up_05.prb	property/snow_dungeon/icicle_up_05.prb	1
Property/property/spider_dungeon/spider_dungeon03.gr2.prd	property/spider_dungeon/spider_dungeon03.gr2.prd	1
Property/property/spider_dungeon/spider_dungeon04.gr2.prd	property/spider_dungeon/spider_dungeon04.gr2.prd	1
Property/property/thief_dungeon/gfdg.prb	property/thief_dungeon/gfdg.prb	1
Property/property/thief_dungeon/test001.gr2.prb	property/thief_dungeon/test001.gr2.prb	1
Property/property/thief_dungeon/thief_dungeon_gate.gr2.prb	property/thief_dungeon/thief_dungeon_gate.gr2.prb	1
Property/property/thief_dungeon/a_new/a3_building.prb	property/thief_dungeon/a_new/a3_building.prb	1
Property/property/thief_dungeon/haven_dungeon/skipia_collision.prb	property/thief_dungeon/haven_dungeon/skipia_collision.prb	1
Property/property/thief_dungeon/haven_dungeon/skipia_passc.prd	property/thief_dungeon/haven_dungeon/skipia_passc.prd	1
Property/property/thief_dungeon/haven_dungeon/skipia_passi.prd	property/thief_dungeon/haven_dungeon/skipia_passi.prd	1
Property/property/thief_dungeon/haven_dungeon/skipia_passis2.prd	property/thief_dungeon/haven_dungeon/skipia_passis2.prd	1
Property/property/thief_dungeon/haven_dungeon/skipia_passis3.prd	property/thief_dungeon/haven_dungeon/skipia_passis3.prd	1
Property/property/thief_dungeon/haven_dungeon/eff/big_resorce02.pre	property/thief_dungeon/haven_dungeon/eff/big_resorce02.pre	1
Property/property/thief_dungeon/haven_dungeon/eff/smallb_resorce.pre	property/thief_dungeon/haven_dungeon/eff/smallb_resorce.pre	1
