season3_eu/season2/metin2_map_skipia_dungeon_01/002003/attr.atr	season2/metin2_map_skipia_dungeon_01/002003/attr.atr	1
season3_eu/map_a2/001005/shadowmap.dds	map_a2/001005/shadowmap.dds	1
season3_eu/property/b/10.공용/ob-bigdam-03.prb	property/b/10.공용/ob-bigdam-03.prb	0
season3_eu/season2/metin2_map_skipia_dungeon_01/003004/areadata.txt	season2/metin2_map_skipia_dungeon_01/003004/areadata.txt	2
season3_eu/season2/metin2_map_skipia_dungeon_01/005000/height.raw	season2/metin2_map_skipia_dungeon_01/005000/height.raw	1
season3_eu/season2/metin2_map_skipia_dungeon_01/000003/attr.atr	season2/metin2_map_skipia_dungeon_01/000003/attr.atr	1
season3_eu/property/n/obj/snow.m/nsm-037-tower.dds	property/n/obj/snow.m/nsm-037-tower.dds	1
season3_eu/season2/metin2_map_skipia_dungeon_02/002004/attr.atr	season2/metin2_map_skipia_dungeon_02/002004/attr.atr	1
season3_eu/season2/metin2_map_skipia_dungeon_02/001000/areadata.txt	season2/metin2_map_skipia_dungeon_02/001000/areadata.txt	2
season3_eu/property/n/obj/snow.m/nsm-general_obj_01_1_lod_01.gr2	property/n/obj/snow.m/nsm-general_obj_01_1_lod_01.gr2	0
season3_eu/season2/npc/ent_elder/31.gr2	season2/npc/ent_elder/31.gr2	0
season3_eu/map_a2/001005/shadowmap.raw	map_a2/001005/shadowmap.raw	1
season3_eu/map_a2/000005/attr.atr	map_a2/000005/attr.atr	1
season3_eu/property/n/obj/snow.m/snow-032-shamanhouse-1.dds	property/n/obj/snow.m/snow-032-shamanhouse-1.dds	1
season3_eu/season2/metin2_map_skipia_dungeon_01/001001/minimap.dds	season2/metin2_map_skipia_dungeon_01/001001/minimap.dds	1
season3_eu/property/b/10.공용/ob-bigdam-04.prb	property/b/10.공용/ob-bigdam-04.prb	0
season3_eu/ymir work/monster2/ch_bowman/14.jpg	d:/ymir work/monster2/ch_bowman/14.jpg	0
season3_eu/ymir work/monster2/ch_bowman/20.msa	d:/ymir work/monster2/ch_bowman/20.msa	2
season3_eu/season2/metin2_map_skipia_dungeon_01/000003/height.raw	season2/metin2_map_skipia_dungeon_01/000003/height.raw	1
season3_eu/ymir work/zone/dungeon/haven_dungeon/skipia_passis1.mdatr	d:/ymir work/zone/dungeon/haven_dungeon/skipia_passis1.mdatr	0
season3_eu/map_a2/000005/height.raw	map_a2/000005/height.raw	1
season3_eu/season2/metin2_map_skipia_dungeon_02/003005/areadata.txt	season2/metin2_map_skipia_dungeon_02/003005/areadata.txt	2
season3_eu/season2/metin2_map_skipia_dungeon_01/000000/areadata.txt	season2/metin2_map_skipia_dungeon_01/000000/areadata.txt	2
season3_eu/ymir work/monster2/ch_bowman/blow.mse	d:/ymir work/monster2/ch_bowman/blow.mse	1
season3_eu/map_a2/000005/tile.raw	map_a2/000005/tile.raw	1
season3_eu/property/n/obj/snow.m/general_obj_tent01_lod_01.gr2	property/n/obj/snow.m/general_obj_tent01_lod_01.gr2	0
season3_eu/property/n/obj/snow.m/general_obj_bigstone06_lod_01.gr2	property/n/obj/snow.m/general_obj_bigstone06_lod_01.gr2	0
season3_eu/season2/metin2_map_skipia_dungeon_02/001003/height.raw	season2/metin2_map_skipia_dungeon_02/001003/height.raw	1
season3_eu/property/n/obj/snow.m/nsm-032-shamanhouse-3.dds	property/n/obj/snow.m/nsm-032-shamanhouse-3.dds	1
season3_eu/season2/metin2_map_skipia_dungeon_01/001004/height.raw	season2/metin2_map_skipia_dungeon_01/001004/height.raw	1
season3_eu/property/n/obj/snow.m/nsm-032-shamanhouse-2.dds	property/n/obj/snow.m/nsm-032-shamanhouse-2.dds	1
season3_eu/map_a2/001005/minimap.dds	map_a2/001005/minimap.dds	1
season3_eu/ymir work/zone/dungeon/haven_dungeon/skipia_passl_lightingmap04.dds	d:/ymir work/zone/dungeon/haven_dungeon/skipia_passl_lightingmap04.dds	1
season3_eu/map_a2/001005/height.raw	map_a2/001005/height.raw	1
season3_eu/season2/metin2_map_skipia_dungeon_02/004003/attr.atr	season2/metin2_map_skipia_dungeon_02/004003/attr.atr	1
season3_eu/map_a2/001005/attr.atr	map_a2/001005/attr.atr	1
season3_eu/property/b/10.공용/ob_4fbuilding.prb	property/b/10.공용/ob_4fbuilding.prb	0
season3_eu/season2/npc/ent_elder/36.msa	season2/npc/ent_elder/36.msa	2
season3_eu/map_a2/001005/areadata.txt	map_a2/001005/areadata.txt	2
season3_eu/property/n/obj/snow.m/warpgate02_01.mdatr	property/n/obj/snow.m/warpgate02_01.mdatr	0
season3_eu/property/n/obj/snow.m/general_obj_stonepillar_02_lod_01.gr2	property/n/obj/snow.m/general_obj_stonepillar_02_lod_01.gr2	0
season3_eu/season2/npc/ent_elder/ent_elder.gr2	season2/npc/ent_elder/ent_elder.gr2	0
season3_eu/season2/metin2_map_skipia_dungeon_01/000001/attr.atr	season2/metin2_map_skipia_dungeon_01/000001/attr.atr	1
season3_eu/property/n/obj/snow.m/general_obj_fence01.gr2	property/n/obj/snow.m/general_obj_fence01.gr2	0
season3_eu/property/n/obj/snow.m/general_obj_txtstone.gr2	property/n/obj/snow.m/general_obj_txtstone.gr2	0
season3_eu/map_a2/001005/tile.raw	map_a2/001005/tile.raw	1
season3_eu/season2/metin2_map_skipia_dungeon_01/000004/attr.atr	season2/metin2_map_skipia_dungeon_01/000004/attr.atr	1
season3_eu/property/n/obj/snow.m/nsm-10m-bridge02.mdatr	property/n/obj/snow.m/nsm-10m-bridge02.mdatr	0
season3_eu/ymir work/monster2/ch_magician/33.gr2	d:/ymir work/monster2/ch_magician/33.gr2	0
season3_eu/season2/metin2_map_skipia_bossdungeon/000000/areadata.txt	season2/metin2_map_skipia_bossdungeon/000000/areadata.txt	2
season3_eu/property/n/obj/snow.m/nsm-018-stonelight-1.gr2	property/n/obj/snow.m/nsm-018-stonelight-1.gr2	0
season3_eu/season2/metin2_map_skipia_bossdungeon/setting.txt	season2/metin2_map_skipia_bossdungeon/setting.txt	2
season3_eu/ymir work/npc2/warriorghost/warriorghost.msm	d:/ymir work/npc2/warriorghost/warriorghost.msm	2
season3_eu/property/n/obj/snow.m/general_obj_bigtower08.gr2	property/n/obj/snow.m/general_obj_bigtower08.gr2	0
season3_eu/season2/metin2_map_skipia_bossdungeon/000000/attr.atr	season2/metin2_map_skipia_bossdungeon/000000/attr.atr	1
season3_eu/property/n/obj/snow.m/general_obj_watchtower03.mdatr	property/n/obj/snow.m/general_obj_watchtower03.mdatr	0
season3_eu/season2/metin2_map_skipia_dungeon_01/004003/attr.atr	season2/metin2_map_skipia_dungeon_01/004003/attr.atr	1
season3_eu/season2/metin2_map_skipia_dungeon_02/000005/areadata.txt	season2/metin2_map_skipia_dungeon_02/000005/areadata.txt	2
season3_eu/season2/metin2_map_skipia_bossdungeon/000000/height.raw	season2/metin2_map_skipia_bossdungeon/000000/height.raw	1
season3_eu/ymir work/monster2/ch_magician/35.msa	d:/ymir work/monster2/ch_magician/35.msa	2
season3_eu/property/n/obj/snow.m/general_obj_bigstone02.mdatr	property/n/obj/snow.m/general_obj_bigstone02.mdatr	0
season3_eu/season2/metin2_map_skipia_dungeon_01/001005/attr.atr	season2/metin2_map_skipia_dungeon_01/001005/attr.atr	1
season3_eu/property/n/obj/snow.m/general_obj_watermill_01_lod_01.gr2	property/n/obj/snow.m/general_obj_watermill_01_lod_01.gr2	0
season3_eu/season2/metin2_map_skipia_dungeon_02/000000/areadata.txt	season2/metin2_map_skipia_dungeon_02/000000/areadata.txt	2
season3_eu/season2/metin2_map_skipia_dungeon_01/003005/areadata.txt	season2/metin2_map_skipia_dungeon_01/003005/areadata.txt	2
season3_eu/property/n/obj/snow.m/snow-006-castle.gr2	property/n/obj/snow.m/snow-006-castle.gr2	0
season3_eu/season2/metin2_map_skipia_dungeon_01/000002/minimap.dds	season2/metin2_map_skipia_dungeon_01/000002/minimap.dds	1
season3_eu/property/n/obj/snow.m/general_obj_bigtower06.mdatr	property/n/obj/snow.m/general_obj_bigtower06.mdatr	0
season3_eu/season2/metin2_map_skipia_dungeon_01/000000/shadowmap.dds	season2/metin2_map_skipia_dungeon_01/000000/shadowmap.dds	1
season3_eu/property/n/obj/snow.m/ob-bigstatue01.mdatr	property/n/obj/snow.m/ob-bigstatue01.mdatr	0
season3_eu/ymir work/monster2/ch_bowman/34_1.msa	d:/ymir work/monster2/ch_bowman/34_1.msa	2
season3_eu/property/n/obj/snow.m/general_obj_bigstonegate02.gr2	property/n/obj/snow.m/general_obj_bigstonegate02.gr2	0
season3_eu/season2/metin2_map_skipia_bossdungeon/000000/minimap.dds	season2/metin2_map_skipia_bossdungeon/000000/minimap.dds	1
season3_eu/season2/metin2_map_skipia_dungeon_01/002003/areadata.txt	season2/metin2_map_skipia_dungeon_01/002003/areadata.txt	2
season3_eu/season2/metin2_map_skipia_dungeon_01/001002/minimap.dds	season2/metin2_map_skipia_dungeon_01/001002/minimap.dds	1
season3_eu/season2/metin2_map_skipia_dungeon_02/004004/attr.atr	season2/metin2_map_skipia_dungeon_02/004004/attr.atr	1
season3_eu/season2/metin2_map_skipia_dungeon_01/001001/height.raw	season2/metin2_map_skipia_dungeon_01/001001/height.raw	1
season3_eu/property/n/obj/snow.m/general_obj_stone19.dds	property/n/obj/snow.m/general_obj_stone19.dds	1
season3_eu/property/n/obj/snow.m/obj-0010jomyoung-all.dds	property/n/obj/snow.m/obj-0010jomyoung-all.dds	1
season3_eu/season2/metin2_map_skipia_bossdungeon/skipia_dungeon.msenv	season2/metin2_map_skipia_bossdungeon/skipia_dungeon.msenv	0
season3_eu/property/n/obj/snow.m/general_obj_bigstone05.mdatr	property/n/obj/snow.m/general_obj_bigstone05.mdatr	0
season3_eu/season2/metin2_map_skipia_dungeon_01/001000/minimap.dds	season2/metin2_map_skipia_dungeon_01/001000/minimap.dds	1
season3_eu/season2/metin2_map_skipia_dungeon_01/005005/minimap.dds	season2/metin2_map_skipia_dungeon_01/005005/minimap.dds	1
season3_eu/season2/metin2_map_skipia_dungeon_01/000000/attr.atr	season2/metin2_map_skipia_dungeon_01/000000/attr.atr	1
season3_eu/season2/metin2_map_skipia_dungeon_01/001003/attr.atr	season2/metin2_map_skipia_dungeon_01/001003/attr.atr	1
season3_eu/season2/metin2_map_skipia_dungeon_01/000000/height.raw	season2/metin2_map_skipia_dungeon_01/000000/height.raw	1
season3_eu/season2/metin2_map_skipia_dungeon_02/001004/attr.atr	season2/metin2_map_skipia_dungeon_02/001004/attr.atr	1
season3_eu/season2/metin2_map_skipia_dungeon_01/000000/minimap.dds	season2/metin2_map_skipia_dungeon_01/000000/minimap.dds	1
season3_eu/property/n/obj/snow.m/general_obj_pillar.mdatr	property/n/obj/snow.m/general_obj_pillar.mdatr	0
season3_eu/season2/metin2_map_skipia_dungeon_01/001000/areadata.txt	season2/metin2_map_skipia_dungeon_01/001000/areadata.txt	2
season3_eu/season2/metin2_map_skipia_dungeon_01/000003/minimap.dds	season2/metin2_map_skipia_dungeon_01/000003/minimap.dds	1
season3_eu/property/n/obj/snow.m/general_obj_stoneimage02.mdatr	property/n/obj/snow.m/general_obj_stoneimage02.mdatr	0
season3_eu/season2/metin2_map_skipia_dungeon_01/000001/minimap.dds	season2/metin2_map_skipia_dungeon_01/000001/minimap.dds	1
season3_eu/ymir work/monster2/ch_general/20_1.gr2	d:/ymir work/monster2/ch_general/20_1.gr2	0
season3_eu/property/n/obj/snow.m/general_obj_bigtower09.mdatr	property/n/obj/snow.m/general_obj_bigtower09.mdatr	0
season3_eu/property/n/obj/snow.m/snow-middledam-03.mdatr	property/n/obj/snow.m/snow-middledam-03.mdatr	0
season3_eu/season2/metin2_map_skipia_dungeon_01/000001/areadata.txt	season2/metin2_map_skipia_dungeon_01/000001/areadata.txt	2
season3_eu/property/n/obj/snow.m/obj-0002-9.dds	property/n/obj/snow.m/obj-0002-9.dds	1
season3_eu/property/n/obj/snow.m/general_obj_stone18.mdatr	property/n/obj/snow.m/general_obj_stone18.mdatr	0
season3_eu/season2/metin2_map_skipia_dungeon_01/001005/height.raw	season2/metin2_map_skipia_dungeon_01/001005/height.raw	1
season3_eu/season2/npc/ent_elder/00_1.msa	season2/npc/ent_elder/00_1.msa	2
season3_eu/season2/metin2_map_skipia_dungeon_01/000001/height.raw	season2/metin2_map_skipia_dungeon_01/000001/height.raw	1
season3_eu/season2/metin2_map_skipia_dungeon_01/000002/attr.atr	season2/metin2_map_skipia_dungeon_01/000002/attr.atr	1
season3_eu/season2/metin2_map_skipia_dungeon_01/000005/areadata.txt	season2/metin2_map_skipia_dungeon_01/000005/areadata.txt	2
season3_eu/property/n/obj/snow.m/general_obj_lamp.gr2	property/n/obj/snow.m/general_obj_lamp.gr2	0
season3_eu/property/n/obj/snow.m/general_obj_ferryboat01.mdatr	property/n/obj/snow.m/general_obj_ferryboat01.mdatr	0
season3_eu/ymir work/monster2/ch_footman/00_1.msa	d:/ymir work/monster2/ch_footman/00_1.msa	2
season3_eu/ymir work/monster2/ch_footman/36.gr2	d:/ymir work/monster2/ch_footman/36.gr2	0
season3_eu/property/n/obj/snow.m/general_obj_stone06.mdatr	property/n/obj/snow.m/general_obj_stone06.mdatr	0
season3_eu/season2/metin2_map_skipia_dungeon_01/000002/areadata.txt	season2/metin2_map_skipia_dungeon_01/000002/areadata.txt	2
season3_eu/season2/metin2_map_skipia_dungeon_02/001001/height.raw	season2/metin2_map_skipia_dungeon_02/001001/height.raw	1
season3_eu/season2/metin2_map_skipia_dungeon_01/000002/height.raw	season2/metin2_map_skipia_dungeon_01/000002/height.raw	1
season3_eu/season2/metin2_map_skipia_dungeon_01/000005/attr.atr	season2/metin2_map_skipia_dungeon_01/000005/attr.atr	1
season3_eu/season2/metin2_map_skipia_dungeon_01/000003/areadata.txt	season2/metin2_map_skipia_dungeon_01/000003/areadata.txt	2
season3_eu/property/n/obj/snow.m/general_obj_suspension bridge03.mdatr	property/n/obj/snow.m/general_obj_suspension bridge03.mdatr	0
season3_eu/season2/metin2_map_skipia_dungeon_01/000004/areadata.txt	season2/metin2_map_skipia_dungeon_01/000004/areadata.txt	2
season3_eu/season2/metin2_map_skipia_dungeon_01/004001/height.raw	season2/metin2_map_skipia_dungeon_01/004001/height.raw	1
season3_eu/season2/metin2_map_skipia_dungeon_01/000004/height.raw	season2/metin2_map_skipia_dungeon_01/000004/height.raw	1
season3_eu/season2/metin2_map_skipia_dungeon_01/001005/areadata.txt	season2/metin2_map_skipia_dungeon_01/001005/areadata.txt	2
season3_eu/property/n/obj/snow.m/nsm-general_obj_21_lod_01.gr2	property/n/obj/snow.m/nsm-general_obj_21_lod_01.gr2	0
season3_eu/property/n/obj/snow.m/snow-middledam-05.mdatr	property/n/obj/snow.m/snow-middledam-05.mdatr	0
season3_eu/season2/metin2_map_skipia_dungeon_01/001002/areadata.txt	season2/metin2_map_skipia_dungeon_01/001002/areadata.txt	2
season3_eu/property/n/obj/snow.m/nsm-general_obj_21_1.gr2	property/n/obj/snow.m/nsm-general_obj_21_1.gr2	0
season3_eu/season2/metin2_map_skipia_dungeon_01/004004/height.raw	season2/metin2_map_skipia_dungeon_01/004004/height.raw	1
season3_eu/season2/metin2_map_skipia_dungeon_01/000004/minimap.dds	season2/metin2_map_skipia_dungeon_01/000004/minimap.dds	1
season3_eu/property/n/obj/snow.m/snow-033-guesthouse-01.dds	property/n/obj/snow.m/snow-033-guesthouse-01.dds	1
season3_eu/season2/metin2_map_skipia_dungeon_01/001004/attr.atr	season2/metin2_map_skipia_dungeon_01/001004/attr.atr	1
season3_eu/ymir work/monster2/ch_officer/31.msa	d:/ymir work/monster2/ch_officer/31.msa	2
season3_eu/season2/metin2_map_skipia_dungeon_01/000005/height.raw	season2/metin2_map_skipia_dungeon_01/000005/height.raw	1
season3_eu/property/n/obj/snow.m/general_obj_brazier_01.dds	property/n/obj/snow.m/general_obj_brazier_01.dds	1
season3_eu/property/n/obj/snow.m/snow_4fbuilding_03.dds	property/n/obj/snow.m/snow_4fbuilding_03.dds	1
season3_eu/property/n/obj/snow.m/general_obj_bigstonegate.dds	property/n/obj/snow.m/general_obj_bigstonegate.dds	1
season3_eu/ymir work/monster2/ch_bowman/30.msa	d:/ymir work/monster2/ch_bowman/30.msa	2
season3_eu/ymir work/npc2/obj_bag003/obj_bag003.dds	d:/ymir work/npc2/obj_bag003/obj_bag003.dds	1
season3_eu/season2/metin2_map_skipia_dungeon_01/001001/attr.atr	season2/metin2_map_skipia_dungeon_01/001001/attr.atr	1
season3_eu/season2/metin2_map_skipia_dungeon_01/000005/minimap.dds	season2/metin2_map_skipia_dungeon_01/000005/minimap.dds	1
season3_eu/property/n/obj/snow.m/general_obj_stone05.mdatr	property/n/obj/snow.m/general_obj_stone05.mdatr	0
season3_eu/season2/metin2_map_skipia_dungeon_01/001000/attr.atr	season2/metin2_map_skipia_dungeon_01/001000/attr.atr	1
season3_eu/season2/npc/ent_elder/motlist.txt	season2/npc/ent_elder/motlist.txt	2
season3_eu/property/n/obj/snow.m/general_obj_bigtower07.gr2	property/n/obj/snow.m/general_obj_bigtower07.gr2	0
season3_eu/property/n/obj/snow.m/warpgate03_01.mdatr	property/n/obj/snow.m/warpgate03_01.mdatr	0
season3_eu/season2/metin2_map_skipia_dungeon_01/001000/height.raw	season2/metin2_map_skipia_dungeon_01/001000/height.raw	1
season3_eu/season2/metin2_map_skipia_dungeon_01/004002/minimap.dds	season2/metin2_map_skipia_dungeon_01/004002/minimap.dds	1
season3_eu/season2/metin2_map_skipia_dungeon_01/001001/areadata.txt	season2/metin2_map_skipia_dungeon_01/001001/areadata.txt	2
season3_eu/season2/npc/ent_elder/00.msa	season2/npc/ent_elder/00.msa	2
season3_eu/property/n/obj/snow.m/snow_tower02_04.dds	property/n/obj/snow.m/snow_tower02_04.dds	1
season3_eu/property/n/obj/snow.m/general_obj_bigtower05_lod_01.gr2	property/n/obj/snow.m/general_obj_bigtower05_lod_01.gr2	0
season3_eu/season2/metin2_map_skipia_dungeon_01/005000/minimap.dds	season2/metin2_map_skipia_dungeon_01/005000/minimap.dds	1
season3_eu/season2/metin2_map_skipia_dungeon_01/001002/attr.atr	season2/metin2_map_skipia_dungeon_01/001002/attr.atr	1
season3_eu/property/n/obj/snow.m/nsm-general_obj_07.mdatr	property/n/obj/snow.m/nsm-general_obj_07.mdatr	0
season3_eu/ymir work/ui/atlas/map_a2/atlas.sub	d:/ymir work/ui/atlas/map_a2/atlas.sub	0
season3_eu/season2/metin2_map_skipia_dungeon_01/001002/height.raw	season2/metin2_map_skipia_dungeon_01/001002/height.raw	1
season3_eu/property/n/obj/snow.m/general_obj_bigstone10_lod_01.gr2	property/n/obj/snow.m/general_obj_bigstone10_lod_01.gr2	0
season3_eu/season2/metin2_map_skipia_dungeon_01/001003/areadata.txt	season2/metin2_map_skipia_dungeon_01/001003/areadata.txt	2
season3_eu/season2/metin2_map_skipia_dungeon_01/001003/height.raw	season2/metin2_map_skipia_dungeon_01/001003/height.raw	1
season3_eu/season2/metin2_map_skipia_dungeon_01/001003/minimap.dds	season2/metin2_map_skipia_dungeon_01/001003/minimap.dds	1
season3_eu/property/n/obj/snow.m/warpgate03.dds	property/n/obj/snow.m/warpgate03.dds	1
season3_eu/property/n/obj/snow.m/general_obj_carriage.gr2	property/n/obj/snow.m/general_obj_carriage.gr2	0
season3_eu/season2/metin2_map_skipia_dungeon_01/001004/areadata.txt	season2/metin2_map_skipia_dungeon_01/001004/areadata.txt	2
season3_eu/season2/metin2_map_skipia_dungeon_02/005002/areadata.txt	season2/metin2_map_skipia_dungeon_02/005002/areadata.txt	2
season3_eu/ymir work/zone/dungeon/haven_dungeon/skipia_passt.gr2	d:/ymir work/zone/dungeon/haven_dungeon/skipia_passt.gr2	0
season3_eu/season2/metin2_map_skipia_dungeon_01/001004/minimap.dds	season2/metin2_map_skipia_dungeon_01/001004/minimap.dds	1
season3_eu/ymir work/monster2/ch_general/33.msa	d:/ymir work/monster2/ch_general/33.msa	2
season3_eu/property/n/obj/snow.m/nsm-general_obj_02.mdatr	property/n/obj/snow.m/nsm-general_obj_02.mdatr	0
season3_eu/season2/metin2_map_skipia_dungeon_01/001005/minimap.dds	season2/metin2_map_skipia_dungeon_01/001005/minimap.dds	1
season3_eu/season2/metin2_map_skipia_dungeon_01/002000/areadata.txt	season2/metin2_map_skipia_dungeon_01/002000/areadata.txt	2
season3_eu/season2/metin2_map_skipia_dungeon_01/005004/attr.atr	season2/metin2_map_skipia_dungeon_01/005004/attr.atr	1
season3_eu/property/n/obj/snow.m/general_obj_bigstone05.gr2	property/n/obj/snow.m/general_obj_bigstone05.gr2	0
season3_eu/season2/metin2_map_skipia_dungeon_01/002000/attr.atr	season2/metin2_map_skipia_dungeon_01/002000/attr.atr	1
season3_eu/property/n/obj/snow.m/snow-middledam-04.gr2	property/n/obj/snow.m/snow-middledam-04.gr2	0
season3_eu/season2/metin2_map_skipia_dungeon_01/002000/height.raw	season2/metin2_map_skipia_dungeon_01/002000/height.raw	1
season3_eu/property/n/obj/snow.m/snow-006-castle-04.dds	property/n/obj/snow.m/snow-006-castle-04.dds	1
season3_eu/property/n/obj/snow.m/nsm-10m-bridge-2.dds	property/n/obj/snow.m/nsm-10m-bridge-2.dds	1
season3_eu/season2/metin2_map_skipia_dungeon_01/003005/height.raw	season2/metin2_map_skipia_dungeon_01/003005/height.raw	1
season3_eu/season2/metin2_map_skipia_dungeon_01/003003/areadata.txt	season2/metin2_map_skipia_dungeon_01/003003/areadata.txt	2
season3_eu/season2/metin2_map_skipia_dungeon_01/002000/minimap.dds	season2/metin2_map_skipia_dungeon_01/002000/minimap.dds	1
season3_eu/season2/metin2_map_skipia_dungeon_02/000002/areadata.txt	season2/metin2_map_skipia_dungeon_02/000002/areadata.txt	2
season3_eu/ymir work/monster2/ch_footman/skipia_footman02.dds	d:/ymir work/monster2/ch_footman/skipia_footman02.dds	1
season3_eu/season2/metin2_map_skipia_dungeon_01/002001/areadata.txt	season2/metin2_map_skipia_dungeon_01/002001/areadata.txt	2
season3_eu/property/n/obj/snow.m/nsm-022-10m-bridge.gr2	property/n/obj/snow.m/nsm-022-10m-bridge.gr2	0
season3_eu/season2/metin2_map_skipia_dungeon_01/002001/attr.atr	season2/metin2_map_skipia_dungeon_01/002001/attr.atr	1
season3_eu/property/n/obj/snow.m/snow_brazier_01.dds	property/n/obj/snow.m/snow_brazier_01.dds	1
season3_eu/property/n/obj/snow.m/snow-middledam-05.gr2	property/n/obj/snow.m/snow-middledam-05.gr2	0
season3_eu/season2/metin2_map_skipia_dungeon_01/002001/height.raw	season2/metin2_map_skipia_dungeon_01/002001/height.raw	1
season3_eu/property/n/obj/snow.m/snow-035-woodgate.gr2	property/n/obj/snow.m/snow-035-woodgate.gr2	0
season3_eu/season2/metin2_map_skipia_dungeon_02/002003/areadata.txt	season2/metin2_map_skipia_dungeon_02/002003/areadata.txt	2
season3_eu/season2/metin2_map_skipia_dungeon_01/002003/minimap.dds	season2/metin2_map_skipia_dungeon_01/002003/minimap.dds	1
season3_eu/season2/metin2_map_skipia_dungeon_01/002001/minimap.dds	season2/metin2_map_skipia_dungeon_01/002001/minimap.dds	1
season3_eu/season2/metin2_map_skipia_dungeon_01/002002/areadata.txt	season2/metin2_map_skipia_dungeon_01/002002/areadata.txt	2
season3_eu/property/n/obj/snow.m/nsm-general_obj_18.dds	property/n/obj/snow.m/nsm-general_obj_18.dds	1
season3_eu/ymir work/monster2/ch_footman/shape.msm	d:/ymir work/monster2/ch_footman/shape.msm	2
season3_eu/season2/metin2_map_skipia_dungeon_01/002002/attr.atr	season2/metin2_map_skipia_dungeon_01/002002/attr.atr	1
season3_eu/ymir work/monster2/ch_magician/03.gr2	d:/ymir work/monster2/ch_magician/03.gr2	0
season3_eu/season2/metin2_map_skipia_dungeon_01/002002/height.raw	season2/metin2_map_skipia_dungeon_01/002002/height.raw	1
season3_eu/property/n/obj/snow.m/general_obj_bigstone07.mdatr	property/n/obj/snow.m/general_obj_bigstone07.mdatr	0
season3_eu/season2/metin2_map_skipia_dungeon_01/002002/minimap.dds	season2/metin2_map_skipia_dungeon_01/002002/minimap.dds	1
season3_eu/property/n/obj/snow.m/ob-bigstone03_lod_01.gr2	property/n/obj/snow.m/ob-bigstone03_lod_01.gr2	0
season3_eu/season2/metin2_map_skipia_dungeon_01/002003/height.raw	season2/metin2_map_skipia_dungeon_01/002003/height.raw	1
season3_eu/property/n/obj/snow.m/general_obj_stone13.dds	property/n/obj/snow.m/general_obj_stone13.dds	1
season3_eu/property/n/obj/snow.m/general_obj_stone04.dds	property/n/obj/snow.m/general_obj_stone04.dds	1
season3_eu/property/n/obj/snow.m/general_obj_bigtower02.mdatr	property/n/obj/snow.m/general_obj_bigtower02.mdatr	0
season3_eu/season2/metin2_map_skipia_dungeon_01/002004/areadata.txt	season2/metin2_map_skipia_dungeon_01/002004/areadata.txt	2
season3_eu/property/n/obj/snow.m/general_obj_suspension bridge01.gr2	property/n/obj/snow.m/general_obj_suspension bridge01.gr2	0
season3_eu/ymir work/monster2/ch_general/03.msa	d:/ymir work/monster2/ch_general/03.msa	2
season3_eu/ymir work/monster2/ch_officer/33.msa	d:/ymir work/monster2/ch_officer/33.msa	2
season3_eu/season2/metin2_map_skipia_dungeon_01/002004/attr.atr	season2/metin2_map_skipia_dungeon_01/002004/attr.atr	1
season3_eu/season2/metin2_map_skipia_dungeon_02/000003/attr.atr	season2/metin2_map_skipia_dungeon_02/000003/attr.atr	1
season3_eu/property/n/obj/snow.m/ob-7-02-01_lod_01.gr2	property/n/obj/snow.m/ob-7-02-01_lod_01.gr2	0
season3_eu/property/n/obj/snow.m/landmark-01-bellhouse.mdatr	property/n/obj/snow.m/landmark-01-bellhouse.mdatr	0
season3_eu/season2/metin2_map_skipia_dungeon_01/002004/height.raw	season2/metin2_map_skipia_dungeon_01/002004/height.raw	1
season3_eu/ymir work/uiloading/background_loading_samahi1.sub	d:/ymir work/uiloading/background_loading_samahi1.sub	0
season3_eu/ymir work/monster2/ch_water_dragon/water_breathe03.mse	d:/ymir work/monster2/ch_water_dragon/water_breathe03.mse	1
season3_eu/season2/metin2_map_skipia_dungeon_01/003002/areadata.txt	season2/metin2_map_skipia_dungeon_01/003002/areadata.txt	2
season3_eu/season2/metin2_map_skipia_dungeon_01/002004/minimap.dds	season2/metin2_map_skipia_dungeon_01/002004/minimap.dds	1
season3_eu/season2/metin2_map_skipia_dungeon_01/003000/areadata.txt	season2/metin2_map_skipia_dungeon_01/003000/areadata.txt	2
season3_eu/season2/metin2_map_skipia_dungeon_01/002005/areadata.txt	season2/metin2_map_skipia_dungeon_01/002005/areadata.txt	2
season3_eu/property/n/obj/snow.m/warpgate02.gr2	property/n/obj/snow.m/warpgate02.gr2	0
season3_eu/season2/metin2_map_skipia_dungeon_02/004004/height.raw	season2/metin2_map_skipia_dungeon_02/004004/height.raw	1
season3_eu/season2/metin2_map_skipia_dungeon_02/004002/tile.raw	season2/metin2_map_skipia_dungeon_02/004002/tile.raw	1
season3_eu/season2/metin2_map_skipia_dungeon_01/002005/attr.atr	season2/metin2_map_skipia_dungeon_01/002005/attr.atr	1
season3_eu/property/n/obj/snow.m/general_obj_flag.gr2	property/n/obj/snow.m/general_obj_flag.gr2	0
season3_eu/ymir work/zone/dungeon/haven_dungeon/skipia_passi.gr2	d:/ymir work/zone/dungeon/haven_dungeon/skipia_passi.gr2	0
season3_eu/property/n/obj/snow.m/nsm-general_obj_06_lod_01.gr2	property/n/obj/snow.m/nsm-general_obj_06_lod_01.gr2	0
season3_eu/season2/metin2_map_skipia_dungeon_01/004000/attr.atr	season2/metin2_map_skipia_dungeon_01/004000/attr.atr	1
season3_eu/season2/metin2_map_skipia_dungeon_01/002005/height.raw	season2/metin2_map_skipia_dungeon_01/002005/height.raw	1
season3_eu/season2/metin2_map_skipia_dungeon_01/002005/minimap.dds	season2/metin2_map_skipia_dungeon_01/002005/minimap.dds	1
season3_eu/property/n/obj/snow.m/warpgate01.gr2	property/n/obj/snow.m/warpgate01.gr2	0
season3_eu/season2/metin2_map_skipia_dungeon_01/003000/attr.atr	season2/metin2_map_skipia_dungeon_01/003000/attr.atr	1
season3_eu/property/n/obj/snow.m/general_obj_stone15.gr2	property/n/obj/snow.m/general_obj_stone15.gr2	0
season3_eu/season2/metin2_map_skipia_dungeon_01/003000/height.raw	season2/metin2_map_skipia_dungeon_01/003000/height.raw	1
season3_eu/property/n/obj/snow.m/snow-middledam-01.mdatr	property/n/obj/snow.m/snow-middledam-01.mdatr	0
season3_eu/season2/metin2_map_skipia_dungeon_01/003000/minimap.dds	season2/metin2_map_skipia_dungeon_01/003000/minimap.dds	1
season3_eu/property/n/obj/snow.m/snow-033-guesthouse-02.gr2	property/n/obj/snow.m/snow-033-guesthouse-02.gr2	0
season3_eu/season2/metin2_map_skipia_dungeon_01/003001/areadata.txt	season2/metin2_map_skipia_dungeon_01/003001/areadata.txt	2
season3_eu/property/n/obj/snow.m/general_obj_stone10.mdatr	property/n/obj/snow.m/general_obj_stone10.mdatr	0
season3_eu/property/n/obj/snow.m/general_obj_ferryboat02.mdatr	property/n/obj/snow.m/general_obj_ferryboat02.mdatr	0
season3_eu/season2/metin2_map_skipia_dungeon_01/003001/attr.atr	season2/metin2_map_skipia_dungeon_01/003001/attr.atr	1
season3_eu/season2/metin2_map_skipia_dungeon_02/003001/attr.atr	season2/metin2_map_skipia_dungeon_02/003001/attr.atr	1
season3_eu/season2/metin2_map_skipia_dungeon_01/003001/height.raw	season2/metin2_map_skipia_dungeon_01/003001/height.raw	1
season3_eu/property/n/obj/snow.m/nsm-018-stonelight.mdatr	property/n/obj/snow.m/nsm-018-stonelight.mdatr	0
season3_eu/property/n/obj/snow.m/general_obj_tent01.gr2	property/n/obj/snow.m/general_obj_tent01.gr2	0
season3_eu/season2/metin2_map_skipia_dungeon_01/003001/minimap.dds	season2/metin2_map_skipia_dungeon_01/003001/minimap.dds	1
season3_eu/season2/metin2_map_skipia_dungeon_01/003002/attr.atr	season2/metin2_map_skipia_dungeon_01/003002/attr.atr	1
season3_eu/season2/metin2_map_skipia_dungeon_01/003002/height.raw	season2/metin2_map_skipia_dungeon_01/003002/height.raw	1
season3_eu/ymir work/monster2/ch_bowman/amseup.jpg	d:/ymir work/monster2/ch_bowman/amseup.jpg	0
season3_eu/property/n/obj/snow.m/general_obj_bigtower04_lod_01.gr2	property/n/obj/snow.m/general_obj_bigtower04_lod_01.gr2	0
season3_eu/season2/metin2_map_skipia_dungeon_01/003002/minimap.dds	season2/metin2_map_skipia_dungeon_01/003002/minimap.dds	1
season3_eu/property/n/obj/snow.m/general_obj_stone18.gr2	property/n/obj/snow.m/general_obj_stone18.gr2	0
season3_eu/property/n/obj/snow.m/snow-bigdam-02.gr2	property/n/obj/snow.m/snow-bigdam-02.gr2	0
season3_eu/season2/metin2_map_skipia_dungeon_01/003003/attr.atr	season2/metin2_map_skipia_dungeon_01/003003/attr.atr	1
season3_eu/property/n/obj/snow.m/ob-7-02-02.gr2	property/n/obj/snow.m/ob-7-02-02.gr2	0
season3_eu/ymir work/uiloading/background_loading_warriorghist1.sub	d:/ymir work/uiloading/background_loading_warriorghist1.sub	0
season3_eu/ymir work/monster2/ch_water_dragon/03.gr2	d:/ymir work/monster2/ch_water_dragon/03.gr2	0
season3_eu/season2/metin2_map_skipia_dungeon_02/setting.txt	season2/metin2_map_skipia_dungeon_02/setting.txt	2
season3_eu/ymir work/monster2/ch_bowman/20.gr2	d:/ymir work/monster2/ch_bowman/20.gr2	0
season3_eu/season2/metin2_map_skipia_dungeon_01/003003/height.raw	season2/metin2_map_skipia_dungeon_01/003003/height.raw	1
season3_eu/season2/metin2_map_skipia_dungeon_01/003003/minimap.dds	season2/metin2_map_skipia_dungeon_01/003003/minimap.dds	1
season3_eu/property/n/obj/snow.m/ob-c-0013.mdatr	property/n/obj/snow.m/ob-c-0013.mdatr	0
season3_eu/season2/metin2_map_skipia_dungeon_01/004005/minimap.dds	season2/metin2_map_skipia_dungeon_01/004005/minimap.dds	1
season3_eu/season2/metin2_map_skipia_dungeon_01/003004/attr.atr	season2/metin2_map_skipia_dungeon_01/003004/attr.atr	1
season3_eu/property/n/obj/snow.m/general_obj_stone12.mdatr	property/n/obj/snow.m/general_obj_stone12.mdatr	0
season3_eu/property/n/obj/snow.m/general_obj_fence03.gr2	property/n/obj/snow.m/general_obj_fence03.gr2	0
season3_eu/season2/metin2_map_skipia_dungeon_01/003004/height.raw	season2/metin2_map_skipia_dungeon_01/003004/height.raw	1
season3_eu/season2/metin2_map_skipia_dungeon_01/003004/minimap.dds	season2/metin2_map_skipia_dungeon_01/003004/minimap.dds	1
season3_eu/property/n/obj/snow.m/general_obj_tent01.mdatr	property/n/obj/snow.m/general_obj_tent01.mdatr	0
season3_eu/season2/metin2_map_skipia_dungeon_01/003005/attr.atr	season2/metin2_map_skipia_dungeon_01/003005/attr.atr	1
season3_eu/season2/metin2_map_skipia_dungeon_02/002003/height.raw	season2/metin2_map_skipia_dungeon_02/002003/height.raw	1
season3_eu/property/n/obj/snow.m/general_obj_bigstone08_lod_01.gr2	property/n/obj/snow.m/general_obj_bigstone08_lod_01.gr2	0
season3_eu/season2/metin2_map_skipia_dungeon_01/003005/minimap.dds	season2/metin2_map_skipia_dungeon_01/003005/minimap.dds	1
season3_eu/season2/metin2_map_skipia_dungeon_01/004000/areadata.txt	season2/metin2_map_skipia_dungeon_01/004000/areadata.txt	2
season3_eu/property/n/obj/snow.m/nsm-004-house2.mdatr	property/n/obj/snow.m/nsm-004-house2.mdatr	0
season3_eu/ymir work/monster2/ch_footman/motlist.txt	d:/ymir work/monster2/ch_footman/motlist.txt	2
season3_eu/property/n/obj/snow.m/general_obj_stone19.mdatr	property/n/obj/snow.m/general_obj_stone19.mdatr	0
season3_eu/season2/metin2_map_skipia_dungeon_01/004000/height.raw	season2/metin2_map_skipia_dungeon_01/004000/height.raw	1
season3_eu/season2/metin2_map_skipia_dungeon_01/004000/minimap.dds	season2/metin2_map_skipia_dungeon_01/004000/minimap.dds	1
season3_eu/ymir work/monster2/ch_footman/32.msa	d:/ymir work/monster2/ch_footman/32.msa	2
season3_eu/season2/metin2_map_skipia_dungeon_02/001004/areadata.txt	season2/metin2_map_skipia_dungeon_02/001004/areadata.txt	2
season3_eu/property/n/obj/snow.m/nsm-general_obj_07_lod_01.gr2	property/n/obj/snow.m/nsm-general_obj_07_lod_01.gr2	0
season3_eu/season2/metin2_map_skipia_dungeon_01/004001/areadata.txt	season2/metin2_map_skipia_dungeon_01/004001/areadata.txt	2
season3_eu/season2/metin2_map_skipia_dungeon_01/004001/attr.atr	season2/metin2_map_skipia_dungeon_01/004001/attr.atr	1
season3_eu/property/n/obj/snow.m/general_obj_bigstone01.mdatr	property/n/obj/snow.m/general_obj_bigstone01.mdatr	0
season3_eu/season2/metin2_map_skipia_dungeon_02/000002/height.raw	season2/metin2_map_skipia_dungeon_02/000002/height.raw	1
season3_eu/ymir work/monster2/ch_footman/03.gr2	d:/ymir work/monster2/ch_footman/03.gr2	0
season3_eu/property/n/obj/snow.m/general_obj_stone19_lod_01.gr2	property/n/obj/snow.m/general_obj_stone19_lod_01.gr2	0
season3_eu/season2/metin2_map_skipia_dungeon_01/004001/minimap.dds	season2/metin2_map_skipia_dungeon_01/004001/minimap.dds	1
season3_eu/season2/metin2_map_skipia_dungeon_01/004002/areadata.txt	season2/metin2_map_skipia_dungeon_01/004002/areadata.txt	2
season3_eu/ymir work/monster2/ch_footman/35.gr2	d:/ymir work/monster2/ch_footman/35.gr2	0
season3_eu/season2/metin2_map_skipia_dungeon_01/004002/attr.atr	season2/metin2_map_skipia_dungeon_01/004002/attr.atr	1
season3_eu/season2/metin2_map_skipia_dungeon_01/004002/height.raw	season2/metin2_map_skipia_dungeon_01/004002/height.raw	1
season3_eu/property/n/obj/snow.m/general_obj_bigstonegate01.mdatr	property/n/obj/snow.m/general_obj_bigstonegate01.mdatr	0
season3_eu/season2/metin2_map_skipia_dungeon_01/004003/areadata.txt	season2/metin2_map_skipia_dungeon_01/004003/areadata.txt	2
season3_eu/property/n/obj/snow.m/general_obj_bell.gr2	property/n/obj/snow.m/general_obj_bell.gr2	0
season3_eu/season2/metin2_map_skipia_dungeon_01/004003/height.raw	season2/metin2_map_skipia_dungeon_01/004003/height.raw	1
season3_eu/season2/metin2_map_skipia_dungeon_01/004003/minimap.dds	season2/metin2_map_skipia_dungeon_01/004003/minimap.dds	1
season3_eu/property/n/obj/snow.m/general_obj_bigstone07_lod_01.gr2	property/n/obj/snow.m/general_obj_bigstone07_lod_01.gr2	0
season3_eu/property/n/obj/snow.m/general_obj_fence06_lod_01.gr2	property/n/obj/snow.m/general_obj_fence06_lod_01.gr2	0
season3_eu/season2/metin2_map_skipia_dungeon_02/001002/attr.atr	season2/metin2_map_skipia_dungeon_02/001002/attr.atr	1
season3_eu/property/n/obj/snow.m/general_obj_bigstonegate02.mdatr	property/n/obj/snow.m/general_obj_bigstonegate02.mdatr	0
season3_eu/season2/metin2_map_skipia_dungeon_01/004004/areadata.txt	season2/metin2_map_skipia_dungeon_01/004004/areadata.txt	2
season3_eu/property/n/obj/snow.m/general_obj_watchtower03-01.gr2	property/n/obj/snow.m/general_obj_watchtower03-01.gr2	0
season3_eu/property/n/obj/snow.m/snow-bigdam-02.mdatr	property/n/obj/snow.m/snow-bigdam-02.mdatr	0
season3_eu/season2/metin2_map_skipia_dungeon_01/004004/attr.atr	season2/metin2_map_skipia_dungeon_01/004004/attr.atr	1
season3_eu/property/n/obj/snow.m/general_obj_bigtower03.gr2	property/n/obj/snow.m/general_obj_bigtower03.gr2	0
season3_eu/season2/metin2_map_skipia_dungeon_01/004004/minimap.dds	season2/metin2_map_skipia_dungeon_01/004004/minimap.dds	1
season3_eu/property/n/obj/snow.m/general_obj_bigstone02_lod_01.gr2	property/n/obj/snow.m/general_obj_bigstone02_lod_01.gr2	0
season3_eu/season2/metin2_map_skipia_dungeon_01/004005/areadata.txt	season2/metin2_map_skipia_dungeon_01/004005/areadata.txt	2
season3_eu/property/n/obj/snow.m/nsm-general_obj_02_lod_01.gr2	property/n/obj/snow.m/nsm-general_obj_02_lod_01.gr2	0
season3_eu/season2/metin2_map_skipia_dungeon_01/004005/attr.atr	season2/metin2_map_skipia_dungeon_01/004005/attr.atr	1
season3_eu/ymir work/uiloading/background_loading_sura2.jpg	d:/ymir work/uiloading/background_loading_sura2.jpg	0
season3_eu/property/n/obj/snow.m/nsm-035-woodgate.gr2	property/n/obj/snow.m/nsm-035-woodgate.gr2	0
season3_eu/ymir work/monster2/ch_general/20.gr2	d:/ymir work/monster2/ch_general/20.gr2	0
season3_eu/season2/metin2_map_skipia_dungeon_01/004005/height.raw	season2/metin2_map_skipia_dungeon_01/004005/height.raw	1
season3_eu/property/n/obj/snow.m/nsm-032-shamanhouse.mdatr	property/n/obj/snow.m/nsm-032-shamanhouse.mdatr	0
season3_eu/season2/metin2_map_skipia_dungeon_01/005000/areadata.txt	season2/metin2_map_skipia_dungeon_01/005000/areadata.txt	2
season3_eu/season2/metin2_map_skipia_dungeon_02/002003/attr.atr	season2/metin2_map_skipia_dungeon_02/002003/attr.atr	1
season3_eu/season2/metin2_map_skipia_dungeon_01/005000/attr.atr	season2/metin2_map_skipia_dungeon_01/005000/attr.atr	1
season3_eu/ymir work/monster2/ch_bowman/skipia_bowman01.dds	d:/ymir work/monster2/ch_bowman/skipia_bowman01.dds	1
season3_eu/property/n/obj/snow.m/general_obj_stoneimage02.gr2	property/n/obj/snow.m/general_obj_stoneimage02.gr2	0
season3_eu/season2/metin2_map_skipia_dungeon_01/005001/areadata.txt	season2/metin2_map_skipia_dungeon_01/005001/areadata.txt	2
season3_eu/season2/metin2_map_skipia_dungeon_01/005001/attr.atr	season2/metin2_map_skipia_dungeon_01/005001/attr.atr	1
season3_eu/property/n/obj/snow.m/general_obj_stone01.mdatr	property/n/obj/snow.m/general_obj_stone01.mdatr	0
season3_eu/season2/metin2_map_skipia_dungeon_01/005001/height.raw	season2/metin2_map_skipia_dungeon_01/005001/height.raw	1
season3_eu/season2/metin2_map_skipia_dungeon_01/005001/minimap.dds	season2/metin2_map_skipia_dungeon_01/005001/minimap.dds	1
season3_eu/season2/metin2_map_skipia_dungeon_01/005002/areadata.txt	season2/metin2_map_skipia_dungeon_01/005002/areadata.txt	2
season3_eu/property/n/obj/snow.m/nsm-general_obj_06.gr2	property/n/obj/snow.m/nsm-general_obj_06.gr2	0
season3_eu/ymir work/monster2/ch_footman/32.gr2	d:/ymir work/monster2/ch_footman/32.gr2	0
season3_eu/season2/metin2_map_skipia_dungeon_01/005002/attr.atr	season2/metin2_map_skipia_dungeon_01/005002/attr.atr	1
season3_eu/property/n/obj/snow.m/snow_tower02_01.dds	property/n/obj/snow.m/snow_tower02_01.dds	1
season3_eu/ymir work/monster2/ch_water_dragon/water_breathe01.mse	d:/ymir work/monster2/ch_water_dragon/water_breathe01.mse	1
season3_eu/season2/metin2_map_skipia_dungeon_01/005002/height.raw	season2/metin2_map_skipia_dungeon_01/005002/height.raw	1
season3_eu/season2/metin2_map_skipia_dungeon_01/005002/minimap.dds	season2/metin2_map_skipia_dungeon_01/005002/minimap.dds	1
season3_eu/ymir work/monster2/ch_general/motlist.txt	d:/ymir work/monster2/ch_general/motlist.txt	2
season3_eu/season2/metin2_map_skipia_dungeon_01/005003/areadata.txt	season2/metin2_map_skipia_dungeon_01/005003/areadata.txt	2
season3_eu/property/n/obj/snow.m/snow_middledam-04.dds	property/n/obj/snow.m/snow_middledam-04.dds	1
season3_eu/season2/metin2_map_skipia_dungeon_01/005003/attr.atr	season2/metin2_map_skipia_dungeon_01/005003/attr.atr	1
season3_eu/ymir work/monster2/ch_general/31.gr2	d:/ymir work/monster2/ch_general/31.gr2	0
season3_eu/ymir work/npc2/suraghost/motlist.txt	d:/ymir work/npc2/suraghost/motlist.txt	2
season3_eu/season2/metin2_map_skipia_dungeon_01/005003/height.raw	season2/metin2_map_skipia_dungeon_01/005003/height.raw	1
season3_eu/season2/metin2_map_skipia_dungeon_02/005004/height.raw	season2/metin2_map_skipia_dungeon_02/005004/height.raw	1
season3_eu/season2/metin2_map_skipia_dungeon_02/001003/areadata.txt	season2/metin2_map_skipia_dungeon_02/001003/areadata.txt	2
season3_eu/season2/metin2_map_skipia_dungeon_01/005003/minimap.dds	season2/metin2_map_skipia_dungeon_01/005003/minimap.dds	1
season3_eu/season2/metin2_map_skipia_dungeon_01/005004/areadata.txt	season2/metin2_map_skipia_dungeon_01/005004/areadata.txt	2
season3_eu/ymir work/monster2/ch_bowman/20_1.gr2	d:/ymir work/monster2/ch_bowman/20_1.gr2	0
season3_eu/property/n/obj/snow.m/obj-0010_lod_01.gr2	property/n/obj/snow.m/obj-0010_lod_01.gr2	0
season3_eu/ymir work/monster2/ch_water_dragon/water_breathe04.dds	d:/ymir work/monster2/ch_water_dragon/water_breathe04.dds	1
season3_eu/ymir work/monster2/ch_magician/34.msa	d:/ymir work/monster2/ch_magician/34.msa	2
season3_eu/season2/metin2_map_skipia_dungeon_01/005004/height.raw	season2/metin2_map_skipia_dungeon_01/005004/height.raw	1
season3_eu/property/n/obj/snow.m/landmark_grandstone02_lod_01.gr2	property/n/obj/snow.m/landmark_grandstone02_lod_01.gr2	0
season3_eu/property/n/obj/snow.m/obj-0010.mdatr	property/n/obj/snow.m/obj-0010.mdatr	0
season3_eu/season2/metin2_map_skipia_dungeon_01/005004/minimap.dds	season2/metin2_map_skipia_dungeon_01/005004/minimap.dds	1
season3_eu/property/n/obj/snow.m/general_obj_bigtower08.mdatr	property/n/obj/snow.m/general_obj_bigtower08.mdatr	0
season3_eu/property/n/obj/snow.m/nsm-general_obj_01_2.mdatr	property/n/obj/snow.m/nsm-general_obj_01_2.mdatr	0
season3_eu/ymir work/zone/dungeon/haven_dungeon/skipia_dungeon_04.dds	d:/ymir work/zone/dungeon/haven_dungeon/skipia_dungeon_04.dds	1
season3_eu/season2/metin2_map_skipia_dungeon_01/005005/areadata.txt	season2/metin2_map_skipia_dungeon_01/005005/areadata.txt	2
season3_eu/season2/metin2_map_skipia_dungeon_01/005005/attr.atr	season2/metin2_map_skipia_dungeon_01/005005/attr.atr	1
season3_eu/property/b/10.공용/ob-bigdam-05.prb	property/b/10.공용/ob-bigdam-05.prb	0
season3_eu/ymir work/monster2/ch_footman/skipia_footman.gr2	d:/ymir work/monster2/ch_footman/skipia_footman.gr2	0
season3_eu/season2/metin2_map_skipia_dungeon_01/005005/height.raw	season2/metin2_map_skipia_dungeon_01/005005/height.raw	1
season3_eu/season2/metin2_map_skipia_dungeon_01/setting.txt	season2/metin2_map_skipia_dungeon_01/setting.txt	2
season3_eu/season2/metin2_map_skipia_dungeon_02/001005/areadata.txt	season2/metin2_map_skipia_dungeon_02/001005/areadata.txt	2
season3_eu/property/n/obj/snow.m/snow_4fbuilding_01.dds	property/n/obj/snow.m/snow_4fbuilding_01.dds	1
season3_eu/property/n/obj/snow.m/nsm-001-house3.gr2	property/n/obj/snow.m/nsm-001-house3.gr2	0
season3_eu/season2/metin2_map_skipia_dungeon_01/skipia_dungeon.msenv	season2/metin2_map_skipia_dungeon_01/skipia_dungeon.msenv	0
season3_eu/property/n/obj/snow.m/general_obj_fence05.mdatr	property/n/obj/snow.m/general_obj_fence05.mdatr	0
season3_eu/season2/metin2_map_skipia_dungeon_02/000000/attr.atr	season2/metin2_map_skipia_dungeon_02/000000/attr.atr	1
season3_eu/property/n/obj/snow.m/general_obj_watchtower03.gr2	property/n/obj/snow.m/general_obj_watchtower03.gr2	0
season3_eu/season2/metin2_map_skipia_dungeon_02/000000/height.raw	season2/metin2_map_skipia_dungeon_02/000000/height.raw	1
season3_eu/property/n/obj/snow.m/general_obj_suspension bridge01.dds	property/n/obj/snow.m/general_obj_suspension bridge01.dds	1
season3_eu/property/n/obj/snow.m/general_obj_stone14_lod_01.gr2	property/n/obj/snow.m/general_obj_stone14_lod_01.gr2	0
season3_eu/season2/metin2_map_skipia_dungeon_02/000000/minimap.dds	season2/metin2_map_skipia_dungeon_02/000000/minimap.dds	1
season3_eu/property/n/obj/snow.m/general_obj_bigstonegate02_lod_01.gr2	property/n/obj/snow.m/general_obj_bigstonegate02_lod_01.gr2	0
season3_eu/property/n/obj/snow.m/general_obj_stoneimage.dds	property/n/obj/snow.m/general_obj_stoneimage.dds	1
season3_eu/property/n/obj/snow.m/general_obj_bigstone06.mdatr	property/n/obj/snow.m/general_obj_bigstone06.mdatr	0
season3_eu/season2/metin2_map_skipia_dungeon_02/000000/shadowmap.dds	season2/metin2_map_skipia_dungeon_02/000000/shadowmap.dds	1
season3_eu/season2/metin2_map_skipia_dungeon_02/000004/height.raw	season2/metin2_map_skipia_dungeon_02/000004/height.raw	1
season3_eu/ymir work/npc2/sura_skeleton/sura_skeleton2.msm	d:/ymir work/npc2/sura_skeleton/sura_skeleton2.msm	2
season3_eu/season2/metin2_map_skipia_dungeon_02/000001/attr.atr	season2/metin2_map_skipia_dungeon_02/000001/attr.atr	1
season3_eu/ymir work/npc2/sura_skeleton/sura_skeleton5.msm	d:/ymir work/npc2/sura_skeleton/sura_skeleton5.msm	2
season3_eu/season2/metin2_map_skipia_dungeon_02/000001/height.raw	season2/metin2_map_skipia_dungeon_02/000001/height.raw	1
season3_eu/property/n/obj/snow.m/nsm-general_obj_21_1_lod_01.gr2	property/n/obj/snow.m/nsm-general_obj_21_1_lod_01.gr2	0
season3_eu/season2/metin2_map_skipia_dungeon_02/000002/attr.atr	season2/metin2_map_skipia_dungeon_02/000002/attr.atr	1
season3_eu/season2/metin2_map_skipia_dungeon_02/000003/areadata.txt	season2/metin2_map_skipia_dungeon_02/000003/areadata.txt	2
season3_eu/season2/metin2_map_skipia_dungeon_02/000003/height.raw	season2/metin2_map_skipia_dungeon_02/000003/height.raw	1
season3_eu/season2/npc/ent_elder/00.gr2	season2/npc/ent_elder/00.gr2	0
season3_eu/property/n/obj/snow.m/warpgate02.mdatr	property/n/obj/snow.m/warpgate02.mdatr	0
season3_eu/season2/metin2_map_skipia_dungeon_02/001002/areadata.txt	season2/metin2_map_skipia_dungeon_02/001002/areadata.txt	2
season3_eu/season2/metin2_map_skipia_dungeon_02/000004/areadata.txt	season2/metin2_map_skipia_dungeon_02/000004/areadata.txt	2
season3_eu/season2/metin2_map_skipia_dungeon_02/000004/attr.atr	season2/metin2_map_skipia_dungeon_02/000004/attr.atr	1
season3_eu/season2/metin2_map_skipia_dungeon_02/000005/attr.atr	season2/metin2_map_skipia_dungeon_02/000005/attr.atr	1
season3_eu/season2/metin2_map_skipia_dungeon_02/000005/height.raw	season2/metin2_map_skipia_dungeon_02/000005/height.raw	1
season3_eu/ymir work/monster2/ch_footman/31.gr2	d:/ymir work/monster2/ch_footman/31.gr2	0
season3_eu/property/n/obj/snow.m/general_obj_bigstone04_lod_01.gr2	property/n/obj/snow.m/general_obj_bigstone04_lod_01.gr2	0
season3_eu/season2/metin2_map_skipia_dungeon_02/001000/attr.atr	season2/metin2_map_skipia_dungeon_02/001000/attr.atr	1
season3_eu/ymir work/npc2/sura_skeleton/sura_skeleton_2.dds	d:/ymir work/npc2/sura_skeleton/sura_skeleton_2.dds	1
season3_eu/property/n/obj/snow.m/snow_tower01_04.gr2	property/n/obj/snow.m/snow_tower01_04.gr2	0
season3_eu/property/n/obj/snow.m/general_obj_pillar.gr2	property/n/obj/snow.m/general_obj_pillar.gr2	0
season3_eu/season2/metin2_map_skipia_dungeon_02/005005/attr.atr	season2/metin2_map_skipia_dungeon_02/005005/attr.atr	1
season3_eu/season2/metin2_map_skipia_dungeon_02/001000/height.raw	season2/metin2_map_skipia_dungeon_02/001000/height.raw	1
season3_eu/season2/metin2_map_skipia_dungeon_02/001001/attr.atr	season2/metin2_map_skipia_dungeon_02/001001/attr.atr	1
season3_eu/property/n/obj/snow.m/snow_tower02_02.dds	property/n/obj/snow.m/snow_tower02_02.dds	1
season3_eu/season2/metin2_map_skipia_dungeon_02/001001/tile.raw	season2/metin2_map_skipia_dungeon_02/001001/tile.raw	1
season3_eu/ymir work/monster2/ch_bowman/34.msa	d:/ymir work/monster2/ch_bowman/34.msa	2
season3_eu/season2/metin2_map_skipia_dungeon_02/001002/height.raw	season2/metin2_map_skipia_dungeon_02/001002/height.raw	1
season3_eu/ymir work/monster2/ch_magician/ls1_1 copy.jpg	d:/ymir work/monster2/ch_magician/ls1_1 copy.jpg	0
season3_eu/season2/metin2_map_skipia_dungeon_02/001003/attr.atr	season2/metin2_map_skipia_dungeon_02/001003/attr.atr	1
season3_eu/property/n/obj/snow.m/general_obj_fence04_lod_01.gr2	property/n/obj/snow.m/general_obj_fence04_lod_01.gr2	0
season3_eu/season2/metin2_map_skipia_dungeon_02/001004/height.raw	season2/metin2_map_skipia_dungeon_02/001004/height.raw	1
season3_eu/property/n/obj/snow.m/general_obj_lionstoneimage.gr2	property/n/obj/snow.m/general_obj_lionstoneimage.gr2	0
season3_eu/season2/metin2_map_skipia_dungeon_02/001005/attr.atr	season2/metin2_map_skipia_dungeon_02/001005/attr.atr	1
season3_eu/property/n/obj/snow.m/general_obj_bigstone10.gr2	property/n/obj/snow.m/general_obj_bigstone10.gr2	0
season3_eu/property/n/obj/snow.m/nsm-general_obj_04_lod_01.gr2	property/n/obj/snow.m/nsm-general_obj_04_lod_01.gr2	0
season3_eu/ymir work/npc2/worship_dragon/worship_drago.dds	d:/ymir work/npc2/worship_dragon/worship_drago.dds	1
season3_eu/season2/metin2_map_skipia_dungeon_02/001005/height.raw	season2/metin2_map_skipia_dungeon_02/001005/height.raw	1
season3_eu/season2/metin2_map_skipia_dungeon_02/003002/height.raw	season2/metin2_map_skipia_dungeon_02/003002/height.raw	1
season3_eu/property/n/obj/snow.m/general_obj_bigstonegate01.gr2	property/n/obj/snow.m/general_obj_bigstonegate01.gr2	0
season3_eu/season2/metin2_map_skipia_dungeon_02/002000/areadata.txt	season2/metin2_map_skipia_dungeon_02/002000/areadata.txt	2
season3_eu/season2/metin2_map_skipia_dungeon_02/005004/attr.atr	season2/metin2_map_skipia_dungeon_02/005004/attr.atr	1
season3_eu/property/n/obj/snow.m/snow_tower01_04.mdatr	property/n/obj/snow.m/snow_tower01_04.mdatr	0
season3_eu/season2/metin2_map_skipia_dungeon_02/002000/attr.atr	season2/metin2_map_skipia_dungeon_02/002000/attr.atr	1
season3_eu/season2/metin2_map_skipia_dungeon_02/002000/height.raw	season2/metin2_map_skipia_dungeon_02/002000/height.raw	1
season3_eu/property/n/obj/snow.m/nsm-general_obj_21.mdatr	property/n/obj/snow.m/nsm-general_obj_21.mdatr	0
season3_eu/season2/metin2_map_skipia_dungeon_02/002001/areadata.txt	season2/metin2_map_skipia_dungeon_02/002001/areadata.txt	2
season3_eu/property/n/obj/snow.m/obj-0010.gr2	property/n/obj/snow.m/obj-0010.gr2	0
season3_eu/season2/metin2_map_skipia_dungeon_02/004001/height.raw	season2/metin2_map_skipia_dungeon_02/004001/height.raw	1
season3_eu/ymir work/monster2/ch_magician/skipia_magician02.dds	d:/ymir work/monster2/ch_magician/skipia_magician02.dds	1
season3_eu/ymir work/npc2/worship_dragon/chip.dds	d:/ymir work/npc2/worship_dragon/chip.dds	1
season3_eu/season2/metin2_map_skipia_dungeon_02/002001/attr.atr	season2/metin2_map_skipia_dungeon_02/002001/attr.atr	1
season3_eu/season2/metin2_map_skipia_dungeon_02/002001/height.raw	season2/metin2_map_skipia_dungeon_02/002001/height.raw	1
season3_eu/ymir work/monster2/ch_footman/31.msa	d:/ymir work/monster2/ch_footman/31.msa	2
season3_eu/season2/metin2_map_skipia_dungeon_02/005003/areadata.txt	season2/metin2_map_skipia_dungeon_02/005003/areadata.txt	2
season3_eu/property/n/obj/snow.m/snow-002-inwall-02.gr2	property/n/obj/snow.m/snow-002-inwall-02.gr2	0
season3_eu/property/n/obj/snow.m/nsm-general_obj_01_3.gr2	property/n/obj/snow.m/nsm-general_obj_01_3.gr2	0
season3_eu/season2/metin2_map_skipia_dungeon_02/002002/areadata.txt	season2/metin2_map_skipia_dungeon_02/002002/areadata.txt	2
season3_eu/season2/npc/ent_elder/37.gr2	season2/npc/ent_elder/37.gr2	0
season3_eu/property/n/obj/snow.m/general_obj_stonepillar_01.gr2	property/n/obj/snow.m/general_obj_stonepillar_01.gr2	0
season3_eu/ymir work/zone/dungeon/haven_dungeon/skipia_passis2.mdatr	d:/ymir work/zone/dungeon/haven_dungeon/skipia_passis2.mdatr	0
season3_eu/season2/metin2_map_skipia_dungeon_02/002002/attr.atr	season2/metin2_map_skipia_dungeon_02/002002/attr.atr	1
season3_eu/season2/metin2_map_skipia_dungeon_02/002002/height.raw	season2/metin2_map_skipia_dungeon_02/002002/height.raw	1
season3_eu/season2/metin2_map_skipia_dungeon_02/002003/tile.raw	season2/metin2_map_skipia_dungeon_02/002003/tile.raw	1
season3_eu/property/n/obj/snow.m/general_obj_watermill.gr2	property/n/obj/snow.m/general_obj_watermill.gr2	0
season3_eu/season2/metin2_map_skipia_dungeon_02/002004/areadata.txt	season2/metin2_map_skipia_dungeon_02/002004/areadata.txt	2
season3_eu/ymir work/monster2/ch_magician/00_1.msa	d:/ymir work/monster2/ch_magician/00_1.msa	2
season3_eu/season2/metin2_map_skipia_dungeon_02/002004/height.raw	season2/metin2_map_skipia_dungeon_02/002004/height.raw	1
season3_eu/property/n/obj/snow.m/general_obj_fence01.mdatr	property/n/obj/snow.m/general_obj_fence01.mdatr	0
season3_eu/season2/metin2_map_skipia_dungeon_02/002005/areadata.txt	season2/metin2_map_skipia_dungeon_02/002005/areadata.txt	2
season3_eu/property/n/obj/snow.m/snow-middledam-07.mdatr	property/n/obj/snow.m/snow-middledam-07.mdatr	0
season3_eu/property/b/10.공용/ob-032-shamanhouse.prb	property/b/10.공용/ob-032-shamanhouse.prb	0
season3_eu/property/n/obj/snow.m/general_obj_stone01.dds	property/n/obj/snow.m/general_obj_stone01.dds	1
season3_eu/season2/metin2_map_skipia_dungeon_02/002005/attr.atr	season2/metin2_map_skipia_dungeon_02/002005/attr.atr	1
season3_eu/ymir work/monster2/ch_footman/20_1.msa	d:/ymir work/monster2/ch_footman/20_1.msa	2
season3_eu/ymir work/monster2/ch_magician/w_star.jpg	d:/ymir work/monster2/ch_magician/w_star.jpg	0
season3_eu/property/n/obj/snow.m/general_obj_fence05.gr2	property/n/obj/snow.m/general_obj_fence05.gr2	0
season3_eu/season2/metin2_map_skipia_dungeon_02/002005/height.raw	season2/metin2_map_skipia_dungeon_02/002005/height.raw	1
season3_eu/property/n/obj/snow.m/general_obj_stone19.gr2	property/n/obj/snow.m/general_obj_stone19.gr2	0
season3_eu/season2/metin2_map_skipia_dungeon_02/003000/areadata.txt	season2/metin2_map_skipia_dungeon_02/003000/areadata.txt	2
season3_eu/season2/metin2_map_skipia_dungeon_02/003000/attr.atr	season2/metin2_map_skipia_dungeon_02/003000/attr.atr	1
season3_eu/ymir work/monster2/ch_magician/00.msa	d:/ymir work/monster2/ch_magician/00.msa	2
season3_eu/property/n/obj/snow.m/general_obj_suspension bridge01_lod_01.gr2	property/n/obj/snow.m/general_obj_suspension bridge01_lod_01.gr2	0
season3_eu/ymir work/monster2/ch_general/34_1.gr2	d:/ymir work/monster2/ch_general/34_1.gr2	0
season3_eu/season2/metin2_map_skipia_dungeon_02/003000/height.raw	season2/metin2_map_skipia_dungeon_02/003000/height.raw	1
season3_eu/ymir work/monster2/ch_bowman/37.msa	d:/ymir work/monster2/ch_bowman/37.msa	2
season3_eu/ymir work/monster2/ch_magician/noejeon_light copy.jpg	d:/ymir work/monster2/ch_magician/noejeon_light copy.jpg	0
season3_eu/property/n/obj/snow.m/general_obj_ferryboat02_lod_01.gr2	property/n/obj/snow.m/general_obj_ferryboat02_lod_01.gr2	0
season3_eu/property/n/obj/snow.m/general_obj_bigstone10.mdatr	property/n/obj/snow.m/general_obj_bigstone10.mdatr	0
season3_eu/property/n/obj/snow.m/general_obj_bigstone08.gr2	property/n/obj/snow.m/general_obj_bigstone08.gr2	0
season3_eu/season2/metin2_map_skipia_dungeon_02/003001/height.raw	season2/metin2_map_skipia_dungeon_02/003001/height.raw	1
season3_eu/season2/metin2_map_skipia_dungeon_02/003002/areadata.txt	season2/metin2_map_skipia_dungeon_02/003002/areadata.txt	2
season3_eu/property/n/obj/snow.m/snow-middledam-01.dds	property/n/obj/snow.m/snow-middledam-01.dds	1
season3_eu/property/n/obj/snow.m/general_obj_stone02.dds	property/n/obj/snow.m/general_obj_stone02.dds	1
season3_eu/season2/metin2_map_skipia_dungeon_02/003002/attr.atr	season2/metin2_map_skipia_dungeon_02/003002/attr.atr	1
season3_eu/season2/metin2_map_skipia_dungeon_02/003003/areadata.txt	season2/metin2_map_skipia_dungeon_02/003003/areadata.txt	2
season3_eu/season2/metin2_map_skipia_dungeon_02/003003/attr.atr	season2/metin2_map_skipia_dungeon_02/003003/attr.atr	1
season3_eu/ymir work/zone/dungeon/haven_dungeon/skipia_passl.gr2	d:/ymir work/zone/dungeon/haven_dungeon/skipia_passl.gr2	0
season3_eu/ymir work/monster2/ch_water_dragon/water_breathe04.mse	d:/ymir work/monster2/ch_water_dragon/water_breathe04.mse	1
season3_eu/ymir work/zone/dungeon/haven_dungeon/smalla_resorce.mse	d:/ymir work/zone/dungeon/haven_dungeon/smalla_resorce.mse	1
season3_eu/season2/metin2_map_skipia_dungeon_02/003003/height.raw	season2/metin2_map_skipia_dungeon_02/003003/height.raw	1
season3_eu/property/n/obj/snow.m/snow-009-hotel02.dds	property/n/obj/snow.m/snow-009-hotel02.dds	1
season3_eu/property/n/obj/snow.m/general_obj_stonedoor.gr2	property/n/obj/snow.m/general_obj_stonedoor.gr2	0
season3_eu/season2/metin2_map_skipia_dungeon_02/003004/areadata.txt	season2/metin2_map_skipia_dungeon_02/003004/areadata.txt	2
season3_eu/ymir work/zone/dungeon/haven_dungeon/skipia_passi.mdatr	d:/ymir work/zone/dungeon/haven_dungeon/skipia_passi.mdatr	0
season3_eu/season2/metin2_map_skipia_dungeon_02/003004/attr.atr	season2/metin2_map_skipia_dungeon_02/003004/attr.atr	1
season3_eu/season2/metin2_map_skipia_dungeon_02/003004/height.raw	season2/metin2_map_skipia_dungeon_02/003004/height.raw	1
season3_eu/ymir work/monster2/ch_officer/skipia_officer02.dds	d:/ymir work/monster2/ch_officer/skipia_officer02.dds	1
season3_eu/season2/metin2_map_skipia_dungeon_02/003005/attr.atr	season2/metin2_map_skipia_dungeon_02/003005/attr.atr	1
season3_eu/property/n/obj/snow.m/general_obj_bigtower08_lod_01.gr2	property/n/obj/snow.m/general_obj_bigtower08_lod_01.gr2	0
season3_eu/season2/metin2_map_skipia_dungeon_02/003005/height.raw	season2/metin2_map_skipia_dungeon_02/003005/height.raw	1
season3_eu/season2/metin2_map_skipia_dungeon_02/004000/areadata.txt	season2/metin2_map_skipia_dungeon_02/004000/areadata.txt	2
season3_eu/property/n/obj/snow.m/general_obj_watchtower02.gr2	property/n/obj/snow.m/general_obj_watchtower02.gr2	0
season3_eu/season2/metin2_map_skipia_dungeon_02/004000/attr.atr	season2/metin2_map_skipia_dungeon_02/004000/attr.atr	1
season3_eu/season2/metin2_map_skipia_dungeon_02/004000/height.raw	season2/metin2_map_skipia_dungeon_02/004000/height.raw	1
season3_eu/property/n/obj/snow.m/snow-bigdam-03.dds	property/n/obj/snow.m/snow-bigdam-03.dds	1
season3_eu/season2/metin2_map_skipia_dungeon_02/004001/areadata.txt	season2/metin2_map_skipia_dungeon_02/004001/areadata.txt	2
season3_eu/season2/metin2_map_skipia_dungeon_02/004001/attr.atr	season2/metin2_map_skipia_dungeon_02/004001/attr.atr	1
season3_eu/ymir work/npc2/sura_skeleton/sura_skeleton3.msm	d:/ymir work/npc2/sura_skeleton/sura_skeleton3.msm	2
season3_eu/property/n/obj/snow.m/ob-bigstatue01_lod_01.gr2	property/n/obj/snow.m/ob-bigstatue01_lod_01.gr2	0
season3_eu/property/n/obj/snow.m/general_obj_bell_lod_01.gr2	property/n/obj/snow.m/general_obj_bell_lod_01.gr2	0
season3_eu/season2/metin2_map_skipia_dungeon_02/004002/areadata.txt	season2/metin2_map_skipia_dungeon_02/004002/areadata.txt	2
season3_eu/season2/metin2_map_skipia_dungeon_02/004002/attr.atr	season2/metin2_map_skipia_dungeon_02/004002/attr.atr	1
season3_eu/season2/metin2_map_skipia_dungeon_02/004002/height.raw	season2/metin2_map_skipia_dungeon_02/004002/height.raw	1
season3_eu/property/n/obj/snow.m/landmark_grandstone01.gr2	property/n/obj/snow.m/landmark_grandstone01.gr2	0
season3_eu/season2/metin2_map_skipia_dungeon_02/004003/areadata.txt	season2/metin2_map_skipia_dungeon_02/004003/areadata.txt	2
season3_eu/season2/metin2_map_skipia_dungeon_02/skipia_dungeon.msenv	season2/metin2_map_skipia_dungeon_02/skipia_dungeon.msenv	0
season3_eu/property/n/obj/snow.m/landmark_grandstone02.gr2	property/n/obj/snow.m/landmark_grandstone02.gr2	0
season3_eu/property/n/obj/snow.m/general_obj_bell.mdatr	property/n/obj/snow.m/general_obj_bell.mdatr	0
season3_eu/season2/metin2_map_skipia_dungeon_02/004003/height.raw	season2/metin2_map_skipia_dungeon_02/004003/height.raw	1
season3_eu/season2/metin2_map_skipia_dungeon_02/004004/areadata.txt	season2/metin2_map_skipia_dungeon_02/004004/areadata.txt	2
season3_eu/property/n/obj/snow.m/general_obj_fence01_lod_01.gr2	property/n/obj/snow.m/general_obj_fence01_lod_01.gr2	0
season3_eu/property/n/obj/snow.m/general_obj_bigtower01.gr2	property/n/obj/snow.m/general_obj_bigtower01.gr2	0
season3_eu/season2/metin2_map_skipia_dungeon_02/004005/attr.atr	season2/metin2_map_skipia_dungeon_02/004005/attr.atr	1
season3_eu/ymir work/monster2/ch_footman/20_1.gr2	d:/ymir work/monster2/ch_footman/20_1.gr2	0
season3_eu/ymir work/monster2/ch_general/skipia_general_lod_01.gr2	d:/ymir work/monster2/ch_general/skipia_general_lod_01.gr2	0
season3_eu/season2/metin2_map_skipia_dungeon_02/004005/height.raw	season2/metin2_map_skipia_dungeon_02/004005/height.raw	1
season3_eu/ymir work/monster2/ch_general/30.msa	d:/ymir work/monster2/ch_general/30.msa	2
season3_eu/season2/metin2_map_skipia_dungeon_02/005000/areadata.txt	season2/metin2_map_skipia_dungeon_02/005000/areadata.txt	2
season3_eu/property/n/obj/snow.m/general_obj_stone13_lod_01.gr2	property/n/obj/snow.m/general_obj_stone13_lod_01.gr2	0
season3_eu/ymir work/monster2/ch_officer/20.msa	d:/ymir work/monster2/ch_officer/20.msa	2
season3_eu/season2/metin2_map_skipia_dungeon_02/005000/attr.atr	season2/metin2_map_skipia_dungeon_02/005000/attr.atr	1
season3_eu/season2/metin2_map_skipia_dungeon_02/005001/attr.atr	season2/metin2_map_skipia_dungeon_02/005001/attr.atr	1
season3_eu/ymir work/zone/dungeon/haven_dungeon/smallb_resorce.mse	d:/ymir work/zone/dungeon/haven_dungeon/smallb_resorce.mse	1
season3_eu/ymir work/zone/dungeon/haven_dungeon/skipia_dungeon_01.dds	d:/ymir work/zone/dungeon/haven_dungeon/skipia_dungeon_01.dds	1
season3_eu/season2/metin2_map_skipia_dungeon_02/005000/height.raw	season2/metin2_map_skipia_dungeon_02/005000/height.raw	1
season3_eu/ymir work/monster2/ch_magician/35.gr2	d:/ymir work/monster2/ch_magician/35.gr2	0
season3_eu/property/n/obj/snow.m/ob-bigstatue01-01.dds	property/n/obj/snow.m/ob-bigstatue01-01.dds	1
season3_eu/property/n/obj/snow.m/general_obj_stoneimage01.gr2	property/n/obj/snow.m/general_obj_stoneimage01.gr2	0
season3_eu/season2/metin2_map_skipia_dungeon_02/005001/height.raw	season2/metin2_map_skipia_dungeon_02/005001/height.raw	1
season3_eu/season2/metin2_map_skipia_dungeon_02/005002/attr.atr	season2/metin2_map_skipia_dungeon_02/005002/attr.atr	1
season3_eu/property/n/obj/snow.m/general_obj_pilla_lod_01.gr2	property/n/obj/snow.m/general_obj_pilla_lod_01.gr2	0
season3_eu/season2/metin2_map_skipia_dungeon_02/005002/height.raw	season2/metin2_map_skipia_dungeon_02/005002/height.raw	1
season3_eu/season2/metin2_map_skipia_dungeon_02/005003/attr.atr	season2/metin2_map_skipia_dungeon_02/005003/attr.atr	1
season3_eu/ymir work/monster2/ch_magician/30.gr2	d:/ymir work/monster2/ch_magician/30.gr2	0
season3_eu/season2/metin2_map_skipia_dungeon_02/005003/height.raw	season2/metin2_map_skipia_dungeon_02/005003/height.raw	1
season3_eu/season2/metin2_map_skipia_dungeon_02/005003/tile.raw	season2/metin2_map_skipia_dungeon_02/005003/tile.raw	1
season3_eu/season2/metin2_map_skipia_dungeon_02/005004/areadata.txt	season2/metin2_map_skipia_dungeon_02/005004/areadata.txt	2
season3_eu/ymir work/monster2/ch_magician/32.gr2	d:/ymir work/monster2/ch_magician/32.gr2	0
season3_eu/property/n/obj/snow.m/snow-032-shamanhouse.mdatr	property/n/obj/snow.m/snow-032-shamanhouse.mdatr	0
season3_eu/season2/metin2_map_skipia_dungeon_02/005005/areadata.txt	season2/metin2_map_skipia_dungeon_02/005005/areadata.txt	2
season3_eu/season2/metin2_map_skipia_dungeon_02/005005/height.raw	season2/metin2_map_skipia_dungeon_02/005005/height.raw	1
season3_eu/ymir work/zone/dungeon/haven_dungeon/skipia_passp.mdatr	d:/ymir work/zone/dungeon/haven_dungeon/skipia_passp.mdatr	0
season3_eu/ymir work/item/weapon/07180.gr2	d:/ymir work/item/weapon/07180.gr2	0
season3_eu/property/n/obj/snow.m/general_obj_stone01_lod_01.gr2	property/n/obj/snow.m/general_obj_stone01_lod_01.gr2	0
season3_eu/property/n/obj/snow.m/nsm-037-tower.mdatr	property/n/obj/snow.m/nsm-037-tower.mdatr	0
season3_eu/ymir work/item/weapon/07190.gr2	d:/ymir work/item/weapon/07190.gr2	0
season3_eu/ymir work/monster2/ch_general/00_1.gr2	d:/ymir work/monster2/ch_general/00_1.gr2	0
season3_eu/property/n/obj/snow.m/general_obj_drum.dds	property/n/obj/snow.m/general_obj_drum.dds	1
season3_eu/property/n/obj/snow.m/landmark-01-bellhouse-02.dds	property/n/obj/snow.m/landmark-01-bellhouse-02.dds	1
season3_eu/ymir work/item/weapon/weapon_choegogeup01_04.dds	d:/ymir work/item/weapon/weapon_choegogeup01_04.dds	1
season3_eu/ymir work/monster2/outlaw/outlaw_lod_01.gr2	d:/ymir work/monster2/outlaw/outlaw_lod_01.gr2	0
season3_eu/property/n/obj/snow.m/general_obj_stonebox.gr2	property/n/obj/snow.m/general_obj_stonebox.gr2	0
season3_eu/ymir work/ui/map_a2_atlas.dds	d:/ymir work/ui/map_a2_atlas.dds	1
season3_eu/ymir work/monster2/ch_magician/skipia_magician.gr2	d:/ymir work/monster2/ch_magician/skipia_magician.gr2	0
season3_eu/property/n/obj/snow.m/snow-middledam-01.gr2	property/n/obj/snow.m/snow-middledam-01.gr2	0
season3_eu/ymir work/zone/dungeon/haven_dungeon/big_resource.tga	d:/ymir work/zone/dungeon/haven_dungeon/big_resource.tga	1
season3_eu/ymir work/zone/dungeon/haven_dungeon/skipia_boss.gr2	d:/ymir work/zone/dungeon/haven_dungeon/skipia_boss.gr2	0
season3_eu/property/n/obj/snow.m/general_obj_lamp_lod_01.gr2	property/n/obj/snow.m/general_obj_lamp_lod_01.gr2	0
season3_eu/ymir work/zone/dungeon/haven_dungeon/skipia_boss.mdatr	d:/ymir work/zone/dungeon/haven_dungeon/skipia_boss.mdatr	0
season3_eu/ymir work/monster2/ch_magician/30_1.gr2	d:/ymir work/monster2/ch_magician/30_1.gr2	0
season3_eu/property/n/obj/snow.m/general_obj_bigtower05.mdatr	property/n/obj/snow.m/general_obj_bigtower05.mdatr	0
season3_eu/property/n/obj/snow.m/general_obj_bigstone03_lod_01.gr2	property/n/obj/snow.m/general_obj_bigstone03_lod_01.gr2	0
season3_eu/ymir work/monster2/ch_magician/34_1.gr2	d:/ymir work/monster2/ch_magician/34_1.gr2	0
season3_eu/ymir work/zone/dungeon/haven_dungeon/skipia_passc.gr2	d:/ymir work/zone/dungeon/haven_dungeon/skipia_passc.gr2	0
season3_eu/property/n/obj/snow.m/general_obj_bigtower07_lod_01.gr2	property/n/obj/snow.m/general_obj_bigtower07_lod_01.gr2	0
season3_eu/ymir work/zone/dungeon/haven_dungeon/skipia_passc.mdatr	d:/ymir work/zone/dungeon/haven_dungeon/skipia_passc.mdatr	0
season3_eu/ymir work/zone/dungeon/haven_dungeon/skipia_passic.gr2	d:/ymir work/zone/dungeon/haven_dungeon/skipia_passic.gr2	0
season3_eu/property/n/obj/snow.m/nsm-018-stonelight-01.dds	property/n/obj/snow.m/nsm-018-stonelight-01.dds	1
season3_eu/ymir work/zone/dungeon/haven_dungeon/skipia_passic.mdatr	d:/ymir work/zone/dungeon/haven_dungeon/skipia_passic.mdatr	0
season3_eu/property/n/obj/snow.m/nsm-022-10m-bridge.dds	property/n/obj/snow.m/nsm-022-10m-bridge.dds	1
season3_eu/property/n/obj/snow.m/general_obj_ferryboat03.mdatr	property/n/obj/snow.m/general_obj_ferryboat03.mdatr	0
season3_eu/ymir work/zone/dungeon/haven_dungeon/skipia_passis1.gr2	d:/ymir work/zone/dungeon/haven_dungeon/skipia_passis1.gr2	0
season3_eu/season2/npc/ent_elder/25.gr2	season2/npc/ent_elder/25.gr2	0
season3_eu/ymir work/zone/dungeon/haven_dungeon/skipia_passis2.gr2	d:/ymir work/zone/dungeon/haven_dungeon/skipia_passis2.gr2	0
season3_eu/property/n/obj/snow.m/nsm-general_obj_03.mdatr	property/n/obj/snow.m/nsm-general_obj_03.mdatr	0
season3_eu/season2/npc/ent_elder/20.msa	season2/npc/ent_elder/20.msa	2
season3_eu/property/n/obj/snow.m/general_obj_watermill_01.gr2	property/n/obj/snow.m/general_obj_watermill_01.gr2	0
season3_eu/ymir work/zone/dungeon/haven_dungeon/skipia_passl.mdatr	d:/ymir work/zone/dungeon/haven_dungeon/skipia_passl.mdatr	0
season3_eu/property/n/obj/snow.m/snow_4fbuilding_04.dds	property/n/obj/snow.m/snow_4fbuilding_04.dds	1
season3_eu/ymir work/monster2/ch_magician/shape.msm	d:/ymir work/monster2/ch_magician/shape.msm	2
season3_eu/ymir work/zone/dungeon/haven_dungeon/skipia_passp.gr2	d:/ymir work/zone/dungeon/haven_dungeon/skipia_passp.gr2	0
season3_eu/ymir work/zone/dungeon/haven_dungeon/skipia_passt.mdatr	d:/ymir work/zone/dungeon/haven_dungeon/skipia_passt.mdatr	0
season3_eu/property/b/10.공용/b1-006-castle01.prb	property/b/10.공용/b1-006-castle01.prb	0
season3_eu/ymir work/monster2/ch_bowman/skipia_bowman_lod_01.gr2	d:/ymir work/monster2/ch_bowman/skipia_bowman_lod_01.gr2	0
season3_eu/property/b/10.공용/ob-004-hause2.prb	property/b/10.공용/ob-004-hause2.prb	0
season3_eu/property/b/10.공용/ob-033-guesthouse-01.prb	property/b/10.공용/ob-033-guesthouse-01.prb	0
season3_eu/property/n/obj/snow.m/general_obj_stone07_lod_01.gr2	property/n/obj/snow.m/general_obj_stone07_lod_01.gr2	0
season3_eu/property/b/10.공용/ob-033-guesthouse-02.prb	property/b/10.공용/ob-033-guesthouse-02.prb	0
season3_eu/ymir work/monster2/ch_water_dragon/20.gr2	d:/ymir work/monster2/ch_water_dragon/20.gr2	0
season3_eu/property/b/10.공용/ob-035-woodgate.prb	property/b/10.공용/ob-035-woodgate.prb	0
season3_eu/property/b/10.공용/ob-bigdam-01.prb	property/b/10.공용/ob-bigdam-01.prb	0
season3_eu/property/n/obj/snow.m/nsm-general_obj_01.mdatr	property/n/obj/snow.m/nsm-general_obj_01.mdatr	0
season3_eu/property/n/obj/snow.m/warpgate03.gr2	property/n/obj/snow.m/warpgate03.gr2	0
season3_eu/ymir work/zone/dungeon/haven_dungeon/skipia_passis2_lightingmap01.dds	d:/ymir work/zone/dungeon/haven_dungeon/skipia_passis2_lightingmap01.dds	1
season3_eu/property/b/10.공용/ob-bigdam-02.prb	property/b/10.공용/ob-bigdam-02.prb	0
season3_eu/property/n/obj/snow.m/general_obj_stonepillar_02.gr2	property/n/obj/snow.m/general_obj_stonepillar_02.gr2	0
season3_eu/property/b/10.공용/ob-bigdam-06.prb	property/b/10.공용/ob-bigdam-06.prb	0
season3_eu/ymir work/monster2/ch_general/33.gr2	d:/ymir work/monster2/ch_general/33.gr2	0
season3_eu/property/n/obj/snow.m/general_obj_bigstone01.gr2	property/n/obj/snow.m/general_obj_bigstone01.gr2	0
season3_eu/ymir work/monster2/ch_footman/30.gr2	d:/ymir work/monster2/ch_footman/30.gr2	0
season3_eu/property/n/obj/snow.m/snow_building04_02.dds	property/n/obj/snow.m/snow_building04_02.dds	1
season3_eu/property/n/obj/snow.m/general_obj_bigstone01_lod_01.gr2	property/n/obj/snow.m/general_obj_bigstone01_lod_01.gr2	0
season3_eu/property/n/obj/snow.m/general_obj_bigstone02.gr2	property/n/obj/snow.m/general_obj_bigstone02.gr2	0
season3_eu/property/n/obj/snow.m/nsm-018-stonelight-1_lod_01.gr2	property/n/obj/snow.m/nsm-018-stonelight-1_lod_01.gr2	0
season3_eu/property/n/obj/snow.m/general_obj_bigstone03.gr2	property/n/obj/snow.m/general_obj_bigstone03.gr2	0
season3_eu/property/n/obj/snow.m/snow-035-woodgate.mdatr	property/n/obj/snow.m/snow-035-woodgate.mdatr	0
season3_eu/property/n/obj/snow.m/general_obj_bigstone03.mdatr	property/n/obj/snow.m/general_obj_bigstone03.mdatr	0
season3_eu/property/n/obj/snow.m/general_obj_bigstone04.gr2	property/n/obj/snow.m/general_obj_bigstone04.gr2	0
season3_eu/property/n/obj/snow.m/general_obj_bigstone04.mdatr	property/n/obj/snow.m/general_obj_bigstone04.mdatr	0
season3_eu/property/n/obj/snow.m/general_obj_watchtower01.gr2	property/n/obj/snow.m/general_obj_watchtower01.gr2	0
season3_eu/property/n/obj/snow.m/general_obj_bigstone05_lod_01.gr2	property/n/obj/snow.m/general_obj_bigstone05_lod_01.gr2	0
season3_eu/property/n/obj/snow.m/general_obj_bigstone06.gr2	property/n/obj/snow.m/general_obj_bigstone06.gr2	0
season3_eu/property/n/obj/snow.m/general_obj_bigstone07.gr2	property/n/obj/snow.m/general_obj_bigstone07.gr2	0
season3_eu/ymir work/monster2/ch_officer/00.gr2	d:/ymir work/monster2/ch_officer/00.gr2	0
season3_eu/property/n/obj/snow.m/general_obj_suspension bridge02.mdatr	property/n/obj/snow.m/general_obj_suspension bridge02.mdatr	0
season3_eu/property/n/obj/snow.m/nsm-general_obj_01_4_lod_01.gr2	property/n/obj/snow.m/nsm-general_obj_01_4_lod_01.gr2	0
season3_eu/property/n/obj/snow.m/general_obj_bigstone08.mdatr	property/n/obj/snow.m/general_obj_bigstone08.mdatr	0
season3_eu/property/n/obj/snow.m/general_obj_bigstone09.gr2	property/n/obj/snow.m/general_obj_bigstone09.gr2	0
season3_eu/property/n/obj/snow.m/general_obj_suspension bridge01.mdatr	property/n/obj/snow.m/general_obj_suspension bridge01.mdatr	0
season3_eu/property/n/obj/snow.m/general_obj_bigstone09.mdatr	property/n/obj/snow.m/general_obj_bigstone09.mdatr	0
season3_eu/property/n/obj/snow.m/general_obj_stonedoor_lod_01.gr2	property/n/obj/snow.m/general_obj_stonedoor_lod_01.gr2	0
season3_eu/ymir work/monster2/ch_water_dragon/26.gr2	d:/ymir work/monster2/ch_water_dragon/26.gr2	0
season3_eu/property/n/obj/snow.m/general_obj_bigstone09_lod_01.gr2	property/n/obj/snow.m/general_obj_bigstone09_lod_01.gr2	0
season3_eu/property/n/obj/snow.m/general_obj_carriage.mdatr	property/n/obj/snow.m/general_obj_carriage.mdatr	0
season3_eu/property/n/obj/snow.m/general_obj_bigstonegate01_lod_01.gr2	property/n/obj/snow.m/general_obj_bigstonegate01_lod_01.gr2	0
season3_eu/property/n/obj/snow.m/general_obj_bigtower01.dds	property/n/obj/snow.m/general_obj_bigtower01.dds	1
season3_eu/season2/npc/ent_elder/35.gr2	season2/npc/ent_elder/35.gr2	0
season3_eu/property/n/obj/snow.m/general_obj_bigtower01.mdatr	property/n/obj/snow.m/general_obj_bigtower01.mdatr	0
season3_eu/property/n/obj/snow.m/general_obj_stoneimage03.mdatr	property/n/obj/snow.m/general_obj_stoneimage03.mdatr	0
season3_eu/property/n/obj/snow.m/general_obj_stone01.gr2	property/n/obj/snow.m/general_obj_stone01.gr2	0
season3_eu/property/n/obj/snow.m/general_obj_bigtower01_lod_01.gr2	property/n/obj/snow.m/general_obj_bigtower01_lod_01.gr2	0
season3_eu/property/n/obj/snow.m/general_obj_bigtower02.gr2	property/n/obj/snow.m/general_obj_bigtower02.gr2	0
season3_eu/property/n/obj/snow.m/general_obj_bigtower02_lod_01.gr2	property/n/obj/snow.m/general_obj_bigtower02_lod_01.gr2	0
season3_eu/property/n/obj/snow.m/general_obj_bigtower03.mdatr	property/n/obj/snow.m/general_obj_bigtower03.mdatr	0
season3_eu/property/n/obj/snow.m/general_obj_bigtower03_lod_01.gr2	property/n/obj/snow.m/general_obj_bigtower03_lod_01.gr2	0
season3_eu/ymir work/monster2/ch_water_dragon/00_1.msa	d:/ymir work/monster2/ch_water_dragon/00_1.msa	2
season3_eu/property/n/obj/snow.m/general_obj_bigtower04.gr2	property/n/obj/snow.m/general_obj_bigtower04.gr2	0
season3_eu/ymir work/uiloading/background_loading_warrior5.sub	d:/ymir work/uiloading/background_loading_warrior5.sub	0
season3_eu/property/n/obj/snow.m/general_obj_bigtower04.mdatr	property/n/obj/snow.m/general_obj_bigtower04.mdatr	0
season3_eu/property/n/obj/snow.m/general_obj_stoneimage03_lod_01.gr2	property/n/obj/snow.m/general_obj_stoneimage03_lod_01.gr2	0
season3_eu/property/n/obj/snow.m/obj-0006.gr2	property/n/obj/snow.m/obj-0006.gr2	0
season3_eu/property/n/obj/snow.m/general_obj_bigtower05.gr2	property/n/obj/snow.m/general_obj_bigtower05.gr2	0
season3_eu/property/n/obj/snow.m/general_obj_bigtower06.gr2	property/n/obj/snow.m/general_obj_bigtower06.gr2	0
season3_eu/ymir work/monster2/ch_bowman/00_1.gr2	d:/ymir work/monster2/ch_bowman/00_1.gr2	0
season3_eu/ymir work/npc2/sura_skeleton/sura_skeleton1.gr2	d:/ymir work/npc2/sura_skeleton/sura_skeleton1.gr2	0
season3_eu/property/n/obj/snow.m/general_obj_bigtower06_lod_01.gr2	property/n/obj/snow.m/general_obj_bigtower06_lod_01.gr2	0
season3_eu/property/n/obj/snow.m/general_obj_bigtower07.mdatr	property/n/obj/snow.m/general_obj_bigtower07.mdatr	0
season3_eu/property/n/obj/snow.m/general_obj_bigtower09.gr2	property/n/obj/snow.m/general_obj_bigtower09.gr2	0
season3_eu/property/n/obj/snow.m/general_obj_bigtower09_lod_01.gr2	property/n/obj/snow.m/general_obj_bigtower09_lod_01.gr2	0
season3_eu/property/n/obj/snow.m/general_obj_bigtower10.gr2	property/n/obj/snow.m/general_obj_bigtower10.gr2	0
season3_eu/property/n/obj/snow.m/warpgate01.mdatr	property/n/obj/snow.m/warpgate01.mdatr	0
season3_eu/property/n/obj/snow.m/general_obj_fence04.gr2	property/n/obj/snow.m/general_obj_fence04.gr2	0
season3_eu/ymir work/npc2/suraghost/effect_suraghost.mde	d:/ymir work/npc2/suraghost/effect_suraghost.mde	1
season3_eu/property/n/obj/snow.m/general_obj_bigtower10.mdatr	property/n/obj/snow.m/general_obj_bigtower10.mdatr	0
season3_eu/property/n/obj/snow.m/general_obj_bigtower10_lod_01.gr2	property/n/obj/snow.m/general_obj_bigtower10_lod_01.gr2	0
season3_eu/property/n/obj/snow.m/general_obj_bigtower11.gr2	property/n/obj/snow.m/general_obj_bigtower11.gr2	0
season3_eu/property/n/obj/snow.m/general_obj_bigtower11_lod_01.gr2	property/n/obj/snow.m/general_obj_bigtower11_lod_01.gr2	0
season3_eu/property/n/obj/snow.m/general_obj_flag_lod_01.gr2	property/n/obj/snow.m/general_obj_flag_lod_01.gr2	0
season3_eu/property/n/obj/snow.m/general_obj_bigtower11.mdatr	property/n/obj/snow.m/general_obj_bigtower11.mdatr	0
season3_eu/property/n/obj/snow.m/nsm-general_obj_01.dds	property/n/obj/snow.m/nsm-general_obj_01.dds	1
season3_eu/property/n/obj/snow.m/general_obj_bigtower12.gr2	property/n/obj/snow.m/general_obj_bigtower12.gr2	0
season3_eu/property/n/obj/snow.m/general_obj_bigtower12.mdatr	property/n/obj/snow.m/general_obj_bigtower12.mdatr	0
season3_eu/ymir work/monster2/ch_footman/03.msa	d:/ymir work/monster2/ch_footman/03.msa	2
season3_eu/property/n/obj/snow.m/general_obj_stone14.dds	property/n/obj/snow.m/general_obj_stone14.dds	1
season3_eu/property/n/obj/snow.m/general_obj_bigtower12_lod_01.gr2	property/n/obj/snow.m/general_obj_bigtower12_lod_01.gr2	0
season3_eu/property/n/obj/snow.m/general_obj_stoneimage01_lod_01.gr2	property/n/obj/snow.m/general_obj_stoneimage01_lod_01.gr2	0
season3_eu/property/n/obj/snow.m/general_obj_brazier.dds	property/n/obj/snow.m/general_obj_brazier.dds	1
season3_eu/season2/npc/ent_elder/34.gr2	season2/npc/ent_elder/34.gr2	0
season3_eu/property/n/obj/snow.m/general_obj_carriage.dds	property/n/obj/snow.m/general_obj_carriage.dds	1
season3_eu/property/n/obj/snow.m/general_obj_carriage_lod_01.gr2	property/n/obj/snow.m/general_obj_carriage_lod_01.gr2	0
season3_eu/season2/npc/ent_elder/shape.msm	season2/npc/ent_elder/shape.msm	2
season3_eu/property/n/obj/snow.m/general_obj_fence02.gr2	property/n/obj/snow.m/general_obj_fence02.gr2	0
season3_eu/ymir work/monster2/ch_general/ch_general.msm	d:/ymir work/monster2/ch_general/ch_general.msm	2
season3_eu/property/n/obj/snow.m/general_obj_stone03.dds	property/n/obj/snow.m/general_obj_stone03.dds	1
season3_eu/property/n/obj/snow.m/general_obj_fence02.mdatr	property/n/obj/snow.m/general_obj_fence02.mdatr	0
season3_eu/property/n/obj/snow.m/general_obj_ferryboat03.gr2	property/n/obj/snow.m/general_obj_ferryboat03.gr2	0
season3_eu/property/n/obj/snow.m/general_obj_fence02_lod_01.gr2	property/n/obj/snow.m/general_obj_fence02_lod_01.gr2	0
season3_eu/season2/npc/ent_elder/36.gr2	season2/npc/ent_elder/36.gr2	0
season3_eu/property/n/obj/snow.m/general_obj_fence03.mdatr	property/n/obj/snow.m/general_obj_fence03.mdatr	0
season3_eu/property/n/obj/snow.m/general_obj_watchtower03-01_lod_01.gr2	property/n/obj/snow.m/general_obj_watchtower03-01_lod_01.gr2	0
season3_eu/property/n/obj/snow.m/general_obj_fence03_lod_01.gr2	property/n/obj/snow.m/general_obj_fence03_lod_01.gr2	0
season3_eu/property/n/obj/snow.m/general_obj_fence04.mdatr	property/n/obj/snow.m/general_obj_fence04.mdatr	0
season3_eu/property/n/obj/snow.m/general_obj_fence05_lod_01.gr2	property/n/obj/snow.m/general_obj_fence05_lod_01.gr2	0
season3_eu/ymir work/npc2/worship_dragon/ice_stonelight1.mse	d:/ymir work/npc2/worship_dragon/ice_stonelight1.mse	1
season3_eu/property/n/obj/snow.m/general_obj_fence06.gr2	property/n/obj/snow.m/general_obj_fence06.gr2	0
season3_eu/property/n/obj/snow.m/snow_4fbuilding.gr2	property/n/obj/snow.m/snow_4fbuilding.gr2	0
season3_eu/property/n/obj/snow.m/general_obj_fence06.mdatr	property/n/obj/snow.m/general_obj_fence06.mdatr	0
season3_eu/property/n/obj/snow.m/general_obj_ferryboat.dds	property/n/obj/snow.m/general_obj_ferryboat.dds	1
season3_eu/property/n/obj/snow.m/general_obj_stone13.mdatr	property/n/obj/snow.m/general_obj_stone13.mdatr	0
season3_eu/ymir work/monster2/ch_general/03.gr2	d:/ymir work/monster2/ch_general/03.gr2	0
season3_eu/property/n/obj/snow.m/general_obj_ferryboat01.gr2	property/n/obj/snow.m/general_obj_ferryboat01.gr2	0
season3_eu/property/n/obj/snow.m/ob-7-03-01.mdatr	property/n/obj/snow.m/ob-7-03-01.mdatr	0
season3_eu/property/n/obj/snow.m/general_obj_lionstoneimage_lod_01.gr2	property/n/obj/snow.m/general_obj_lionstoneimage_lod_01.gr2	0
season3_eu/property/n/obj/snow.m/general_obj_ferryboat01_lod_01.gr2	property/n/obj/snow.m/general_obj_ferryboat01_lod_01.gr2	0
season3_eu/property/n/obj/snow.m/warpgate03.mdatr	property/n/obj/snow.m/warpgate03.mdatr	0
season3_eu/property/n/obj/snow.m/ob-7-01.mdatr	property/n/obj/snow.m/ob-7-01.mdatr	0
season3_eu/property/n/obj/snow.m/general_obj_ferryboat02.gr2	property/n/obj/snow.m/general_obj_ferryboat02.gr2	0
season3_eu/property/n/obj/snow.m/general_obj_watchtower02_lod_01.gr2	property/n/obj/snow.m/general_obj_watchtower02_lod_01.gr2	0
season3_eu/property/n/obj/snow.m/general_obj_ferryboat03_lod_01.gr2	property/n/obj/snow.m/general_obj_ferryboat03_lod_01.gr2	0
season3_eu/property/n/obj/snow.m/general_obj_flag.mdatr	property/n/obj/snow.m/general_obj_flag.mdatr	0
season3_eu/property/n/obj/snow.m/snow-bigdam-05.mdatr	property/n/obj/snow.m/snow-bigdam-05.mdatr	0
season3_eu/property/n/obj/snow.m/general_obj_lamp.mdatr	property/n/obj/snow.m/general_obj_lamp.mdatr	0
season3_eu/property/n/obj/snow.m/general_obj_lionstoneimage.mdatr	property/n/obj/snow.m/general_obj_lionstoneimage.mdatr	0
season3_eu/property/n/obj/snow.m/general_obj_stone05.gr2	property/n/obj/snow.m/general_obj_stone05.gr2	0
season3_eu/property/n/obj/snow.m/general_obj_stone05_lod_01.gr2	property/n/obj/snow.m/general_obj_stone05_lod_01.gr2	0
season3_eu/property/n/obj/snow.m/general_obj_stone06.gr2	property/n/obj/snow.m/general_obj_stone06.gr2	0
season3_eu/property/n/obj/snow.m/ob-7-01.gr2	property/n/obj/snow.m/ob-7-01.gr2	0
season3_eu/property/n/obj/snow.m/general_obj_stone06_lod_01.gr2	property/n/obj/snow.m/general_obj_stone06_lod_01.gr2	0
season3_eu/property/n/obj/snow.m/general_obj_stone07.gr2	property/n/obj/snow.m/general_obj_stone07.gr2	0
season3_eu/property/n/obj/snow.m/general_obj_stone07.mdatr	property/n/obj/snow.m/general_obj_stone07.mdatr	0
season3_eu/property/n/obj/snow.m/general_obj_stone10.gr2	property/n/obj/snow.m/general_obj_stone10.gr2	0
season3_eu/property/n/obj/snow.m/general_obj_stone10_lod_01.gr2	property/n/obj/snow.m/general_obj_stone10_lod_01.gr2	0
season3_eu/property/n/obj/snow.m/general_obj_stone12.gr2	property/n/obj/snow.m/general_obj_stone12.gr2	0
season3_eu/property/n/obj/snow.m/general_obj_stonebox_lod_01.gr2	property/n/obj/snow.m/general_obj_stonebox_lod_01.gr2	0
season3_eu/property/n/obj/snow.m/general_obj_stone18_lod_01.gr2	property/n/obj/snow.m/general_obj_stone18_lod_01.gr2	0
season3_eu/property/n/obj/snow.m/general_obj_stone12_lod_01.gr2	property/n/obj/snow.m/general_obj_stone12_lod_01.gr2	0
season3_eu/ymir work/monster2/ch_general/31.msa	d:/ymir work/monster2/ch_general/31.msa	2
season3_eu/property/n/obj/snow.m/general_obj_stone13.gr2	property/n/obj/snow.m/general_obj_stone13.gr2	0
season3_eu/ymir work/monster2/ch_magician/0002.tga	d:/ymir work/monster2/ch_magician/0002.tga	1
season3_eu/property/n/obj/snow.m/general_obj_stone14.gr2	property/n/obj/snow.m/general_obj_stone14.gr2	0
season3_eu/property/n/obj/snow.m/general_obj_stone14.mdatr	property/n/obj/snow.m/general_obj_stone14.mdatr	0
season3_eu/property/n/obj/snow.m/general_obj_stone15.dds	property/n/obj/snow.m/general_obj_stone15.dds	1
season3_eu/property/n/obj/snow.m/general_obj_stone15.mdatr	property/n/obj/snow.m/general_obj_stone15.mdatr	0
season3_eu/season2/npc/ent_elder/00_2.msa	season2/npc/ent_elder/00_2.msa	2
season3_eu/ymir work/monster2/ch_general/34.gr2	d:/ymir work/monster2/ch_general/34.gr2	0
season3_eu/season2/npc/ent_elder/20_1.msa	season2/npc/ent_elder/20_1.msa	2
season3_eu/ymir work/monster2/ch_magician/33.msa	d:/ymir work/monster2/ch_magician/33.msa	2
season3_eu/property/n/obj/snow.m/general_obj_stone15_lod_01.gr2	property/n/obj/snow.m/general_obj_stone15_lod_01.gr2	0
season3_eu/property/n/obj/snow.m/general_obj_stone18.dds	property/n/obj/snow.m/general_obj_stone18.dds	1
season3_eu/property/n/obj/snow.m/general_obj_stonebox.dds	property/n/obj/snow.m/general_obj_stonebox.dds	1
season3_eu/property/n/obj/snow.m/general_obj_stonebox.mdatr	property/n/obj/snow.m/general_obj_stonebox.mdatr	0
season3_eu/property/n/obj/snow.m/general_obj_stonedoor.mdatr	property/n/obj/snow.m/general_obj_stonedoor.mdatr	0
season3_eu/ymir work/monster2/ch_general/00_1.msa	d:/ymir work/monster2/ch_general/00_1.msa	2
season3_eu/property/n/obj/snow.m/snow_hause2.dds	property/n/obj/snow.m/snow_hause2.dds	1
season3_eu/property/n/obj/snow.m/general_obj_stoneimage01.mdatr	property/n/obj/snow.m/general_obj_stoneimage01.mdatr	0
season3_eu/property/n/obj/snow.m/general_obj_stoneimage02_lod_01.gr2	property/n/obj/snow.m/general_obj_stoneimage02_lod_01.gr2	0
season3_eu/property/n/obj/snow.m/nsm-018-stonelight.gr2	property/n/obj/snow.m/nsm-018-stonelight.gr2	0
season3_eu/property/n/obj/snow.m/snow-009-hotel01.dds	property/n/obj/snow.m/snow-009-hotel01.dds	1
season3_eu/ymir work/zone/dungeon/haven_dungeon/skipia_passic_lightingmap01.dds	d:/ymir work/zone/dungeon/haven_dungeon/skipia_passic_lightingmap01.dds	1
season3_eu/property/n/obj/snow.m/general_obj_stoneimage03.gr2	property/n/obj/snow.m/general_obj_stoneimage03.gr2	0
season3_eu/property/n/obj/snow.m/general_obj_stonepillar_01.mdatr	property/n/obj/snow.m/general_obj_stonepillar_01.mdatr	0
season3_eu/property/n/obj/snow.m/general_obj_stonepillar_01_lod_01.gr2	property/n/obj/snow.m/general_obj_stonepillar_01_lod_01.gr2	0
season3_eu/ymir work/zone/dungeon/haven_dungeon/skipia_collision.gr2	d:/ymir work/zone/dungeon/haven_dungeon/skipia_collision.gr2	0
season3_eu/property/n/obj/snow.m/general_obj_suspension bridge03_lod_01.gr2	property/n/obj/snow.m/general_obj_suspension bridge03_lod_01.gr2	0
season3_eu/property/n/obj/snow.m/general_obj_stonepillar_02.mdatr	property/n/obj/snow.m/general_obj_stonepillar_02.mdatr	0
season3_eu/property/n/obj/snow.m/general_obj_suspension bridge02.gr2	property/n/obj/snow.m/general_obj_suspension bridge02.gr2	0
season3_eu/property/n/obj/snow.m/general_obj_suspension bridge02_lod_01.gr2	property/n/obj/snow.m/general_obj_suspension bridge02_lod_01.gr2	0
season3_eu/property/n/obj/snow.m/general_obj_suspension bridge03.gr2	property/n/obj/snow.m/general_obj_suspension bridge03.gr2	0
season3_eu/property/n/obj/snow.m/general_obj_tent.dds	property/n/obj/snow.m/general_obj_tent.dds	1
season3_eu/property/n/obj/snow.m/general_obj_tent02.gr2	property/n/obj/snow.m/general_obj_tent02.gr2	0
season3_eu/property/n/obj/snow.m/general_obj_tent02.mdatr	property/n/obj/snow.m/general_obj_tent02.mdatr	0
season3_eu/property/n/obj/snow.m/nsm-general_obj_21_1.mdatr	property/n/obj/snow.m/nsm-general_obj_21_1.mdatr	0
season3_eu/property/n/obj/snow.m/general_obj_tent02_lod_01.gr2	property/n/obj/snow.m/general_obj_tent02_lod_01.gr2	0
season3_eu/property/n/obj/snow.m/general_obj_txtstone.dds	property/n/obj/snow.m/general_obj_txtstone.dds	1
season3_eu/ymir work/monster2/ch_general/shape.msm	d:/ymir work/monster2/ch_general/shape.msm	2
season3_eu/property/n/obj/snow.m/general_obj_txtstone.mdatr	property/n/obj/snow.m/general_obj_txtstone.mdatr	0
season3_eu/property/n/obj/snow.m/general_obj_txtstone_lod_01.gr2	property/n/obj/snow.m/general_obj_txtstone_lod_01.gr2	0
season3_eu/property/n/obj/snow.m/general_obj_watchtower01.dds	property/n/obj/snow.m/general_obj_watchtower01.dds	1
season3_eu/property/n/obj/snow.m/snow-033-guesthouse-01.mdatr	property/n/obj/snow.m/snow-033-guesthouse-01.mdatr	0
season3_eu/property/n/obj/snow.m/general_obj_watchtower01.mdatr	property/n/obj/snow.m/general_obj_watchtower01.mdatr	0
season3_eu/property/n/obj/snow.m/general_obj_watchtower01_lod_01.gr2	property/n/obj/snow.m/general_obj_watchtower01_lod_01.gr2	0
season3_eu/property/n/obj/snow.m/general_obj_watchtower02-01.gr2	property/n/obj/snow.m/general_obj_watchtower02-01.gr2	0
season3_eu/property/n/obj/snow.m/general_obj_watchtower02-01.mdatr	property/n/obj/snow.m/general_obj_watchtower02-01.mdatr	0
season3_eu/ymir work/monster2/ch_bowman/00.msa	d:/ymir work/monster2/ch_bowman/00.msa	2
season3_eu/property/n/obj/snow.m/general_obj_watchtower02.dds	property/n/obj/snow.m/general_obj_watchtower02.dds	1
season3_eu/property/n/obj/snow.m/general_obj_watchtower02.mdatr	property/n/obj/snow.m/general_obj_watchtower02.mdatr	0
season3_eu/property/n/obj/snow.m/general_obj_watchtower03-01.mdatr	property/n/obj/snow.m/general_obj_watchtower03-01.mdatr	0
season3_eu/property/n/obj/snow.m/general_obj_watchtower03_lod_01.gr2	property/n/obj/snow.m/general_obj_watchtower03_lod_01.gr2	0
season3_eu/property/n/obj/snow.m/general_obj_watermill.mdatr	property/n/obj/snow.m/general_obj_watermill.mdatr	0
season3_eu/property/n/obj/snow.m/general_obj_watermill1.dds	property/n/obj/snow.m/general_obj_watermill1.dds	1
season3_eu/property/n/obj/snow.m/ob-bigstone04.mdatr	property/n/obj/snow.m/ob-bigstone04.mdatr	0
season3_eu/ymir work/monster2/ch_officer/00_1.msa	d:/ymir work/monster2/ch_officer/00_1.msa	2
season3_eu/property/n/obj/snow.m/general_obj_watermill2.dds	property/n/obj/snow.m/general_obj_watermill2.dds	1
season3_eu/property/n/obj/snow.m/general_obj_watermill_01.mdatr	property/n/obj/snow.m/general_obj_watermill_01.mdatr	0
season3_eu/property/n/obj/snow.m/general_obj_watermill_lod_01.gr2	property/n/obj/snow.m/general_obj_watermill_lod_01.gr2	0
season3_eu/property/n/obj/snow.m/landmark-01-bellhouse-01.dds	property/n/obj/snow.m/landmark-01-bellhouse-01.dds	1
season3_eu/property/n/obj/snow.m/snow-middledam-07.gr2	property/n/obj/snow.m/snow-middledam-07.gr2	0
season3_eu/property/n/obj/snow.m/landmark-01-bellhouse.gr2	property/n/obj/snow.m/landmark-01-bellhouse.gr2	0
season3_eu/property/n/obj/snow.m/landmark_grandstone01.dds	property/n/obj/snow.m/landmark_grandstone01.dds	1
season3_eu/ymir work/zone/dungeon/haven_dungeon/skipia_dungeon_05.dds	d:/ymir work/zone/dungeon/haven_dungeon/skipia_dungeon_05.dds	1
season3_eu/property/n/obj/snow.m/landmark_grandstone01.mdatr	property/n/obj/snow.m/landmark_grandstone01.mdatr	0
season3_eu/ymir work/monster2/ch_bowman/ring_rainbow_line.jpg	d:/ymir work/monster2/ch_bowman/ring_rainbow_line.jpg	0
season3_eu/property/n/obj/snow.m/landmark_grandstone01_lod_01.gr2	property/n/obj/snow.m/landmark_grandstone01_lod_01.gr2	0
season3_eu/property/n/obj/snow.m/landmark_grandstone02.mdatr	property/n/obj/snow.m/landmark_grandstone02.mdatr	0
season3_eu/property/n/obj/snow.m/nsm-001-house3.dds	property/n/obj/snow.m/nsm-001-house3.dds	1
season3_eu/property/n/obj/snow.m/nsm-001-house3.mdatr	property/n/obj/snow.m/nsm-001-house3.mdatr	0
season3_eu/property/n/obj/snow.m/snow_4fbuilding.mdatr	property/n/obj/snow.m/snow_4fbuilding.mdatr	0
season3_eu/property/n/obj/snow.m/nsm-004-hause2.dds	property/n/obj/snow.m/nsm-004-hause2.dds	1
season3_eu/property/n/obj/snow.m/nsm-004-house2.gr2	property/n/obj/snow.m/nsm-004-house2.gr2	0
season3_eu/property/n/obj/snow.m/snow_tower01.gr2	property/n/obj/snow.m/snow_tower01.gr2	0
season3_eu/property/n/obj/snow.m/snow-006-castle-01.dds	property/n/obj/snow.m/snow-006-castle-01.dds	1
season3_eu/property/n/obj/snow.m/nsm-016-house9.dds	property/n/obj/snow.m/nsm-016-house9.dds	1
season3_eu/property/n/obj/snow.m/nsm-016-house9.gr2	property/n/obj/snow.m/nsm-016-house9.gr2	0
season3_eu/property/n/obj/snow.m/ob-bigstone.dds	property/n/obj/snow.m/ob-bigstone.dds	1
season3_eu/property/n/obj/snow.m/nsm-016-house9.mdatr	property/n/obj/snow.m/nsm-016-house9.mdatr	0
season3_eu/property/n/obj/snow.m/snow-035-woodgate.dds	property/n/obj/snow.m/snow-035-woodgate.dds	1
season3_eu/property/n/obj/snow.m/nsm-018-stonelight-1.mdatr	property/n/obj/snow.m/nsm-018-stonelight-1.mdatr	0
season3_eu/season2/npc/ent_elder/ent_elder.dds	season2/npc/ent_elder/ent_elder.dds	1
season3_eu/property/n/obj/snow.m/nsm-018-stonelight_lod_01.gr2	property/n/obj/snow.m/nsm-018-stonelight_lod_01.gr2	0
season3_eu/property/n/obj/snow.m/snow-009-hotel.mdatr	property/n/obj/snow.m/snow-009-hotel.mdatr	0
season3_eu/property/n/obj/snow.m/nsm-022-10m-bridge.mdatr	property/n/obj/snow.m/nsm-022-10m-bridge.mdatr	0
season3_eu/property/n/obj/snow.m/nsm-022-10m-bridge_lod_01.gr2	property/n/obj/snow.m/nsm-022-10m-bridge_lod_01.gr2	0
season3_eu/property/n/obj/snow.m/nsm-032-shamanhouse-1.dds	property/n/obj/snow.m/nsm-032-shamanhouse-1.dds	1
season3_eu/property/n/obj/snow.m/nsm-032-shamanhouse.gr2	property/n/obj/snow.m/nsm-032-shamanhouse.gr2	0
season3_eu/property/n/obj/snow.m/ob-bigstone04.gr2	property/n/obj/snow.m/ob-bigstone04.gr2	0
season3_eu/property/n/obj/snow.m/nsm-035-wooddoor.dds	property/n/obj/snow.m/nsm-035-wooddoor.dds	1
season3_eu/property/n/obj/snow.m/nsm-035-woodgate.mdatr	property/n/obj/snow.m/nsm-035-woodgate.mdatr	0
season3_eu/property/n/obj/snow.m/nsm-037-tower.gr2	property/n/obj/snow.m/nsm-037-tower.gr2	0
season3_eu/ymir work/monster2/ch_magician/0004.tga	d:/ymir work/monster2/ch_magician/0004.tga	1
season3_eu/property/n/obj/snow.m/nsm-037-tower_lod_01.gr2	property/n/obj/snow.m/nsm-037-tower_lod_01.gr2	0
season3_eu/property/n/obj/snow.m/nsm-10m-bridge-1.dds	property/n/obj/snow.m/nsm-10m-bridge-1.dds	1
season3_eu/property/n/obj/snow.m/nsm-10m-bridge02.gr2	property/n/obj/snow.m/nsm-10m-bridge02.gr2	0
season3_eu/property/n/obj/snow.m/nsm-10m-bridge02_lod_01.gr2	property/n/obj/snow.m/nsm-10m-bridge02_lod_01.gr2	0
season3_eu/property/n/obj/snow.m/nsm-general_obj_01.gr2	property/n/obj/snow.m/nsm-general_obj_01.gr2	0
season3_eu/property/n/obj/snow.m/snow-004-house2.gr2	property/n/obj/snow.m/snow-004-house2.gr2	0
season3_eu/season2/npc/ent_elder/24.msa	season2/npc/ent_elder/24.msa	2
season3_eu/property/n/obj/snow.m/nsm-general_obj_01_1.gr2	property/n/obj/snow.m/nsm-general_obj_01_1.gr2	0
season3_eu/property/n/obj/snow.m/nsm-general_obj_01_1.mdatr	property/n/obj/snow.m/nsm-general_obj_01_1.mdatr	0
season3_eu/property/n/obj/snow.m/snow_middledam-03.dds	property/n/obj/snow.m/snow_middledam-03.dds	1
season3_eu/ymir work/monster2/ch_footman/skipia_footman01.dds	d:/ymir work/monster2/ch_footman/skipia_footman01.dds	1
season3_eu/property/n/obj/snow.m/nsm-general_obj_01_2.gr2	property/n/obj/snow.m/nsm-general_obj_01_2.gr2	0
season3_eu/property/n/obj/snow.m/nsm-general_obj_01_2_lod_01.gr2	property/n/obj/snow.m/nsm-general_obj_01_2_lod_01.gr2	0
season3_eu/property/n/obj/snow.m/nsm-general_obj_01_3.mdatr	property/n/obj/snow.m/nsm-general_obj_01_3.mdatr	0
season3_eu/property/n/obj/snow.m/nsm-general_obj_01_3_lod_01.gr2	property/n/obj/snow.m/nsm-general_obj_01_3_lod_01.gr2	0
season3_eu/ymir work/monster2/ch_magician/00_1.gr2	d:/ymir work/monster2/ch_magician/00_1.gr2	0
season3_eu/ymir work/monster2/ch_magician/37.msa	d:/ymir work/monster2/ch_magician/37.msa	2
season3_eu/property/n/obj/snow.m/nsm-general_obj_01_4.gr2	property/n/obj/snow.m/nsm-general_obj_01_4.gr2	0
season3_eu/season2/npc/ent_elder/31.msa	season2/npc/ent_elder/31.msa	2
season3_eu/property/n/obj/snow.m/nsm-general_obj_01_4.mdatr	property/n/obj/snow.m/nsm-general_obj_01_4.mdatr	0
season3_eu/property/n/obj/snow.m/nsm-general_obj_01_lod_01.gr2	property/n/obj/snow.m/nsm-general_obj_01_lod_01.gr2	0
season3_eu/property/n/obj/snow.m/nsm-general_obj_02.dds	property/n/obj/snow.m/nsm-general_obj_02.dds	1
season3_eu/property/n/obj/snow.m/nsm-general_obj_02.gr2	property/n/obj/snow.m/nsm-general_obj_02.gr2	0
season3_eu/property/n/obj/snow.m/nsm-general_obj_03.dds	property/n/obj/snow.m/nsm-general_obj_03.dds	1
season3_eu/property/n/obj/snow.m/nsm-general_obj_03.gr2	property/n/obj/snow.m/nsm-general_obj_03.gr2	0
season3_eu/property/n/obj/snow.m/nsm-general_obj_06.mdatr	property/n/obj/snow.m/nsm-general_obj_06.mdatr	0
season3_eu/property/n/obj/snow.m/ob-bigstatue03_lod_01.gr2	property/n/obj/snow.m/ob-bigstatue03_lod_01.gr2	0
season3_eu/property/n/obj/snow.m/nsm-general_obj_03_lod_01.gr2	property/n/obj/snow.m/nsm-general_obj_03_lod_01.gr2	0
season3_eu/property/n/obj/snow.m/nsm-general_obj_04.gr2	property/n/obj/snow.m/nsm-general_obj_04.gr2	0
season3_eu/property/n/obj/snow.m/nsm-general_obj_04.mdatr	property/n/obj/snow.m/nsm-general_obj_04.mdatr	0
season3_eu/ymir work/monster2/ch_bowman/00.gr2	d:/ymir work/monster2/ch_bowman/00.gr2	0
season3_eu/property/n/obj/snow.m/nsm-general_obj_06.dds	property/n/obj/snow.m/nsm-general_obj_06.dds	1
season3_eu/property/n/obj/snow.m/snow_tower02_03.dds	property/n/obj/snow.m/snow_tower02_03.dds	1
season3_eu/property/n/obj/snow.m/nsm-general_obj_07.gr2	property/n/obj/snow.m/nsm-general_obj_07.gr2	0
season3_eu/property/n/obj/snow.m/nsm-general_obj_21.gr2	property/n/obj/snow.m/nsm-general_obj_21.gr2	0
season3_eu/property/n/obj/snow.m/ob-7-02-01.gr2	property/n/obj/snow.m/ob-7-02-01.gr2	0
season3_eu/property/n/obj/snow.m/ob-7-02-01.mdatr	property/n/obj/snow.m/ob-7-02-01.mdatr	0
season3_eu/season2/npc/ent_elder/33.gr2	season2/npc/ent_elder/33.gr2	0
season3_eu/property/n/obj/snow.m/ob-7-02-02.mdatr	property/n/obj/snow.m/ob-7-02-02.mdatr	0
season3_eu/property/n/obj/snow.m/ob-7-02-02_lod_01.gr2	property/n/obj/snow.m/ob-7-02-02_lod_01.gr2	0
season3_eu/season2/npc/ent_elder/30.gr2	season2/npc/ent_elder/30.gr2	0
season3_eu/property/n/obj/snow.m/ob-7-03-01.gr2	property/n/obj/snow.m/ob-7-03-01.gr2	0
season3_eu/property/n/obj/snow.m/ob-bigstatue01.gr2	property/n/obj/snow.m/ob-bigstatue01.gr2	0
season3_eu/ymir work/zone/dungeon/haven_dungeon/skipia_boss_lightingmap03.dds	d:/ymir work/zone/dungeon/haven_dungeon/skipia_boss_lightingmap03.dds	1
season3_eu/property/n/obj/snow.m/ob-7-03-02.gr2	property/n/obj/snow.m/ob-7-03-02.gr2	0
season3_eu/property/n/obj/snow.m/ob-7-03-02.mdatr	property/n/obj/snow.m/ob-7-03-02.mdatr	0
season3_eu/property/n/obj/snow.m/ob-7-all-01.dds	property/n/obj/snow.m/ob-7-all-01.dds	1
season3_eu/property/n/obj/snow.m/ob-bigstatue01-02.dds	property/n/obj/snow.m/ob-bigstatue01-02.dds	1
season3_eu/property/n/obj/snow.m/snow-middledam-04.dds	property/n/obj/snow.m/snow-middledam-04.dds	1
season3_eu/ymir work/monster2/ch_magician/torpedo.msf	d:/ymir work/monster2/ch_magician/torpedo.msf	1
season3_eu/property/n/obj/snow.m/ob-bigstatue02.dds	property/n/obj/snow.m/ob-bigstatue02.dds	1
season3_eu/property/n/obj/snow.m/ob-bigstatue02.gr2	property/n/obj/snow.m/ob-bigstatue02.gr2	0
season3_eu/property/n/obj/snow.m/ob-bigstatue02.mdatr	property/n/obj/snow.m/ob-bigstatue02.mdatr	0
season3_eu/ymir work/monster2/ch_footman/30_1.gr2	d:/ymir work/monster2/ch_footman/30_1.gr2	0
season3_eu/property/n/obj/snow.m/ob-bigstatue02_lod_01.gr2	property/n/obj/snow.m/ob-bigstatue02_lod_01.gr2	0
season3_eu/property/n/obj/snow.m/snow_tower01_02.mdatr	property/n/obj/snow.m/snow_tower01_02.mdatr	0
season3_eu/property/n/obj/snow.m/ob-bigstatue03.dds	property/n/obj/snow.m/ob-bigstatue03.dds	1
season3_eu/property/n/obj/snow.m/ob-bigstatue03.gr2	property/n/obj/snow.m/ob-bigstatue03.gr2	0
season3_eu/property/n/obj/snow.m/ob-bigstatue03.mdatr	property/n/obj/snow.m/ob-bigstatue03.mdatr	0
season3_eu/property/n/obj/snow.m/snow-middledam-02.gr2	property/n/obj/snow.m/snow-middledam-02.gr2	0
season3_eu/property/n/obj/snow.m/ob-bigstone01.gr2	property/n/obj/snow.m/ob-bigstone01.gr2	0
season3_eu/ymir work/zone/dungeon/haven_dungeon/skipia_passis1_lightingmap02.dds	d:/ymir work/zone/dungeon/haven_dungeon/skipia_passis1_lightingmap02.dds	1
season3_eu/property/n/obj/snow.m/ob-bigstone01.mdatr	property/n/obj/snow.m/ob-bigstone01.mdatr	0
season3_eu/property/n/obj/snow.m/ob-bigstone01_lod_01.gr2	property/n/obj/snow.m/ob-bigstone01_lod_01.gr2	0
season3_eu/ymir work/monster2/ch_magician/31.gr2	d:/ymir work/monster2/ch_magician/31.gr2	0
season3_eu/ymir work/monster2/ch_officer/34.gr2	d:/ymir work/monster2/ch_officer/34.gr2	0
season3_eu/property/n/obj/snow.m/ob-bigstone02.gr2	property/n/obj/snow.m/ob-bigstone02.gr2	0
season3_eu/property/n/obj/snow.m/ob-bigstone02.mdatr	property/n/obj/snow.m/ob-bigstone02.mdatr	0
season3_eu/property/n/obj/snow.m/ob-bigstone02_lod_01.gr2	property/n/obj/snow.m/ob-bigstone02_lod_01.gr2	0
season3_eu/property/n/obj/snow.m/ob-bigstone03.gr2	property/n/obj/snow.m/ob-bigstone03.gr2	0
season3_eu/property/n/obj/snow.m/ob-bigstone03.mdatr	property/n/obj/snow.m/ob-bigstone03.mdatr	0
season3_eu/property/n/obj/snow.m/ob-bigstone04_lod_01.gr2	property/n/obj/snow.m/ob-bigstone04_lod_01.gr2	0
season3_eu/property/n/obj/snow.m/ob-c-0013.gr2	property/n/obj/snow.m/ob-c-0013.gr2	0
season3_eu/property/n/obj/snow.m/snow-bigdam-04.gr2	property/n/obj/snow.m/snow-bigdam-04.gr2	0
season3_eu/ymir work/monster2/ch_bowman/34.gr2	d:/ymir work/monster2/ch_bowman/34.gr2	0
season3_eu/property/n/obj/snow.m/ob-c-0013_lod_01.gr2	property/n/obj/snow.m/ob-c-0013_lod_01.gr2	0
season3_eu/property/n/obj/snow.m/obj-0006.mdatr	property/n/obj/snow.m/obj-0006.mdatr	0
season3_eu/property/n/obj/snow.m/obj-0006_lod_01.gr2	property/n/obj/snow.m/obj-0006_lod_01.gr2	0
season3_eu/property/n/obj/snow.m/obj-0012.dds	property/n/obj/snow.m/obj-0012.dds	1
season3_eu/property/n/obj/snow.m/snow-002-inwall-02.dds	property/n/obj/snow.m/snow-002-inwall-02.dds	1
season3_eu/property/n/obj/snow.m/snow-002-inwall-02.mdatr	property/n/obj/snow.m/snow-002-inwall-02.mdatr	0
season3_eu/ymir work/monster2/ch_footman/00.msa	d:/ymir work/monster2/ch_footman/00.msa	2
season3_eu/ymir work/monster2/ch_footman/37.msa	d:/ymir work/monster2/ch_footman/37.msa	2
season3_eu/property/n/obj/snow.m/snow-004-hause2.dds	property/n/obj/snow.m/snow-004-hause2.dds	1
season3_eu/property/n/obj/snow.m/snow-middledam-03.gr2	property/n/obj/snow.m/snow-middledam-03.gr2	0
season3_eu/property/n/obj/snow.m/snow-004-hause2.gr2	property/n/obj/snow.m/snow-004-hause2.gr2	0
season3_eu/property/n/obj/snow.m/snow-004-hause2.mdatr	property/n/obj/snow.m/snow-004-hause2.mdatr	0
season3_eu/property/n/obj/snow.m/snow-006-castle-02.dds	property/n/obj/snow.m/snow-006-castle-02.dds	1
season3_eu/property/n/obj/snow.m/snow-006-castle-03.dds	property/n/obj/snow.m/snow-006-castle-03.dds	1
season3_eu/property/n/obj/snow.m/snow-006-castle-05.dds	property/n/obj/snow.m/snow-006-castle-05.dds	1
season3_eu/property/n/obj/snow.m/snow_building04.gr2	property/n/obj/snow.m/snow_building04.gr2	0
season3_eu/property/n/obj/snow.m/snow-006-castle.mdatr	property/n/obj/snow.m/snow-006-castle.mdatr	0
season3_eu/property/n/obj/snow.m/snow-009-hotel.gr2	property/n/obj/snow.m/snow-009-hotel.gr2	0
season3_eu/property/n/obj/snow.m/snow-009-hotel03.dds	property/n/obj/snow.m/snow-009-hotel03.dds	1
season3_eu/property/n/obj/snow.m/snow-032-shamanhouse-2.dds	property/n/obj/snow.m/snow-032-shamanhouse-2.dds	1
season3_eu/property/n/obj/snow.m/snow-032-shamanhouse.gr2	property/n/obj/snow.m/snow-032-shamanhouse.gr2	0
season3_eu/property/n/obj/snow.m/snow-033-guesthouse-01.gr2	property/n/obj/snow.m/snow-033-guesthouse-01.gr2	0
season3_eu/property/n/obj/snow.m/snow-033-guesthouse-02.dds	property/n/obj/snow.m/snow-033-guesthouse-02.dds	1
season3_eu/property/n/obj/snow.m/snow-033-guesthouse-02.mdatr	property/n/obj/snow.m/snow-033-guesthouse-02.mdatr	0
season3_eu/property/n/obj/snow.m/snow-32-shamanhouse.gr2	property/n/obj/snow.m/snow-32-shamanhouse.gr2	0
season3_eu/ymir work/monster2/ch_bowman/motlist.txt	d:/ymir work/monster2/ch_bowman/motlist.txt	2
season3_eu/ymir work/monster2/ch_magician/31.msa	d:/ymir work/monster2/ch_magician/31.msa	2
season3_eu/property/n/obj/snow.m/snow-bigdam-01.dds	property/n/obj/snow.m/snow-bigdam-01.dds	1
season3_eu/ymir work/monster2/ch_general/skipia_general02.dds	d:/ymir work/monster2/ch_general/skipia_general02.dds	1
season3_eu/property/n/obj/snow.m/warpgate02.dds	property/n/obj/snow.m/warpgate02.dds	1
season3_eu/property/n/obj/snow.m/snow-bigdam-01.gr2	property/n/obj/snow.m/snow-bigdam-01.gr2	0
season3_eu/property/n/obj/snow.m/snow-bigdam-01.mdatr	property/n/obj/snow.m/snow-bigdam-01.mdatr	0
season3_eu/property/n/obj/snow.m/snow-bigdam-02.dds	property/n/obj/snow.m/snow-bigdam-02.dds	1
season3_eu/season2/npc/ent_elder/30.msa	season2/npc/ent_elder/30.msa	2
season3_eu/property/n/obj/snow.m/snow-bigdam-03.gr2	property/n/obj/snow.m/snow-bigdam-03.gr2	0
season3_eu/property/n/obj/snow.m/snow-bigdam-03.mdatr	property/n/obj/snow.m/snow-bigdam-03.mdatr	0
season3_eu/property/n/obj/snow.m/snow-bigdam-04.mdatr	property/n/obj/snow.m/snow-bigdam-04.mdatr	0
season3_eu/property/n/obj/snow.m/snow-bigdam-05.gr2	property/n/obj/snow.m/snow-bigdam-05.gr2	0
season3_eu/ymir work/monster2/ch_general/35.msa	d:/ymir work/monster2/ch_general/35.msa	2
season3_eu/property/n/obj/snow.m/snow-bigdam-06.gr2	property/n/obj/snow.m/snow-bigdam-06.gr2	0
season3_eu/property/n/obj/snow.m/snow-bigdam-06.mdatr	property/n/obj/snow.m/snow-bigdam-06.mdatr	0
season3_eu/ymir work/uiloading/background_loading_shamannpet.jpg	d:/ymir work/uiloading/background_loading_shamannpet.jpg	0
season3_eu/season2/npc/ent_elder/35.msa	season2/npc/ent_elder/35.msa	2
season3_eu/ymir work/monster2/ch_officer/34_1.msa	d:/ymir work/monster2/ch_officer/34_1.msa	2
season3_eu/property/n/obj/snow.m/snow-middledam-02.dds	property/n/obj/snow.m/snow-middledam-02.dds	1
season3_eu/property/n/obj/snow.m/snow-middledam-02.mdatr	property/n/obj/snow.m/snow-middledam-02.mdatr	0
season3_eu/property/n/obj/snow.m/snow-middledam-03.dds	property/n/obj/snow.m/snow-middledam-03.dds	1
season3_eu/property/n/obj/snow.m/snow-middledam-04.mdatr	property/n/obj/snow.m/snow-middledam-04.mdatr	0
season3_eu/property/n/obj/snow.m/snow-middledam-06.gr2	property/n/obj/snow.m/snow-middledam-06.gr2	0
season3_eu/property/n/obj/snow.m/snow-middledam-06.mdatr	property/n/obj/snow.m/snow-middledam-06.mdatr	0
season3_eu/property/n/obj/snow.m/snow_4fbuilding_02.dds	property/n/obj/snow.m/snow_4fbuilding_02.dds	1
season3_eu/property/n/obj/snow.m/snow_4fbuilding_05.dds	property/n/obj/snow.m/snow_4fbuilding_05.dds	1
season3_eu/property/n/obj/snow.m/snow_bigstone.dds	property/n/obj/snow.m/snow_bigstone.dds	1
season3_eu/property/n/obj/snow.m/snow_brazier.gr2	property/n/obj/snow.m/snow_brazier.gr2	0
season3_eu/ymir work/monster2/ch_magician/torpedo_blow.mse	d:/ymir work/monster2/ch_magician/torpedo_blow.mse	1
season3_eu/property/n/obj/snow.m/snow_brazier.mdatr	property/n/obj/snow.m/snow_brazier.mdatr	0
season3_eu/ymir work/zone/dungeon/haven_dungeon/skipia_passis1_lightingmap03.dds	d:/ymir work/zone/dungeon/haven_dungeon/skipia_passis1_lightingmap03.dds	1
season3_eu/property/n/obj/snow.m/snow_brazier_02.dds	property/n/obj/snow.m/snow_brazier_02.dds	1
season3_eu/property/n/obj/snow.m/snow_building04.mdatr	property/n/obj/snow.m/snow_building04.mdatr	0
season3_eu/property/n/obj/snow.m/snow_building04_01.dds	property/n/obj/snow.m/snow_building04_01.dds	1
season3_eu/property/n/obj/snow.m/snow_building04_03.dds	property/n/obj/snow.m/snow_building04_03.dds	1
season3_eu/property/n/obj/snow.m/snow_ring_lod_01.gr2	property/n/obj/snow.m/snow_ring_lod_01.gr2	0
season3_eu/ymir work/monster2/ch_magician/20.msa	d:/ymir work/monster2/ch_magician/20.msa	2
season3_eu/property/n/obj/snow.m/snow_tower.gr2	property/n/obj/snow.m/snow_tower.gr2	0
season3_eu/property/n/obj/snow.m/snow_tower.mdatr	property/n/obj/snow.m/snow_tower.mdatr	0
season3_eu/ymir work/monster2/ch_water_dragon/water_breathe02.mse	d:/ymir work/monster2/ch_water_dragon/water_breathe02.mse	1
season3_eu/property/n/obj/snow.m/snow_tower01.mdatr	property/n/obj/snow.m/snow_tower01.mdatr	0
season3_eu/property/n/obj/snow.m/snow_tower01_01.gr2	property/n/obj/snow.m/snow_tower01_01.gr2	0
season3_eu/property/n/obj/snow.m/snow_tower01_01.mdatr	property/n/obj/snow.m/snow_tower01_01.mdatr	0
season3_eu/property/n/obj/snow.m/snow_tower01_02.gr2	property/n/obj/snow.m/snow_tower01_02.gr2	0
season3_eu/property/n/obj/snow.m/snow_tower01_03.gr2	property/n/obj/snow.m/snow_tower01_03.gr2	0
season3_eu/property/n/obj/snow.m/snow_tower01_03.mdatr	property/n/obj/snow.m/snow_tower01_03.mdatr	0
season3_eu/ymir work/monster2/ch_general/24.gr2	d:/ymir work/monster2/ch_general/24.gr2	0
season3_eu/property/n/obj/snow.m/thumbs.db	property/n/obj/snow.m/thumbs.db	0
season3_eu/property/n/obj/snow.m/warpgate01-01.dds	property/n/obj/snow.m/warpgate01-01.dds	1
season3_eu/property/n/obj/snow.m/warpgate01-02.dds	property/n/obj/snow.m/warpgate01-02.dds	1
season3_eu/ymir work/npc2/worship_dragon/worship_dragon.gr2	d:/ymir work/npc2/worship_dragon/worship_dragon.gr2	0
season3_eu/ymir work/monster2/ch_water_dragon/24.gr2	d:/ymir work/monster2/ch_water_dragon/24.gr2	0
season3_eu/property/n/obj/snow.m/warpgate02_01.gr2	property/n/obj/snow.m/warpgate02_01.gr2	0
season3_eu/property/n/obj/snow.m/warpgate03_01.gr2	property/n/obj/snow.m/warpgate03_01.gr2	0
season3_eu/property/thief_dungeon/haven_dungeon/pass_ic02.prd	property/thief_dungeon/haven_dungeon/pass_ic02.prd	0
season3_eu/property/thief_dungeon/haven_dungeon/skipia_collision.prb	property/thief_dungeon/haven_dungeon/skipia_collision.prb	0
season3_eu/property/thief_dungeon/haven_dungeon/skipia_passis3.prd	property/thief_dungeon/haven_dungeon/skipia_passis3.prd	0
season3_eu/season2/npc/ent_elder/00_1.gr2	season2/npc/ent_elder/00_1.gr2	0
season3_eu/season2/npc/ent_elder/00_2.gr2	season2/npc/ent_elder/00_2.gr2	0
season3_eu/ymir work/monster2/ch_general/34.msa	d:/ymir work/monster2/ch_general/34.msa	2
season3_eu/season2/npc/ent_elder/03.gr2	season2/npc/ent_elder/03.gr2	0
season3_eu/season2/npc/ent_elder/03.msa	season2/npc/ent_elder/03.msa	2
season3_eu/season2/npc/ent_elder/20.gr2	season2/npc/ent_elder/20.gr2	0
season3_eu/season2/npc/ent_elder/20_1.gr2	season2/npc/ent_elder/20_1.gr2	0
season3_eu/season2/npc/ent_elder/24.gr2	season2/npc/ent_elder/24.gr2	0
season3_eu/season2/npc/ent_elder/25.msa	season2/npc/ent_elder/25.msa	2
season3_eu/season2/npc/ent_elder/32.gr2	season2/npc/ent_elder/32.gr2	0
season3_eu/season2/npc/ent_elder/32.msa	season2/npc/ent_elder/32.msa	2
season3_eu/season2/npc/ent_elder/33.msa	season2/npc/ent_elder/33.msa	2
season3_eu/season2/npc/ent_elder/34.msa	season2/npc/ent_elder/34.msa	2
season3_eu/season2/npc/ent_elder/37.msa	season2/npc/ent_elder/37.msa	2
season3_eu/ymir work/monster2/ch_officer/20.gr2	d:/ymir work/monster2/ch_officer/20.gr2	0
season3_eu/season2/npc/ent_elder/ent_elder_lod_01.gr2	season2/npc/ent_elder/ent_elder_lod_01.gr2	0
season3_eu/ymir work/item/weapon/05330.gr2	d:/ymir work/item/weapon/05330.gr2	0
season3_eu/ymir work/monster2/ch_bowman/00_1.msa	d:/ymir work/monster2/ch_bowman/00_1.msa	2
season3_eu/ymir work/monster2/ch_bowman/03.gr2	d:/ymir work/monster2/ch_bowman/03.gr2	0
season3_eu/ymir work/monster2/ch_bowman/03.msa	d:/ymir work/monster2/ch_bowman/03.msa	2
season3_eu/ymir work/monster2/ch_bowman/20_1.msa	d:/ymir work/monster2/ch_bowman/20_1.msa	2
season3_eu/ymir work/npc2/sura_skeleton/sura_skeleton4.msm	d:/ymir work/npc2/sura_skeleton/sura_skeleton4.msm	2
season3_eu/ymir work/monster2/ch_bowman/27.msa	d:/ymir work/monster2/ch_bowman/27.msa	2
season3_eu/ymir work/monster2/ch_bowman/30.gr2	d:/ymir work/monster2/ch_bowman/30.gr2	0
season3_eu/ymir work/monster2/ch_bowman/30_1.gr2	d:/ymir work/monster2/ch_bowman/30_1.gr2	0
season3_eu/ymir work/monster2/ch_bowman/30_1.msa	d:/ymir work/monster2/ch_bowman/30_1.msa	2
season3_eu/ymir work/monster2/ch_bowman/31.gr2	d:/ymir work/monster2/ch_bowman/31.gr2	0
season3_eu/ymir work/monster2/ch_bowman/31.msa	d:/ymir work/monster2/ch_bowman/31.msa	2
season3_eu/ymir work/monster2/ch_bowman/32.gr2	d:/ymir work/monster2/ch_bowman/32.gr2	0
season3_eu/ymir work/monster2/ch_bowman/32.msa	d:/ymir work/monster2/ch_bowman/32.msa	2
season3_eu/ymir work/monster2/ch_bowman/33.gr2	d:/ymir work/monster2/ch_bowman/33.gr2	0
season3_eu/ymir work/monster2/ch_bowman/33.msa	d:/ymir work/monster2/ch_bowman/33.msa	2
season3_eu/ymir work/monster2/ch_bowman/34_1.gr2	d:/ymir work/monster2/ch_bowman/34_1.gr2	0
season3_eu/ymir work/monster2/ch_bowman/35.gr2	d:/ymir work/monster2/ch_bowman/35.gr2	0
season3_eu/ymir work/monster2/ch_bowman/35.msa	d:/ymir work/monster2/ch_bowman/35.msa	2
season3_eu/ymir work/monster2/ch_bowman/36.gr2	d:/ymir work/monster2/ch_bowman/36.gr2	0
season3_eu/ymir work/monster2/ch_bowman/36.msa	d:/ymir work/monster2/ch_bowman/36.msa	2
season3_eu/ymir work/monster2/ch_bowman/37.gr2	d:/ymir work/monster2/ch_bowman/37.gr2	0
season3_eu/ymir work/uiloading/background_loading_warriorghist1.jpg	d:/ymir work/uiloading/background_loading_warriorghist1.jpg	0
season3_eu/ymir work/monster2/ch_bowman/arrow.mse	d:/ymir work/monster2/ch_bowman/arrow.mse	1
season3_eu/ymir work/monster2/ch_general/30_1.gr2	d:/ymir work/monster2/ch_general/30_1.gr2	0
season3_eu/ymir work/monster2/ch_bowman/arrow.msf	d:/ymir work/monster2/ch_bowman/arrow.msf	1
season3_eu/ymir work/monster2/ch_bowman/arrow_01.mde	d:/ymir work/monster2/ch_bowman/arrow_01.mde	1
season3_eu/ymir work/monster2/ch_bowman/ch_bowman.msm	d:/ymir work/monster2/ch_bowman/ch_bowman.msm	2
season3_eu/ymir work/monster2/ch_bowman/shape.msm	d:/ymir work/monster2/ch_bowman/shape.msm	2
season3_eu/ymir work/monster2/ch_bowman/skipia_bowman.gr2	d:/ymir work/monster2/ch_bowman/skipia_bowman.gr2	0
season3_eu/ymir work/monster2/ch_bowman/skipia_bowman02.dds	d:/ymir work/monster2/ch_bowman/skipia_bowman02.dds	1
season3_eu/ymir work/monster2/ch_footman/00.gr2	d:/ymir work/monster2/ch_footman/00.gr2	0
season3_eu/ymir work/monster2/ch_footman/00_1.gr2	d:/ymir work/monster2/ch_footman/00_1.gr2	0
season3_eu/ymir work/monster2/ch_footman/20.gr2	d:/ymir work/monster2/ch_footman/20.gr2	0
season3_eu/ymir work/monster2/ch_footman/20.msa	d:/ymir work/monster2/ch_footman/20.msa	2
season3_eu/ymir work/monster2/ch_footman/30.msa	d:/ymir work/monster2/ch_footman/30.msa	2
season3_eu/ymir work/monster2/ch_footman/30_1.msa	d:/ymir work/monster2/ch_footman/30_1.msa	2
season3_eu/ymir work/monster2/ch_footman/33.gr2	d:/ymir work/monster2/ch_footman/33.gr2	0
season3_eu/ymir work/monster2/ch_footman/33.msa	d:/ymir work/monster2/ch_footman/33.msa	2
season3_eu/ymir work/monster2/ch_footman/34.gr2	d:/ymir work/monster2/ch_footman/34.gr2	0
season3_eu/ymir work/monster2/ch_magician/20_1.gr2	d:/ymir work/monster2/ch_magician/20_1.gr2	0
season3_eu/ymir work/monster2/ch_footman/34.msa	d:/ymir work/monster2/ch_footman/34.msa	2
season3_eu/ymir work/monster2/ch_footman/34_1.gr2	d:/ymir work/monster2/ch_footman/34_1.gr2	0
season3_eu/ymir work/monster2/ch_officer/35.msa	d:/ymir work/monster2/ch_officer/35.msa	2
season3_eu/ymir work/monster2/ch_footman/34_1.msa	d:/ymir work/monster2/ch_footman/34_1.msa	2
season3_eu/ymir work/monster2/ch_footman/35.msa	d:/ymir work/monster2/ch_footman/35.msa	2
season3_eu/ymir work/zone/dungeon/haven_dungeon/skipia_passl_lightingmap01.dds	d:/ymir work/zone/dungeon/haven_dungeon/skipia_passl_lightingmap01.dds	1
season3_eu/ymir work/monster2/ch_footman/36.msa	d:/ymir work/monster2/ch_footman/36.msa	2
season3_eu/ymir work/monster2/ch_footman/37.gr2	d:/ymir work/monster2/ch_footman/37.gr2	0
season3_eu/ymir work/monster2/ch_footman/ch_footman.msm	d:/ymir work/monster2/ch_footman/ch_footman.msm	2
season3_eu/ymir work/monster2/ch_footman/skipia_footman_lod_01.gr2	d:/ymir work/monster2/ch_footman/skipia_footman_lod_01.gr2	0
season3_eu/ymir work/monster2/ch_general/00.gr2	d:/ymir work/monster2/ch_general/00.gr2	0
season3_eu/ymir work/monster2/ch_general/00.msa	d:/ymir work/monster2/ch_general/00.msa	2
season3_eu/ymir work/monster2/ch_general/20.msa	d:/ymir work/monster2/ch_general/20.msa	2
season3_eu/ymir work/monster2/ch_general/20_1.msa	d:/ymir work/monster2/ch_general/20_1.msa	2
season3_eu/ymir work/monster2/ch_magician/32.msa	d:/ymir work/monster2/ch_magician/32.msa	2
season3_eu/ymir work/monster2/ch_general/24.msa	d:/ymir work/monster2/ch_general/24.msa	2
season3_eu/ymir work/monster2/ch_general/25.gr2	d:/ymir work/monster2/ch_general/25.gr2	0
season3_eu/ymir work/monster2/ch_general/25.msa	d:/ymir work/monster2/ch_general/25.msa	2
season3_eu/ymir work/monster2/ch_general/30.gr2	d:/ymir work/monster2/ch_general/30.gr2	0
season3_eu/ymir work/monster2/ch_general/30_1.msa	d:/ymir work/monster2/ch_general/30_1.msa	2
season3_eu/ymir work/monster2/ch_general/32.gr2	d:/ymir work/monster2/ch_general/32.gr2	0
season3_eu/ymir work/monster2/ch_general/32.msa	d:/ymir work/monster2/ch_general/32.msa	2
season3_eu/ymir work/monster2/ch_general/34_1.msa	d:/ymir work/monster2/ch_general/34_1.msa	2
season3_eu/ymir work/monster2/ch_general/35.gr2	d:/ymir work/monster2/ch_general/35.gr2	0
season3_eu/ymir work/monster2/ch_general/36.gr2	d:/ymir work/monster2/ch_general/36.gr2	0
season3_eu/ymir work/monster2/ch_general/36.msa	d:/ymir work/monster2/ch_general/36.msa	2
season3_eu/ymir work/monster2/ch_general/37.gr2	d:/ymir work/monster2/ch_general/37.gr2	0
season3_eu/ymir work/monster2/ch_general/37.msa	d:/ymir work/monster2/ch_general/37.msa	2
season3_eu/ymir work/monster2/ch_general/general_skill1.mse	d:/ymir work/monster2/ch_general/general_skill1.mse	1
season3_eu/ymir work/monster2/ch_general/general_skill2.mse	d:/ymir work/monster2/ch_general/general_skill2.mse	1
season3_eu/ymir work/monster2/ch_general/skipia_general.gr2	d:/ymir work/monster2/ch_general/skipia_general.gr2	0
season3_eu/ymir work/monster2/ch_general/skipia_general01.dds	d:/ymir work/monster2/ch_general/skipia_general01.dds	1
season3_eu/ymir work/monster2/ch_general/spark copy.dds	d:/ymir work/monster2/ch_general/spark copy.dds	1
season3_eu/ymir work/monster2/ch_magician/00.gr2	d:/ymir work/monster2/ch_magician/00.gr2	0
season3_eu/ymir work/monster2/ch_magician/0001.tga	d:/ymir work/monster2/ch_magician/0001.tga	1
season3_eu/ymir work/monster2/ch_magician/0003.tga	d:/ymir work/monster2/ch_magician/0003.tga	1
season3_eu/ymir work/monster2/ch_magician/0005.tga	d:/ymir work/monster2/ch_magician/0005.tga	1
season3_eu/ymir work/monster2/ch_magician/0006.tga	d:/ymir work/monster2/ch_magician/0006.tga	1
season3_eu/ymir work/monster2/ch_magician/03.msa	d:/ymir work/monster2/ch_magician/03.msa	2
season3_eu/ymir work/monster2/ch_magician/20.gr2	d:/ymir work/monster2/ch_magician/20.gr2	0
season3_eu/ymir work/monster2/ch_magician/20_1.msa	d:/ymir work/monster2/ch_magician/20_1.msa	2
season3_eu/ymir work/zone/dungeon/haven_dungeon/skipia_passp_lightingmap01.dds	d:/ymir work/zone/dungeon/haven_dungeon/skipia_passp_lightingmap01.dds	1
season3_eu/ymir work/monster2/ch_magician/30.msa	d:/ymir work/monster2/ch_magician/30.msa	2
season3_eu/ymir work/monster2/ch_magician/30_1.msa	d:/ymir work/monster2/ch_magician/30_1.msa	2
season3_eu/ymir work/monster2/ch_magician/34.gr2	d:/ymir work/monster2/ch_magician/34.gr2	0
season3_eu/ymir work/monster2/ch_magician/34_1.msa	d:/ymir work/monster2/ch_magician/34_1.msa	2
season3_eu/ymir work/monster2/ch_magician/36.gr2	d:/ymir work/monster2/ch_magician/36.gr2	0
season3_eu/ymir work/monster2/ch_water_dragon/water_dragon.gr2	d:/ymir work/monster2/ch_water_dragon/water_dragon.gr2	0
season3_eu/ymir work/monster2/ch_magician/36.msa	d:/ymir work/monster2/ch_magician/36.msa	2
season3_eu/ymir work/monster2/ch_magician/37.gr2	d:/ymir work/monster2/ch_magician/37.gr2	0
season3_eu/ymir work/monster2/ch_magician/ch_magician.msm	d:/ymir work/monster2/ch_magician/ch_magician.msm	2
season3_eu/ymir work/monster2/ch_magician/chip.jpg	d:/ymir work/monster2/ch_magician/chip.jpg	0
season3_eu/ymir work/monster2/ch_magician/flame.dds	d:/ymir work/monster2/ch_magician/flame.dds	1
season3_eu/ymir work/monster2/ch_magician/gatein.jpg	d:/ymir work/monster2/ch_magician/gatein.jpg	0
season3_eu/ymir work/monster2/ch_magician/motlist.txt	d:/ymir work/monster2/ch_magician/motlist.txt	2
season3_eu/ymir work/zone/dungeon/haven_dungeon/skipia_passis2_lightingmap03.dds	d:/ymir work/zone/dungeon/haven_dungeon/skipia_passis2_lightingmap03.dds	1
season3_eu/ymir work/zone/dungeon/haven_dungeon/skipia_passis2_lightingmap02.dds	d:/ymir work/zone/dungeon/haven_dungeon/skipia_passis2_lightingmap02.dds	1
season3_eu/ymir work/zone/dungeon/haven_dungeon/skipia_passic_lightingmap02.dds	d:/ymir work/zone/dungeon/haven_dungeon/skipia_passic_lightingmap02.dds	1
season3_eu/ymir work/monster2/ch_magician/shamandust.jpg	d:/ymir work/monster2/ch_magician/shamandust.jpg	0
season3_eu/ymir work/monster2/ch_magician/skipia_fire.mse	d:/ymir work/monster2/ch_magician/skipia_fire.mse	1
season3_eu/ymir work/monster2/ch_magician/skipia_magician01.dds	d:/ymir work/monster2/ch_magician/skipia_magician01.dds	1
season3_eu/ymir work/monster2/ch_magician/skipia_magician_lod_01.gr2	d:/ymir work/monster2/ch_magician/skipia_magician_lod_01.gr2	0
season3_eu/ymir work/monster2/ch_magician/torpedo.mse	d:/ymir work/monster2/ch_magician/torpedo.mse	1
season3_eu/ymir work/uiloading/background_loading_shamannpet.sub	d:/ymir work/uiloading/background_loading_shamannpet.sub	0
season3_eu/ymir work/monster2/ch_magician/torpedo.mse.bak	d:/ymir work/monster2/ch_magician/torpedo.mse.bak	0
season3_eu/ymir work/monster2/ch_officer/00.msa	d:/ymir work/monster2/ch_officer/00.msa	2
season3_eu/ymir work/monster2/ch_officer/00_1.gr2	d:/ymir work/monster2/ch_officer/00_1.gr2	0
season3_eu/ymir work/monster2/ch_officer/03.gr2	d:/ymir work/monster2/ch_officer/03.gr2	0
season3_eu/ymir work/monster2/ch_officer/skipia_officer01.dds	d:/ymir work/monster2/ch_officer/skipia_officer01.dds	1
season3_eu/ymir work/monster2/ch_officer/03.msa	d:/ymir work/monster2/ch_officer/03.msa	2
season3_eu/ymir work/monster2/ch_officer/20_1.gr2	d:/ymir work/monster2/ch_officer/20_1.gr2	0
season3_eu/ymir work/monster2/ch_officer/20_1.msa	d:/ymir work/monster2/ch_officer/20_1.msa	2
season3_eu/ymir work/monster2/ch_officer/30.gr2	d:/ymir work/monster2/ch_officer/30.gr2	0
season3_eu/ymir work/monster2/ch_officer/30.msa	d:/ymir work/monster2/ch_officer/30.msa	2
season3_eu/ymir work/monster2/ch_officer/30_1.gr2	d:/ymir work/monster2/ch_officer/30_1.gr2	0
season3_eu/ymir work/monster2/ch_officer/30_1.msa	d:/ymir work/monster2/ch_officer/30_1.msa	2
season3_eu/ymir work/monster2/ch_officer/31.gr2	d:/ymir work/monster2/ch_officer/31.gr2	0
season3_eu/ymir work/monster2/ch_officer/32.gr2	d:/ymir work/monster2/ch_officer/32.gr2	0
season3_eu/ymir work/monster2/ch_officer/32.msa	d:/ymir work/monster2/ch_officer/32.msa	2
season3_eu/ymir work/monster2/ch_officer/33.gr2	d:/ymir work/monster2/ch_officer/33.gr2	0
season3_eu/ymir work/monster2/ch_officer/34.msa	d:/ymir work/monster2/ch_officer/34.msa	2
season3_eu/ymir work/monster2/ch_officer/34_1.gr2	d:/ymir work/monster2/ch_officer/34_1.gr2	0
season3_eu/ymir work/monster2/ch_officer/35.gr2	d:/ymir work/monster2/ch_officer/35.gr2	0
season3_eu/ymir work/npc2/suraghost/wait.msa	d:/ymir work/npc2/suraghost/wait.msa	2
season3_eu/ymir work/monster2/ch_officer/36.gr2	d:/ymir work/monster2/ch_officer/36.gr2	0
season3_eu/ymir work/monster2/ch_officer/36.msa	d:/ymir work/monster2/ch_officer/36.msa	2
season3_eu/ymir work/monster2/ch_officer/37.gr2	d:/ymir work/monster2/ch_officer/37.gr2	0
season3_eu/ymir work/monster2/ch_officer/37.msa	d:/ymir work/monster2/ch_officer/37.msa	2
season3_eu/ymir work/monster2/ch_officer/ch_officer.msm	d:/ymir work/monster2/ch_officer/ch_officer.msm	2
season3_eu/ymir work/monster2/ch_officer/motlist.txt	d:/ymir work/monster2/ch_officer/motlist.txt	2
season3_eu/ymir work/monster2/ch_officer/shape.msm	d:/ymir work/monster2/ch_officer/shape.msm	2
season3_eu/ymir work/monster2/ch_officer/skipia_officer.gr2	d:/ymir work/monster2/ch_officer/skipia_officer.gr2	0
season3_eu/ymir work/monster2/ch_officer/skipia_officer_lod_01.gr2	d:/ymir work/monster2/ch_officer/skipia_officer_lod_01.gr2	0
season3_eu/ymir work/monster2/ch_water_dragon/00.gr2	d:/ymir work/monster2/ch_water_dragon/00.gr2	0
season3_eu/ymir work/monster2/ch_water_dragon/00.msa	d:/ymir work/monster2/ch_water_dragon/00.msa	2
season3_eu/ymir work/monster2/ch_water_dragon/00_1.gr2	d:/ymir work/monster2/ch_water_dragon/00_1.gr2	0
season3_eu/ymir work/monster2/ch_water_dragon/03.msa	d:/ymir work/monster2/ch_water_dragon/03.msa	2
season3_eu/ymir work/monster2/ch_water_dragon/25.gr2	d:/ymir work/monster2/ch_water_dragon/25.gr2	0
season3_eu/ymir work/monster2/ch_water_dragon/20.msa	d:/ymir work/monster2/ch_water_dragon/20.msa	2
season3_eu/ymir work/monster2/ch_water_dragon/24.msa	d:/ymir work/monster2/ch_water_dragon/24.msa	2
season3_eu/ymir work/monster2/ch_water_dragon/25.msa	d:/ymir work/monster2/ch_water_dragon/25.msa	2
season3_eu/ymir work/monster2/ch_water_dragon/26.msa	d:/ymir work/monster2/ch_water_dragon/26.msa	2
season3_eu/ymir work/monster2/ch_water_dragon/27.gr2	d:/ymir work/monster2/ch_water_dragon/27.gr2	0
season3_eu/ymir work/monster2/ch_water_dragon/27.msa	d:/ymir work/monster2/ch_water_dragon/27.msa	2
season3_eu/ymir work/monster2/ch_water_dragon/28.gr2	d:/ymir work/monster2/ch_water_dragon/28.gr2	0
season3_eu/ymir work/monster2/ch_water_dragon/28.msa	d:/ymir work/monster2/ch_water_dragon/28.msa	2
season3_eu/ymir work/monster2/ch_water_dragon/31.gr2	d:/ymir work/monster2/ch_water_dragon/31.gr2	0
season3_eu/ymir work/monster2/ch_water_dragon/31.msa	d:/ymir work/monster2/ch_water_dragon/31.msa	2
season3_eu/ymir work/monster2/ch_water_dragon/ch_water_dragon.msm	d:/ymir work/monster2/ch_water_dragon/ch_water_dragon.msm	2
season3_eu/ymir work/monster2/ch_water_dragon/motlist.txt	d:/ymir work/monster2/ch_water_dragon/motlist.txt	2
season3_eu/ymir work/monster2/ch_water_dragon/shape.msm	d:/ymir work/monster2/ch_water_dragon/shape.msm	2
season3_eu/ymir work/monster2/ch_water_dragon/water_breathe01.dds	d:/ymir work/monster2/ch_water_dragon/water_breathe01.dds	1
season3_eu/ymir work/monster2/ch_water_dragon/water_breathe02.dds	d:/ymir work/monster2/ch_water_dragon/water_breathe02.dds	1
season3_eu/ymir work/monster2/ch_water_dragon/water_breathe03.dds	d:/ymir work/monster2/ch_water_dragon/water_breathe03.dds	1
season3_eu/ymir work/monster2/ch_water_dragon/water_breathe05.mse	d:/ymir work/monster2/ch_water_dragon/water_breathe05.mse	1
season3_eu/ymir work/monster2/ch_water_dragon/water_dragon01.dds	d:/ymir work/monster2/ch_water_dragon/water_dragon01.dds	1
season3_eu/ymir work/monster2/ch_water_dragon/water_dragon02.dds	d:/ymir work/monster2/ch_water_dragon/water_dragon02.dds	1
season3_eu/ymir work/monster2/ch_water_dragon/water_dragon_lod_01.gr2	d:/ymir work/monster2/ch_water_dragon/water_dragon_lod_01.gr2	0
season3_eu/ymir work/npc2/obj_bag003/obj_bag003.gr2	d:/ymir work/npc2/obj_bag003/obj_bag003.gr2	0
season3_eu/ymir work/npc2/obj_bag003/obj_bag003.msm	d:/ymir work/npc2/obj_bag003/obj_bag003.msm	2
season3_eu/ymir work/npc2/sura_skeleton/sura_skeleton1.msm	d:/ymir work/npc2/sura_skeleton/sura_skeleton1.msm	2
season3_eu/ymir work/npc2/sura_skeleton/sura_skeleton2.gr2	d:/ymir work/npc2/sura_skeleton/sura_skeleton2.gr2	0
season3_eu/ymir work/npc2/sura_skeleton/sura_skeleton3.gr2	d:/ymir work/npc2/sura_skeleton/sura_skeleton3.gr2	0
season3_eu/ymir work/npc2/sura_skeleton/sura_skeleton4.gr2	d:/ymir work/npc2/sura_skeleton/sura_skeleton4.gr2	0
season3_eu/ymir work/npc2/sura_skeleton/sura_skeleton5.gr2	d:/ymir work/npc2/sura_skeleton/sura_skeleton5.gr2	0
season3_eu/ymir work/npc2/sura_skeleton/sura_skeleton_1.dds	d:/ymir work/npc2/sura_skeleton/sura_skeleton_1.dds	1
season3_eu/ymir work/npc2/suraghost/effect_suraghost.mse	d:/ymir work/npc2/suraghost/effect_suraghost.mse	1
season3_eu/ymir work/npc2/suraghost/sura_ghost.dds	d:/ymir work/npc2/suraghost/sura_ghost.dds	1
season3_eu/ymir work/npc2/suraghost/suraghost.gr2	d:/ymir work/npc2/suraghost/suraghost.gr2	0
season3_eu/ymir work/npc2/suraghost/suraghost.msm	d:/ymir work/npc2/suraghost/suraghost.msm	2
season3_eu/ymir work/npc2/suraghost/wait.gr2	d:/ymir work/npc2/suraghost/wait.gr2	0
season3_eu/ymir work/npc2/warriorghost/effect_warriorghost.mde	d:/ymir work/npc2/warriorghost/effect_warriorghost.mde	1
season3_eu/ymir work/npc2/warriorghost/effect_warriorghost.mse	d:/ymir work/npc2/warriorghost/effect_warriorghost.mse	1
season3_eu/ymir work/npc2/warriorghost/motlist.txt	d:/ymir work/npc2/warriorghost/motlist.txt	2
season3_eu/ymir work/npc2/warriorghost/wait.gr2	d:/ymir work/npc2/warriorghost/wait.gr2	0
season3_eu/ymir work/npc2/warriorghost/wait.msa	d:/ymir work/npc2/warriorghost/wait.msa	2
season3_eu/ymir work/npc2/warriorghost/warrior_ghost.dds	d:/ymir work/npc2/warriorghost/warrior_ghost.dds	1
season3_eu/ymir work/npc2/warriorghost/warriorghost.gr2	d:/ymir work/npc2/warriorghost/warriorghost.gr2	0
season3_eu/ymir work/npc2/worship_dragon/fb1.dds	d:/ymir work/npc2/worship_dragon/fb1.dds	1
season3_eu/ymir work/zone/dungeon/haven_dungeon/skipia_passt_lightingmap02.dds	d:/ymir work/zone/dungeon/haven_dungeon/skipia_passt_lightingmap02.dds	1
season3_eu/ymir work/npc2/worship_dragon/fb2.dds	d:/ymir work/npc2/worship_dragon/fb2.dds	1
season3_eu/ymir work/npc2/worship_dragon/fb3.dds	d:/ymir work/npc2/worship_dragon/fb3.dds	1
season3_eu/ymir work/npc2/worship_dragon/worship_dragon.msm	d:/ymir work/npc2/worship_dragon/worship_dragon.msm	2
season3_eu/ymir work/uiloading/background_loading_samahi1.jpg	d:/ymir work/uiloading/background_loading_samahi1.jpg	0
season3_eu/ymir work/uiloading/background_loading_warrior5.jpg	d:/ymir work/uiloading/background_loading_warrior5.jpg	0
season3_eu/ymir work/zone/dungeon/haven_dungeon/skipia_boss_lightingmap01.dds	d:/ymir work/zone/dungeon/haven_dungeon/skipia_boss_lightingmap01.dds	1
season3_eu/ymir work/zone/dungeon/haven_dungeon/skipia_boss_lightingmap02.dds	d:/ymir work/zone/dungeon/haven_dungeon/skipia_boss_lightingmap02.dds	1
season3_eu/ymir work/zone/dungeon/haven_dungeon/skipia_boss_lightingmap04.dds	d:/ymir work/zone/dungeon/haven_dungeon/skipia_boss_lightingmap04.dds	1
season3_eu/ymir work/zone/dungeon/haven_dungeon/skipia_collision.mdatr	d:/ymir work/zone/dungeon/haven_dungeon/skipia_collision.mdatr	0
season3_eu/ymir work/zone/dungeon/haven_dungeon/skipia_dungeon_02.dds	d:/ymir work/zone/dungeon/haven_dungeon/skipia_dungeon_02.dds	1
season3_eu/ymir work/zone/dungeon/haven_dungeon/skipia_dungeon_03.dds	d:/ymir work/zone/dungeon/haven_dungeon/skipia_dungeon_03.dds	1
season3_eu/ymir work/zone/dungeon/haven_dungeon/skipia_passc_lightingmap01.dds	d:/ymir work/zone/dungeon/haven_dungeon/skipia_passc_lightingmap01.dds	1
season3_eu/ymir work/zone/dungeon/haven_dungeon/skipia_passc_lightingmap02.dds	d:/ymir work/zone/dungeon/haven_dungeon/skipia_passc_lightingmap02.dds	1
season3_eu/ymir work/zone/dungeon/haven_dungeon/skipia_passc_lightingmap03.dds	d:/ymir work/zone/dungeon/haven_dungeon/skipia_passc_lightingmap03.dds	1
season3_eu/ymir work/zone/dungeon/haven_dungeon/skipia_passc_lightingmap04.dds	d:/ymir work/zone/dungeon/haven_dungeon/skipia_passc_lightingmap04.dds	1
season3_eu/ymir work/zone/dungeon/haven_dungeon/skipia_passi_lightingmap01.dds	d:/ymir work/zone/dungeon/haven_dungeon/skipia_passi_lightingmap01.dds	1
season3_eu/ymir work/zone/dungeon/haven_dungeon/skipia_passi_lightingmap02.dds	d:/ymir work/zone/dungeon/haven_dungeon/skipia_passi_lightingmap02.dds	1
season3_eu/ymir work/zone/dungeon/haven_dungeon/skipia_passi_lightingmap03.dds	d:/ymir work/zone/dungeon/haven_dungeon/skipia_passi_lightingmap03.dds	1
season3_eu/ymir work/zone/dungeon/haven_dungeon/skipia_passic_lightingmap03.dds	d:/ymir work/zone/dungeon/haven_dungeon/skipia_passic_lightingmap03.dds	1
season3_eu/ymir work/zone/dungeon/haven_dungeon/skipia_passic_lightingmap04.dds	d:/ymir work/zone/dungeon/haven_dungeon/skipia_passic_lightingmap04.dds	1
season3_eu/ymir work/zone/dungeon/haven_dungeon/skipia_passis1_lightingmap01.dds	d:/ymir work/zone/dungeon/haven_dungeon/skipia_passis1_lightingmap01.dds	1
season3_eu/ymir work/zone/dungeon/haven_dungeon/skipia_passis3.gr2	d:/ymir work/zone/dungeon/haven_dungeon/skipia_passis3.gr2	0
season3_eu/ymir work/zone/dungeon/haven_dungeon/skipia_passis3.mdatr	d:/ymir work/zone/dungeon/haven_dungeon/skipia_passis3.mdatr	0
season3_eu/ymir work/zone/dungeon/haven_dungeon/skipia_passl_lightingmap02.dds	d:/ymir work/zone/dungeon/haven_dungeon/skipia_passl_lightingmap02.dds	1
season3_eu/ymir work/zone/dungeon/haven_dungeon/skipia_passl_lightingmap03.dds	d:/ymir work/zone/dungeon/haven_dungeon/skipia_passl_lightingmap03.dds	1
season3_eu/ymir work/zone/dungeon/haven_dungeon/skipia_passp_lightingmap02.dds	d:/ymir work/zone/dungeon/haven_dungeon/skipia_passp_lightingmap02.dds	1
season3_eu/ymir work/zone/dungeon/haven_dungeon/skipia_passp_lightingmap03.dds	d:/ymir work/zone/dungeon/haven_dungeon/skipia_passp_lightingmap03.dds	1
season3_eu/ymir work/zone/dungeon/haven_dungeon/skipia_passp_lightingmap04.dds	d:/ymir work/zone/dungeon/haven_dungeon/skipia_passp_lightingmap04.dds	1
season3_eu/ymir work/zone/dungeon/haven_dungeon/skipia_passt_lightingmap01.dds	d:/ymir work/zone/dungeon/haven_dungeon/skipia_passt_lightingmap01.dds	1
season3_eu/ymir work/zone/dungeon/haven_dungeon/skipia_passt_lightingmap03.dds	d:/ymir work/zone/dungeon/haven_dungeon/skipia_passt_lightingmap03.dds	1
season3_eu/ymir work/zone/dungeon/haven_dungeon/skipia_passt_lightingmap04.dds	d:/ymir work/zone/dungeon/haven_dungeon/skipia_passt_lightingmap04.dds	1
