season1/season1/metin2_map_skipia_dungeon_01/005005/areaproperty.txt	season1/metin2_map_skipia_dungeon_01/005005/areaproperty.txt	1
season1/season1/metin2_map_ew02/003002/tile.raw	season1/metin2_map_ew02/003002/tile.raw	1
season1/season1/effect/crow.dds	season1/effect/crow.dds	1
season1/season1/effect/fail.mse	season1/effect/fail.mse	1
season1/season1/effect/pc/sura/effect/elect_2.jpg	season1/effect/pc/sura/effect/elect_2.jpg	1
season1/season1/monster/orc_lord_e/orc_lord_e.dds	season1/monster/orc_lord_e/orc_lord_e.dds	1
season1/season1/effect/pc/shaman/effect/ochaeunseowheel.jpg	season1/effect/pc/shaman/effect/ochaeunseowheel.jpg	1
season1/season1/effect/o.bmp	season1/effect/o.bmp	1
season1/season1/effect/pc/sura/effect/w_splash.tga	season1/effect/pc/sura/effect/w_splash.tga	1
season1/season1/effect/paymessage_warning.tga	season1/effect/paymessage_warning.tga	1
season1/season1/effect/sa_za_hu_inter_pasthit6.jpg	season1/effect/sa_za_hu_inter_pasthit6.jpg	1
season1/season1/metin2_map_sungzi_snow/001000/areaambiencedata.txt	season1/metin2_map_sungzi_snow/001000/areaambiencedata.txt	1
season1/season1/icon/item/02000.tga	season1/icon/item/02000.tga	1
season1/season1/metin2_map_sungzi_flame_hill_01/mapproperty.txt	season1/metin2_map_sungzi_flame_hill_01/mapproperty.txt	1
season1/season1/metin2_map_ew02/002003/areaproperty.txt	season1/metin2_map_ew02/002003/areaproperty.txt	1
season1/season1/metin2_map_sungzi_snow_pass01/001001/attr.atr	season1/metin2_map_sungzi_snow_pass01/001001/attr.atr	1
season1/season1/metin2_map_skipia_dungeon_01/001001/shadowmap.dds	season1/metin2_map_skipia_dungeon_01/001001/shadowmap.dds	1
season1/season1/metin2_map_sungzi_flame_hill_01/000002/minimap.dds	season1/metin2_map_sungzi_flame_hill_01/000002/minimap.dds	1
season1/season1/effect/pc/sura/effect/linrspark copy.jpg	season1/effect/pc/sura/effect/linrspark copy.jpg	1
season1/season1/pc/shaman/shaman_2-1_miyeon_a.dds	season1/pc/shaman/shaman_2-1_miyeon_a.dds	1
season1/season1/metin2_map_skipia_dungeon_02/004004/height.raw	season1/metin2_map_skipia_dungeon_02/004004/height.raw	1
season1/season1/metin2_map_shinsutest_01/001001/water.wtr	season1/metin2_map_shinsutest_01/001001/water.wtr	1
season1/season1/effect/pc/assassin/skill/gungsin_3.msa	season1/effect/pc/assassin/skill/gungsin_3.msa	1
season1/season1/effect/o.mse	season1/effect/o.mse	1
season1/season1/metin2_map_spider_bossdungeon/000000/shadowmap.raw	season1/metin2_map_spider_bossdungeon/000000/shadowmap.raw	1
season1/season1/effect/pc/assassin/effect/bokupanunred.jpg	season1/effect/pc/assassin/effect/bokupanunred.jpg	1
season1/season1/monster/ch_magician/shape.msm	season1/monster/ch_magician/shape.msm	1
season1/season1/npc/yejin/yejinstand00.msa	season1/npc/yejin/yejinstand00.msa	1
season1/season1/monster/ch_officer/skipia_officer_front_knockdown.gr2	season1/monster/ch_officer/skipia_officer_front_knockdown.gr2	1
season1/season1/metin2_map_ew02/002000/areadata.txt	season1/metin2_map_ew02/002000/areadata.txt	1
season1/season1/npc/jinno_guard_bow/30.msa	season1/npc/jinno_guard_bow/30.msa	1
season1/season1/metin2_map_skipia_dungeon_01/004002/areaproperty.txt	season1/metin2_map_skipia_dungeon_01/004002/areaproperty.txt	1
season1/season1/metin2_map_sungzi_milgyo/001000/tile.raw	season1/metin2_map_sungzi_milgyo/001000/tile.raw	1
season1/season1/metin2_map_siege_01/002001/areaproperty.txt	season1/metin2_map_siege_01/002001/areaproperty.txt	1
season1/season1/effect/pc/assassin/effect/assassinkwaegeom copy.jpg	season1/effect/pc/assassin/effect/assassinkwaegeom copy.jpg	1
season1/season1/effect/pc/shaman/effect/che.jpg	season1/effect/pc/shaman/effect/che.jpg	1
season1/season1/metin2_map_skipia_dungeon_02/004003/water.wtr	season1/metin2_map_skipia_dungeon_02/004003/water.wtr	1
season1/season1/metin2_map_ew02/003001/areadata.txt	season1/metin2_map_ew02/003001/areadata.txt	1
season1/season1/metin2_map_wl_01/003001/areaambiencedata.txt	season1/metin2_map_wl_01/003001/areaambiencedata.txt	1
season1/season1/effect/pc/warrior/effect/spark_4.mse	season1/effect/pc/warrior/effect/spark_4.mse	1
season1/season1/effect/x.bmp	season1/effect/x.bmp	1
season1/season1/metin2_map_siege_01/002000/areaambiencedata.txt	season1/metin2_map_siege_01/002000/areaambiencedata.txt	1
season1/season1/effect/pc/assassin/skill/seomgwang_4.msa	season1/effect/pc/assassin/skill/seomgwang_4.msa	1
season1/season1/effect/paymessage_decide.mse	season1/effect/paymessage_decide.mse	1
season1/season1/metin2_map_ew02/003000/water.wtr	season1/metin2_map_ew02/003000/water.wtr	1
season1/season1/metin2_map_skipia_dungeon_01/005002/areaproperty.txt	season1/metin2_map_skipia_dungeon_01/005002/areaproperty.txt	1
season1/season1/metin2_map_siege_03/002001/minimap.dds	season1/metin2_map_siege_03/002001/minimap.dds	1
season1/season1/metin2_map_ew02/002002/areadata.txt	season1/metin2_map_ew02/002002/areadata.txt	1
season1/season1/effect/pc/assassin/effect/amseup_4.mse	season1/effect/pc/assassin/effect/amseup_4.mse	1
season1/season1/metin2_map_shinsutest_01/001002/water.wtr	season1/metin2_map_shinsutest_01/001002/water.wtr	1
season1/season1/effect/pc/sura/effect/16_1.jpg	season1/effect/pc/sura/effect/16_1.jpg	1
season1/season1/metin2_map_skipia_dungeon_02/000002/attr.atr	season1/metin2_map_skipia_dungeon_02/000002/attr.atr	1
season1/season1/metin2_map_siege_01/000002/areadata.txt	season1/metin2_map_siege_01/000002/areadata.txt	1
season1/season1/metin2_map_siege_02/001002/height.raw	season1/metin2_map_siege_02/001002/height.raw	1
season1/season1/metin2_map_wl_01/001002/attr.atr	season1/metin2_map_wl_01/001002/attr.atr	1
season1/season1/monster/ch_bowman/skipia_bowman_back_standup.msa	season1/monster/ch_bowman/skipia_bowman_back_standup.msa	1
season1/season1/icon/item/30139.tga	season1/icon/item/30139.tga	1
season1/season1/effect/paymessage_decide.tga	season1/effect/paymessage_decide.tga	1
season1/season1/metin2_map_sungzi_desert_01/002000/areaproperty.txt	season1/metin2_map_sungzi_desert_01/002000/areaproperty.txt	1
season1/season1/metin2_map_skipia_dungeon_01/002003/height.raw	season1/metin2_map_skipia_dungeon_01/002003/height.raw	1
season1/season1/effect/pc/assassin/effect/cheonryongchuta_blow.mse	season1/effect/pc/assassin/effect/cheonryongchuta_blow.mse	1
season1/season1/metin2_map_sungzi_milgyo/002000/areaproperty.txt	season1/metin2_map_sungzi_milgyo/002000/areaproperty.txt	1
season1/season1/metin2_map_shinsutest_01/002001/attr.atr	season1/metin2_map_shinsutest_01/002001/attr.atr	1
season1/season1/metin2_map_skipia_dungeon_02/mapproperty.txt	season1/metin2_map_skipia_dungeon_02/mapproperty.txt	1
season1/season1/metin2_map_sungzi_snow/001001/water.wtr	season1/metin2_map_sungzi_snow/001001/water.wtr	1
season1/season1/metin2_map_sungzi_snow_pass02/000001/areaproperty.txt	season1/metin2_map_sungzi_snow_pass02/000001/areaproperty.txt	1
season1/season1/metin2_map_skipia_dungeon_02/003000/water.wtr	season1/metin2_map_skipia_dungeon_02/003000/water.wtr	1
season1/season1/effect/pc/assassin/effect/men-1.jpg	season1/effect/pc/assassin/effect/men-1.jpg	1
season1/season1/effect/pc/warrior/effect/gwigeom_sword copy.jpg	season1/effect/pc/warrior/effect/gwigeom_sword copy.jpg	1
season1/season1/effect/pc/shaman/effect/gyeokgong_triple_loop_2.jpg	season1/effect/pc/shaman/effect/gyeokgong_triple_loop_2.jpg	1
season1/season1/effect/pc/assassin/effect/arrow_01.tga	season1/effect/pc/assassin/effect/arrow_01.tga	1
season1/season1/metin2_map_skipia_dungeon_02/004003/areaambiencedata.txt	season1/metin2_map_skipia_dungeon_02/004003/areaambiencedata.txt	1
season1/season1/icon/item/30300.tga	season1/icon/item/30300.tga	1
season1/season1/effect/pc/sura/effect/white_burn.tga	season1/effect/pc/sura/effect/white_burn.tga	1
season1/season1/metin2_map_sungzi_milgyo_pass_01/001000/height.raw	season1/metin2_map_sungzi_milgyo_pass_01/001000/height.raw	1
season1/season1/effect/paymessage_warning.mse	season1/effect/paymessage_warning.mse	1
season1/season1/metin2_map_spiderdungeon_02/002002/attr.atr	season1/metin2_map_spiderdungeon_02/002002/attr.atr	1
season1/season1/metin2_map_sungzi_desert_hill_03/001001/areaproperty.txt	season1/metin2_map_sungzi_desert_hill_03/001001/areaproperty.txt	1
season1/season1/effect/pc/shaman/effect/rounduppattern.jpg	season1/effect/pc/shaman/effect/rounduppattern.jpg	1
season1/season1/metin2_map_siege_03/002002/areadata.txt	season1/metin2_map_siege_03/002002/areadata.txt	1
season1/season1/metin2_map_shinsutest_01/001002/minimap.dds	season1/metin2_map_shinsutest_01/001002/minimap.dds	1
season1/season1/metin2_map_skipia_dungeon_01/003005/areaproperty.txt	season1/metin2_map_skipia_dungeon_01/003005/areaproperty.txt	1
season1/season1/metin2_map_skipia_dungeon_01/003003/attr.atr	season1/metin2_map_skipia_dungeon_01/003003/attr.atr	1
season1/season1/metin2_map_empirewar_a01/001001/areaproperty.txt	season1/metin2_map_empirewar_a01/001001/areaproperty.txt	1
season1/season1/effect/pc/warrior/effect/spark-1.jpg	season1/effect/pc/warrior/effect/spark-1.jpg	1
season1/season1/metin2_map_skipia_dungeon_01/001001/areaproperty.txt	season1/metin2_map_skipia_dungeon_01/001001/areaproperty.txt	1
season1/season1/icon/item/71096.tga	season1/icon/item/71096.tga	1
season1/season1/metin2_map_sungzi_snow_pass01/001001/minimap.dds	season1/metin2_map_sungzi_snow_pass01/001001/minimap.dds	1
season1/season1/effect/pc/assassin/effect/cheonryongchuta_up.mse	season1/effect/pc/assassin/effect/cheonryongchuta_up.mse	1
season1/season1/metin2_map_empirewar_a01/000001/areaambiencedata.txt	season1/metin2_map_empirewar_a01/000001/areaambiencedata.txt	1
season1/season1/metin2_map_skipia_dungeon_01/001004/height.raw	season1/metin2_map_skipia_dungeon_01/001004/height.raw	1
season1/season1/effect/pc/shaman/effect/hoe.jpg	season1/effect/pc/shaman/effect/hoe.jpg	1
season1/season1/metin2_map_sungzi_desert_hill_03/000002/minimap.dds	season1/metin2_map_sungzi_desert_hill_03/000002/minimap.dds	1
season1/season1/metin2_map_skipia_dungeon_02/005002/minimap.dds	season1/metin2_map_skipia_dungeon_02/005002/minimap.dds	1
season1/season1/effect/pc/assassin/effect/2-star.jpg	season1/effect/pc/assassin/effect/2-star.jpg	1
season1/season1/metin2_map_siege_03/001001/water.wtr	season1/metin2_map_siege_03/001001/water.wtr	1
season1/season1/effect/pc/shaman/effect/aura.jpg	season1/effect/pc/shaman/effect/aura.jpg	1
season1/season1/effect/rotation of rsotation of 3.jpg	season1/effect/rotation of rsotation of 3.jpg	1
season1/season1/monster/ch_bowman/skipia_bowman_wait.gr2	season1/monster/ch_bowman/skipia_bowman_wait.gr2	1
season1/season1/metin2_map_siege_01/001001/height.raw	season1/metin2_map_siege_01/001001/height.raw	1
season1/season1/metin2_map_nusluck01/000001/shadowmap.dds	season1/metin2_map_nusluck01/000001/shadowmap.dds	1
season1/season1/metin2_map_sungzi_flame_hill_02/000000/shadowmap.raw	season1/metin2_map_sungzi_flame_hill_02/000000/shadowmap.raw	1
season1/season1/metin2_map_skipia_dungeon_01/001004/areadata.txt	season1/metin2_map_skipia_dungeon_01/001004/areadata.txt	1
season1/season1/effect/pc/assassin/effect/cheonryongchuta_up_3.mse	season1/effect/pc/assassin/effect/cheonryongchuta_up_3.mse	1
season1/season1/icon/item/30159.tga	season1/icon/item/30159.tga	1
season1/season1/metin2_map_empirewar_a01/001000/shadowmap.dds	season1/metin2_map_empirewar_a01/001000/shadowmap.dds	1
season1/season1/effect/spot.dds	season1/effect/spot.dds	1
season1/season1/effect/pc/assassin/effect/cheonryongchuta_blow_2.mse	season1/effect/pc/assassin/effect/cheonryongchuta_blow_2.mse	1
season1/season1/effect/pc/warrior/effect/17_1.jpg	season1/effect/pc/warrior/effect/17_1.jpg	1
season1/season1/metin2_map_spiderdungeon_02/000001/areadata.txt	season1/metin2_map_spiderdungeon_02/000001/areadata.txt	1
season1/season1/effect/pc/sura/effect/rotation of rsotation of 3.jpg	season1/effect/pc/sura/effect/rotation of rsotation of 3.jpg	1
season1/season1/metin2_map_sungzi_desert_hill_03/001000/areaambiencedata.txt	season1/metin2_map_sungzi_desert_hill_03/001000/areaambiencedata.txt	1
season1/season1/effect/success.mse	season1/effect/success.mse	1
season1/season1/metin2_map_sungzi_desert_01/000000/areaproperty.txt	season1/metin2_map_sungzi_desert_01/000000/areaproperty.txt	1
season1/season1/metin2_map_siege_03/001000/minimap.dds	season1/metin2_map_siege_03/001000/minimap.dds	1
season1/season1/metin2_map_skipia_dungeon_01/001002/attr.atr	season1/metin2_map_skipia_dungeon_01/001002/attr.atr	1
season1/season1/metin2_map_siege_01/002002/shadowmap.dds	season1/metin2_map_siege_01/002002/shadowmap.dds	1
season1/season1/effect/victory.dds	season1/effect/victory.dds	1
season1/season1/metin2_map_ew02/001000/height.raw	season1/metin2_map_ew02/001000/height.raw	1
season1/season1/effect/pc/shaman/skill/byeorak_4.msa	season1/effect/pc/shaman/skill/byeorak_4.msa	1
season1/season1/effect/pc/sura/effect/fear.tga	season1/effect/pc/sura/effect/fear.tga	1
season1/season1/npc/jinmoo/shape.msm	season1/npc/jinmoo/shape.msm	1
season1/season1/effect/pc/shaman/effect/skin.jpg	season1/effect/pc/shaman/effect/skin.jpg	1
season1/season1/effect/victory.mse	season1/effect/victory.mse	1
season1/season1/monster/ch_general/skipia_general_front_damage.msa	season1/monster/ch_general/skipia_general_front_damage.msa	1
season1/season1/metin2_map_siege_01/002002/areadata.txt	season1/metin2_map_siege_01/002002/areadata.txt	1
season1/season1/metin2_map_sungzi_milgyo/002000/tile.raw	season1/metin2_map_sungzi_milgyo/002000/tile.raw	1
season1/season1/npc/cheonjo_guard_spear/32.msa	season1/npc/cheonjo_guard_spear/32.msa	1
season1/season1/effect/pc/assassin/effect/8-1 copy.jpg	season1/effect/pc/assassin/effect/8-1 copy.jpg	1
season1/season1/metin2_map_ew02/002000/areaproperty.txt	season1/metin2_map_ew02/002000/areaproperty.txt	1
season1/season1/effect/pc/warrior/effect/mine_edge.jpg	season1/effect/pc/warrior/effect/mine_edge.jpg	1
season1/season1/metin2_map_wl_01/000000/water.wtr	season1/metin2_map_wl_01/000000/water.wtr	1
season1/season1/effect/x.mse	season1/effect/x.mse	1
season1/season1/effect/pc/assassin/effect/10 copy.jpg	season1/effect/pc/assassin/effect/10 copy.jpg	1
season1/season1/effect/pc/warrior/effect/gihyeol_spash.jpg	season1/effect/pc/warrior/effect/gihyeol_spash.jpg	1
season1/season1/metin2_map_shinsutest_01/001000/shadowmap.raw	season1/metin2_map_shinsutest_01/001000/shadowmap.raw	1
season1/season1/metin2_map_sungzi_snow_pass03/001003/areaproperty.txt	season1/metin2_map_sungzi_snow_pass03/001003/areaproperty.txt	1
season1/season1/effect/pc/assassin/effect/14.jpg	season1/effect/pc/assassin/effect/14.jpg	1
season1/season1/effect/pc/assassin/effect/9_1 copy.jpg	season1/effect/pc/assassin/effect/9_1 copy.jpg	1
season1/season1/metin2_map_skipia_dungeon_02/003001/height.raw	season1/metin2_map_skipia_dungeon_02/003001/height.raw	1
season1/season1/metin2_map_sungzi_milgyo_pass_01/001001/shadowmap.dds	season1/metin2_map_sungzi_milgyo_pass_01/001001/shadowmap.dds	1
season1/season1/metin2_map_wl_01/002000/height.raw	season1/metin2_map_wl_01/002000/height.raw	1
season1/season1/metin2_map_spiderdungeon_02/001000/areaproperty.txt	season1/metin2_map_spiderdungeon_02/001000/areaproperty.txt	1
season1/season1/metin2_map_sungzi_flame_hill_01/000001/areaambiencedata.txt	season1/metin2_map_sungzi_flame_hill_01/000001/areaambiencedata.txt	1
season1/season1/effect/pc/warrior/effect/flash_of_lighting copy.jpg	season1/effect/pc/warrior/effect/flash_of_lighting copy.jpg	1
season1/season1/metin2_map_sungzi_snow_pass01/001002/shadowmap.dds	season1/metin2_map_sungzi_snow_pass01/001002/shadowmap.dds	1
season1/season1/metin2_map_siege_02/server_attr	season1/metin2_map_siege_02/server_attr	1
season1/season1/effect/pc/assassin/effect/hwajopaburn copy.jpg	season1/effect/pc/assassin/effect/hwajopaburn copy.jpg	1
season1/season1/effect/pc/assassin/effect/16 copy.jpg	season1/effect/pc/assassin/effect/16 copy.jpg	1
season1/season1/effect/pc/shaman/effect/jincheonroijeongi.jpg	season1/effect/pc/shaman/effect/jincheonroijeongi.jpg	1
season1/season1/metin2_map_skipia_dungeon_02/002001/shadowmap.dds	season1/metin2_map_skipia_dungeon_02/002001/shadowmap.dds	1
season1/season1/effect/pc/assassin/effect/16-bottom.jpg	season1/effect/pc/assassin/effect/16-bottom.jpg	1
season1/season1/effect/pc/assassin/effect/2-starsmall.jpg	season1/effect/pc/assassin/effect/2-starsmall.jpg	1
season1/season1/metin2_map_sungzi_milgyo_pass_02/000002/height.raw	season1/metin2_map_sungzi_milgyo_pass_02/000002/height.raw	1
season1/season1/icon/item/30160.tga	season1/icon/item/30160.tga	1
season1/season1/icon/item/30221.tga	season1/icon/item/30221.tga	1
season1/season1/effect/pc/warrior/effect/inter_pasthitred.jpg	season1/effect/pc/warrior/effect/inter_pasthitred.jpg	1
season1/season1/metin2_map_sungzi_flame_hill_03/000003/shadowmap.raw	season1/metin2_map_sungzi_flame_hill_03/000003/shadowmap.raw	1
season1/season1/metin2_map_siege_01/002001/minimap.dds	season1/metin2_map_siege_01/002001/minimap.dds	1
season1/season1/metin2_map_skipia_dungeon_01/000004/areadata.txt	season1/metin2_map_skipia_dungeon_01/000004/areadata.txt	1
season1/season1/effect/pc/shaman/effect/yongpa_3.mse	season1/effect/pc/shaman/effect/yongpa_3.mse	1
season1/season1/metin2_map_skipia_dungeon_01/000001/areadata.txt	season1/metin2_map_skipia_dungeon_01/000001/areadata.txt	1
season1/season1/metin2_map_shinsutest_01/000000/attr.atr	season1/metin2_map_shinsutest_01/000000/attr.atr	1
season1/season1/metin2_map_sungzi_milgyo_pass_03/001000/attr.atr	season1/metin2_map_sungzi_milgyo_pass_03/001000/attr.atr	1
season1/season1/metin2_map_sungzi_snow/001001/tile.raw	season1/metin2_map_sungzi_snow/001001/tile.raw	1
season1/season1/effect/pc/assassin/effect/cheonryongchuta_down_3.mse	season1/effect/pc/assassin/effect/cheonryongchuta_down_3.mse	1
season1/season1/effect/pc/assassin/effect/charyunsal_3_foot.mse	season1/effect/pc/assassin/effect/charyunsal_3_foot.mse	1
season1/season1/effect/pc/assassin/effect/2.jpg	season1/effect/pc/assassin/effect/2.jpg	1
season1/season1/metin2_map_sungzi_desert_01/001001/areaproperty.txt	season1/metin2_map_sungzi_desert_01/001001/areaproperty.txt	1
season1/season1/metin2_map_ew02/000002/height.raw	season1/metin2_map_ew02/000002/height.raw	1
season1/season1/effect/pc/assassin/effect/3.jpg	season1/effect/pc/assassin/effect/3.jpg	1
season1/season1/metin2_map_ew02/003000/attr.atr	season1/metin2_map_ew02/003000/attr.atr	1
season1/season1/effect/pc/assassin/effect/4.jpg	season1/effect/pc/assassin/effect/4.jpg	1
season1/season1/metin2_map_sungzi_desert_01/003000/areaambiencedata.txt	season1/metin2_map_sungzi_desert_01/003000/areaambiencedata.txt	1
season1/season1/metin2_map_sungzi_snow_pass03/000001/areaproperty.txt	season1/metin2_map_sungzi_snow_pass03/000001/areaproperty.txt	1
season1/season1/metin2_map_sungzi_snow/002001/areaambiencedata.txt	season1/metin2_map_sungzi_snow/002001/areaambiencedata.txt	1
season1/season1/metin2_map_sungzi_flame_hill_03/000000/minimap.dds	season1/metin2_map_sungzi_flame_hill_03/000000/minimap.dds	1
season1/season1/metin2_map_skipia_dungeon_02/005002/height.raw	season1/metin2_map_skipia_dungeon_02/005002/height.raw	1
season1/season1/effect/pc/assassin/effect/cheonryongchuta_down_4.mse	season1/effect/pc/assassin/effect/cheonryongchuta_down_4.mse	1
season1/season1/npc/steelstone/steelstone.gr2	season1/npc/steelstone/steelstone.gr2	1
season1/season1/effect/pc/shaman/effect/munyang.jpg	season1/effect/pc/shaman/effect/munyang.jpg	1
season1/season1/metin2_map_skipia_dungeon_01/005001/shadowmap.dds	season1/metin2_map_skipia_dungeon_01/005001/shadowmap.dds	1
season1/season1/metin2_map_siege_03/002000/shadowmap.raw	season1/metin2_map_siege_03/002000/shadowmap.raw	1
season1/season1/metin2_map_sungzi_snow/002000/areadata.txt	season1/metin2_map_sungzi_snow/002000/areadata.txt	1
season1/season1/monster/ch_bowman/skipia_bowman_wait.msa	season1/monster/ch_bowman/skipia_bowman_wait.msa	1
season1/season1/effect/pc/assassin/effect/5.jpg	season1/effect/pc/assassin/effect/5.jpg	1
season1/season1/metin2_map_sungzi_milgyo/002002/attr.atr	season1/metin2_map_sungzi_milgyo/002002/attr.atr	1
season1/season1/monster/orc_lord_e/37.msa	season1/monster/orc_lord_e/37.msa	1
season1/season1/metin2_map_skipia_dungeon_01/004003/shadowmap.dds	season1/metin2_map_skipia_dungeon_01/004003/shadowmap.dds	1
season1/season1/monster/ch_footman/skipia_footman_back_standup.msa	season1/monster/ch_footman/skipia_footman_back_standup.msa	1
season1/season1/effect/pc/warrior/effect/newdaejin.jpg	season1/effect/pc/warrior/effect/newdaejin.jpg	1
season1/season1/metin2_map_sungzi_milgyo/002002/minimap.dds	season1/metin2_map_sungzi_milgyo/002002/minimap.dds	1
season1/season1/effect/pc/assassin/effect/5 copy.jpg	season1/effect/pc/assassin/effect/5 copy.jpg	1
season1/season1/icon/weapon/assassin/11507.tga	season1/icon/weapon/assassin/11507.tga	1
season1/season1/metin2_map_siege_03/002002/areaproperty.txt	season1/metin2_map_siege_03/002002/areaproperty.txt	1
season1/season1/metin2_map_sungzi_milgyo_pass_03/001000/areaambiencedata.txt	season1/metin2_map_sungzi_milgyo_pass_03/001000/areaambiencedata.txt	1
season1/season1/effect/pc/shaman/effect/paeryong_4.mse	season1/effect/pc/shaman/effect/paeryong_4.mse	1
season1/season1/effect/pc/assassin/effect/6.jpg	season1/effect/pc/assassin/effect/6.jpg	1
season1/season1/monster/giant_desert_turtle_e/motlist.txt	season1/monster/giant_desert_turtle_e/motlist.txt	1
season1/season1/effect/pc/warrior/effect/half_ring_rainbow_line.jpg	season1/effect/pc/warrior/effect/half_ring_rainbow_line.jpg	1
season1/season1/metin2_map_sungzi_snow_pass03/000003/areaambiencedata.txt	season1/metin2_map_sungzi_snow_pass03/000003/areaambiencedata.txt	1
season1/season1/effect/pc/shaman/effect/cho.jpg	season1/effect/pc/shaman/effect/cho.jpg	1
season1/season1/metin2_map_sungzi_desert_hill_02/001003/areaambiencedata.txt	season1/metin2_map_sungzi_desert_hill_02/001003/areaambiencedata.txt	1
season1/season1/metin2_map_shinsutest_01/000001/water.wtr	season1/metin2_map_shinsutest_01/000001/water.wtr	1
season1/season1/metin2_map_empirewar_a01/000001/tile.raw	season1/metin2_map_empirewar_a01/000001/tile.raw	1
season1/season1/metin2_map_skipia_dungeon_01/000002/areaambiencedata.txt	season1/metin2_map_skipia_dungeon_01/000002/areaambiencedata.txt	1
season1/season1/metin2_map_siege_02/002000/water.wtr	season1/metin2_map_siege_02/002000/water.wtr	1
season1/season1/effect/pc/assassin/effect/9 copy.jpg	season1/effect/pc/assassin/effect/9 copy.jpg	1
season1/season1/effect/pc/sura/effect/white_energy copy.tga	season1/effect/pc/sura/effect/white_energy copy.tga	1
season1/season1/effect/pc/assassin/effect/9-1 copy.jpg	season1/effect/pc/assassin/effect/9-1 copy.jpg	1
season1/season1/metin2_map_nusluck01/mapproperty.txt	season1/metin2_map_nusluck01/mapproperty.txt	1
season1/season1/effect/pc/assassin/effect/amseup.jpg	season1/effect/pc/assassin/effect/amseup.jpg	1
season1/season1/metin2_map_skipia_dungeon_01/002002/attr.atr	season1/metin2_map_skipia_dungeon_01/002002/attr.atr	1
season1/season1/effect/pc/assassin/effect/charyunsal_4.mse	season1/effect/pc/assassin/effect/charyunsal_4.mse	1
season1/season1/effect/pc/shaman/effect/sohwanland_splash.jpg	season1/effect/pc/shaman/effect/sohwanland_splash.jpg	1
season1/season1/metin2_map_sungzi_snow/002002/minimap.dds	season1/metin2_map_sungzi_snow/002002/minimap.dds	1
season1/season1/effect/pc/assassin/effect/amseup_3.mse	season1/effect/pc/assassin/effect/amseup_3.mse	1
season1/season1/npc/nnflower/fild.dds	season1/npc/nnflower/fild.dds	1
season1/season1/effect/pc/sura/skill/hwayeom_4.msa	season1/effect/pc/sura/skill/hwayeom_4.msa	1
season1/season1/effect/pc/shaman/effect/so.jpg	season1/effect/pc/shaman/effect/so.jpg	1
season1/season1/metin2_map_sungzi_milgyo_pass_01/000000/shadowmap.dds	season1/metin2_map_sungzi_milgyo_pass_01/000000/shadowmap.dds	1
season1/season1/effect/pc/assassin/effect/amseup_3_blow.mse	season1/effect/pc/assassin/effect/amseup_3_blow.mse	1
season1/season1/effect/pc/sura/effect/yong_gwon_pa_twist-2 copy.jpg	season1/effect/pc/sura/effect/yong_gwon_pa_twist-2 copy.jpg	1
season1/season1/metin2_map_spiderdungeon_02/002003/minimap.dds	season1/metin2_map_spiderdungeon_02/002003/minimap.dds	1
season1/season1/effect/pc/shaman/effect/tong.jpg	season1/effect/pc/shaman/effect/tong.jpg	1
season1/season1/metin2_map_sungzi_flame_hill_01/000001/minimap.dds	season1/metin2_map_sungzi_flame_hill_01/000001/minimap.dds	1
season1/season1/effect/pc/warrior/effect/landcreepflash.jpg	season1/effect/pc/warrior/effect/landcreepflash.jpg	1
season1/season1/effect/pc/assassin/effect/charm_light.jpg	season1/effect/pc/assassin/effect/charm_light.jpg	1
season1/season1/icon/weapon/shaman/12002.tga	season1/icon/weapon/shaman/12002.tga	1
season1/season1/metin2_map_spiderdungeon_02/000003/shadowmap.dds	season1/metin2_map_spiderdungeon_02/000003/shadowmap.dds	1
season1/season1/metin2_map_wl_01/003000/areaproperty.txt	season1/metin2_map_wl_01/003000/areaproperty.txt	1
season1/season1/icon/item/30303.tga	season1/icon/item/30303.tga	1
season1/season1/effect/pc/assassin/effect/amseup_3_fallow.mse	season1/effect/pc/assassin/effect/amseup_3_fallow.mse	1
season1/season1/icon/item/72049.tga	season1/icon/item/72049.tga	1
season1/season1/metin2_map_sungzi_milgyo/001000/minimap.dds	season1/metin2_map_sungzi_milgyo/001000/minimap.dds	1
season1/season1/metin2_map_siege_03/002001/areaproperty.txt	season1/metin2_map_siege_03/002001/areaproperty.txt	1
season1/season1/metin2_map_spiderdungeon_02/002001/tile.raw	season1/metin2_map_spiderdungeon_02/002001/tile.raw	1
season1/season1/metin2_map_skipia_dungeon_02/005001/tile.raw	season1/metin2_map_skipia_dungeon_02/005001/tile.raw	1
season1/season1/effect/pc/warrior/skill/gyeoksan_2.msa	season1/effect/pc/warrior/skill/gyeoksan_2.msa	1
season1/season1/metin2_map_sungzi_milgyo_pass_02/000002/areaambiencedata.txt	season1/metin2_map_sungzi_milgyo_pass_02/000002/areaambiencedata.txt	1
season1/season1/effect/pc/sura/effect/meonji.tga	season1/effect/pc/sura/effect/meonji.tga	1
season1/season1/metin2_map_spiderdungeon_02/001003/areaambiencedata.txt	season1/metin2_map_spiderdungeon_02/001003/areaambiencedata.txt	1
season1/season1/effect/pc/assassin/effect/amseup_4_blow.mse	season1/effect/pc/assassin/effect/amseup_4_blow.mse	1
season1/season1/effect/pc/assassin/effect/amseup_4_fallow.mse	season1/effect/pc/assassin/effect/amseup_4_fallow.mse	1
season1/season1/effect/pc/sura/effect/ee_s.jpg	season1/effect/pc/sura/effect/ee_s.jpg	1
season1/season1/metin2_map_sungzi_snow_pass03/001000/attr.atr	season1/metin2_map_sungzi_snow_pass03/001000/attr.atr	1
season1/season1/metin2_map_sungzi_milgyo_pass_01/001002/areaambiencedata.txt	season1/metin2_map_sungzi_milgyo_pass_01/001002/areaambiencedata.txt	1
season1/season1/npc/samahi/motlist.txt	season1/npc/samahi/motlist.txt	1
season1/season1/metin2_map_ew02/003001/areaproperty.txt	season1/metin2_map_ew02/003001/areaproperty.txt	1
season1/season1/metin2_map_skipia_dungeon_01/003001/areaambiencedata.txt	season1/metin2_map_skipia_dungeon_01/003001/areaambiencedata.txt	1
season1/season1/metin2_map_sungzi_desert_01/002001/water.wtr	season1/metin2_map_sungzi_desert_01/002001/water.wtr	1
season1/season1/effect/pc/warrior/effect/rotation of gihyeol_spash.jpg	season1/effect/pc/warrior/effect/rotation of gihyeol_spash.jpg	1
season1/season1/effect/pc/assassin/effect/asdasd.jpg	season1/effect/pc/assassin/effect/asdasd.jpg	1
season1/season1/metin2_map_skipia_dungeon_02/005000/shadowmap.raw	season1/metin2_map_skipia_dungeon_02/005000/shadowmap.raw	1
season1/season1/effect/pc/assassin/effect/b_arc.jpg	season1/effect/pc/assassin/effect/b_arc.jpg	1
season1/season1/effect/pc/assassin/effect/charyunsal_4_foot.mse	season1/effect/pc/assassin/effect/charyunsal_4_foot.mse	1
season1/season1/metin2_map_sungzi_desert_hill_03/000000/attr.atr	season1/metin2_map_sungzi_desert_hill_03/000000/attr.atr	1
season1/season1/effect/pc/sura/effect/muyeong_red.jpg	season1/effect/pc/sura/effect/muyeong_red.jpg	1
season1/season1/effect/pc/assassin/effect/ball2aaa.jpg	season1/effect/pc/assassin/effect/ball2aaa.jpg	1
season1/season1/icon/weapon/shaman/12006.tga	season1/icon/weapon/shaman/12006.tga	1
season1/season1/effect/pc/assassin/effect/banjjak3.jpg	season1/effect/pc/assassin/effect/banjjak3.jpg	1
season1/season1/metin2_map_siege_01/002000/minimap.dds	season1/metin2_map_siege_01/002000/minimap.dds	1
season1/season1/npc/mailbox/mailbox.dds	season1/npc/mailbox/mailbox.dds	1
season1/season1/metin2_map_sungzi_milgyo_pass_03/000003/areaproperty.txt	season1/metin2_map_sungzi_milgyo_pass_03/000003/areaproperty.txt	1
season1/season1/icon/weapon/sura/11702.tga	season1/icon/weapon/sura/11702.tga	1
season1/season1/metin2_map_sungzi_flame_hill_03/001003/shadowmap.dds	season1/metin2_map_sungzi_flame_hill_03/001003/shadowmap.dds	1
season1/season1/effect/pc/sura/effect/main-ring1_1.jpg	season1/effect/pc/sura/effect/main-ring1_1.jpg	1
season1/season1/metin2_map_sungzi_desert_hill_01/000001/minimap.dds	season1/metin2_map_sungzi_desert_hill_01/000001/minimap.dds	1
season1/season1/effect/pc/sura/skill/swaeryeong_3.msa	season1/effect/pc/sura/skill/swaeryeong_3.msa	1
season1/season1/effect/pc/assassin/effect/charyunsal_3.mse	season1/effect/pc/assassin/effect/charyunsal_3.mse	1
season1/season1/pc/assassin/assassin_4-1_lod_03.gr2	season1/pc/assassin/assassin_4-1_lod_03.gr2	1
season1/season1/icon/item/50903.tga	season1/icon/item/50903.tga	1
season1/season1/metin2_map_ew02/002000/tile.raw	season1/metin2_map_ew02/002000/tile.raw	1
season1/season1/metin2_map_siege_02/002000/attr.atr	season1/metin2_map_siege_02/002000/attr.atr	1
season1/season1/metin2_map_shinsutest_01/000000/shadowmap.dds	season1/metin2_map_shinsutest_01/000000/shadowmap.dds	1
season1/season1/npc/naoki/03.msa	season1/npc/naoki/03.msa	1
season1/season1/metin2_map_skipia_dungeon_02/002004/water.wtr	season1/metin2_map_skipia_dungeon_02/002004/water.wtr	1
season1/season1/effect/pc/assassin/effect/cheonryongchuta_blow copy.jpg	season1/effect/pc/assassin/effect/cheonryongchuta_blow copy.jpg	1
season1/season1/metin2_map_sungzi_desert_01/003002/areaambiencedata.txt	season1/metin2_map_sungzi_desert_01/003002/areaambiencedata.txt	1
season1/season1/metin2_map_skipia_dungeon_01/000002/tile.raw	season1/metin2_map_skipia_dungeon_01/000002/tile.raw	1
season1/season1/effect/pc/assassin/effect/gungsintanyeong_4_end.mse	season1/effect/pc/assassin/effect/gungsintanyeong_4_end.mse	1
season1/season1/metin2_map_sungzi_snow_pass02/001003/shadowmap.raw	season1/metin2_map_sungzi_snow_pass02/001003/shadowmap.raw	1
season1/season1/effect/pc/assassin/effect/cheonryongchuta_blow_3.mse	season1/effect/pc/assassin/effect/cheonryongchuta_blow_3.mse	1
season1/season1/metin2_map_sungzi_desert_01/001002/minimap.dds	season1/metin2_map_sungzi_desert_01/001002/minimap.dds	1
season1/season1/effect/pc/assassin/effect/cheonryongchuta_blow_4.mse	season1/effect/pc/assassin/effect/cheonryongchuta_blow_4.mse	1
season1/season1/metin2_map_siege_01/000001/areaambiencedata.txt	season1/metin2_map_siege_01/000001/areaambiencedata.txt	1
season1/season1/metin2_map_sungzi_snow_pass02/000003/minimap.dds	season1/metin2_map_sungzi_snow_pass02/000003/minimap.dds	1
season1/season1/effect/pc/sura/effect/shwe_ryoung _ji_core_edge copy.jpg	season1/effect/pc/sura/effect/shwe_ryoung _ji_core_edge copy.jpg	1
season1/season1/metin2_map_sungzi_milgyo_pass_01/000002/shadowmap.dds	season1/metin2_map_sungzi_milgyo_pass_01/000002/shadowmap.dds	1
season1/season1/effect/pc/assassin/effect/cheonryongchuta_down.mse	season1/effect/pc/assassin/effect/cheonryongchuta_down.mse	1
season1/season1/metin2_map_sungzi_milgyo_pass_01/000003/areaambiencedata.txt	season1/metin2_map_sungzi_milgyo_pass_01/000003/areaambiencedata.txt	1
season1/season1/effect/pc/assassin/effect/cheonryongchuta_down_2.mse	season1/effect/pc/assassin/effect/cheonryongchuta_down_2.mse	1
season1/season1/effect/pc/assassin/effect/cheonryongchuta_up_2.mse	season1/effect/pc/assassin/effect/cheonryongchuta_up_2.mse	1
season1/season1/metin2_map_sungzi_flame_hill_01/001001/attr.atr	season1/metin2_map_sungzi_flame_hill_01/001001/attr.atr	1
season1/season1/metin2_map_skipia_dungeon_01/004004/shadowmap.raw	season1/metin2_map_skipia_dungeon_01/004004/shadowmap.raw	1
season1/season1/metin2_map_nusluck01/001001/areaproperty.txt	season1/metin2_map_nusluck01/001001/areaproperty.txt	1
season1/season1/metin2_map_spiderdungeon_02/000003/tile.raw	season1/metin2_map_spiderdungeon_02/000003/tile.raw	1
season1/season1/effect/pc/assassin/effect/cheonryongchuta_up_4.mse	season1/effect/pc/assassin/effect/cheonryongchuta_up_4.mse	1
season1/season1/icon/item/30213.tga	season1/icon/item/30213.tga	1
season1/season1/icon/item/50816.tga	season1/icon/item/50816.tga	1
season1/season1/metin2_map_sungzi_flame_hill_03/000001/areaambiencedata.txt	season1/metin2_map_sungzi_flame_hill_03/000001/areaambiencedata.txt	1
season1/season1/metin2_map_sungzi_flame_hill_02/000003/areaproperty.txt	season1/metin2_map_sungzi_flame_hill_02/000003/areaproperty.txt	1
season1/season1/effect/pc/assassin/effect/cure.jpg	season1/effect/pc/assassin/effect/cure.jpg	1
season1/season1/metin2_map_skipia_dungeon_02/001005/shadowmap.dds	season1/metin2_map_skipia_dungeon_02/001005/shadowmap.dds	1
season1/season1/metin2_map_sungzi_milgyo_pass_01/000002/minimap.dds	season1/metin2_map_sungzi_milgyo_pass_01/000002/minimap.dds	1
season1/season1/effect/pc/assassin/skill/seomgwang.msa	season1/effect/pc/assassin/skill/seomgwang.msa	1
season1/season1/metin2_map_sungzi_flame_hill_02/000003/shadowmap.dds	season1/metin2_map_sungzi_flame_hill_02/000003/shadowmap.dds	1
season1/season1/metin2_map_siege_03/001001/tile.raw	season1/metin2_map_siege_03/001001/tile.raw	1
season1/season1/icon/weapon/assassin/11506.tga	season1/icon/weapon/assassin/11506.tga	1
season1/season1/icon/item/30225.tga	season1/icon/item/30225.tga	1
season1/season1/effect/pc/assassin/effect/ee_s.jpg	season1/effect/pc/assassin/effect/ee_s.jpg	1
season1/season1/metin2_map_skipia_dungeon_02/003002/tile.raw	season1/metin2_map_skipia_dungeon_02/003002/tile.raw	1
season1/season1/npc/steelstone/shape.msm	season1/npc/steelstone/shape.msm	1
season1/season1/metin2_map_sungzi_milgyo/000001/areaproperty.txt	season1/metin2_map_sungzi_milgyo/000001/areaproperty.txt	1
season1/season1/metin2_map_empirewar_a01/000000/minimap.dds	season1/metin2_map_empirewar_a01/000000/minimap.dds	1
season1/season1/metin2_map_skipia_dungeon_02/002004/minimap.dds	season1/metin2_map_skipia_dungeon_02/002004/minimap.dds	1
season1/season1/effect/pc/assassin/effect/f1.jpg	season1/effect/pc/assassin/effect/f1.jpg	1
season1/season1/metin2_map_sungzi_flame_hill_03/000000/attr.atr	season1/metin2_map_sungzi_flame_hill_03/000000/attr.atr	1
season1/season1/effect/pc/assassin/effect/f2.jpg	season1/effect/pc/assassin/effect/f2.jpg	1
season1/season1/metin2_map_wl_01/000001/tile.raw	season1/metin2_map_wl_01/000001/tile.raw	1
season1/season1/metin2_map_spiderdungeon_02/000000/shadowmap.raw	season1/metin2_map_spiderdungeon_02/000000/shadowmap.raw	1
season1/season1/metin2_map_skipia_dungeon_01/005000/attr.atr	season1/metin2_map_skipia_dungeon_01/005000/attr.atr	1
season1/season1/metin2_map_sungzi_desert_01/000001/height.raw	season1/metin2_map_sungzi_desert_01/000001/height.raw	1
season1/season1/effect/pc/assassin/effect/seomgwang_blow_4.mse	season1/effect/pc/assassin/effect/seomgwang_blow_4.mse	1
season1/season1/icon/item/50092.tga	season1/icon/item/50092.tga	1
season1/season1/effect/pc/assassin/effect/f2.tga	season1/effect/pc/assassin/effect/f2.tga	1
season1/season1/effect/pc/sura/effect/bottom.jpg	season1/effect/pc/sura/effect/bottom.jpg	1
season1/season1/metin2_map_sungzi_milgyo/000000/shadowmap.dds	season1/metin2_map_sungzi_milgyo/000000/shadowmap.dds	1
season1/season1/metin2_map_sungzi_desert_01/001000/attr.atr	season1/metin2_map_sungzi_desert_01/001000/attr.atr	1
season1/season1/metin2_map_ew02/001003/attr.atr	season1/metin2_map_ew02/001003/attr.atr	1
season1/season1/npc/sinsu_guard_spear/37.msa	season1/npc/sinsu_guard_spear/37.msa	1
season1/season1/icon/weapon/11971.tga	season1/icon/weapon/11971.tga	1
season1/season1/metin2_map_wl_01/000003/shadowmap.dds	season1/metin2_map_wl_01/000003/shadowmap.dds	1
season1/season1/effect/pc/assassin/effect/f3.jpg	season1/effect/pc/assassin/effect/f3.jpg	1
season1/season1/metin2_map_skipia_dungeon_01/002001/height.raw	season1/metin2_map_skipia_dungeon_01/002001/height.raw	1
season1/season1/effect/pc/shaman/effect/bwblend.jpg	season1/effect/pc/shaman/effect/bwblend.jpg	1
season1/season1/metin2_map_sungzi_snow/002000/shadowmap.dds	season1/metin2_map_sungzi_snow/002000/shadowmap.dds	1
season1/season1/effect/pc/assassin/effect/firebird copy.jpg	season1/effect/pc/assassin/effect/firebird copy.jpg	1
season1/season1/metin2_map_skipia_dungeon_02/002004/areadata.txt	season1/metin2_map_skipia_dungeon_02/002004/areadata.txt	1
season1/season1/metin2_map_sungzi_desert_hill_02/001002/shadowmap.dds	season1/metin2_map_sungzi_desert_hill_02/001002/shadowmap.dds	1
season1/season1/effect/pc/assassin/effect/guard2.jpg	season1/effect/pc/assassin/effect/guard2.jpg	1
season1/season1/metin2_map_skipia_dungeon_02/000002/minimap.dds	season1/metin2_map_skipia_dungeon_02/000002/minimap.dds	1
season1/season1/metin2_map_sungzi_snow_pass01/000000/shadowmap.raw	season1/metin2_map_sungzi_snow_pass01/000000/shadowmap.raw	1
season1/season1/metin2_map_skipia_dungeon_01/004000/height.raw	season1/metin2_map_skipia_dungeon_01/004000/height.raw	1
season1/season1/effect/pc/warrior/effect/cure.jpg	season1/effect/pc/warrior/effect/cure.jpg	1
season1/season1/metin2_map_wl_01/002001/water.wtr	season1/metin2_map_wl_01/002001/water.wtr	1
season1/season1/effect/pc/assassin/effect/gungsintanyeong_3_blow.mse	season1/effect/pc/assassin/effect/gungsintanyeong_3_blow.mse	1
season1/season1/metin2_map_spiderdungeon_02/001000/attr.atr	season1/metin2_map_spiderdungeon_02/001000/attr.atr	1
season1/season1/metin2_map_skipia_dungeon_01/000000/areaproperty.txt	season1/metin2_map_skipia_dungeon_01/000000/areaproperty.txt	1
season1/season1/effect/pc/assassin/effect/gungsintanyeong_3_end.mse	season1/effect/pc/assassin/effect/gungsintanyeong_3_end.mse	1
season1/season1/metin2_map_skipia_dungeon_01/003004/water.wtr	season1/metin2_map_skipia_dungeon_01/003004/water.wtr	1
season1/season1/metin2_map_oxevent/001001/shadowmap.raw	season1/metin2_map_oxevent/001001/shadowmap.raw	1
season1/season1/metin2_map_siege_02/002001/attr.atr	season1/metin2_map_siege_02/002001/attr.atr	1
season1/season1/effect/pc/sura/skill/yonggwon_4.msa	season1/effect/pc/sura/skill/yonggwon_4.msa	1
season1/season1/effect/pc/warrior/effect/sa_za_hu_center_1 copy.jpg	season1/effect/pc/warrior/effect/sa_za_hu_center_1 copy.jpg	1
season1/season1/metin2_map_empirewar_a01/001000/areaambiencedata.txt	season1/metin2_map_empirewar_a01/001000/areaambiencedata.txt	1
season1/season1/metin2_map_nusluck01/000000/height.raw	season1/metin2_map_nusluck01/000000/height.raw	1
season1/season1/metin2_map_sungzi_flame_hill_02/setting.txt	season1/metin2_map_sungzi_flame_hill_02/setting.txt	1
season1/season1/metin2_map_skipia_dungeon_01/005000/areaambiencedata.txt	season1/metin2_map_skipia_dungeon_01/005000/areaambiencedata.txt	1
season1/season1/effect/pc/sura/effect/yong_gwon_pa_ring copy.jpg	season1/effect/pc/sura/effect/yong_gwon_pa_ring copy.jpg	1
season1/season1/metin2_map_skipia_dungeon_01/003005/height.raw	season1/metin2_map_skipia_dungeon_01/003005/height.raw	1
season1/season1/metin2_map_skipia_dungeon_01/004004/tile.raw	season1/metin2_map_skipia_dungeon_01/004004/tile.raw	1
season1/season1/effect/pc/assassin/effect/gungsintanyeong_3_start.mse	season1/effect/pc/assassin/effect/gungsintanyeong_3_start.mse	1
season1/season1/effect/pc/assassin/effect/gungsintanyeong_4_blow.mse	season1/effect/pc/assassin/effect/gungsintanyeong_4_blow.mse	1
season1/season1/metin2_map_siege_01/002000/water.wtr	season1/metin2_map_siege_01/002000/water.wtr	1
season1/season1/metin2_map_spiderdungeon_02/000002/tile.raw	season1/metin2_map_spiderdungeon_02/000002/tile.raw	1
season1/season1/icon/item/30142.tga	season1/icon/item/30142.tga	1
season1/season1/metin2_map_skipia_dungeon_02/000003/shadowmap.dds	season1/metin2_map_skipia_dungeon_02/000003/shadowmap.dds	1
season1/season1/metin2_map_sungzi_snow_pass02/001000/areaproperty.txt	season1/metin2_map_sungzi_snow_pass02/001000/areaproperty.txt	1
season1/season1/effect/pc/assassin/effect/gungsintanyeong_4_start.mse	season1/effect/pc/assassin/effect/gungsintanyeong_4_start.mse	1
season1/season1/metin2_map_sungzi_flame_hill_03/000003/areaproperty.txt	season1/metin2_map_sungzi_flame_hill_03/000003/areaproperty.txt	1
season1/season1/metin2_map_sungzi_milgyo_pass_02/000000/shadowmap.raw	season1/metin2_map_sungzi_milgyo_pass_02/000000/shadowmap.raw	1
season1/season1/monster/yellow_tigerman_e/35.msa	season1/monster/yellow_tigerman_e/35.msa	1
season1/season1/monster/ch_bowman/arrow_01.mde	season1/monster/ch_bowman/arrow_01.mde	1
season1/season1/icon/item/30150.tga	season1/icon/item/30150.tga	1
season1/season1/effect/pc/assassin/effect/gyeonggong_bottom.jpg	season1/effect/pc/assassin/effect/gyeonggong_bottom.jpg	1
season1/season1/effect/pc/assassin/effect/half_ring_rainbow_line.jpg	season1/effect/pc/assassin/effect/half_ring_rainbow_line.jpg	1
season1/season1/effect/pc/assassin/effect/hwarin_1.jpg	season1/effect/pc/assassin/effect/hwarin_1.jpg	1
season1/season1/metin2_map_sungzi_desert_hill_02/001003/height.raw	season1/metin2_map_sungzi_desert_hill_02/001003/height.raw	1
season1/season1/metin2_map_sungzi_snow/000000/minimap.dds	season1/metin2_map_sungzi_snow/000000/minimap.dds	1
season1/season1/metin2_map_ew02/000001/areaambiencedata.txt	season1/metin2_map_ew02/000001/areaambiencedata.txt	1
season1/season1/metin2_map_skipia_dungeon_01/001005/tile.raw	season1/metin2_map_skipia_dungeon_01/001005/tile.raw	1
season1/season1/effect/pc/assassin/effect/hwarin_2.jpg	season1/effect/pc/assassin/effect/hwarin_2.jpg	1
season1/season1/metin2_map_ew02/001001/water.wtr	season1/metin2_map_ew02/001001/water.wtr	1
season1/season1/effect/pc/assassin/effect/hwarin_3.jpg	season1/effect/pc/assassin/effect/hwarin_3.jpg	1
season1/season1/metin2_map_skipia_dungeon_01/002002/areaproperty.txt	season1/metin2_map_skipia_dungeon_01/002002/areaproperty.txt	1
season1/season1/monster/fox_ninetail_e/35.msa	season1/monster/fox_ninetail_e/35.msa	1
season1/season1/effect/pc/sura/effect/y_splash.jpg	season1/effect/pc/sura/effect/y_splash.jpg	1
season1/season1/effect/pc/assassin/effect/laser copy.jpg	season1/effect/pc/assassin/effect/laser copy.jpg	1
season1/season1/metin2_map_siege_01/001001/areaproperty.txt	season1/metin2_map_siege_01/001001/areaproperty.txt	1
season1/season1/metin2_map_sungzi_milgyo_pass_02/000000/areaproperty.txt	season1/metin2_map_sungzi_milgyo_pass_02/000000/areaproperty.txt	1
season1/season1/metin2_map_skipia_dungeon_02/001001/water.wtr	season1/metin2_map_skipia_dungeon_02/001001/water.wtr	1
season1/season1/metin2_map_siege_02/001002/attr.atr	season1/metin2_map_siege_02/001002/attr.atr	1
season1/season1/effect/pc/assassin/effect/ls1_1 copy.jpg	season1/effect/pc/assassin/effect/ls1_1 copy.jpg	1
season1/season1/effect/pc/shaman/effect/roundpin.jpg	season1/effect/pc/shaman/effect/roundpin.jpg	1
season1/season1/metin2_map_siege_02/002002/tile.raw	season1/metin2_map_siege_02/002002/tile.raw	1
season1/season1/effect/pc/assassin/skill/seomgwang_3.msa	season1/effect/pc/assassin/skill/seomgwang_3.msa	1
season1/season1/effect/pc/sura/effect/16 copy.jpg	season1/effect/pc/sura/effect/16 copy.jpg	1
season1/season1/effect/pc/assassin/effect/redburn_1 copy.jpg	season1/effect/pc/assassin/effect/redburn_1 copy.jpg	1
season1/season1/icon/item/50040.tga	season1/icon/item/50040.tga	1
season1/season1/monster/spider_queen_e/03.msa	season1/monster/spider_queen_e/03.msa	1
season1/season1/metin2_map_wl_01/001001/shadowmap.raw	season1/metin2_map_wl_01/001001/shadowmap.raw	1
season1/season1/metin2_map_skipia_dungeon_01/004003/areaambiencedata.txt	season1/metin2_map_skipia_dungeon_01/004003/areaambiencedata.txt	1
season1/season1/monster/ch_officer/skipia_officer_front_damage1.gr2	season1/monster/ch_officer/skipia_officer_front_damage1.gr2	1
season1/season1/metin2_map_skipia_dungeon_02/000004/areadata.txt	season1/metin2_map_skipia_dungeon_02/000004/areadata.txt	1
season1/season1/effect/pc/assassin/effect/ring_rainbow_line.jpg	season1/effect/pc/assassin/effect/ring_rainbow_line.jpg	1
season1/season1/metin2_map_skipia_dungeon_01/000005/minimap.dds	season1/metin2_map_skipia_dungeon_01/000005/minimap.dds	1
season1/season1/metin2_map_ew02/003001/areaambiencedata.txt	season1/metin2_map_ew02/003001/areaambiencedata.txt	1
season1/season1/metin2_map_sungzi_milgyo_pass_01/001002/water.wtr	season1/metin2_map_sungzi_milgyo_pass_01/001002/water.wtr	1
season1/season1/effect/pc/assassin/effect/rotation of 3.jpg	season1/effect/pc/assassin/effect/rotation of 3.jpg	1
season1/season1/metin2_map_siege_01/002001/shadowmap.raw	season1/metin2_map_siege_01/002001/shadowmap.raw	1
season1/season1/effect/pc/shaman/effect/hobubottom.jpg	season1/effect/pc/shaman/effect/hobubottom.jpg	1
season1/season1/effect/pc/shaman/effect/gwi.jpg	season1/effect/pc/shaman/effect/gwi.jpg	1
season1/season1/metin2_map_sungzi_milgyo_pass_03/001001/minimap.dds	season1/metin2_map_sungzi_milgyo_pass_03/001001/minimap.dds	1
season1/season1/effect/pc/assassin/effect/seomgwang_blow.mse	season1/effect/pc/assassin/effect/seomgwang_blow.mse	1
season1/season1/metin2_map_oxevent/000000/shadowmap.dds	season1/metin2_map_oxevent/000000/shadowmap.dds	1
season1/season1/monster/ch_general/skipia_general_attack.gr2	season1/monster/ch_general/skipia_general_attack.gr2	1
season1/season1/effect/pc/assassin/effect/seomgwang_blow_2.mse	season1/effect/pc/assassin/effect/seomgwang_blow_2.mse	1
season1/season1/metin2_map_sungzi_flame_hill_02/000003/water.wtr	season1/metin2_map_sungzi_flame_hill_02/000003/water.wtr	1
season1/season1/effect/pc/shaman/effect/shamandust.jpg	season1/effect/pc/shaman/effect/shamandust.jpg	1
season1/season1/metin2_map_sungzi_milgyo/001001/tile.raw	season1/metin2_map_sungzi_milgyo/001001/tile.raw	1
season1/season1/effect/pc/assassin/effect/seomgwang_blow_3.mse	season1/effect/pc/assassin/effect/seomgwang_blow_3.mse	1
season1/season1/icon/item/50708.tga	season1/icon/item/50708.tga	1
season1/season1/metin2_map_siege_01/001000/water.wtr	season1/metin2_map_siege_01/001000/water.wtr	1
season1/season1/metin2_map_shinsutest_01/002000/minimap.dds	season1/metin2_map_shinsutest_01/002000/minimap.dds	1
season1/season1/effect/pc/sura/effect/redburn_1 copy.jpg	season1/effect/pc/sura/effect/redburn_1 copy.jpg	1
season1/season1/metin2_map_skipia_dungeon_02/000001/areadata.txt	season1/metin2_map_skipia_dungeon_02/000001/areadata.txt	1
season1/season1/metin2_map_spiderdungeon_02/002003/water.wtr	season1/metin2_map_spiderdungeon_02/002003/water.wtr	1
season1/season1/metin2_map_sungzi_snow_pass03/000001/areadata.txt	season1/metin2_map_sungzi_snow_pass03/000001/areadata.txt	1
season1/season1/effect/pc/sura/effect/chiu.jpg	season1/effect/pc/sura/effect/chiu.jpg	1
season1/season1/effect/pc/assassin/effect/seomgwang_hand.mse	season1/effect/pc/assassin/effect/seomgwang_hand.mse	1
season1/season1/metin2_map_skipia_dungeon_01/003005/water.wtr	season1/metin2_map_skipia_dungeon_01/003005/water.wtr	1
season1/season1/effect/pc/assassin/effect/seomgwang_hand_2.mse	season1/effect/pc/assassin/effect/seomgwang_hand_2.mse	1
season1/season1/metin2_map_sungzi_desert_hill_02/000003/areaambiencedata.txt	season1/metin2_map_sungzi_desert_hill_02/000003/areaambiencedata.txt	1
season1/season1/metin2_map_shinsutest_01/setting.txt	season1/metin2_map_shinsutest_01/setting.txt	1
season1/season1/effect/pc/sura/effect/heukma.tga	season1/effect/pc/sura/effect/heukma.tga	1
season1/season1/effect/pc/assassin/effect/seomgwang_hand_3.mse	season1/effect/pc/assassin/effect/seomgwang_hand_3.mse	1
season1/season1/effect/pc/sura/effect/zigzag.jpg	season1/effect/pc/sura/effect/zigzag.jpg	1
season1/season1/effect/pc/assassin/effect/seomgwang_hand_4.mse	season1/effect/pc/assassin/effect/seomgwang_hand_4.mse	1
season1/season1/icon/item/50801.tga	season1/icon/item/50801.tga	1
season1/season1/metin2_map_empirewar_a01/000000/shadowmap.raw	season1/metin2_map_empirewar_a01/000000/shadowmap.raw	1
season1/season1/metin2_map_sungzi_snow_pass03/001000/height.raw	season1/metin2_map_sungzi_snow_pass03/001000/height.raw	1
season1/season1/metin2_map_sungzi_desert_hill_01/001000/areaproperty.txt	season1/metin2_map_sungzi_desert_hill_01/001000/areaproperty.txt	1
season1/season1/effect/pc/assassin/effect/w_am_ring.jpg	season1/effect/pc/assassin/effect/w_am_ring.jpg	1
season1/season1/metin2_map_sungzi_desert_01/000000/water.wtr	season1/metin2_map_sungzi_desert_01/000000/water.wtr	1
season1/season1/effect/pc/assassin/effect/wind.jpg	season1/effect/pc/assassin/effect/wind.jpg	1
season1/season1/icon/item/30227.tga	season1/icon/item/30227.tga	1
season1/season1/effect/pc/assassin/skill/amseup_3.msa	season1/effect/pc/assassin/skill/amseup_3.msa	1
season1/season1/metin2_map_sungzi_flame_hill_01/001002/areaproperty.txt	season1/metin2_map_sungzi_flame_hill_01/001002/areaproperty.txt	1
season1/season1/effect/pc/sura/effect/yelsunjablue.jpg	season1/effect/pc/sura/effect/yelsunjablue.jpg	1
season1/season1/metin2_map_sungzi_snow_pass02/000003/water.wtr	season1/metin2_map_sungzi_snow_pass02/000003/water.wtr	1
season1/season1/metin2_map_skipia_dungeon_01/005001/areaambiencedata.txt	season1/metin2_map_skipia_dungeon_01/005001/areaambiencedata.txt	1
season1/season1/effect/pc/warrior/effect/b_stars_mall.jpg	season1/effect/pc/warrior/effect/b_stars_mall.jpg	1
season1/season1/metin2_map_sungzi_milgyo/000000/minimap.dds	season1/metin2_map_sungzi_milgyo/000000/minimap.dds	1
season1/season1/effect/pc/assassin/skill/amseup_4.msa	season1/effect/pc/assassin/skill/amseup_4.msa	1
season1/season1/effect/pc/shaman/skill/paeryong_3.msa	season1/effect/pc/shaman/skill/paeryong_3.msa	1
season1/season1/metin2_map_spiderdungeon_02/002002/height.raw	season1/metin2_map_spiderdungeon_02/002002/height.raw	1
season1/season1/metin2_map_spiderdungeon_02/001001/areaambiencedata.txt	season1/metin2_map_spiderdungeon_02/001001/areaambiencedata.txt	1
season1/season1/effect/pc/sura/effect/splitlife_akkan_combat4.jpg	season1/effect/pc/sura/effect/splitlife_akkan_combat4.jpg	1
season1/season1/metin2_map_skipia_dungeon_01/004004/areadata.txt	season1/metin2_map_skipia_dungeon_01/004004/areadata.txt	1
season1/season1/monster/ch_general/skipia_general_standup.msa	season1/monster/ch_general/skipia_general_standup.msa	1
season1/season1/effect/pc/warrior/effect/gyeokgongjang_round.jpg	season1/effect/pc/warrior/effect/gyeokgongjang_round.jpg	1
season1/season1/effect/pc/assassin/skill/charyun_3.msa	season1/effect/pc/assassin/skill/charyun_3.msa	1
season1/season1/effect/pc/assassin/skill/charyun_4.msa	season1/effect/pc/assassin/skill/charyun_4.msa	1
season1/season1/metin2_map_empirewar_a01/001000/shadowmap.raw	season1/metin2_map_empirewar_a01/001000/shadowmap.raw	1
season1/season1/metin2_map_sungzi_desert_hill_01/001000/shadowmap.dds	season1/metin2_map_sungzi_desert_hill_01/001000/shadowmap.dds	1
season1/season1/metin2_map_sungzi_desert_hill_02/000000/shadowmap.raw	season1/metin2_map_sungzi_desert_hill_02/000000/shadowmap.raw	1
season1/season1/metin2_map_skipia_dungeon_02/001000/attr.atr	season1/metin2_map_skipia_dungeon_02/001000/attr.atr	1
season1/season1/metin2_map_sungzi_milgyo/001002/areadata.txt	season1/metin2_map_sungzi_milgyo/001002/areadata.txt	1
season1/season1/metin2_map_sungzi_snow_pass02/000001/attr.atr	season1/metin2_map_sungzi_snow_pass02/000001/attr.atr	1
season1/season1/metin2_map_sungzi_desert_hill_01/000000/height.raw	season1/metin2_map_sungzi_desert_hill_01/000000/height.raw	1
season1/season1/icon/item/30145.tga	season1/icon/item/30145.tga	1
season1/season1/metin2_map_empirewar_a01/001001/areaambiencedata.txt	season1/metin2_map_empirewar_a01/001001/areaambiencedata.txt	1
season1/season1/icon/weapon/sura/11705.tga	season1/icon/weapon/sura/11705.tga	1
season1/season1/metin2_map_siege_03/001002/height.raw	season1/metin2_map_siege_03/001002/height.raw	1
season1/season1/effect/pc/assassin/skill/cheonryong.msa	season1/effect/pc/assassin/skill/cheonryong.msa	1
season1/season1/metin2_map_sungzi_snow_pass02/000002/areaambiencedata.txt	season1/metin2_map_sungzi_snow_pass02/000002/areaambiencedata.txt	1
season1/season1/npc/cheonjo_guard_bow/30.msa	season1/npc/cheonjo_guard_bow/30.msa	1
season1/season1/icon/item/30301.tga	season1/icon/item/30301.tga	1
season1/season1/effect/pc/sura/effect/dust copy.tga	season1/effect/pc/sura/effect/dust copy.tga	1
season1/season1/monster/ch_bowman/ring_rainbow_line.jpg	season1/monster/ch_bowman/ring_rainbow_line.jpg	1
season1/season1/effect/pc/assassin/skill/cheonryong_2.msa	season1/effect/pc/assassin/skill/cheonryong_2.msa	1
season1/season1/metin2_map_skipia_dungeon_01/002000/attr.atr	season1/metin2_map_skipia_dungeon_01/002000/attr.atr	1
season1/season1/effect/pc/assassin/skill/seomgwang_2.msa	season1/effect/pc/assassin/skill/seomgwang_2.msa	1
season1/season1/icon/weapon/assassin/11500.tga	season1/icon/weapon/assassin/11500.tga	1
season1/season1/effect/pc/assassin/skill/cheonryong_3.msa	season1/effect/pc/assassin/skill/cheonryong_3.msa	1
season1/season1/effect/pc/assassin/skill/cheonryong_4.msa	season1/effect/pc/assassin/skill/cheonryong_4.msa	1
season1/season1/metin2_map_skipia_dungeon_01/003004/areadata.txt	season1/metin2_map_skipia_dungeon_01/003004/areadata.txt	1
season1/season1/effect/pc/sura/effect/gatein.tga	season1/effect/pc/sura/effect/gatein.tga	1
season1/season1/metin2_map_sungzi_flame_hill_03/000000/shadowmap.raw	season1/metin2_map_sungzi_flame_hill_03/000000/shadowmap.raw	1
season1/season1/metin2_map_skipia_dungeon_01/mapproperty.txt	season1/metin2_map_skipia_dungeon_01/mapproperty.txt	1
season1/season1/effect/pc/warrior/skill/tanhwan_3.msa	season1/effect/pc/warrior/skill/tanhwan_3.msa	1
season1/season1/effect/pc/assassin/skill/gungsin_4.msa	season1/effect/pc/assassin/skill/gungsin_4.msa	1
season1/season1/metin2_map_sungzi_milgyo_pass_01/001002/minimap.dds	season1/metin2_map_sungzi_milgyo_pass_01/001002/minimap.dds	1
season1/season1/metin2_map_shinsutest_01/002001/height.raw	season1/metin2_map_shinsutest_01/002001/height.raw	1
season1/season1/monster/ch_magician/0001.tga	season1/monster/ch_magician/0001.tga	1
season1/season1/effect/pc/shaman/effect/noejeon_light copy.jpg	season1/effect/pc/shaman/effect/noejeon_light copy.jpg	1
season1/season1/metin2_map_ew02/003003/areadata.txt	season1/metin2_map_ew02/003003/areadata.txt	1
season1/season1/metin2_map_sungzi_desert_01/000001/shadowmap.dds	season1/metin2_map_sungzi_desert_01/000001/shadowmap.dds	1
season1/season1/effect/pc/common/effect/ourora.mse	season1/effect/pc/common/effect/ourora.mse	1
season1/season1/effect/pc/warrior/effect/detail_lens.jpg	season1/effect/pc/warrior/effect/detail_lens.jpg	1
season1/season1/effect/pc/shaman/effect/2-star.jpg	season1/effect/pc/shaman/effect/2-star.jpg	1
season1/season1/npc/chagirap/chagirap.msm	season1/npc/chagirap/chagirap.msm	1
season1/season1/metin2_map_empirewar_a01/000001/shadowmap.dds	season1/metin2_map_empirewar_a01/000001/shadowmap.dds	1
season1/season1/metin2_map_oxevent/001001/areadata.txt	season1/metin2_map_oxevent/001001/areadata.txt	1
season1/season1/effect/pc/shaman/effect/8 copy.jpg	season1/effect/pc/shaman/effect/8 copy.jpg	1
season1/season1/metin2_map_sungzi_snow/002000/attr.atr	season1/metin2_map_sungzi_snow/002000/attr.atr	1
season1/season1/metin2_map_skipia_dungeon_02/000001/water.wtr	season1/metin2_map_skipia_dungeon_02/000001/water.wtr	1
season1/season1/effect/pc/shaman/effect/ararar.jpg	season1/effect/pc/shaman/effect/ararar.jpg	1
season1/season1/effect/pc/shaman/effect/base_light copy.jpg	season1/effect/pc/shaman/effect/base_light copy.jpg	1
season1/season1/metin2_map_skipia_dungeon_01/004000/areaproperty.txt	season1/metin2_map_skipia_dungeon_01/004000/areaproperty.txt	1
season1/season1/effect/pc/sura/effect/pa_beop_sul copy.tga	season1/effect/pc/sura/effect/pa_beop_sul copy.tga	1
season1/season1/effect/pc/shaman/effect/bipa copy.jpg	season1/effect/pc/shaman/effect/bipa copy.jpg	1
season1/season1/metin2_map_siege_01/001002/tile.raw	season1/metin2_map_siege_01/001002/tile.raw	1
season1/season1/metin2_map_sungzi/001000/minimap.dds	season1/metin2_map_sungzi/001000/minimap.dds	1
season1/season1/metin2_map_spiderdungeon_02/000001/areaambiencedata.txt	season1/metin2_map_spiderdungeon_02/000001/areaambiencedata.txt	1
season1/season1/metin2_map_shinsutest_01/002000/areadata.txt	season1/metin2_map_shinsutest_01/002000/areadata.txt	1
season1/season1/pc/sura/sura_4-1.gr2	season1/pc/sura/sura_4-1.gr2	1
season1/season1/effect/pc/warrior/effect/rotation of halfsplash copy.jpg	season1/effect/pc/warrior/effect/rotation of halfsplash copy.jpg	1
season1/season1/effect/pc/sura/effect/lens_violet.jpg	season1/effect/pc/sura/effect/lens_violet.jpg	1
season1/season1/effect/pc/shaman/effect/biparound.jpg	season1/effect/pc/shaman/effect/biparound.jpg	1
season1/season1/metin2_map_siege_02/000001/areaproperty.txt	season1/metin2_map_siege_02/000001/areaproperty.txt	1
season1/season1/metin2_map_sungzi_desert_hill_03/000000/minimap.dds	season1/metin2_map_sungzi_desert_hill_03/000000/minimap.dds	1
season1/season1/metin2_map_shinsutest_01/000000/tile.raw	season1/metin2_map_shinsutest_01/000000/tile.raw	1
season1/season1/effect/pc/shaman/effect/bottom.jpg	season1/effect/pc/shaman/effect/bottom.jpg	1
season1/season1/metin2_map_sungzi_snow_pass03/000003/areaproperty.txt	season1/metin2_map_sungzi_snow_pass03/000003/areaproperty.txt	1
season1/season1/metin2_map_siege_02/001001/height.raw	season1/metin2_map_siege_02/001001/height.raw	1
season1/season1/metin2_map_sungzi_milgyo_pass_03/000003/height.raw	season1/metin2_map_sungzi_milgyo_pass_03/000003/height.raw	1
season1/season1/effect/pc/shaman/effect/bottom_under.jpg	season1/effect/pc/shaman/effect/bottom_under.jpg	1
season1/season1/effect/pc/shaman/effect/budong_frazilbattom.jpg	season1/effect/pc/shaman/effect/budong_frazilbattom.jpg	1
season1/season1/effect/pc/shaman/effect/byeon.jpg	season1/effect/pc/shaman/effect/byeon.jpg	1
season1/season1/effect/pc/sura/effect/gwi_geom_spark copy.jpg	season1/effect/pc/sura/effect/gwi_geom_spark copy.jpg	1
season1/season1/metin2_map_sungzi_snow/001002/areaambiencedata.txt	season1/metin2_map_sungzi_snow/001002/areaambiencedata.txt	1
season1/season1/metin2_map_siege_03/000001/water.wtr	season1/metin2_map_siege_03/000001/water.wtr	1
season1/season1/metin2_map_shinsutest_01/002002/minimap.dds	season1/metin2_map_shinsutest_01/002002/minimap.dds	1
season1/season1/metin2_map_skipia_dungeon_02/003000/tile.raw	season1/metin2_map_skipia_dungeon_02/003000/tile.raw	1
season1/season1/effect/pc/sura/effect/fire copy.jpg	season1/effect/pc/sura/effect/fire copy.jpg	1
season1/season1/metin2_map_skipia_dungeon_02/002001/areaproperty.txt	season1/metin2_map_skipia_dungeon_02/002001/areaproperty.txt	1
season1/season1/effect/pc/shaman/effect/su copy.jpg	season1/effect/pc/shaman/effect/su copy.jpg	1
season1/season1/metin2_map_skipia_dungeon_02/000004/areaproperty.txt	season1/metin2_map_skipia_dungeon_02/000004/areaproperty.txt	1
season1/season1/effect/pc/shaman/effect/byeorak_3.mse	season1/effect/pc/shaman/effect/byeorak_3.mse	1
season1/season1/icon/item/11973.tga	season1/icon/item/11973.tga	1
season1/season1/effect/pc/warrior/effect/gihyeol.mse	season1/effect/pc/warrior/effect/gihyeol.mse	1
season1/season1/metin2_map_oxevent/000000/areaproperty.txt	season1/metin2_map_oxevent/000000/areaproperty.txt	1
season1/season1/metin2_map_sungzi_snow/000002/attr.atr	season1/metin2_map_sungzi_snow/000002/attr.atr	1
season1/season1/metin2_map_sungzi_desert_hill_03/000000/areaproperty.txt	season1/metin2_map_sungzi_desert_hill_03/000000/areaproperty.txt	1
season1/season1/effect/pc/shaman/effect/hwarin_2.jpg	season1/effect/pc/shaman/effect/hwarin_2.jpg	1
season1/season1/pc/warrior/warrior_jaho_a.dds	season1/pc/warrior/warrior_jaho_a.dds	1
season1/season1/metin2_map_skipia_dungeon_02/000004/attr.atr	season1/metin2_map_skipia_dungeon_02/000004/attr.atr	1
season1/season1/metin2_map_sungzi_milgyo_pass_03/000000/tile.raw	season1/metin2_map_sungzi_milgyo_pass_03/000000/tile.raw	1
season1/season1/metin2_map_skipia_dungeon_01/003000/shadowmap.raw	season1/metin2_map_skipia_dungeon_01/003000/shadowmap.raw	1
season1/season1/metin2_map_sungzi_snow/000001/areadata.txt	season1/metin2_map_sungzi_snow/000001/areadata.txt	1
season1/season1/metin2_map_siege_02/000001/areaambiencedata.txt	season1/metin2_map_siege_02/000001/areaambiencedata.txt	1
season1/season1/effect/pc/shaman/effect/byeorak_4.mse	season1/effect/pc/shaman/effect/byeorak_4.mse	1
season1/season1/metin2_map_sungzi_milgyo_pass_03/000003/shadowmap.raw	season1/metin2_map_sungzi_milgyo_pass_03/000003/shadowmap.raw	1
season1/season1/metin2_map_shinsutest_01/002000/height.raw	season1/metin2_map_shinsutest_01/002000/height.raw	1
season1/season1/metin2_map_ew02/000002/areadata.txt	season1/metin2_map_ew02/000002/areadata.txt	1
season1/season1/effect/pc/shaman/effect/cell.jpg	season1/effect/pc/shaman/effect/cell.jpg	1
season1/season1/effect/pc/shaman/effect/cheon.jpg	season1/effect/pc/shaman/effect/cheon.jpg	1
season1/season1/metin2_map_sungzi_milgyo_pass_03/001002/areaproperty.txt	season1/metin2_map_sungzi_milgyo_pass_03/001002/areaproperty.txt	1
season1/season1/metin2_map_sungzi_milgyo_pass_03/000000/attr.atr	season1/metin2_map_sungzi_milgyo_pass_03/000000/attr.atr	1
season1/season1/metin2_map_sungzi_milgyo/002002/areadata.txt	season1/metin2_map_sungzi_milgyo/002002/areadata.txt	1
season1/season1/effect/pc/sura/effect/hwayeom_4.mse	season1/effect/pc/sura/effect/hwayeom_4.mse	1
season1/season1/effect/pc/sura/effect/monster_hand copy.jpg	season1/effect/pc/sura/effect/monster_hand copy.jpg	1
season1/season1/monster/skeleton_god_e/20.msa	season1/monster/skeleton_god_e/20.msa	1
season1/season1/metin2_map_skipia_dungeon_02/004000/water.wtr	season1/metin2_map_skipia_dungeon_02/004000/water.wtr	1
season1/season1/effect/pc/shaman/effect/cheonyongokcheondust.jpg	season1/effect/pc/shaman/effect/cheonyongokcheondust.jpg	1
season1/season1/effect/pc/shaman/effect/chip.jpg	season1/effect/pc/shaman/effect/chip.jpg	1
season1/season1/metin2_map_spiderdungeon_02/001003/areadata.txt	season1/metin2_map_spiderdungeon_02/001003/areadata.txt	1
season1/season1/metin2_map_siege_02/001000/areadata.txt	season1/metin2_map_siege_02/001000/areadata.txt	1
season1/season1/metin2_map_spiderdungeon_02/001000/water.wtr	season1/metin2_map_spiderdungeon_02/001000/water.wtr	1
season1/season1/effect/pc/shaman/effect/halfsplash copy.jpg	season1/effect/pc/shaman/effect/halfsplash copy.jpg	1
season1/season1/metin2_map_ew02/001001/tile.raw	season1/metin2_map_ew02/001001/tile.raw	1
season1/season1/metin2_map_skipia_dungeon_02/005003/height.raw	season1/metin2_map_skipia_dungeon_02/005003/height.raw	1
season1/season1/metin2_map_sungzi_milgyo_pass_03/000001/height.raw	season1/metin2_map_sungzi_milgyo_pass_03/000001/height.raw	1
season1/season1/metin2_map_sungzi_desert_hill_03/000001/height.raw	season1/metin2_map_sungzi_desert_hill_03/000001/height.raw	1
season1/season1/effect/pc/shaman/effect/chip_big copy.jpg	season1/effect/pc/shaman/effect/chip_big copy.jpg	1
season1/season1/effect/pc/shaman/effect/dhead.jpg	season1/effect/pc/shaman/effect/dhead.jpg	1
season1/season1/effect/pc/shaman/effect/dragonamor.jpg	season1/effect/pc/shaman/effect/dragonamor.jpg	1
season1/season1/metin2_map_sungzi_flame_hill_01/001000/areadata.txt	season1/metin2_map_sungzi_flame_hill_01/001000/areadata.txt	1
season1/season1/metin2_map_ew02/000002/water.wtr	season1/metin2_map_ew02/000002/water.wtr	1
season1/season1/metin2_map_skipia_dungeon_02/003001/attr.atr	season1/metin2_map_skipia_dungeon_02/003001/attr.atr	1
season1/season1/metin2_map_empirewar_a01/000000/shadowmap.dds	season1/metin2_map_empirewar_a01/000000/shadowmap.dds	1
season1/season1/effect/pc/shaman/effect/empty_boho.jpg	season1/effect/pc/shaman/effect/empty_boho.jpg	1
season1/season1/metin2_map_sungzi_flame_hill_03/000001/shadowmap.dds	season1/metin2_map_sungzi_flame_hill_03/000001/shadowmap.dds	1
season1/season1/metin2_map_skipia_dungeon_01/000004/shadowmap.raw	season1/metin2_map_skipia_dungeon_01/000004/shadowmap.raw	1
season1/season1/effect/pc/shaman/effect/empty_eye_round copy.jpg	season1/effect/pc/shaman/effect/empty_eye_round copy.jpg	1
season1/season1/metin2_map_sungzi_flame_hill_01/000003/water.wtr	season1/metin2_map_sungzi_flame_hill_01/000003/water.wtr	1
season1/season1/effect/pc/shaman/effect/empty_round.jpg	season1/effect/pc/shaman/effect/empty_round.jpg	1
season1/season1/npc/cheonjo_guard_spear/00.msa	season1/npc/cheonjo_guard_spear/00.msa	1
season1/season1/effect/pc/shaman/effect/gatein.jpg	season1/effect/pc/shaman/effect/gatein.jpg	1
season1/season1/metin2_map_sungzi_flame_hill_02/001002/minimap.dds	season1/metin2_map_sungzi_flame_hill_02/001002/minimap.dds	1
season1/season1/effect/pc/shaman/effect/go copy.jpg	season1/effect/pc/shaman/effect/go copy.jpg	1
season1/season1/metin2_map_sungzi_desert_01/000002/attr.atr	season1/metin2_map_sungzi_desert_01/000002/attr.atr	1
season1/season1/metin2_map_sungzi_desert_01/003001/height.raw	season1/metin2_map_sungzi_desert_01/003001/height.raw	1
season1/season1/metin2_map_oxevent/000000/height.raw	season1/metin2_map_oxevent/000000/height.raw	1
season1/season1/icon/item/30218.tga	season1/icon/item/30218.tga	1
season1/season1/metin2_map_siege_03/002001/shadowmap.dds	season1/metin2_map_siege_03/002001/shadowmap.dds	1
season1/season1/metin2_map_siege_03/002000/areadata.txt	season1/metin2_map_siege_03/002000/areadata.txt	1
season1/season1/icon/item/50813.tga	season1/icon/item/50813.tga	1
season1/season1/icon/item/50710.tga	season1/icon/item/50710.tga	1
season1/season1/icon/item/30168.tga	season1/icon/item/30168.tga	1
season1/season1/metin2_map_sungzi_flame_hill_02/000002/shadowmap.dds	season1/metin2_map_sungzi_flame_hill_02/000002/shadowmap.dds	1
season1/season1/metin2_map_shinsutest_01/000002/minimap.dds	season1/metin2_map_shinsutest_01/000002/minimap.dds	1
season1/season1/effect/pc/shaman/effect/ryeok.jpg	season1/effect/pc/shaman/effect/ryeok.jpg	1
season1/season1/effect/pc/shaman/effect/go_fragment_3.jpg	season1/effect/pc/shaman/effect/go_fragment_3.jpg	1
season1/season1/effect/pc/shaman/effect/haeng.jpg	season1/effect/pc/shaman/effect/haeng.jpg	1
season1/season1/effect/pc/warrior/skill/daejin_4.msa	season1/effect/pc/warrior/skill/daejin_4.msa	1
season1/season1/metin2_map_sungzi/001001/tile.raw	season1/metin2_map_sungzi/001001/tile.raw	1
season1/season1/effect/pc/sura/skill/hwayeom_3.msa	season1/effect/pc/sura/skill/hwayeom_3.msa	1
season1/season1/metin2_map_empirewar_a01/setting.txt	season1/metin2_map_empirewar_a01/setting.txt	1
season1/season1/metin2_map_skipia_dungeon_02/004004/minimap.dds	season1/metin2_map_skipia_dungeon_02/004004/minimap.dds	1
season1/season1/metin2_map_siege_01/000002/minimap.dds	season1/metin2_map_siege_01/000002/minimap.dds	1
season1/season1/effect/pc/shaman/effect/half_ring_rainbow_line.jpg	season1/effect/pc/shaman/effect/half_ring_rainbow_line.jpg	1
season1/season1/metin2_map_ew02/001002/areaproperty.txt	season1/metin2_map_ew02/001002/areaproperty.txt	1
season1/season1/effect/pc/shaman/effect/helix copy.jpg	season1/effect/pc/shaman/effect/helix copy.jpg	1
season1/season1/metin2_map_siege_03/002000/attr.atr	season1/metin2_map_siege_03/002000/attr.atr	1
season1/season1/metin2_map_siege_02/000001/water.wtr	season1/metin2_map_siege_02/000001/water.wtr	1
season1/season1/effect/pc/shaman/effect/ho copy.jpg	season1/effect/pc/shaman/effect/ho copy.jpg	1
season1/season1/metin2_map_wl_01/000001/height.raw	season1/metin2_map_wl_01/000001/height.raw	1
season1/season1/metin2_map_oxevent/000001/height.raw	season1/metin2_map_oxevent/000001/height.raw	1
season1/season1/effect/pc/sura/effect/cheonpajiryelwind.jpg	season1/effect/pc/sura/effect/cheonpajiryelwind.jpg	1
season1/season1/metin2_map_sungzi_flame_hill_01/000002/areaambiencedata.txt	season1/metin2_map_sungzi_flame_hill_01/000002/areaambiencedata.txt	1
season1/season1/effect/pc/shaman/effect/spread copy.jpg	season1/effect/pc/shaman/effect/spread copy.jpg	1
season1/season1/effect/pc/shaman/effect/jigam.jpg	season1/effect/pc/shaman/effect/jigam.jpg	1
season1/season1/metin2_map_skipia_dungeon_01/000004/tile.raw	season1/metin2_map_skipia_dungeon_01/000004/tile.raw	1
season1/season1/metin2_map_shinsutest_01/002001/water.wtr	season1/metin2_map_shinsutest_01/002001/water.wtr	1
season1/season1/metin2_map_oxevent/001001/water.wtr	season1/metin2_map_oxevent/001001/water.wtr	1
season1/season1/metin2_map_spiderdungeon_02/001001/minimap.dds	season1/metin2_map_spiderdungeon_02/001001/minimap.dds	1
season1/season1/effect/pc/shaman/effect/jigam_ring.jpg	season1/effect/pc/shaman/effect/jigam_ring.jpg	1
season1/season1/icon/item/30224.tga	season1/icon/item/30224.tga	1
season1/season1/icon/weapon/sura/11707.tga	season1/icon/weapon/sura/11707.tga	1
season1/season1/metin2_map_sungzi_desert_01/003002/shadowmap.dds	season1/metin2_map_sungzi_desert_01/003002/shadowmap.dds	1
season1/season1/metin2_map_sungzi_milgyo/000002/shadowmap.dds	season1/metin2_map_sungzi_milgyo/000002/shadowmap.dds	1
season1/season1/npc/cheonjo_guard_spear/20_1.msa	season1/npc/cheonjo_guard_spear/20_1.msa	1
season1/season1/effect/pc/shaman/effect/shamanburn.jpg	season1/effect/pc/shaman/effect/shamanburn.jpg	1
season1/season1/metin2_map_sungzi_desert_hill_03/000002/attr.atr	season1/metin2_map_sungzi_desert_hill_03/000002/attr.atr	1
season1/season1/metin2_map_skipia_dungeon_02/000004/height.raw	season1/metin2_map_skipia_dungeon_02/000004/height.raw	1
season1/season1/effect/pc/sura/effect/geomhwan_twirl.jpg	season1/effect/pc/sura/effect/geomhwan_twirl.jpg	1
season1/season1/metin2_map_nusluck01/001000/shadowmap.raw	season1/metin2_map_nusluck01/001000/shadowmap.raw	1
season1/season1/npc/handaup/walk.gr2	season1/npc/handaup/walk.gr2	1
season1/season1/effect/pc/shaman/effect/kwaesok.jpg	season1/effect/pc/shaman/effect/kwaesok.jpg	1
season1/season1/metin2_map_sungzi/001000/tile.raw	season1/metin2_map_sungzi/001000/tile.raw	1
season1/season1/metin2_map_wl_01/002002/minimap.dds	season1/metin2_map_wl_01/002002/minimap.dds	1
season1/season1/metin2_map_skipia_dungeon_02/003003/areadata.txt	season1/metin2_map_skipia_dungeon_02/003003/areadata.txt	1
season1/season1/effect/pc/shaman/effect/line_ring_copy.jpg	season1/effect/pc/shaman/effect/line_ring_copy.jpg	1
season1/season1/effect/pc/shaman/effect/ls1_1 copy.jpg	season1/effect/pc/shaman/effect/ls1_1 copy.jpg	1
season1/season1/metin2_map_sungzi_flame_hill_02/000002/attr.atr	season1/metin2_map_sungzi_flame_hill_02/000002/attr.atr	1
season1/season1/effect/pc/shaman/effect/noe_splitlife.jpg	season1/effect/pc/shaman/effect/noe_splitlife.jpg	1
season1/season1/effect/pc/shaman/effect/outhalfcircle.jpg	season1/effect/pc/shaman/effect/outhalfcircle.jpg	1
season1/season1/effect/pc/warrior/effect/palbang_spin_round.jpg	season1/effect/pc/warrior/effect/palbang_spin_round.jpg	1
season1/season1/effect/pc/shaman/effect/noe_w_ring.jpg	season1/effect/pc/shaman/effect/noe_w_ring.jpg	1
season1/season1/icon/item/30219.tga	season1/icon/item/30219.tga	1
season1/season1/metin2_map_ew02/002000/height.raw	season1/metin2_map_ew02/002000/height.raw	1
season1/season1/effect/pc/shaman/effect/noise.jpg	season1/effect/pc/shaman/effect/noise.jpg	1
season1/season1/monster/ch_magician/skipia_magician_attack1.msa	season1/monster/ch_magician/skipia_magician_attack1.msa	1
season1/season1/metin2_map_skipia_dungeon_02/000001/height.raw	season1/metin2_map_skipia_dungeon_02/000001/height.raw	1
season1/season1/metin2_map_shinsutest_01/000000/areaambiencedata.txt	season1/metin2_map_shinsutest_01/000000/areaambiencedata.txt	1
season1/season1/metin2_map_wl_01/000000/areaambiencedata.txt	season1/metin2_map_wl_01/000000/areaambiencedata.txt	1
season1/season1/effect/pc/warrior/effect/pabujeondoredwhirl.jpg	season1/effect/pc/warrior/effect/pabujeondoredwhirl.jpg	1
season1/season1/metin2_map_sungzi_flame_hill_01/000001/areaproperty.txt	season1/metin2_map_sungzi_flame_hill_01/000001/areaproperty.txt	1
season1/season1/effect/pc/shaman/effect/nwaejeonryeong copy.jpg	season1/effect/pc/shaman/effect/nwaejeonryeong copy.jpg	1
season1/season1/metin2_map_spiderdungeon_02/002001/water.wtr	season1/metin2_map_spiderdungeon_02/002001/water.wtr	1
season1/season1/metin2_map_sungzi_desert_hill_03/000000/shadowmap.dds	season1/metin2_map_sungzi_desert_hill_03/000000/shadowmap.dds	1
season1/season1/metin2_map_sungzi_milgyo/002001/areaproperty.txt	season1/metin2_map_sungzi_milgyo/002001/areaproperty.txt	1
season1/season1/metin2_map_sungzi_snow_pass01/000000/minimap.dds	season1/metin2_map_sungzi_snow_pass01/000000/minimap.dds	1
season1/season1/metin2_map_sungzi_milgyo_pass_02/001000/height.raw	season1/metin2_map_sungzi_milgyo_pass_02/001000/height.raw	1
season1/season1/effect/pc/warrior/skill/noegeom.msa	season1/effect/pc/warrior/skill/noegeom.msa	1
season1/season1/metin2_map_skipia_dungeon_02/003000/shadowmap.raw	season1/metin2_map_skipia_dungeon_02/003000/shadowmap.raw	1
season1/season1/effect/pc/shaman/effect/ochaeunseofrred.jpg	season1/effect/pc/shaman/effect/ochaeunseofrred.jpg	1
season1/season1/effect/pc/shaman/effect/paeryong_3.mse	season1/effect/pc/shaman/effect/paeryong_3.mse	1
season1/season1/metin2_map_wl_01/001001/minimap.dds	season1/metin2_map_wl_01/001001/minimap.dds	1
season1/season1/metin2_map_oxevent/001000/shadowmap.dds	season1/metin2_map_oxevent/001000/shadowmap.dds	1
season1/season1/effect/pc/sura/effect/blast_akkan_4.jpg	season1/effect/pc/sura/effect/blast_akkan_4.jpg	1
season1/season1/metin2_map_sungzi_desert_hill_03/000000/height.raw	season1/metin2_map_sungzi_desert_hill_03/000000/height.raw	1
season1/season1/metin2_map_skipia_dungeon_02/001003/tile.raw	season1/metin2_map_skipia_dungeon_02/001003/tile.raw	1
season1/season1/metin2_map_nusluck01/000000/shadowmap.raw	season1/metin2_map_nusluck01/000000/shadowmap.raw	1
season1/season1/metin2_map_sungzi_snow_pass02/000000/tile.raw	season1/metin2_map_sungzi_snow_pass02/000000/tile.raw	1
season1/season1/effect/pc/shaman/effect/rotation of rsotation of 3.jpg	season1/effect/pc/shaman/effect/rotation of rsotation of 3.jpg	1
season1/season1/metin2_map_sungzi_desert_01/003001/areaproperty.txt	season1/metin2_map_sungzi_desert_01/003001/areaproperty.txt	1
season1/season1/metin2_map_ew02/003002/attr.atr	season1/metin2_map_ew02/003002/attr.atr	1
season1/season1/metin2_map_skipia_dungeon_01/004000/areadata.txt	season1/metin2_map_skipia_dungeon_01/004000/areadata.txt	1
season1/season1/effect/pc/warrior/effect/noegeomdorae_loop_4.mse	season1/effect/pc/warrior/effect/noegeomdorae_loop_4.mse	1
season1/season1/metin2_map_wl_01/001002/areadata.txt	season1/metin2_map_wl_01/001002/areadata.txt	1
season1/season1/metin2_map_skipia_dungeon_02/003005/water.wtr	season1/metin2_map_skipia_dungeon_02/003005/water.wtr	1
season1/season1/metin2_map_siege_01/000002/shadowmap.raw	season1/metin2_map_siege_01/000002/shadowmap.raw	1
season1/season1/metin2_map_sungzi_flame_hill_01/000003/attr.atr	season1/metin2_map_sungzi_flame_hill_01/000003/attr.atr	1
season1/season1/monster/ch_officer/skipia_officer_front_damage.gr2	season1/monster/ch_officer/skipia_officer_front_damage.gr2	1
season1/season1/metin2_map_nusluck01/000000/attr.atr	season1/metin2_map_nusluck01/000000/attr.atr	1
season1/season1/effect/pc/shaman/effect/roundpattern.jpg	season1/effect/pc/shaman/effect/roundpattern.jpg	1
season1/season1/metin2_map_ew02/003003/attr.atr	season1/metin2_map_ew02/003003/attr.atr	1
season1/season1/metin2_map_empirewar_a01/001001/tile.raw	season1/metin2_map_empirewar_a01/001001/tile.raw	1
season1/season1/metin2_map_sungzi_desert_hill_02/001002/minimap.dds	season1/metin2_map_sungzi_desert_hill_02/001002/minimap.dds	1
season1/season1/metin2_map_skipia_dungeon_02/skipia_dungeon.msenv	season1/metin2_map_skipia_dungeon_02/skipia_dungeon.msenv	1
season1/season1/metin2_map_sungzi_desert_01/001000/areaproperty.txt	season1/metin2_map_sungzi_desert_01/001000/areaproperty.txt	1
season1/season1/metin2_map_siege_03/000002/height.raw	season1/metin2_map_siege_03/000002/height.raw	1
season1/season1/metin2_map_wl_01/000003/areaambiencedata.txt	season1/metin2_map_wl_01/000003/areaambiencedata.txt	1
season1/season1/effect/pc/shaman/effect/roundpattern_1 copy.jpg	season1/effect/pc/shaman/effect/roundpattern_1 copy.jpg	1
season1/season1/effect/pc/warrior/effect/noegeomdorae_loop_3.mse	season1/effect/pc/warrior/effect/noegeomdorae_loop_3.mse	1
season1/season1/metin2_map_spiderdungeon_02/001002/areaproperty.txt	season1/metin2_map_spiderdungeon_02/001002/areaproperty.txt	1
season1/season1/metin2_map_skipia_dungeon_02/001000/water.wtr	season1/metin2_map_skipia_dungeon_02/001000/water.wtr	1
season1/season1/effect/pc/sura/effect/go_fragment_3.jpg	season1/effect/pc/sura/effect/go_fragment_3.jpg	1
season1/season1/metin2_map_ew02/002001/attr.atr	season1/metin2_map_ew02/002001/attr.atr	1
season1/season1/effect/pc/shaman/effect/sa_za_hu_inter_pasthit6.jpg	season1/effect/pc/shaman/effect/sa_za_hu_inter_pasthit6.jpg	1
season1/season1/metin2_map_skipia_dungeon_01/001001/attr.atr	season1/metin2_map_skipia_dungeon_01/001001/attr.atr	1
season1/season1/metin2_map_sungzi_desert_hill_03/001002/water.wtr	season1/metin2_map_sungzi_desert_hill_03/001002/water.wtr	1
season1/season1/metin2_map_sungzi_snow_pass02/001003/areadata.txt	season1/metin2_map_sungzi_snow_pass02/001003/areadata.txt	1
season1/season1/effect/pc/shaman/effect/shin.jpg	season1/effect/pc/shaman/effect/shin.jpg	1
season1/season1/metin2_map_nusluck01/000000/minimap.dds	season1/metin2_map_nusluck01/000000/minimap.dds	1
season1/season1/effect/pc/shaman/effect/smoke.jpg	season1/effect/pc/shaman/effect/smoke.jpg	1
season1/season1/metin2_map_nusluck01/001001/shadowmap.dds	season1/metin2_map_nusluck01/001001/shadowmap.dds	1
season1/season1/npc/sinseon/sinseonstand00.gr2	season1/npc/sinseon/sinseonstand00.gr2	1
season1/season1/icon/item/30220.tga	season1/icon/item/30220.tga	1
season1/season1/metin2_map_skipia_dungeon_02/005002/areaambiencedata.txt	season1/metin2_map_skipia_dungeon_02/005002/areaambiencedata.txt	1
season1/season1/effect/pc/shaman/effect/splitlife_akkan_combat4.jpg	season1/effect/pc/shaman/effect/splitlife_akkan_combat4.jpg	1
season1/season1/metin2_map_shinsutest_01/000002/shadowmap.raw	season1/metin2_map_shinsutest_01/000002/shadowmap.raw	1
season1/season1/metin2_map_skipia_dungeon_01/000003/tile.raw	season1/metin2_map_skipia_dungeon_01/000003/tile.raw	1
season1/season1/metin2_map_ew02/003000/areadata.txt	season1/metin2_map_ew02/003000/areadata.txt	1
season1/season1/effect/pc/sura/effect/fragment copy.jpg	season1/effect/pc/sura/effect/fragment copy.jpg	1
season1/season1/metin2_map_spiderdungeon_02/003000/areadata.txt	season1/metin2_map_spiderdungeon_02/003000/areadata.txt	1
season1/season1/effect/pc/warrior/effect/gyeokgong_triple_loop_1.jpg	season1/effect/pc/warrior/effect/gyeokgong_triple_loop_1.jpg	1
season1/season1/metin2_map_siege_03/001000/height.raw	season1/metin2_map_siege_03/001000/height.raw	1
season1/season1/effect/pc/warrior/effect/levelupenuri4 copy_red.jpg	season1/effect/pc/warrior/effect/levelupenuri4 copy_red.jpg	1
season1/season1/metin2_map_nusluck01/000001/height.raw	season1/metin2_map_nusluck01/000001/height.raw	1
season1/season1/metin2_map_spiderdungeon_02/003001/height.raw	season1/metin2_map_spiderdungeon_02/003001/height.raw	1
season1/season1/monster/ch_footman/skipia_footman_back_dead.msa	season1/monster/ch_footman/skipia_footman_back_dead.msa	1
season1/season1/effect/pc/shaman/effect/twirl copy.jpg	season1/effect/pc/shaman/effect/twirl copy.jpg	1
season1/season1/metin2_map_skipia_dungeon_01/004004/areaambiencedata.txt	season1/metin2_map_skipia_dungeon_01/004004/areaambiencedata.txt	1
season1/season1/metin2_map_sungzi_desert_01/003001/attr.atr	season1/metin2_map_sungzi_desert_01/003001/attr.atr	1
season1/season1/metin2_map_wl_01/001000/areadata.txt	season1/metin2_map_wl_01/001000/areadata.txt	1
season1/season1/metin2_map_siege_01/001002/attr.atr	season1/metin2_map_siege_01/001002/attr.atr	1
season1/season1/effect/pc/shaman/effect/twirl.jpg	season1/effect/pc/shaman/effect/twirl.jpg	1
season1/season1/metin2_map_ew02/000002/areaproperty.txt	season1/metin2_map_ew02/000002/areaproperty.txt	1
season1/season1/npc/jinno_guard_bow/31.msa	season1/npc/jinno_guard_bow/31.msa	1
season1/season1/metin2_map_sungzi_milgyo_pass_03/001001/areaproperty.txt	season1/metin2_map_sungzi_milgyo_pass_03/001001/areaproperty.txt	1
season1/season1/pc/shaman/shaman_2-2_seocheon_a.dds	season1/pc/shaman/shaman_2-2_seocheon_a.dds	1
season1/season1/metin2_map_oxevent/setting.txt	season1/metin2_map_oxevent/setting.txt	1
season1/season1/metin2_map_skipia_dungeon_02/001005/water.wtr	season1/metin2_map_skipia_dungeon_02/001005/water.wtr	1
season1/season1/metin2_map_skipia_dungeon_01/005004/areadata.txt	season1/metin2_map_skipia_dungeon_01/005004/areadata.txt	1
season1/season1/metin2_map_ew02/000000/height.raw	season1/metin2_map_ew02/000000/height.raw	1
season1/season1/effect/pc/shaman/effect/twirl_line.jpg	season1/effect/pc/shaman/effect/twirl_line.jpg	1
season1/season1/icon/item/50109.tga	season1/icon/item/50109.tga	1
season1/season1/effect/pc/shaman/effect/twirl_white.jpg	season1/effect/pc/shaman/effect/twirl_white.jpg	1
season1/season1/metin2_map_spiderdungeon_02/000002/areadata.txt	season1/metin2_map_spiderdungeon_02/000002/areadata.txt	1
season1/season1/icon/item/30211.tga	season1/icon/item/30211.tga	1
season1/season1/metin2_map_skipia_dungeon_01/003003/shadowmap.dds	season1/metin2_map_skipia_dungeon_01/003003/shadowmap.dds	1
season1/season1/metin2_map_wl_01/001000/areaproperty.txt	season1/metin2_map_wl_01/001000/areaproperty.txt	1
season1/season1/metin2_map_skipia_dungeon_01/005001/minimap.dds	season1/metin2_map_skipia_dungeon_01/005001/minimap.dds	1
season1/season1/effect/pc/shaman/effect/w_ring.jpg	season1/effect/pc/shaman/effect/w_ring.jpg	1
season1/season1/metin2_map_skipia_dungeon_02/005002/areadata.txt	season1/metin2_map_skipia_dungeon_02/005002/areadata.txt	1
season1/season1/effect/pc/warrior/effect/17_5.jpg	season1/effect/pc/warrior/effect/17_5.jpg	1
season1/season1/metin2_map_sungzi_desert_hill_03/000003/tile.raw	season1/metin2_map_sungzi_desert_hill_03/000003/tile.raw	1
season1/season1/metin2_map_skipia_dungeon_01/001003/minimap.dds	season1/metin2_map_skipia_dungeon_01/001003/minimap.dds	1
season1/season1/metin2_map_sungzi_snow/001002/attr.atr	season1/metin2_map_sungzi_snow/001002/attr.atr	1
season1/season1/metin2_map_empirewar_a01/001000/areaproperty.txt	season1/metin2_map_empirewar_a01/001000/areaproperty.txt	1
season1/season1/effect/pc/sura/effect/firecopy.jpg	season1/effect/pc/sura/effect/firecopy.jpg	1
season1/season1/effect/pc/shaman/effect/w_star.jpg	season1/effect/pc/shaman/effect/w_star.jpg	1
season1/season1/metin2_map_siege_01/000002/shadowmap.dds	season1/metin2_map_siege_01/000002/shadowmap.dds	1
season1/season1/effect/pc/shaman/effect/white_sphere.jpg	season1/effect/pc/shaman/effect/white_sphere.jpg	1
season1/season1/metin2_map_sungzi_snow_pass03/001000/shadowmap.raw	season1/metin2_map_sungzi_snow_pass03/001000/shadowmap.raw	1
season1/season1/metin2_map_skipia_dungeon_02/004000/tile.raw	season1/metin2_map_skipia_dungeon_02/004000/tile.raw	1
season1/season1/effect/pc/shaman/effect/whitehole_sphere.jpg	season1/effect/pc/shaman/effect/whitehole_sphere.jpg	1
season1/season1/metin2_map_spiderdungeon_02/000000/water.wtr	season1/metin2_map_spiderdungeon_02/000000/water.wtr	1
season1/season1/effect/pc/warrior/effect/kwaegeom.jpg	season1/effect/pc/warrior/effect/kwaegeom.jpg	1
season1/season1/metin2_map_skipia_dungeon_02/003002/minimap.dds	season1/metin2_map_skipia_dungeon_02/003002/minimap.dds	1
season1/season1/metin2_map_ew02/001002/areadata.txt	season1/metin2_map_ew02/001002/areadata.txt	1
season1/season1/metin2_map_empirewar_a01/mapproperty.txt	season1/metin2_map_empirewar_a01/mapproperty.txt	1
season1/season1/effect/pc/shaman/effect/wind.jpg	season1/effect/pc/shaman/effect/wind.jpg	1
season1/season1/metin2_map_ew02/001001/height.raw	season1/metin2_map_ew02/001001/height.raw	1
season1/season1/effect/pc/sura/effect/2.jpg	season1/effect/pc/sura/effect/2.jpg	1
season1/season1/metin2_map_skipia_dungeon_02/001001/shadowmap.raw	season1/metin2_map_skipia_dungeon_02/001001/shadowmap.raw	1
season1/season1/metin2_map_siege_03/000002/areadata.txt	season1/metin2_map_siege_03/000002/areadata.txt	1
season1/season1/effect/pc/shaman/effect/wind_1.jpg	season1/effect/pc/shaman/effect/wind_1.jpg	1
season1/season1/npc/visamun/visamun_lod_01_backup.gr2	season1/npc/visamun/visamun_lod_01_backup.gr2	1
season1/season1/effect/pc/sura/effect/yong_gwon_pa.tga	season1/effect/pc/sura/effect/yong_gwon_pa.tga	1
season1/season1/metin2_map_skipia_dungeon_01/004002/areadata.txt	season1/metin2_map_skipia_dungeon_01/004002/areadata.txt	1
season1/season1/effect/pc/shaman/effect/won.jpg	season1/effect/pc/shaman/effect/won.jpg	1
season1/season1/metin2_map_wl_01/003002/shadowmap.dds	season1/metin2_map_wl_01/003002/shadowmap.dds	1
season1/season1/effect/pc/shaman/effect/yeongi.jpg	season1/effect/pc/shaman/effect/yeongi.jpg	1
season1/season1/metin2_map_skipia_dungeon_01/002005/areaambiencedata.txt	season1/metin2_map_skipia_dungeon_01/002005/areaambiencedata.txt	1
season1/season1/metin2_map_wl_01/002003/minimap.dds	season1/metin2_map_wl_01/002003/minimap.dds	1
season1/season1/metin2_map_skipia_dungeon_01/001001/minimap.dds	season1/metin2_map_skipia_dungeon_01/001001/minimap.dds	1
season1/season1/icon/weapon/shaman/12000.tga	season1/icon/weapon/shaman/12000.tga	1
season1/season1/metin2_map_skipia_dungeon_02/004003/height.raw	season1/metin2_map_skipia_dungeon_02/004003/height.raw	1
season1/season1/effect/pc/sura/effect/v_st.jpg	season1/effect/pc/sura/effect/v_st.jpg	1
season1/season1/metin2_map_sungzi_snow_pass01/setting.txt	season1/metin2_map_sungzi_snow_pass01/setting.txt	1
season1/season1/metin2_map_sungzi_snow_pass03/001000/tile.raw	season1/metin2_map_sungzi_snow_pass03/001000/tile.raw	1
season1/season1/metin2_map_sungzi_milgyo_pass_01/000002/areadata.txt	season1/metin2_map_sungzi_milgyo_pass_01/000002/areadata.txt	1
season1/season1/effect/pc/shaman/effect/yongpa_3_head.mse	season1/effect/pc/shaman/effect/yongpa_3_head.mse	1
season1/season1/metin2_map_sungzi_snow_pass02/001003/areaproperty.txt	season1/metin2_map_sungzi_snow_pass02/001003/areaproperty.txt	1
season1/season1/icon/item/50061.tga	season1/icon/item/50061.tga	1
season1/season1/metin2_map_skipia_dungeon_02/001002/areaproperty.txt	season1/metin2_map_skipia_dungeon_02/001002/areaproperty.txt	1
season1/season1/effect/pc/shaman/effect/yongpa_3_yong.mse	season1/effect/pc/shaman/effect/yongpa_3_yong.mse	1
season1/season1/effect/pc/warrior/skill/noegeom_4.msa	season1/effect/pc/warrior/skill/noegeom_4.msa	1
season1/season1/effect/pc/shaman/effect/yongpa_4.mse	season1/effect/pc/shaman/effect/yongpa_4.mse	1
season1/season1/monster/fox_ninetail_e/32.msa	season1/monster/fox_ninetail_e/32.msa	1
season1/season1/effect/pc/shaman/effect/yongpa_4_head.mse	season1/effect/pc/shaman/effect/yongpa_4_head.mse	1
season1/season1/effect/pc/warrior/effect/fire copy.jpg	season1/effect/pc/warrior/effect/fire copy.jpg	1
season1/season1/metin2_map_oxevent/000000/minimap.dds	season1/metin2_map_oxevent/000000/minimap.dds	1
season1/season1/metin2_map_sungzi_milgyo/002000/minimap.dds	season1/metin2_map_sungzi_milgyo/002000/minimap.dds	1
season1/season1/effect/pc/shaman/effect/yongpa_4_yong.mse	season1/effect/pc/shaman/effect/yongpa_4_yong.mse	1
season1/season1/effect/pc/warrior/effect/upline.jpg	season1/effect/pc/warrior/effect/upline.jpg	1
season1/season1/effect/pc/shaman/effect/yongsin.jpg	season1/effect/pc/shaman/effect/yongsin.jpg	1
season1/season1/metin2_map_spiderdungeon_02/000003/areaambiencedata.txt	season1/metin2_map_spiderdungeon_02/000003/areaambiencedata.txt	1
season1/season1/effect/pc/warrior/effect/pal_flash_of_lighting copy.jpg	season1/effect/pc/warrior/effect/pal_flash_of_lighting copy.jpg	1
season1/season1/effect/pc/shaman/skill/byeorak_3.msa	season1/effect/pc/shaman/skill/byeorak_3.msa	1
season1/season1/metin2_map_skipia_dungeon_01/004003/minimap.dds	season1/metin2_map_skipia_dungeon_01/004003/minimap.dds	1
season1/season1/metin2_map_skipia_dungeon_01/003002/minimap.dds	season1/metin2_map_skipia_dungeon_01/003002/minimap.dds	1
season1/season1/monster/fox_ninetail_e/25.msa	season1/monster/fox_ninetail_e/25.msa	1
season1/season1/metin2_map_sungzi_flame_hill_01/001001/height.raw	season1/metin2_map_sungzi_flame_hill_01/001001/height.raw	1
season1/season1/effect/pc/shaman/skill/paeryong_4.msa	season1/effect/pc/shaman/skill/paeryong_4.msa	1
season1/season1/effect/pc/shaman/skill/yongpa_3.msa	season1/effect/pc/shaman/skill/yongpa_3.msa	1
season1/season1/effect/pc/shaman/skill/yongpa_4.msa	season1/effect/pc/shaman/skill/yongpa_4.msa	1
season1/season1/effect/pc/sura/effect/14.jpg	season1/effect/pc/sura/effect/14.jpg	1
season1/season1/metin2_map_oxevent/000001/water.wtr	season1/metin2_map_oxevent/000001/water.wtr	1
season1/season1/metin2_map_skipia_dungeon_02/005003/shadowmap.raw	season1/metin2_map_skipia_dungeon_02/005003/shadowmap.raw	1
season1/season1/effect/pc/sura/effect/16-bottom.jpg	season1/effect/pc/sura/effect/16-bottom.jpg	1
season1/season1/metin2_map_sungzi_snow_pass03/000002/height.raw	season1/metin2_map_sungzi_snow_pass03/000002/height.raw	1
season1/season1/metin2_map_nusluck01/001000/minimap.dds	season1/metin2_map_nusluck01/001000/minimap.dds	1
season1/season1/icon/scroll_close.tga	season1/icon/scroll_close.tga	1
season1/season1/effect/pc/sura/effect/2-star.jpg	season1/effect/pc/sura/effect/2-star.jpg	1
season1/season1/metin2_map_sungzi_snow_pass03/000001/areaambiencedata.txt	season1/metin2_map_sungzi_snow_pass03/000001/areaambiencedata.txt	1
season1/season1/effect/pc/warrior/effect/musa_loop.jpg	season1/effect/pc/warrior/effect/musa_loop.jpg	1
season1/season1/metin2_map_sungzi_desert_01/003002/height.raw	season1/metin2_map_sungzi_desert_01/003002/height.raw	1
season1/season1/effect/pc/warrior/effect/men.tga	season1/effect/pc/warrior/effect/men.tga	1
season1/season1/metin2_map_sungzi_desert_hill_01/001002/tile.raw	season1/metin2_map_sungzi_desert_hill_01/001002/tile.raw	1
season1/season1/metin2_map_skipia_dungeon_01/000005/areaproperty.txt	season1/metin2_map_skipia_dungeon_01/000005/areaproperty.txt	1
season1/season1/effect/pc/sura/effect/2-starsmall.jpg	season1/effect/pc/sura/effect/2-starsmall.jpg	1
season1/season1/npc/backchon/backchon.gr2	season1/npc/backchon/backchon.gr2	1
season1/season1/metin2_map_nusluck01/000001/attr.atr	season1/metin2_map_nusluck01/000001/attr.atr	1
season1/season1/metin2_map_sungzi_flame_hill_03/001002/shadowmap.dds	season1/metin2_map_sungzi_flame_hill_03/001002/shadowmap.dds	1
season1/season1/effect/pc/warrior/skill/tanhwan_2.msa	season1/effect/pc/warrior/skill/tanhwan_2.msa	1
season1/season1/metin2_map_siege_01/000001/height.raw	season1/metin2_map_siege_01/000001/height.raw	1
season1/season1/effect/pc/sura/effect/black_ball copy.tga	season1/effect/pc/sura/effect/black_ball copy.tga	1
season1/season1/metin2_map_nusluck01/000000/tile.raw	season1/metin2_map_nusluck01/000000/tile.raw	1
season1/season1/npc/sinseon/sinseon.msm	season1/npc/sinseon/sinseon.msm	1
season1/season1/metin2_map_skipia_dungeon_01/004004/shadowmap.dds	season1/metin2_map_skipia_dungeon_01/004004/shadowmap.dds	1
season1/season1/metin2_map_sungzi_flame_hill_02/001002/areaambiencedata.txt	season1/metin2_map_sungzi_flame_hill_02/001002/areaambiencedata.txt	1
season1/season1/metin2_map_sungzi_snow_pass02/001000/minimap.dds	season1/metin2_map_sungzi_snow_pass02/001000/minimap.dds	1
season1/season1/effect/pc/sura/effect/black_energy copy.tga	season1/effect/pc/sura/effect/black_energy copy.tga	1
season1/season1/metin2_map_spiderdungeon_02/000001/attr.atr	season1/metin2_map_spiderdungeon_02/000001/attr.atr	1
season1/season1/metin2_map_siege_01/001002/areaambiencedata.txt	season1/metin2_map_siege_01/001002/areaambiencedata.txt	1
season1/season1/effect/pc/sura/effect/black_mine_edge.tga	season1/effect/pc/sura/effect/black_mine_edge.tga	1
season1/season1/icon/item/50113.tga	season1/icon/item/50113.tga	1
season1/season1/metin2_map_skipia_dungeon_02/005000/height.raw	season1/metin2_map_skipia_dungeon_02/005000/height.raw	1
season1/season1/metin2_map_skipia_dungeon_02/003005/height.raw	season1/metin2_map_skipia_dungeon_02/003005/height.raw	1
season1/season1/effect/pc/sura/effect/blueburn copy.jpg	season1/effect/pc/sura/effect/blueburn copy.jpg	1
season1/season1/npc/cheonjo_guard_bow/35.msa	season1/npc/cheonjo_guard_bow/35.msa	1
season1/season1/effect/pc/warrior/skill/geomgyeong_4.msa	season1/effect/pc/warrior/skill/geomgyeong_4.msa	1
season1/season1/metin2_map_sungzi_milgyo_pass_03/000002/height.raw	season1/metin2_map_sungzi_milgyo_pass_03/000002/height.raw	1
season1/season1/metin2_map_skipia_dungeon_01/004001/attr.atr	season1/metin2_map_skipia_dungeon_01/004001/attr.atr	1
season1/season1/metin2_map_sungzi_snow_pass01/001002/areaambiencedata.txt	season1/metin2_map_sungzi_snow_pass01/001002/areaambiencedata.txt	1
season1/season1/metin2_map_ew02/001003/tile.raw	season1/metin2_map_ew02/001003/tile.raw	1
season1/season1/effect/pc/sura/effect/blueburnbw.jpg	season1/effect/pc/sura/effect/blueburnbw.jpg	1
season1/season1/effect/pc/sura/effect/bottom_under.jpg	season1/effect/pc/sura/effect/bottom_under.jpg	1
season1/season1/effect/pc/sura/effect/cheonpajiryelmagen.jpg	season1/effect/pc/sura/effect/cheonpajiryelmagen.jpg	1
season1/season1/icon/item/30136.tga	season1/icon/item/30136.tga	1
season1/season1/metin2_map_skipia_dungeon_02/000005/attr.atr	season1/metin2_map_skipia_dungeon_02/000005/attr.atr	1
season1/season1/npc/moonstone/shape.msm	season1/npc/moonstone/shape.msm	1
season1/season1/effect/pc/sura/effect/doughnut.jpg	season1/effect/pc/sura/effect/doughnut.jpg	1
season1/season1/effect/pc/sura/effect/e copy.jpg	season1/effect/pc/sura/effect/e copy.jpg	1
season1/season1/metin2_map_shinsutest_01/001001/tile.raw	season1/metin2_map_shinsutest_01/001001/tile.raw	1
season1/season1/metin2_map_sungzi_milgyo_pass_01/001001/water.wtr	season1/metin2_map_sungzi_milgyo_pass_01/001001/water.wtr	1
season1/season1/metin2_map_skipia_dungeon_02/004001/tile.raw	season1/metin2_map_skipia_dungeon_02/004001/tile.raw	1
season1/season1/metin2_map_skipia_dungeon_02/001000/areaproperty.txt	season1/metin2_map_skipia_dungeon_02/001000/areaproperty.txt	1
season1/season1/effect/pc/sura/effect/elect_1.jpg	season1/effect/pc/sura/effect/elect_1.jpg	1
season1/season1/metin2_map_siege_01/002000/tile.raw	season1/metin2_map_siege_01/002000/tile.raw	1
season1/season1/effect/pc/sura/effect/f1.jpg	season1/effect/pc/sura/effect/f1.jpg	1
season1/season1/metin2_map_skipia_dungeon_01/001000/areaambiencedata.txt	season1/metin2_map_skipia_dungeon_01/001000/areaambiencedata.txt	1
season1/season1/metin2_map_sungzi_milgyo_pass_02/000002/areaproperty.txt	season1/metin2_map_sungzi_milgyo_pass_02/000002/areaproperty.txt	1
season1/season1/metin2_map_siege_01/001002/areaproperty.txt	season1/metin2_map_siege_01/001002/areaproperty.txt	1
season1/season1/effect/pc/sura/effect/fear.jpg	season1/effect/pc/sura/effect/fear.jpg	1
season1/season1/effect/pc/sura/effect/f3.jpg	season1/effect/pc/sura/effect/f3.jpg	1
season1/season1/icon/weapon/assassin/11504.tga	season1/icon/weapon/assassin/11504.tga	1
season1/season1/metin2_map_empirewar_a01/000001/areadata.txt	season1/metin2_map_empirewar_a01/000001/areadata.txt	1
season1/season1/metin2_map_skipia_dungeon_01/000004/areaambiencedata.txt	season1/metin2_map_skipia_dungeon_01/000004/areaambiencedata.txt	1
season1/season1/metin2_map_sungzi_snow_pass01/000001/areaambiencedata.txt	season1/metin2_map_sungzi_snow_pass01/000001/areaambiencedata.txt	1
season1/season1/effect/pc/sura/effect/feared.jpg	season1/effect/pc/sura/effect/feared.jpg	1
season1/season1/effect/pc/sura/effect/fireburn copy.jpg	season1/effect/pc/sura/effect/fireburn copy.jpg	1
season1/season1/metin2_map_shinsutest_01/002002/shadowmap.dds	season1/metin2_map_shinsutest_01/002002/shadowmap.dds	1
season1/season1/metin2_map_sungzi_flame_hill_02/000001/shadowmap.dds	season1/metin2_map_sungzi_flame_hill_02/000001/shadowmap.dds	1
season1/season1/metin2_map_sungzi_snow/001002/areadata.txt	season1/metin2_map_sungzi_snow/001002/areadata.txt	1
season1/season1/npc/visal/stand00.msa	season1/npc/visal/stand00.msa	1
season1/season1/effect/pc/sura/effect/gatein.jpg	season1/effect/pc/sura/effect/gatein.jpg	1
season1/season1/icon/item/50706.tga	season1/icon/item/50706.tga	1
season1/season1/effect/pc/sura/effect/gwangsinjugeomred.jpg	season1/effect/pc/sura/effect/gwangsinjugeomred.jpg	1
season1/season1/metin2_map_siege_02/000002/height.raw	season1/metin2_map_siege_02/000002/height.raw	1
season1/season1/effect/pc/warrior/effect/halfsplash copy.jpg	season1/effect/pc/warrior/effect/halfsplash copy.jpg	1
season1/season1/effect/pc/sura/effect/gwi_geom_bright copy.jpg	season1/effect/pc/sura/effect/gwi_geom_bright copy.jpg	1
season1/season1/metin2_map_skipia_dungeon_01/003005/shadowmap.dds	season1/metin2_map_skipia_dungeon_01/003005/shadowmap.dds	1
season1/season1/effect/pc/sura/effect/gwi_geom_first_spark copy.jpg	season1/effect/pc/sura/effect/gwi_geom_first_spark copy.jpg	1
season1/season1/icon/item/50904.tga	season1/icon/item/50904.tga	1
season1/season1/metin2_map_skipia_dungeon_02/002000/areaambiencedata.txt	season1/metin2_map_skipia_dungeon_02/002000/areaambiencedata.txt	1
season1/season1/metin2_map_sungzi_flame_hill_02/001003/tile.raw	season1/metin2_map_sungzi_flame_hill_02/001003/tile.raw	1
season1/season1/metin2_map_skipia_dungeon_01/000003/attr.atr	season1/metin2_map_skipia_dungeon_01/000003/attr.atr	1
season1/season1/metin2_map_siege_03/000000/areadata.txt	season1/metin2_map_siege_03/000000/areadata.txt	1
season1/season1/effect/pc/sura/effect/gwi_geom_model.jpg	season1/effect/pc/sura/effect/gwi_geom_model.jpg	1
season1/season1/metin2_map_sungzi_snow_pass02/001003/minimap.dds	season1/metin2_map_sungzi_snow_pass02/001003/minimap.dds	1
season1/season1/effect/pc/sura/effect/gwigeom_sword copy.jpg	season1/effect/pc/sura/effect/gwigeom_sword copy.jpg	1
season1/season1/metin2_map_sungzi_desert_01/003002/shadowmap.raw	season1/metin2_map_sungzi_desert_01/003002/shadowmap.raw	1
season1/season1/metin2_map_siege_01/000000/shadowmap.raw	season1/metin2_map_siege_01/000000/shadowmap.raw	1
season1/season1/metin2_map_sungzi_desert_01/002002/shadowmap.dds	season1/metin2_map_sungzi_desert_01/002002/shadowmap.dds	1
season1/season1/effect/pc/sura/effect/half_ring_rainbow_line.jpg	season1/effect/pc/sura/effect/half_ring_rainbow_line.jpg	1
season1/season1/metin2_map_sungzi_snow/002001/shadowmap.raw	season1/metin2_map_sungzi_snow/002001/shadowmap.raw	1
season1/season1/metin2_map_siege_01/000002/areaproperty.txt	season1/metin2_map_siege_01/000002/areaproperty.txt	1
season1/season1/metin2_map_sungzi_desert_hill_02/001000/areaambiencedata.txt	season1/metin2_map_sungzi_desert_hill_02/001000/areaambiencedata.txt	1
season1/season1/metin2_map_siege_01/001001/tile.raw	season1/metin2_map_siege_01/001001/tile.raw	1
season1/season1/metin2_map_spider_bossdungeon/000000/water.wtr	season1/metin2_map_spider_bossdungeon/000000/water.wtr	1
season1/season1/effect/pc/sura/effect/hwayeom_3.mse	season1/effect/pc/sura/effect/hwayeom_3.mse	1
season1/season1/metin2_map_sungzi_flame_hill_03/000001/attr.atr	season1/metin2_map_sungzi_flame_hill_03/000001/attr.atr	1
season1/season1/metin2_map_skipia_dungeon_02/003001/areaambiencedata.txt	season1/metin2_map_skipia_dungeon_02/003001/areaambiencedata.txt	1
season1/season1/effect/pc/sura/effect/jangpung.jpg	season1/effect/pc/sura/effect/jangpung.jpg	1
season1/season1/effect/pc/warrior/effect/inter_pasthit6.jpg	season1/effect/pc/warrior/effect/inter_pasthit6.jpg	1
season1/season1/metin2_map_sungzi_snow_pass01/000002/attr.atr	season1/metin2_map_sungzi_snow_pass01/000002/attr.atr	1
season1/season1/metin2_map_siege_01/002000/shadowmap.raw	season1/metin2_map_siege_01/002000/shadowmap.raw	1
season1/season1/metin2_map_sungzi_desert_hill_01/001001/areadata.txt	season1/metin2_map_sungzi_desert_hill_01/001001/areadata.txt	1
season1/season1/icon/item/30216.tga	season1/icon/item/30216.tga	1
season1/season1/effect/pc/sura/effect/jo_hon_heup_jeung.jpg	season1/effect/pc/sura/effect/jo_hon_heup_jeung.jpg	1
season1/season1/metin2_map_spiderdungeon_02/001001/shadowmap.raw	season1/metin2_map_spiderdungeon_02/001001/shadowmap.raw	1
season1/season1/effect/pc/sura/effect/jumagap_in.tga	season1/effect/pc/sura/effect/jumagap_in.tga	1
season1/season1/metin2_map_sungzi_flame_hill_03/mapproperty.txt	season1/metin2_map_sungzi_flame_hill_03/mapproperty.txt	1
season1/season1/effect/pc/warrior/effect/gyouk_gong_jang_bottom copy.jpg	season1/effect/pc/warrior/effect/gyouk_gong_jang_bottom copy.jpg	1
season1/season1/metin2_map_nusluck01/001000/water.wtr	season1/metin2_map_nusluck01/001000/water.wtr	1
season1/season1/metin2_map_spiderdungeon_02/000003/shadowmap.raw	season1/metin2_map_spiderdungeon_02/000003/shadowmap.raw	1
season1/season1/metin2_map_empirewar_a01/000000/height.raw	season1/metin2_map_empirewar_a01/000000/height.raw	1
season1/season1/effect/pc/sura/effect/jumagap_loop.tga	season1/effect/pc/sura/effect/jumagap_loop.tga	1
season1/season1/metin2_map_skipia_dungeon_01/003005/areadata.txt	season1/metin2_map_skipia_dungeon_01/003005/areadata.txt	1
season1/season1/metin2_map_skipia_dungeon_01/002003/shadowmap.dds	season1/metin2_map_skipia_dungeon_01/002003/shadowmap.dds	1
season1/season1/metin2_map_ew02/001001/areadata.txt	season1/metin2_map_ew02/001001/areadata.txt	1
season1/season1/effect/pc/sura/effect/jumagap_spark.tga	season1/effect/pc/sura/effect/jumagap_spark.tga	1
season1/season1/metin2_map_sungzi_desert_hill_01/000001/areaproperty.txt	season1/metin2_map_sungzi_desert_hill_01/000001/areaproperty.txt	1
season1/season1/metin2_map_skipia_dungeon_02/003003/shadowmap.raw	season1/metin2_map_skipia_dungeon_02/003003/shadowmap.raw	1
season1/season1/monster/ch_bowman/skipia_bowman01.dds	season1/monster/ch_bowman/skipia_bowman01.dds	1
season1/season1/effect/pc/sura/effect/lens_orange.jpg	season1/effect/pc/sura/effect/lens_orange.jpg	1
season1/season1/metin2_map_ew02/002002/areaambiencedata.txt	season1/metin2_map_ew02/002002/areaambiencedata.txt	1
season1/season1/metin2_map_spiderdungeon_02/000002/areaproperty.txt	season1/metin2_map_spiderdungeon_02/000002/areaproperty.txt	1
season1/season1/icon/item/30141.tga	season1/icon/item/30141.tga	1
season1/season1/metin2_map_wl_01/001000/height.raw	season1/metin2_map_wl_01/001000/height.raw	1
season1/season1/metin2_map_skipia_dungeon_02/005004/areadata.txt	season1/metin2_map_skipia_dungeon_02/005004/areadata.txt	1
season1/season1/effect/pc/sura/effect/ls1_1 copy.jpg	season1/effect/pc/sura/effect/ls1_1 copy.jpg	1
season1/season1/metin2_map_ew02/001003/height.raw	season1/metin2_map_ew02/001003/height.raw	1
season1/season1/metin2_map_sungzi_milgyo/002001/areadata.txt	season1/metin2_map_sungzi_milgyo/002001/areadata.txt	1
season1/season1/effect/pc/sura/effect/yonggwonpa_3.mse	season1/effect/pc/sura/effect/yonggwonpa_3.mse	1
season1/season1/metin2_map_siege_01/001001/areadata.txt	season1/metin2_map_siege_01/001001/areadata.txt	1
season1/season1/monster/skeleton_king_e/motlist.txt	season1/monster/skeleton_king_e/motlist.txt	1
season1/season1/npc/cheonjo_guard_spear/31.msa	season1/npc/cheonjo_guard_spear/31.msa	1
season1/season1/effect/pc/sura/effect/men.jpg	season1/effect/pc/sura/effect/men.jpg	1
season1/season1/metin2_map_ew02/000003/tile.raw	season1/metin2_map_ew02/000003/tile.raw	1
season1/season1/metin2_map_siege_02/setting.txt	season1/metin2_map_siege_02/setting.txt	1
season1/season1/monster/giant_desert_turtle_e/30.msa	season1/monster/giant_desert_turtle_e/30.msa	1
season1/season1/icon/item/30215.tga	season1/icon/item/30215.tga	1
season1/season1/icon/item/30155.tga	season1/icon/item/30155.tga	1
season1/season1/effect/pc/warrior/skill/noegeom_2.msa	season1/effect/pc/warrior/skill/noegeom_2.msa	1
season1/season1/metin2_map_wl_01/003000/height.raw	season1/metin2_map_wl_01/003000/height.raw	1
season1/season1/metin2_map_siege_03/001001/height.raw	season1/metin2_map_siege_03/001001/height.raw	1
season1/season1/metin2_map_sungzi_snow/001000/water.wtr	season1/metin2_map_sungzi_snow/001000/water.wtr	1
season1/season1/effect/pc/sura/effect/men.tga	season1/effect/pc/sura/effect/men.tga	1
season1/season1/metin2_map_sungzi_desert_hill_02/001000/height.raw	season1/metin2_map_sungzi_desert_hill_02/001000/height.raw	1
season1/season1/metin2_map_spiderdungeon_02/000001/shadowmap.raw	season1/metin2_map_spiderdungeon_02/000001/shadowmap.raw	1
season1/season1/metin2_map_sungzi_flame_hill_01/000000/shadowmap.raw	season1/metin2_map_sungzi_flame_hill_01/000000/shadowmap.raw	1
season1/season1/metin2_map_skipia_dungeon_01/003005/shadowmap.raw	season1/metin2_map_skipia_dungeon_01/003005/shadowmap.raw	1
season1/season1/monster/milgyo_founder_e/24.msa	season1/monster/milgyo_founder_e/24.msa	1
season1/season1/effect/pc/sura/effect/mine_edge copy.jpg	season1/effect/pc/sura/effect/mine_edge copy.jpg	1
season1/season1/metin2_map_skipia_dungeon_01/005005/tile.raw	season1/metin2_map_skipia_dungeon_01/005005/tile.raw	1
season1/season1/monster/spider_queen_e/24.msa	season1/monster/spider_queen_e/24.msa	1
season1/season1/effect/pc/sura/effect/muyeong_landmine copy.tga	season1/effect/pc/sura/effect/muyeong_landmine copy.tga	1
season1/season1/effect/pc/sura/effect/newdaejin.jpg	season1/effect/pc/sura/effect/newdaejin.jpg	1
season1/season1/metin2_map_empirewar_a01/001000/tile.raw	season1/metin2_map_empirewar_a01/001000/tile.raw	1
season1/season1/effect/pc/sura/effect/noe_splitlife.jpg	season1/effect/pc/sura/effect/noe_splitlife.jpg	1
season1/season1/icon/item/30147.tga	season1/icon/item/30147.tga	1
season1/season1/effect/pc/sura/effect/o_sphere.jpg	season1/effect/pc/sura/effect/o_sphere.jpg	1
season1/season1/metin2_map_sungzi_flame_hill_01/001003/height.raw	season1/metin2_map_sungzi_flame_hill_01/001003/height.raw	1
season1/season1/effect/pc/sura/effect/o_st.jpg	season1/effect/pc/sura/effect/o_st.jpg	1
season1/season1/metin2_map_siege_01/000001/water.wtr	season1/metin2_map_siege_01/000001/water.wtr	1
season1/season1/metin2_map_skipia_dungeon_01/000001/minimap.dds	season1/metin2_map_skipia_dungeon_01/000001/minimap.dds	1
season1/season1/effect/pc/sura/effect/outhalfcircle.jpg	season1/effect/pc/sura/effect/outhalfcircle.jpg	1
season1/season1/effect/pc/warrior/effect/noegeomdorae_4.mse	season1/effect/pc/warrior/effect/noegeomdorae_4.mse	1
season1/season1/effect/pc/sura/effect/pabeopwave copy.tga	season1/effect/pc/sura/effect/pabeopwave copy.tga	1
season1/season1/monster/spider_queen_e/00_1.msa	season1/monster/spider_queen_e/00_1.msa	1
season1/season1/effect/pc/sura/effect/pung02.jpg	season1/effect/pc/sura/effect/pung02.jpg	1
season1/season1/effect/pc/warrior/skill/tanhwan_4.msa	season1/effect/pc/warrior/skill/tanhwan_4.msa	1
season1/season1/effect/pc/warrior/effect/orange_cure copy.jpg	season1/effect/pc/warrior/effect/orange_cure copy.jpg	1
season1/season1/effect/pc/sura/effect/rsotation of 3.jpg	season1/effect/pc/sura/effect/rsotation of 3.jpg	1
season1/season1/icon/item/30144.tga	season1/icon/item/30144.tga	1
season1/season1/effect/pc/sura/effect/shwe_ryoung _ji_core_edge copy_1.jpg	season1/effect/pc/sura/effect/shwe_ryoung _ji_core_edge copy_1.jpg	1
season1/season1/metin2_map_skipia_dungeon_01/005001/height.raw	season1/metin2_map_skipia_dungeon_01/005001/height.raw	1
season1/season1/monster/yellow_tigerman_e/00.msa	season1/monster/yellow_tigerman_e/00.msa	1
season1/season1/metin2_map_skipia_dungeon_01/003002/areadata.txt	season1/metin2_map_skipia_dungeon_01/003002/areadata.txt	1
season1/season1/metin2_map_ew02/mapproperty.txt	season1/metin2_map_ew02/mapproperty.txt	1
season1/season1/effect/pc/warrior/effect/rsotation of 3.jpg	season1/effect/pc/warrior/effect/rsotation of 3.jpg	1
season1/season1/metin2_map_sungzi_milgyo_pass_03/001003/water.wtr	season1/metin2_map_sungzi_milgyo_pass_03/001003/water.wtr	1
season1/season1/effect/pc/sura/effect/swaeryeong_3.mse	season1/effect/pc/sura/effect/swaeryeong_3.mse	1
season1/season1/metin2_map_shinsutest_01/002002/water.wtr	season1/metin2_map_shinsutest_01/002002/water.wtr	1
season1/season1/metin2_map_sungzi_milgyo_pass_03/000003/minimap.dds	season1/metin2_map_sungzi_milgyo_pass_03/000003/minimap.dds	1
season1/season1/effect/pc/warrior/effect/17bottom-2.jpg	season1/effect/pc/warrior/effect/17bottom-2.jpg	1
season1/season1/metin2_map_ew02/003001/tile.raw	season1/metin2_map_ew02/003001/tile.raw	1
season1/season1/metin2_map_skipia_dungeon_02/002000/water.wtr	season1/metin2_map_skipia_dungeon_02/002000/water.wtr	1
season1/season1/monster/ch_footman/skipia_footman_front_damage.gr2	season1/monster/ch_footman/skipia_footman_front_damage.gr2	1
season1/season1/pc/shaman/shaman_4-1_lod_03.gr2	season1/pc/shaman/shaman_4-1_lod_03.gr2	1
season1/season1/effect/pc/sura/effect/swaeryeong_4.mse	season1/effect/pc/sura/effect/swaeryeong_4.mse	1
season1/season1/effect/pc/sura/effect/v_ball_core copy.jpg	season1/effect/pc/sura/effect/v_ball_core copy.jpg	1
season1/season1/metin2_map_siege_01/000000/tile.raw	season1/metin2_map_siege_01/000000/tile.raw	1
season1/season1/metin2_map_sungzi_desert_01/003003/attr.atr	season1/metin2_map_sungzi_desert_01/003003/attr.atr	1
season1/season1/metin2_map_skipia_dungeon_02/002002/attr.atr	season1/metin2_map_skipia_dungeon_02/002002/attr.atr	1
season1/season1/icon/scroll_open.tga	season1/icon/scroll_open.tga	1
season1/season1/metin2_map_wl_01/000001/shadowmap.raw	season1/metin2_map_wl_01/000001/shadowmap.raw	1
season1/season1/metin2_map_siege_02/002001/areadata.txt	season1/metin2_map_siege_02/002001/areadata.txt	1
season1/season1/effect/pc/sura/effect/v_ball_ring copy.jpg	season1/effect/pc/sura/effect/v_ball_ring copy.jpg	1
season1/season1/metin2_map_skipia_dungeon_01/001002/minimap.dds	season1/metin2_map_skipia_dungeon_01/001002/minimap.dds	1
season1/season1/effect/pc/sura/effect/whiteblue_energy copy.tga	season1/effect/pc/sura/effect/whiteblue_energy copy.tga	1
season1/season1/metin2_map_shinsutest_01/000001/minimap.dds	season1/metin2_map_shinsutest_01/000001/minimap.dds	1
season1/season1/metin2_map_sungzi_milgyo/001001/areadata.txt	season1/metin2_map_sungzi_milgyo/001001/areadata.txt	1
season1/season1/metin2_map_oxevent/001001/areaproperty.txt	season1/metin2_map_oxevent/001001/areaproperty.txt	1
season1/season1/metin2_map_siege_03/002002/height.raw	season1/metin2_map_siege_03/002002/height.raw	1
season1/season1/effect/pc/sura/effect/wind.tga	season1/effect/pc/sura/effect/wind.tga	1
season1/season1/metin2_map_skipia_dungeon_02/002003/shadowmap.raw	season1/metin2_map_skipia_dungeon_02/002003/shadowmap.raw	1
season1/season1/metin2_map_nusluck01/000001/minimap.dds	season1/metin2_map_nusluck01/000001/minimap.dds	1
season1/season1/effect/pc/sura/effect/y_ball_core copy.jpg	season1/effect/pc/sura/effect/y_ball_core copy.jpg	1
season1/season1/metin2_map_sungzi_flame_hill_02/001001/areaambiencedata.txt	season1/metin2_map_sungzi_flame_hill_02/001001/areaambiencedata.txt	1
season1/season1/metin2_map_sungzi_snow/001001/shadowmap.raw	season1/metin2_map_sungzi_snow/001001/shadowmap.raw	1
season1/season1/icon/item/30140.tga	season1/icon/item/30140.tga	1
season1/season1/monster/ch_footman/skipia_footman_front_damage.msa	season1/monster/ch_footman/skipia_footman_front_damage.msa	1
season1/season1/effect/pc/sura/effect/y_ball_ring copy.jpg	season1/effect/pc/sura/effect/y_ball_ring copy.jpg	1
season1/season1/metin2_map_sungzi_flame_hill_03/000002/areaproperty.txt	season1/metin2_map_sungzi_flame_hill_03/000002/areaproperty.txt	1
season1/season1/metin2_map_shinsutest_01/001001/shadowmap.raw	season1/metin2_map_shinsutest_01/001001/shadowmap.raw	1
season1/season1/metin2_map_sungzi_desert_hill_02/000002/water.wtr	season1/metin2_map_sungzi_desert_hill_02/000002/water.wtr	1
season1/season1/metin2_map_sungzi_flame_hill_03/000003/water.wtr	season1/metin2_map_sungzi_flame_hill_03/000003/water.wtr	1
season1/season1/effect/pc/warrior/effect/fireburnred.jpg	season1/effect/pc/warrior/effect/fireburnred.jpg	1
season1/season1/effect/pc/sura/effect/yong_gwon_pa copy.jpg	season1/effect/pc/sura/effect/yong_gwon_pa copy.jpg	1
season1/season1/icon/item/50818.tga	season1/icon/item/50818.tga	1
season1/season1/effect/pc/sura/effect/yong_gwon_pa copy.tga	season1/effect/pc/sura/effect/yong_gwon_pa copy.tga	1
season1/season1/metin2_map_siege_02/001001/areadata.txt	season1/metin2_map_siege_02/001001/areadata.txt	1
season1/season1/metin2_map_skipia_dungeon_01/001003/areaproperty.txt	season1/metin2_map_skipia_dungeon_01/001003/areaproperty.txt	1
season1/season1/effect/pc/sura/effect/yong_gwon_pa_twist copy.jpg	season1/effect/pc/sura/effect/yong_gwon_pa_twist copy.jpg	1
season1/season1/monster/giant_desert_turtle_e/giant_desert_turtle_e.dds	season1/monster/giant_desert_turtle_e/giant_desert_turtle_e.dds	1
season1/season1/metin2_map_nusluck01/000001/water.wtr	season1/metin2_map_nusluck01/000001/water.wtr	1
season1/season1/metin2_map_sungzi_milgyo/001000/water.wtr	season1/metin2_map_sungzi_milgyo/001000/water.wtr	1
season1/season1/npc/yejin/yejinstand01.msa	season1/npc/yejin/yejinstand01.msa	1
season1/season1/metin2_map_sungzi_milgyo_pass_02/000000/attr.atr	season1/metin2_map_sungzi_milgyo_pass_02/000000/attr.atr	1
season1/season1/metin2_map_skipia_dungeon_01/005005/water.wtr	season1/metin2_map_skipia_dungeon_01/005005/water.wtr	1
season1/season1/icon/item/50114.tga	season1/icon/item/50114.tga	1
season1/season1/metin2_map_sungzi_desert_01/002000/shadowmap.raw	season1/metin2_map_sungzi_desert_01/002000/shadowmap.raw	1
season1/season1/metin2_map_skipia_dungeon_01/005002/attr.atr	season1/metin2_map_skipia_dungeon_01/005002/attr.atr	1
season1/season1/effect/pc/sura/effect/yong_gwon_pa_twist-1 copy.tga	season1/effect/pc/sura/effect/yong_gwon_pa_twist-1 copy.tga	1
season1/season1/metin2_map_skipia_dungeon_02/002000/minimap.dds	season1/metin2_map_skipia_dungeon_02/002000/minimap.dds	1
season1/season1/icon/item/11972.tga	season1/icon/item/11972.tga	1
season1/season1/monster/ch_magician/skipia_magician_back_standup.msa	season1/monster/ch_magician/skipia_magician_back_standup.msa	1
season1/season1/npc/cheonjo_guard_bow/cheonjo_patrol_bow_lod_03.gr2	season1/npc/cheonjo_guard_bow/cheonjo_patrol_bow_lod_03.gr2	1
season1/season1/metin2_map_shinsutest_01/001000/tile.raw	season1/metin2_map_shinsutest_01/001000/tile.raw	1
season1/season1/metin2_map_skipia_dungeon_02/004001/minimap.dds	season1/metin2_map_skipia_dungeon_02/004001/minimap.dds	1
season1/season1/metin2_map_sungzi_flame_hill_02/001002/height.raw	season1/metin2_map_sungzi_flame_hill_02/001002/height.raw	1
season1/season1/effect/pc/sura/effect/yonggwonpa_4.mse	season1/effect/pc/sura/effect/yonggwonpa_4.mse	1
season1/season1/maimetin2_map_empirewar_a01/001001_minimap.bmp	season1/maimetin2_map_empirewar_a01/001001_minimap.bmp	1
season1/season1/monster/ch_magician/skipia_magician_damage.gr2	season1/monster/ch_magician/skipia_magician_damage.gr2	1
season1/season1/metin2_map_skipia_dungeon_01/001001/tile.raw	season1/metin2_map_skipia_dungeon_01/001001/tile.raw	1
season1/season1/metin2_map_sungzi_flame_hill_02/000001/water.wtr	season1/metin2_map_sungzi_flame_hill_02/000001/water.wtr	1
season1/season1/effect/pc/sura/effect/youn_gi.jpg	season1/effect/pc/sura/effect/youn_gi.jpg	1
season1/season1/metin2_map_siege_01/001001/areaambiencedata.txt	season1/metin2_map_siege_01/001001/areaambiencedata.txt	1
season1/season1/metin2_map_skipia_dungeon_01/005005/minimap.dds	season1/metin2_map_skipia_dungeon_01/005005/minimap.dds	1
season1/season1/metin2_map_spiderdungeon_02/001001/tile.raw	season1/metin2_map_spiderdungeon_02/001001/tile.raw	1
season1/season1/metin2_map_skipia_dungeon_01/003004/minimap.dds	season1/metin2_map_skipia_dungeon_01/003004/minimap.dds	1
season1/season1/metin2_map_siege_01/001000/areaproperty.txt	season1/metin2_map_siege_01/001000/areaproperty.txt	1
season1/season1/metin2_map_skipia_dungeon_01/001000/areadata.txt	season1/metin2_map_skipia_dungeon_01/001000/areadata.txt	1
season1/season1/effect/pc/sura/skill/swaeryeong_4.msa	season1/effect/pc/sura/skill/swaeryeong_4.msa	1
season1/season1/metin2_map_sungzi_snow/001000/areadata.txt	season1/metin2_map_sungzi_snow/001000/areadata.txt	1
season1/season1/pc/warrior/warrior_1-1_nahan_a.dds	season1/pc/warrior/warrior_1-1_nahan_a.dds	1
season1/season1/metin2_map_skipia_dungeon_02/000002/tile.raw	season1/metin2_map_skipia_dungeon_02/000002/tile.raw	1
season1/season1/effect/pc/warrior/effect/gihyeol_4.mse	season1/effect/pc/warrior/effect/gihyeol_4.mse	1
season1/season1/metin2_map_wl_01/000003/attr.atr	season1/metin2_map_wl_01/000003/attr.atr	1
season1/season1/effect/pc/sura/skill/yonggwon_3.msa	season1/effect/pc/sura/skill/yonggwon_3.msa	1
season1/season1/metin2_map_sungzi_snow/000002/minimap.dds	season1/metin2_map_sungzi_snow/000002/minimap.dds	1
season1/season1/metin2_map_skipia_dungeon_02/004002/shadowmap.raw	season1/metin2_map_skipia_dungeon_02/004002/shadowmap.raw	1
season1/season1/effect/pc/warrior/effect/jipjung_geo copy.jpg	season1/effect/pc/warrior/effect/jipjung_geo copy.jpg	1
season1/season1/metin2_map_skipia_dungeon_02/004003/attr.atr	season1/metin2_map_skipia_dungeon_02/004003/attr.atr	1
season1/season1/effect/pc/warrior/effect/17_2 copy.jpg	season1/effect/pc/warrior/effect/17_2 copy.jpg	1
season1/season1/metin2_map_skipia_dungeon_02/002005/shadowmap.raw	season1/metin2_map_skipia_dungeon_02/002005/shadowmap.raw	1
season1/season1/metin2_map_skipia_dungeon_01/003001/attr.atr	season1/metin2_map_skipia_dungeon_01/003001/attr.atr	1
season1/season1/npc/handaup/run.msa	season1/npc/handaup/run.msa	1
season1/season1/metin2_map_ew02/003000/height.raw	season1/metin2_map_ew02/003000/height.raw	1
season1/season1/metin2_map_skipia_dungeon_02/000003/water.wtr	season1/metin2_map_skipia_dungeon_02/000003/water.wtr	1
season1/season1/effect/pc/warrior/effect/17_2.jpg	season1/effect/pc/warrior/effect/17_2.jpg	1
season1/season1/metin2_map_sungzi_snow/002002/tile.raw	season1/metin2_map_sungzi_snow/002002/tile.raw	1
season1/season1/metin2_map_skipia_dungeon_01/002004/areaproperty.txt	season1/metin2_map_skipia_dungeon_01/002004/areaproperty.txt	1
season1/season1/icon/weapon/sura/11703.tga	season1/icon/weapon/sura/11703.tga	1
season1/season1/monster/milgyo_founder_e/31.msa	season1/monster/milgyo_founder_e/31.msa	1
season1/season1/metin2_map_skipia_dungeon_01/001003/height.raw	season1/metin2_map_skipia_dungeon_01/001003/height.raw	1
season1/season1/icon/item/30116.tga	season1/icon/item/30116.tga	1
season1/season1/effect/pc/warrior/effect/17_3.jpg	season1/effect/pc/warrior/effect/17_3.jpg	1
season1/season1/metin2_map_sungzi_flame_hill_01/000002/water.wtr	season1/metin2_map_sungzi_flame_hill_01/000002/water.wtr	1
season1/season1/npc/samahi/samahi.gr2	season1/npc/samahi/samahi.gr2	1
season1/season1/metin2_map_spiderdungeon_02/003003/water.wtr	season1/metin2_map_spiderdungeon_02/003003/water.wtr	1
season1/season1/metin2_map_sungzi_snow_pass03/001003/attr.atr	season1/metin2_map_sungzi_snow_pass03/001003/attr.atr	1
season1/season1/monster/milgyo_founder_e/motlist.txt	season1/monster/milgyo_founder_e/motlist.txt	1
season1/season1/metin2_map_skipia_bossdungeon/000000/shadowmap.raw	season1/metin2_map_skipia_bossdungeon/000000/shadowmap.raw	1
season1/season1/effect/pc/warrior/effect/17_4.jpg	season1/effect/pc/warrior/effect/17_4.jpg	1
season1/season1/metin2_map_ew02/000000/areadata.txt	season1/metin2_map_ew02/000000/areadata.txt	1
season1/season1/metin2_map_ew02/002002/water.wtr	season1/metin2_map_ew02/002002/water.wtr	1
season1/season1/effect/pc/warrior/effect/17bottom-1.jpg	season1/effect/pc/warrior/effect/17bottom-1.jpg	1
season1/season1/metin2_map_skipia_dungeon_01/001001/areaambiencedata.txt	season1/metin2_map_skipia_dungeon_01/001001/areaambiencedata.txt	1
season1/season1/effect/pc/warrior/effect/amseup.jpg	season1/effect/pc/warrior/effect/amseup.jpg	1
season1/season1/metin2_map_skipia_dungeon_02/001002/areaambiencedata.txt	season1/metin2_map_skipia_dungeon_02/001002/areaambiencedata.txt	1
season1/season1/metin2_map_sungzi_flame_hill_03/001002/shadowmap.raw	season1/metin2_map_sungzi_flame_hill_03/001002/shadowmap.raw	1
season1/season1/pc/assassin/assassin_queen01.dds	season1/pc/assassin/assassin_queen01.dds	1
season1/season1/metin2_map_siege_01/001000/minimap.dds	season1/metin2_map_siege_01/001000/minimap.dds	1
season1/season1/effect/pc/warrior/effect/attackbeam01.tga	season1/effect/pc/warrior/effect/attackbeam01.tga	1
season1/season1/metin2_map_sungzi_desert_hill_03/001003/water.wtr	season1/metin2_map_sungzi_desert_hill_03/001003/water.wtr	1
season1/season1/icon/weapon/shaman/12003.tga	season1/icon/weapon/shaman/12003.tga	1
season1/season1/metin2_map_skipia_dungeon_02/003005/attr.atr	season1/metin2_map_skipia_dungeon_02/003005/attr.atr	1
season1/season1/effect/pc/warrior/effect/b_star.jpg	season1/effect/pc/warrior/effect/b_star.jpg	1
season1/season1/metin2_map_siege_02/000000/shadowmap.raw	season1/metin2_map_siege_02/000000/shadowmap.raw	1
season1/season1/effect/pc/warrior/effect/bottom-1.jpg	season1/effect/pc/warrior/effect/bottom-1.jpg	1
season1/season1/metin2_map_ew02/002001/areaproperty.txt	season1/metin2_map_ew02/002001/areaproperty.txt	1
season1/season1/metin2_map_siege_02/001002/areadata.txt	season1/metin2_map_siege_02/001002/areadata.txt	1
season1/season1/effect/pc/warrior/effect/bottom.jpg	season1/effect/pc/warrior/effect/bottom.jpg	1
season1/season1/metin2_map_sungzi/setting.txt	season1/metin2_map_sungzi/setting.txt	1
season1/season1/metin2_map_sungzi_milgyo_pass_02/000001/shadowmap.dds	season1/metin2_map_sungzi_milgyo_pass_02/000001/shadowmap.dds	1
season1/season1/metin2_map_ew02/000002/attr.atr	season1/metin2_map_ew02/000002/attr.atr	1
season1/season1/metin2_map_sungzi_desert_hill_02/000002/minimap.dds	season1/metin2_map_sungzi_desert_hill_02/000002/minimap.dds	1
season1/season1/effect/pc/warrior/effect/bottom_under.jpg	season1/effect/pc/warrior/effect/bottom_under.jpg	1
season1/season1/effect/pc/warrior/effect/cell.jpg	season1/effect/pc/warrior/effect/cell.jpg	1
season1/season1/metin2_map_sungzi_snow_pass03/000003/shadowmap.raw	season1/metin2_map_sungzi_snow_pass03/000003/shadowmap.raw	1
season1/season1/metin2_map_skipia_dungeon_02/002002/height.raw	season1/metin2_map_skipia_dungeon_02/002002/height.raw	1
season1/season1/metin2_map_skipia_dungeon_01/002005/height.raw	season1/metin2_map_skipia_dungeon_01/002005/height.raw	1
season1/season1/effect/pc/warrior/effect/noegeomdorae_3.mse	season1/effect/pc/warrior/effect/noegeomdorae_3.mse	1
season1/season1/metin2_map_sungzi_desert_01/003001/tile.raw	season1/metin2_map_sungzi_desert_01/003001/tile.raw	1
season1/season1/effect/pc/warrior/effect/cell_1.jpg	season1/effect/pc/warrior/effect/cell_1.jpg	1
season1/season1/metin2_map_shinsutest_01/001002/attr.atr	season1/metin2_map_shinsutest_01/001002/attr.atr	1
season1/season1/metin2_map_oxevent/000001/shadowmap.raw	season1/metin2_map_oxevent/000001/shadowmap.raw	1
season1/season1/metin2_map_skipia_dungeon_02/001003/areadata.txt	season1/metin2_map_skipia_dungeon_02/001003/areadata.txt	1
season1/season1/effect/pc/warrior/effect/sa_za_hu_triple_loop_1 copy.jpg	season1/effect/pc/warrior/effect/sa_za_hu_triple_loop_1 copy.jpg	1
season1/season1/metin2_map_ew02/001002/water.wtr	season1/metin2_map_ew02/001002/water.wtr	1
season1/season1/metin2_map_sungzi_snow_pass03/001003/tile.raw	season1/metin2_map_sungzi_snow_pass03/001003/tile.raw	1
season1/season1/metin2_map_sungzi_desert_hill_03/000003/minimap.dds	season1/metin2_map_sungzi_desert_hill_03/000003/minimap.dds	1
season1/season1/effect/pc/warrior/effect/fireburn copy.jpg	season1/effect/pc/warrior/effect/fireburn copy.jpg	1
season1/season1/metin2_map_siege_02/000002/areaambiencedata.txt	season1/metin2_map_siege_02/000002/areaambiencedata.txt	1
season1/season1/effect/pc/warrior/effect/rotation of rsotation of 3.jpg	season1/effect/pc/warrior/effect/rotation of rsotation of 3.jpg	1
season1/season1/metin2_map_sungzi_milgyo_pass_02/001002/areaproperty.txt	season1/metin2_map_sungzi_milgyo_pass_02/001002/areaproperty.txt	1
season1/season1/metin2_map_siege_03/000001/areaproperty.txt	season1/metin2_map_siege_03/000001/areaproperty.txt	1
season1/season1/effect/pc/warrior/effect/fireburnblue.jpg	season1/effect/pc/warrior/effect/fireburnblue.jpg	1
season1/season1/metin2_map_skipia_dungeon_01/001000/shadowmap.dds	season1/metin2_map_skipia_dungeon_01/001000/shadowmap.dds	1
season1/season1/metin2_map_skipia_dungeon_01/003001/shadowmap.raw	season1/metin2_map_skipia_dungeon_01/003001/shadowmap.raw	1
season1/season1/effect/pc/warrior/effect/fireburngy.jpg	season1/effect/pc/warrior/effect/fireburngy.jpg	1
season1/season1/metin2_map_spiderdungeon_02/002000/shadowmap.raw	season1/metin2_map_spiderdungeon_02/002000/shadowmap.raw	1
season1/season1/effect/pc/warrior/effect/nwegeomsplash.jpg	season1/effect/pc/warrior/effect/nwegeomsplash.jpg	1
season1/season1/effect/pc/warrior/effect/flash_of_lighting copy_1.jpg	season1/effect/pc/warrior/effect/flash_of_lighting copy_1.jpg	1
season1/season1/metin2_map_sungzi_snow/000002/areaambiencedata.txt	season1/metin2_map_sungzi_snow/000002/areaambiencedata.txt	1
season1/season1/metin2_map_oxevent/000001/attr.atr	season1/metin2_map_oxevent/000001/attr.atr	1
season1/season1/effect/pc/warrior/effect/geomgyeong_op.tga	season1/effect/pc/warrior/effect/geomgyeong_op.tga	1
season1/season1/metin2_map_siege_02/000000/tile.raw	season1/metin2_map_siege_02/000000/tile.raw	1
season1/season1/metin2_map_sungzi_desert_hill_01/000001/areaambiencedata.txt	season1/metin2_map_sungzi_desert_hill_01/000001/areaambiencedata.txt	1
season1/season1/metin2_map_shinsutest_01/002001/areadata.txt	season1/metin2_map_shinsutest_01/002001/areadata.txt	1
season1/season1/effect/pc/warrior/effect/gi_geom.jpg	season1/effect/pc/warrior/effect/gi_geom.jpg	1
season1/season1/icon/item/50094.tga	season1/icon/item/50094.tga	1
season1/season1/metin2_map_siege_03/001001/minimap.dds	season1/metin2_map_siege_03/001001/minimap.dds	1
season1/season1/metin2_map_sungzi_flame_hill_02/001002/water.wtr	season1/metin2_map_sungzi_flame_hill_02/001002/water.wtr	1
season1/season1/metin2_map_oxevent/001000/areaambiencedata.txt	season1/metin2_map_oxevent/001000/areaambiencedata.txt	1
season1/season1/effect/pc/warrior/effect/gihyeol_2.mse	season1/effect/pc/warrior/effect/gihyeol_2.mse	1
season1/season1/icon/item/50711.tga	season1/icon/item/50711.tga	1
season1/season1/metin2_map_skipia_dungeon_02/003003/height.raw	season1/metin2_map_skipia_dungeon_02/003003/height.raw	1
season1/season1/icon/item/30143.tga	season1/icon/item/30143.tga	1
season1/season1/effect/pc/warrior/effect/gihyeol_3.mse	season1/effect/pc/warrior/effect/gihyeol_3.mse	1
season1/season1/npc/sinseon/wait.gr2	season1/npc/sinseon/wait.gr2	1
season1/season1/metin2_map_skipia_dungeon_02/002000/height.raw	season1/metin2_map_skipia_dungeon_02/002000/height.raw	1
season1/season1/effect/pc/warrior/effect/gwi_geom_bright copy.jpg	season1/effect/pc/warrior/effect/gwi_geom_bright copy.jpg	1
season1/season1/metin2_map_sungzi_desert_01/000002/height.raw	season1/metin2_map_sungzi_desert_01/000002/height.raw	1
season1/season1/effect/pc/warrior/effect/gwi_geom_spark copy.jpg	season1/effect/pc/warrior/effect/gwi_geom_spark copy.jpg	1
season1/season1/effect/pc/warrior/effect/gyeokgong_triple_loop_2.jpg	season1/effect/pc/warrior/effect/gyeokgong_triple_loop_2.jpg	1
season1/season1/metin2_map_spiderdungeon_02/003002/tile.raw	season1/metin2_map_spiderdungeon_02/003002/tile.raw	1
season1/season1/metin2_map_shinsutest_01/001002/tile.raw	season1/metin2_map_shinsutest_01/001002/tile.raw	1
season1/season1/icon/item/30222.tga	season1/icon/item/30222.tga	1
season1/season1/metin2_map_shinsutest_01/000001/attr.atr	season1/metin2_map_shinsutest_01/000001/attr.atr	1
season1/season1/effect/pc/warrior/effect/gyouk_gong_center_2 copy.jpg	season1/effect/pc/warrior/effect/gyouk_gong_center_2 copy.jpg	1
season1/season1/icon/paystatus_red.tga	season1/icon/paystatus_red.tga	1
season1/season1/metin2_map_ew02/003000/areaproperty.txt	season1/metin2_map_ew02/003000/areaproperty.txt	1
season1/season1/metin2_map_siege_03/000001/areaambiencedata.txt	season1/metin2_map_siege_03/000001/areaambiencedata.txt	1
season1/season1/effect/pc/warrior/effect/halflandcreepflash.jpg	season1/effect/pc/warrior/effect/halflandcreepflash.jpg	1
season1/season1/metin2_map_sungzi_snow_pass03/001001/shadowmap.dds	season1/metin2_map_sungzi_snow_pass03/001001/shadowmap.dds	1
season1/season1/metin2_map_sungzi_milgyo_pass_03/001002/shadowmap.dds	season1/metin2_map_sungzi_milgyo_pass_03/001002/shadowmap.dds	1
season1/season1/metin2_map_shinsutest_01/001001/attr.atr	season1/metin2_map_shinsutest_01/001001/attr.atr	1
season1/season1/effect/pc/warrior/effect/jeonsinbangeo.jpg	season1/effect/pc/warrior/effect/jeonsinbangeo.jpg	1
season1/season1/metin2_map_sungzi_desert_hill_02/001002/areaproperty.txt	season1/metin2_map_sungzi_desert_hill_02/001002/areaproperty.txt	1
season1/season1/effect/pc/warrior/effect/jangpung.jpg	season1/effect/pc/warrior/effect/jangpung.jpg	1
season1/season1/monster/ch_general/skipia_general_wait1.gr2	season1/monster/ch_general/skipia_general_wait1.gr2	1
season1/season1/effect/pc/warrior/effect/kwaegeom_square.jpg	season1/effect/pc/warrior/effect/kwaegeom_square.jpg	1
season1/season1/metin2_map_siege_01/001000/shadowmap.raw	season1/metin2_map_siege_01/001000/shadowmap.raw	1
season1/season1/icon/weapon/sura/11701.tga	season1/icon/weapon/sura/11701.tga	1
season1/season1/metin2_map_sungzi_milgyo_pass_01/001001/areadata.txt	season1/metin2_map_sungzi_milgyo_pass_01/001001/areadata.txt	1
season1/season1/metin2_map_siege_02/002000/areaambiencedata.txt	season1/metin2_map_siege_02/002000/areaambiencedata.txt	1
season1/season1/effect/pc/warrior/skill/gyeoksan.msa	season1/effect/pc/warrior/skill/gyeoksan.msa	1
season1/season1/monster/ch_general/skipia_general_skill2.gr2	season1/monster/ch_general/skipia_general_skill2.gr2	1
season1/season1/effect/pc/warrior/effect/ls1_1 copy.jpg	season1/effect/pc/warrior/effect/ls1_1 copy.jpg	1
season1/season1/metin2_map_siege_01/000000/areaproperty.txt	season1/metin2_map_siege_01/000000/areaproperty.txt	1
season1/season1/effect/pc/warrior/skill/gihyeol_3.msa	season1/effect/pc/warrior/skill/gihyeol_3.msa	1
season1/season1/effect/pc/warrior/effect/noegeomdorae.mse	season1/effect/pc/warrior/effect/noegeomdorae.mse	1
season1/season1/metin2_map_sungzi_desert_hill_01/000003/height.raw	season1/metin2_map_sungzi_desert_hill_01/000003/height.raw	1
season1/season1/metin2_map_sungzi_milgyo/002000/areaambiencedata.txt	season1/metin2_map_sungzi_milgyo/002000/areaambiencedata.txt	1
season1/season1/metin2_map_spiderdungeon_02/001003/height.raw	season1/metin2_map_spiderdungeon_02/001003/height.raw	1
season1/season1/metin2_map_skipia_bossdungeon/000000/areaproperty.txt	season1/metin2_map_skipia_bossdungeon/000000/areaproperty.txt	1
season1/season1/metin2_map_skipia_dungeon_01/001002/shadowmap.raw	season1/metin2_map_skipia_dungeon_01/001002/shadowmap.raw	1
season1/season1/effect/pc/warrior/effect/noegeomdorae_2.mse	season1/effect/pc/warrior/effect/noegeomdorae_2.mse	1
season1/season1/icon/item/13080.tga	season1/icon/item/13080.tga	1
season1/season1/metin2_map_sungzi_milgyo_pass_03/000003/areadata.txt	season1/metin2_map_sungzi_milgyo_pass_03/000003/areadata.txt	1
season1/season1/effect/pc/warrior/effect/noegeomdorae_loop.mse	season1/effect/pc/warrior/effect/noegeomdorae_loop.mse	1
season1/season1/metin2_map_sungzi_flame_hill_01/000003/minimap.dds	season1/metin2_map_sungzi_flame_hill_01/000003/minimap.dds	1
season1/season1/metin2_map_skipia_dungeon_02/000001/areaambiencedata.txt	season1/metin2_map_skipia_dungeon_02/000001/areaambiencedata.txt	1
season1/season1/effect/pc/warrior/effect/noegeomdorae_loop_2.mse	season1/effect/pc/warrior/effect/noegeomdorae_loop_2.mse	1
season1/season1/icon/item/30223.tga	season1/icon/item/30223.tga	1
season1/season1/npc/sinsu_guard_spear/sinsu_patrol_spear_lod_03.gr2	season1/npc/sinsu_guard_spear/sinsu_patrol_spear_lod_03.gr2	1
season1/season1/metin2_map_skipia_dungeon_01/001002/height.raw	season1/metin2_map_skipia_dungeon_01/001002/height.raw	1
season1/season1/metin2_map_sungzi_snow/000000/attr.atr	season1/metin2_map_sungzi_snow/000000/attr.atr	1
season1/season1/icon/item/30148.tga	season1/icon/item/30148.tga	1
season1/season1/metin2_map_shinsutest_01/002000/attr.atr	season1/metin2_map_shinsutest_01/002000/attr.atr	1
season1/season1/effect/pc/warrior/effect/o_explore copy.jpg	season1/effect/pc/warrior/effect/o_explore copy.jpg	1
season1/season1/metin2_map_sungzi_milgyo_pass_02/000003/minimap.dds	season1/metin2_map_sungzi_milgyo_pass_02/000003/minimap.dds	1
season1/season1/metin2_map_skipia_dungeon_01/004003/water.wtr	season1/metin2_map_skipia_dungeon_01/004003/water.wtr	1
season1/season1/effect/pc/warrior/effect/pal_flash_of_lighting copy_1.jpg	season1/effect/pc/warrior/effect/pal_flash_of_lighting copy_1.jpg	1
season1/season1/metin2_map_skipia_dungeon_01/005000/minimap.dds	season1/metin2_map_skipia_dungeon_01/005000/minimap.dds	1
season1/season1/effect/pc/warrior/effect/palbang_spin.jpg	season1/effect/pc/warrior/effect/palbang_spin.jpg	1
season1/season1/metin2_map_skipia_dungeon_01/003003/minimap.dds	season1/metin2_map_skipia_dungeon_01/003003/minimap.dds	1
season1/season1/metin2_map_skipia_dungeon_01/000005/areaambiencedata.txt	season1/metin2_map_skipia_dungeon_01/000005/areaambiencedata.txt	1
season1/season1/npc/handaup/die.gr2	season1/npc/handaup/die.gr2	1
season1/season1/effect/pc/warrior/effect/rotation of 17_1.jpg	season1/effect/pc/warrior/effect/rotation of 17_1.jpg	1
season1/season1/npc/yejin/stand01.gr2	season1/npc/yejin/stand01.gr2	1
season1/season1/metin2_map_spiderdungeon_02/001001/areadata.txt	season1/metin2_map_spiderdungeon_02/001001/areadata.txt	1
season1/season1/metin2_map_sungzi_desert_hill_01/000000/water.wtr	season1/metin2_map_sungzi_desert_hill_01/000000/water.wtr	1
season1/season1/metin2_map_sungzi_milgyo_pass_02/000000/tile.raw	season1/metin2_map_sungzi_milgyo_pass_02/000000/tile.raw	1
season1/season1/metin2_map_skipia_dungeon_01/003001/height.raw	season1/metin2_map_skipia_dungeon_01/003001/height.raw	1
season1/season1/effect/pc/warrior/effect/rotation of 17_2.jpg	season1/effect/pc/warrior/effect/rotation of 17_2.jpg	1
season1/season1/metin2_map_sungzi/000001/height.raw	season1/metin2_map_sungzi/000001/height.raw	1
season1/season1/metin2_map_ew02/003001/water.wtr	season1/metin2_map_ew02/003001/water.wtr	1
season1/season1/metin2_map_shinsutest_01/000001/height.raw	season1/metin2_map_shinsutest_01/000001/height.raw	1
season1/season1/monster/ch_general/skipia_general_back_dead.gr2	season1/monster/ch_general/skipia_general_back_dead.gr2	1
season1/season1/metin2_map_spiderdungeon_02/003003/areaproperty.txt	season1/metin2_map_spiderdungeon_02/003003/areaproperty.txt	1
season1/season1/effect/pc/warrior/effect/sa_za_hu copy.jpg	season1/effect/pc/warrior/effect/sa_za_hu copy.jpg	1
season1/season1/metin2_map_shinsutest_01/000001/areaambiencedata.txt	season1/metin2_map_shinsutest_01/000001/areaambiencedata.txt	1
season1/season1/effect/pc/warrior/effect/sa_za_hu_inter_pasthit6.jpg	season1/effect/pc/warrior/effect/sa_za_hu_inter_pasthit6.jpg	1
season1/season1/metin2_map_spiderdungeon_02/003000/water.wtr	season1/metin2_map_spiderdungeon_02/003000/water.wtr	1
season1/season1/icon/item/30151.tga	season1/icon/item/30151.tga	1
season1/season1/npc/sinsu_guard_bow/31.msa	season1/npc/sinsu_guard_bow/31.msa	1
season1/season1/metin2_map_sungzi_desert_01/002002/minimap.dds	season1/metin2_map_sungzi_desert_01/002002/minimap.dds	1
season1/season1/monster/giant_desert_turtle_e/03.msa	season1/monster/giant_desert_turtle_e/03.msa	1
season1/season1/metin2_map_skipia_dungeon_01/004003/attr.atr	season1/metin2_map_skipia_dungeon_01/004003/attr.atr	1
season1/season1/effect/pc/warrior/effect/sa_za_hu_triple_loop copy.jpg	season1/effect/pc/warrior/effect/sa_za_hu_triple_loop copy.jpg	1
season1/season1/metin2_map_shinsutest_01/000000/height.raw	season1/metin2_map_shinsutest_01/000000/height.raw	1
season1/season1/effect/pc/warrior/effect/samyeonbw.jpg	season1/effect/pc/warrior/effect/samyeonbw.jpg	1
season1/season1/metin2_map_skipia_dungeon_01/005000/height.raw	season1/metin2_map_skipia_dungeon_01/005000/height.raw	1
season1/season1/icon/item/50039.tga	season1/icon/item/50039.tga	1
season1/season1/effect/pc/warrior/effect/spark copy.jpg	season1/effect/pc/warrior/effect/spark copy.jpg	1
season1/season1/metin2_map_sungzi_desert_01/000001/areaambiencedata.txt	season1/metin2_map_sungzi_desert_01/000001/areaambiencedata.txt	1
season1/season1/metin2_map_skipia_dungeon_02/005000/areaproperty.txt	season1/metin2_map_skipia_dungeon_02/005000/areaproperty.txt	1
season1/season1/effect/pc/warrior/effect/spark-2.jpg	season1/effect/pc/warrior/effect/spark-2.jpg	1
season1/season1/effect/pc/warrior/effect/spark.mse	season1/effect/pc/warrior/effect/spark.mse	1
season1/season1/metin2_map_oxevent/000001/minimap.dds	season1/metin2_map_oxevent/000001/minimap.dds	1
season1/season1/metin2_map_skipia_dungeon_02/005005/minimap.dds	season1/metin2_map_skipia_dungeon_02/005005/minimap.dds	1
season1/season1/effect/pc/warrior/effect/spark_2.mse	season1/effect/pc/warrior/effect/spark_2.mse	1
season1/season1/metin2_map_sungzi_flame_hill_03/001003/areaproperty.txt	season1/metin2_map_sungzi_flame_hill_03/001003/areaproperty.txt	1
season1/season1/metin2_map_siege_01/000001/areaproperty.txt	season1/metin2_map_siege_01/000001/areaproperty.txt	1
season1/season1/metin2_map_wl_01/003000/water.wtr	season1/metin2_map_wl_01/003000/water.wtr	1
season1/season1/metin2_map_skipia_dungeon_01/003000/tile.raw	season1/metin2_map_skipia_dungeon_01/003000/tile.raw	1
season1/season1/effect/pc/warrior/effect/spark_3.mse	season1/effect/pc/warrior/effect/spark_3.mse	1
season1/season1/monster/ch_bowman/skipia_bowman_knockdown.msa	season1/monster/ch_bowman/skipia_bowman_knockdown.msa	1
season1/season1/effect/pc/warrior/effect/sparkred.jpg	season1/effect/pc/warrior/effect/sparkred.jpg	1
season1/season1/metin2_map_sungzi_flame_hill_03/001001/shadowmap.raw	season1/metin2_map_sungzi_flame_hill_03/001001/shadowmap.raw	1
season1/season1/effect/pc/warrior/effect/splash copy.jpg	season1/effect/pc/warrior/effect/splash copy.jpg	1
season1/season1/effect/pc/warrior/effect/splash_r.jpg	season1/effect/pc/warrior/effect/splash_r.jpg	1
season1/season1/metin2_map_sungzi_desert_01/002000/areaambiencedata.txt	season1/metin2_map_sungzi_desert_01/002000/areaambiencedata.txt	1
season1/season1/metin2_map_sungzi_snow/000001/attr.atr	season1/metin2_map_sungzi_snow/000001/attr.atr	1
season1/season1/metin2_map_spiderdungeon_02/001002/areadata.txt	season1/metin2_map_spiderdungeon_02/001002/areadata.txt	1
season1/season1/metin2_map_spiderdungeon_02/002003/height.raw	season1/metin2_map_spiderdungeon_02/002003/height.raw	1
season1/season1/metin2_map_sungzi_snow_pass01/001000/areaambiencedata.txt	season1/metin2_map_sungzi_snow_pass01/001000/areaambiencedata.txt	1
season1/season1/metin2_map_sungzi_snow_pass02/001001/shadowmap.raw	season1/metin2_map_sungzi_snow_pass02/001001/shadowmap.raw	1
season1/season1/metin2_map_skipia_dungeon_02/000005/areaambiencedata.txt	season1/metin2_map_skipia_dungeon_02/000005/areaambiencedata.txt	1
season1/season1/metin2_map_skipia_dungeon_01/004000/shadowmap.dds	season1/metin2_map_skipia_dungeon_01/004000/shadowmap.dds	1
season1/season1/metin2_map_siege_01/002000/shadowmap.dds	season1/metin2_map_siege_01/002000/shadowmap.dds	1
season1/season1/effect/pc/warrior/effect/taesanapji.jpg	season1/effect/pc/warrior/effect/taesanapji.jpg	1
season1/season1/monster/ch_general/skipia_general_back_knockdown.msa	season1/monster/ch_general/skipia_general_back_knockdown.msa	1
season1/season1/metin2_map_skipia_dungeon_01/000001/areaproperty.txt	season1/metin2_map_skipia_dungeon_01/000001/areaproperty.txt	1
season1/season1/icon/item/30217.tga	season1/icon/item/30217.tga	1
season1/season1/effect/pc/warrior/skill/daejin.msa	season1/effect/pc/warrior/skill/daejin.msa	1
season1/season1/effect/pc/warrior/skill/daejin_2.msa	season1/effect/pc/warrior/skill/daejin_2.msa	1
season1/season1/metin2_map_sungzi_snow_pass01/001001/shadowmap.dds	season1/metin2_map_sungzi_snow_pass01/001001/shadowmap.dds	1
season1/season1/effect/pc/warrior/skill/daejin_3.msa	season1/effect/pc/warrior/skill/daejin_3.msa	1
season1/season1/metin2_map_empirewar_a01/001001/shadowmap.dds	season1/metin2_map_empirewar_a01/001001/shadowmap.dds	1
season1/season1/icon/item/30149.tga	season1/icon/item/30149.tga	1
season1/season1/metin2_map_sungzi_snow/000001/shadowmap.raw	season1/metin2_map_sungzi_snow/000001/shadowmap.raw	1
season1/season1/monster/orc_lord_e/30.msa	season1/monster/orc_lord_e/30.msa	1
season1/season1/metin2_map_wl_01/002001/areaambiencedata.txt	season1/metin2_map_wl_01/002001/areaambiencedata.txt	1
season1/season1/metin2_map_siege_02/000002/shadowmap.dds	season1/metin2_map_siege_02/000002/shadowmap.dds	1
season1/season1/metin2_map_sungzi_desert_hill_02/000001/areaproperty.txt	season1/metin2_map_sungzi_desert_hill_02/000001/areaproperty.txt	1
season1/season1/effect/pc/warrior/skill/geomgyeong_3.msa	season1/effect/pc/warrior/skill/geomgyeong_3.msa	1
season1/season1/interface/oxevent/frame_1.sub	season1/interface/oxevent/frame_1.sub	1
season1/season1/metin2_map_sungzi_desert_hill_01/001003/height.raw	season1/metin2_map_sungzi_desert_hill_01/001003/height.raw	1
season1/season1/effect/pc/warrior/skill/gihyeol.msa	season1/effect/pc/warrior/skill/gihyeol.msa	1
season1/season1/npc/cheonjo_guard_spear/00_1.msa	season1/npc/cheonjo_guard_spear/00_1.msa	1
season1/season1/metin2_map_skipia_dungeon_01/000000/attr.atr	season1/metin2_map_skipia_dungeon_01/000000/attr.atr	1
season1/season1/metin2_map_sungzi_flame_hill_03/000000/height.raw	season1/metin2_map_sungzi_flame_hill_03/000000/height.raw	1
season1/season1/metin2_map_oxevent/001000/attr.atr	season1/metin2_map_oxevent/001000/attr.atr	1
season1/season1/metin2_map_sungzi_milgyo_pass_02/001001/areaproperty.txt	season1/metin2_map_sungzi_milgyo_pass_02/001001/areaproperty.txt	1
season1/season1/effect/pc/warrior/skill/gihyeol_2.msa	season1/effect/pc/warrior/skill/gihyeol_2.msa	1
season1/season1/metin2_map_skipia_dungeon_01/000000/water.wtr	season1/metin2_map_skipia_dungeon_01/000000/water.wtr	1
season1/season1/effect/pc/warrior/skill/gihyeol_4.msa	season1/effect/pc/warrior/skill/gihyeol_4.msa	1
season1/season1/effect/pc/warrior/skill/gyeoksan_3.msa	season1/effect/pc/warrior/skill/gyeoksan_3.msa	1
season1/season1/metin2_map_siege_01/mapproperty.txt	season1/metin2_map_siege_01/mapproperty.txt	1
season1/season1/effect/pc/warrior/skill/gyeoksan_4.msa	season1/effect/pc/warrior/skill/gyeoksan_4.msa	1
season1/season1/metin2_map_spiderdungeon_02/000000/areadata.txt	season1/metin2_map_spiderdungeon_02/000000/areadata.txt	1
season1/season1/metin2_map_skipia_dungeon_01/001003/areaambiencedata.txt	season1/metin2_map_skipia_dungeon_01/001003/areaambiencedata.txt	1
season1/season1/effect/pc/warrior/skill/noegeom_3.msa	season1/effect/pc/warrior/skill/noegeom_3.msa	1
season1/season1/metin2_map_sungzi_snow_pass03/000000/shadowmap.dds	season1/metin2_map_sungzi_snow_pass03/000000/shadowmap.dds	1
season1/season1/metin2_map_skipia_dungeon_02/003004/areadata.txt	season1/metin2_map_skipia_dungeon_02/003004/areadata.txt	1
season1/season1/metin2_map_siege_03/001002/tile.raw	season1/metin2_map_siege_03/001002/tile.raw	1
season1/season1/effect/pc/warrior/skill/tanhwan.msa	season1/effect/pc/warrior/skill/tanhwan.msa	1
season1/season1/monster/ch_general/skipia_general_attack1.msa	season1/monster/ch_general/skipia_general_attack1.msa	1
season1/season1/metin2_map_skipia_dungeon_02/002005/shadowmap.dds	season1/metin2_map_skipia_dungeon_02/002005/shadowmap.dds	1
season1/season1/metin2_map_shinsutest_01/001000/minimap.dds	season1/metin2_map_shinsutest_01/001000/minimap.dds	1
season1/season1/metin2_map_spiderdungeon_02/002001/areaproperty.txt	season1/metin2_map_spiderdungeon_02/002001/areaproperty.txt	1
season1/season1/icon/paystatus_blue.tga	season1/icon/paystatus_blue.tga	1
season1/season1/metin2_map_sungzi_snow_pass01/001003/tile.raw	season1/metin2_map_sungzi_snow_pass01/001003/tile.raw	1
season1/season1/icon/paystatus_white.tga	season1/icon/paystatus_white.tga	1
season1/season1/metin2_map_skipia_dungeon_01/000002/minimap.dds	season1/metin2_map_skipia_dungeon_01/000002/minimap.dds	1
season1/season1/metin2_map_oxevent/001000/height.raw	season1/metin2_map_oxevent/001000/height.raw	1
season1/season1/icon/item/03000.tga	season1/icon/item/03000.tga	1
season1/season1/metin2_map_skipia_dungeon_01/002005/minimap.dds	season1/metin2_map_skipia_dungeon_01/002005/minimap.dds	1
season1/season1/monster/ch_officer/skipia_officer_damage.msa	season1/monster/ch_officer/skipia_officer_damage.msa	1
season1/season1/icon/item/11971.tga	season1/icon/item/11971.tga	1
season1/season1/icon/item/11974.tga	season1/icon/item/11974.tga	1
season1/season1/metin2_map_siege_01/000000/minimap.dds	season1/metin2_map_siege_01/000000/minimap.dds	1
season1/season1/metin2_map_skipia_dungeon_01/000003/water.wtr	season1/metin2_map_skipia_dungeon_01/000003/water.wtr	1
season1/season1/metin2_map_ew02/001000/attr.atr	season1/metin2_map_ew02/001000/attr.atr	1
season1/season1/metin2_map_shinsutest_01/000001/shadowmap.raw	season1/metin2_map_shinsutest_01/000001/shadowmap.raw	1
season1/season1/metin2_map_shinsutest_01/002000/shadowmap.dds	season1/metin2_map_shinsutest_01/002000/shadowmap.dds	1
season1/season1/metin2_map_sungzi_desert_hill_01/001003/minimap.dds	season1/metin2_map_sungzi_desert_hill_01/001003/minimap.dds	1
season1/season1/metin2_map_wl_01/003002/attr.atr	season1/metin2_map_wl_01/003002/attr.atr	1
season1/season1/icon/item/50115.tga	season1/icon/item/50115.tga	1
season1/season1/metin2_map_wl_01/000003/areadata.txt	season1/metin2_map_wl_01/000003/areadata.txt	1
season1/season1/metin2_map_wl_01/001000/areaambiencedata.txt	season1/metin2_map_wl_01/001000/areaambiencedata.txt	1
season1/season1/icon/item/13120.tga	season1/icon/item/13120.tga	1
season1/season1/icon/item/13060.tga	season1/icon/item/13060.tga	1
season1/season1/metin2_map_skipia_dungeon_02/004002/areaambiencedata.txt	season1/metin2_map_skipia_dungeon_02/004002/areaambiencedata.txt	1
season1/season1/monster/ch_footman/skipia_footman_back_damage1.msa	season1/monster/ch_footman/skipia_footman_back_damage1.msa	1
season1/season1/icon/item/13100.tga	season1/icon/item/13100.tga	1
season1/season1/icon/item/30101.tga	season1/icon/item/30101.tga	1
season1/season1/metin2_map_empirewar_a01/000001/height.raw	season1/metin2_map_empirewar_a01/000001/height.raw	1
season1/season1/metin2_map_skipia_dungeon_01/005000/shadowmap.raw	season1/metin2_map_skipia_dungeon_01/005000/shadowmap.raw	1
season1/season1/icon/item/30102.tga	season1/icon/item/30102.tga	1
season1/season1/metin2_map_skipia_dungeon_01/002001/tile.raw	season1/metin2_map_skipia_dungeon_01/002001/tile.raw	1
season1/season1/metin2_map_skipia_dungeon_01/002003/areadata.txt	season1/metin2_map_skipia_dungeon_01/002003/areadata.txt	1
season1/season1/metin2_map_oxevent/000000/water.wtr	season1/metin2_map_oxevent/000000/water.wtr	1
season1/season1/metin2_map_sungzi_flame_hill_03/001003/height.raw	season1/metin2_map_sungzi_flame_hill_03/001003/height.raw	1
season1/season1/metin2_map_skipia_dungeon_01/002003/attr.atr	season1/metin2_map_skipia_dungeon_01/002003/attr.atr	1
season1/season1/icon/item/30137.tga	season1/icon/item/30137.tga	1
season1/season1/metin2_map_spiderdungeon_02/001002/minimap.dds	season1/metin2_map_spiderdungeon_02/001002/minimap.dds	1
season1/season1/monster/ch_bowman/skipia_bowman_front_knockdown.gr2	season1/monster/ch_bowman/skipia_bowman_front_knockdown.gr2	1
season1/season1/icon/item/30138.tga	season1/icon/item/30138.tga	1
season1/season1/metin2_map_sungzi_milgyo/002001/shadowmap.dds	season1/metin2_map_sungzi_milgyo/002001/shadowmap.dds	1
season1/season1/icon/item/30146.tga	season1/icon/item/30146.tga	1
season1/season1/metin2_map_skipia_dungeon_02/000001/minimap.dds	season1/metin2_map_skipia_dungeon_02/000001/minimap.dds	1
season1/season1/metin2_map_skipia_dungeon_01/002002/areadata.txt	season1/metin2_map_skipia_dungeon_01/002002/areadata.txt	1
season1/season1/icon/item/30152.tga	season1/icon/item/30152.tga	1
season1/season1/metin2_map_sungzi_desert_hill_03/000003/water.wtr	season1/metin2_map_sungzi_desert_hill_03/000003/water.wtr	1
season1/season1/metin2_map_skipia_dungeon_01/004001/shadowmap.raw	season1/metin2_map_skipia_dungeon_01/004001/shadowmap.raw	1
season1/season1/metin2_map_sungzi_snow_pass01/001003/areaproperty.txt	season1/metin2_map_sungzi_snow_pass01/001003/areaproperty.txt	1
season1/season1/metin2_map_ew02/001000/areaambiencedata.txt	season1/metin2_map_ew02/001000/areaambiencedata.txt	1
season1/season1/icon/item/30153.tga	season1/icon/item/30153.tga	1
season1/season1/metin2_map_wl_01/002000/shadowmap.dds	season1/metin2_map_wl_01/002000/shadowmap.dds	1
season1/season1/metin2_map_sungzi_milgyo_pass_02/001000/areaproperty.txt	season1/metin2_map_sungzi_milgyo_pass_02/001000/areaproperty.txt	1
season1/season1/icon/item/30154.tga	season1/icon/item/30154.tga	1
season1/season1/metin2_map_siege_01/000000/areaambiencedata.txt	season1/metin2_map_siege_01/000000/areaambiencedata.txt	1
season1/season1/icon/item/30156.tga	season1/icon/item/30156.tga	1
season1/season1/metin2_map_ew02/000000/water.wtr	season1/metin2_map_ew02/000000/water.wtr	1
season1/season1/icon/item/30157.tga	season1/icon/item/30157.tga	1
season1/season1/npc/cheonjo_guard_bow/37.msa	season1/npc/cheonjo_guard_bow/37.msa	1
season1/season1/metin2_map_skipia_dungeon_01/003005/areaambiencedata.txt	season1/metin2_map_skipia_dungeon_01/003005/areaambiencedata.txt	1
season1/season1/metin2_map_shinsutest_01/000002/areaambiencedata.txt	season1/metin2_map_shinsutest_01/000002/areaambiencedata.txt	1
season1/season1/metin2_map_skipia_dungeon_01/000000/areadata.txt	season1/metin2_map_skipia_dungeon_01/000000/areadata.txt	1
season1/season1/icon/item/30158.tga	season1/icon/item/30158.tga	1
season1/season1/metin2_map_sungzi_snow_pass02/001002/tile.raw	season1/metin2_map_sungzi_snow_pass02/001002/tile.raw	1
season1/season1/metin2_map_shinsutest_01/002002/areaproperty.txt	season1/metin2_map_shinsutest_01/002002/areaproperty.txt	1
season1/season1/icon/item/30165.tga	season1/icon/item/30165.tga	1
season1/season1/metin2_map_spider_bossdungeon/000000/areaproperty.txt	season1/metin2_map_spider_bossdungeon/000000/areaproperty.txt	1
season1/season1/metin2_map_sungzi_desert_hill_02/001002/shadowmap.raw	season1/metin2_map_sungzi_desert_hill_02/001002/shadowmap.raw	1
season1/season1/metin2_map_sungzi_snow_pass03/000001/minimap.dds	season1/metin2_map_sungzi_snow_pass03/000001/minimap.dds	1
season1/season1/metin2_map_sungzi_snow/001000/areaproperty.txt	season1/metin2_map_sungzi_snow/001000/areaproperty.txt	1
season1/season1/metin2_map_ew02/001003/areadata.txt	season1/metin2_map_ew02/001003/areadata.txt	1
season1/season1/metin2_map_skipia_dungeon_02/003002/areadata.txt	season1/metin2_map_skipia_dungeon_02/003002/areadata.txt	1
season1/season1/icon/item/30166.tga	season1/icon/item/30166.tga	1
season1/season1/icon/item/30167.tga	season1/icon/item/30167.tga	1
season1/season1/metin2_map_sungzi/001000/attr.atr	season1/metin2_map_sungzi/001000/attr.atr	1
season1/season1/metin2_map_nusluck01/000001/tile.raw	season1/metin2_map_nusluck01/000001/tile.raw	1
season1/season1/icon/item/30210.tga	season1/icon/item/30210.tga	1
season1/season1/metin2_map_skipia_dungeon_02/000001/attr.atr	season1/metin2_map_skipia_dungeon_02/000001/attr.atr	1
season1/season1/metin2_map_sungzi_flame_hill_02/001001/shadowmap.raw	season1/metin2_map_sungzi_flame_hill_02/001001/shadowmap.raw	1
season1/season1/metin2_map_skipia_dungeon_01/002004/attr.atr	season1/metin2_map_skipia_dungeon_01/002004/attr.atr	1
season1/season1/icon/item/30212.tga	season1/icon/item/30212.tga	1
season1/season1/icon/item/30214.tga	season1/icon/item/30214.tga	1
season1/season1/metin2_map_sungzi_snow/002002/attr.atr	season1/metin2_map_sungzi_snow/002002/attr.atr	1
season1/season1/monster/skeleton_king_e/35.msa	season1/monster/skeleton_king_e/35.msa	1
season1/season1/icon/item/30226.tga	season1/icon/item/30226.tga	1
season1/season1/icon/item/30302.tga	season1/icon/item/30302.tga	1
season1/season1/metin2_map_siege_02/000000/areaproperty.txt	season1/metin2_map_siege_02/000000/areaproperty.txt	1
season1/season1/icon/item/30304.tga	season1/icon/item/30304.tga	1
season1/season1/metin2_map_skipia_dungeon_01/005004/areaproperty.txt	season1/metin2_map_skipia_dungeon_01/005004/areaproperty.txt	1
season1/season1/metin2_map_ew02/003003/water.wtr	season1/metin2_map_ew02/003003/water.wtr	1
season1/season1/metin2_map_skipia_dungeon_01/001003/tile.raw	season1/metin2_map_skipia_dungeon_01/001003/tile.raw	1
season1/season1/icon/item/50038.tga	season1/icon/item/50038.tga	1
season1/season1/metin2_map_skipia_dungeon_01/003005/minimap.dds	season1/metin2_map_skipia_dungeon_01/003005/minimap.dds	1
season1/season1/icon/item/50091.tga	season1/icon/item/50091.tga	1
season1/season1/metin2_map_sungzi_desert_hill_02/000001/tile.raw	season1/metin2_map_sungzi_desert_hill_02/000001/tile.raw	1
season1/season1/metin2_map_skipia_dungeon_01/001002/areadata.txt	season1/metin2_map_skipia_dungeon_01/001002/areadata.txt	1
season1/season1/icon/item/50093.tga	season1/icon/item/50093.tga	1
season1/season1/icon/item/50110.tga	season1/icon/item/50110.tga	1
season1/season1/monster/ch_bowman/motlist.txt	season1/monster/ch_bowman/motlist.txt	1
season1/season1/metin2_map_oxevent/000001/shadowmap.dds	season1/metin2_map_oxevent/000001/shadowmap.dds	1
season1/season1/metin2_map_wl_01/003003/areaambiencedata.txt	season1/metin2_map_wl_01/003003/areaambiencedata.txt	1
season1/season1/icon/item/50111.tga	season1/icon/item/50111.tga	1
season1/season1/metin2_map_ew02/000003/height.raw	season1/metin2_map_ew02/000003/height.raw	1
season1/season1/metin2_map_siege_03/001002/areaproperty.txt	season1/metin2_map_siege_03/001002/areaproperty.txt	1
season1/season1/icon/item/50112.tga	season1/icon/item/50112.tga	1
season1/season1/metin2_map_siege_03/002000/minimap.dds	season1/metin2_map_siege_03/002000/minimap.dds	1
season1/season1/icon/item/50116.tga	season1/icon/item/50116.tga	1
season1/season1/metin2_map_skipia_dungeon_02/000002/areaproperty.txt	season1/metin2_map_skipia_dungeon_02/000002/areaproperty.txt	1
season1/season1/npc/jinno_guard_spear/30.msa	season1/npc/jinno_guard_spear/30.msa	1
season1/season1/metin2_map_spiderdungeon_02/001000/minimap.dds	season1/metin2_map_spiderdungeon_02/001000/minimap.dds	1
season1/season1/icon/item/50322.tga	season1/icon/item/50322.tga	1
season1/season1/metin2_map_sungzi_snow_pass01/000000/areaambiencedata.txt	season1/metin2_map_sungzi_snow_pass01/000000/areaambiencedata.txt	1
season1/season1/metin2_map_sungzi_milgyo_pass_03/001003/areadata.txt	season1/metin2_map_sungzi_milgyo_pass_03/001003/areadata.txt	1
season1/season1/metin2_map_skipia_dungeon_02/005005/areaproperty.txt	season1/metin2_map_skipia_dungeon_02/005005/areaproperty.txt	1
season1/season1/metin2_map_sungzi_milgyo/001001/water.wtr	season1/metin2_map_sungzi_milgyo/001001/water.wtr	1
season1/season1/metin2_map_skipia_dungeon_01/004000/areaambiencedata.txt	season1/metin2_map_skipia_dungeon_01/004000/areaambiencedata.txt	1
season1/season1/npc/cheonjo_guard_spear/cheonjo_patrol_spear_lod_03.gr2	season1/npc/cheonjo_guard_spear/cheonjo_patrol_spear_lod_03.gr2	1
season1/season1/icon/item/50701.tga	season1/icon/item/50701.tga	1
season1/season1/icon/item/50702.tga	season1/icon/item/50702.tga	1
season1/season1/metin2_map_shinsutest_01/000000/water.wtr	season1/metin2_map_shinsutest_01/000000/water.wtr	1
season1/season1/icon/item/50703.tga	season1/icon/item/50703.tga	1
season1/season1/metin2_map_sungzi_snow_pass01/000002/areadata.txt	season1/metin2_map_sungzi_snow_pass01/000002/areadata.txt	1
season1/season1/metin2_map_siege_03/000001/minimap.dds	season1/metin2_map_siege_03/000001/minimap.dds	1
season1/season1/metin2_map_siege_01/001002/areadata.txt	season1/metin2_map_siege_01/001002/areadata.txt	1
season1/season1/icon/item/50704.tga	season1/icon/item/50704.tga	1
season1/season1/metin2_map_skipia_dungeon_02/003004/attr.atr	season1/metin2_map_skipia_dungeon_02/003004/attr.atr	1
season1/season1/metin2_map_sungzi_desert_hill_02/000002/areaproperty.txt	season1/metin2_map_sungzi_desert_hill_02/000002/areaproperty.txt	1
season1/season1/icon/item/50705.tga	season1/icon/item/50705.tga	1
season1/season1/icon/item/50707.tga	season1/icon/item/50707.tga	1
season1/season1/metin2_map_sungzi_milgyo_pass_02/000001/attr.atr	season1/metin2_map_sungzi_milgyo_pass_02/000001/attr.atr	1
season1/season1/metin2_map_siege_01/000000/shadowmap.dds	season1/metin2_map_siege_01/000000/shadowmap.dds	1
season1/season1/metin2_map_skipia_dungeon_02/000003/minimap.dds	season1/metin2_map_skipia_dungeon_02/000003/minimap.dds	1
season1/season1/icon/item/50709.tga	season1/icon/item/50709.tga	1
season1/season1/icon/item/50712.tga	season1/icon/item/50712.tga	1
season1/season1/metin2_map_skipia_dungeon_02/004001/water.wtr	season1/metin2_map_skipia_dungeon_02/004001/water.wtr	1
season1/season1/metin2_map_skipia_dungeon_01/003003/tile.raw	season1/metin2_map_skipia_dungeon_01/003003/tile.raw	1
season1/season1/icon/weapon/sura/11700.tga	season1/icon/weapon/sura/11700.tga	1
season1/season1/monster/ch_footman/skipia_footman_back_dead.gr2	season1/monster/ch_footman/skipia_footman_back_dead.gr2	1
season1/season1/metin2_map_skipia_dungeon_02/005001/shadowmap.dds	season1/metin2_map_skipia_dungeon_02/005001/shadowmap.dds	1
season1/season1/metin2_map_ew02/002001/tile.raw	season1/metin2_map_ew02/002001/tile.raw	1
season1/season1/icon/item/50802.tga	season1/icon/item/50802.tga	1
season1/season1/metin2_map_empirewar_a01/000000/areadata.txt	season1/metin2_map_empirewar_a01/000000/areadata.txt	1
season1/season1/metin2_map_spiderdungeon_02/001000/shadowmap.dds	season1/metin2_map_spiderdungeon_02/001000/shadowmap.dds	1
season1/season1/icon/item/50803.tga	season1/icon/item/50803.tga	1
season1/season1/metin2_map_skipia_dungeon_02/001002/water.wtr	season1/metin2_map_skipia_dungeon_02/001002/water.wtr	1
season1/season1/metin2_map_siege_03/000000/water.wtr	season1/metin2_map_siege_03/000000/water.wtr	1
season1/season1/metin2_map_skipia_dungeon_02/001005/height.raw	season1/metin2_map_skipia_dungeon_02/001005/height.raw	1
season1/season1/metin2_map_sungzi_milgyo/000001/minimap.dds	season1/metin2_map_sungzi_milgyo/000001/minimap.dds	1
season1/season1/icon/item/50804.tga	season1/icon/item/50804.tga	1
season1/season1/metin2_map_sungzi_snow_pass02/001002/areaproperty.txt	season1/metin2_map_sungzi_snow_pass02/001002/areaproperty.txt	1
season1/season1/metin2_map_wl_01/001000/minimap.dds	season1/metin2_map_wl_01/001000/minimap.dds	1
season1/season1/icon/item/50814.tga	season1/icon/item/50814.tga	1
season1/season1/icon/item/50815.tga	season1/icon/item/50815.tga	1
season1/season1/metin2_map_sungzi_desert_hill_02/000001/areaambiencedata.txt	season1/metin2_map_sungzi_desert_hill_02/000001/areaambiencedata.txt	1
season1/season1/metin2_map_spider_bossdungeon/000000/shadowmap.dds	season1/metin2_map_spider_bossdungeon/000000/shadowmap.dds	1
season1/season1/icon/item/50817.tga	season1/icon/item/50817.tga	1
season1/season1/metin2_map_skipia_dungeon_02/000000/areaproperty.txt	season1/metin2_map_skipia_dungeon_02/000000/areaproperty.txt	1
season1/season1/icon/item/50819.tga	season1/icon/item/50819.tga	1
season1/season1/metin2_map_sungzi_snow/000001/shadowmap.dds	season1/metin2_map_sungzi_snow/000001/shadowmap.dds	1
season1/season1/icon/item/50820.tga	season1/icon/item/50820.tga	1
season1/season1/metin2_map_nusluck01/000000/areaambiencedata.txt	season1/metin2_map_nusluck01/000000/areaambiencedata.txt	1
season1/season1/icon/item/50902.tga	season1/icon/item/50902.tga	1
season1/season1/metin2_map_shinsutest_01/000001/tile.raw	season1/metin2_map_shinsutest_01/000001/tile.raw	1
season1/season1/metin2_map_sungzi_milgyo_pass_03/000003/attr.atr	season1/metin2_map_sungzi_milgyo_pass_03/000003/attr.atr	1
season1/season1/icon/item/71035.tga	season1/icon/item/71035.tga	1
season1/season1/metin2_map_sungzi_flame_hill_02/000003/tile.raw	season1/metin2_map_sungzi_flame_hill_02/000003/tile.raw	1
season1/season1/metin2_map_sungzi_desert_hill_01/000003/shadowmap.dds	season1/metin2_map_sungzi_desert_hill_01/000003/shadowmap.dds	1
season1/season1/icon/item/71095.tga	season1/icon/item/71095.tga	1
season1/season1/metin2_map_shinsutest_01/001002/shadowmap.dds	season1/metin2_map_shinsutest_01/001002/shadowmap.dds	1
season1/season1/icon/item/72701.tga	season1/icon/item/72701.tga	1
season1/season1/metin2_map_skipia_dungeon_02/000000/shadowmap.dds	season1/metin2_map_skipia_dungeon_02/000000/shadowmap.dds	1
season1/season1/metin2_map_ew02/002001/height.raw	season1/metin2_map_ew02/002001/height.raw	1
season1/season1/metin2_map_skipia_dungeon_01/004001/water.wtr	season1/metin2_map_skipia_dungeon_01/004001/water.wtr	1
season1/season1/icon/weapon/11972.tga	season1/icon/weapon/11972.tga	1
season1/season1/npc/sinsu_guard_bow/02.msa	season1/npc/sinsu_guard_bow/02.msa	1
season1/season1/icon/weapon/assassin/11501.tga	season1/icon/weapon/assassin/11501.tga	1
season1/season1/metin2_map_skipia_dungeon_02/005002/shadowmap.raw	season1/metin2_map_skipia_dungeon_02/005002/shadowmap.raw	1
season1/season1/icon/weapon/assassin/11502.tga	season1/icon/weapon/assassin/11502.tga	1
season1/season1/metin2_map_sungzi_snow_pass03/001003/areadata.txt	season1/metin2_map_sungzi_snow_pass03/001003/areadata.txt	1
season1/season1/icon/weapon/assassin/11503.tga	season1/icon/weapon/assassin/11503.tga	1
season1/season1/metin2_map_skipia_dungeon_02/003003/areaproperty.txt	season1/metin2_map_skipia_dungeon_02/003003/areaproperty.txt	1
season1/season1/icon/weapon/assassin/11505.tga	season1/icon/weapon/assassin/11505.tga	1
season1/season1/icon/weapon/shaman/12001.tga	season1/icon/weapon/shaman/12001.tga	1
season1/season1/metin2_map_skipia_dungeon_02/002005/attr.atr	season1/metin2_map_skipia_dungeon_02/002005/attr.atr	1
season1/season1/metin2_map_sungzi_snow_pass03/000001/shadowmap.raw	season1/metin2_map_sungzi_snow_pass03/000001/shadowmap.raw	1
season1/season1/metin2_map_skipia_dungeon_01/004004/areaproperty.txt	season1/metin2_map_skipia_dungeon_01/004004/areaproperty.txt	1
season1/season1/icon/weapon/shaman/12004.tga	season1/icon/weapon/shaman/12004.tga	1
season1/season1/metin2_map_nusluck01/001000/areaproperty.txt	season1/metin2_map_nusluck01/001000/areaproperty.txt	1
season1/season1/metin2_map_sungzi_milgyo_pass_02/001000/attr.atr	season1/metin2_map_sungzi_milgyo_pass_02/001000/attr.atr	1
season1/season1/monster/ch_general/skipia_general_dead.msa	season1/monster/ch_general/skipia_general_dead.msa	1
season1/season1/icon/weapon/shaman/12005.tga	season1/icon/weapon/shaman/12005.tga	1
season1/season1/metin2_map_shinsutest_01/001001/areaproperty.txt	season1/metin2_map_shinsutest_01/001001/areaproperty.txt	1
season1/season1/metin2_map_sungzi_snow_pass02/001000/height.raw	season1/metin2_map_sungzi_snow_pass02/001000/height.raw	1
season1/season1/icon/weapon/shaman/12007.tga	season1/icon/weapon/shaman/12007.tga	1
season1/season1/icon/weapon/sura/11704.tga	season1/icon/weapon/sura/11704.tga	1
season1/season1/icon/weapon/sura/11706.tga	season1/icon/weapon/sura/11706.tga	1
season1/season1/metin2_map_skipia_dungeon_02/004000/areaproperty.txt	season1/metin2_map_skipia_dungeon_02/004000/areaproperty.txt	1
season1/season1/icon/weapon/sura/11708.tga	season1/icon/weapon/sura/11708.tga	1
season1/season1/icon/weapon/warrior/11300.tga	season1/icon/weapon/warrior/11300.tga	1
season1/season1/icon/weapon/warrior/11301.tga	season1/icon/weapon/warrior/11301.tga	1
season1/season1/icon/weapon/warrior/11302.tga	season1/icon/weapon/warrior/11302.tga	1
season1/season1/icon/weapon/warrior/11303.tga	season1/icon/weapon/warrior/11303.tga	1
season1/season1/metin2_map_skipia_dungeon_01/005001/attr.atr	season1/metin2_map_skipia_dungeon_01/005001/attr.atr	1
season1/season1/icon/weapon/warrior/11304.tga	season1/icon/weapon/warrior/11304.tga	1
season1/season1/icon/weapon/warrior/11305.tga	season1/icon/weapon/warrior/11305.tga	1
season1/season1/icon/weapon/warrior/11306.tga	season1/icon/weapon/warrior/11306.tga	1
season1/season1/icon/weapon/warrior/11307.tga	season1/icon/weapon/warrior/11307.tga	1
season1/season1/interface/oxevent/frame_0.sub	season1/interface/oxevent/frame_0.sub	1
season1/season1/metin2_map_sungzi_snow/000001/water.wtr	season1/metin2_map_sungzi_snow/000001/water.wtr	1
season1/season1/metin2_map_skipia_dungeon_02/000005/shadowmap.dds	season1/metin2_map_skipia_dungeon_02/000005/shadowmap.dds	1
season1/season1/metin2_map_siege_03/002000/shadowmap.dds	season1/metin2_map_siege_03/002000/shadowmap.dds	1
season1/season1/interface/oxevent/frame_2.sub	season1/interface/oxevent/frame_2.sub	1
season1/season1/metin2_map_siege_01/002000/areaproperty.txt	season1/metin2_map_siege_01/002000/areaproperty.txt	1
season1/season1/interface/oxevent/ox_frame.dds	season1/interface/oxevent/ox_frame.dds	1
season1/season1/npc/cheonjo_guard_bow/00_1.msa	season1/npc/cheonjo_guard_bow/00_1.msa	1
season1/season1/monster/ch_magician/0005.tga	season1/monster/ch_magician/0005.tga	1
season1/season1/maimetin2_map_empirewar_a01/000000_minimap.bmp	season1/maimetin2_map_empirewar_a01/000000_minimap.bmp	1
season1/season1/metin2_map_sungzi_milgyo_pass_02/001000/areadata.txt	season1/metin2_map_sungzi_milgyo_pass_02/001000/areadata.txt	1
season1/season1/metin2_map_sungzi/001001/areaproperty.txt	season1/metin2_map_sungzi/001001/areaproperty.txt	1
season1/season1/monster/skeleton_king_e/03.msa	season1/monster/skeleton_king_e/03.msa	1
season1/season1/metin2_map_spiderdungeon_02/001002/tile.raw	season1/metin2_map_spiderdungeon_02/001002/tile.raw	1
season1/season1/maimetin2_map_empirewar_a01/000001_minimap.bmp	season1/maimetin2_map_empirewar_a01/000001_minimap.bmp	1
season1/season1/maimetin2_map_empirewar_a01/001000_minimap.bmp	season1/maimetin2_map_empirewar_a01/001000_minimap.bmp	1
season1/season1/npc/cheonjo_guard_spear/35.msa	season1/npc/cheonjo_guard_spear/35.msa	1
season1/season1/metin2_map_sungzi_snow_pass02/001001/areaambiencedata.txt	season1/metin2_map_sungzi_snow_pass02/001001/areaambiencedata.txt	1
season1/season1/metin2_map_empirewar_a01/000000/areaambiencedata.txt	season1/metin2_map_empirewar_a01/000000/areaambiencedata.txt	1
season1/season1/metin2_map_empirewar_a01/000000/areaproperty.txt	season1/metin2_map_empirewar_a01/000000/areaproperty.txt	1
season1/season1/metin2_map_empirewar_a01/000000/attr.atr	season1/metin2_map_empirewar_a01/000000/attr.atr	1
season1/season1/metin2_map_empirewar_a01/000000/tile.raw	season1/metin2_map_empirewar_a01/000000/tile.raw	1
season1/season1/metin2_map_skipia_dungeon_02/003000/attr.atr	season1/metin2_map_skipia_dungeon_02/003000/attr.atr	1
season1/season1/metin2_map_skipia_dungeon_02/004003/minimap.dds	season1/metin2_map_skipia_dungeon_02/004003/minimap.dds	1
season1/season1/monster/skeleton_king_e/34.msa	season1/monster/skeleton_king_e/34.msa	1
season1/season1/metin2_map_empirewar_a01/000000/water.wtr	season1/metin2_map_empirewar_a01/000000/water.wtr	1
season1/season1/metin2_map_nusluck01/000000/areadata.txt	season1/metin2_map_nusluck01/000000/areadata.txt	1
season1/season1/metin2_map_sungzi_desert_hill_01/000002/water.wtr	season1/metin2_map_sungzi_desert_hill_01/000002/water.wtr	1
season1/season1/metin2_map_empirewar_a01/000001/areaproperty.txt	season1/metin2_map_empirewar_a01/000001/areaproperty.txt	1
season1/season1/metin2_map_empirewar_a01/000001/attr.atr	season1/metin2_map_empirewar_a01/000001/attr.atr	1
season1/season1/metin2_map_sungzi_milgyo/002001/shadowmap.raw	season1/metin2_map_sungzi_milgyo/002001/shadowmap.raw	1
season1/season1/metin2_map_empirewar_a01/000001/minimap.dds	season1/metin2_map_empirewar_a01/000001/minimap.dds	1
season1/season1/metin2_map_ew02/002002/height.raw	season1/metin2_map_ew02/002002/height.raw	1
season1/season1/metin2_map_empirewar_a01/000001/shadowmap.raw	season1/metin2_map_empirewar_a01/000001/shadowmap.raw	1
season1/season1/monster/ch_bowman/skipia_bowman_back_damage.gr2	season1/monster/ch_bowman/skipia_bowman_back_damage.gr2	1
season1/season1/metin2_map_empirewar_a01/000001/water.wtr	season1/metin2_map_empirewar_a01/000001/water.wtr	1
season1/season1/metin2_map_siege_01/002001/water.wtr	season1/metin2_map_siege_01/002001/water.wtr	1
season1/season1/metin2_map_empirewar_a01/001000/areadata.txt	season1/metin2_map_empirewar_a01/001000/areadata.txt	1
season1/season1/metin2_map_empirewar_a01/001000/attr.atr	season1/metin2_map_empirewar_a01/001000/attr.atr	1
season1/season1/metin2_map_wl_01/002002/areaproperty.txt	season1/metin2_map_wl_01/002002/areaproperty.txt	1
season1/season1/metin2_map_empirewar_a01/001000/height.raw	season1/metin2_map_empirewar_a01/001000/height.raw	1
season1/season1/metin2_map_skipia_dungeon_01/005003/water.wtr	season1/metin2_map_skipia_dungeon_01/005003/water.wtr	1
season1/season1/npc/firestone/firestone.gr2	season1/npc/firestone/firestone.gr2	1
season1/season1/metin2_map_skipia_dungeon_02/001005/areaambiencedata.txt	season1/metin2_map_skipia_dungeon_02/001005/areaambiencedata.txt	1
season1/season1/metin2_map_empirewar_a01/001000/minimap.dds	season1/metin2_map_empirewar_a01/001000/minimap.dds	1
season1/season1/metin2_map_siege_03/001001/areaproperty.txt	season1/metin2_map_siege_03/001001/areaproperty.txt	1
season1/season1/metin2_map_shinsutest_01/002002/areadata.txt	season1/metin2_map_shinsutest_01/002002/areadata.txt	1
season1/season1/metin2_map_empirewar_a01/001000/water.wtr	season1/metin2_map_empirewar_a01/001000/water.wtr	1
season1/season1/npc/jinno_guard_bow/jinno_patrol_bow_lod_03.gr2	season1/npc/jinno_guard_bow/jinno_patrol_bow_lod_03.gr2	1
season1/season1/npc/cheonjo_guard_spear/cheonjo_patrol_spear_lod_02.gr2	season1/npc/cheonjo_guard_spear/cheonjo_patrol_spear_lod_02.gr2	1
season1/season1/metin2_map_skipia_dungeon_02/000003/height.raw	season1/metin2_map_skipia_dungeon_02/000003/height.raw	1
season1/season1/metin2_map_empirewar_a01/001001/areadata.txt	season1/metin2_map_empirewar_a01/001001/areadata.txt	1
season1/season1/metin2_map_skipia_dungeon_02/003003/attr.atr	season1/metin2_map_skipia_dungeon_02/003003/attr.atr	1
season1/season1/metin2_map_siege_02/002001/areaambiencedata.txt	season1/metin2_map_siege_02/002001/areaambiencedata.txt	1
season1/season1/metin2_map_empirewar_a01/001001/attr.atr	season1/metin2_map_empirewar_a01/001001/attr.atr	1
season1/season1/metin2_map_siege_02/002001/minimap.dds	season1/metin2_map_siege_02/002001/minimap.dds	1
season1/season1/metin2_map_empirewar_a01/001001/height.raw	season1/metin2_map_empirewar_a01/001001/height.raw	1
season1/season1/monster/ch_footman/shape.msm	season1/monster/ch_footman/shape.msm	1
season1/season1/metin2_map_skipia_dungeon_01/003000/areaproperty.txt	season1/metin2_map_skipia_dungeon_01/003000/areaproperty.txt	1
season1/season1/metin2_map_empirewar_a01/001001/minimap.dds	season1/metin2_map_empirewar_a01/001001/minimap.dds	1
season1/season1/metin2_map_sungzi_desert_01/000001/attr.atr	season1/metin2_map_sungzi_desert_01/000001/attr.atr	1
season1/season1/metin2_map_sungzi_flame_hill_03/001002/tile.raw	season1/metin2_map_sungzi_flame_hill_03/001002/tile.raw	1
season1/season1/metin2_map_sungzi_milgyo/000001/tile.raw	season1/metin2_map_sungzi_milgyo/000001/tile.raw	1
season1/season1/metin2_map_empirewar_a01/001001/shadowmap.raw	season1/metin2_map_empirewar_a01/001001/shadowmap.raw	1
season1/season1/monster/fox_ninetail_e/30_1.msa	season1/monster/fox_ninetail_e/30_1.msa	1
season1/season1/metin2_map_siege_02/000000/areaambiencedata.txt	season1/metin2_map_siege_02/000000/areaambiencedata.txt	1
season1/season1/metin2_map_empirewar_a01/001001/water.wtr	season1/metin2_map_empirewar_a01/001001/water.wtr	1
season1/season1/metin2_map_sungzi_snow_pass01/001002/shadowmap.raw	season1/metin2_map_sungzi_snow_pass01/001002/shadowmap.raw	1
season1/season1/metin2_map_ew02/setting.txt	season1/metin2_map_ew02/setting.txt	1
season1/season1/metin2_map_ew02/000000/areaambiencedata.txt	season1/metin2_map_ew02/000000/areaambiencedata.txt	1
season1/season1/metin2_map_skipia_dungeon_01/004002/shadowmap.dds	season1/metin2_map_skipia_dungeon_01/004002/shadowmap.dds	1
season1/season1/metin2_map_ew02/000000/areaproperty.txt	season1/metin2_map_ew02/000000/areaproperty.txt	1
season1/season1/metin2_map_ew02/000001/water.wtr	season1/metin2_map_ew02/000001/water.wtr	1
season1/season1/metin2_map_ew02/002000/areaambiencedata.txt	season1/metin2_map_ew02/002000/areaambiencedata.txt	1
season1/season1/metin2_map_ew02/000000/attr.atr	season1/metin2_map_ew02/000000/attr.atr	1
season1/season1/metin2_map_skipia_dungeon_01/003001/shadowmap.dds	season1/metin2_map_skipia_dungeon_01/003001/shadowmap.dds	1
season1/season1/npc/wondaim/wait.msa	season1/npc/wondaim/wait.msa	1
season1/season1/npc/sinsu_guard_spear/36.msa	season1/npc/sinsu_guard_spear/36.msa	1
season1/season1/metin2_map_ew02/000000/tile.raw	season1/metin2_map_ew02/000000/tile.raw	1
season1/season1/metin2_map_sungzi/000000/areadata.txt	season1/metin2_map_sungzi/000000/areadata.txt	1
season1/season1/metin2_map_wl_01/003000/shadowmap.raw	season1/metin2_map_wl_01/003000/shadowmap.raw	1
season1/season1/metin2_map_ew02/001003/areaambiencedata.txt	season1/metin2_map_ew02/001003/areaambiencedata.txt	1
season1/season1/metin2_map_ew02/000001/areadata.txt	season1/metin2_map_ew02/000001/areadata.txt	1
season1/season1/metin2_map_ew02/000001/areaproperty.txt	season1/metin2_map_ew02/000001/areaproperty.txt	1
season1/season1/metin2_map_wl_01/003003/shadowmap.dds	season1/metin2_map_wl_01/003003/shadowmap.dds	1
season1/season1/metin2_map_sungzi_snow_pass01/000001/areaproperty.txt	season1/metin2_map_sungzi_snow_pass01/000001/areaproperty.txt	1
season1/season1/metin2_map_shinsutest_01/001002/shadowmap.raw	season1/metin2_map_shinsutest_01/001002/shadowmap.raw	1
season1/season1/metin2_map_ew02/000001/attr.atr	season1/metin2_map_ew02/000001/attr.atr	1
season1/season1/metin2_map_ew02/000001/height.raw	season1/metin2_map_ew02/000001/height.raw	1
season1/season1/metin2_map_sungzi_milgyo_pass_03/000000/areaproperty.txt	season1/metin2_map_sungzi_milgyo_pass_03/000000/areaproperty.txt	1
season1/season1/npc/backchon/backchon.msm	season1/npc/backchon/backchon.msm	1
season1/season1/metin2_map_ew02/000001/tile.raw	season1/metin2_map_ew02/000001/tile.raw	1
season1/season1/metin2_map_ew02/000002/areaambiencedata.txt	season1/metin2_map_ew02/000002/areaambiencedata.txt	1
season1/season1/metin2_map_wl_01/000001/attr.atr	season1/metin2_map_wl_01/000001/attr.atr	1
season1/season1/metin2_map_skipia_bossdungeon/000000/areadata.txt	season1/metin2_map_skipia_bossdungeon/000000/areadata.txt	1
season1/season1/metin2_map_spiderdungeon_02/003001/areaambiencedata.txt	season1/metin2_map_spiderdungeon_02/003001/areaambiencedata.txt	1
season1/season1/metin2_map_sungzi_flame_hill_02/000002/water.wtr	season1/metin2_map_sungzi_flame_hill_02/000002/water.wtr	1
season1/season1/metin2_map_ew02/000002/tile.raw	season1/metin2_map_ew02/000002/tile.raw	1
season1/season1/metin2_map_ew02/000003/areaambiencedata.txt	season1/metin2_map_ew02/000003/areaambiencedata.txt	1
season1/season1/metin2_map_skipia_dungeon_02/002000/areadata.txt	season1/metin2_map_skipia_dungeon_02/002000/areadata.txt	1
season1/season1/metin2_map_sungzi/000000/areaproperty.txt	season1/metin2_map_sungzi/000000/areaproperty.txt	1
season1/season1/monster/giant_desert_turtle_e/25.msa	season1/monster/giant_desert_turtle_e/25.msa	1
season1/season1/metin2_map_ew02/000003/areadata.txt	season1/metin2_map_ew02/000003/areadata.txt	1
season1/season1/metin2_map_skipia_dungeon_02/001001/tile.raw	season1/metin2_map_skipia_dungeon_02/001001/tile.raw	1
season1/season1/npc/jinno_guard_bow/shape.msm	season1/npc/jinno_guard_bow/shape.msm	1
season1/season1/metin2_map_ew02/000003/areaproperty.txt	season1/metin2_map_ew02/000003/areaproperty.txt	1
season1/season1/metin2_map_skipia_dungeon_01/001001/areadata.txt	season1/metin2_map_skipia_dungeon_01/001001/areadata.txt	1
season1/season1/metin2_map_sungzi_snow/001000/shadowmap.raw	season1/metin2_map_sungzi_snow/001000/shadowmap.raw	1
season1/season1/metin2_map_ew02/000003/attr.atr	season1/metin2_map_ew02/000003/attr.atr	1
season1/season1/npc/jinno_guard_bow/jinno_patrol_bow.dds	season1/npc/jinno_guard_bow/jinno_patrol_bow.dds	1
season1/season1/metin2_map_ew02/000003/water.wtr	season1/metin2_map_ew02/000003/water.wtr	1
season1/season1/metin2_map_ew02/002002/attr.atr	season1/metin2_map_ew02/002002/attr.atr	1
season1/season1/metin2_map_sungzi_flame_hill_01/000000/areaproperty.txt	season1/metin2_map_sungzi_flame_hill_01/000000/areaproperty.txt	1
season1/season1/monster/ch_footman/skipia_footman_dead.msa	season1/monster/ch_footman/skipia_footman_dead.msa	1
season1/season1/metin2_map_skipia_dungeon_02/003004/tile.raw	season1/metin2_map_skipia_dungeon_02/003004/tile.raw	1
season1/season1/metin2_map_oxevent/000000/areadata.txt	season1/metin2_map_oxevent/000000/areadata.txt	1
season1/season1/metin2_map_sungzi_milgyo_pass_03/000001/shadowmap.raw	season1/metin2_map_sungzi_milgyo_pass_03/000001/shadowmap.raw	1
season1/season1/metin2_map_sungzi_milgyo_pass_03/000003/tile.raw	season1/metin2_map_sungzi_milgyo_pass_03/000003/tile.raw	1
season1/season1/metin2_map_sungzi_snow_pass01/001003/shadowmap.dds	season1/metin2_map_sungzi_snow_pass01/001003/shadowmap.dds	1
season1/season1/metin2_map_ew02/001000/areadata.txt	season1/metin2_map_ew02/001000/areadata.txt	1
season1/season1/npc/sinsu_guard_bow/36.msa	season1/npc/sinsu_guard_bow/36.msa	1
season1/season1/metin2_map_sungzi_flame_hill_02/000000/shadowmap.dds	season1/metin2_map_sungzi_flame_hill_02/000000/shadowmap.dds	1
season1/season1/metin2_map_ew02/001000/areaproperty.txt	season1/metin2_map_ew02/001000/areaproperty.txt	1
season1/season1/metin2_map_sungzi_milgyo_pass_02/001001/areaambiencedata.txt	season1/metin2_map_sungzi_milgyo_pass_02/001001/areaambiencedata.txt	1
season1/season1/metin2_map_ew02/001000/tile.raw	season1/metin2_map_ew02/001000/tile.raw	1
season1/season1/metin2_map_ew02/001000/water.wtr	season1/metin2_map_ew02/001000/water.wtr	1
season1/season1/metin2_map_sungzi_snow/mapproperty.txt	season1/metin2_map_sungzi_snow/mapproperty.txt	1
season1/season1/metin2_map_shinsutest_01/000000/areadata.txt	season1/metin2_map_shinsutest_01/000000/areadata.txt	1
season1/season1/metin2_map_sungzi_milgyo/000001/shadowmap.raw	season1/metin2_map_sungzi_milgyo/000001/shadowmap.raw	1
season1/season1/metin2_map_skipia_dungeon_02/004000/attr.atr	season1/metin2_map_skipia_dungeon_02/004000/attr.atr	1
season1/season1/metin2_map_sungzi_milgyo/002001/water.wtr	season1/metin2_map_sungzi_milgyo/002001/water.wtr	1
season1/season1/metin2_map_ew02/001001/areaambiencedata.txt	season1/metin2_map_ew02/001001/areaambiencedata.txt	1
season1/season1/metin2_map_ew02/001001/areaproperty.txt	season1/metin2_map_ew02/001001/areaproperty.txt	1
season1/season1/metin2_map_ew02/001001/attr.atr	season1/metin2_map_ew02/001001/attr.atr	1
season1/season1/metin2_map_siege_01/001002/shadowmap.dds	season1/metin2_map_siege_01/001002/shadowmap.dds	1
season1/season1/metin2_map_sungzi_milgyo_pass_01/001003/water.wtr	season1/metin2_map_sungzi_milgyo_pass_01/001003/water.wtr	1
season1/season1/metin2_map_skipia_dungeon_02/003003/areaambiencedata.txt	season1/metin2_map_skipia_dungeon_02/003003/areaambiencedata.txt	1
season1/season1/metin2_map_nusluck01/001000/shadowmap.dds	season1/metin2_map_nusluck01/001000/shadowmap.dds	1
season1/season1/metin2_map_ew02/001002/areaambiencedata.txt	season1/metin2_map_ew02/001002/areaambiencedata.txt	1
season1/season1/metin2_map_wl_01/000003/shadowmap.raw	season1/metin2_map_wl_01/000003/shadowmap.raw	1
season1/season1/metin2_map_ew02/001002/attr.atr	season1/metin2_map_ew02/001002/attr.atr	1
season1/season1/metin2_map_ew02/001002/height.raw	season1/metin2_map_ew02/001002/height.raw	1
season1/season1/metin2_map_skipia_dungeon_02/004005/attr.atr	season1/metin2_map_skipia_dungeon_02/004005/attr.atr	1
season1/season1/metin2_map_ew02/002003/areaambiencedata.txt	season1/metin2_map_ew02/002003/areaambiencedata.txt	1
season1/season1/metin2_map_ew02/001002/tile.raw	season1/metin2_map_ew02/001002/tile.raw	1
season1/season1/metin2_map_skipia_dungeon_01/000005/shadowmap.raw	season1/metin2_map_skipia_dungeon_01/000005/shadowmap.raw	1
season1/season1/metin2_map_sungzi_flame_hill_01/001001/shadowmap.dds	season1/metin2_map_sungzi_flame_hill_01/001001/shadowmap.dds	1
season1/season1/metin2_map_skipia_dungeon_01/002000/areaambiencedata.txt	season1/metin2_map_skipia_dungeon_01/002000/areaambiencedata.txt	1
season1/season1/metin2_map_ew02/001003/areaproperty.txt	season1/metin2_map_ew02/001003/areaproperty.txt	1
season1/season1/metin2_map_skipia_dungeon_01/000001/shadowmap.raw	season1/metin2_map_skipia_dungeon_01/000001/shadowmap.raw	1
season1/season1/metin2_map_ew02/001003/water.wtr	season1/metin2_map_ew02/001003/water.wtr	1
season1/season1/metin2_map_sungzi_snow_pass03/000002/areaambiencedata.txt	season1/metin2_map_sungzi_snow_pass03/000002/areaambiencedata.txt	1
season1/season1/metin2_map_ew02/002000/attr.atr	season1/metin2_map_ew02/002000/attr.atr	1
season1/season1/metin2_map_siege_01/001000/tile.raw	season1/metin2_map_siege_01/001000/tile.raw	1
season1/season1/metin2_map_shinsutest_01/000002/tile.raw	season1/metin2_map_shinsutest_01/000002/tile.raw	1
season1/season1/metin2_map_ew02/002000/water.wtr	season1/metin2_map_ew02/002000/water.wtr	1
season1/season1/metin2_map_nusluck01/001001/areadata.txt	season1/metin2_map_nusluck01/001001/areadata.txt	1
season1/season1/metin2_map_ew02/002001/areaambiencedata.txt	season1/metin2_map_ew02/002001/areaambiencedata.txt	1
season1/season1/metin2_map_ew02/002001/areadata.txt	season1/metin2_map_ew02/002001/areadata.txt	1
season1/season1/metin2_map_ew02/002001/water.wtr	season1/metin2_map_ew02/002001/water.wtr	1
season1/season1/metin2_map_sungzi_flame_hill_01/000002/shadowmap.dds	season1/metin2_map_sungzi_flame_hill_01/000002/shadowmap.dds	1
season1/season1/metin2_map_ew02/002002/areaproperty.txt	season1/metin2_map_ew02/002002/areaproperty.txt	1
season1/season1/metin2_map_sungzi_desert_hill_01/000002/areaproperty.txt	season1/metin2_map_sungzi_desert_hill_01/000002/areaproperty.txt	1
season1/season1/metin2_map_ew02/002002/tile.raw	season1/metin2_map_ew02/002002/tile.raw	1
season1/season1/metin2_map_spiderdungeon_02/002000/minimap.dds	season1/metin2_map_spiderdungeon_02/002000/minimap.dds	1
season1/season1/metin2_map_ew02/002003/areadata.txt	season1/metin2_map_ew02/002003/areadata.txt	1
season1/season1/metin2_map_ew02/002003/attr.atr	season1/metin2_map_ew02/002003/attr.atr	1
season1/season1/metin2_map_siege_02/000001/areadata.txt	season1/metin2_map_siege_02/000001/areadata.txt	1
season1/season1/metin2_map_nusluck01/000001/areaambiencedata.txt	season1/metin2_map_nusluck01/000001/areaambiencedata.txt	1
season1/season1/metin2_map_sungzi_milgyo_pass_01/001001/areaambiencedata.txt	season1/metin2_map_sungzi_milgyo_pass_01/001001/areaambiencedata.txt	1
season1/season1/metin2_map_skipia_dungeon_02/000005/tile.raw	season1/metin2_map_skipia_dungeon_02/000005/tile.raw	1
season1/season1/metin2_map_ew02/002003/height.raw	season1/metin2_map_ew02/002003/height.raw	1
season1/season1/metin2_map_skipia_dungeon_01/004003/areadata.txt	season1/metin2_map_skipia_dungeon_01/004003/areadata.txt	1
season1/season1/metin2_map_ew02/002003/tile.raw	season1/metin2_map_ew02/002003/tile.raw	1
season1/season1/metin2_map_skipia_dungeon_02/001001/areaambiencedata.txt	season1/metin2_map_skipia_dungeon_02/001001/areaambiencedata.txt	1
season1/season1/metin2_map_skipia_dungeon_01/000000/shadowmap.raw	season1/metin2_map_skipia_dungeon_01/000000/shadowmap.raw	1
season1/season1/metin2_map_siege_02/002002/areaambiencedata.txt	season1/metin2_map_siege_02/002002/areaambiencedata.txt	1
season1/season1/metin2_map_ew02/002003/water.wtr	season1/metin2_map_ew02/002003/water.wtr	1
season1/season1/metin2_map_ew02/003000/areaambiencedata.txt	season1/metin2_map_ew02/003000/areaambiencedata.txt	1
season1/season1/metin2_map_ew02/003000/tile.raw	season1/metin2_map_ew02/003000/tile.raw	1
season1/season1/monster/ch_footman/skipia_footman_attack1.msa	season1/monster/ch_footman/skipia_footman_attack1.msa	1
season1/season1/metin2_map_siege_02/002002/minimap.dds	season1/metin2_map_siege_02/002002/minimap.dds	1
season1/season1/metin2_map_sungzi_snow_pass01/001002/areaproperty.txt	season1/metin2_map_sungzi_snow_pass01/001002/areaproperty.txt	1
season1/season1/metin2_map_ew02/003001/attr.atr	season1/metin2_map_ew02/003001/attr.atr	1
season1/season1/metin2_map_ew02/003001/height.raw	season1/metin2_map_ew02/003001/height.raw	1
season1/season1/metin2_map_oxevent/000000/tile.raw	season1/metin2_map_oxevent/000000/tile.raw	1
season1/season1/metin2_map_sungzi_milgyo_pass_03/001001/height.raw	season1/metin2_map_sungzi_milgyo_pass_03/001001/height.raw	1
season1/season1/metin2_map_shinsutest_01/002002/attr.atr	season1/metin2_map_shinsutest_01/002002/attr.atr	1
season1/season1/metin2_map_spiderdungeon_02/003000/height.raw	season1/metin2_map_spiderdungeon_02/003000/height.raw	1
season1/season1/metin2_map_ew02/003002/areaambiencedata.txt	season1/metin2_map_ew02/003002/areaambiencedata.txt	1
season1/season1/metin2_map_sungzi_milgyo_pass_02/001002/water.wtr	season1/metin2_map_sungzi_milgyo_pass_02/001002/water.wtr	1
season1/season1/metin2_map_spiderdungeon_02/001003/shadowmap.dds	season1/metin2_map_spiderdungeon_02/001003/shadowmap.dds	1
season1/season1/metin2_map_ew02/003002/areadata.txt	season1/metin2_map_ew02/003002/areadata.txt	1
season1/season1/metin2_map_ew02/003002/areaproperty.txt	season1/metin2_map_ew02/003002/areaproperty.txt	1
season1/season1/metin2_map_sungzi_desert_hill_01/001001/tile.raw	season1/metin2_map_sungzi_desert_hill_01/001001/tile.raw	1
season1/season1/metin2_map_ew02/003002/height.raw	season1/metin2_map_ew02/003002/height.raw	1
season1/season1/metin2_map_ew02/003002/water.wtr	season1/metin2_map_ew02/003002/water.wtr	1
season1/season1/metin2_map_skipia_dungeon_01/004002/shadowmap.raw	season1/metin2_map_skipia_dungeon_01/004002/shadowmap.raw	1
season1/season1/metin2_map_ew02/003003/areaambiencedata.txt	season1/metin2_map_ew02/003003/areaambiencedata.txt	1
season1/season1/npc/cheonjo_guard_bow/36.msa	season1/npc/cheonjo_guard_bow/36.msa	1
season1/season1/metin2_map_ew02/003003/areaproperty.txt	season1/metin2_map_ew02/003003/areaproperty.txt	1
season1/season1/metin2_map_skipia_dungeon_02/003002/shadowmap.raw	season1/metin2_map_skipia_dungeon_02/003002/shadowmap.raw	1
season1/season1/pc/sura/sura_0-3_novice_red_a.dds	season1/pc/sura/sura_0-3_novice_red_a.dds	1
season1/season1/metin2_map_siege_01/000002/tile.raw	season1/metin2_map_siege_01/000002/tile.raw	1
season1/season1/monster/ch_bowman/skipia_bowman_attack.msa	season1/monster/ch_bowman/skipia_bowman_attack.msa	1
season1/season1/metin2_map_ew02/003003/height.raw	season1/metin2_map_ew02/003003/height.raw	1
season1/season1/metin2_map_sungzi_desert_01/000002/tile.raw	season1/metin2_map_sungzi_desert_01/000002/tile.raw	1
season1/season1/metin2_map_ew02/003003/tile.raw	season1/metin2_map_ew02/003003/tile.raw	1
season1/season1/metin2_map_sungzi_desert_hill_02/000002/areadata.txt	season1/metin2_map_sungzi_desert_hill_02/000002/areadata.txt	1
season1/season1/metin2_map_siege_01/001000/attr.atr	season1/metin2_map_siege_01/001000/attr.atr	1
season1/season1/metin2_map_nusluck01/setting.txt	season1/metin2_map_nusluck01/setting.txt	1
season1/season1/metin2_map_nusluck01/000000/areaproperty.txt	season1/metin2_map_nusluck01/000000/areaproperty.txt	1
season1/season1/metin2_map_sungzi_milgyo_pass_02/000001/height.raw	season1/metin2_map_sungzi_milgyo_pass_02/000001/height.raw	1
season1/season1/metin2_map_nusluck01/000000/shadowmap.dds	season1/metin2_map_nusluck01/000000/shadowmap.dds	1
season1/season1/metin2_map_nusluck01/000000/water.wtr	season1/metin2_map_nusluck01/000000/water.wtr	1
season1/season1/metin2_map_skipia_dungeon_01/003005/tile.raw	season1/metin2_map_skipia_dungeon_01/003005/tile.raw	1
season1/season1/npc/cheonjo_guard_bow/30_1.msa	season1/npc/cheonjo_guard_bow/30_1.msa	1
season1/season1/metin2_map_nusluck01/000001/areadata.txt	season1/metin2_map_nusluck01/000001/areadata.txt	1
season1/season1/metin2_map_skipia_dungeon_02/001003/attr.atr	season1/metin2_map_skipia_dungeon_02/001003/attr.atr	1
season1/season1/metin2_map_sungzi_milgyo/002001/tile.raw	season1/metin2_map_sungzi_milgyo/002001/tile.raw	1
season1/season1/metin2_map_sungzi_desert_hill_01/001002/minimap.dds	season1/metin2_map_sungzi_desert_hill_01/001002/minimap.dds	1
season1/season1/metin2_map_nusluck01/000001/areaproperty.txt	season1/metin2_map_nusluck01/000001/areaproperty.txt	1
season1/season1/monster/skeleton_god_e/31.msa	season1/monster/skeleton_god_e/31.msa	1
season1/season1/metin2_map_skipia_dungeon_02/001000/minimap.dds	season1/metin2_map_skipia_dungeon_02/001000/minimap.dds	1
season1/season1/metin2_map_skipia_dungeon_01/002005/areaproperty.txt	season1/metin2_map_skipia_dungeon_01/002005/areaproperty.txt	1
season1/season1/metin2_map_nusluck01/000001/shadowmap.raw	season1/metin2_map_nusluck01/000001/shadowmap.raw	1
season1/season1/metin2_map_siege_02/002002/water.wtr	season1/metin2_map_siege_02/002002/water.wtr	1
season1/season1/metin2_map_nusluck01/001000/areaambiencedata.txt	season1/metin2_map_nusluck01/001000/areaambiencedata.txt	1
season1/season1/metin2_map_sungzi_milgyo_pass_01/001000/tile.raw	season1/metin2_map_sungzi_milgyo_pass_01/001000/tile.raw	1
season1/season1/metin2_map_skipia_dungeon_02/003003/shadowmap.dds	season1/metin2_map_skipia_dungeon_02/003003/shadowmap.dds	1
season1/season1/metin2_map_skipia_dungeon_01/003004/attr.atr	season1/metin2_map_skipia_dungeon_01/003004/attr.atr	1
season1/season1/metin2_map_nusluck01/001000/areadata.txt	season1/metin2_map_nusluck01/001000/areadata.txt	1
season1/season1/npc/ayuka/ayuka.msm	season1/npc/ayuka/ayuka.msm	1
season1/season1/metin2_map_nusluck01/001001/areaambiencedata.txt	season1/metin2_map_nusluck01/001001/areaambiencedata.txt	1
season1/season1/metin2_map_sungzi_milgyo_pass_02/001003/shadowmap.dds	season1/metin2_map_sungzi_milgyo_pass_02/001003/shadowmap.dds	1
season1/season1/metin2_map_nusluck01/001000/attr.atr	season1/metin2_map_nusluck01/001000/attr.atr	1
season1/season1/metin2_map_nusluck01/001000/height.raw	season1/metin2_map_nusluck01/001000/height.raw	1
season1/season1/metin2_map_skipia_dungeon_01/000002/areadata.txt	season1/metin2_map_skipia_dungeon_01/000002/areadata.txt	1
season1/season1/metin2_map_nusluck01/001000/tile.raw	season1/metin2_map_nusluck01/001000/tile.raw	1
season1/season1/metin2_map_sungzi_milgyo_pass_01/000001/height.raw	season1/metin2_map_sungzi_milgyo_pass_01/000001/height.raw	1
season1/season1/metin2_map_wl_01/001002/minimap.dds	season1/metin2_map_wl_01/001002/minimap.dds	1
season1/season1/metin2_map_skipia_dungeon_02/002003/tile.raw	season1/metin2_map_skipia_dungeon_02/002003/tile.raw	1
season1/season1/metin2_map_siege_01/002001/attr.atr	season1/metin2_map_siege_01/002001/attr.atr	1
season1/season1/metin2_map_nusluck01/001001/attr.atr	season1/metin2_map_nusluck01/001001/attr.atr	1
season1/season1/metin2_map_nusluck01/001001/height.raw	season1/metin2_map_nusluck01/001001/height.raw	1
season1/season1/metin2_map_nusluck01/001001/minimap.dds	season1/metin2_map_nusluck01/001001/minimap.dds	1
season1/season1/metin2_map_skipia_dungeon_02/000005/height.raw	season1/metin2_map_skipia_dungeon_02/000005/height.raw	1
season1/season1/metin2_map_skipia_dungeon_02/000000/areadata.txt	season1/metin2_map_skipia_dungeon_02/000000/areadata.txt	1
season1/season1/metin2_map_nusluck01/001001/shadowmap.raw	season1/metin2_map_nusluck01/001001/shadowmap.raw	1
season1/season1/metin2_map_sungzi_flame_hill_03/001000/attr.atr	season1/metin2_map_sungzi_flame_hill_03/001000/attr.atr	1
season1/season1/metin2_map_nusluck01/001001/tile.raw	season1/metin2_map_nusluck01/001001/tile.raw	1
season1/season1/metin2_map_skipia_dungeon_01/002002/areaambiencedata.txt	season1/metin2_map_skipia_dungeon_01/002002/areaambiencedata.txt	1
season1/season1/metin2_map_nusluck01/001001/water.wtr	season1/metin2_map_nusluck01/001001/water.wtr	1
season1/season1/metin2_map_sungzi/001000/areaambiencedata.txt	season1/metin2_map_sungzi/001000/areaambiencedata.txt	1
season1/season1/metin2_map_wl_01/000000/shadowmap.raw	season1/metin2_map_wl_01/000000/shadowmap.raw	1
season1/season1/metin2_map_siege_03/001000/shadowmap.raw	season1/metin2_map_siege_03/001000/shadowmap.raw	1
season1/season1/metin2_map_oxevent/mapproperty.txt	season1/metin2_map_oxevent/mapproperty.txt	1
season1/season1/metin2_map_oxevent/000000/areaambiencedata.txt	season1/metin2_map_oxevent/000000/areaambiencedata.txt	1
season1/season1/metin2_map_sungzi_snow_pass03/001003/shadowmap.dds	season1/metin2_map_sungzi_snow_pass03/001003/shadowmap.dds	1
season1/season1/metin2_map_siege_03/002000/tile.raw	season1/metin2_map_siege_03/002000/tile.raw	1
season1/season1/metin2_map_oxevent/000000/attr.atr	season1/metin2_map_oxevent/000000/attr.atr	1
season1/season1/metin2_map_wl_01/001001/height.raw	season1/metin2_map_wl_01/001001/height.raw	1
season1/season1/metin2_map_siege_03/002002/shadowmap.raw	season1/metin2_map_siege_03/002002/shadowmap.raw	1
season1/season1/metin2_map_oxevent/000000/shadowmap.raw	season1/metin2_map_oxevent/000000/shadowmap.raw	1
season1/season1/metin2_map_skipia_dungeon_02/000001/shadowmap.dds	season1/metin2_map_skipia_dungeon_02/000001/shadowmap.dds	1
season1/season1/metin2_map_oxevent/000001/areaambiencedata.txt	season1/metin2_map_oxevent/000001/areaambiencedata.txt	1
season1/season1/metin2_map_oxevent/000001/areadata.txt	season1/metin2_map_oxevent/000001/areadata.txt	1
season1/season1/metin2_map_skipia_dungeon_02/002003/areaambiencedata.txt	season1/metin2_map_skipia_dungeon_02/002003/areaambiencedata.txt	1
season1/season1/metin2_map_oxevent/000001/areaproperty.txt	season1/metin2_map_oxevent/000001/areaproperty.txt	1
season1/season1/metin2_map_sungzi_snow_pass01/000001/tile.raw	season1/metin2_map_sungzi_snow_pass01/000001/tile.raw	1
season1/season1/metin2_map_oxevent/000001/tile.raw	season1/metin2_map_oxevent/000001/tile.raw	1
season1/season1/monster/ch_magician/skipia_magician_back_knockdown.msa	season1/monster/ch_magician/skipia_magician_back_knockdown.msa	1
season1/season1/metin2_map_oxevent/001000/areadata.txt	season1/metin2_map_oxevent/001000/areadata.txt	1
season1/season1/metin2_map_sungzi_desert_hill_03/000001/water.wtr	season1/metin2_map_sungzi_desert_hill_03/000001/water.wtr	1
season1/season1/metin2_map_oxevent/001000/areaproperty.txt	season1/metin2_map_oxevent/001000/areaproperty.txt	1
season1/season1/metin2_map_oxevent/001000/minimap.dds	season1/metin2_map_oxevent/001000/minimap.dds	1
season1/season1/metin2_map_oxevent/001000/shadowmap.raw	season1/metin2_map_oxevent/001000/shadowmap.raw	1
season1/season1/metin2_map_sungzi_flame_hill_01/000001/attr.atr	season1/metin2_map_sungzi_flame_hill_01/000001/attr.atr	1
season1/season1/metin2_map_skipia_dungeon_02/004001/shadowmap.raw	season1/metin2_map_skipia_dungeon_02/004001/shadowmap.raw	1
season1/season1/metin2_map_skipia_dungeon_02/000002/water.wtr	season1/metin2_map_skipia_dungeon_02/000002/water.wtr	1
season1/season1/metin2_map_sungzi_milgyo_pass_01/001001/height.raw	season1/metin2_map_sungzi_milgyo_pass_01/001001/height.raw	1
season1/season1/metin2_map_oxevent/001000/tile.raw	season1/metin2_map_oxevent/001000/tile.raw	1
season1/season1/npc/jinno_guard_spear/03.msa	season1/npc/jinno_guard_spear/03.msa	1
season1/season1/metin2_map_skipia_dungeon_01/004001/areaambiencedata.txt	season1/metin2_map_skipia_dungeon_01/004001/areaambiencedata.txt	1
season1/season1/metin2_map_oxevent/001000/water.wtr	season1/metin2_map_oxevent/001000/water.wtr	1
season1/season1/metin2_map_oxevent/001001/areaambiencedata.txt	season1/metin2_map_oxevent/001001/areaambiencedata.txt	1
season1/season1/monster/ch_footman/skipia_footman_run.msa	season1/monster/ch_footman/skipia_footman_run.msa	1
season1/season1/metin2_map_sungzi_snow_pass02/001003/water.wtr	season1/metin2_map_sungzi_snow_pass02/001003/water.wtr	1
season1/season1/metin2_map_oxevent/001001/attr.atr	season1/metin2_map_oxevent/001001/attr.atr	1
season1/season1/metin2_map_oxevent/001001/height.raw	season1/metin2_map_oxevent/001001/height.raw	1
season1/season1/metin2_map_sungzi_desert_hill_03/setting.txt	season1/metin2_map_sungzi_desert_hill_03/setting.txt	1
season1/season1/metin2_map_siege_03/setting.txt	season1/metin2_map_siege_03/setting.txt	1
season1/season1/metin2_map_oxevent/001001/minimap.dds	season1/metin2_map_oxevent/001001/minimap.dds	1
season1/season1/metin2_map_skipia_dungeon_01/002001/areadata.txt	season1/metin2_map_skipia_dungeon_01/002001/areadata.txt	1
season1/season1/npc/sinseon/stand00.gr2	season1/npc/sinseon/stand00.gr2	1
season1/season1/metin2_map_oxevent/001001/shadowmap.dds	season1/metin2_map_oxevent/001001/shadowmap.dds	1
season1/season1/monster/ch_officer/skipia_officer_front_damage1.msa	season1/monster/ch_officer/skipia_officer_front_damage1.msa	1
season1/season1/metin2_map_oxevent/001001/tile.raw	season1/metin2_map_oxevent/001001/tile.raw	1
season1/season1/metin2_map_shinsutest_01/mapproperty.txt	season1/metin2_map_shinsutest_01/mapproperty.txt	1
season1/season1/metin2_map_shinsutest_01/000000/areaproperty.txt	season1/metin2_map_shinsutest_01/000000/areaproperty.txt	1
season1/season1/metin2_map_spider_bossdungeon/000000/height.raw	season1/metin2_map_spider_bossdungeon/000000/height.raw	1
season1/season1/metin2_map_shinsutest_01/000000/minimap.dds	season1/metin2_map_shinsutest_01/000000/minimap.dds	1
season1/season1/metin2_map_siege_01/001001/shadowmap.dds	season1/metin2_map_siege_01/001001/shadowmap.dds	1
season1/season1/metin2_map_skipia_dungeon_01/002004/areadata.txt	season1/metin2_map_skipia_dungeon_01/002004/areadata.txt	1
season1/season1/metin2_map_shinsutest_01/000000/shadowmap.raw	season1/metin2_map_shinsutest_01/000000/shadowmap.raw	1
season1/season1/metin2_map_shinsutest_01/000002/shadowmap.dds	season1/metin2_map_shinsutest_01/000002/shadowmap.dds	1
season1/season1/metin2_map_siege_03/001000/shadowmap.dds	season1/metin2_map_siege_03/001000/shadowmap.dds	1
season1/season1/metin2_map_wl_01/003000/areaambiencedata.txt	season1/metin2_map_wl_01/003000/areaambiencedata.txt	1
season1/season1/metin2_map_shinsutest_01/000001/areadata.txt	season1/metin2_map_shinsutest_01/000001/areadata.txt	1
season1/season1/npc/waterstone/waterstone.gr2	season1/npc/waterstone/waterstone.gr2	1
season1/season1/metin2_map_siege_01/000000/height.raw	season1/metin2_map_siege_01/000000/height.raw	1
season1/season1/metin2_map_siege_03/001002/areadata.txt	season1/metin2_map_siege_03/001002/areadata.txt	1
season1/season1/metin2_map_shinsutest_01/000001/areaproperty.txt	season1/metin2_map_shinsutest_01/000001/areaproperty.txt	1
season1/season1/metin2_map_sungzi_desert_hill_03/000003/areaambiencedata.txt	season1/metin2_map_sungzi_desert_hill_03/000003/areaambiencedata.txt	1
season1/season1/metin2_map_skipia_dungeon_02/002004/height.raw	season1/metin2_map_skipia_dungeon_02/002004/height.raw	1
season1/season1/metin2_map_shinsutest_01/000001/shadowmap.dds	season1/metin2_map_shinsutest_01/000001/shadowmap.dds	1
season1/season1/metin2_map_skipia_bossdungeon/mapproperty.txt	season1/metin2_map_skipia_bossdungeon/mapproperty.txt	1
season1/season1/metin2_map_sungzi_desert_hill_01/001003/water.wtr	season1/metin2_map_sungzi_desert_hill_01/001003/water.wtr	1
season1/season1/metin2_map_siege_02/001002/areaambiencedata.txt	season1/metin2_map_siege_02/001002/areaambiencedata.txt	1
season1/season1/metin2_map_shinsutest_01/000002/areadata.txt	season1/metin2_map_shinsutest_01/000002/areadata.txt	1
season1/season1/metin2_map_skipia_dungeon_02/001002/height.raw	season1/metin2_map_skipia_dungeon_02/001002/height.raw	1
season1/season1/metin2_map_shinsutest_01/000002/areaproperty.txt	season1/metin2_map_shinsutest_01/000002/areaproperty.txt	1
season1/season1/metin2_map_skipia_dungeon_01/001005/height.raw	season1/metin2_map_skipia_dungeon_01/001005/height.raw	1
season1/season1/metin2_map_shinsutest_01/000002/attr.atr	season1/metin2_map_shinsutest_01/000002/attr.atr	1
season1/season1/metin2_map_shinsutest_01/000002/height.raw	season1/metin2_map_shinsutest_01/000002/height.raw	1
season1/season1/metin2_map_shinsutest_01/000002/water.wtr	season1/metin2_map_shinsutest_01/000002/water.wtr	1
season1/season1/metin2_map_sungzi_snow/002001/height.raw	season1/metin2_map_sungzi_snow/002001/height.raw	1
season1/season1/metin2_map_skipia_dungeon_02/001004/shadowmap.raw	season1/metin2_map_skipia_dungeon_02/001004/shadowmap.raw	1
season1/season1/metin2_map_shinsutest_01/001000/areaambiencedata.txt	season1/metin2_map_shinsutest_01/001000/areaambiencedata.txt	1
season1/season1/metin2_map_shinsutest_01/001000/areadata.txt	season1/metin2_map_shinsutest_01/001000/areadata.txt	1
season1/season1/metin2_map_shinsutest_01/001000/areaproperty.txt	season1/metin2_map_shinsutest_01/001000/areaproperty.txt	1
season1/season1/metin2_map_sungzi_milgyo/000002/water.wtr	season1/metin2_map_sungzi_milgyo/000002/water.wtr	1
season1/season1/metin2_map_shinsutest_01/001000/attr.atr	season1/metin2_map_shinsutest_01/001000/attr.atr	1
season1/season1/metin2_map_shinsutest_01/001000/height.raw	season1/metin2_map_shinsutest_01/001000/height.raw	1
season1/season1/metin2_map_sungzi_snow_pass01/001002/areadata.txt	season1/metin2_map_sungzi_snow_pass01/001002/areadata.txt	1
season1/season1/metin2_map_sungzi_snow_pass01/000002/minimap.dds	season1/metin2_map_sungzi_snow_pass01/000002/minimap.dds	1
season1/season1/metin2_map_shinsutest_01/001000/shadowmap.dds	season1/metin2_map_shinsutest_01/001000/shadowmap.dds	1
season1/season1/metin2_map_shinsutest_01/001000/water.wtr	season1/metin2_map_shinsutest_01/001000/water.wtr	1
season1/season1/metin2_map_skipia_dungeon_01/000000/areaambiencedata.txt	season1/metin2_map_skipia_dungeon_01/000000/areaambiencedata.txt	1
season1/season1/metin2_map_siege_01/001001/shadowmap.raw	season1/metin2_map_siege_01/001001/shadowmap.raw	1
season1/season1/metin2_map_shinsutest_01/002002/tile.raw	season1/metin2_map_shinsutest_01/002002/tile.raw	1
season1/season1/metin2_map_shinsutest_01/001001/areaambiencedata.txt	season1/metin2_map_shinsutest_01/001001/areaambiencedata.txt	1
season1/season1/metin2_map_shinsutest_01/001001/areadata.txt	season1/metin2_map_shinsutest_01/001001/areadata.txt	1
season1/season1/metin2_map_skipia_dungeon_02/002005/minimap.dds	season1/metin2_map_skipia_dungeon_02/002005/minimap.dds	1
season1/season1/metin2_map_sungzi_snow_pass01/000000/attr.atr	season1/metin2_map_sungzi_snow_pass01/000000/attr.atr	1
season1/season1/metin2_map_skipia_dungeon_02/004005/height.raw	season1/metin2_map_skipia_dungeon_02/004005/height.raw	1
season1/season1/metin2_map_shinsutest_01/001001/height.raw	season1/metin2_map_shinsutest_01/001001/height.raw	1
season1/season1/metin2_map_skipia_dungeon_02/004000/minimap.dds	season1/metin2_map_skipia_dungeon_02/004000/minimap.dds	1
season1/season1/metin2_map_shinsutest_01/001001/minimap.dds	season1/metin2_map_shinsutest_01/001001/minimap.dds	1
season1/season1/metin2_map_sungzi_desert_hill_03/001000/shadowmap.dds	season1/metin2_map_sungzi_desert_hill_03/001000/shadowmap.dds	1
season1/season1/metin2_map_siege_01/001001/water.wtr	season1/metin2_map_siege_01/001001/water.wtr	1
season1/season1/metin2_map_wl_01/003001/attr.atr	season1/metin2_map_wl_01/003001/attr.atr	1
season1/season1/metin2_map_sungzi_milgyo_pass_02/001003/tile.raw	season1/metin2_map_sungzi_milgyo_pass_02/001003/tile.raw	1
season1/season1/metin2_map_sungzi_milgyo_pass_03/001003/height.raw	season1/metin2_map_sungzi_milgyo_pass_03/001003/height.raw	1
season1/season1/metin2_map_shinsutest_01/001001/shadowmap.dds	season1/metin2_map_shinsutest_01/001001/shadowmap.dds	1
season1/season1/metin2_map_sungzi_desert_01/001002/shadowmap.raw	season1/metin2_map_sungzi_desert_01/001002/shadowmap.raw	1
season1/season1/metin2_map_shinsutest_01/001002/areaambiencedata.txt	season1/metin2_map_shinsutest_01/001002/areaambiencedata.txt	1
season1/season1/metin2_map_skipia_dungeon_02/003005/shadowmap.raw	season1/metin2_map_skipia_dungeon_02/003005/shadowmap.raw	1
season1/season1/metin2_map_shinsutest_01/001002/areadata.txt	season1/metin2_map_shinsutest_01/001002/areadata.txt	1
season1/season1/metin2_map_shinsutest_01/001002/areaproperty.txt	season1/metin2_map_shinsutest_01/001002/areaproperty.txt	1
season1/season1/metin2_map_skipia_dungeon_02/001003/minimap.dds	season1/metin2_map_skipia_dungeon_02/001003/minimap.dds	1
season1/season1/metin2_map_shinsutest_01/001002/height.raw	season1/metin2_map_shinsutest_01/001002/height.raw	1
season1/season1/monster/ch_general/skipia_general_back_standup.gr2	season1/monster/ch_general/skipia_general_back_standup.gr2	1
season1/season1/metin2_map_sungzi_desert_01/001001/shadowmap.dds	season1/metin2_map_sungzi_desert_01/001001/shadowmap.dds	1
season1/season1/metin2_map_shinsutest_01/002000/areaambiencedata.txt	season1/metin2_map_shinsutest_01/002000/areaambiencedata.txt	1
season1/season1/metin2_map_shinsutest_01/002000/areaproperty.txt	season1/metin2_map_shinsutest_01/002000/areaproperty.txt	1
season1/season1/metin2_map_skipia_dungeon_01/002005/areadata.txt	season1/metin2_map_skipia_dungeon_01/002005/areadata.txt	1
season1/season1/metin2_map_shinsutest_01/002000/shadowmap.raw	season1/metin2_map_shinsutest_01/002000/shadowmap.raw	1
season1/season1/metin2_map_shinsutest_01/002000/tile.raw	season1/metin2_map_shinsutest_01/002000/tile.raw	1
season1/season1/metin2_map_shinsutest_01/002000/water.wtr	season1/metin2_map_shinsutest_01/002000/water.wtr	1
season1/season1/metin2_map_siege_03/001001/areadata.txt	season1/metin2_map_siege_03/001001/areadata.txt	1
season1/season1/metin2_map_sungzi_milgyo_pass_02/001003/areaambiencedata.txt	season1/metin2_map_sungzi_milgyo_pass_02/001003/areaambiencedata.txt	1
season1/season1/metin2_map_sungzi_desert_hill_03/001000/shadowmap.raw	season1/metin2_map_sungzi_desert_hill_03/001000/shadowmap.raw	1
season1/season1/metin2_map_spiderdungeon_02/003001/minimap.dds	season1/metin2_map_spiderdungeon_02/003001/minimap.dds	1
season1/season1/metin2_map_shinsutest_01/002001/areaambiencedata.txt	season1/metin2_map_shinsutest_01/002001/areaambiencedata.txt	1
season1/season1/metin2_map_shinsutest_01/002001/areaproperty.txt	season1/metin2_map_shinsutest_01/002001/areaproperty.txt	1
season1/season1/metin2_map_shinsutest_01/002001/minimap.dds	season1/metin2_map_shinsutest_01/002001/minimap.dds	1
season1/season1/metin2_map_siege_03/001002/shadowmap.raw	season1/metin2_map_siege_03/001002/shadowmap.raw	1
season1/season1/metin2_map_shinsutest_01/002001/shadowmap.dds	season1/metin2_map_shinsutest_01/002001/shadowmap.dds	1
season1/season1/metin2_map_shinsutest_01/002001/shadowmap.raw	season1/metin2_map_shinsutest_01/002001/shadowmap.raw	1
season1/season1/metin2_map_shinsutest_01/002001/tile.raw	season1/metin2_map_shinsutest_01/002001/tile.raw	1
season1/season1/metin2_map_shinsutest_01/002002/areaambiencedata.txt	season1/metin2_map_shinsutest_01/002002/areaambiencedata.txt	1
season1/season1/metin2_map_siege_01/000001/areadata.txt	season1/metin2_map_siege_01/000001/areadata.txt	1
season1/season1/metin2_map_sungzi_snow_pass01/001003/minimap.dds	season1/metin2_map_sungzi_snow_pass01/001003/minimap.dds	1
season1/season1/metin2_map_skipia_dungeon_01/002002/tile.raw	season1/metin2_map_skipia_dungeon_01/002002/tile.raw	1
season1/season1/metin2_map_siege_02/002002/shadowmap.dds	season1/metin2_map_siege_02/002002/shadowmap.dds	1
season1/season1/metin2_map_shinsutest_01/002002/height.raw	season1/metin2_map_shinsutest_01/002002/height.raw	1
season1/season1/metin2_map_sungzi_desert_01/001003/areaambiencedata.txt	season1/metin2_map_sungzi_desert_01/001003/areaambiencedata.txt	1
season1/season1/monster/yellow_tigerman_e/yellow_tigerman_e.gr2	season1/monster/yellow_tigerman_e/yellow_tigerman_e.gr2	1
season1/season1/npc/jinno_guard_spear/jinno_patrol_spear.dds	season1/npc/jinno_guard_spear/jinno_patrol_spear.dds	1
season1/season1/metin2_map_skipia_dungeon_01/004001/height.raw	season1/metin2_map_skipia_dungeon_01/004001/height.raw	1
season1/season1/metin2_map_shinsutest_01/002002/shadowmap.raw	season1/metin2_map_shinsutest_01/002002/shadowmap.raw	1
season1/season1/metin2_map_sungzi_flame_hill_01/000000/attr.atr	season1/metin2_map_sungzi_flame_hill_01/000000/attr.atr	1
season1/season1/metin2_map_siege_01/server_attr	season1/metin2_map_siege_01/server_attr	1
season1/season1/metin2_map_siege_01/setting.txt	season1/metin2_map_siege_01/setting.txt	1
season1/season1/metin2_map_skipia_dungeon_02/005005/tile.raw	season1/metin2_map_skipia_dungeon_02/005005/tile.raw	1
season1/season1/metin2_map_sungzi_milgyo_pass_01/001000/areaambiencedata.txt	season1/metin2_map_sungzi_milgyo_pass_01/001000/areaambiencedata.txt	1
season1/season1/metin2_map_siege_01/000000/areadata.txt	season1/metin2_map_siege_01/000000/areadata.txt	1
season1/season1/metin2_map_sungzi_snow_pass01/001003/areadata.txt	season1/metin2_map_sungzi_snow_pass01/001003/areadata.txt	1
season1/season1/metin2_map_siege_01/000000/attr.atr	season1/metin2_map_siege_01/000000/attr.atr	1
season1/season1/metin2_map_sungzi_snow_pass01/001001/areaambiencedata.txt	season1/metin2_map_sungzi_snow_pass01/001001/areaambiencedata.txt	1
season1/season1/metin2_map_siege_01/000000/water.wtr	season1/metin2_map_siege_01/000000/water.wtr	1
season1/season1/metin2_map_siege_01/000001/attr.atr	season1/metin2_map_siege_01/000001/attr.atr	1
season1/season1/metin2_map_siege_01/000001/minimap.dds	season1/metin2_map_siege_01/000001/minimap.dds	1
season1/season1/metin2_map_sungzi_flame_hill_03/000001/minimap.dds	season1/metin2_map_sungzi_flame_hill_03/000001/minimap.dds	1
season1/season1/metin2_map_siege_03/002000/areaproperty.txt	season1/metin2_map_siege_03/002000/areaproperty.txt	1
season1/season1/metin2_map_siege_01/000001/shadowmap.dds	season1/metin2_map_siege_01/000001/shadowmap.dds	1
season1/season1/metin2_map_siege_01/002002/areaproperty.txt	season1/metin2_map_siege_01/002002/areaproperty.txt	1
season1/season1/monster/ch_bowman/skipia_bowman_front_knockdown.msa	season1/monster/ch_bowman/skipia_bowman_front_knockdown.msa	1
season1/season1/metin2_map_sungzi_desert_01/000002/water.wtr	season1/metin2_map_sungzi_desert_01/000002/water.wtr	1
season1/season1/metin2_map_skipia_dungeon_02/004002/height.raw	season1/metin2_map_skipia_dungeon_02/004002/height.raw	1
season1/season1/metin2_map_siege_01/000001/shadowmap.raw	season1/metin2_map_siege_01/000001/shadowmap.raw	1
season1/season1/npc/naoki/run1.msa	season1/npc/naoki/run1.msa	1
season1/season1/metin2_map_wl_01/001003/shadowmap.dds	season1/metin2_map_wl_01/001003/shadowmap.dds	1
season1/season1/metin2_map_siege_01/001002/minimap.dds	season1/metin2_map_siege_01/001002/minimap.dds	1
season1/season1/metin2_map_sungzi_flame_hill_02/000000/areaambiencedata.txt	season1/metin2_map_sungzi_flame_hill_02/000000/areaambiencedata.txt	1
season1/season1/metin2_map_wl_01/001000/attr.atr	season1/metin2_map_wl_01/001000/attr.atr	1
season1/season1/metin2_map_siege_01/000001/tile.raw	season1/metin2_map_siege_01/000001/tile.raw	1
season1/season1/metin2_map_skipia_dungeon_01/005004/water.wtr	season1/metin2_map_skipia_dungeon_01/005004/water.wtr	1
season1/season1/metin2_map_siege_01/000002/areaambiencedata.txt	season1/metin2_map_siege_01/000002/areaambiencedata.txt	1
season1/season1/metin2_map_sungzi_milgyo/setting.txt	season1/metin2_map_sungzi_milgyo/setting.txt	1
season1/season1/metin2_map_siege_01/000002/attr.atr	season1/metin2_map_siege_01/000002/attr.atr	1
season1/season1/metin2_map_sungzi_desert_01/000002/shadowmap.raw	season1/metin2_map_sungzi_desert_01/000002/shadowmap.raw	1
season1/season1/metin2_map_skipia_dungeon_02/000005/water.wtr	season1/metin2_map_skipia_dungeon_02/000005/water.wtr	1
season1/season1/metin2_map_siege_01/000002/height.raw	season1/metin2_map_siege_01/000002/height.raw	1
season1/season1/metin2_map_siege_02/001001/shadowmap.dds	season1/metin2_map_siege_02/001001/shadowmap.dds	1
season1/season1/metin2_map_siege_01/000002/water.wtr	season1/metin2_map_siege_01/000002/water.wtr	1
season1/season1/metin2_map_siege_01/001000/areaambiencedata.txt	season1/metin2_map_siege_01/001000/areaambiencedata.txt	1
season1/season1/metin2_map_siege_01/001000/areadata.txt	season1/metin2_map_siege_01/001000/areadata.txt	1
season1/season1/metin2_map_skipia_dungeon_02/002004/tile.raw	season1/metin2_map_skipia_dungeon_02/002004/tile.raw	1
season1/season1/npc/cheonjo_guard_bow/cheonjo_patrol_bow_lod_02.gr2	season1/npc/cheonjo_guard_bow/cheonjo_patrol_bow_lod_02.gr2	1
season1/season1/metin2_map_siege_01/001000/height.raw	season1/metin2_map_siege_01/001000/height.raw	1
season1/season1/metin2_map_siege_01/001000/shadowmap.dds	season1/metin2_map_siege_01/001000/shadowmap.dds	1
season1/season1/metin2_map_sungzi_snow_pass02/001000/areadata.txt	season1/metin2_map_sungzi_snow_pass02/001000/areadata.txt	1
season1/season1/metin2_map_siege_01/001001/attr.atr	season1/metin2_map_siege_01/001001/attr.atr	1
season1/season1/metin2_map_siege_01/001001/minimap.dds	season1/metin2_map_siege_01/001001/minimap.dds	1
season1/season1/npc/sinseon/shape.msm	season1/npc/sinseon/shape.msm	1
season1/season1/metin2_map_siege_01/001002/height.raw	season1/metin2_map_siege_01/001002/height.raw	1
season1/season1/metin2_map_siege_01/001002/shadowmap.raw	season1/metin2_map_siege_01/001002/shadowmap.raw	1
season1/season1/metin2_map_siege_01/001002/water.wtr	season1/metin2_map_siege_01/001002/water.wtr	1
season1/season1/metin2_map_sungzi_milgyo/mapproperty.txt	season1/metin2_map_sungzi_milgyo/mapproperty.txt	1
season1/season1/pc/sura/sura_3-1_unra_a.dds	season1/pc/sura/sura_3-1_unra_a.dds	1
season1/season1/metin2_map_skipia_dungeon_02/000000/water.wtr	season1/metin2_map_skipia_dungeon_02/000000/water.wtr	1
season1/season1/metin2_map_skipia_dungeon_01/005003/minimap.dds	season1/metin2_map_skipia_dungeon_01/005003/minimap.dds	1
season1/season1/metin2_map_siege_01/002000/areadata.txt	season1/metin2_map_siege_01/002000/areadata.txt	1
season1/season1/metin2_map_siege_01/002000/attr.atr	season1/metin2_map_siege_01/002000/attr.atr	1
season1/season1/metin2_map_siege_03/001001/attr.atr	season1/metin2_map_siege_03/001001/attr.atr	1
season1/season1/metin2_map_siege_01/002000/height.raw	season1/metin2_map_siege_01/002000/height.raw	1
season1/season1/metin2_map_siege_01/002002/minimap.dds	season1/metin2_map_siege_01/002002/minimap.dds	1
season1/season1/metin2_map_sungzi_milgyo_pass_01/001003/attr.atr	season1/metin2_map_sungzi_milgyo_pass_01/001003/attr.atr	1
season1/season1/metin2_map_siege_01/002001/areaambiencedata.txt	season1/metin2_map_siege_01/002001/areaambiencedata.txt	1
season1/season1/metin2_map_siege_01/002001/areadata.txt	season1/metin2_map_siege_01/002001/areadata.txt	1
season1/season1/metin2_map_siege_01/002001/height.raw	season1/metin2_map_siege_01/002001/height.raw	1
season1/season1/metin2_map_siege_01/002001/shadowmap.dds	season1/metin2_map_siege_01/002001/shadowmap.dds	1
season1/season1/metin2_map_sungzi_desert_01/001002/attr.atr	season1/metin2_map_sungzi_desert_01/001002/attr.atr	1
season1/season1/monster/fox_ninetail_e/33.msa	season1/monster/fox_ninetail_e/33.msa	1
season1/season1/metin2_map_skipia_dungeon_01/004002/minimap.dds	season1/metin2_map_skipia_dungeon_01/004002/minimap.dds	1
season1/season1/metin2_map_sungzi_snow/000002/height.raw	season1/metin2_map_sungzi_snow/000002/height.raw	1
season1/season1/metin2_map_siege_01/002001/tile.raw	season1/metin2_map_siege_01/002001/tile.raw	1
season1/season1/metin2_map_spiderdungeon_02/001001/height.raw	season1/metin2_map_spiderdungeon_02/001001/height.raw	1
season1/season1/metin2_map_skipia_dungeon_02/005001/height.raw	season1/metin2_map_skipia_dungeon_02/005001/height.raw	1
season1/season1/metin2_map_siege_01/002002/areaambiencedata.txt	season1/metin2_map_siege_01/002002/areaambiencedata.txt	1
season1/season1/metin2_map_siege_01/002002/attr.atr	season1/metin2_map_siege_01/002002/attr.atr	1
season1/season1/metin2_map_sungzi_snow_pass02/001002/areaambiencedata.txt	season1/metin2_map_sungzi_snow_pass02/001002/areaambiencedata.txt	1
season1/season1/metin2_map_spiderdungeon_02/000001/shadowmap.dds	season1/metin2_map_spiderdungeon_02/000001/shadowmap.dds	1
season1/season1/metin2_map_siege_01/002002/height.raw	season1/metin2_map_siege_01/002002/height.raw	1
season1/season1/metin2_map_spiderdungeon_02/003000/attr.atr	season1/metin2_map_spiderdungeon_02/003000/attr.atr	1
season1/season1/metin2_map_sungzi_milgyo/001001/shadowmap.raw	season1/metin2_map_sungzi_milgyo/001001/shadowmap.raw	1
season1/season1/metin2_map_siege_01/002002/shadowmap.raw	season1/metin2_map_siege_01/002002/shadowmap.raw	1
season1/season1/metin2_map_siege_02/001001/areaproperty.txt	season1/metin2_map_siege_02/001001/areaproperty.txt	1
season1/season1/metin2_map_sungzi_desert_01/003002/water.wtr	season1/metin2_map_sungzi_desert_01/003002/water.wtr	1
season1/season1/metin2_map_siege_01/002002/tile.raw	season1/metin2_map_siege_01/002002/tile.raw	1
season1/season1/metin2_map_spiderdungeon_02/000003/minimap.dds	season1/metin2_map_spiderdungeon_02/000003/minimap.dds	1
season1/season1/metin2_map_siege_01/002002/water.wtr	season1/metin2_map_siege_01/002002/water.wtr	1
season1/season1/metin2_map_sungzi_milgyo_pass_01/001003/shadowmap.raw	season1/metin2_map_sungzi_milgyo_pass_01/001003/shadowmap.raw	1
season1/season1/metin2_map_siege_02/mapproperty.txt	season1/metin2_map_siege_02/mapproperty.txt	1
season1/season1/metin2_map_siege_02/000000/areadata.txt	season1/metin2_map_siege_02/000000/areadata.txt	1
season1/season1/metin2_map_sungzi_snow_pass01/001001/shadowmap.raw	season1/metin2_map_sungzi_snow_pass01/001001/shadowmap.raw	1
season1/season1/metin2_map_siege_02/000000/attr.atr	season1/metin2_map_siege_02/000000/attr.atr	1
season1/season1/metin2_map_siege_02/000000/height.raw	season1/metin2_map_siege_02/000000/height.raw	1
season1/season1/metin2_map_siege_02/000000/minimap.dds	season1/metin2_map_siege_02/000000/minimap.dds	1
season1/season1/pc/shaman/shaman_1-2_nabong_a.dds	season1/pc/shaman/shaman_1-2_nabong_a.dds	1
season1/season1/metin2_map_sungzi_flame_hill_02/001003/areadata.txt	season1/metin2_map_sungzi_flame_hill_02/001003/areadata.txt	1
season1/season1/metin2_map_siege_02/000000/shadowmap.dds	season1/metin2_map_siege_02/000000/shadowmap.dds	1
season1/season1/metin2_map_skipia_dungeon_02/001000/height.raw	season1/metin2_map_skipia_dungeon_02/001000/height.raw	1
season1/season1/metin2_map_sungzi_milgyo/002000/attr.atr	season1/metin2_map_sungzi_milgyo/002000/attr.atr	1
season1/season1/metin2_map_siege_02/000000/water.wtr	season1/metin2_map_siege_02/000000/water.wtr	1
season1/season1/metin2_map_siege_02/000001/attr.atr	season1/metin2_map_siege_02/000001/attr.atr	1
season1/season1/metin2_map_sungzi_snow/002001/minimap.dds	season1/metin2_map_sungzi_snow/002001/minimap.dds	1
season1/season1/metin2_map_siege_02/000001/height.raw	season1/metin2_map_siege_02/000001/height.raw	1
season1/season1/metin2_map_sungzi_flame_hill_02/000000/water.wtr	season1/metin2_map_sungzi_flame_hill_02/000000/water.wtr	1
season1/season1/metin2_map_siege_02/000001/minimap.dds	season1/metin2_map_siege_02/000001/minimap.dds	1
season1/season1/metin2_map_siege_02/000001/shadowmap.dds	season1/metin2_map_siege_02/000001/shadowmap.dds	1
season1/season1/metin2_map_sungzi_milgyo_pass_01/000002/water.wtr	season1/metin2_map_sungzi_milgyo_pass_01/000002/water.wtr	1
season1/season1/metin2_map_wl_01/002003/shadowmap.dds	season1/metin2_map_wl_01/002003/shadowmap.dds	1
season1/season1/metin2_map_skipia_dungeon_02/005003/tile.raw	season1/metin2_map_skipia_dungeon_02/005003/tile.raw	1
season1/season1/metin2_map_siege_02/000001/shadowmap.raw	season1/metin2_map_siege_02/000001/shadowmap.raw	1
season1/season1/metin2_map_skipia_dungeon_02/000001/areaproperty.txt	season1/metin2_map_skipia_dungeon_02/000001/areaproperty.txt	1
season1/season1/monster/ch_footman/skipia_footman_front_stand.gr2	season1/monster/ch_footman/skipia_footman_front_stand.gr2	1
season1/season1/monster/orc_lord_e/30_1.msa	season1/monster/orc_lord_e/30_1.msa	1
season1/season1/metin2_map_siege_02/001000/attr.atr	season1/metin2_map_siege_02/001000/attr.atr	1
season1/season1/metin2_map_siege_02/000001/tile.raw	season1/metin2_map_siege_02/000001/tile.raw	1
season1/season1/npc/cheonjo_guard_bow/03.msa	season1/npc/cheonjo_guard_bow/03.msa	1
season1/season1/npc/keyholestone/shape.msm	season1/npc/keyholestone/shape.msm	1
season1/season1/metin2_map_siege_02/000002/areadata.txt	season1/metin2_map_siege_02/000002/areadata.txt	1
season1/season1/metin2_map_siege_02/000002/areaproperty.txt	season1/metin2_map_siege_02/000002/areaproperty.txt	1
season1/season1/metin2_map_siege_02/000002/attr.atr	season1/metin2_map_siege_02/000002/attr.atr	1
season1/season1/metin2_map_siege_02/000002/minimap.dds	season1/metin2_map_siege_02/000002/minimap.dds	1
season1/season1/metin2_map_skipia_dungeon_01/005002/shadowmap.dds	season1/metin2_map_skipia_dungeon_01/005002/shadowmap.dds	1
season1/season1/metin2_map_skipia_dungeon_01/005001/areaproperty.txt	season1/metin2_map_skipia_dungeon_01/005001/areaproperty.txt	1
season1/season1/metin2_map_skipia_bossdungeon/000000/water.wtr	season1/metin2_map_skipia_bossdungeon/000000/water.wtr	1
season1/season1/npc/nnflower/flower01.dds	season1/npc/nnflower/flower01.dds	1
season1/season1/metin2_map_skipia_dungeon_02/005001/shadowmap.raw	season1/metin2_map_skipia_dungeon_02/005001/shadowmap.raw	1
season1/season1/metin2_map_siege_02/000002/shadowmap.raw	season1/metin2_map_siege_02/000002/shadowmap.raw	1
season1/season1/metin2_map_skipia_dungeon_01/005003/areaproperty.txt	season1/metin2_map_skipia_dungeon_01/005003/areaproperty.txt	1
season1/season1/metin2_map_siege_02/000002/tile.raw	season1/metin2_map_siege_02/000002/tile.raw	1
season1/season1/metin2_map_siege_03/001002/minimap.dds	season1/metin2_map_siege_03/001002/minimap.dds	1
season1/season1/metin2_map_siege_02/000002/water.wtr	season1/metin2_map_siege_02/000002/water.wtr	1
season1/season1/metin2_map_siege_02/001000/areaproperty.txt	season1/metin2_map_siege_02/001000/areaproperty.txt	1
season1/season1/metin2_map_siege_02/001000/areaambiencedata.txt	season1/metin2_map_siege_02/001000/areaambiencedata.txt	1
season1/season1/metin2_map_siege_02/001000/height.raw	season1/metin2_map_siege_02/001000/height.raw	1
season1/season1/monster/ch_officer/officer.msm	season1/monster/ch_officer/officer.msm	1
season1/season1/metin2_map_siege_02/001000/minimap.dds	season1/metin2_map_siege_02/001000/minimap.dds	1
season1/season1/metin2_map_skipia_dungeon_02/005004/attr.atr	season1/metin2_map_skipia_dungeon_02/005004/attr.atr	1
season1/season1/metin2_map_sungzi_flame_hill_02/mapproperty.txt	season1/metin2_map_sungzi_flame_hill_02/mapproperty.txt	1
season1/season1/metin2_map_siege_02/001000/shadowmap.dds	season1/metin2_map_siege_02/001000/shadowmap.dds	1
season1/season1/metin2_map_skipia_dungeon_02/003000/height.raw	season1/metin2_map_skipia_dungeon_02/003000/height.raw	1
season1/season1/metin2_map_sungzi_desert_hill_01/001002/height.raw	season1/metin2_map_sungzi_desert_hill_01/001002/height.raw	1
season1/season1/metin2_map_sungzi_snow_pass03/000002/minimap.dds	season1/metin2_map_sungzi_snow_pass03/000002/minimap.dds	1
season1/season1/metin2_map_siege_02/001000/shadowmap.raw	season1/metin2_map_siege_02/001000/shadowmap.raw	1
season1/season1/metin2_map_sungzi_desert_hill_01/000003/areadata.txt	season1/metin2_map_sungzi_desert_hill_01/000003/areadata.txt	1
season1/season1/metin2_map_sungzi_milgyo_pass_03/000002/water.wtr	season1/metin2_map_sungzi_milgyo_pass_03/000002/water.wtr	1
season1/season1/metin2_map_sungzi_milgyo_pass_03/001002/areadata.txt	season1/metin2_map_sungzi_milgyo_pass_03/001002/areadata.txt	1
season1/season1/metin2_map_siege_02/001000/tile.raw	season1/metin2_map_siege_02/001000/tile.raw	1
season1/season1/metin2_map_siege_03/000000/shadowmap.dds	season1/metin2_map_siege_03/000000/shadowmap.dds	1
season1/season1/metin2_map_siege_02/001000/water.wtr	season1/metin2_map_siege_02/001000/water.wtr	1
season1/season1/metin2_map_siege_02/002000/areadata.txt	season1/metin2_map_siege_02/002000/areadata.txt	1
season1/season1/metin2_map_siege_02/001001/areaambiencedata.txt	season1/metin2_map_siege_02/001001/areaambiencedata.txt	1
season1/season1/metin2_map_skipia_dungeon_01/002004/shadowmap.dds	season1/metin2_map_skipia_dungeon_01/002004/shadowmap.dds	1
season1/season1/metin2_map_siege_03/000002/water.wtr	season1/metin2_map_siege_03/000002/water.wtr	1
season1/season1/metin2_map_siege_02/001001/attr.atr	season1/metin2_map_siege_02/001001/attr.atr	1
season1/season1/metin2_map_skipia_dungeon_01/000003/areadata.txt	season1/metin2_map_skipia_dungeon_01/000003/areadata.txt	1
season1/season1/monster/ch_officer/skipia_officer_damage1.msa	season1/monster/ch_officer/skipia_officer_damage1.msa	1
season1/season1/pc/shaman/shaman_3-2_amyo_a.dds	season1/pc/shaman/shaman_3-2_amyo_a.dds	1
season1/season1/metin2_map_siege_02/001001/minimap.dds	season1/metin2_map_siege_02/001001/minimap.dds	1
season1/season1/metin2_map_sungzi_desert_hill_02/001000/attr.atr	season1/metin2_map_sungzi_desert_hill_02/001000/attr.atr	1
season1/season1/metin2_map_siege_02/001001/shadowmap.raw	season1/metin2_map_siege_02/001001/shadowmap.raw	1
season1/season1/monster/ch_general/skipia_general_attack.msa	season1/monster/ch_general/skipia_general_attack.msa	1
season1/season1/metin2_map_siege_02/001001/tile.raw	season1/metin2_map_siege_02/001001/tile.raw	1
season1/season1/metin2_map_skipia_dungeon_02/004002/shadowmap.dds	season1/metin2_map_skipia_dungeon_02/004002/shadowmap.dds	1
season1/season1/metin2_map_siege_02/001001/water.wtr	season1/metin2_map_siege_02/001001/water.wtr	1
season1/season1/metin2_map_siege_02/001002/areaproperty.txt	season1/metin2_map_siege_02/001002/areaproperty.txt	1
season1/season1/metin2_map_sungzi/000000/shadowmap.raw	season1/metin2_map_sungzi/000000/shadowmap.raw	1
season1/season1/metin2_map_siege_02/001002/minimap.dds	season1/metin2_map_siege_02/001002/minimap.dds	1
season1/season1/npc/sinseon/stand00.msa	season1/npc/sinseon/stand00.msa	1
season1/season1/metin2_map_skipia_dungeon_02/003004/areaambiencedata.txt	season1/metin2_map_skipia_dungeon_02/003004/areaambiencedata.txt	1
season1/season1/metin2_map_wl_01/000003/minimap.dds	season1/metin2_map_wl_01/000003/minimap.dds	1
season1/season1/metin2_map_wl_01/003002/areaproperty.txt	season1/metin2_map_wl_01/003002/areaproperty.txt	1
season1/season1/metin2_map_siege_02/001002/shadowmap.dds	season1/metin2_map_siege_02/001002/shadowmap.dds	1
season1/season1/metin2_map_siege_02/001002/shadowmap.raw	season1/metin2_map_siege_02/001002/shadowmap.raw	1
season1/season1/metin2_map_siege_02/001002/tile.raw	season1/metin2_map_siege_02/001002/tile.raw	1
season1/season1/metin2_map_siege_02/001002/water.wtr	season1/metin2_map_siege_02/001002/water.wtr	1
season1/season1/metin2_map_sungzi_milgyo_pass_01/000001/shadowmap.dds	season1/metin2_map_sungzi_milgyo_pass_01/000001/shadowmap.dds	1
season1/season1/metin2_map_siege_02/002000/height.raw	season1/metin2_map_siege_02/002000/height.raw	1
season1/season1/metin2_map_siege_02/002000/areaproperty.txt	season1/metin2_map_siege_02/002000/areaproperty.txt	1
season1/season1/metin2_map_skipia_dungeon_02/000005/shadowmap.raw	season1/metin2_map_skipia_dungeon_02/000005/shadowmap.raw	1
season1/season1/metin2_map_siege_02/002000/minimap.dds	season1/metin2_map_siege_02/002000/minimap.dds	1
season1/season1/metin2_map_siege_02/002000/shadowmap.dds	season1/metin2_map_siege_02/002000/shadowmap.dds	1
season1/season1/metin2_map_siege_02/002000/shadowmap.raw	season1/metin2_map_siege_02/002000/shadowmap.raw	1
season1/season1/metin2_map_sungzi_desert_hill_01/000001/shadowmap.raw	season1/metin2_map_sungzi_desert_hill_01/000001/shadowmap.raw	1
season1/season1/metin2_map_sungzi_flame_hill_02/001001/tile.raw	season1/metin2_map_sungzi_flame_hill_02/001001/tile.raw	1
season1/season1/metin2_map_siege_02/002000/tile.raw	season1/metin2_map_siege_02/002000/tile.raw	1
season1/season1/metin2_map_skipia_dungeon_02/005002/areaproperty.txt	season1/metin2_map_skipia_dungeon_02/005002/areaproperty.txt	1
season1/season1/metin2_map_siege_03/002001/tile.raw	season1/metin2_map_siege_03/002001/tile.raw	1
season1/season1/metin2_map_siege_02/002001/areaproperty.txt	season1/metin2_map_siege_02/002001/areaproperty.txt	1
season1/season1/metin2_map_sungzi_snow_pass03/000000/minimap.dds	season1/metin2_map_sungzi_snow_pass03/000000/minimap.dds	1
season1/season1/metin2_map_siege_02/002001/height.raw	season1/metin2_map_siege_02/002001/height.raw	1
season1/season1/metin2_map_sungzi_flame_hill_02/001003/areaproperty.txt	season1/metin2_map_sungzi_flame_hill_02/001003/areaproperty.txt	1
season1/season1/pc/sura/sura_1-2_mageuk_a.dds	season1/pc/sura/sura_1-2_mageuk_a.dds	1
season1/season1/metin2_map_spiderdungeon_02/000002/shadowmap.dds	season1/metin2_map_spiderdungeon_02/000002/shadowmap.dds	1
season1/season1/metin2_map_skipia_dungeon_01/004000/tile.raw	season1/metin2_map_skipia_dungeon_01/004000/tile.raw	1
season1/season1/metin2_map_siege_02/002001/shadowmap.dds	season1/metin2_map_siege_02/002001/shadowmap.dds	1
season1/season1/metin2_map_sungzi_milgyo_pass_02/001000/tile.raw	season1/metin2_map_sungzi_milgyo_pass_02/001000/tile.raw	1
season1/season1/metin2_map_skipia_dungeon_02/001002/areadata.txt	season1/metin2_map_skipia_dungeon_02/001002/areadata.txt	1
season1/season1/metin2_map_siege_02/002001/shadowmap.raw	season1/metin2_map_siege_02/002001/shadowmap.raw	1
season1/season1/metin2_map_siege_02/002001/tile.raw	season1/metin2_map_siege_02/002001/tile.raw	1
season1/season1/metin2_map_siege_02/002001/water.wtr	season1/metin2_map_siege_02/002001/water.wtr	1
season1/season1/npc/samahi/stand01.gr2	season1/npc/samahi/stand01.gr2	1
season1/season1/metin2_map_siege_02/002002/areadata.txt	season1/metin2_map_siege_02/002002/areadata.txt	1
season1/season1/metin2_map_siege_02/002002/areaproperty.txt	season1/metin2_map_siege_02/002002/areaproperty.txt	1
season1/season1/npc/jinno_guard_spear/20.msa	season1/npc/jinno_guard_spear/20.msa	1
season1/season1/metin2_map_siege_02/002002/attr.atr	season1/metin2_map_siege_02/002002/attr.atr	1
season1/season1/metin2_map_sungzi_desert_hill_03/001002/minimap.dds	season1/metin2_map_sungzi_desert_hill_03/001002/minimap.dds	1
season1/season1/metin2_map_skipia_dungeon_01/002000/height.raw	season1/metin2_map_skipia_dungeon_01/002000/height.raw	1
season1/season1/metin2_map_siege_02/002002/height.raw	season1/metin2_map_siege_02/002002/height.raw	1
season1/season1/metin2_map_skipia_dungeon_02/001004/areaambiencedata.txt	season1/metin2_map_skipia_dungeon_02/001004/areaambiencedata.txt	1
season1/season1/metin2_map_sungzi_desert_hill_01/mapproperty.txt	season1/metin2_map_sungzi_desert_hill_01/mapproperty.txt	1
season1/season1/metin2_map_skipia_dungeon_02/000000/height.raw	season1/metin2_map_skipia_dungeon_02/000000/height.raw	1
season1/season1/metin2_map_siege_02/002002/shadowmap.raw	season1/metin2_map_siege_02/002002/shadowmap.raw	1
season1/season1/metin2_map_skipia_dungeon_02/002005/areadata.txt	season1/metin2_map_skipia_dungeon_02/002005/areadata.txt	1
season1/season1/metin2_map_sungzi_snow_pass03/001001/tile.raw	season1/metin2_map_sungzi_snow_pass03/001001/tile.raw	1
season1/season1/metin2_map_siege_03/mapproperty.txt	season1/metin2_map_siege_03/mapproperty.txt	1
season1/season1/metin2_map_sungzi_milgyo_pass_03/001003/shadowmap.dds	season1/metin2_map_sungzi_milgyo_pass_03/001003/shadowmap.dds	1
season1/season1/metin2_map_sungzi_snow_pass03/001002/minimap.dds	season1/metin2_map_sungzi_snow_pass03/001002/minimap.dds	1
season1/season1/metin2_map_siege_03/server_attr	season1/metin2_map_siege_03/server_attr	1
season1/season1/metin2_map_sungzi_snow_pass03/001002/shadowmap.dds	season1/metin2_map_sungzi_snow_pass03/001002/shadowmap.dds	1
season1/season1/metin2_map_siege_03/000000/areaambiencedata.txt	season1/metin2_map_siege_03/000000/areaambiencedata.txt	1
season1/season1/metin2_map_siege_03/000000/areaproperty.txt	season1/metin2_map_siege_03/000000/areaproperty.txt	1
season1/season1/metin2_map_siege_03/000000/attr.atr	season1/metin2_map_siege_03/000000/attr.atr	1
season1/season1/npc/ayuka/ayuka.gr2	season1/npc/ayuka/ayuka.gr2	1
season1/season1/metin2_map_skipia_dungeon_02/002001/attr.atr	season1/metin2_map_skipia_dungeon_02/002001/attr.atr	1
season1/season1/metin2_map_siege_03/000000/height.raw	season1/metin2_map_siege_03/000000/height.raw	1
season1/season1/metin2_map_siege_03/000000/minimap.dds	season1/metin2_map_siege_03/000000/minimap.dds	1
season1/season1/metin2_map_skipia_dungeon_02/003001/water.wtr	season1/metin2_map_skipia_dungeon_02/003001/water.wtr	1
season1/season1/metin2_map_skipia_dungeon_01/000003/minimap.dds	season1/metin2_map_skipia_dungeon_01/000003/minimap.dds	1
season1/season1/metin2_map_siege_03/000000/shadowmap.raw	season1/metin2_map_siege_03/000000/shadowmap.raw	1
season1/season1/metin2_map_siege_03/000000/tile.raw	season1/metin2_map_siege_03/000000/tile.raw	1
season1/season1/metin2_map_wl_01/000000/height.raw	season1/metin2_map_wl_01/000000/height.raw	1
season1/season1/metin2_map_siege_03/000001/areadata.txt	season1/metin2_map_siege_03/000001/areadata.txt	1
season1/season1/monster/ch_footman/skipia_footman_wait1.gr2	season1/monster/ch_footman/skipia_footman_wait1.gr2	1
season1/season1/monster/ch_bowman/skipia_bowman_back_damage.msa	season1/monster/ch_bowman/skipia_bowman_back_damage.msa	1
season1/season1/metin2_map_spiderdungeon_02/000002/water.wtr	season1/metin2_map_spiderdungeon_02/000002/water.wtr	1
season1/season1/metin2_map_sungzi_desert_01/003002/attr.atr	season1/metin2_map_sungzi_desert_01/003002/attr.atr	1
season1/season1/metin2_map_siege_03/000001/attr.atr	season1/metin2_map_siege_03/000001/attr.atr	1
season1/season1/metin2_map_siege_03/000001/height.raw	season1/metin2_map_siege_03/000001/height.raw	1
season1/season1/metin2_map_siege_03/000001/shadowmap.dds	season1/metin2_map_siege_03/000001/shadowmap.dds	1
season1/season1/metin2_map_sungzi_flame_hill_01/001001/shadowmap.raw	season1/metin2_map_sungzi_flame_hill_01/001001/shadowmap.raw	1
season1/season1/metin2_map_skipia_dungeon_02/005000/areaambiencedata.txt	season1/metin2_map_skipia_dungeon_02/005000/areaambiencedata.txt	1
season1/season1/metin2_map_siege_03/000001/shadowmap.raw	season1/metin2_map_siege_03/000001/shadowmap.raw	1
season1/season1/metin2_map_skipia_dungeon_02/005001/water.wtr	season1/metin2_map_skipia_dungeon_02/005001/water.wtr	1
season1/season1/metin2_map_skipia_dungeon_02/004004/shadowmap.raw	season1/metin2_map_skipia_dungeon_02/004004/shadowmap.raw	1
season1/season1/metin2_map_siege_03/000001/tile.raw	season1/metin2_map_siege_03/000001/tile.raw	1
season1/season1/metin2_map_sungzi_desert_hill_01/000000/minimap.dds	season1/metin2_map_sungzi_desert_hill_01/000000/minimap.dds	1
season1/season1/metin2_map_siege_03/001000/attr.atr	season1/metin2_map_siege_03/001000/attr.atr	1
season1/season1/metin2_map_sungzi_milgyo_pass_03/000002/shadowmap.dds	season1/metin2_map_sungzi_milgyo_pass_03/000002/shadowmap.dds	1
season1/season1/metin2_map_siege_03/000002/areaambiencedata.txt	season1/metin2_map_siege_03/000002/areaambiencedata.txt	1
season1/season1/metin2_map_spiderdungeon_02/000003/areadata.txt	season1/metin2_map_spiderdungeon_02/000003/areadata.txt	1
season1/season1/metin2_map_siege_03/000002/areaproperty.txt	season1/metin2_map_siege_03/000002/areaproperty.txt	1
season1/season1/metin2_map_skipia_dungeon_02/001003/shadowmap.raw	season1/metin2_map_skipia_dungeon_02/001003/shadowmap.raw	1
season1/season1/metin2_map_siege_03/000002/attr.atr	season1/metin2_map_siege_03/000002/attr.atr	1
season1/season1/metin2_map_siege_03/002001/attr.atr	season1/metin2_map_siege_03/002001/attr.atr	1
season1/season1/metin2_map_siege_03/000002/minimap.dds	season1/metin2_map_siege_03/000002/minimap.dds	1
season1/season1/metin2_map_sungzi_snow_pass02/000000/areaproperty.txt	season1/metin2_map_sungzi_snow_pass02/000000/areaproperty.txt	1
season1/season1/metin2_map_siege_03/000002/shadowmap.dds	season1/metin2_map_siege_03/000002/shadowmap.dds	1
season1/season1/metin2_map_siege_03/000002/shadowmap.raw	season1/metin2_map_siege_03/000002/shadowmap.raw	1
season1/season1/metin2_map_skipia_dungeon_02/000004/shadowmap.dds	season1/metin2_map_skipia_dungeon_02/000004/shadowmap.dds	1
season1/season1/metin2_map_skipia_dungeon_02/003001/shadowmap.raw	season1/metin2_map_skipia_dungeon_02/003001/shadowmap.raw	1
season1/season1/metin2_map_wl_01/002000/water.wtr	season1/metin2_map_wl_01/002000/water.wtr	1
season1/season1/metin2_map_siege_03/000002/tile.raw	season1/metin2_map_siege_03/000002/tile.raw	1
season1/season1/metin2_map_siege_03/001000/areaambiencedata.txt	season1/metin2_map_siege_03/001000/areaambiencedata.txt	1
season1/season1/metin2_map_wl_01/002000/areaambiencedata.txt	season1/metin2_map_wl_01/002000/areaambiencedata.txt	1
season1/season1/metin2_map_skipia_dungeon_02/005004/tile.raw	season1/metin2_map_skipia_dungeon_02/005004/tile.raw	1
season1/season1/metin2_map_siege_03/001000/areadata.txt	season1/metin2_map_siege_03/001000/areadata.txt	1
season1/season1/metin2_map_siege_03/001000/areaproperty.txt	season1/metin2_map_siege_03/001000/areaproperty.txt	1
season1/season1/metin2_map_spiderdungeon_02/000000/areaproperty.txt	season1/metin2_map_spiderdungeon_02/000000/areaproperty.txt	1
season1/season1/metin2_map_skipia_dungeon_01/004001/shadowmap.dds	season1/metin2_map_skipia_dungeon_01/004001/shadowmap.dds	1
season1/season1/metin2_map_siege_03/001001/shadowmap.raw	season1/metin2_map_siege_03/001001/shadowmap.raw	1
season1/season1/metin2_map_siege_03/001000/tile.raw	season1/metin2_map_siege_03/001000/tile.raw	1
season1/season1/npc/waterstone/waterstone.dds	season1/npc/waterstone/waterstone.dds	1
season1/season1/metin2_map_spiderdungeon_02/001002/areaambiencedata.txt	season1/metin2_map_spiderdungeon_02/001002/areaambiencedata.txt	1
season1/season1/metin2_map_siege_03/001000/water.wtr	season1/metin2_map_siege_03/001000/water.wtr	1
season1/season1/metin2_map_siege_03/001001/areaambiencedata.txt	season1/metin2_map_siege_03/001001/areaambiencedata.txt	1
season1/season1/metin2_map_skipia_dungeon_01/setting.txt	season1/metin2_map_skipia_dungeon_01/setting.txt	1
season1/season1/metin2_map_siege_03/001001/shadowmap.dds	season1/metin2_map_siege_03/001001/shadowmap.dds	1
season1/season1/metin2_map_siege_03/001002/areaambiencedata.txt	season1/metin2_map_siege_03/001002/areaambiencedata.txt	1
season1/season1/metin2_map_wl_01/002003/areaambiencedata.txt	season1/metin2_map_wl_01/002003/areaambiencedata.txt	1
season1/season1/metin2_map_siege_03/001002/attr.atr	season1/metin2_map_siege_03/001002/attr.atr	1
season1/season1/metin2_map_wl_01/000001/areaproperty.txt	season1/metin2_map_wl_01/000001/areaproperty.txt	1
season1/season1/metin2_map_skipia_dungeon_01/004002/areaambiencedata.txt	season1/metin2_map_skipia_dungeon_01/004002/areaambiencedata.txt	1
season1/season1/metin2_map_siege_03/001002/shadowmap.dds	season1/metin2_map_siege_03/001002/shadowmap.dds	1
season1/season1/metin2_map_sungzi_desert_hill_03/000003/height.raw	season1/metin2_map_sungzi_desert_hill_03/000003/height.raw	1
season1/season1/metin2_map_siege_03/001002/water.wtr	season1/metin2_map_siege_03/001002/water.wtr	1
season1/season1/metin2_map_siege_03/002000/areaambiencedata.txt	season1/metin2_map_siege_03/002000/areaambiencedata.txt	1
season1/season1/monster/ch_officer/skipia_officer_front_standup.gr2	season1/monster/ch_officer/skipia_officer_front_standup.gr2	1
season1/season1/metin2_map_sungzi_desert_hill_03/001000/attr.atr	season1/metin2_map_sungzi_desert_hill_03/001000/attr.atr	1
season1/season1/metin2_map_sungzi_snow_pass03/000003/areadata.txt	season1/metin2_map_sungzi_snow_pass03/000003/areadata.txt	1
season1/season1/metin2_map_siege_03/002000/height.raw	season1/metin2_map_siege_03/002000/height.raw	1
season1/season1/metin2_map_sungzi_desert_hill_02/001002/height.raw	season1/metin2_map_sungzi_desert_hill_02/001002/height.raw	1
season1/season1/metin2_map_skipia_dungeon_01/002004/water.wtr	season1/metin2_map_skipia_dungeon_01/002004/water.wtr	1
season1/season1/metin2_map_siege_03/002000/water.wtr	season1/metin2_map_siege_03/002000/water.wtr	1
season1/season1/metin2_map_siege_03/002001/areaambiencedata.txt	season1/metin2_map_siege_03/002001/areaambiencedata.txt	1
season1/season1/metin2_map_siege_03/002001/areadata.txt	season1/metin2_map_siege_03/002001/areadata.txt	1
season1/season1/metin2_map_skipia_dungeon_02/001005/shadowmap.raw	season1/metin2_map_skipia_dungeon_02/001005/shadowmap.raw	1
season1/season1/metin2_map_skipia_dungeon_02/004000/height.raw	season1/metin2_map_skipia_dungeon_02/004000/height.raw	1
season1/season1/metin2_map_siege_03/002001/height.raw	season1/metin2_map_siege_03/002001/height.raw	1
season1/season1/metin2_map_siege_03/002001/shadowmap.raw	season1/metin2_map_siege_03/002001/shadowmap.raw	1
season1/season1/metin2_map_sungzi_milgyo_pass_03/000002/areaproperty.txt	season1/metin2_map_sungzi_milgyo_pass_03/000002/areaproperty.txt	1
season1/season1/metin2_map_sungzi_milgyo_pass_03/000001/areadata.txt	season1/metin2_map_sungzi_milgyo_pass_03/000001/areadata.txt	1
season1/season1/metin2_map_sungzi_snow/000000/areaambiencedata.txt	season1/metin2_map_sungzi_snow/000000/areaambiencedata.txt	1
season1/season1/metin2_map_skipia_dungeon_01/002000/areadata.txt	season1/metin2_map_skipia_dungeon_01/002000/areadata.txt	1
season1/season1/metin2_map_siege_03/002001/water.wtr	season1/metin2_map_siege_03/002001/water.wtr	1
season1/season1/metin2_map_sungzi_milgyo_pass_03/001002/areaambiencedata.txt	season1/metin2_map_sungzi_milgyo_pass_03/001002/areaambiencedata.txt	1
season1/season1/metin2_map_siege_03/002002/areaambiencedata.txt	season1/metin2_map_siege_03/002002/areaambiencedata.txt	1
season1/season1/metin2_map_siege_03/002002/attr.atr	season1/metin2_map_siege_03/002002/attr.atr	1
season1/season1/metin2_map_sungzi_desert_hill_03/000003/attr.atr	season1/metin2_map_sungzi_desert_hill_03/000003/attr.atr	1
season1/season1/metin2_map_sungzi_milgyo_pass_01/000003/areaproperty.txt	season1/metin2_map_sungzi_milgyo_pass_01/000003/areaproperty.txt	1
season1/season1/metin2_map_siege_03/002002/minimap.dds	season1/metin2_map_siege_03/002002/minimap.dds	1
season1/season1/metin2_map_skipia_dungeon_02/000003/areaambiencedata.txt	season1/metin2_map_skipia_dungeon_02/000003/areaambiencedata.txt	1
season1/season1/metin2_map_siege_03/002002/shadowmap.dds	season1/metin2_map_siege_03/002002/shadowmap.dds	1
season1/season1/monster/ch_general/skipia_general_back_knockdown.gr2	season1/monster/ch_general/skipia_general_back_knockdown.gr2	1
season1/season1/metin2_map_siege_03/002002/tile.raw	season1/metin2_map_siege_03/002002/tile.raw	1
season1/season1/metin2_map_sungzi_desert_01/002001/height.raw	season1/metin2_map_sungzi_desert_01/002001/height.raw	1
season1/season1/monster/giant_desert_turtle_e/00_1.msa	season1/monster/giant_desert_turtle_e/00_1.msa	1
season1/season1/pc/warrior/warrior_jain_a.dds	season1/pc/warrior/warrior_jain_a.dds	1
season1/season1/metin2_map_siege_03/002002/water.wtr	season1/metin2_map_siege_03/002002/water.wtr	1
season1/season1/metin2_map_skipia_bossdungeon/setting.txt	season1/metin2_map_skipia_bossdungeon/setting.txt	1
season1/season1/metin2_map_sungzi_desert_01/002003/attr.atr	season1/metin2_map_sungzi_desert_01/002003/attr.atr	1
season1/season1/monster/ch_bowman/skipia_bowman.gr2	season1/monster/ch_bowman/skipia_bowman.gr2	1
season1/season1/metin2_map_skipia_bossdungeon/000000/areaambiencedata.txt	season1/metin2_map_skipia_bossdungeon/000000/areaambiencedata.txt	1
season1/season1/metin2_map_sungzi_desert_hill_01/001000/minimap.dds	season1/metin2_map_sungzi_desert_hill_01/001000/minimap.dds	1
season1/season1/metin2_map_skipia_bossdungeon/000000/attr.atr	season1/metin2_map_skipia_bossdungeon/000000/attr.atr	1
season1/season1/metin2_map_skipia_bossdungeon/000000/height.raw	season1/metin2_map_skipia_bossdungeon/000000/height.raw	1
season1/season1/metin2_map_sungzi_desert_hill_03/001001/minimap.dds	season1/metin2_map_sungzi_desert_hill_03/001001/minimap.dds	1
season1/season1/metin2_map_spiderdungeon_02/002000/areaproperty.txt	season1/metin2_map_spiderdungeon_02/002000/areaproperty.txt	1
season1/season1/metin2_map_skipia_bossdungeon/000000/minimap.dds	season1/metin2_map_skipia_bossdungeon/000000/minimap.dds	1
season1/season1/metin2_map_wl_01/002001/areaproperty.txt	season1/metin2_map_wl_01/002001/areaproperty.txt	1
season1/season1/metin2_map_skipia_bossdungeon/000000/shadowmap.dds	season1/metin2_map_skipia_bossdungeon/000000/shadowmap.dds	1
season1/season1/metin2_map_skipia_bossdungeon/000000/tile.raw	season1/metin2_map_skipia_bossdungeon/000000/tile.raw	1
season1/season1/metin2_map_sungzi_desert_01/003003/height.raw	season1/metin2_map_sungzi_desert_01/003003/height.raw	1
season1/season1/metin2_map_skipia_dungeon_01/skipia_dungeon.msenv	season1/metin2_map_skipia_dungeon_01/skipia_dungeon.msenv	1
season1/season1/metin2_map_skipia_dungeon_01/000000/height.raw	season1/metin2_map_skipia_dungeon_01/000000/height.raw	1
season1/season1/metin2_map_skipia_dungeon_02/003000/shadowmap.dds	season1/metin2_map_skipia_dungeon_02/003000/shadowmap.dds	1
season1/season1/metin2_map_skipia_dungeon_01/000000/minimap.dds	season1/metin2_map_skipia_dungeon_01/000000/minimap.dds	1
season1/season1/metin2_map_sungzi_milgyo/000002/areadata.txt	season1/metin2_map_sungzi_milgyo/000002/areadata.txt	1
season1/season1/metin2_map_skipia_dungeon_01/000000/shadowmap.dds	season1/metin2_map_skipia_dungeon_01/000000/shadowmap.dds	1
season1/season1/monster/ch_bowman/skipia_bowman_back_damage1.msa	season1/monster/ch_bowman/skipia_bowman_back_damage1.msa	1
season1/season1/monster/ch_magician/skipia_magician_dead.gr2	season1/monster/ch_magician/skipia_magician_dead.gr2	1
season1/season1/metin2_map_sungzi_flame_hill_03/001003/minimap.dds	season1/metin2_map_sungzi_flame_hill_03/001003/minimap.dds	1
season1/season1/metin2_map_skipia_dungeon_01/000000/tile.raw	season1/metin2_map_skipia_dungeon_01/000000/tile.raw	1
season1/season1/metin2_map_skipia_dungeon_01/005001/shadowmap.raw	season1/metin2_map_skipia_dungeon_01/005001/shadowmap.raw	1
season1/season1/metin2_map_skipia_dungeon_01/000001/areaambiencedata.txt	season1/metin2_map_skipia_dungeon_01/000001/areaambiencedata.txt	1
season1/season1/metin2_map_skipia_dungeon_01/001003/shadowmap.dds	season1/metin2_map_skipia_dungeon_01/001003/shadowmap.dds	1
season1/season1/metin2_map_skipia_dungeon_01/000001/attr.atr	season1/metin2_map_skipia_dungeon_01/000001/attr.atr	1
season1/season1/metin2_map_spiderdungeon_02/002000/attr.atr	season1/metin2_map_spiderdungeon_02/002000/attr.atr	1
season1/season1/metin2_map_sungzi_desert_01/001000/water.wtr	season1/metin2_map_sungzi_desert_01/001000/water.wtr	1
season1/season1/metin2_map_skipia_dungeon_01/000001/height.raw	season1/metin2_map_skipia_dungeon_01/000001/height.raw	1
season1/season1/metin2_map_skipia_dungeon_01/002002/shadowmap.raw	season1/metin2_map_skipia_dungeon_01/002002/shadowmap.raw	1
season1/season1/metin2_map_skipia_dungeon_01/000001/shadowmap.dds	season1/metin2_map_skipia_dungeon_01/000001/shadowmap.dds	1
season1/season1/metin2_map_skipia_dungeon_01/000001/tile.raw	season1/metin2_map_skipia_dungeon_01/000001/tile.raw	1
season1/season1/metin2_map_skipia_dungeon_02/001001/areaproperty.txt	season1/metin2_map_skipia_dungeon_02/001001/areaproperty.txt	1
season1/season1/metin2_map_skipia_dungeon_01/000001/water.wtr	season1/metin2_map_skipia_dungeon_01/000001/water.wtr	1
season1/season1/metin2_map_skipia_dungeon_01/000002/areaproperty.txt	season1/metin2_map_skipia_dungeon_01/000002/areaproperty.txt	1
season1/season1/metin2_map_skipia_dungeon_01/000002/attr.atr	season1/metin2_map_skipia_dungeon_01/000002/attr.atr	1
season1/season1/metin2_map_sungzi_snow_pass03/001002/tile.raw	season1/metin2_map_sungzi_snow_pass03/001002/tile.raw	1
season1/season1/metin2_map_skipia_dungeon_01/000002/height.raw	season1/metin2_map_skipia_dungeon_01/000002/height.raw	1
season1/season1/metin2_map_sungzi_desert_01/001003/tile.raw	season1/metin2_map_sungzi_desert_01/001003/tile.raw	1
season1/season1/metin2_map_skipia_dungeon_01/000002/shadowmap.dds	season1/metin2_map_skipia_dungeon_01/000002/shadowmap.dds	1
season1/season1/metin2_map_skipia_dungeon_01/000002/shadowmap.raw	season1/metin2_map_skipia_dungeon_01/000002/shadowmap.raw	1
season1/season1/metin2_map_skipia_dungeon_01/000002/water.wtr	season1/metin2_map_skipia_dungeon_01/000002/water.wtr	1
season1/season1/metin2_map_skipia_dungeon_01/000003/areaambiencedata.txt	season1/metin2_map_skipia_dungeon_01/000003/areaambiencedata.txt	1
season1/season1/metin2_map_sungzi_desert_01/000003/minimap.dds	season1/metin2_map_sungzi_desert_01/000003/minimap.dds	1
season1/season1/metin2_map_skipia_dungeon_01/000003/areaproperty.txt	season1/metin2_map_skipia_dungeon_01/000003/areaproperty.txt	1
season1/season1/metin2_map_sungzi/001000/water.wtr	season1/metin2_map_sungzi/001000/water.wtr	1
season1/season1/metin2_map_wl_01/003002/shadowmap.raw	season1/metin2_map_wl_01/003002/shadowmap.raw	1
season1/season1/metin2_map_skipia_dungeon_01/000003/height.raw	season1/metin2_map_skipia_dungeon_01/000003/height.raw	1
season1/season1/metin2_map_skipia_dungeon_01/000003/shadowmap.dds	season1/metin2_map_skipia_dungeon_01/000003/shadowmap.dds	1
season1/season1/metin2_map_skipia_dungeon_01/000003/shadowmap.raw	season1/metin2_map_skipia_dungeon_01/000003/shadowmap.raw	1
season1/season1/metin2_map_skipia_dungeon_01/001001/shadowmap.raw	season1/metin2_map_skipia_dungeon_01/001001/shadowmap.raw	1
season1/season1/metin2_map_skipia_dungeon_01/000004/areaproperty.txt	season1/metin2_map_skipia_dungeon_01/000004/areaproperty.txt	1
season1/season1/metin2_map_skipia_dungeon_01/000004/attr.atr	season1/metin2_map_skipia_dungeon_01/000004/attr.atr	1
season1/season1/metin2_map_skipia_dungeon_01/000004/height.raw	season1/metin2_map_skipia_dungeon_01/000004/height.raw	1
season1/season1/metin2_map_skipia_dungeon_01/000004/minimap.dds	season1/metin2_map_skipia_dungeon_01/000004/minimap.dds	1
season1/season1/metin2_map_skipia_dungeon_01/000004/shadowmap.dds	season1/metin2_map_skipia_dungeon_01/000004/shadowmap.dds	1
season1/season1/metin2_map_sungzi_flame_hill_02/001000/attr.atr	season1/metin2_map_sungzi_flame_hill_02/001000/attr.atr	1
season1/season1/metin2_map_sungzi_snow/001002/height.raw	season1/metin2_map_sungzi_snow/001002/height.raw	1
season1/season1/metin2_map_sungzi_snow_pass03/001001/areaproperty.txt	season1/metin2_map_sungzi_snow_pass03/001001/areaproperty.txt	1
season1/season1/metin2_map_skipia_dungeon_01/000004/water.wtr	season1/metin2_map_skipia_dungeon_01/000004/water.wtr	1
season1/season1/metin2_map_skipia_dungeon_01/000005/areadata.txt	season1/metin2_map_skipia_dungeon_01/000005/areadata.txt	1
season1/season1/metin2_map_skipia_dungeon_02/002000/tile.raw	season1/metin2_map_skipia_dungeon_02/002000/tile.raw	1
season1/season1/metin2_map_skipia_dungeon_01/000005/attr.atr	season1/metin2_map_skipia_dungeon_01/000005/attr.atr	1
season1/season1/metin2_map_skipia_dungeon_01/000005/height.raw	season1/metin2_map_skipia_dungeon_01/000005/height.raw	1
season1/season1/metin2_map_skipia_dungeon_01/000005/shadowmap.dds	season1/metin2_map_skipia_dungeon_01/000005/shadowmap.dds	1
season1/season1/metin2_map_skipia_dungeon_01/000005/tile.raw	season1/metin2_map_skipia_dungeon_01/000005/tile.raw	1
season1/season1/metin2_map_skipia_dungeon_01/003004/tile.raw	season1/metin2_map_skipia_dungeon_01/003004/tile.raw	1
season1/season1/metin2_map_skipia_dungeon_02/001000/tile.raw	season1/metin2_map_skipia_dungeon_02/001000/tile.raw	1
season1/season1/metin2_map_skipia_dungeon_01/000005/water.wtr	season1/metin2_map_skipia_dungeon_01/000005/water.wtr	1
season1/season1/metin2_map_sungzi_desert_hill_01/000003/tile.raw	season1/metin2_map_sungzi_desert_hill_01/000003/tile.raw	1
season1/season1/metin2_map_skipia_dungeon_01/001000/areaproperty.txt	season1/metin2_map_skipia_dungeon_01/001000/areaproperty.txt	1
season1/season1/metin2_map_skipia_dungeon_01/001000/attr.atr	season1/metin2_map_skipia_dungeon_01/001000/attr.atr	1
season1/season1/metin2_map_skipia_dungeon_01/001000/height.raw	season1/metin2_map_skipia_dungeon_01/001000/height.raw	1
season1/season1/metin2_map_skipia_dungeon_01/001000/minimap.dds	season1/metin2_map_skipia_dungeon_01/001000/minimap.dds	1
season1/season1/monster/ch_bowman/shape.msm	season1/monster/ch_bowman/shape.msm	1
season1/season1/metin2_map_skipia_dungeon_01/001000/shadowmap.raw	season1/metin2_map_skipia_dungeon_01/001000/shadowmap.raw	1
season1/season1/metin2_map_sungzi_milgyo_pass_02/000003/shadowmap.dds	season1/metin2_map_sungzi_milgyo_pass_02/000003/shadowmap.dds	1
season1/season1/metin2_map_skipia_dungeon_01/001000/tile.raw	season1/metin2_map_skipia_dungeon_01/001000/tile.raw	1
season1/season1/metin2_map_skipia_dungeon_01/001004/areaambiencedata.txt	season1/metin2_map_skipia_dungeon_01/001004/areaambiencedata.txt	1
season1/season1/metin2_map_skipia_dungeon_01/001000/water.wtr	season1/metin2_map_skipia_dungeon_01/001000/water.wtr	1
season1/season1/metin2_map_skipia_dungeon_02/001002/minimap.dds	season1/metin2_map_skipia_dungeon_02/001002/minimap.dds	1
season1/season1/metin2_map_skipia_dungeon_01/001001/height.raw	season1/metin2_map_skipia_dungeon_01/001001/height.raw	1
season1/season1/metin2_map_sungzi_milgyo_pass_01/001003/minimap.dds	season1/metin2_map_sungzi_milgyo_pass_01/001003/minimap.dds	1
season1/season1/metin2_map_skipia_dungeon_01/001001/water.wtr	season1/metin2_map_skipia_dungeon_01/001001/water.wtr	1
season1/season1/metin2_map_skipia_dungeon_01/001002/areaambiencedata.txt	season1/metin2_map_skipia_dungeon_01/001002/areaambiencedata.txt	1
season1/season1/metin2_map_skipia_dungeon_02/002004/shadowmap.dds	season1/metin2_map_skipia_dungeon_02/002004/shadowmap.dds	1
season1/season1/metin2_map_skipia_dungeon_01/001002/areaproperty.txt	season1/metin2_map_skipia_dungeon_01/001002/areaproperty.txt	1
season1/season1/metin2_map_skipia_dungeon_02/005004/height.raw	season1/metin2_map_skipia_dungeon_02/005004/height.raw	1
season1/season1/metin2_map_skipia_dungeon_01/001002/shadowmap.dds	season1/metin2_map_skipia_dungeon_01/001002/shadowmap.dds	1
season1/season1/metin2_map_spiderdungeon_02/001003/tile.raw	season1/metin2_map_spiderdungeon_02/001003/tile.raw	1
season1/season1/metin2_map_skipia_dungeon_01/001002/tile.raw	season1/metin2_map_skipia_dungeon_01/001002/tile.raw	1
season1/season1/metin2_map_skipia_dungeon_02/004001/attr.atr	season1/metin2_map_skipia_dungeon_02/004001/attr.atr	1
season1/season1/metin2_map_skipia_dungeon_01/001002/water.wtr	season1/metin2_map_skipia_dungeon_01/001002/water.wtr	1
season1/season1/metin2_map_skipia_dungeon_02/004002/attr.atr	season1/metin2_map_skipia_dungeon_02/004002/attr.atr	1
season1/season1/metin2_map_skipia_dungeon_02/005003/areaproperty.txt	season1/metin2_map_skipia_dungeon_02/005003/areaproperty.txt	1
season1/season1/metin2_map_sungzi_flame_hill_01/000003/tile.raw	season1/metin2_map_sungzi_flame_hill_01/000003/tile.raw	1
season1/season1/metin2_map_skipia_dungeon_01/001003/areadata.txt	season1/metin2_map_skipia_dungeon_01/001003/areadata.txt	1
season1/season1/metin2_map_sungzi_desert_hill_02/000003/minimap.dds	season1/metin2_map_sungzi_desert_hill_02/000003/minimap.dds	1
season1/season1/metin2_map_skipia_dungeon_01/001003/attr.atr	season1/metin2_map_skipia_dungeon_01/001003/attr.atr	1
season1/season1/metin2_map_skipia_dungeon_01/003001/tile.raw	season1/metin2_map_skipia_dungeon_01/003001/tile.raw	1
season1/season1/metin2_map_skipia_dungeon_01/001003/shadowmap.raw	season1/metin2_map_skipia_dungeon_01/001003/shadowmap.raw	1
season1/season1/metin2_map_skipia_dungeon_01/001003/water.wtr	season1/metin2_map_skipia_dungeon_01/001003/water.wtr	1
season1/season1/metin2_map_wl_01/001001/areadata.txt	season1/metin2_map_wl_01/001001/areadata.txt	1
season1/season1/metin2_map_skipia_dungeon_01/001004/areaproperty.txt	season1/metin2_map_skipia_dungeon_01/001004/areaproperty.txt	1
season1/season1/metin2_map_skipia_dungeon_01/001004/attr.atr	season1/metin2_map_skipia_dungeon_01/001004/attr.atr	1
season1/season1/metin2_map_skipia_dungeon_01/001004/minimap.dds	season1/metin2_map_skipia_dungeon_01/001004/minimap.dds	1
season1/season1/metin2_map_skipia_dungeon_01/001004/shadowmap.dds	season1/metin2_map_skipia_dungeon_01/001004/shadowmap.dds	1
season1/season1/metin2_map_wl_01/001002/areaambiencedata.txt	season1/metin2_map_wl_01/001002/areaambiencedata.txt	1
season1/season1/metin2_map_sungzi_milgyo_pass_02/000001/areadata.txt	season1/metin2_map_sungzi_milgyo_pass_02/000001/areadata.txt	1
season1/season1/metin2_map_sungzi_milgyo/001002/minimap.dds	season1/metin2_map_sungzi_milgyo/001002/minimap.dds	1
season1/season1/metin2_map_skipia_dungeon_01/001004/shadowmap.raw	season1/metin2_map_skipia_dungeon_01/001004/shadowmap.raw	1
season1/season1/metin2_map_skipia_dungeon_01/001004/tile.raw	season1/metin2_map_skipia_dungeon_01/001004/tile.raw	1
season1/season1/metin2_map_sungzi_desert_01/001003/shadowmap.raw	season1/metin2_map_sungzi_desert_01/001003/shadowmap.raw	1
season1/season1/metin2_map_sungzi_milgyo/000000/attr.atr	season1/metin2_map_sungzi_milgyo/000000/attr.atr	1
season1/season1/metin2_map_wl_01/001002/height.raw	season1/metin2_map_wl_01/001002/height.raw	1
season1/season1/metin2_map_skipia_dungeon_01/005000/areaproperty.txt	season1/metin2_map_skipia_dungeon_01/005000/areaproperty.txt	1
season1/season1/metin2_map_skipia_dungeon_01/001004/water.wtr	season1/metin2_map_skipia_dungeon_01/001004/water.wtr	1
season1/season1/metin2_map_spiderdungeon_02/000000/areaambiencedata.txt	season1/metin2_map_spiderdungeon_02/000000/areaambiencedata.txt	1
season1/season1/monster/ch_magician/torpedo.mse	season1/monster/ch_magician/torpedo.mse	1
season1/season1/npc/chagirap/run.gr2	season1/npc/chagirap/run.gr2	1
season1/season1/npc/cheonjo_guard_bow/34.msa	season1/npc/cheonjo_guard_bow/34.msa	1
season1/season1/metin2_map_skipia_dungeon_01/001005/areaambiencedata.txt	season1/metin2_map_skipia_dungeon_01/001005/areaambiencedata.txt	1
season1/season1/metin2_map_sungzi_desert_hill_02/000003/areadata.txt	season1/metin2_map_sungzi_desert_hill_02/000003/areadata.txt	1
season1/season1/metin2_map_sungzi_flame_hill_01/001000/minimap.dds	season1/metin2_map_sungzi_flame_hill_01/001000/minimap.dds	1
season1/season1/metin2_map_skipia_dungeon_01/001005/areadata.txt	season1/metin2_map_skipia_dungeon_01/001005/areadata.txt	1
season1/season1/metin2_map_sungzi_milgyo/000000/tile.raw	season1/metin2_map_sungzi_milgyo/000000/tile.raw	1
season1/season1/monster/fox_ninetail_e/31.msa	season1/monster/fox_ninetail_e/31.msa	1
season1/season1/metin2_map_skipia_dungeon_01/001005/areaproperty.txt	season1/metin2_map_skipia_dungeon_01/001005/areaproperty.txt	1
season1/season1/metin2_map_skipia_dungeon_01/001005/attr.atr	season1/metin2_map_skipia_dungeon_01/001005/attr.atr	1
season1/season1/metin2_map_skipia_dungeon_01/001005/minimap.dds	season1/metin2_map_skipia_dungeon_01/001005/minimap.dds	1
season1/season1/metin2_map_skipia_dungeon_01/005002/water.wtr	season1/metin2_map_skipia_dungeon_01/005002/water.wtr	1
season1/season1/metin2_map_sungzi_flame_hill_03/000002/height.raw	season1/metin2_map_sungzi_flame_hill_03/000002/height.raw	1
season1/season1/metin2_map_skipia_dungeon_01/001005/shadowmap.dds	season1/metin2_map_skipia_dungeon_01/001005/shadowmap.dds	1
season1/season1/metin2_map_skipia_dungeon_01/001005/shadowmap.raw	season1/metin2_map_skipia_dungeon_01/001005/shadowmap.raw	1
season1/season1/monster/ch_officer/skipia_officer_attack.msa	season1/monster/ch_officer/skipia_officer_attack.msa	1
season1/season1/metin2_map_skipia_dungeon_02/001004/water.wtr	season1/metin2_map_skipia_dungeon_02/001004/water.wtr	1
season1/season1/metin2_map_sungzi_flame_hill_02/001002/shadowmap.raw	season1/metin2_map_sungzi_flame_hill_02/001002/shadowmap.raw	1
season1/season1/metin2_map_skipia_dungeon_01/001005/water.wtr	season1/metin2_map_skipia_dungeon_01/001005/water.wtr	1
season1/season1/metin2_map_skipia_dungeon_01/003001/areaproperty.txt	season1/metin2_map_skipia_dungeon_01/003001/areaproperty.txt	1
season1/season1/metin2_map_sungzi_milgyo_pass_01/000000/height.raw	season1/metin2_map_sungzi_milgyo_pass_01/000000/height.raw	1
season1/season1/metin2_map_skipia_dungeon_01/002000/areaproperty.txt	season1/metin2_map_skipia_dungeon_01/002000/areaproperty.txt	1
season1/season1/metin2_map_skipia_dungeon_01/002000/minimap.dds	season1/metin2_map_skipia_dungeon_01/002000/minimap.dds	1
season1/season1/metin2_map_skipia_dungeon_01/002000/shadowmap.dds	season1/metin2_map_skipia_dungeon_01/002000/shadowmap.dds	1
season1/season1/metin2_map_sungzi_snow_pass01/001000/attr.atr	season1/metin2_map_sungzi_snow_pass01/001000/attr.atr	1
season1/season1/npc/visamun/stand00.gr2	season1/npc/visamun/stand00.gr2	1
season1/season1/metin2_map_skipia_dungeon_01/002000/shadowmap.raw	season1/metin2_map_skipia_dungeon_01/002000/shadowmap.raw	1
season1/season1/metin2_map_skipia_dungeon_01/002000/tile.raw	season1/metin2_map_skipia_dungeon_01/002000/tile.raw	1
season1/season1/metin2_map_skipia_dungeon_01/002000/water.wtr	season1/metin2_map_skipia_dungeon_01/002000/water.wtr	1
season1/season1/metin2_map_skipia_dungeon_01/002001/areaambiencedata.txt	season1/metin2_map_skipia_dungeon_01/002001/areaambiencedata.txt	1
season1/season1/metin2_map_skipia_dungeon_01/002001/areaproperty.txt	season1/metin2_map_skipia_dungeon_01/002001/areaproperty.txt	1
season1/season1/metin2_map_skipia_dungeon_01/002001/attr.atr	season1/metin2_map_skipia_dungeon_01/002001/attr.atr	1
season1/season1/metin2_map_sungzi_desert_hill_02/000003/height.raw	season1/metin2_map_sungzi_desert_hill_02/000003/height.raw	1
season1/season1/monster/skeleton_king_e/33.msa	season1/monster/skeleton_king_e/33.msa	1
season1/season1/metin2_map_skipia_dungeon_01/002001/minimap.dds	season1/metin2_map_skipia_dungeon_01/002001/minimap.dds	1
season1/season1/npc/moonstone/moonstone.dds	season1/npc/moonstone/moonstone.dds	1
season1/season1/metin2_map_skipia_dungeon_02/000001/tile.raw	season1/metin2_map_skipia_dungeon_02/000001/tile.raw	1
season1/season1/metin2_map_skipia_dungeon_02/000000/minimap.dds	season1/metin2_map_skipia_dungeon_02/000000/minimap.dds	1
season1/season1/metin2_map_skipia_dungeon_01/002001/shadowmap.dds	season1/metin2_map_skipia_dungeon_01/002001/shadowmap.dds	1
season1/season1/metin2_map_skipia_dungeon_01/002001/shadowmap.raw	season1/metin2_map_skipia_dungeon_01/002001/shadowmap.raw	1
season1/season1/metin2_map_skipia_dungeon_01/002001/water.wtr	season1/metin2_map_skipia_dungeon_01/002001/water.wtr	1
season1/season1/metin2_map_skipia_dungeon_01/002002/height.raw	season1/metin2_map_skipia_dungeon_01/002002/height.raw	1
season1/season1/metin2_map_skipia_dungeon_01/002002/minimap.dds	season1/metin2_map_skipia_dungeon_01/002002/minimap.dds	1
season1/season1/metin2_map_skipia_dungeon_02/001001/shadowmap.dds	season1/metin2_map_skipia_dungeon_02/001001/shadowmap.dds	1
season1/season1/metin2_map_skipia_dungeon_01/002002/shadowmap.dds	season1/metin2_map_skipia_dungeon_01/002002/shadowmap.dds	1
season1/season1/metin2_map_skipia_dungeon_01/002002/water.wtr	season1/metin2_map_skipia_dungeon_01/002002/water.wtr	1
season1/season1/metin2_map_skipia_dungeon_01/002003/areaambiencedata.txt	season1/metin2_map_skipia_dungeon_01/002003/areaambiencedata.txt	1
season1/season1/metin2_map_skipia_dungeon_01/002003/areaproperty.txt	season1/metin2_map_skipia_dungeon_01/002003/areaproperty.txt	1
season1/season1/metin2_map_skipia_dungeon_01/002003/minimap.dds	season1/metin2_map_skipia_dungeon_01/002003/minimap.dds	1
season1/season1/metin2_map_sungzi_desert_01/001001/areadata.txt	season1/metin2_map_sungzi_desert_01/001001/areadata.txt	1
season1/season1/metin2_map_skipia_dungeon_01/002005/water.wtr	season1/metin2_map_skipia_dungeon_01/002005/water.wtr	1
season1/season1/monster/ch_officer/skipia_officer.gr2	season1/monster/ch_officer/skipia_officer.gr2	1
season1/season1/metin2_map_skipia_dungeon_01/002003/shadowmap.raw	season1/metin2_map_skipia_dungeon_01/002003/shadowmap.raw	1
season1/season1/metin2_map_sungzi_desert_01/002002/attr.atr	season1/metin2_map_sungzi_desert_01/002002/attr.atr	1
season1/season1/metin2_map_skipia_dungeon_01/002003/tile.raw	season1/metin2_map_skipia_dungeon_01/002003/tile.raw	1
season1/season1/metin2_map_sungzi_desert_01/000003/tile.raw	season1/metin2_map_sungzi_desert_01/000003/tile.raw	1
season1/season1/metin2_map_skipia_dungeon_01/002003/water.wtr	season1/metin2_map_skipia_dungeon_01/002003/water.wtr	1
season1/season1/metin2_map_sungzi_desert_01/003000/attr.atr	season1/metin2_map_sungzi_desert_01/003000/attr.atr	1
season1/season1/metin2_map_skipia_dungeon_01/002004/areaambiencedata.txt	season1/metin2_map_skipia_dungeon_01/002004/areaambiencedata.txt	1
season1/season1/metin2_map_skipia_dungeon_01/002004/height.raw	season1/metin2_map_skipia_dungeon_01/002004/height.raw	1
season1/season1/pc/shaman/shaman_lord.gr2	season1/pc/shaman/shaman_lord.gr2	1
season1/season1/metin2_map_skipia_dungeon_01/002004/minimap.dds	season1/metin2_map_skipia_dungeon_01/002004/minimap.dds	1
season1/season1/metin2_map_spiderdungeon_02/000003/water.wtr	season1/metin2_map_spiderdungeon_02/000003/water.wtr	1
season1/season1/metin2_map_skipia_dungeon_01/002004/shadowmap.raw	season1/metin2_map_skipia_dungeon_01/002004/shadowmap.raw	1
season1/season1/metin2_map_spiderdungeon_02/001002/shadowmap.dds	season1/metin2_map_spiderdungeon_02/001002/shadowmap.dds	1
season1/season1/metin2_map_skipia_dungeon_01/002004/tile.raw	season1/metin2_map_skipia_dungeon_01/002004/tile.raw	1
season1/season1/metin2_map_skipia_dungeon_02/005005/areadata.txt	season1/metin2_map_skipia_dungeon_02/005005/areadata.txt	1
season1/season1/metin2_map_skipia_dungeon_01/003001/water.wtr	season1/metin2_map_skipia_dungeon_01/003001/water.wtr	1
season1/season1/metin2_map_skipia_dungeon_01/002005/attr.atr	season1/metin2_map_skipia_dungeon_01/002005/attr.atr	1
season1/season1/metin2_map_skipia_dungeon_01/002005/shadowmap.dds	season1/metin2_map_skipia_dungeon_01/002005/shadowmap.dds	1
season1/season1/metin2_map_sungzi_milgyo_pass_01/001001/attr.atr	season1/metin2_map_sungzi_milgyo_pass_01/001001/attr.atr	1
season1/season1/metin2_map_skipia_dungeon_01/002005/shadowmap.raw	season1/metin2_map_skipia_dungeon_01/002005/shadowmap.raw	1
season1/season1/metin2_map_skipia_dungeon_02/002003/areadata.txt	season1/metin2_map_skipia_dungeon_02/002003/areadata.txt	1
season1/season1/metin2_map_skipia_dungeon_01/002005/tile.raw	season1/metin2_map_skipia_dungeon_01/002005/tile.raw	1
season1/season1/metin2_map_skipia_dungeon_01/003000/areaambiencedata.txt	season1/metin2_map_skipia_dungeon_01/003000/areaambiencedata.txt	1
season1/season1/metin2_map_sungzi_milgyo_pass_03/000001/attr.atr	season1/metin2_map_sungzi_milgyo_pass_03/000001/attr.atr	1
season1/season1/metin2_map_skipia_dungeon_01/003000/areadata.txt	season1/metin2_map_skipia_dungeon_01/003000/areadata.txt	1
season1/season1/metin2_map_skipia_dungeon_01/003000/attr.atr	season1/metin2_map_skipia_dungeon_01/003000/attr.atr	1
season1/season1/monster/yellow_tigerman_e/00_1.msa	season1/monster/yellow_tigerman_e/00_1.msa	1
season1/season1/metin2_map_skipia_dungeon_01/003000/height.raw	season1/metin2_map_skipia_dungeon_01/003000/height.raw	1
season1/season1/monster/ch_bowman/skipia_bowman_damage.gr2	season1/monster/ch_bowman/skipia_bowman_damage.gr2	1
season1/season1/metin2_map_skipia_dungeon_01/003000/minimap.dds	season1/metin2_map_skipia_dungeon_01/003000/minimap.dds	1
season1/season1/metin2_map_sungzi_milgyo_pass_01/000000/water.wtr	season1/metin2_map_sungzi_milgyo_pass_01/000000/water.wtr	1
season1/season1/metin2_map_sungzi_flame_hill_03/000001/water.wtr	season1/metin2_map_sungzi_flame_hill_03/000001/water.wtr	1
season1/season1/metin2_map_skipia_dungeon_01/003000/shadowmap.dds	season1/metin2_map_skipia_dungeon_01/003000/shadowmap.dds	1
season1/season1/metin2_map_skipia_dungeon_01/003000/water.wtr	season1/metin2_map_skipia_dungeon_01/003000/water.wtr	1
season1/season1/metin2_map_skipia_dungeon_01/005004/height.raw	season1/metin2_map_skipia_dungeon_01/005004/height.raw	1
season1/season1/metin2_map_skipia_dungeon_02/001000/areadata.txt	season1/metin2_map_skipia_dungeon_02/001000/areadata.txt	1
season1/season1/metin2_map_skipia_dungeon_01/003001/areadata.txt	season1/metin2_map_skipia_dungeon_01/003001/areadata.txt	1
season1/season1/metin2_map_sungzi_milgyo_pass_02/001001/tile.raw	season1/metin2_map_sungzi_milgyo_pass_02/001001/tile.raw	1
season1/season1/metin2_map_spiderdungeon_02/001000/areaambiencedata.txt	season1/metin2_map_spiderdungeon_02/001000/areaambiencedata.txt	1
season1/season1/metin2_map_skipia_dungeon_01/003001/minimap.dds	season1/metin2_map_skipia_dungeon_01/003001/minimap.dds	1
season1/season1/metin2_map_spiderdungeon_02/000002/shadowmap.raw	season1/metin2_map_spiderdungeon_02/000002/shadowmap.raw	1
season1/season1/monster/ch_bowman/skipia_bowman_run.msa	season1/monster/ch_bowman/skipia_bowman_run.msa	1
season1/season1/metin2_map_skipia_dungeon_01/003002/areaambiencedata.txt	season1/metin2_map_skipia_dungeon_01/003002/areaambiencedata.txt	1
season1/season1/metin2_map_skipia_dungeon_01/003002/areaproperty.txt	season1/metin2_map_skipia_dungeon_01/003002/areaproperty.txt	1
season1/season1/metin2_map_skipia_dungeon_01/003002/attr.atr	season1/metin2_map_skipia_dungeon_01/003002/attr.atr	1
season1/season1/metin2_map_skipia_dungeon_01/003002/height.raw	season1/metin2_map_skipia_dungeon_01/003002/height.raw	1
season1/season1/npc/jinmoo/stand00.gr2	season1/npc/jinmoo/stand00.gr2	1
season1/season1/metin2_map_sungzi_desert_hill_02/001002/areaambiencedata.txt	season1/metin2_map_sungzi_desert_hill_02/001002/areaambiencedata.txt	1
season1/season1/metin2_map_skipia_dungeon_01/003002/shadowmap.dds	season1/metin2_map_skipia_dungeon_01/003002/shadowmap.dds	1
season1/season1/metin2_map_sungzi_milgyo_pass_01/000001/attr.atr	season1/metin2_map_sungzi_milgyo_pass_01/000001/attr.atr	1
season1/season1/metin2_map_skipia_dungeon_02/003005/tile.raw	season1/metin2_map_skipia_dungeon_02/003005/tile.raw	1
season1/season1/metin2_map_skipia_dungeon_01/003002/shadowmap.raw	season1/metin2_map_skipia_dungeon_01/003002/shadowmap.raw	1
season1/season1/metin2_map_skipia_dungeon_01/003002/tile.raw	season1/metin2_map_skipia_dungeon_01/003002/tile.raw	1
season1/season1/metin2_map_skipia_dungeon_01/003002/water.wtr	season1/metin2_map_skipia_dungeon_01/003002/water.wtr	1
season1/season1/metin2_map_skipia_dungeon_02/002002/areadata.txt	season1/metin2_map_skipia_dungeon_02/002002/areadata.txt	1
season1/season1/metin2_map_sungzi_flame_hill_01/001001/water.wtr	season1/metin2_map_sungzi_flame_hill_01/001001/water.wtr	1
season1/season1/metin2_map_skipia_dungeon_01/003003/areaambiencedata.txt	season1/metin2_map_skipia_dungeon_01/003003/areaambiencedata.txt	1
season1/season1/metin2_map_skipia_dungeon_01/003003/areadata.txt	season1/metin2_map_skipia_dungeon_01/003003/areadata.txt	1
season1/season1/metin2_map_skipia_dungeon_01/003003/areaproperty.txt	season1/metin2_map_skipia_dungeon_01/003003/areaproperty.txt	1
season1/season1/monster/milgyo_founder_e/32.msa	season1/monster/milgyo_founder_e/32.msa	1
season1/season1/metin2_map_skipia_dungeon_01/003003/height.raw	season1/metin2_map_skipia_dungeon_01/003003/height.raw	1
season1/season1/metin2_map_skipia_dungeon_01/003003/shadowmap.raw	season1/metin2_map_skipia_dungeon_01/003003/shadowmap.raw	1
season1/season1/monster/skeleton_god_e/25.msa	season1/monster/skeleton_god_e/25.msa	1
season1/season1/metin2_map_skipia_dungeon_01/003003/water.wtr	season1/metin2_map_skipia_dungeon_01/003003/water.wtr	1
season1/season1/metin2_map_skipia_dungeon_01/005005/areadata.txt	season1/metin2_map_skipia_dungeon_01/005005/areadata.txt	1
season1/season1/metin2_map_skipia_dungeon_01/005004/minimap.dds	season1/metin2_map_skipia_dungeon_01/005004/minimap.dds	1
season1/season1/metin2_map_skipia_dungeon_01/003004/areaambiencedata.txt	season1/metin2_map_skipia_dungeon_01/003004/areaambiencedata.txt	1
season1/season1/metin2_map_skipia_dungeon_01/003004/areaproperty.txt	season1/metin2_map_skipia_dungeon_01/003004/areaproperty.txt	1
season1/season1/metin2_map_sungzi_snow_pass01/001001/areaproperty.txt	season1/metin2_map_sungzi_snow_pass01/001001/areaproperty.txt	1
season1/season1/metin2_map_skipia_dungeon_01/003004/height.raw	season1/metin2_map_skipia_dungeon_01/003004/height.raw	1
season1/season1/metin2_map_skipia_dungeon_01/003004/shadowmap.dds	season1/metin2_map_skipia_dungeon_01/003004/shadowmap.dds	1
season1/season1/metin2_map_sungzi_flame_hill_03/001001/attr.atr	season1/metin2_map_sungzi_flame_hill_03/001001/attr.atr	1
season1/season1/metin2_map_skipia_dungeon_02/004003/shadowmap.dds	season1/metin2_map_skipia_dungeon_02/004003/shadowmap.dds	1
season1/season1/monster/milgyo_founder_e/35.msa	season1/monster/milgyo_founder_e/35.msa	1
season1/season1/metin2_map_skipia_dungeon_01/003004/shadowmap.raw	season1/metin2_map_skipia_dungeon_01/003004/shadowmap.raw	1
season1/season1/metin2_map_skipia_dungeon_01/003005/attr.atr	season1/metin2_map_skipia_dungeon_01/003005/attr.atr	1
season1/season1/metin2_map_sungzi_desert_hill_01/000000/areaproperty.txt	season1/metin2_map_sungzi_desert_hill_01/000000/areaproperty.txt	1
season1/season1/metin2_map_skipia_dungeon_02/003004/minimap.dds	season1/metin2_map_skipia_dungeon_02/003004/minimap.dds	1
season1/season1/metin2_map_skipia_dungeon_01/004000/attr.atr	season1/metin2_map_skipia_dungeon_01/004000/attr.atr	1
season1/season1/metin2_map_spiderdungeon_02/002003/shadowmap.raw	season1/metin2_map_spiderdungeon_02/002003/shadowmap.raw	1
season1/season1/npc/naoki/03_1.msa	season1/npc/naoki/03_1.msa	1
season1/season1/metin2_map_skipia_dungeon_01/004000/minimap.dds	season1/metin2_map_skipia_dungeon_01/004000/minimap.dds	1
season1/season1/metin2_map_skipia_dungeon_01/004000/shadowmap.raw	season1/metin2_map_skipia_dungeon_01/004000/shadowmap.raw	1
season1/season1/metin2_map_skipia_dungeon_01/005003/tile.raw	season1/metin2_map_skipia_dungeon_01/005003/tile.raw	1
season1/season1/metin2_map_skipia_dungeon_01/004000/water.wtr	season1/metin2_map_skipia_dungeon_01/004000/water.wtr	1
season1/season1/monster/ch_bowman/skipia_bowman_attack.gr2	season1/monster/ch_bowman/skipia_bowman_attack.gr2	1
season1/season1/metin2_map_skipia_dungeon_01/004001/areadata.txt	season1/metin2_map_skipia_dungeon_01/004001/areadata.txt	1
season1/season1/metin2_map_sungzi_desert_hill_01/001003/areadata.txt	season1/metin2_map_sungzi_desert_hill_01/001003/areadata.txt	1
season1/season1/metin2_map_skipia_dungeon_01/004001/areaproperty.txt	season1/metin2_map_skipia_dungeon_01/004001/areaproperty.txt	1
season1/season1/metin2_map_skipia_dungeon_01/004001/minimap.dds	season1/metin2_map_skipia_dungeon_01/004001/minimap.dds	1
season1/season1/metin2_map_skipia_dungeon_01/004001/tile.raw	season1/metin2_map_skipia_dungeon_01/004001/tile.raw	1
season1/season1/metin2_map_skipia_dungeon_01/004002/attr.atr	season1/metin2_map_skipia_dungeon_01/004002/attr.atr	1
season1/season1/metin2_map_sungzi_milgyo_pass_01/000001/areadata.txt	season1/metin2_map_sungzi_milgyo_pass_01/000001/areadata.txt	1
season1/season1/metin2_map_sungzi_milgyo_pass_03/000000/shadowmap.raw	season1/metin2_map_sungzi_milgyo_pass_03/000000/shadowmap.raw	1
season1/season1/metin2_map_sungzi_desert_hill_03/001000/minimap.dds	season1/metin2_map_sungzi_desert_hill_03/001000/minimap.dds	1
season1/season1/metin2_map_skipia_dungeon_01/004002/height.raw	season1/metin2_map_skipia_dungeon_01/004002/height.raw	1
season1/season1/metin2_map_sungzi_milgyo_pass_03/000000/areadata.txt	season1/metin2_map_sungzi_milgyo_pass_03/000000/areadata.txt	1
season1/season1/npc/naoki/naoki.gr2	season1/npc/naoki/naoki.gr2	1
season1/season1/metin2_map_skipia_dungeon_01/004002/tile.raw	season1/metin2_map_skipia_dungeon_01/004002/tile.raw	1
season1/season1/metin2_map_skipia_dungeon_01/004002/water.wtr	season1/metin2_map_skipia_dungeon_01/004002/water.wtr	1
season1/season1/metin2_map_skipia_dungeon_01/004003/areaproperty.txt	season1/metin2_map_skipia_dungeon_01/004003/areaproperty.txt	1
season1/season1/metin2_map_skipia_dungeon_01/004003/height.raw	season1/metin2_map_skipia_dungeon_01/004003/height.raw	1
season1/season1/metin2_map_skipia_dungeon_01/004003/shadowmap.raw	season1/metin2_map_skipia_dungeon_01/004003/shadowmap.raw	1
season1/season1/metin2_map_skipia_dungeon_01/004003/tile.raw	season1/metin2_map_skipia_dungeon_01/004003/tile.raw	1
season1/season1/metin2_map_skipia_dungeon_01/004004/attr.atr	season1/metin2_map_skipia_dungeon_01/004004/attr.atr	1
season1/season1/metin2_map_sungzi_milgyo/001001/shadowmap.dds	season1/metin2_map_sungzi_milgyo/001001/shadowmap.dds	1
season1/season1/metin2_map_sungzi_desert_hill_03/001001/height.raw	season1/metin2_map_sungzi_desert_hill_03/001001/height.raw	1
season1/season1/metin2_map_sungzi_flame_hill_01/001002/height.raw	season1/metin2_map_sungzi_flame_hill_01/001002/height.raw	1
season1/season1/metin2_map_skipia_dungeon_01/004004/height.raw	season1/metin2_map_skipia_dungeon_01/004004/height.raw	1
season1/season1/metin2_map_skipia_dungeon_01/004004/minimap.dds	season1/metin2_map_skipia_dungeon_01/004004/minimap.dds	1
season1/season1/metin2_map_skipia_dungeon_02/000004/tile.raw	season1/metin2_map_skipia_dungeon_02/000004/tile.raw	1
season1/season1/metin2_map_skipia_dungeon_01/004004/water.wtr	season1/metin2_map_skipia_dungeon_01/004004/water.wtr	1
season1/season1/metin2_map_sungzi_snow_pass03/001002/attr.atr	season1/metin2_map_sungzi_snow_pass03/001002/attr.atr	1
season1/season1/metin2_map_skipia_dungeon_01/004005/areaambiencedata.txt	season1/metin2_map_skipia_dungeon_01/004005/areaambiencedata.txt	1
season1/season1/metin2_map_skipia_dungeon_01/004005/areadata.txt	season1/metin2_map_skipia_dungeon_01/004005/areadata.txt	1
season1/season1/metin2_map_skipia_dungeon_02/004001/shadowmap.dds	season1/metin2_map_skipia_dungeon_02/004001/shadowmap.dds	1
season1/season1/metin2_map_sungzi_desert_hill_02/000002/shadowmap.dds	season1/metin2_map_sungzi_desert_hill_02/000002/shadowmap.dds	1
season1/season1/metin2_map_skipia_dungeon_01/004005/areaproperty.txt	season1/metin2_map_skipia_dungeon_01/004005/areaproperty.txt	1
season1/season1/metin2_map_skipia_dungeon_01/004005/attr.atr	season1/metin2_map_skipia_dungeon_01/004005/attr.atr	1
season1/season1/metin2_map_sungzi_flame_hill_02/001001/areaproperty.txt	season1/metin2_map_sungzi_flame_hill_02/001001/areaproperty.txt	1
season1/season1/metin2_map_sungzi_flame_hill_03/000001/shadowmap.raw	season1/metin2_map_sungzi_flame_hill_03/000001/shadowmap.raw	1
season1/season1/metin2_map_skipia_dungeon_01/004005/height.raw	season1/metin2_map_skipia_dungeon_01/004005/height.raw	1
season1/season1/metin2_map_skipia_dungeon_01/004005/minimap.dds	season1/metin2_map_skipia_dungeon_01/004005/minimap.dds	1
season1/season1/metin2_map_sungzi_flame_hill_02/001000/areaambiencedata.txt	season1/metin2_map_sungzi_flame_hill_02/001000/areaambiencedata.txt	1
season1/season1/metin2_map_skipia_dungeon_01/004005/shadowmap.dds	season1/metin2_map_skipia_dungeon_01/004005/shadowmap.dds	1
season1/season1/metin2_map_skipia_dungeon_01/004005/shadowmap.raw	season1/metin2_map_skipia_dungeon_01/004005/shadowmap.raw	1
season1/season1/metin2_map_sungzi_snow_pass02/000003/areaambiencedata.txt	season1/metin2_map_sungzi_snow_pass02/000003/areaambiencedata.txt	1
season1/season1/metin2_map_skipia_dungeon_01/004005/tile.raw	season1/metin2_map_skipia_dungeon_01/004005/tile.raw	1
season1/season1/metin2_map_skipia_dungeon_01/004005/water.wtr	season1/metin2_map_skipia_dungeon_01/004005/water.wtr	1
season1/season1/metin2_map_skipia_dungeon_01/005000/areadata.txt	season1/metin2_map_skipia_dungeon_01/005000/areadata.txt	1
season1/season1/metin2_map_skipia_dungeon_02/005005/water.wtr	season1/metin2_map_skipia_dungeon_02/005005/water.wtr	1
season1/season1/metin2_map_sungzi_desert_hill_02/001003/minimap.dds	season1/metin2_map_sungzi_desert_hill_02/001003/minimap.dds	1
season1/season1/metin2_map_sungzi_flame_hill_01/001000/shadowmap.raw	season1/metin2_map_sungzi_flame_hill_01/001000/shadowmap.raw	1
season1/season1/metin2_map_sungzi_flame_hill_01/001002/shadowmap.raw	season1/metin2_map_sungzi_flame_hill_01/001002/shadowmap.raw	1
season1/season1/metin2_map_skipia_dungeon_01/005000/shadowmap.dds	season1/metin2_map_skipia_dungeon_01/005000/shadowmap.dds	1
season1/season1/metin2_map_sungzi_desert_hill_02/001002/water.wtr	season1/metin2_map_sungzi_desert_hill_02/001002/water.wtr	1
season1/season1/metin2_map_sungzi_desert_01/000003/areaproperty.txt	season1/metin2_map_sungzi_desert_01/000003/areaproperty.txt	1
season1/season1/metin2_map_sungzi_desert_hill_03/000003/shadowmap.dds	season1/metin2_map_sungzi_desert_hill_03/000003/shadowmap.dds	1
season1/season1/metin2_map_skipia_dungeon_01/005000/tile.raw	season1/metin2_map_skipia_dungeon_01/005000/tile.raw	1
season1/season1/metin2_map_spiderdungeon_02/001000/height.raw	season1/metin2_map_spiderdungeon_02/001000/height.raw	1
season1/season1/metin2_map_skipia_dungeon_01/005000/water.wtr	season1/metin2_map_skipia_dungeon_01/005000/water.wtr	1
season1/season1/metin2_map_skipia_dungeon_01/005001/areadata.txt	season1/metin2_map_skipia_dungeon_01/005001/areadata.txt	1
season1/season1/metin2_map_sungzi_desert_01/001000/tile.raw	season1/metin2_map_sungzi_desert_01/001000/tile.raw	1
season1/season1/metin2_map_skipia_dungeon_01/005001/tile.raw	season1/metin2_map_skipia_dungeon_01/005001/tile.raw	1
season1/season1/metin2_map_skipia_dungeon_01/005001/water.wtr	season1/metin2_map_skipia_dungeon_01/005001/water.wtr	1
season1/season1/monster/ch_magician/0006.tga	season1/monster/ch_magician/0006.tga	1
season1/season1/metin2_map_sungzi_desert_hill_01/001003/shadowmap.dds	season1/metin2_map_sungzi_desert_hill_01/001003/shadowmap.dds	1
season1/season1/metin2_map_sungzi_desert_hill_02/001000/shadowmap.dds	season1/metin2_map_sungzi_desert_hill_02/001000/shadowmap.dds	1
season1/season1/metin2_map_sungzi_snow/002001/water.wtr	season1/metin2_map_sungzi_snow/002001/water.wtr	1
season1/season1/metin2_map_skipia_dungeon_01/005002/areaambiencedata.txt	season1/metin2_map_skipia_dungeon_01/005002/areaambiencedata.txt	1
season1/season1/monster/skeleton_king_e/00.msa	season1/monster/skeleton_king_e/00.msa	1
season1/season1/metin2_map_skipia_dungeon_01/005002/areadata.txt	season1/metin2_map_skipia_dungeon_01/005002/areadata.txt	1
season1/season1/metin2_map_skipia_dungeon_01/005002/height.raw	season1/metin2_map_skipia_dungeon_01/005002/height.raw	1
season1/season1/metin2_map_skipia_dungeon_01/005002/minimap.dds	season1/metin2_map_skipia_dungeon_01/005002/minimap.dds	1
season1/season1/metin2_map_skipia_dungeon_01/005002/shadowmap.raw	season1/metin2_map_skipia_dungeon_01/005002/shadowmap.raw	1
season1/season1/metin2_map_skipia_dungeon_01/005002/tile.raw	season1/metin2_map_skipia_dungeon_01/005002/tile.raw	1
season1/season1/metin2_map_skipia_dungeon_01/005003/areaambiencedata.txt	season1/metin2_map_skipia_dungeon_01/005003/areaambiencedata.txt	1
season1/season1/metin2_map_skipia_dungeon_02/004003/shadowmap.raw	season1/metin2_map_skipia_dungeon_02/004003/shadowmap.raw	1
season1/season1/npc/cheonjo_guard_spear/30_1.msa	season1/npc/cheonjo_guard_spear/30_1.msa	1
season1/season1/metin2_map_skipia_dungeon_01/005003/areadata.txt	season1/metin2_map_skipia_dungeon_01/005003/areadata.txt	1
season1/season1/monster/ch_footman/skipia_footman01.dds	season1/monster/ch_footman/skipia_footman01.dds	1
season1/season1/npc/jinno_guard_bow/jinno_patrol_bow_lod_02.gr2	season1/npc/jinno_guard_bow/jinno_patrol_bow_lod_02.gr2	1
season1/season1/metin2_map_skipia_dungeon_01/005003/attr.atr	season1/metin2_map_skipia_dungeon_01/005003/attr.atr	1
season1/season1/metin2_map_sungzi_flame_hill_03/000003/minimap.dds	season1/metin2_map_sungzi_flame_hill_03/000003/minimap.dds	1
season1/season1/npc/signal_fire/signalfire.gr2	season1/npc/signal_fire/signalfire.gr2	1
season1/season1/metin2_map_skipia_dungeon_01/005003/height.raw	season1/metin2_map_skipia_dungeon_01/005003/height.raw	1
season1/season1/metin2_map_sungzi_desert_01/002002/areadata.txt	season1/metin2_map_sungzi_desert_01/002002/areadata.txt	1
season1/season1/metin2_map_sungzi_flame_hill_03/000002/shadowmap.dds	season1/metin2_map_sungzi_flame_hill_03/000002/shadowmap.dds	1
season1/season1/metin2_map_sungzi_snow_pass02/001001/water.wtr	season1/metin2_map_sungzi_snow_pass02/001001/water.wtr	1
season1/season1/metin2_map_skipia_dungeon_01/005003/shadowmap.dds	season1/metin2_map_skipia_dungeon_01/005003/shadowmap.dds	1
season1/season1/metin2_map_spiderdungeon_02/003001/shadowmap.dds	season1/metin2_map_spiderdungeon_02/003001/shadowmap.dds	1
season1/season1/metin2_map_sungzi_milgyo_pass_03/001001/areadata.txt	season1/metin2_map_sungzi_milgyo_pass_03/001001/areadata.txt	1
season1/season1/metin2_map_skipia_dungeon_01/005003/shadowmap.raw	season1/metin2_map_skipia_dungeon_01/005003/shadowmap.raw	1
season1/season1/metin2_map_skipia_dungeon_02/005003/attr.atr	season1/metin2_map_skipia_dungeon_02/005003/attr.atr	1
season1/season1/metin2_map_skipia_dungeon_01/005004/areaambiencedata.txt	season1/metin2_map_skipia_dungeon_01/005004/areaambiencedata.txt	1
season1/season1/monster/skeleton_king_e/skeleton_king_e.gr2	season1/monster/skeleton_king_e/skeleton_king_e.gr2	1
season1/season1/monster/milgyo_founder_e/33.msa	season1/monster/milgyo_founder_e/33.msa	1
season1/season1/metin2_map_skipia_dungeon_02/004005/shadowmap.dds	season1/metin2_map_skipia_dungeon_02/004005/shadowmap.dds	1
season1/season1/metin2_map_skipia_dungeon_02/004005/areadata.txt	season1/metin2_map_skipia_dungeon_02/004005/areadata.txt	1
season1/season1/metin2_map_skipia_dungeon_01/005004/attr.atr	season1/metin2_map_skipia_dungeon_01/005004/attr.atr	1
season1/season1/metin2_map_spiderdungeon_02/001001/areaproperty.txt	season1/metin2_map_spiderdungeon_02/001001/areaproperty.txt	1
season1/season1/metin2_map_sungzi_snow/001002/minimap.dds	season1/metin2_map_sungzi_snow/001002/minimap.dds	1
season1/season1/metin2_map_skipia_dungeon_01/005004/shadowmap.dds	season1/metin2_map_skipia_dungeon_01/005004/shadowmap.dds	1
season1/season1/metin2_map_sungzi_milgyo_pass_02/000003/tile.raw	season1/metin2_map_sungzi_milgyo_pass_02/000003/tile.raw	1
season1/season1/metin2_map_skipia_dungeon_01/005004/shadowmap.raw	season1/metin2_map_skipia_dungeon_01/005004/shadowmap.raw	1
season1/season1/metin2_map_skipia_dungeon_01/005004/tile.raw	season1/metin2_map_skipia_dungeon_01/005004/tile.raw	1
season1/season1/metin2_map_sungzi_flame_hill_03/setting.txt	season1/metin2_map_sungzi_flame_hill_03/setting.txt	1
season1/season1/metin2_map_skipia_dungeon_01/005005/areaambiencedata.txt	season1/metin2_map_skipia_dungeon_01/005005/areaambiencedata.txt	1
season1/season1/metin2_map_skipia_dungeon_01/005005/attr.atr	season1/metin2_map_skipia_dungeon_01/005005/attr.atr	1
season1/season1/metin2_map_sungzi/000000/height.raw	season1/metin2_map_sungzi/000000/height.raw	1
season1/season1/metin2_map_skipia_dungeon_01/005005/height.raw	season1/metin2_map_skipia_dungeon_01/005005/height.raw	1
season1/season1/metin2_map_sungzi_snow_pass01/000003/areadata.txt	season1/metin2_map_sungzi_snow_pass01/000003/areadata.txt	1
season1/season1/metin2_map_skipia_dungeon_01/005005/shadowmap.dds	season1/metin2_map_skipia_dungeon_01/005005/shadowmap.dds	1
season1/season1/npc/jinno_guard_spear/37.msa	season1/npc/jinno_guard_spear/37.msa	1
season1/season1/metin2_map_skipia_dungeon_01/005005/shadowmap.raw	season1/metin2_map_skipia_dungeon_01/005005/shadowmap.raw	1
season1/season1/metin2_map_skipia_dungeon_02/004002/areaproperty.txt	season1/metin2_map_skipia_dungeon_02/004002/areaproperty.txt	1
season1/season1/metin2_map_skipia_dungeon_02/setting.txt	season1/metin2_map_skipia_dungeon_02/setting.txt	1
season1/season1/metin2_map_skipia_dungeon_02/000000/areaambiencedata.txt	season1/metin2_map_skipia_dungeon_02/000000/areaambiencedata.txt	1
season1/season1/metin2_map_skipia_dungeon_02/000000/attr.atr	season1/metin2_map_skipia_dungeon_02/000000/attr.atr	1
season1/season1/metin2_map_skipia_dungeon_02/000000/shadowmap.raw	season1/metin2_map_skipia_dungeon_02/000000/shadowmap.raw	1
season1/season1/metin2_map_sungzi_desert_hill_03/001001/areadata.txt	season1/metin2_map_sungzi_desert_hill_03/001001/areadata.txt	1
season1/season1/metin2_map_skipia_dungeon_02/000000/tile.raw	season1/metin2_map_skipia_dungeon_02/000000/tile.raw	1
season1/season1/metin2_map_sungzi_milgyo_pass_01/000003/height.raw	season1/metin2_map_sungzi_milgyo_pass_01/000003/height.raw	1
season1/season1/monster/giant_desert_turtle_e/31.msa	season1/monster/giant_desert_turtle_e/31.msa	1
season1/season1/metin2_map_skipia_dungeon_02/000001/shadowmap.raw	season1/metin2_map_skipia_dungeon_02/000001/shadowmap.raw	1
season1/season1/metin2_map_skipia_dungeon_02/000002/areaambiencedata.txt	season1/metin2_map_skipia_dungeon_02/000002/areaambiencedata.txt	1
season1/season1/metin2_map_skipia_dungeon_02/005002/tile.raw	season1/metin2_map_skipia_dungeon_02/005002/tile.raw	1
season1/season1/metin2_map_skipia_dungeon_02/000002/areadata.txt	season1/metin2_map_skipia_dungeon_02/000002/areadata.txt	1
season1/season1/metin2_map_skipia_dungeon_02/000002/height.raw	season1/metin2_map_skipia_dungeon_02/000002/height.raw	1
season1/season1/metin2_map_skipia_dungeon_02/000002/shadowmap.dds	season1/metin2_map_skipia_dungeon_02/000002/shadowmap.dds	1
season1/season1/metin2_map_skipia_dungeon_02/000002/shadowmap.raw	season1/metin2_map_skipia_dungeon_02/000002/shadowmap.raw	1
season1/season1/metin2_map_skipia_dungeon_02/000003/areadata.txt	season1/metin2_map_skipia_dungeon_02/000003/areadata.txt	1
season1/season1/metin2_map_skipia_dungeon_02/000003/areaproperty.txt	season1/metin2_map_skipia_dungeon_02/000003/areaproperty.txt	1
season1/season1/metin2_map_skipia_dungeon_02/000003/attr.atr	season1/metin2_map_skipia_dungeon_02/000003/attr.atr	1
season1/season1/metin2_map_skipia_dungeon_02/000003/shadowmap.raw	season1/metin2_map_skipia_dungeon_02/000003/shadowmap.raw	1
season1/season1/metin2_map_skipia_dungeon_02/000003/tile.raw	season1/metin2_map_skipia_dungeon_02/000003/tile.raw	1
season1/season1/npc/nnflower/shape.msm	season1/npc/nnflower/shape.msm	1
season1/season1/metin2_map_skipia_dungeon_02/000004/areaambiencedata.txt	season1/metin2_map_skipia_dungeon_02/000004/areaambiencedata.txt	1
season1/season1/metin2_map_skipia_dungeon_02/000004/minimap.dds	season1/metin2_map_skipia_dungeon_02/000004/minimap.dds	1
season1/season1/metin2_map_sungzi_milgyo_pass_03/001002/minimap.dds	season1/metin2_map_sungzi_milgyo_pass_03/001002/minimap.dds	1
season1/season1/metin2_map_skipia_dungeon_02/000004/shadowmap.raw	season1/metin2_map_skipia_dungeon_02/000004/shadowmap.raw	1
season1/season1/metin2_map_spiderdungeon_02/003002/water.wtr	season1/metin2_map_spiderdungeon_02/003002/water.wtr	1
season1/season1/npc/sinsu_guard_spear/32.msa	season1/npc/sinsu_guard_spear/32.msa	1
season1/season1/metin2_map_skipia_dungeon_02/000004/water.wtr	season1/metin2_map_skipia_dungeon_02/000004/water.wtr	1
season1/season1/monster/skeleton_god_e/motlist.txt	season1/monster/skeleton_god_e/motlist.txt	1
season1/season1/metin2_map_spiderdungeon_02/002000/shadowmap.dds	season1/metin2_map_spiderdungeon_02/002000/shadowmap.dds	1
season1/season1/metin2_map_sungzi_milgyo/000001/shadowmap.dds	season1/metin2_map_sungzi_milgyo/000001/shadowmap.dds	1
season1/season1/metin2_map_skipia_dungeon_02/001003/areaambiencedata.txt	season1/metin2_map_skipia_dungeon_02/001003/areaambiencedata.txt	1
season1/season1/metin2_map_skipia_dungeon_02/000005/areadata.txt	season1/metin2_map_skipia_dungeon_02/000005/areadata.txt	1
season1/season1/metin2_map_sungzi_snow/002002/areaambiencedata.txt	season1/metin2_map_sungzi_snow/002002/areaambiencedata.txt	1
season1/season1/metin2_map_spiderdungeon_02/001002/height.raw	season1/metin2_map_spiderdungeon_02/001002/height.raw	1
season1/season1/metin2_map_sungzi_snow_pass02/000001/tile.raw	season1/metin2_map_sungzi_snow_pass02/000001/tile.raw	1
season1/season1/metin2_map_skipia_dungeon_02/000005/areaproperty.txt	season1/metin2_map_skipia_dungeon_02/000005/areaproperty.txt	1
season1/season1/metin2_map_skipia_dungeon_02/000005/minimap.dds	season1/metin2_map_skipia_dungeon_02/000005/minimap.dds	1
season1/season1/metin2_map_skipia_dungeon_02/001000/areaambiencedata.txt	season1/metin2_map_skipia_dungeon_02/001000/areaambiencedata.txt	1
season1/season1/metin2_map_skipia_dungeon_02/001000/shadowmap.dds	season1/metin2_map_skipia_dungeon_02/001000/shadowmap.dds	1
season1/season1/metin2_map_skipia_dungeon_02/001000/shadowmap.raw	season1/metin2_map_skipia_dungeon_02/001000/shadowmap.raw	1
season1/season1/metin2_map_skipia_dungeon_02/001001/areadata.txt	season1/metin2_map_skipia_dungeon_02/001001/areadata.txt	1
season1/season1/metin2_map_sungzi_desert_hill_01/000000/areadata.txt	season1/metin2_map_sungzi_desert_hill_01/000000/areadata.txt	1
season1/season1/pc/warrior/warrior_4-1_lod_03.gr2	season1/pc/warrior/warrior_4-1_lod_03.gr2	1
season1/season1/metin2_map_skipia_dungeon_02/004005/minimap.dds	season1/metin2_map_skipia_dungeon_02/004005/minimap.dds	1
season1/season1/metin2_map_skipia_dungeon_02/001001/attr.atr	season1/metin2_map_skipia_dungeon_02/001001/attr.atr	1
season1/season1/metin2_map_sungzi_flame_hill_02/000002/height.raw	season1/metin2_map_sungzi_flame_hill_02/000002/height.raw	1
season1/season1/metin2_map_sungzi_desert_hill_01/setting.txt	season1/metin2_map_sungzi_desert_hill_01/setting.txt	1
season1/season1/metin2_map_wl_01/000000/areaproperty.txt	season1/metin2_map_wl_01/000000/areaproperty.txt	1
season1/season1/metin2_map_skipia_dungeon_02/001001/height.raw	season1/metin2_map_skipia_dungeon_02/001001/height.raw	1
season1/season1/pc/shaman/shaman_1-1cheongnang_a.dds	season1/pc/shaman/shaman_1-1cheongnang_a.dds	1
season1/season1/metin2_map_skipia_dungeon_02/001001/minimap.dds	season1/metin2_map_skipia_dungeon_02/001001/minimap.dds	1
season1/season1/metin2_map_sungzi_desert_01/001002/tile.raw	season1/metin2_map_sungzi_desert_01/001002/tile.raw	1
season1/season1/metin2_map_skipia_dungeon_02/001002/attr.atr	season1/metin2_map_skipia_dungeon_02/001002/attr.atr	1
season1/season1/metin2_map_skipia_dungeon_02/001002/shadowmap.dds	season1/metin2_map_skipia_dungeon_02/001002/shadowmap.dds	1
season1/season1/metin2_map_skipia_dungeon_02/001002/shadowmap.raw	season1/metin2_map_skipia_dungeon_02/001002/shadowmap.raw	1
season1/season1/metin2_map_sungzi_snow_pass02/000002/tile.raw	season1/metin2_map_sungzi_snow_pass02/000002/tile.raw	1
season1/season1/monster/ch_magician/skipia_magician_back_dead.gr2	season1/monster/ch_magician/skipia_magician_back_dead.gr2	1
season1/season1/metin2_map_skipia_dungeon_02/001002/tile.raw	season1/metin2_map_skipia_dungeon_02/001002/tile.raw	1
season1/season1/metin2_map_skipia_dungeon_02/001003/areaproperty.txt	season1/metin2_map_skipia_dungeon_02/001003/areaproperty.txt	1
season1/season1/metin2_map_skipia_dungeon_02/002001/minimap.dds	season1/metin2_map_skipia_dungeon_02/002001/minimap.dds	1
season1/season1/metin2_map_skipia_dungeon_02/001003/height.raw	season1/metin2_map_skipia_dungeon_02/001003/height.raw	1
season1/season1/npc/naoki/00.msa	season1/npc/naoki/00.msa	1
season1/season1/metin2_map_sungzi_milgyo_pass_01/001000/water.wtr	season1/metin2_map_sungzi_milgyo_pass_01/001000/water.wtr	1
season1/season1/metin2_map_skipia_dungeon_02/001003/shadowmap.dds	season1/metin2_map_skipia_dungeon_02/001003/shadowmap.dds	1
season1/season1/metin2_map_skipia_dungeon_02/001003/water.wtr	season1/metin2_map_skipia_dungeon_02/001003/water.wtr	1
season1/season1/npc/naoki/31.gr2	season1/npc/naoki/31.gr2	1
season1/season1/metin2_map_skipia_dungeon_02/001004/areadata.txt	season1/metin2_map_skipia_dungeon_02/001004/areadata.txt	1
season1/season1/metin2_map_spiderdungeon_02/003000/areaproperty.txt	season1/metin2_map_spiderdungeon_02/003000/areaproperty.txt	1
season1/season1/monster/orc_lord_e/shape.msm	season1/monster/orc_lord_e/shape.msm	1
season1/season1/metin2_map_spiderdungeon_02/mapproperty.txt	season1/metin2_map_spiderdungeon_02/mapproperty.txt	1
season1/season1/monster/ch_officer/skipia_officer_back_damage1.msa	season1/monster/ch_officer/skipia_officer_back_damage1.msa	1
season1/season1/metin2_map_skipia_dungeon_02/001004/areaproperty.txt	season1/metin2_map_skipia_dungeon_02/001004/areaproperty.txt	1
season1/season1/metin2_map_skipia_dungeon_02/001004/attr.atr	season1/metin2_map_skipia_dungeon_02/001004/attr.atr	1
season1/season1/metin2_map_skipia_dungeon_02/001004/height.raw	season1/metin2_map_skipia_dungeon_02/001004/height.raw	1
season1/season1/metin2_map_skipia_dungeon_02/001004/minimap.dds	season1/metin2_map_skipia_dungeon_02/001004/minimap.dds	1
season1/season1/metin2_map_spiderdungeon_02/001002/water.wtr	season1/metin2_map_spiderdungeon_02/001002/water.wtr	1
season1/season1/metin2_map_skipia_dungeon_02/001004/shadowmap.dds	season1/metin2_map_skipia_dungeon_02/001004/shadowmap.dds	1
season1/season1/metin2_map_skipia_dungeon_02/001004/tile.raw	season1/metin2_map_skipia_dungeon_02/001004/tile.raw	1
season1/season1/npc/ayuka/ayuka_lod_01_backup.gr2	season1/npc/ayuka/ayuka_lod_01_backup.gr2	1
season1/season1/metin2_map_skipia_dungeon_02/001005/areadata.txt	season1/metin2_map_skipia_dungeon_02/001005/areadata.txt	1
season1/season1/metin2_map_skipia_dungeon_02/001005/areaproperty.txt	season1/metin2_map_skipia_dungeon_02/001005/areaproperty.txt	1
season1/season1/metin2_map_sungzi_flame_hill_02/001002/areaproperty.txt	season1/metin2_map_sungzi_flame_hill_02/001002/areaproperty.txt	1
season1/season1/metin2_map_sungzi_snow_pass02/001000/areaambiencedata.txt	season1/metin2_map_sungzi_snow_pass02/001000/areaambiencedata.txt	1
season1/season1/metin2_map_skipia_dungeon_02/001005/attr.atr	season1/metin2_map_skipia_dungeon_02/001005/attr.atr	1
season1/season1/metin2_map_skipia_dungeon_02/002003/minimap.dds	season1/metin2_map_skipia_dungeon_02/002003/minimap.dds	1
season1/season1/metin2_map_sungzi_flame_hill_02/001000/areadata.txt	season1/metin2_map_sungzi_flame_hill_02/001000/areadata.txt	1
season1/season1/metin2_map_skipia_dungeon_02/001005/minimap.dds	season1/metin2_map_skipia_dungeon_02/001005/minimap.dds	1
season1/season1/metin2_map_skipia_dungeon_02/001005/tile.raw	season1/metin2_map_skipia_dungeon_02/001005/tile.raw	1
season1/season1/metin2_map_skipia_dungeon_02/002000/areaproperty.txt	season1/metin2_map_skipia_dungeon_02/002000/areaproperty.txt	1
season1/season1/metin2_map_skipia_dungeon_02/002000/attr.atr	season1/metin2_map_skipia_dungeon_02/002000/attr.atr	1
season1/season1/metin2_map_skipia_dungeon_02/002000/shadowmap.dds	season1/metin2_map_skipia_dungeon_02/002000/shadowmap.dds	1
season1/season1/metin2_map_sungzi_desert_hill_02/001003/attr.atr	season1/metin2_map_sungzi_desert_hill_02/001003/attr.atr	1
season1/season1/metin2_map_skipia_dungeon_02/005001/attr.atr	season1/metin2_map_skipia_dungeon_02/005001/attr.atr	1
season1/season1/monster/ch_general/skipia_general_dead.gr2	season1/monster/ch_general/skipia_general_dead.gr2	1
season1/season1/metin2_map_skipia_dungeon_02/002000/shadowmap.raw	season1/metin2_map_skipia_dungeon_02/002000/shadowmap.raw	1
season1/season1/metin2_map_skipia_dungeon_02/002001/areaambiencedata.txt	season1/metin2_map_skipia_dungeon_02/002001/areaambiencedata.txt	1
season1/season1/metin2_map_skipia_dungeon_02/004005/areaambiencedata.txt	season1/metin2_map_skipia_dungeon_02/004005/areaambiencedata.txt	1
season1/season1/metin2_map_skipia_dungeon_02/002001/tile.raw	season1/metin2_map_skipia_dungeon_02/002001/tile.raw	1
season1/season1/metin2_map_skipia_dungeon_02/002001/areadata.txt	season1/metin2_map_skipia_dungeon_02/002001/areadata.txt	1
season1/season1/metin2_map_skipia_dungeon_02/002001/height.raw	season1/metin2_map_skipia_dungeon_02/002001/height.raw	1
season1/season1/metin2_map_skipia_dungeon_02/002001/shadowmap.raw	season1/metin2_map_skipia_dungeon_02/002001/shadowmap.raw	1
season1/season1/monster/ch_bowman/amseup.jpg	season1/monster/ch_bowman/amseup.jpg	1
season1/season1/metin2_map_skipia_dungeon_02/002001/water.wtr	season1/metin2_map_skipia_dungeon_02/002001/water.wtr	1
season1/season1/metin2_map_skipia_dungeon_02/002002/areaambiencedata.txt	season1/metin2_map_skipia_dungeon_02/002002/areaambiencedata.txt	1
season1/season1/metin2_map_skipia_dungeon_02/002002/areaproperty.txt	season1/metin2_map_skipia_dungeon_02/002002/areaproperty.txt	1
season1/season1/metin2_map_skipia_dungeon_02/002002/minimap.dds	season1/metin2_map_skipia_dungeon_02/002002/minimap.dds	1
season1/season1/metin2_map_sungzi_snow_pass01/000001/areadata.txt	season1/metin2_map_sungzi_snow_pass01/000001/areadata.txt	1
season1/season1/metin2_map_skipia_dungeon_02/002002/shadowmap.dds	season1/metin2_map_skipia_dungeon_02/002002/shadowmap.dds	1
season1/season1/metin2_map_sungzi_desert_01/003001/water.wtr	season1/metin2_map_sungzi_desert_01/003001/water.wtr	1
season1/season1/metin2_map_skipia_dungeon_02/002002/shadowmap.raw	season1/metin2_map_skipia_dungeon_02/002002/shadowmap.raw	1
season1/season1/metin2_map_skipia_dungeon_02/002002/tile.raw	season1/metin2_map_skipia_dungeon_02/002002/tile.raw	1
season1/season1/metin2_map_sungzi/000000/shadowmap.dds	season1/metin2_map_sungzi/000000/shadowmap.dds	1
season1/season1/metin2_map_skipia_dungeon_02/002002/water.wtr	season1/metin2_map_skipia_dungeon_02/002002/water.wtr	1
season1/season1/metin2_map_skipia_dungeon_02/002003/areaproperty.txt	season1/metin2_map_skipia_dungeon_02/002003/areaproperty.txt	1
season1/season1/pc/shaman/shaman_4-1_lod_01.gr2	season1/pc/shaman/shaman_4-1_lod_01.gr2	1
season1/season1/metin2_map_skipia_dungeon_02/002003/attr.atr	season1/metin2_map_skipia_dungeon_02/002003/attr.atr	1
season1/season1/metin2_map_skipia_dungeon_02/003003/tile.raw	season1/metin2_map_skipia_dungeon_02/003003/tile.raw	1
season1/season1/metin2_map_skipia_dungeon_02/002003/height.raw	season1/metin2_map_skipia_dungeon_02/002003/height.raw	1
season1/season1/metin2_map_skipia_dungeon_02/002003/shadowmap.dds	season1/metin2_map_skipia_dungeon_02/002003/shadowmap.dds	1
season1/season1/metin2_map_skipia_dungeon_02/002003/water.wtr	season1/metin2_map_skipia_dungeon_02/002003/water.wtr	1
season1/season1/monster/ch_magician/skipia_magician_dead.msa	season1/monster/ch_magician/skipia_magician_dead.msa	1
season1/season1/metin2_map_skipia_dungeon_02/002004/areaambiencedata.txt	season1/metin2_map_skipia_dungeon_02/002004/areaambiencedata.txt	1
season1/season1/metin2_map_skipia_dungeon_02/002004/areaproperty.txt	season1/metin2_map_skipia_dungeon_02/002004/areaproperty.txt	1
season1/season1/metin2_map_skipia_dungeon_02/002004/attr.atr	season1/metin2_map_skipia_dungeon_02/002004/attr.atr	1
season1/season1/metin2_map_skipia_dungeon_02/002004/shadowmap.raw	season1/metin2_map_skipia_dungeon_02/002004/shadowmap.raw	1
season1/season1/metin2_map_skipia_dungeon_02/002005/areaambiencedata.txt	season1/metin2_map_skipia_dungeon_02/002005/areaambiencedata.txt	1
season1/season1/metin2_map_skipia_dungeon_02/002005/areaproperty.txt	season1/metin2_map_skipia_dungeon_02/002005/areaproperty.txt	1
season1/season1/metin2_map_skipia_dungeon_02/002005/height.raw	season1/metin2_map_skipia_dungeon_02/002005/height.raw	1
season1/season1/metin2_map_sungzi_flame_hill_02/001003/water.wtr	season1/metin2_map_sungzi_flame_hill_02/001003/water.wtr	1
season1/season1/metin2_map_skipia_dungeon_02/002005/tile.raw	season1/metin2_map_skipia_dungeon_02/002005/tile.raw	1
season1/season1/metin2_map_skipia_dungeon_02/002005/water.wtr	season1/metin2_map_skipia_dungeon_02/002005/water.wtr	1
season1/season1/metin2_map_sungzi_snow_pass03/000002/tile.raw	season1/metin2_map_sungzi_snow_pass03/000002/tile.raw	1
season1/season1/metin2_map_skipia_dungeon_02/003000/areaambiencedata.txt	season1/metin2_map_skipia_dungeon_02/003000/areaambiencedata.txt	1
season1/season1/metin2_map_skipia_dungeon_02/003000/areadata.txt	season1/metin2_map_skipia_dungeon_02/003000/areadata.txt	1
season1/season1/metin2_map_spiderdungeon_02/001000/shadowmap.raw	season1/metin2_map_spiderdungeon_02/001000/shadowmap.raw	1
season1/season1/metin2_map_skipia_dungeon_02/003000/areaproperty.txt	season1/metin2_map_skipia_dungeon_02/003000/areaproperty.txt	1
season1/season1/metin2_map_skipia_dungeon_02/003000/minimap.dds	season1/metin2_map_skipia_dungeon_02/003000/minimap.dds	1
season1/season1/metin2_map_skipia_dungeon_02/003001/areadata.txt	season1/metin2_map_skipia_dungeon_02/003001/areadata.txt	1
season1/season1/metin2_map_skipia_dungeon_02/003001/areaproperty.txt	season1/metin2_map_skipia_dungeon_02/003001/areaproperty.txt	1
season1/season1/npc/yejin/motlist.txt	season1/npc/yejin/motlist.txt	1
season1/season1/metin2_map_skipia_dungeon_02/003001/minimap.dds	season1/metin2_map_skipia_dungeon_02/003001/minimap.dds	1
season1/season1/metin2_map_sungzi_milgyo_pass_02/001003/areaproperty.txt	season1/metin2_map_sungzi_milgyo_pass_02/001003/areaproperty.txt	1
season1/season1/metin2_map_skipia_dungeon_02/003001/shadowmap.dds	season1/metin2_map_skipia_dungeon_02/003001/shadowmap.dds	1
season1/season1/metin2_map_skipia_dungeon_02/003001/tile.raw	season1/metin2_map_skipia_dungeon_02/003001/tile.raw	1
season1/season1/metin2_map_skipia_dungeon_02/003002/areaambiencedata.txt	season1/metin2_map_skipia_dungeon_02/003002/areaambiencedata.txt	1
season1/season1/metin2_map_wl_01/002001/shadowmap.raw	season1/metin2_map_wl_01/002001/shadowmap.raw	1
season1/season1/metin2_map_skipia_dungeon_02/003002/areaproperty.txt	season1/metin2_map_skipia_dungeon_02/003002/areaproperty.txt	1
season1/season1/metin2_map_sungzi_desert_hill_03/001003/shadowmap.raw	season1/metin2_map_sungzi_desert_hill_03/001003/shadowmap.raw	1
season1/season1/metin2_map_skipia_dungeon_02/003002/attr.atr	season1/metin2_map_skipia_dungeon_02/003002/attr.atr	1
season1/season1/metin2_map_skipia_dungeon_02/003002/height.raw	season1/metin2_map_skipia_dungeon_02/003002/height.raw	1
season1/season1/metin2_map_skipia_dungeon_02/003002/shadowmap.dds	season1/metin2_map_skipia_dungeon_02/003002/shadowmap.dds	1
season1/season1/metin2_map_skipia_dungeon_02/003002/water.wtr	season1/metin2_map_skipia_dungeon_02/003002/water.wtr	1
season1/season1/metin2_map_skipia_dungeon_02/003003/minimap.dds	season1/metin2_map_skipia_dungeon_02/003003/minimap.dds	1
season1/season1/metin2_map_sungzi_flame_hill_02/000001/areadata.txt	season1/metin2_map_sungzi_flame_hill_02/000001/areadata.txt	1
season1/season1/monster/milgyo_founder_e/03.msa	season1/monster/milgyo_founder_e/03.msa	1
season1/season1/metin2_map_skipia_dungeon_02/003003/water.wtr	season1/metin2_map_skipia_dungeon_02/003003/water.wtr	1
season1/season1/metin2_map_skipia_dungeon_02/003004/areaproperty.txt	season1/metin2_map_skipia_dungeon_02/003004/areaproperty.txt	1
season1/season1/metin2_map_sungzi_snow_pass01/001000/areadata.txt	season1/metin2_map_sungzi_snow_pass01/001000/areadata.txt	1
season1/season1/metin2_map_sungzi_milgyo/000002/height.raw	season1/metin2_map_sungzi_milgyo/000002/height.raw	1
season1/season1/metin2_map_skipia_dungeon_02/005002/water.wtr	season1/metin2_map_skipia_dungeon_02/005002/water.wtr	1
season1/season1/metin2_map_skipia_dungeon_02/003004/height.raw	season1/metin2_map_skipia_dungeon_02/003004/height.raw	1
season1/season1/metin2_map_skipia_dungeon_02/003004/shadowmap.dds	season1/metin2_map_skipia_dungeon_02/003004/shadowmap.dds	1
season1/season1/metin2_map_skipia_dungeon_02/005004/areaambiencedata.txt	season1/metin2_map_skipia_dungeon_02/005004/areaambiencedata.txt	1
season1/season1/metin2_map_skipia_dungeon_02/003004/shadowmap.raw	season1/metin2_map_skipia_dungeon_02/003004/shadowmap.raw	1
season1/season1/metin2_map_skipia_dungeon_02/003004/water.wtr	season1/metin2_map_skipia_dungeon_02/003004/water.wtr	1
season1/season1/metin2_map_skipia_dungeon_02/004000/shadowmap.raw	season1/metin2_map_skipia_dungeon_02/004000/shadowmap.raw	1
season1/season1/monster/ch_bowman/skipia_bowman_attack1.msa	season1/monster/ch_bowman/skipia_bowman_attack1.msa	1
season1/season1/metin2_map_spiderdungeon_02/001001/attr.atr	season1/metin2_map_spiderdungeon_02/001001/attr.atr	1
season1/season1/metin2_map_skipia_dungeon_02/003005/areaambiencedata.txt	season1/metin2_map_skipia_dungeon_02/003005/areaambiencedata.txt	1
season1/season1/metin2_map_skipia_dungeon_02/003005/areadata.txt	season1/metin2_map_skipia_dungeon_02/003005/areadata.txt	1
season1/season1/metin2_map_skipia_dungeon_02/003005/areaproperty.txt	season1/metin2_map_skipia_dungeon_02/003005/areaproperty.txt	1
season1/season1/metin2_map_spiderdungeon_02/000002/minimap.dds	season1/metin2_map_spiderdungeon_02/000002/minimap.dds	1
season1/season1/metin2_map_spiderdungeon_02/002002/water.wtr	season1/metin2_map_spiderdungeon_02/002002/water.wtr	1
season1/season1/metin2_map_skipia_dungeon_02/003005/minimap.dds	season1/metin2_map_skipia_dungeon_02/003005/minimap.dds	1
season1/season1/metin2_map_skipia_dungeon_02/003005/shadowmap.dds	season1/metin2_map_skipia_dungeon_02/003005/shadowmap.dds	1
season1/season1/metin2_map_skipia_dungeon_02/004000/areaambiencedata.txt	season1/metin2_map_skipia_dungeon_02/004000/areaambiencedata.txt	1
season1/season1/metin2_map_sungzi_snow_pass01/000002/water.wtr	season1/metin2_map_sungzi_snow_pass01/000002/water.wtr	1
season1/season1/metin2_map_sungzi_desert_hill_01/001002/areaproperty.txt	season1/metin2_map_sungzi_desert_hill_01/001002/areaproperty.txt	1
season1/season1/metin2_map_skipia_dungeon_02/004000/areadata.txt	season1/metin2_map_skipia_dungeon_02/004000/areadata.txt	1
season1/season1/metin2_map_skipia_dungeon_02/004000/shadowmap.dds	season1/metin2_map_skipia_dungeon_02/004000/shadowmap.dds	1
season1/season1/metin2_map_skipia_dungeon_02/004003/areaproperty.txt	season1/metin2_map_skipia_dungeon_02/004003/areaproperty.txt	1
season1/season1/metin2_map_sungzi_milgyo_pass_03/001002/height.raw	season1/metin2_map_sungzi_milgyo_pass_03/001002/height.raw	1
season1/season1/metin2_map_skipia_dungeon_02/004001/areaambiencedata.txt	season1/metin2_map_skipia_dungeon_02/004001/areaambiencedata.txt	1
season1/season1/metin2_map_sungzi_milgyo_pass_03/000002/shadowmap.raw	season1/metin2_map_sungzi_milgyo_pass_03/000002/shadowmap.raw	1
season1/season1/metin2_map_skipia_dungeon_02/004001/areadata.txt	season1/metin2_map_skipia_dungeon_02/004001/areadata.txt	1
season1/season1/metin2_map_sungzi_desert_hill_02/000000/water.wtr	season1/metin2_map_sungzi_desert_hill_02/000000/water.wtr	1
season1/season1/monster/fox_ninetail_e/34.msa	season1/monster/fox_ninetail_e/34.msa	1
season1/season1/metin2_map_skipia_dungeon_02/004001/areaproperty.txt	season1/metin2_map_skipia_dungeon_02/004001/areaproperty.txt	1
season1/season1/metin2_map_skipia_dungeon_02/004005/water.wtr	season1/metin2_map_skipia_dungeon_02/004005/water.wtr	1
season1/season1/metin2_map_skipia_dungeon_02/004001/height.raw	season1/metin2_map_skipia_dungeon_02/004001/height.raw	1
season1/season1/metin2_map_skipia_dungeon_02/004002/areadata.txt	season1/metin2_map_skipia_dungeon_02/004002/areadata.txt	1
season1/season1/metin2_map_skipia_dungeon_02/004002/minimap.dds	season1/metin2_map_skipia_dungeon_02/004002/minimap.dds	1
season1/season1/metin2_map_sungzi_snow_pass01/001000/areaproperty.txt	season1/metin2_map_sungzi_snow_pass01/001000/areaproperty.txt	1
season1/season1/metin2_map_skipia_dungeon_02/004002/tile.raw	season1/metin2_map_skipia_dungeon_02/004002/tile.raw	1
season1/season1/metin2_map_skipia_dungeon_02/004002/water.wtr	season1/metin2_map_skipia_dungeon_02/004002/water.wtr	1
season1/season1/metin2_map_skipia_dungeon_02/004004/areadata.txt	season1/metin2_map_skipia_dungeon_02/004004/areadata.txt	1
season1/season1/metin2_map_sungzi_desert_01/000003/areaambiencedata.txt	season1/metin2_map_sungzi_desert_01/000003/areaambiencedata.txt	1
season1/season1/metin2_map_sungzi_snow_pass03/000001/shadowmap.dds	season1/metin2_map_sungzi_snow_pass03/000001/shadowmap.dds	1
season1/season1/metin2_map_skipia_dungeon_02/004003/areadata.txt	season1/metin2_map_skipia_dungeon_02/004003/areadata.txt	1
season1/season1/metin2_map_skipia_dungeon_02/004003/tile.raw	season1/metin2_map_skipia_dungeon_02/004003/tile.raw	1
season1/season1/metin2_map_skipia_dungeon_02/004004/areaambiencedata.txt	season1/metin2_map_skipia_dungeon_02/004004/areaambiencedata.txt	1
season1/season1/metin2_map_skipia_dungeon_02/004004/areaproperty.txt	season1/metin2_map_skipia_dungeon_02/004004/areaproperty.txt	1
season1/season1/metin2_map_skipia_dungeon_02/004004/attr.atr	season1/metin2_map_skipia_dungeon_02/004004/attr.atr	1
season1/season1/metin2_map_sungzi_milgyo_pass_01/001002/areadata.txt	season1/metin2_map_sungzi_milgyo_pass_01/001002/areadata.txt	1
season1/season1/metin2_map_sungzi_snow/001001/areaproperty.txt	season1/metin2_map_sungzi_snow/001001/areaproperty.txt	1
season1/season1/metin2_map_skipia_dungeon_02/004004/shadowmap.dds	season1/metin2_map_skipia_dungeon_02/004004/shadowmap.dds	1
season1/season1/metin2_map_spiderdungeon_02/002002/areaproperty.txt	season1/metin2_map_spiderdungeon_02/002002/areaproperty.txt	1
season1/season1/monster/orc_lord_e/36.msa	season1/monster/orc_lord_e/36.msa	1
season1/season1/metin2_map_skipia_dungeon_02/004004/tile.raw	season1/metin2_map_skipia_dungeon_02/004004/tile.raw	1
season1/season1/metin2_map_skipia_dungeon_02/004004/water.wtr	season1/metin2_map_skipia_dungeon_02/004004/water.wtr	1
season1/season1/metin2_map_skipia_dungeon_02/004005/areaproperty.txt	season1/metin2_map_skipia_dungeon_02/004005/areaproperty.txt	1
season1/season1/metin2_map_sungzi_milgyo/000000/height.raw	season1/metin2_map_sungzi_milgyo/000000/height.raw	1
season1/season1/metin2_map_sungzi_snow_pass03/mapproperty.txt	season1/metin2_map_sungzi_snow_pass03/mapproperty.txt	1
season1/season1/metin2_map_sungzi_snow_pass01/000001/shadowmap.raw	season1/metin2_map_sungzi_snow_pass01/000001/shadowmap.raw	1
season1/season1/metin2_map_skipia_dungeon_02/004005/shadowmap.raw	season1/metin2_map_skipia_dungeon_02/004005/shadowmap.raw	1
season1/season1/metin2_map_sungzi_desert_01/000000/tile.raw	season1/metin2_map_sungzi_desert_01/000000/tile.raw	1
season1/season1/metin2_map_skipia_dungeon_02/004005/tile.raw	season1/metin2_map_skipia_dungeon_02/004005/tile.raw	1
season1/season1/metin2_map_skipia_dungeon_02/005000/areadata.txt	season1/metin2_map_skipia_dungeon_02/005000/areadata.txt	1
season1/season1/monster/ch_officer/skipia_officer_dead.gr2	season1/monster/ch_officer/skipia_officer_dead.gr2	1
season1/season1/metin2_map_skipia_dungeon_02/005000/attr.atr	season1/metin2_map_skipia_dungeon_02/005000/attr.atr	1
season1/season1/monster/ch_magician/skipia_magician_standup.msa	season1/monster/ch_magician/skipia_magician_standup.msa	1
season1/season1/metin2_map_skipia_dungeon_02/005000/minimap.dds	season1/metin2_map_skipia_dungeon_02/005000/minimap.dds	1
season1/season1/metin2_map_skipia_dungeon_02/005000/shadowmap.dds	season1/metin2_map_skipia_dungeon_02/005000/shadowmap.dds	1
season1/season1/metin2_map_skipia_dungeon_02/005000/tile.raw	season1/metin2_map_skipia_dungeon_02/005000/tile.raw	1
season1/season1/metin2_map_sungzi_milgyo_pass_02/000000/height.raw	season1/metin2_map_sungzi_milgyo_pass_02/000000/height.raw	1
season1/season1/metin2_map_skipia_dungeon_02/005000/water.wtr	season1/metin2_map_skipia_dungeon_02/005000/water.wtr	1
season1/season1/metin2_map_skipia_dungeon_02/005001/areaambiencedata.txt	season1/metin2_map_skipia_dungeon_02/005001/areaambiencedata.txt	1
season1/season1/metin2_map_sungzi_milgyo/000002/minimap.dds	season1/metin2_map_sungzi_milgyo/000002/minimap.dds	1
season1/season1/metin2_map_skipia_dungeon_02/005001/areadata.txt	season1/metin2_map_skipia_dungeon_02/005001/areadata.txt	1
season1/season1/metin2_map_sungzi_milgyo_pass_01/001003/areadata.txt	season1/metin2_map_sungzi_milgyo_pass_01/001003/areadata.txt	1
season1/season1/metin2_map_skipia_dungeon_02/005001/areaproperty.txt	season1/metin2_map_skipia_dungeon_02/005001/areaproperty.txt	1
season1/season1/metin2_map_skipia_dungeon_02/005001/minimap.dds	season1/metin2_map_skipia_dungeon_02/005001/minimap.dds	1
season1/season1/monster/ch_general/skipia_general_damage1.msa	season1/monster/ch_general/skipia_general_damage1.msa	1
season1/season1/metin2_map_sungzi_milgyo_pass_02/000002/shadowmap.raw	season1/metin2_map_sungzi_milgyo_pass_02/000002/shadowmap.raw	1
season1/season1/metin2_map_skipia_dungeon_02/005002/attr.atr	season1/metin2_map_skipia_dungeon_02/005002/attr.atr	1
season1/season1/npc/cheonjo_guard_bow/02.msa	season1/npc/cheonjo_guard_bow/02.msa	1
season1/season1/metin2_map_skipia_dungeon_02/005002/shadowmap.dds	season1/metin2_map_skipia_dungeon_02/005002/shadowmap.dds	1
season1/season1/metin2_map_sungzi_flame_hill_02/001001/attr.atr	season1/metin2_map_sungzi_flame_hill_02/001001/attr.atr	1
season1/season1/monster/milgyo_founder_e/25.msa	season1/monster/milgyo_founder_e/25.msa	1
season1/season1/metin2_map_skipia_dungeon_02/005003/areaambiencedata.txt	season1/metin2_map_skipia_dungeon_02/005003/areaambiencedata.txt	1
season1/season1/metin2_map_skipia_dungeon_02/005003/areadata.txt	season1/metin2_map_skipia_dungeon_02/005003/areadata.txt	1
season1/season1/metin2_map_sungzi_snow_pass01/000000/tile.raw	season1/metin2_map_sungzi_snow_pass01/000000/tile.raw	1
season1/season1/metin2_map_skipia_dungeon_02/005003/minimap.dds	season1/metin2_map_skipia_dungeon_02/005003/minimap.dds	1
season1/season1/metin2_map_skipia_dungeon_02/005003/shadowmap.dds	season1/metin2_map_skipia_dungeon_02/005003/shadowmap.dds	1
season1/season1/metin2_map_skipia_dungeon_02/005003/water.wtr	season1/metin2_map_skipia_dungeon_02/005003/water.wtr	1
season1/season1/metin2_map_sungzi_snow_pass02/000003/areadata.txt	season1/metin2_map_sungzi_snow_pass02/000003/areadata.txt	1
season1/season1/metin2_map_skipia_dungeon_02/005004/areaproperty.txt	season1/metin2_map_skipia_dungeon_02/005004/areaproperty.txt	1
season1/season1/metin2_map_skipia_dungeon_02/005004/minimap.dds	season1/metin2_map_skipia_dungeon_02/005004/minimap.dds	1
season1/season1/metin2_map_sungzi_milgyo_pass_01/001003/height.raw	season1/metin2_map_sungzi_milgyo_pass_01/001003/height.raw	1
season1/season1/monster/fox_ninetail_e/24.msa	season1/monster/fox_ninetail_e/24.msa	1
season1/season1/metin2_map_skipia_dungeon_02/005004/shadowmap.dds	season1/metin2_map_skipia_dungeon_02/005004/shadowmap.dds	1
season1/season1/metin2_map_skipia_dungeon_02/005004/shadowmap.raw	season1/metin2_map_skipia_dungeon_02/005004/shadowmap.raw	1
season1/season1/monster/ch_magician/skipia_magician_back_knockdown.gr2	season1/monster/ch_magician/skipia_magician_back_knockdown.gr2	1
season1/season1/metin2_map_sungzi_flame_hill_03/001002/height.raw	season1/metin2_map_sungzi_flame_hill_03/001002/height.raw	1
season1/season1/metin2_map_skipia_dungeon_02/005004/water.wtr	season1/metin2_map_skipia_dungeon_02/005004/water.wtr	1
season1/season1/metin2_map_sungzi_desert_hill_01/001001/height.raw	season1/metin2_map_sungzi_desert_hill_01/001001/height.raw	1
season1/season1/metin2_map_spiderdungeon_02/001002/attr.atr	season1/metin2_map_spiderdungeon_02/001002/attr.atr	1
season1/season1/metin2_map_skipia_dungeon_02/005005/areaambiencedata.txt	season1/metin2_map_skipia_dungeon_02/005005/areaambiencedata.txt	1
season1/season1/metin2_map_skipia_dungeon_02/005005/attr.atr	season1/metin2_map_skipia_dungeon_02/005005/attr.atr	1
season1/season1/metin2_map_skipia_dungeon_02/005005/height.raw	season1/metin2_map_skipia_dungeon_02/005005/height.raw	1
season1/season1/metin2_map_sungzi_milgyo/002002/areaambiencedata.txt	season1/metin2_map_sungzi_milgyo/002002/areaambiencedata.txt	1
season1/season1/metin2_map_skipia_dungeon_02/005005/shadowmap.dds	season1/metin2_map_skipia_dungeon_02/005005/shadowmap.dds	1
season1/season1/metin2_map_sungzi_desert_hill_02/001003/shadowmap.dds	season1/metin2_map_sungzi_desert_hill_02/001003/shadowmap.dds	1
season1/season1/metin2_map_sungzi_desert_hill_01/001003/shadowmap.raw	season1/metin2_map_sungzi_desert_hill_01/001003/shadowmap.raw	1
season1/season1/metin2_map_skipia_dungeon_02/005005/shadowmap.raw	season1/metin2_map_skipia_dungeon_02/005005/shadowmap.raw	1
season1/season1/metin2_map_spider_bossdungeon/mapproperty.txt	season1/metin2_map_spider_bossdungeon/mapproperty.txt	1
season1/season1/metin2_map_spider_bossdungeon/setting.txt	season1/metin2_map_spider_bossdungeon/setting.txt	1
season1/season1/metin2_map_sungzi_milgyo_pass_01/000003/areadata.txt	season1/metin2_map_sungzi_milgyo_pass_01/000003/areadata.txt	1
season1/season1/pc/assassin/assassin_lord.gr2	season1/pc/assassin/assassin_lord.gr2	1
season1/season1/metin2_map_spider_bossdungeon/000000/areaambiencedata.txt	season1/metin2_map_spider_bossdungeon/000000/areaambiencedata.txt	1
season1/season1/metin2_map_spider_bossdungeon/000000/areadata.txt	season1/metin2_map_spider_bossdungeon/000000/areadata.txt	1
season1/season1/metin2_map_sungzi_desert_01/001003/minimap.dds	season1/metin2_map_sungzi_desert_01/001003/minimap.dds	1
season1/season1/metin2_map_spider_bossdungeon/000000/attr.atr	season1/metin2_map_spider_bossdungeon/000000/attr.atr	1
season1/season1/metin2_map_spider_bossdungeon/000000/minimap.dds	season1/metin2_map_spider_bossdungeon/000000/minimap.dds	1
season1/season1/metin2_map_spider_bossdungeon/000000/tile.raw	season1/metin2_map_spider_bossdungeon/000000/tile.raw	1
season1/season1/metin2_map_spiderdungeon_02/setting.txt	season1/metin2_map_spiderdungeon_02/setting.txt	1
season1/season1/metin2_map_spiderdungeon_02/skipia_dungeon.msenv	season1/metin2_map_spiderdungeon_02/skipia_dungeon.msenv	1
season1/season1/metin2_map_sungzi_snow_pass03/001000/areaambiencedata.txt	season1/metin2_map_sungzi_snow_pass03/001000/areaambiencedata.txt	1
season1/season1/metin2_map_spiderdungeon_02/000000/attr.atr	season1/metin2_map_spiderdungeon_02/000000/attr.atr	1
season1/season1/metin2_map_spiderdungeon_02/000000/height.raw	season1/metin2_map_spiderdungeon_02/000000/height.raw	1
season1/season1/metin2_map_wl_01/002002/attr.atr	season1/metin2_map_wl_01/002002/attr.atr	1
season1/season1/monster/ch_footman/skipia_footman_wait.gr2	season1/monster/ch_footman/skipia_footman_wait.gr2	1
season1/season1/metin2_map_spiderdungeon_02/000000/minimap.dds	season1/metin2_map_spiderdungeon_02/000000/minimap.dds	1
season1/season1/metin2_map_spiderdungeon_02/000000/shadowmap.dds	season1/metin2_map_spiderdungeon_02/000000/shadowmap.dds	1
season1/season1/npc/waterstone/shape.msm	season1/npc/waterstone/shape.msm	1
season1/season1/metin2_map_spiderdungeon_02/000000/tile.raw	season1/metin2_map_spiderdungeon_02/000000/tile.raw	1
season1/season1/metin2_map_spiderdungeon_02/000001/areaproperty.txt	season1/metin2_map_spiderdungeon_02/000001/areaproperty.txt	1
season1/season1/metin2_map_spiderdungeon_02/000001/height.raw	season1/metin2_map_spiderdungeon_02/000001/height.raw	1
season1/season1/metin2_map_spiderdungeon_02/000001/minimap.dds	season1/metin2_map_spiderdungeon_02/000001/minimap.dds	1
season1/season1/metin2_map_spiderdungeon_02/000001/tile.raw	season1/metin2_map_spiderdungeon_02/000001/tile.raw	1
season1/season1/monster/ch_bowman/skipia_bowman_run.gr2	season1/monster/ch_bowman/skipia_bowman_run.gr2	1
season1/season1/metin2_map_spiderdungeon_02/000001/water.wtr	season1/metin2_map_spiderdungeon_02/000001/water.wtr	1
season1/season1/metin2_map_spiderdungeon_02/000002/areaambiencedata.txt	season1/metin2_map_spiderdungeon_02/000002/areaambiencedata.txt	1
season1/season1/metin2_map_spiderdungeon_02/000002/attr.atr	season1/metin2_map_spiderdungeon_02/000002/attr.atr	1
season1/season1/monster/skeleton_god_e/35.msa	season1/monster/skeleton_god_e/35.msa	1
season1/season1/metin2_map_sungzi_milgyo_pass_03/001002/tile.raw	season1/metin2_map_sungzi_milgyo_pass_03/001002/tile.raw	1
season1/season1/metin2_map_spiderdungeon_02/000002/height.raw	season1/metin2_map_spiderdungeon_02/000002/height.raw	1
season1/season1/metin2_map_spiderdungeon_02/000003/areaproperty.txt	season1/metin2_map_spiderdungeon_02/000003/areaproperty.txt	1
season1/season1/metin2_map_spiderdungeon_02/000003/attr.atr	season1/metin2_map_spiderdungeon_02/000003/attr.atr	1
season1/season1/metin2_map_spiderdungeon_02/000003/height.raw	season1/metin2_map_spiderdungeon_02/000003/height.raw	1
season1/season1/metin2_map_sungzi_desert_hill_02/000003/shadowmap.raw	season1/metin2_map_sungzi_desert_hill_02/000003/shadowmap.raw	1
season1/season1/metin2_map_sungzi_milgyo_pass_03/000001/shadowmap.dds	season1/metin2_map_sungzi_milgyo_pass_03/000001/shadowmap.dds	1
season1/season1/metin2_map_spiderdungeon_02/001000/areadata.txt	season1/metin2_map_spiderdungeon_02/001000/areadata.txt	1
season1/season1/monster/ch_officer/skipia_officer_front_standup.msa	season1/monster/ch_officer/skipia_officer_front_standup.msa	1
season1/season1/metin2_map_spiderdungeon_02/001000/tile.raw	season1/metin2_map_spiderdungeon_02/001000/tile.raw	1
season1/season1/metin2_map_sungzi_milgyo_pass_02/001000/areaambiencedata.txt	season1/metin2_map_sungzi_milgyo_pass_02/001000/areaambiencedata.txt	1
season1/season1/metin2_map_sungzi_snow_pass01/000003/shadowmap.raw	season1/metin2_map_sungzi_snow_pass01/000003/shadowmap.raw	1
season1/season1/npc/sinsu_guard_spear/00_1.msa	season1/npc/sinsu_guard_spear/00_1.msa	1
season1/season1/metin2_map_spiderdungeon_02/001001/shadowmap.dds	season1/metin2_map_spiderdungeon_02/001001/shadowmap.dds	1
season1/season1/metin2_map_sungzi_flame_hill_02/001002/areadata.txt	season1/metin2_map_sungzi_flame_hill_02/001002/areadata.txt	1
season1/season1/metin2_map_spiderdungeon_02/001001/water.wtr	season1/metin2_map_spiderdungeon_02/001001/water.wtr	1
season1/season1/metin2_map_spiderdungeon_02/001002/shadowmap.raw	season1/metin2_map_spiderdungeon_02/001002/shadowmap.raw	1
season1/season1/metin2_map_wl_01/001001/attr.atr	season1/metin2_map_wl_01/001001/attr.atr	1
season1/season1/monster/ch_bowman/skipia_bowman.msm	season1/monster/ch_bowman/skipia_bowman.msm	1
season1/season1/metin2_map_spiderdungeon_02/001003/areaproperty.txt	season1/metin2_map_spiderdungeon_02/001003/areaproperty.txt	1
season1/season1/metin2_map_spiderdungeon_02/001003/attr.atr	season1/metin2_map_spiderdungeon_02/001003/attr.atr	1
season1/season1/metin2_map_sungzi_milgyo_pass_01/000000/areaproperty.txt	season1/metin2_map_sungzi_milgyo_pass_01/000000/areaproperty.txt	1
season1/season1/metin2_map_sungzi_desert_hill_02/001003/tile.raw	season1/metin2_map_sungzi_desert_hill_02/001003/tile.raw	1
season1/season1/metin2_map_spiderdungeon_02/001003/minimap.dds	season1/metin2_map_spiderdungeon_02/001003/minimap.dds	1
season1/season1/monster/ch_footman/skipia_footman_back_knockdown.gr2	season1/monster/ch_footman/skipia_footman_back_knockdown.gr2	1
season1/season1/metin2_map_spiderdungeon_02/001003/shadowmap.raw	season1/metin2_map_spiderdungeon_02/001003/shadowmap.raw	1
season1/season1/metin2_map_sungzi_snow_pass01/000000/height.raw	season1/metin2_map_sungzi_snow_pass01/000000/height.raw	1
season1/season1/metin2_map_spiderdungeon_02/001003/water.wtr	season1/metin2_map_spiderdungeon_02/001003/water.wtr	1
season1/season1/metin2_map_sungzi_flame_hill_02/000000/tile.raw	season1/metin2_map_sungzi_flame_hill_02/000000/tile.raw	1
season1/season1/metin2_map_spiderdungeon_02/002000/areaambiencedata.txt	season1/metin2_map_spiderdungeon_02/002000/areaambiencedata.txt	1
season1/season1/metin2_map_spiderdungeon_02/002000/areadata.txt	season1/metin2_map_spiderdungeon_02/002000/areadata.txt	1
season1/season1/metin2_map_spiderdungeon_02/002000/height.raw	season1/metin2_map_spiderdungeon_02/002000/height.raw	1
season1/season1/metin2_map_sungzi_milgyo_pass_02/001001/shadowmap.raw	season1/metin2_map_sungzi_milgyo_pass_02/001001/shadowmap.raw	1
season1/season1/metin2_map_sungzi_milgyo_pass_03/001000/water.wtr	season1/metin2_map_sungzi_milgyo_pass_03/001000/water.wtr	1
season1/season1/metin2_map_spiderdungeon_02/002000/tile.raw	season1/metin2_map_spiderdungeon_02/002000/tile.raw	1
season1/season1/monster/ch_general/general_skill2.mse	season1/monster/ch_general/general_skill2.mse	1
season1/season1/metin2_map_spiderdungeon_02/002000/water.wtr	season1/metin2_map_spiderdungeon_02/002000/water.wtr	1
season1/season1/metin2_map_spiderdungeon_02/002001/areaambiencedata.txt	season1/metin2_map_spiderdungeon_02/002001/areaambiencedata.txt	1
season1/season1/metin2_map_spiderdungeon_02/002001/areadata.txt	season1/metin2_map_spiderdungeon_02/002001/areadata.txt	1
season1/season1/metin2_map_spiderdungeon_02/002001/attr.atr	season1/metin2_map_spiderdungeon_02/002001/attr.atr	1
season1/season1/metin2_map_spiderdungeon_02/002001/height.raw	season1/metin2_map_spiderdungeon_02/002001/height.raw	1
season1/season1/metin2_map_sungzi_desert_01/000001/areaproperty.txt	season1/metin2_map_sungzi_desert_01/000001/areaproperty.txt	1
season1/season1/metin2_map_spiderdungeon_02/002001/minimap.dds	season1/metin2_map_spiderdungeon_02/002001/minimap.dds	1
season1/season1/metin2_map_spiderdungeon_02/002001/shadowmap.dds	season1/metin2_map_spiderdungeon_02/002001/shadowmap.dds	1
season1/season1/npc/visamun/visamunstand01.msa	season1/npc/visamun/visamunstand01.msa	1
season1/season1/metin2_map_spiderdungeon_02/002001/shadowmap.raw	season1/metin2_map_spiderdungeon_02/002001/shadowmap.raw	1
season1/season1/metin2_map_sungzi_snow_pass03/001001/areaambiencedata.txt	season1/metin2_map_sungzi_snow_pass03/001001/areaambiencedata.txt	1
season1/season1/metin2_map_wl_01/002002/shadowmap.raw	season1/metin2_map_wl_01/002002/shadowmap.raw	1
season1/season1/metin2_map_spiderdungeon_02/002002/areaambiencedata.txt	season1/metin2_map_spiderdungeon_02/002002/areaambiencedata.txt	1
season1/season1/monster/ch_footman/skipia_footman_attack1.gr2	season1/monster/ch_footman/skipia_footman_attack1.gr2	1
season1/season1/metin2_map_wl_01/001003/shadowmap.raw	season1/metin2_map_wl_01/001003/shadowmap.raw	1
season1/season1/metin2_map_spiderdungeon_02/002002/areadata.txt	season1/metin2_map_spiderdungeon_02/002002/areadata.txt	1
season1/season1/metin2_map_spiderdungeon_02/002002/minimap.dds	season1/metin2_map_spiderdungeon_02/002002/minimap.dds	1
season1/season1/metin2_map_spiderdungeon_02/002002/shadowmap.dds	season1/metin2_map_spiderdungeon_02/002002/shadowmap.dds	1
season1/season1/metin2_map_spiderdungeon_02/002002/shadowmap.raw	season1/metin2_map_spiderdungeon_02/002002/shadowmap.raw	1
season1/season1/metin2_map_spiderdungeon_02/002002/tile.raw	season1/metin2_map_spiderdungeon_02/002002/tile.raw	1
season1/season1/npc/signal_fire/signalfire_ani.msa	season1/npc/signal_fire/signalfire_ani.msa	1
season1/season1/monster/ch_magician/skipia_magician.gr2	season1/monster/ch_magician/skipia_magician.gr2	1
season1/season1/metin2_map_spiderdungeon_02/002003/areaambiencedata.txt	season1/metin2_map_spiderdungeon_02/002003/areaambiencedata.txt	1
season1/season1/metin2_map_spiderdungeon_02/002003/areadata.txt	season1/metin2_map_spiderdungeon_02/002003/areadata.txt	1
season1/season1/metin2_map_sungzi_desert_hill_03/000002/water.wtr	season1/metin2_map_sungzi_desert_hill_03/000002/water.wtr	1
season1/season1/metin2_map_sungzi_snow/001001/height.raw	season1/metin2_map_sungzi_snow/001001/height.raw	1
season1/season1/metin2_map_spiderdungeon_02/002003/areaproperty.txt	season1/metin2_map_spiderdungeon_02/002003/areaproperty.txt	1
season1/season1/metin2_map_spiderdungeon_02/002003/attr.atr	season1/metin2_map_spiderdungeon_02/002003/attr.atr	1
season1/season1/monster/ch_magician/skipia_magician_attack.msa	season1/monster/ch_magician/skipia_magician_attack.msa	1
season1/season1/metin2_map_spiderdungeon_02/002003/shadowmap.dds	season1/metin2_map_spiderdungeon_02/002003/shadowmap.dds	1
season1/season1/metin2_map_sungzi_flame_hill_03/001001/areadata.txt	season1/metin2_map_sungzi_flame_hill_03/001001/areadata.txt	1
season1/season1/metin2_map_sungzi_milgyo_pass_03/001001/tile.raw	season1/metin2_map_sungzi_milgyo_pass_03/001001/tile.raw	1
season1/season1/metin2_map_spiderdungeon_02/002003/tile.raw	season1/metin2_map_spiderdungeon_02/002003/tile.raw	1
season1/season1/metin2_map_spiderdungeon_02/003000/areaambiencedata.txt	season1/metin2_map_spiderdungeon_02/003000/areaambiencedata.txt	1
season1/season1/monster/ch_officer/skipia_officer_standup.msa	season1/monster/ch_officer/skipia_officer_standup.msa	1
season1/season1/metin2_map_spiderdungeon_02/003000/minimap.dds	season1/metin2_map_spiderdungeon_02/003000/minimap.dds	1
season1/season1/metin2_map_spiderdungeon_02/003000/shadowmap.dds	season1/metin2_map_spiderdungeon_02/003000/shadowmap.dds	1
season1/season1/metin2_map_spiderdungeon_02/003000/shadowmap.raw	season1/metin2_map_spiderdungeon_02/003000/shadowmap.raw	1
season1/season1/monster/ch_magician/skipia_magician_knockdown.msa	season1/monster/ch_magician/skipia_magician_knockdown.msa	1
season1/season1/metin2_map_spiderdungeon_02/003000/tile.raw	season1/metin2_map_spiderdungeon_02/003000/tile.raw	1
season1/season1/metin2_map_spiderdungeon_02/003001/areadata.txt	season1/metin2_map_spiderdungeon_02/003001/areadata.txt	1
season1/season1/metin2_map_spiderdungeon_02/003001/areaproperty.txt	season1/metin2_map_spiderdungeon_02/003001/areaproperty.txt	1
season1/season1/metin2_map_sungzi_desert_hill_02/001001/tile.raw	season1/metin2_map_sungzi_desert_hill_02/001001/tile.raw	1
season1/season1/metin2_map_sungzi_flame_hill_02/001003/attr.atr	season1/metin2_map_sungzi_flame_hill_02/001003/attr.atr	1
season1/season1/metin2_map_sungzi_flame_hill_03/000000/areaambiencedata.txt	season1/metin2_map_sungzi_flame_hill_03/000000/areaambiencedata.txt	1
season1/season1/metin2_map_spiderdungeon_02/003001/attr.atr	season1/metin2_map_spiderdungeon_02/003001/attr.atr	1
season1/season1/metin2_map_spiderdungeon_02/003001/shadowmap.raw	season1/metin2_map_spiderdungeon_02/003001/shadowmap.raw	1
season1/season1/metin2_map_sungzi_snow_pass03/001000/areaproperty.txt	season1/metin2_map_sungzi_snow_pass03/001000/areaproperty.txt	1
season1/season1/metin2_map_spiderdungeon_02/003001/tile.raw	season1/metin2_map_spiderdungeon_02/003001/tile.raw	1
season1/season1/monster/orc_lord_e/34_1.msa	season1/monster/orc_lord_e/34_1.msa	1
season1/season1/metin2_map_spiderdungeon_02/003001/water.wtr	season1/metin2_map_spiderdungeon_02/003001/water.wtr	1
season1/season1/metin2_map_sungzi_desert_hill_03/000001/shadowmap.dds	season1/metin2_map_sungzi_desert_hill_03/000001/shadowmap.dds	1
season1/season1/metin2_map_sungzi_milgyo_pass_01/000003/shadowmap.raw	season1/metin2_map_sungzi_milgyo_pass_01/000003/shadowmap.raw	1
season1/season1/npc/cheonjo_guard_bow/33.msa	season1/npc/cheonjo_guard_bow/33.msa	1
season1/season1/metin2_map_spiderdungeon_02/003002/areaambiencedata.txt	season1/metin2_map_spiderdungeon_02/003002/areaambiencedata.txt	1
season1/season1/monster/yellow_tigerman_e/36.msa	season1/monster/yellow_tigerman_e/36.msa	1
season1/season1/metin2_map_spiderdungeon_02/003002/areadata.txt	season1/metin2_map_spiderdungeon_02/003002/areadata.txt	1
season1/season1/metin2_map_spiderdungeon_02/003002/areaproperty.txt	season1/metin2_map_spiderdungeon_02/003002/areaproperty.txt	1
season1/season1/metin2_map_spiderdungeon_02/003002/attr.atr	season1/metin2_map_spiderdungeon_02/003002/attr.atr	1
season1/season1/monster/ch_officer/skipia_officer_back_dead.msa	season1/monster/ch_officer/skipia_officer_back_dead.msa	1
season1/season1/metin2_map_spiderdungeon_02/003002/height.raw	season1/metin2_map_spiderdungeon_02/003002/height.raw	1
season1/season1/metin2_map_spiderdungeon_02/003002/minimap.dds	season1/metin2_map_spiderdungeon_02/003002/minimap.dds	1
season1/season1/metin2_map_spiderdungeon_02/003002/shadowmap.dds	season1/metin2_map_spiderdungeon_02/003002/shadowmap.dds	1
season1/season1/metin2_map_spiderdungeon_02/003002/shadowmap.raw	season1/metin2_map_spiderdungeon_02/003002/shadowmap.raw	1
season1/season1/metin2_map_spiderdungeon_02/003003/areaambiencedata.txt	season1/metin2_map_spiderdungeon_02/003003/areaambiencedata.txt	1
season1/season1/metin2_map_spiderdungeon_02/003003/areadata.txt	season1/metin2_map_spiderdungeon_02/003003/areadata.txt	1
season1/season1/metin2_map_sungzi_flame_hill_03/001002/attr.atr	season1/metin2_map_sungzi_flame_hill_03/001002/attr.atr	1
season1/season1/metin2_map_spiderdungeon_02/003003/attr.atr	season1/metin2_map_spiderdungeon_02/003003/attr.atr	1
season1/season1/metin2_map_sungzi_snow_pass03/001003/areaambiencedata.txt	season1/metin2_map_sungzi_snow_pass03/001003/areaambiencedata.txt	1
season1/season1/metin2_map_spiderdungeon_02/003003/height.raw	season1/metin2_map_spiderdungeon_02/003003/height.raw	1
season1/season1/metin2_map_spiderdungeon_02/003003/minimap.dds	season1/metin2_map_spiderdungeon_02/003003/minimap.dds	1
season1/season1/monster/skeleton_king_e/20.msa	season1/monster/skeleton_king_e/20.msa	1
season1/season1/metin2_map_wl_01/001002/water.wtr	season1/metin2_map_wl_01/001002/water.wtr	1
season1/season1/metin2_map_spiderdungeon_02/003003/shadowmap.dds	season1/metin2_map_spiderdungeon_02/003003/shadowmap.dds	1
season1/season1/metin2_map_spiderdungeon_02/003003/shadowmap.raw	season1/metin2_map_spiderdungeon_02/003003/shadowmap.raw	1
season1/season1/metin2_map_sungzi_desert_hill_03/000002/height.raw	season1/metin2_map_sungzi_desert_hill_03/000002/height.raw	1
season1/season1/metin2_map_sungzi_snow/000002/areaproperty.txt	season1/metin2_map_sungzi_snow/000002/areaproperty.txt	1
season1/season1/metin2_map_spiderdungeon_02/003003/tile.raw	season1/metin2_map_spiderdungeon_02/003003/tile.raw	1
season1/season1/metin2_map_sungzi/mapproperty.txt	season1/metin2_map_sungzi/mapproperty.txt	1
season1/season1/metin2_map_sungzi/000000/areaambiencedata.txt	season1/metin2_map_sungzi/000000/areaambiencedata.txt	1
season1/season1/metin2_map_sungzi_milgyo/001000/attr.atr	season1/metin2_map_sungzi_milgyo/001000/attr.atr	1
season1/season1/metin2_map_sungzi/000000/attr.atr	season1/metin2_map_sungzi/000000/attr.atr	1
season1/season1/metin2_map_sungzi_milgyo_pass_02/000003/water.wtr	season1/metin2_map_sungzi_milgyo_pass_02/000003/water.wtr	1
season1/season1/metin2_map_sungzi/000000/minimap.dds	season1/metin2_map_sungzi/000000/minimap.dds	1
season1/season1/metin2_map_sungzi/000000/tile.raw	season1/metin2_map_sungzi/000000/tile.raw	1
season1/season1/metin2_map_sungzi_snow_pass03/000003/height.raw	season1/metin2_map_sungzi_snow_pass03/000003/height.raw	1
season1/season1/monster/ch_general/skipia_general_back_damage1.gr2	season1/monster/ch_general/skipia_general_back_damage1.gr2	1
season1/season1/metin2_map_sungzi/000000/water.wtr	season1/metin2_map_sungzi/000000/water.wtr	1
season1/season1/metin2_map_sungzi/000001/areaambiencedata.txt	season1/metin2_map_sungzi/000001/areaambiencedata.txt	1
season1/season1/metin2_map_sungzi/000001/areadata.txt	season1/metin2_map_sungzi/000001/areadata.txt	1
season1/season1/metin2_map_sungzi/000001/areaproperty.txt	season1/metin2_map_sungzi/000001/areaproperty.txt	1
season1/season1/metin2_map_sungzi/000001/attr.atr	season1/metin2_map_sungzi/000001/attr.atr	1
season1/season1/metin2_map_sungzi_snow_pass03/000000/areaproperty.txt	season1/metin2_map_sungzi_snow_pass03/000000/areaproperty.txt	1
season1/season1/metin2_map_sungzi/000001/minimap.dds	season1/metin2_map_sungzi/000001/minimap.dds	1
season1/season1/metin2_map_sungzi/000001/shadowmap.dds	season1/metin2_map_sungzi/000001/shadowmap.dds	1
season1/season1/monster/ch_bowman/skipia_bowman02.dds	season1/monster/ch_bowman/skipia_bowman02.dds	1
season1/season1/metin2_map_sungzi_milgyo/002001/attr.atr	season1/metin2_map_sungzi_milgyo/002001/attr.atr	1
season1/season1/npc/cheonjo_guard_bow/shape.msm	season1/npc/cheonjo_guard_bow/shape.msm	1
season1/season1/metin2_map_sungzi/000001/shadowmap.raw	season1/metin2_map_sungzi/000001/shadowmap.raw	1
season1/season1/metin2_map_sungzi/000001/tile.raw	season1/metin2_map_sungzi/000001/tile.raw	1
season1/season1/metin2_map_sungzi/000001/water.wtr	season1/metin2_map_sungzi/000001/water.wtr	1
season1/season1/metin2_map_sungzi/001000/areadata.txt	season1/metin2_map_sungzi/001000/areadata.txt	1
season1/season1/monster/giant_desert_turtle_e/32.msa	season1/monster/giant_desert_turtle_e/32.msa	1
season1/season1/metin2_map_sungzi/001000/areaproperty.txt	season1/metin2_map_sungzi/001000/areaproperty.txt	1
season1/season1/metin2_map_sungzi/001000/height.raw	season1/metin2_map_sungzi/001000/height.raw	1
season1/season1/metin2_map_sungzi/001000/shadowmap.dds	season1/metin2_map_sungzi/001000/shadowmap.dds	1
season1/season1/monster/skeleton_god_e/skeleton_god_e.gr2	season1/monster/skeleton_god_e/skeleton_god_e.gr2	1
season1/season1/metin2_map_sungzi/001000/shadowmap.raw	season1/metin2_map_sungzi/001000/shadowmap.raw	1
season1/season1/monster/ch_footman/skipia_footman_front_standup.msa	season1/monster/ch_footman/skipia_footman_front_standup.msa	1
season1/season1/metin2_map_sungzi/001001/areaambiencedata.txt	season1/metin2_map_sungzi/001001/areaambiencedata.txt	1
season1/season1/metin2_map_sungzi_desert_01/003000/height.raw	season1/metin2_map_sungzi_desert_01/003000/height.raw	1
season1/season1/metin2_map_sungzi_snow_pass02/001002/attr.atr	season1/metin2_map_sungzi_snow_pass02/001002/attr.atr	1
season1/season1/metin2_map_sungzi_milgyo_pass_02/001002/tile.raw	season1/metin2_map_sungzi_milgyo_pass_02/001002/tile.raw	1
season1/season1/metin2_map_sungzi_milgyo_pass_03/000001/areaambiencedata.txt	season1/metin2_map_sungzi_milgyo_pass_03/000001/areaambiencedata.txt	1
season1/season1/monster/skeleton_king_e/00_1.msa	season1/monster/skeleton_king_e/00_1.msa	1
season1/season1/pc/warrior/warrior_saja_a.dds	season1/pc/warrior/warrior_saja_a.dds	1
season1/season1/metin2_map_sungzi/001001/areadata.txt	season1/metin2_map_sungzi/001001/areadata.txt	1
season1/season1/metin2_map_sungzi/001001/attr.atr	season1/metin2_map_sungzi/001001/attr.atr	1
season1/season1/metin2_map_sungzi/001001/height.raw	season1/metin2_map_sungzi/001001/height.raw	1
season1/season1/npc/visamun/visamunstand00.msa	season1/npc/visamun/visamunstand00.msa	1
season1/season1/metin2_map_sungzi/001001/minimap.dds	season1/metin2_map_sungzi/001001/minimap.dds	1
season1/season1/metin2_map_sungzi/001001/shadowmap.dds	season1/metin2_map_sungzi/001001/shadowmap.dds	1
season1/season1/metin2_map_sungzi/001001/shadowmap.raw	season1/metin2_map_sungzi/001001/shadowmap.raw	1
season1/season1/monster/ch_general/skipia_general_skill1.msa	season1/monster/ch_general/skipia_general_skill1.msa	1
season1/season1/metin2_map_sungzi/001001/water.wtr	season1/metin2_map_sungzi/001001/water.wtr	1
season1/season1/metin2_map_sungzi_desert_01/mapproperty.txt	season1/metin2_map_sungzi_desert_01/mapproperty.txt	1
season1/season1/metin2_map_sungzi_desert_01/setting.txt	season1/metin2_map_sungzi_desert_01/setting.txt	1
season1/season1/metin2_map_sungzi_snow_pass03/000000/areaambiencedata.txt	season1/metin2_map_sungzi_snow_pass03/000000/areaambiencedata.txt	1
season1/season1/metin2_map_sungzi_desert_01/000000/areaambiencedata.txt	season1/metin2_map_sungzi_desert_01/000000/areaambiencedata.txt	1
season1/season1/metin2_map_sungzi_desert_01/000000/areadata.txt	season1/metin2_map_sungzi_desert_01/000000/areadata.txt	1
season1/season1/monster/ch_general/motlist.txt	season1/monster/ch_general/motlist.txt	1
season1/season1/metin2_map_sungzi_desert_01/000000/attr.atr	season1/metin2_map_sungzi_desert_01/000000/attr.atr	1
season1/season1/metin2_map_sungzi_desert_01/000000/height.raw	season1/metin2_map_sungzi_desert_01/000000/height.raw	1
season1/season1/metin2_map_sungzi_desert_01/000000/minimap.dds	season1/metin2_map_sungzi_desert_01/000000/minimap.dds	1
season1/season1/metin2_map_sungzi_desert_01/000000/shadowmap.dds	season1/metin2_map_sungzi_desert_01/000000/shadowmap.dds	1
season1/season1/metin2_map_sungzi_desert_01/000000/shadowmap.raw	season1/metin2_map_sungzi_desert_01/000000/shadowmap.raw	1
season1/season1/metin2_map_sungzi_desert_01/000001/areadata.txt	season1/metin2_map_sungzi_desert_01/000001/areadata.txt	1
season1/season1/metin2_map_sungzi_desert_01/000001/minimap.dds	season1/metin2_map_sungzi_desert_01/000001/minimap.dds	1
season1/season1/metin2_map_sungzi_desert_01/000001/shadowmap.raw	season1/metin2_map_sungzi_desert_01/000001/shadowmap.raw	1
season1/season1/metin2_map_wl_01/001001/shadowmap.dds	season1/metin2_map_wl_01/001001/shadowmap.dds	1
season1/season1/metin2_map_sungzi_snow_pass02/001003/attr.atr	season1/metin2_map_sungzi_snow_pass02/001003/attr.atr	1
season1/season1/metin2_map_sungzi_desert_01/000001/tile.raw	season1/metin2_map_sungzi_desert_01/000001/tile.raw	1
season1/season1/metin2_map_wl_01/regen.txt	season1/metin2_map_wl_01/regen.txt	1
season1/season1/metin2_map_sungzi_desert_01/000001/water.wtr	season1/metin2_map_sungzi_desert_01/000001/water.wtr	1
season1/season1/metin2_map_sungzi_snow_pass01/001003/water.wtr	season1/metin2_map_sungzi_snow_pass01/001003/water.wtr	1
season1/season1/metin2_map_sungzi_snow/002002/shadowmap.raw	season1/metin2_map_sungzi_snow/002002/shadowmap.raw	1
season1/season1/metin2_map_sungzi_desert_01/000002/areaambiencedata.txt	season1/metin2_map_sungzi_desert_01/000002/areaambiencedata.txt	1
season1/season1/metin2_map_sungzi_desert_01/000002/areadata.txt	season1/metin2_map_sungzi_desert_01/000002/areadata.txt	1
season1/season1/metin2_map_sungzi_snow_pass01/000000/shadowmap.dds	season1/metin2_map_sungzi_snow_pass01/000000/shadowmap.dds	1
season1/season1/metin2_map_sungzi_desert_01/000002/areaproperty.txt	season1/metin2_map_sungzi_desert_01/000002/areaproperty.txt	1
season1/season1/metin2_map_sungzi_desert_01/000002/minimap.dds	season1/metin2_map_sungzi_desert_01/000002/minimap.dds	1
season1/season1/metin2_map_sungzi_desert_01/000002/shadowmap.dds	season1/metin2_map_sungzi_desert_01/000002/shadowmap.dds	1
season1/season1/metin2_map_sungzi_desert_01/000003/areadata.txt	season1/metin2_map_sungzi_desert_01/000003/areadata.txt	1
season1/season1/metin2_map_sungzi_desert_01/000003/attr.atr	season1/metin2_map_sungzi_desert_01/000003/attr.atr	1
season1/season1/metin2_map_wl_01/001003/tile.raw	season1/metin2_map_wl_01/001003/tile.raw	1
season1/season1/metin2_map_sungzi_desert_01/000003/height.raw	season1/metin2_map_sungzi_desert_01/000003/height.raw	1
season1/season1/metin2_map_sungzi_desert_01/000003/shadowmap.dds	season1/metin2_map_sungzi_desert_01/000003/shadowmap.dds	1
season1/season1/metin2_map_sungzi_desert_01/000003/shadowmap.raw	season1/metin2_map_sungzi_desert_01/000003/shadowmap.raw	1
season1/season1/metin2_map_sungzi_snow_pass02/000001/areadata.txt	season1/metin2_map_sungzi_snow_pass02/000001/areadata.txt	1
season1/season1/metin2_map_sungzi_desert_hill_03/001000/height.raw	season1/metin2_map_sungzi_desert_hill_03/001000/height.raw	1
season1/season1/npc/wondaim/wondaim.gr2	season1/npc/wondaim/wondaim.gr2	1
season1/season1/metin2_map_sungzi_desert_01/000003/water.wtr	season1/metin2_map_sungzi_desert_01/000003/water.wtr	1
season1/season1/metin2_map_sungzi_desert_01/001000/areaambiencedata.txt	season1/metin2_map_sungzi_desert_01/001000/areaambiencedata.txt	1
season1/season1/metin2_map_sungzi_desert_hill_03/000002/areaambiencedata.txt	season1/metin2_map_sungzi_desert_hill_03/000002/areaambiencedata.txt	1
season1/season1/metin2_map_sungzi_desert_01/001000/areadata.txt	season1/metin2_map_sungzi_desert_01/001000/areadata.txt	1
season1/season1/metin2_map_sungzi_desert_01/001000/height.raw	season1/metin2_map_sungzi_desert_01/001000/height.raw	1
season1/season1/metin2_map_sungzi_desert_01/003000/areadata.txt	season1/metin2_map_sungzi_desert_01/003000/areadata.txt	1
season1/season1/metin2_map_sungzi_desert_01/001000/minimap.dds	season1/metin2_map_sungzi_desert_01/001000/minimap.dds	1
season1/season1/metin2_map_sungzi_desert_01/001000/shadowmap.dds	season1/metin2_map_sungzi_desert_01/001000/shadowmap.dds	1
season1/season1/monster/skeleton_god_e/34_1.msa	season1/monster/skeleton_god_e/34_1.msa	1
season1/season1/metin2_map_sungzi_desert_01/001000/shadowmap.raw	season1/metin2_map_sungzi_desert_01/001000/shadowmap.raw	1
season1/season1/metin2_map_sungzi_desert_01/002003/height.raw	season1/metin2_map_sungzi_desert_01/002003/height.raw	1
season1/season1/metin2_map_wl_01/002002/tile.raw	season1/metin2_map_wl_01/002002/tile.raw	1
season1/season1/monster/ch_general/skipia_general_wait.msa	season1/monster/ch_general/skipia_general_wait.msa	1
season1/season1/metin2_map_sungzi_desert_01/001001/areaambiencedata.txt	season1/metin2_map_sungzi_desert_01/001001/areaambiencedata.txt	1
season1/season1/metin2_map_sungzi_desert_01/001001/attr.atr	season1/metin2_map_sungzi_desert_01/001001/attr.atr	1
season1/season1/metin2_map_sungzi_milgyo_pass_03/000000/shadowmap.dds	season1/metin2_map_sungzi_milgyo_pass_03/000000/shadowmap.dds	1
season1/season1/metin2_map_sungzi_desert_01/001001/height.raw	season1/metin2_map_sungzi_desert_01/001001/height.raw	1
season1/season1/metin2_map_sungzi_desert_01/001001/minimap.dds	season1/metin2_map_sungzi_desert_01/001001/minimap.dds	1
season1/season1/metin2_map_sungzi_desert_01/001001/shadowmap.raw	season1/metin2_map_sungzi_desert_01/001001/shadowmap.raw	1
season1/season1/metin2_map_sungzi_desert_hill_02/000001/height.raw	season1/metin2_map_sungzi_desert_hill_02/000001/height.raw	1
season1/season1/metin2_map_sungzi_desert_01/001001/tile.raw	season1/metin2_map_sungzi_desert_01/001001/tile.raw	1
season1/season1/metin2_map_sungzi_snow_pass03/001001/minimap.dds	season1/metin2_map_sungzi_snow_pass03/001001/minimap.dds	1
season1/season1/metin2_map_sungzi_desert_01/001001/water.wtr	season1/metin2_map_sungzi_desert_01/001001/water.wtr	1
season1/season1/metin2_map_sungzi_desert_01/001002/areaambiencedata.txt	season1/metin2_map_sungzi_desert_01/001002/areaambiencedata.txt	1
season1/season1/metin2_map_sungzi_desert_01/001002/areadata.txt	season1/metin2_map_sungzi_desert_01/001002/areadata.txt	1
season1/season1/metin2_map_sungzi_desert_01/001002/areaproperty.txt	season1/metin2_map_sungzi_desert_01/001002/areaproperty.txt	1
season1/season1/metin2_map_sungzi_milgyo_pass_03/001000/shadowmap.raw	season1/metin2_map_sungzi_milgyo_pass_03/001000/shadowmap.raw	1
season1/season1/monster/fox_ninetail_e/30.msa	season1/monster/fox_ninetail_e/30.msa	1
season1/season1/metin2_map_sungzi_desert_01/001002/height.raw	season1/metin2_map_sungzi_desert_01/001002/height.raw	1
season1/season1/metin2_map_sungzi_flame_hill_02/000001/areaambiencedata.txt	season1/metin2_map_sungzi_flame_hill_02/000001/areaambiencedata.txt	1
season1/season1/metin2_map_sungzi_snow_pass03/000002/areadata.txt	season1/metin2_map_sungzi_snow_pass03/000002/areadata.txt	1
season1/season1/monster/ch_bowman/arrow.mse	season1/monster/ch_bowman/arrow.mse	1
season1/season1/metin2_map_sungzi_desert_01/001002/shadowmap.dds	season1/metin2_map_sungzi_desert_01/001002/shadowmap.dds	1
season1/season1/metin2_map_sungzi_desert_01/001002/water.wtr	season1/metin2_map_sungzi_desert_01/001002/water.wtr	1
season1/season1/metin2_map_sungzi_snow/000001/minimap.dds	season1/metin2_map_sungzi_snow/000001/minimap.dds	1
season1/season1/metin2_map_sungzi_desert_01/001003/areadata.txt	season1/metin2_map_sungzi_desert_01/001003/areadata.txt	1
season1/season1/metin2_map_sungzi_desert_hill_03/000003/areaproperty.txt	season1/metin2_map_sungzi_desert_hill_03/000003/areaproperty.txt	1
season1/season1/metin2_map_wl_01/002001/attr.atr	season1/metin2_map_wl_01/002001/attr.atr	1
season1/season1/metin2_map_sungzi_desert_01/001003/areaproperty.txt	season1/metin2_map_sungzi_desert_01/001003/areaproperty.txt	1
season1/season1/metin2_map_sungzi_desert_01/001003/attr.atr	season1/metin2_map_sungzi_desert_01/001003/attr.atr	1
season1/season1/metin2_map_sungzi_desert_01/001003/height.raw	season1/metin2_map_sungzi_desert_01/001003/height.raw	1
season1/season1/metin2_map_sungzi_desert_01/001003/shadowmap.dds	season1/metin2_map_sungzi_desert_01/001003/shadowmap.dds	1
season1/season1/metin2_map_sungzi_milgyo/001000/shadowmap.raw	season1/metin2_map_sungzi_milgyo/001000/shadowmap.raw	1
season1/season1/metin2_map_sungzi_snow/002002/areaproperty.txt	season1/metin2_map_sungzi_snow/002002/areaproperty.txt	1
season1/season1/metin2_map_sungzi_milgyo_pass_03/001000/areaproperty.txt	season1/metin2_map_sungzi_milgyo_pass_03/001000/areaproperty.txt	1
season1/season1/metin2_map_sungzi_desert_01/001003/water.wtr	season1/metin2_map_sungzi_desert_01/001003/water.wtr	1
season1/season1/metin2_map_sungzi_desert_01/002000/areadata.txt	season1/metin2_map_sungzi_desert_01/002000/areadata.txt	1
season1/season1/metin2_map_sungzi_desert_01/002000/attr.atr	season1/metin2_map_sungzi_desert_01/002000/attr.atr	1
season1/season1/monster/ch_officer/skipia_officer_run.msa	season1/monster/ch_officer/skipia_officer_run.msa	1
season1/season1/metin2_map_sungzi_desert_01/002000/height.raw	season1/metin2_map_sungzi_desert_01/002000/height.raw	1
season1/season1/metin2_map_sungzi_desert_01/002000/minimap.dds	season1/metin2_map_sungzi_desert_01/002000/minimap.dds	1
season1/season1/metin2_map_sungzi_desert_01/002000/shadowmap.dds	season1/metin2_map_sungzi_desert_01/002000/shadowmap.dds	1
season1/season1/metin2_map_sungzi_desert_01/002000/tile.raw	season1/metin2_map_sungzi_desert_01/002000/tile.raw	1
season1/season1/npc/naoki/00.gr2	season1/npc/naoki/00.gr2	1
season1/season1/metin2_map_sungzi_desert_01/002000/water.wtr	season1/metin2_map_sungzi_desert_01/002000/water.wtr	1
season1/season1/metin2_map_sungzi_desert_hill_01/000000/attr.atr	season1/metin2_map_sungzi_desert_hill_01/000000/attr.atr	1
season1/season1/metin2_map_sungzi_desert_01/002001/areaambiencedata.txt	season1/metin2_map_sungzi_desert_01/002001/areaambiencedata.txt	1
season1/season1/metin2_map_sungzi_desert_01/002001/areadata.txt	season1/metin2_map_sungzi_desert_01/002001/areadata.txt	1
season1/season1/metin2_map_sungzi_desert_01/002001/areaproperty.txt	season1/metin2_map_sungzi_desert_01/002001/areaproperty.txt	1
season1/season1/metin2_map_wl_01/000001/minimap.dds	season1/metin2_map_wl_01/000001/minimap.dds	1
season1/season1/metin2_map_sungzi_desert_01/002001/attr.atr	season1/metin2_map_sungzi_desert_01/002001/attr.atr	1
season1/season1/metin2_map_sungzi_desert_01/002001/minimap.dds	season1/metin2_map_sungzi_desert_01/002001/minimap.dds	1
season1/season1/metin2_map_sungzi_desert_01/002001/shadowmap.dds	season1/metin2_map_sungzi_desert_01/002001/shadowmap.dds	1
season1/season1/metin2_map_sungzi_desert_01/002001/shadowmap.raw	season1/metin2_map_sungzi_desert_01/002001/shadowmap.raw	1
season1/season1/metin2_map_sungzi_desert_01/002001/tile.raw	season1/metin2_map_sungzi_desert_01/002001/tile.raw	1
season1/season1/metin2_map_sungzi_flame_hill_01/001003/water.wtr	season1/metin2_map_sungzi_flame_hill_01/001003/water.wtr	1
season1/season1/metin2_map_sungzi_desert_01/002002/areaambiencedata.txt	season1/metin2_map_sungzi_desert_01/002002/areaambiencedata.txt	1
season1/season1/metin2_map_sungzi_desert_01/002002/areaproperty.txt	season1/metin2_map_sungzi_desert_01/002002/areaproperty.txt	1
season1/season1/metin2_map_sungzi_desert_01/002002/water.wtr	season1/metin2_map_sungzi_desert_01/002002/water.wtr	1
season1/season1/metin2_map_sungzi_desert_01/002002/height.raw	season1/metin2_map_sungzi_desert_01/002002/height.raw	1
season1/season1/metin2_map_sungzi_desert_01/002002/shadowmap.raw	season1/metin2_map_sungzi_desert_01/002002/shadowmap.raw	1
season1/season1/monster/fox_ninetail_e/shape.msm	season1/monster/fox_ninetail_e/shape.msm	1
season1/season1/metin2_map_sungzi_desert_01/002002/tile.raw	season1/metin2_map_sungzi_desert_01/002002/tile.raw	1
season1/season1/metin2_map_sungzi_desert_01/002003/areaambiencedata.txt	season1/metin2_map_sungzi_desert_01/002003/areaambiencedata.txt	1
season1/season1/metin2_map_sungzi_desert_01/002003/areadata.txt	season1/metin2_map_sungzi_desert_01/002003/areadata.txt	1
season1/season1/monster/ch_general/skipia_general_skill1.gr2	season1/monster/ch_general/skipia_general_skill1.gr2	1
season1/season1/metin2_map_sungzi_desert_01/002003/areaproperty.txt	season1/metin2_map_sungzi_desert_01/002003/areaproperty.txt	1
season1/season1/metin2_map_sungzi_desert_01/002003/minimap.dds	season1/metin2_map_sungzi_desert_01/002003/minimap.dds	1
season1/season1/metin2_map_sungzi_desert_01/002003/shadowmap.dds	season1/metin2_map_sungzi_desert_01/002003/shadowmap.dds	1
season1/season1/metin2_map_sungzi_desert_01/002003/shadowmap.raw	season1/metin2_map_sungzi_desert_01/002003/shadowmap.raw	1
season1/season1/metin2_map_sungzi_milgyo/000000/areaproperty.txt	season1/metin2_map_sungzi_milgyo/000000/areaproperty.txt	1
season1/season1/metin2_map_sungzi_desert_01/002003/tile.raw	season1/metin2_map_sungzi_desert_01/002003/tile.raw	1
season1/season1/metin2_map_sungzi_snow_pass03/000001/height.raw	season1/metin2_map_sungzi_snow_pass03/000001/height.raw	1
season1/season1/metin2_map_sungzi_desert_01/002003/water.wtr	season1/metin2_map_sungzi_desert_01/002003/water.wtr	1
season1/season1/metin2_map_sungzi_desert_01/003000/areaproperty.txt	season1/metin2_map_sungzi_desert_01/003000/areaproperty.txt	1
season1/season1/metin2_map_sungzi_desert_01/003000/minimap.dds	season1/metin2_map_sungzi_desert_01/003000/minimap.dds	1
season1/season1/metin2_map_sungzi_snow/001001/areadata.txt	season1/metin2_map_sungzi_snow/001001/areadata.txt	1
season1/season1/monster/ch_officer/skipia_officer_back_damage.gr2	season1/monster/ch_officer/skipia_officer_back_damage.gr2	1
season1/season1/metin2_map_sungzi_desert_01/003000/shadowmap.dds	season1/metin2_map_sungzi_desert_01/003000/shadowmap.dds	1
season1/season1/metin2_map_sungzi_desert_01/003000/shadowmap.raw	season1/metin2_map_sungzi_desert_01/003000/shadowmap.raw	1
season1/season1/metin2_map_sungzi_desert_01/003000/tile.raw	season1/metin2_map_sungzi_desert_01/003000/tile.raw	1
season1/season1/metin2_map_sungzi_desert_hill_01/000002/attr.atr	season1/metin2_map_sungzi_desert_hill_01/000002/attr.atr	1
season1/season1/metin2_map_sungzi_milgyo/002002/areaproperty.txt	season1/metin2_map_sungzi_milgyo/002002/areaproperty.txt	1
season1/season1/metin2_map_sungzi_desert_01/003000/water.wtr	season1/metin2_map_sungzi_desert_01/003000/water.wtr	1
season1/season1/metin2_map_sungzi_desert_01/003001/areaambiencedata.txt	season1/metin2_map_sungzi_desert_01/003001/areaambiencedata.txt	1
season1/season1/monster/skeleton_king_e/36.msa	season1/monster/skeleton_king_e/36.msa	1
season1/season1/metin2_map_sungzi_desert_01/003001/areadata.txt	season1/metin2_map_sungzi_desert_01/003001/areadata.txt	1
season1/season1/metin2_map_sungzi_desert_01/003001/minimap.dds	season1/metin2_map_sungzi_desert_01/003001/minimap.dds	1
season1/season1/metin2_map_sungzi_desert_01/003001/shadowmap.dds	season1/metin2_map_sungzi_desert_01/003001/shadowmap.dds	1
season1/season1/metin2_map_sungzi_desert_01/003001/shadowmap.raw	season1/metin2_map_sungzi_desert_01/003001/shadowmap.raw	1
season1/season1/metin2_map_sungzi_milgyo/001001/areaambiencedata.txt	season1/metin2_map_sungzi_milgyo/001001/areaambiencedata.txt	1
season1/season1/metin2_map_sungzi_desert_01/003002/areadata.txt	season1/metin2_map_sungzi_desert_01/003002/areadata.txt	1
season1/season1/metin2_map_sungzi_desert_01/003002/areaproperty.txt	season1/metin2_map_sungzi_desert_01/003002/areaproperty.txt	1
season1/season1/metin2_map_sungzi_snow_pass02/001000/shadowmap.dds	season1/metin2_map_sungzi_snow_pass02/001000/shadowmap.dds	1
season1/season1/monster/ch_officer/skipia_officer_dead.msa	season1/monster/ch_officer/skipia_officer_dead.msa	1
season1/season1/metin2_map_sungzi_desert_01/003002/minimap.dds	season1/metin2_map_sungzi_desert_01/003002/minimap.dds	1
season1/season1/metin2_map_sungzi_desert_01/003002/tile.raw	season1/metin2_map_sungzi_desert_01/003002/tile.raw	1
season1/season1/monster/ch_general/skipia_general01.dds	season1/monster/ch_general/skipia_general01.dds	1
season1/season1/metin2_map_sungzi_desert_01/003003/areaambiencedata.txt	season1/metin2_map_sungzi_desert_01/003003/areaambiencedata.txt	1
season1/season1/metin2_map_sungzi_desert_hill_02/001000/shadowmap.raw	season1/metin2_map_sungzi_desert_hill_02/001000/shadowmap.raw	1
season1/season1/metin2_map_sungzi_desert_01/003003/areadata.txt	season1/metin2_map_sungzi_desert_01/003003/areadata.txt	1
season1/season1/metin2_map_sungzi_desert_01/003003/areaproperty.txt	season1/metin2_map_sungzi_desert_01/003003/areaproperty.txt	1
season1/season1/monster/spider_queen_e/motlist.txt	season1/monster/spider_queen_e/motlist.txt	1
season1/season1/metin2_map_sungzi_desert_01/003003/minimap.dds	season1/metin2_map_sungzi_desert_01/003003/minimap.dds	1
season1/season1/metin2_map_sungzi_desert_01/003003/shadowmap.dds	season1/metin2_map_sungzi_desert_01/003003/shadowmap.dds	1
season1/season1/monster/milgyo_founder_e/30.msa	season1/monster/milgyo_founder_e/30.msa	1
season1/season1/monster/skeleton_god_e/shape.msm	season1/monster/skeleton_god_e/shape.msm	1
season1/season1/npc/cheonjo_guard_bow/cheonjo_patrol_bow_lod_01.gr2	season1/npc/cheonjo_guard_bow/cheonjo_patrol_bow_lod_01.gr2	1
season1/season1/metin2_map_sungzi_desert_01/003003/shadowmap.raw	season1/metin2_map_sungzi_desert_01/003003/shadowmap.raw	1
season1/season1/metin2_map_sungzi_milgyo_pass_03/001002/water.wtr	season1/metin2_map_sungzi_milgyo_pass_03/001002/water.wtr	1
season1/season1/npc/yejin/stand00.gr2	season1/npc/yejin/stand00.gr2	1
season1/season1/metin2_map_sungzi_desert_01/003003/tile.raw	season1/metin2_map_sungzi_desert_01/003003/tile.raw	1
season1/season1/metin2_map_sungzi_milgyo_pass_03/001000/shadowmap.dds	season1/metin2_map_sungzi_milgyo_pass_03/001000/shadowmap.dds	1
season1/season1/monster/giant_desert_turtle_e/35.msa	season1/monster/giant_desert_turtle_e/35.msa	1
season1/season1/metin2_map_sungzi_desert_01/003003/water.wtr	season1/metin2_map_sungzi_desert_01/003003/water.wtr	1
season1/season1/metin2_map_sungzi_desert_hill_01/000000/areaambiencedata.txt	season1/metin2_map_sungzi_desert_hill_01/000000/areaambiencedata.txt	1
season1/season1/metin2_map_sungzi_snow_pass03/000003/shadowmap.dds	season1/metin2_map_sungzi_snow_pass03/000003/shadowmap.dds	1
season1/season1/metin2_map_sungzi_desert_hill_01/000000/shadowmap.dds	season1/metin2_map_sungzi_desert_hill_01/000000/shadowmap.dds	1
season1/season1/metin2_map_sungzi_desert_hill_01/000000/shadowmap.raw	season1/metin2_map_sungzi_desert_hill_01/000000/shadowmap.raw	1
season1/season1/metin2_map_sungzi_desert_hill_01/000000/tile.raw	season1/metin2_map_sungzi_desert_hill_01/000000/tile.raw	1
season1/season1/metin2_map_sungzi_desert_hill_01/000001/areadata.txt	season1/metin2_map_sungzi_desert_hill_01/000001/areadata.txt	1
season1/season1/metin2_map_sungzi_desert_hill_01/000001/attr.atr	season1/metin2_map_sungzi_desert_hill_01/000001/attr.atr	1
season1/season1/metin2_map_sungzi_desert_hill_01/000001/height.raw	season1/metin2_map_sungzi_desert_hill_01/000001/height.raw	1
season1/season1/metin2_map_sungzi_desert_hill_01/000001/shadowmap.dds	season1/metin2_map_sungzi_desert_hill_01/000001/shadowmap.dds	1
season1/season1/metin2_map_sungzi_desert_hill_01/000001/tile.raw	season1/metin2_map_sungzi_desert_hill_01/000001/tile.raw	1
season1/season1/metin2_map_sungzi_milgyo_pass_02/001003/areadata.txt	season1/metin2_map_sungzi_milgyo_pass_02/001003/areadata.txt	1
season1/season1/metin2_map_sungzi_desert_hill_01/000001/water.wtr	season1/metin2_map_sungzi_desert_hill_01/000001/water.wtr	1
season1/season1/metin2_map_sungzi_milgyo/002001/areaambiencedata.txt	season1/metin2_map_sungzi_milgyo/002001/areaambiencedata.txt	1
season1/season1/npc/jinno_guard_spear/36.msa	season1/npc/jinno_guard_spear/36.msa	1
season1/season1/metin2_map_sungzi_desert_hill_01/000002/areaambiencedata.txt	season1/metin2_map_sungzi_desert_hill_01/000002/areaambiencedata.txt	1
season1/season1/metin2_map_sungzi_desert_hill_01/000002/areadata.txt	season1/metin2_map_sungzi_desert_hill_01/000002/areadata.txt	1
season1/season1/metin2_map_sungzi_desert_hill_01/000002/height.raw	season1/metin2_map_sungzi_desert_hill_01/000002/height.raw	1
season1/season1/monster/ch_general/skipia_general_back_damage.gr2	season1/monster/ch_general/skipia_general_back_damage.gr2	1
season1/season1/metin2_map_sungzi_milgyo_pass_02/000000/minimap.dds	season1/metin2_map_sungzi_milgyo_pass_02/000000/minimap.dds	1
season1/season1/metin2_map_wl_01/003002/areadata.txt	season1/metin2_map_wl_01/003002/areadata.txt	1
season1/season1/metin2_map_sungzi_desert_hill_01/000002/minimap.dds	season1/metin2_map_sungzi_desert_hill_01/000002/minimap.dds	1
season1/season1/metin2_map_sungzi_desert_hill_01/000002/shadowmap.dds	season1/metin2_map_sungzi_desert_hill_01/000002/shadowmap.dds	1
season1/season1/metin2_map_sungzi_desert_hill_01/000002/shadowmap.raw	season1/metin2_map_sungzi_desert_hill_01/000002/shadowmap.raw	1
season1/season1/metin2_map_sungzi_milgyo_pass_01/000001/shadowmap.raw	season1/metin2_map_sungzi_milgyo_pass_01/000001/shadowmap.raw	1
season1/season1/metin2_map_sungzi_desert_hill_01/000002/tile.raw	season1/metin2_map_sungzi_desert_hill_01/000002/tile.raw	1
season1/season1/metin2_map_sungzi_desert_hill_01/000003/areaambiencedata.txt	season1/metin2_map_sungzi_desert_hill_01/000003/areaambiencedata.txt	1
season1/season1/metin2_map_sungzi_desert_hill_01/000003/areaproperty.txt	season1/metin2_map_sungzi_desert_hill_01/000003/areaproperty.txt	1
season1/season1/metin2_map_sungzi_desert_hill_01/000003/attr.atr	season1/metin2_map_sungzi_desert_hill_01/000003/attr.atr	1
season1/season1/metin2_map_sungzi_desert_hill_01/000003/minimap.dds	season1/metin2_map_sungzi_desert_hill_01/000003/minimap.dds	1
season1/season1/metin2_map_sungzi_desert_hill_01/000003/shadowmap.raw	season1/metin2_map_sungzi_desert_hill_01/000003/shadowmap.raw	1
season1/season1/metin2_map_sungzi_desert_hill_01/000003/water.wtr	season1/metin2_map_sungzi_desert_hill_01/000003/water.wtr	1
season1/season1/metin2_map_sungzi_milgyo_pass_01/000001/tile.raw	season1/metin2_map_sungzi_milgyo_pass_01/000001/tile.raw	1
season1/season1/pc/assassin/assassin_1-3_dahong_a.dds	season1/pc/assassin/assassin_1-3_dahong_a.dds	1
season1/season1/metin2_map_sungzi_desert_hill_01/001000/areaambiencedata.txt	season1/metin2_map_sungzi_desert_hill_01/001000/areaambiencedata.txt	1
season1/season1/metin2_map_sungzi_desert_hill_01/001000/areadata.txt	season1/metin2_map_sungzi_desert_hill_01/001000/areadata.txt	1
season1/season1/metin2_map_sungzi_desert_hill_01/001000/attr.atr	season1/metin2_map_sungzi_desert_hill_01/001000/attr.atr	1
season1/season1/metin2_map_sungzi_desert_hill_01/001000/height.raw	season1/metin2_map_sungzi_desert_hill_01/001000/height.raw	1
season1/season1/metin2_map_sungzi_desert_hill_01/001000/shadowmap.raw	season1/metin2_map_sungzi_desert_hill_01/001000/shadowmap.raw	1
season1/season1/metin2_map_sungzi_snow_pass02/000000/minimap.dds	season1/metin2_map_sungzi_snow_pass02/000000/minimap.dds	1
season1/season1/metin2_map_sungzi_desert_hill_01/001000/tile.raw	season1/metin2_map_sungzi_desert_hill_01/001000/tile.raw	1
season1/season1/metin2_map_sungzi_desert_hill_01/001000/water.wtr	season1/metin2_map_sungzi_desert_hill_01/001000/water.wtr	1
season1/season1/monster/yellow_tigerman_e/yellow_tigerman_e.dds	season1/monster/yellow_tigerman_e/yellow_tigerman_e.dds	1
season1/season1/metin2_map_sungzi_desert_hill_01/001001/areaambiencedata.txt	season1/metin2_map_sungzi_desert_hill_01/001001/areaambiencedata.txt	1
season1/season1/metin2_map_sungzi_desert_hill_01/001001/areaproperty.txt	season1/metin2_map_sungzi_desert_hill_01/001001/areaproperty.txt	1
season1/season1/metin2_map_sungzi_snow_pass02/000001/areaambiencedata.txt	season1/metin2_map_sungzi_snow_pass02/000001/areaambiencedata.txt	1
season1/season1/metin2_map_sungzi_snow_pass01/001001/height.raw	season1/metin2_map_sungzi_snow_pass01/001001/height.raw	1
season1/season1/metin2_map_sungzi_desert_hill_01/001001/attr.atr	season1/metin2_map_sungzi_desert_hill_01/001001/attr.atr	1
season1/season1/metin2_map_sungzi_desert_hill_01/001001/minimap.dds	season1/metin2_map_sungzi_desert_hill_01/001001/minimap.dds	1
season1/season1/metin2_map_sungzi_desert_hill_01/001001/shadowmap.dds	season1/metin2_map_sungzi_desert_hill_01/001001/shadowmap.dds	1
season1/season1/metin2_map_wl_01/setting.txt	season1/metin2_map_wl_01/setting.txt	1
season1/season1/metin2_map_sungzi_desert_hill_01/001001/shadowmap.raw	season1/metin2_map_sungzi_desert_hill_01/001001/shadowmap.raw	1
season1/season1/metin2_map_sungzi_desert_hill_01/001001/water.wtr	season1/metin2_map_sungzi_desert_hill_01/001001/water.wtr	1
season1/season1/metin2_map_sungzi_milgyo/001001/minimap.dds	season1/metin2_map_sungzi_milgyo/001001/minimap.dds	1
season1/season1/pc/warrior/warrior_4-1.dds	season1/pc/warrior/warrior_4-1.dds	1
season1/season1/metin2_map_sungzi_desert_hill_01/001002/areaambiencedata.txt	season1/metin2_map_sungzi_desert_hill_01/001002/areaambiencedata.txt	1
season1/season1/metin2_map_sungzi_desert_hill_01/001002/areadata.txt	season1/metin2_map_sungzi_desert_hill_01/001002/areadata.txt	1
season1/season1/metin2_map_sungzi_desert_hill_01/001002/attr.atr	season1/metin2_map_sungzi_desert_hill_01/001002/attr.atr	1
season1/season1/metin2_map_sungzi_flame_hill_02/000000/areadata.txt	season1/metin2_map_sungzi_flame_hill_02/000000/areadata.txt	1
season1/season1/metin2_map_sungzi_desert_hill_01/001002/shadowmap.dds	season1/metin2_map_sungzi_desert_hill_01/001002/shadowmap.dds	1
season1/season1/metin2_map_sungzi_desert_hill_01/001002/shadowmap.raw	season1/metin2_map_sungzi_desert_hill_01/001002/shadowmap.raw	1
season1/season1/metin2_map_sungzi_desert_hill_01/001002/water.wtr	season1/metin2_map_sungzi_desert_hill_01/001002/water.wtr	1
season1/season1/metin2_map_sungzi_desert_hill_01/001003/areaambiencedata.txt	season1/metin2_map_sungzi_desert_hill_01/001003/areaambiencedata.txt	1
season1/season1/monster/ch_general/shape.msm	season1/monster/ch_general/shape.msm	1
season1/season1/metin2_map_sungzi_desert_hill_01/001003/areaproperty.txt	season1/metin2_map_sungzi_desert_hill_01/001003/areaproperty.txt	1
season1/season1/metin2_map_sungzi_flame_hill_01/001000/tile.raw	season1/metin2_map_sungzi_flame_hill_01/001000/tile.raw	1
season1/season1/metin2_map_sungzi_desert_hill_01/001003/attr.atr	season1/metin2_map_sungzi_desert_hill_01/001003/attr.atr	1
season1/season1/metin2_map_sungzi_desert_hill_01/001003/tile.raw	season1/metin2_map_sungzi_desert_hill_01/001003/tile.raw	1
season1/season1/metin2_map_sungzi_desert_hill_02/000002/shadowmap.raw	season1/metin2_map_sungzi_desert_hill_02/000002/shadowmap.raw	1
season1/season1/metin2_map_sungzi_snow_pass02/001001/tile.raw	season1/metin2_map_sungzi_snow_pass02/001001/tile.raw	1
season1/season1/metin2_map_sungzi_desert_hill_02/mapproperty.txt	season1/metin2_map_sungzi_desert_hill_02/mapproperty.txt	1
season1/season1/metin2_map_sungzi_desert_hill_02/setting.txt	season1/metin2_map_sungzi_desert_hill_02/setting.txt	1
season1/season1/monster/ch_general/skipia_general_wait.gr2	season1/monster/ch_general/skipia_general_wait.gr2	1
season1/season1/metin2_map_sungzi_desert_hill_02/000000/areaambiencedata.txt	season1/metin2_map_sungzi_desert_hill_02/000000/areaambiencedata.txt	1
season1/season1/metin2_map_sungzi_desert_hill_02/000000/areadata.txt	season1/metin2_map_sungzi_desert_hill_02/000000/areadata.txt	1
season1/season1/npc/chagirap/run.msa	season1/npc/chagirap/run.msa	1
season1/season1/metin2_map_sungzi_desert_hill_02/000000/areaproperty.txt	season1/metin2_map_sungzi_desert_hill_02/000000/areaproperty.txt	1
season1/season1/metin2_map_sungzi_desert_hill_02/000000/attr.atr	season1/metin2_map_sungzi_desert_hill_02/000000/attr.atr	1
season1/season1/metin2_map_sungzi_desert_hill_02/000000/height.raw	season1/metin2_map_sungzi_desert_hill_02/000000/height.raw	1
season1/season1/metin2_map_sungzi_milgyo_pass_02/000003/areaproperty.txt	season1/metin2_map_sungzi_milgyo_pass_02/000003/areaproperty.txt	1
season1/season1/metin2_map_sungzi_flame_hill_03/001000/water.wtr	season1/metin2_map_sungzi_flame_hill_03/001000/water.wtr	1
season1/season1/metin2_map_sungzi_milgyo_pass_03/001003/shadowmap.raw	season1/metin2_map_sungzi_milgyo_pass_03/001003/shadowmap.raw	1
season1/season1/metin2_map_sungzi_desert_hill_02/000000/minimap.dds	season1/metin2_map_sungzi_desert_hill_02/000000/minimap.dds	1
season1/season1/metin2_map_sungzi_flame_hill_02/000003/attr.atr	season1/metin2_map_sungzi_flame_hill_02/000003/attr.atr	1
season1/season1/metin2_map_wl_01/003003/height.raw	season1/metin2_map_wl_01/003003/height.raw	1
season1/season1/metin2_map_sungzi_desert_hill_02/000000/shadowmap.dds	season1/metin2_map_sungzi_desert_hill_02/000000/shadowmap.dds	1
season1/season1/metin2_map_sungzi_desert_hill_02/000000/tile.raw	season1/metin2_map_sungzi_desert_hill_02/000000/tile.raw	1
season1/season1/metin2_map_sungzi_desert_hill_02/000001/areadata.txt	season1/metin2_map_sungzi_desert_hill_02/000001/areadata.txt	1
season1/season1/metin2_map_sungzi_snow_pass02/000003/shadowmap.raw	season1/metin2_map_sungzi_snow_pass02/000003/shadowmap.raw	1
season1/season1/metin2_map_sungzi_desert_hill_02/000001/attr.atr	season1/metin2_map_sungzi_desert_hill_02/000001/attr.atr	1
season1/season1/monster/skeleton_god_e/00.msa	season1/monster/skeleton_god_e/00.msa	1
season1/season1/metin2_map_sungzi_milgyo_pass_03/000000/areaambiencedata.txt	season1/metin2_map_sungzi_milgyo_pass_03/000000/areaambiencedata.txt	1
season1/season1/metin2_map_sungzi_snow_pass03/000003/tile.raw	season1/metin2_map_sungzi_snow_pass03/000003/tile.raw	1
season1/season1/metin2_map_wl_01/001000/shadowmap.dds	season1/metin2_map_wl_01/001000/shadowmap.dds	1
season1/season1/metin2_map_sungzi_desert_hill_02/000001/minimap.dds	season1/metin2_map_sungzi_desert_hill_02/000001/minimap.dds	1
season1/season1/metin2_map_sungzi_milgyo_pass_01/000002/height.raw	season1/metin2_map_sungzi_milgyo_pass_01/000002/height.raw	1
season1/season1/metin2_map_sungzi_desert_hill_02/000001/shadowmap.dds	season1/metin2_map_sungzi_desert_hill_02/000001/shadowmap.dds	1
season1/season1/metin2_map_sungzi_desert_hill_02/000001/shadowmap.raw	season1/metin2_map_sungzi_desert_hill_02/000001/shadowmap.raw	1
season1/season1/metin2_map_sungzi_desert_hill_02/000001/water.wtr	season1/metin2_map_sungzi_desert_hill_02/000001/water.wtr	1
season1/season1/metin2_map_sungzi_desert_hill_02/000002/areaambiencedata.txt	season1/metin2_map_sungzi_desert_hill_02/000002/areaambiencedata.txt	1
season1/season1/npc/mailbox/shape.msm	season1/npc/mailbox/shape.msm	1
season1/season1/metin2_map_sungzi_desert_hill_02/000002/attr.atr	season1/metin2_map_sungzi_desert_hill_02/000002/attr.atr	1
season1/season1/metin2_map_sungzi_desert_hill_02/000002/height.raw	season1/metin2_map_sungzi_desert_hill_02/000002/height.raw	1
season1/season1/metin2_map_sungzi_desert_hill_02/000002/tile.raw	season1/metin2_map_sungzi_desert_hill_02/000002/tile.raw	1
season1/season1/metin2_map_sungzi_desert_hill_02/000003/areaproperty.txt	season1/metin2_map_sungzi_desert_hill_02/000003/areaproperty.txt	1
season1/season1/metin2_map_sungzi_desert_hill_02/000003/attr.atr	season1/metin2_map_sungzi_desert_hill_02/000003/attr.atr	1
season1/season1/metin2_map_sungzi_desert_hill_02/000003/shadowmap.dds	season1/metin2_map_sungzi_desert_hill_02/000003/shadowmap.dds	1
season1/season1/metin2_map_sungzi_desert_hill_02/000003/tile.raw	season1/metin2_map_sungzi_desert_hill_02/000003/tile.raw	1
season1/season1/metin2_map_sungzi_desert_hill_02/000003/water.wtr	season1/metin2_map_sungzi_desert_hill_02/000003/water.wtr	1
season1/season1/metin2_map_sungzi_desert_hill_02/001000/areadata.txt	season1/metin2_map_sungzi_desert_hill_02/001000/areadata.txt	1
season1/season1/metin2_map_sungzi_desert_hill_02/001000/areaproperty.txt	season1/metin2_map_sungzi_desert_hill_02/001000/areaproperty.txt	1
season1/season1/metin2_map_sungzi_flame_hill_03/000002/shadowmap.raw	season1/metin2_map_sungzi_flame_hill_03/000002/shadowmap.raw	1
season1/season1/metin2_map_sungzi_desert_hill_02/001000/minimap.dds	season1/metin2_map_sungzi_desert_hill_02/001000/minimap.dds	1
season1/season1/metin2_map_sungzi_desert_hill_02/001000/tile.raw	season1/metin2_map_sungzi_desert_hill_02/001000/tile.raw	1
season1/season1/metin2_map_sungzi_desert_hill_02/001000/water.wtr	season1/metin2_map_sungzi_desert_hill_02/001000/water.wtr	1
season1/season1/metin2_map_sungzi_desert_hill_02/001001/areaambiencedata.txt	season1/metin2_map_sungzi_desert_hill_02/001001/areaambiencedata.txt	1
season1/season1/npc/jinno_guard_spear/32.msa	season1/npc/jinno_guard_spear/32.msa	1
season1/season1/metin2_map_sungzi_desert_hill_02/001001/areadata.txt	season1/metin2_map_sungzi_desert_hill_02/001001/areadata.txt	1
season1/season1/metin2_map_sungzi_desert_hill_02/001001/areaproperty.txt	season1/metin2_map_sungzi_desert_hill_02/001001/areaproperty.txt	1
season1/season1/metin2_map_sungzi_desert_hill_02/001001/attr.atr	season1/metin2_map_sungzi_desert_hill_02/001001/attr.atr	1
season1/season1/metin2_map_sungzi_snow_pass02/001002/height.raw	season1/metin2_map_sungzi_snow_pass02/001002/height.raw	1
season1/season1/metin2_map_sungzi_desert_hill_02/001001/height.raw	season1/metin2_map_sungzi_desert_hill_02/001001/height.raw	1
season1/season1/metin2_map_sungzi_snow_pass01/001000/tile.raw	season1/metin2_map_sungzi_snow_pass01/001000/tile.raw	1
season1/season1/metin2_map_sungzi_desert_hill_02/001001/minimap.dds	season1/metin2_map_sungzi_desert_hill_02/001001/minimap.dds	1
season1/season1/metin2_map_sungzi_desert_hill_02/001001/shadowmap.dds	season1/metin2_map_sungzi_desert_hill_02/001001/shadowmap.dds	1
season1/season1/metin2_map_sungzi_desert_hill_02/001001/shadowmap.raw	season1/metin2_map_sungzi_desert_hill_02/001001/shadowmap.raw	1
season1/season1/metin2_map_sungzi_desert_hill_02/001001/water.wtr	season1/metin2_map_sungzi_desert_hill_02/001001/water.wtr	1
season1/season1/metin2_map_sungzi_desert_hill_02/001002/areadata.txt	season1/metin2_map_sungzi_desert_hill_02/001002/areadata.txt	1
season1/season1/metin2_map_sungzi_desert_hill_02/001002/attr.atr	season1/metin2_map_sungzi_desert_hill_02/001002/attr.atr	1
season1/season1/metin2_map_sungzi_milgyo_pass_01/000000/attr.atr	season1/metin2_map_sungzi_milgyo_pass_01/000000/attr.atr	1
season1/season1/metin2_map_sungzi_desert_hill_02/001002/tile.raw	season1/metin2_map_sungzi_desert_hill_02/001002/tile.raw	1
season1/season1/metin2_map_sungzi_snow_pass01/001000/water.wtr	season1/metin2_map_sungzi_snow_pass01/001000/water.wtr	1
season1/season1/metin2_map_sungzi_desert_hill_02/001003/areadata.txt	season1/metin2_map_sungzi_desert_hill_02/001003/areadata.txt	1
season1/season1/metin2_map_sungzi_desert_hill_02/001003/areaproperty.txt	season1/metin2_map_sungzi_desert_hill_02/001003/areaproperty.txt	1
season1/season1/metin2_map_sungzi_desert_hill_02/001003/shadowmap.raw	season1/metin2_map_sungzi_desert_hill_02/001003/shadowmap.raw	1
season1/season1/metin2_map_sungzi_desert_hill_02/001003/water.wtr	season1/metin2_map_sungzi_desert_hill_02/001003/water.wtr	1
season1/season1/monster/ch_officer/skipia_officer_front_knockdown.msa	season1/monster/ch_officer/skipia_officer_front_knockdown.msa	1
season1/season1/metin2_map_sungzi_desert_hill_03/mapproperty.txt	season1/metin2_map_sungzi_desert_hill_03/mapproperty.txt	1
season1/season1/metin2_map_sungzi_desert_hill_03/000000/areaambiencedata.txt	season1/metin2_map_sungzi_desert_hill_03/000000/areaambiencedata.txt	1
season1/season1/npc/jinno_guard_bow/jinno_patrol_bow_lod_01.gr2	season1/npc/jinno_guard_bow/jinno_patrol_bow_lod_01.gr2	1
season1/season1/metin2_map_sungzi_desert_hill_03/000000/areadata.txt	season1/metin2_map_sungzi_desert_hill_03/000000/areadata.txt	1
season1/season1/metin2_map_sungzi_desert_hill_03/000000/shadowmap.raw	season1/metin2_map_sungzi_desert_hill_03/000000/shadowmap.raw	1
season1/season1/metin2_map_sungzi_snow_pass02/000001/shadowmap.raw	season1/metin2_map_sungzi_snow_pass02/000001/shadowmap.raw	1
season1/season1/metin2_map_sungzi_desert_hill_03/000000/tile.raw	season1/metin2_map_sungzi_desert_hill_03/000000/tile.raw	1
season1/season1/monster/skeleton_king_e/34_1.msa	season1/monster/skeleton_king_e/34_1.msa	1
season1/season1/metin2_map_sungzi_desert_hill_03/000000/water.wtr	season1/metin2_map_sungzi_desert_hill_03/000000/water.wtr	1
season1/season1/metin2_map_sungzi_flame_hill_01/setting.txt	season1/metin2_map_sungzi_flame_hill_01/setting.txt	1
season1/season1/metin2_map_sungzi_desert_hill_03/000001/areaambiencedata.txt	season1/metin2_map_sungzi_desert_hill_03/000001/areaambiencedata.txt	1
season1/season1/metin2_map_sungzi_desert_hill_03/000001/areadata.txt	season1/metin2_map_sungzi_desert_hill_03/000001/areadata.txt	1
season1/season1/metin2_map_sungzi_desert_hill_03/000001/areaproperty.txt	season1/metin2_map_sungzi_desert_hill_03/000001/areaproperty.txt	1
season1/season1/metin2_map_sungzi_desert_hill_03/000001/attr.atr	season1/metin2_map_sungzi_desert_hill_03/000001/attr.atr	1
season1/season1/metin2_map_sungzi_desert_hill_03/000001/minimap.dds	season1/metin2_map_sungzi_desert_hill_03/000001/minimap.dds	1
season1/season1/metin2_map_sungzi_desert_hill_03/000001/shadowmap.raw	season1/metin2_map_sungzi_desert_hill_03/000001/shadowmap.raw	1
season1/season1/metin2_map_sungzi_desert_hill_03/000001/tile.raw	season1/metin2_map_sungzi_desert_hill_03/000001/tile.raw	1
season1/season1/metin2_map_sungzi_desert_hill_03/000002/areadata.txt	season1/metin2_map_sungzi_desert_hill_03/000002/areadata.txt	1
season1/season1/metin2_map_sungzi_desert_hill_03/000002/areaproperty.txt	season1/metin2_map_sungzi_desert_hill_03/000002/areaproperty.txt	1
season1/season1/metin2_map_sungzi_snow_pass02/000003/shadowmap.dds	season1/metin2_map_sungzi_snow_pass02/000003/shadowmap.dds	1
season1/season1/metin2_map_sungzi_desert_hill_03/000002/shadowmap.dds	season1/metin2_map_sungzi_desert_hill_03/000002/shadowmap.dds	1
season1/season1/metin2_map_sungzi_desert_hill_03/000002/shadowmap.raw	season1/metin2_map_sungzi_desert_hill_03/000002/shadowmap.raw	1
season1/season1/metin2_map_sungzi_desert_hill_03/000002/tile.raw	season1/metin2_map_sungzi_desert_hill_03/000002/tile.raw	1
season1/season1/npc/yejin/shape.msm	season1/npc/yejin/shape.msm	1
season1/season1/metin2_map_sungzi_desert_hill_03/000003/areadata.txt	season1/metin2_map_sungzi_desert_hill_03/000003/areadata.txt	1
season1/season1/metin2_map_sungzi_desert_hill_03/000003/shadowmap.raw	season1/metin2_map_sungzi_desert_hill_03/000003/shadowmap.raw	1
season1/season1/npc/jinno_guard_spear/20_1.msa	season1/npc/jinno_guard_spear/20_1.msa	1
season1/season1/metin2_map_sungzi_desert_hill_03/001000/areadata.txt	season1/metin2_map_sungzi_desert_hill_03/001000/areadata.txt	1
season1/season1/metin2_map_sungzi_desert_hill_03/001000/areaproperty.txt	season1/metin2_map_sungzi_desert_hill_03/001000/areaproperty.txt	1
season1/season1/metin2_map_sungzi_desert_hill_03/001000/tile.raw	season1/metin2_map_sungzi_desert_hill_03/001000/tile.raw	1
season1/season1/npc/jinno_guard_spear/motlist.txt	season1/npc/jinno_guard_spear/motlist.txt	1
season1/season1/metin2_map_sungzi_flame_hill_02/000000/minimap.dds	season1/metin2_map_sungzi_flame_hill_02/000000/minimap.dds	1
season1/season1/metin2_map_sungzi_desert_hill_03/001000/water.wtr	season1/metin2_map_sungzi_desert_hill_03/001000/water.wtr	1
season1/season1/metin2_map_sungzi_desert_hill_03/001001/areaambiencedata.txt	season1/metin2_map_sungzi_desert_hill_03/001001/areaambiencedata.txt	1
season1/season1/metin2_map_sungzi_desert_hill_03/001001/attr.atr	season1/metin2_map_sungzi_desert_hill_03/001001/attr.atr	1
season1/season1/metin2_map_sungzi_desert_hill_03/001001/shadowmap.dds	season1/metin2_map_sungzi_desert_hill_03/001001/shadowmap.dds	1
season1/season1/metin2_map_sungzi_desert_hill_03/001001/shadowmap.raw	season1/metin2_map_sungzi_desert_hill_03/001001/shadowmap.raw	1
season1/season1/metin2_map_sungzi_desert_hill_03/001001/tile.raw	season1/metin2_map_sungzi_desert_hill_03/001001/tile.raw	1
season1/season1/metin2_map_sungzi_desert_hill_03/001001/water.wtr	season1/metin2_map_sungzi_desert_hill_03/001001/water.wtr	1
season1/season1/metin2_map_sungzi_desert_hill_03/001002/areaambiencedata.txt	season1/metin2_map_sungzi_desert_hill_03/001002/areaambiencedata.txt	1
season1/season1/metin2_map_sungzi_desert_hill_03/001002/areadata.txt	season1/metin2_map_sungzi_desert_hill_03/001002/areadata.txt	1
season1/season1/metin2_map_sungzi_desert_hill_03/001002/areaproperty.txt	season1/metin2_map_sungzi_desert_hill_03/001002/areaproperty.txt	1
season1/season1/metin2_map_sungzi_desert_hill_03/001002/attr.atr	season1/metin2_map_sungzi_desert_hill_03/001002/attr.atr	1
season1/season1/metin2_map_sungzi_desert_hill_03/001002/height.raw	season1/metin2_map_sungzi_desert_hill_03/001002/height.raw	1
season1/season1/metin2_map_wl_01/002002/areaambiencedata.txt	season1/metin2_map_wl_01/002002/areaambiencedata.txt	1
season1/season1/metin2_map_sungzi_desert_hill_03/001002/shadowmap.dds	season1/metin2_map_sungzi_desert_hill_03/001002/shadowmap.dds	1
season1/season1/metin2_map_sungzi_desert_hill_03/001002/shadowmap.raw	season1/metin2_map_sungzi_desert_hill_03/001002/shadowmap.raw	1
season1/season1/metin2_map_sungzi_desert_hill_03/001002/tile.raw	season1/metin2_map_sungzi_desert_hill_03/001002/tile.raw	1
season1/season1/monster/giant_desert_turtle_e/shape.msm	season1/monster/giant_desert_turtle_e/shape.msm	1
season1/season1/metin2_map_sungzi_desert_hill_03/001003/areaambiencedata.txt	season1/metin2_map_sungzi_desert_hill_03/001003/areaambiencedata.txt	1
season1/season1/metin2_map_sungzi_flame_hill_01/000000/water.wtr	season1/metin2_map_sungzi_flame_hill_01/000000/water.wtr	1
season1/season1/metin2_map_wl_01/002003/areadata.txt	season1/metin2_map_wl_01/002003/areadata.txt	1
season1/season1/metin2_map_sungzi_desert_hill_03/001003/areadata.txt	season1/metin2_map_sungzi_desert_hill_03/001003/areadata.txt	1
season1/season1/pc/assassin/assassin_4-1.dds	season1/pc/assassin/assassin_4-1.dds	1
season1/season1/metin2_map_sungzi_desert_hill_03/001003/areaproperty.txt	season1/metin2_map_sungzi_desert_hill_03/001003/areaproperty.txt	1
season1/season1/metin2_map_sungzi_desert_hill_03/001003/attr.atr	season1/metin2_map_sungzi_desert_hill_03/001003/attr.atr	1
season1/season1/metin2_map_sungzi_desert_hill_03/001003/height.raw	season1/metin2_map_sungzi_desert_hill_03/001003/height.raw	1
season1/season1/metin2_map_sungzi_desert_hill_03/001003/minimap.dds	season1/metin2_map_sungzi_desert_hill_03/001003/minimap.dds	1
season1/season1/metin2_map_sungzi_desert_hill_03/001003/shadowmap.dds	season1/metin2_map_sungzi_desert_hill_03/001003/shadowmap.dds	1
season1/season1/metin2_map_sungzi_snow_pass03/001003/shadowmap.raw	season1/metin2_map_sungzi_snow_pass03/001003/shadowmap.raw	1
season1/season1/metin2_map_sungzi_desert_hill_03/001003/tile.raw	season1/metin2_map_sungzi_desert_hill_03/001003/tile.raw	1
season1/season1/metin2_map_sungzi_flame_hill_01/000000/areaambiencedata.txt	season1/metin2_map_sungzi_flame_hill_01/000000/areaambiencedata.txt	1
season1/season1/metin2_map_sungzi_flame_hill_01/000000/areadata.txt	season1/metin2_map_sungzi_flame_hill_01/000000/areadata.txt	1
season1/season1/metin2_map_sungzi_flame_hill_01/000000/height.raw	season1/metin2_map_sungzi_flame_hill_01/000000/height.raw	1
season1/season1/metin2_map_sungzi_flame_hill_01/000000/minimap.dds	season1/metin2_map_sungzi_flame_hill_01/000000/minimap.dds	1
season1/season1/monster/skeleton_god_e/34.msa	season1/monster/skeleton_god_e/34.msa	1
season1/season1/monster/giant_desert_turtle_e/20_1.msa	season1/monster/giant_desert_turtle_e/20_1.msa	1
season1/season1/metin2_map_sungzi_flame_hill_01/000000/shadowmap.dds	season1/metin2_map_sungzi_flame_hill_01/000000/shadowmap.dds	1
season1/season1/metin2_map_sungzi_flame_hill_01/000000/tile.raw	season1/metin2_map_sungzi_flame_hill_01/000000/tile.raw	1
season1/season1/monster/yellow_tigerman_e/31.msa	season1/monster/yellow_tigerman_e/31.msa	1
season1/season1/metin2_map_sungzi_snow/000002/shadowmap.raw	season1/metin2_map_sungzi_snow/000002/shadowmap.raw	1
season1/season1/metin2_map_sungzi_flame_hill_01/000001/areadata.txt	season1/metin2_map_sungzi_flame_hill_01/000001/areadata.txt	1
season1/season1/metin2_map_sungzi_flame_hill_01/000001/height.raw	season1/metin2_map_sungzi_flame_hill_01/000001/height.raw	1
season1/season1/metin2_map_sungzi_flame_hill_01/000001/shadowmap.dds	season1/metin2_map_sungzi_flame_hill_01/000001/shadowmap.dds	1
season1/season1/metin2_map_sungzi_flame_hill_01/000001/shadowmap.raw	season1/metin2_map_sungzi_flame_hill_01/000001/shadowmap.raw	1
season1/season1/metin2_map_sungzi_flame_hill_01/000001/tile.raw	season1/metin2_map_sungzi_flame_hill_01/000001/tile.raw	1
season1/season1/metin2_map_sungzi_flame_hill_01/000001/water.wtr	season1/metin2_map_sungzi_flame_hill_01/000001/water.wtr	1
season1/season1/metin2_map_sungzi_milgyo_pass_01/001000/areadata.txt	season1/metin2_map_sungzi_milgyo_pass_01/001000/areadata.txt	1
season1/season1/metin2_map_sungzi_flame_hill_01/000002/areadata.txt	season1/metin2_map_sungzi_flame_hill_01/000002/areadata.txt	1
season1/season1/metin2_map_sungzi_snow_pass01/001002/minimap.dds	season1/metin2_map_sungzi_snow_pass01/001002/minimap.dds	1
season1/season1/metin2_map_sungzi_flame_hill_01/000002/areaproperty.txt	season1/metin2_map_sungzi_flame_hill_01/000002/areaproperty.txt	1
season1/season1/metin2_map_sungzi_flame_hill_01/000002/attr.atr	season1/metin2_map_sungzi_flame_hill_01/000002/attr.atr	1
season1/season1/metin2_map_sungzi_flame_hill_01/000002/height.raw	season1/metin2_map_sungzi_flame_hill_01/000002/height.raw	1
season1/season1/metin2_map_sungzi_flame_hill_01/000002/shadowmap.raw	season1/metin2_map_sungzi_flame_hill_01/000002/shadowmap.raw	1
season1/season1/metin2_map_sungzi_flame_hill_01/000002/tile.raw	season1/metin2_map_sungzi_flame_hill_01/000002/tile.raw	1
season1/season1/metin2_map_sungzi_flame_hill_01/000003/areaambiencedata.txt	season1/metin2_map_sungzi_flame_hill_01/000003/areaambiencedata.txt	1
season1/season1/metin2_map_sungzi_flame_hill_01/000003/areadata.txt	season1/metin2_map_sungzi_flame_hill_01/000003/areadata.txt	1
season1/season1/metin2_map_sungzi_flame_hill_01/000003/areaproperty.txt	season1/metin2_map_sungzi_flame_hill_01/000003/areaproperty.txt	1
season1/season1/metin2_map_sungzi_flame_hill_01/000003/height.raw	season1/metin2_map_sungzi_flame_hill_01/000003/height.raw	1
season1/season1/metin2_map_sungzi_flame_hill_01/000003/shadowmap.dds	season1/metin2_map_sungzi_flame_hill_01/000003/shadowmap.dds	1
season1/season1/metin2_map_sungzi_flame_hill_01/000003/shadowmap.raw	season1/metin2_map_sungzi_flame_hill_01/000003/shadowmap.raw	1
season1/season1/npc/cheonjo_guard_spear/cheonjo_patrol_spear.dds	season1/npc/cheonjo_guard_spear/cheonjo_patrol_spear.dds	1
season1/season1/metin2_map_sungzi_flame_hill_01/001000/areaambiencedata.txt	season1/metin2_map_sungzi_flame_hill_01/001000/areaambiencedata.txt	1
season1/season1/metin2_map_sungzi_flame_hill_01/001000/areaproperty.txt	season1/metin2_map_sungzi_flame_hill_01/001000/areaproperty.txt	1
season1/season1/metin2_map_sungzi_flame_hill_01/001000/attr.atr	season1/metin2_map_sungzi_flame_hill_01/001000/attr.atr	1
season1/season1/metin2_map_sungzi_flame_hill_01/001000/height.raw	season1/metin2_map_sungzi_flame_hill_01/001000/height.raw	1
season1/season1/metin2_map_sungzi_flame_hill_01/001000/shadowmap.dds	season1/metin2_map_sungzi_flame_hill_01/001000/shadowmap.dds	1
season1/season1/metin2_map_sungzi_flame_hill_01/001000/water.wtr	season1/metin2_map_sungzi_flame_hill_01/001000/water.wtr	1
season1/season1/monster/skeleton_god_e/20_1.msa	season1/monster/skeleton_god_e/20_1.msa	1
season1/season1/metin2_map_sungzi_flame_hill_01/001001/areaambiencedata.txt	season1/metin2_map_sungzi_flame_hill_01/001001/areaambiencedata.txt	1
season1/season1/metin2_map_sungzi_flame_hill_01/001001/areadata.txt	season1/metin2_map_sungzi_flame_hill_01/001001/areadata.txt	1
season1/season1/metin2_map_sungzi_flame_hill_01/001001/areaproperty.txt	season1/metin2_map_sungzi_flame_hill_01/001001/areaproperty.txt	1
season1/season1/metin2_map_sungzi_flame_hill_01/001001/minimap.dds	season1/metin2_map_sungzi_flame_hill_01/001001/minimap.dds	1
season1/season1/metin2_map_sungzi_flame_hill_01/001001/tile.raw	season1/metin2_map_sungzi_flame_hill_01/001001/tile.raw	1
season1/season1/metin2_map_sungzi_flame_hill_01/001002/areaambiencedata.txt	season1/metin2_map_sungzi_flame_hill_01/001002/areaambiencedata.txt	1
season1/season1/metin2_map_sungzi_flame_hill_01/001002/areadata.txt	season1/metin2_map_sungzi_flame_hill_01/001002/areadata.txt	1
season1/season1/metin2_map_sungzi_flame_hill_01/001002/attr.atr	season1/metin2_map_sungzi_flame_hill_01/001002/attr.atr	1
season1/season1/metin2_map_sungzi_flame_hill_01/001002/minimap.dds	season1/metin2_map_sungzi_flame_hill_01/001002/minimap.dds	1
season1/season1/metin2_map_sungzi_milgyo_pass_02/001002/areadata.txt	season1/metin2_map_sungzi_milgyo_pass_02/001002/areadata.txt	1
season1/season1/metin2_map_sungzi_flame_hill_01/001002/shadowmap.dds	season1/metin2_map_sungzi_flame_hill_01/001002/shadowmap.dds	1
season1/season1/metin2_map_sungzi_milgyo/002000/areadata.txt	season1/metin2_map_sungzi_milgyo/002000/areadata.txt	1
season1/season1/metin2_map_sungzi_flame_hill_01/001002/tile.raw	season1/metin2_map_sungzi_flame_hill_01/001002/tile.raw	1
season1/season1/metin2_map_sungzi_flame_hill_01/001002/water.wtr	season1/metin2_map_sungzi_flame_hill_01/001002/water.wtr	1
season1/season1/metin2_map_sungzi_flame_hill_01/001003/areaambiencedata.txt	season1/metin2_map_sungzi_flame_hill_01/001003/areaambiencedata.txt	1
season1/season1/monster/milgyo_founder_e/20.msa	season1/monster/milgyo_founder_e/20.msa	1
season1/season1/metin2_map_sungzi_flame_hill_01/001003/areadata.txt	season1/metin2_map_sungzi_flame_hill_01/001003/areadata.txt	1
season1/season1/metin2_map_sungzi_flame_hill_01/001003/areaproperty.txt	season1/metin2_map_sungzi_flame_hill_01/001003/areaproperty.txt	1
season1/season1/metin2_map_sungzi_flame_hill_01/001003/attr.atr	season1/metin2_map_sungzi_flame_hill_01/001003/attr.atr	1
season1/season1/metin2_map_sungzi_flame_hill_01/001003/minimap.dds	season1/metin2_map_sungzi_flame_hill_01/001003/minimap.dds	1
season1/season1/metin2_map_sungzi_flame_hill_01/001003/shadowmap.dds	season1/metin2_map_sungzi_flame_hill_01/001003/shadowmap.dds	1
season1/season1/metin2_map_sungzi_snow_pass03/001000/water.wtr	season1/metin2_map_sungzi_snow_pass03/001000/water.wtr	1
season1/season1/metin2_map_sungzi_flame_hill_01/001003/shadowmap.raw	season1/metin2_map_sungzi_flame_hill_01/001003/shadowmap.raw	1
season1/season1/metin2_map_sungzi_flame_hill_01/001003/tile.raw	season1/metin2_map_sungzi_flame_hill_01/001003/tile.raw	1
season1/season1/npc/treestone/shape.msm	season1/npc/treestone/shape.msm	1
season1/season1/metin2_map_sungzi_flame_hill_02/000000/areaproperty.txt	season1/metin2_map_sungzi_flame_hill_02/000000/areaproperty.txt	1
season1/season1/metin2_map_sungzi_snow_pass03/000001/tile.raw	season1/metin2_map_sungzi_snow_pass03/000001/tile.raw	1
season1/season1/metin2_map_sungzi_snow_pass02/mapproperty.txt	season1/metin2_map_sungzi_snow_pass02/mapproperty.txt	1
season1/season1/metin2_map_sungzi_flame_hill_02/000000/attr.atr	season1/metin2_map_sungzi_flame_hill_02/000000/attr.atr	1
season1/season1/metin2_map_sungzi_flame_hill_02/000000/height.raw	season1/metin2_map_sungzi_flame_hill_02/000000/height.raw	1
season1/season1/metin2_map_sungzi_flame_hill_02/000001/areaproperty.txt	season1/metin2_map_sungzi_flame_hill_02/000001/areaproperty.txt	1
season1/season1/metin2_map_sungzi_snow_pass01/001003/height.raw	season1/metin2_map_sungzi_snow_pass01/001003/height.raw	1
season1/season1/metin2_map_sungzi_flame_hill_02/000001/attr.atr	season1/metin2_map_sungzi_flame_hill_02/000001/attr.atr	1
season1/season1/metin2_map_sungzi_flame_hill_02/000001/height.raw	season1/metin2_map_sungzi_flame_hill_02/000001/height.raw	1
season1/season1/pc/sura/sura_lord.gr2	season1/pc/sura/sura_lord.gr2	1
season1/season1/metin2_map_sungzi_flame_hill_02/000001/minimap.dds	season1/metin2_map_sungzi_flame_hill_02/000001/minimap.dds	1
season1/season1/metin2_map_sungzi_flame_hill_02/000001/shadowmap.raw	season1/metin2_map_sungzi_flame_hill_02/000001/shadowmap.raw	1
season1/season1/metin2_map_sungzi_milgyo_pass_02/001001/height.raw	season1/metin2_map_sungzi_milgyo_pass_02/001001/height.raw	1
season1/season1/monster/ch_general/skipia_general_front_damage1.msa	season1/monster/ch_general/skipia_general_front_damage1.msa	1
season1/season1/metin2_map_sungzi_flame_hill_02/000001/tile.raw	season1/metin2_map_sungzi_flame_hill_02/000001/tile.raw	1
season1/season1/metin2_map_sungzi_flame_hill_02/000002/areaambiencedata.txt	season1/metin2_map_sungzi_flame_hill_02/000002/areaambiencedata.txt	1
season1/season1/metin2_map_sungzi_flame_hill_02/000002/areadata.txt	season1/metin2_map_sungzi_flame_hill_02/000002/areadata.txt	1
season1/season1/metin2_map_wl_01/002002/shadowmap.dds	season1/metin2_map_wl_01/002002/shadowmap.dds	1
season1/season1/metin2_map_sungzi_flame_hill_02/000002/areaproperty.txt	season1/metin2_map_sungzi_flame_hill_02/000002/areaproperty.txt	1
season1/season1/metin2_map_sungzi_flame_hill_02/000002/minimap.dds	season1/metin2_map_sungzi_flame_hill_02/000002/minimap.dds	1
season1/season1/metin2_map_sungzi_flame_hill_02/000002/shadowmap.raw	season1/metin2_map_sungzi_flame_hill_02/000002/shadowmap.raw	1
season1/season1/metin2_map_wl_01/003001/shadowmap.raw	season1/metin2_map_wl_01/003001/shadowmap.raw	1
season1/season1/metin2_map_sungzi_flame_hill_02/000002/tile.raw	season1/metin2_map_sungzi_flame_hill_02/000002/tile.raw	1
season1/season1/metin2_map_sungzi_flame_hill_02/000003/areaambiencedata.txt	season1/metin2_map_sungzi_flame_hill_02/000003/areaambiencedata.txt	1
season1/season1/metin2_map_sungzi_flame_hill_02/000003/areadata.txt	season1/metin2_map_sungzi_flame_hill_02/000003/areadata.txt	1
season1/season1/metin2_map_sungzi_flame_hill_02/000003/minimap.dds	season1/metin2_map_sungzi_flame_hill_02/000003/minimap.dds	1
season1/season1/metin2_map_sungzi_flame_hill_02/000003/height.raw	season1/metin2_map_sungzi_flame_hill_02/000003/height.raw	1
season1/season1/monster/ch_general/skipia_general_damage.msa	season1/monster/ch_general/skipia_general_damage.msa	1
season1/season1/metin2_map_sungzi_flame_hill_02/000003/shadowmap.raw	season1/metin2_map_sungzi_flame_hill_02/000003/shadowmap.raw	1
season1/season1/metin2_map_sungzi_flame_hill_02/001000/areaproperty.txt	season1/metin2_map_sungzi_flame_hill_02/001000/areaproperty.txt	1
season1/season1/monster/ch_magician/0004.tga	season1/monster/ch_magician/0004.tga	1
season1/season1/metin2_map_sungzi_flame_hill_02/001000/height.raw	season1/metin2_map_sungzi_flame_hill_02/001000/height.raw	1
season1/season1/metin2_map_sungzi_flame_hill_02/001000/minimap.dds	season1/metin2_map_sungzi_flame_hill_02/001000/minimap.dds	1
season1/season1/metin2_map_sungzi_flame_hill_02/001000/shadowmap.dds	season1/metin2_map_sungzi_flame_hill_02/001000/shadowmap.dds	1
season1/season1/metin2_map_sungzi_flame_hill_02/001000/shadowmap.raw	season1/metin2_map_sungzi_flame_hill_02/001000/shadowmap.raw	1
season1/season1/metin2_map_wl_01/003003/shadowmap.raw	season1/metin2_map_wl_01/003003/shadowmap.raw	1
season1/season1/metin2_map_sungzi_flame_hill_02/001000/tile.raw	season1/metin2_map_sungzi_flame_hill_02/001000/tile.raw	1
season1/season1/monster/ch_officer/skipia_officer_wait1.gr2	season1/monster/ch_officer/skipia_officer_wait1.gr2	1
season1/season1/metin2_map_sungzi_flame_hill_02/001000/water.wtr	season1/metin2_map_sungzi_flame_hill_02/001000/water.wtr	1
season1/season1/metin2_map_sungzi_flame_hill_02/001001/areadata.txt	season1/metin2_map_sungzi_flame_hill_02/001001/areadata.txt	1
season1/season1/metin2_map_sungzi_flame_hill_02/001001/height.raw	season1/metin2_map_sungzi_flame_hill_02/001001/height.raw	1
season1/season1/metin2_map_sungzi_snow_pass03/000003/water.wtr	season1/metin2_map_sungzi_snow_pass03/000003/water.wtr	1
season1/season1/metin2_map_sungzi_snow_pass02/001003/areaambiencedata.txt	season1/metin2_map_sungzi_snow_pass02/001003/areaambiencedata.txt	1
season1/season1/metin2_map_sungzi_flame_hill_02/001001/minimap.dds	season1/metin2_map_sungzi_flame_hill_02/001001/minimap.dds	1
season1/season1/metin2_map_sungzi_flame_hill_02/001001/shadowmap.dds	season1/metin2_map_sungzi_flame_hill_02/001001/shadowmap.dds	1
season1/season1/metin2_map_sungzi_flame_hill_02/001001/water.wtr	season1/metin2_map_sungzi_flame_hill_02/001001/water.wtr	1
season1/season1/metin2_map_sungzi_flame_hill_02/001002/attr.atr	season1/metin2_map_sungzi_flame_hill_02/001002/attr.atr	1
season1/season1/metin2_map_sungzi_flame_hill_02/001002/shadowmap.dds	season1/metin2_map_sungzi_flame_hill_02/001002/shadowmap.dds	1
season1/season1/metin2_map_sungzi_flame_hill_02/001002/tile.raw	season1/metin2_map_sungzi_flame_hill_02/001002/tile.raw	1
season1/season1/metin2_map_sungzi_flame_hill_02/001003/areaambiencedata.txt	season1/metin2_map_sungzi_flame_hill_02/001003/areaambiencedata.txt	1
season1/season1/metin2_map_sungzi_flame_hill_02/001003/height.raw	season1/metin2_map_sungzi_flame_hill_02/001003/height.raw	1
season1/season1/metin2_map_sungzi_flame_hill_02/001003/minimap.dds	season1/metin2_map_sungzi_flame_hill_02/001003/minimap.dds	1
season1/season1/metin2_map_sungzi_flame_hill_02/001003/shadowmap.dds	season1/metin2_map_sungzi_flame_hill_02/001003/shadowmap.dds	1
season1/season1/monster/skeleton_god_e/33.msa	season1/monster/skeleton_god_e/33.msa	1
season1/season1/metin2_map_sungzi_flame_hill_02/001003/shadowmap.raw	season1/metin2_map_sungzi_flame_hill_02/001003/shadowmap.raw	1
season1/season1/metin2_map_sungzi_flame_hill_03/000000/areadata.txt	season1/metin2_map_sungzi_flame_hill_03/000000/areadata.txt	1
season1/season1/pc/assassin/assassin_2-3_jeoksal_a.dds	season1/pc/assassin/assassin_2-3_jeoksal_a.dds	1
season1/season1/metin2_map_sungzi_flame_hill_03/000000/areaproperty.txt	season1/metin2_map_sungzi_flame_hill_03/000000/areaproperty.txt	1
season1/season1/metin2_map_sungzi_snow_pass02/000003/tile.raw	season1/metin2_map_sungzi_snow_pass02/000003/tile.raw	1
season1/season1/metin2_map_sungzi_flame_hill_03/000000/shadowmap.dds	season1/metin2_map_sungzi_flame_hill_03/000000/shadowmap.dds	1
season1/season1/metin2_map_wl_01/003002/areaambiencedata.txt	season1/metin2_map_wl_01/003002/areaambiencedata.txt	1
season1/season1/metin2_map_sungzi_flame_hill_03/000000/tile.raw	season1/metin2_map_sungzi_flame_hill_03/000000/tile.raw	1
season1/season1/metin2_map_sungzi_flame_hill_03/000000/water.wtr	season1/metin2_map_sungzi_flame_hill_03/000000/water.wtr	1
season1/season1/metin2_map_sungzi_flame_hill_03/000001/areadata.txt	season1/metin2_map_sungzi_flame_hill_03/000001/areadata.txt	1
season1/season1/metin2_map_sungzi_milgyo_pass_01/000001/areaproperty.txt	season1/metin2_map_sungzi_milgyo_pass_01/000001/areaproperty.txt	1
season1/season1/metin2_map_sungzi_snow/001000/shadowmap.dds	season1/metin2_map_sungzi_snow/001000/shadowmap.dds	1
season1/season1/metin2_map_wl_01/000001/water.wtr	season1/metin2_map_wl_01/000001/water.wtr	1
season1/season1/metin2_map_sungzi_flame_hill_03/000001/areaproperty.txt	season1/metin2_map_sungzi_flame_hill_03/000001/areaproperty.txt	1
season1/season1/metin2_map_sungzi_flame_hill_03/000001/height.raw	season1/metin2_map_sungzi_flame_hill_03/000001/height.raw	1
season1/season1/metin2_map_wl_01/001002/shadowmap.raw	season1/metin2_map_wl_01/001002/shadowmap.raw	1
season1/season1/metin2_map_sungzi_flame_hill_03/000001/tile.raw	season1/metin2_map_sungzi_flame_hill_03/000001/tile.raw	1
season1/season1/metin2_map_sungzi_flame_hill_03/000002/areaambiencedata.txt	season1/metin2_map_sungzi_flame_hill_03/000002/areaambiencedata.txt	1
season1/season1/metin2_map_sungzi_flame_hill_03/000002/areadata.txt	season1/metin2_map_sungzi_flame_hill_03/000002/areadata.txt	1
season1/season1/npc/visal/visalstand01.gr2	season1/npc/visal/visalstand01.gr2	1
season1/season1/metin2_map_sungzi_snow_pass02/000002/areaproperty.txt	season1/metin2_map_sungzi_snow_pass02/000002/areaproperty.txt	1
season1/season1/metin2_map_sungzi_flame_hill_03/000002/attr.atr	season1/metin2_map_sungzi_flame_hill_03/000002/attr.atr	1
season1/season1/metin2_map_sungzi_flame_hill_03/000002/minimap.dds	season1/metin2_map_sungzi_flame_hill_03/000002/minimap.dds	1
season1/season1/metin2_map_sungzi_flame_hill_03/000002/tile.raw	season1/metin2_map_sungzi_flame_hill_03/000002/tile.raw	1
season1/season1/metin2_map_sungzi_flame_hill_03/000002/water.wtr	season1/metin2_map_sungzi_flame_hill_03/000002/water.wtr	1
season1/season1/metin2_map_sungzi_milgyo_pass_03/000000/height.raw	season1/metin2_map_sungzi_milgyo_pass_03/000000/height.raw	1
season1/season1/metin2_map_sungzi_flame_hill_03/000003/areaambiencedata.txt	season1/metin2_map_sungzi_flame_hill_03/000003/areaambiencedata.txt	1
season1/season1/monster/milgyo_founder_e/34_1.msa	season1/monster/milgyo_founder_e/34_1.msa	1
season1/season1/metin2_map_sungzi_flame_hill_03/000003/areadata.txt	season1/metin2_map_sungzi_flame_hill_03/000003/areadata.txt	1
season1/season1/metin2_map_sungzi_flame_hill_03/000003/attr.atr	season1/metin2_map_sungzi_flame_hill_03/000003/attr.atr	1
season1/season1/metin2_map_sungzi_flame_hill_03/000003/height.raw	season1/metin2_map_sungzi_flame_hill_03/000003/height.raw	1
season1/season1/metin2_map_sungzi_flame_hill_03/000003/shadowmap.dds	season1/metin2_map_sungzi_flame_hill_03/000003/shadowmap.dds	1
season1/season1/metin2_map_sungzi_flame_hill_03/000003/tile.raw	season1/metin2_map_sungzi_flame_hill_03/000003/tile.raw	1
season1/season1/metin2_map_wl_01/002003/areaproperty.txt	season1/metin2_map_wl_01/002003/areaproperty.txt	1
season1/season1/metin2_map_sungzi_flame_hill_03/001000/areaambiencedata.txt	season1/metin2_map_sungzi_flame_hill_03/001000/areaambiencedata.txt	1
season1/season1/metin2_map_sungzi_flame_hill_03/001000/areadata.txt	season1/metin2_map_sungzi_flame_hill_03/001000/areadata.txt	1
season1/season1/metin2_map_sungzi_milgyo_pass_01/001000/areaproperty.txt	season1/metin2_map_sungzi_milgyo_pass_01/001000/areaproperty.txt	1
season1/season1/metin2_map_sungzi_flame_hill_03/001000/areaproperty.txt	season1/metin2_map_sungzi_flame_hill_03/001000/areaproperty.txt	1
season1/season1/metin2_map_sungzi_flame_hill_03/001000/height.raw	season1/metin2_map_sungzi_flame_hill_03/001000/height.raw	1
season1/season1/metin2_map_sungzi_flame_hill_03/001000/minimap.dds	season1/metin2_map_sungzi_flame_hill_03/001000/minimap.dds	1
season1/season1/metin2_map_wl_01/001003/minimap.dds	season1/metin2_map_wl_01/001003/minimap.dds	1
season1/season1/metin2_map_sungzi_flame_hill_03/001000/shadowmap.dds	season1/metin2_map_sungzi_flame_hill_03/001000/shadowmap.dds	1
season1/season1/metin2_map_sungzi_flame_hill_03/001000/shadowmap.raw	season1/metin2_map_sungzi_flame_hill_03/001000/shadowmap.raw	1
season1/season1/metin2_map_sungzi_snow_pass02/001001/height.raw	season1/metin2_map_sungzi_snow_pass02/001001/height.raw	1
season1/season1/metin2_map_sungzi_flame_hill_03/001000/tile.raw	season1/metin2_map_sungzi_flame_hill_03/001000/tile.raw	1
season1/season1/metin2_map_sungzi_flame_hill_03/001001/areaambiencedata.txt	season1/metin2_map_sungzi_flame_hill_03/001001/areaambiencedata.txt	1
season1/season1/metin2_map_sungzi_flame_hill_03/001001/areaproperty.txt	season1/metin2_map_sungzi_flame_hill_03/001001/areaproperty.txt	1
season1/season1/npc/mirinae_brother/mirinae_brother.dds	season1/npc/mirinae_brother/mirinae_brother.dds	1
season1/season1/metin2_map_sungzi_flame_hill_03/001001/height.raw	season1/metin2_map_sungzi_flame_hill_03/001001/height.raw	1
season1/season1/metin2_map_sungzi_flame_hill_03/001001/minimap.dds	season1/metin2_map_sungzi_flame_hill_03/001001/minimap.dds	1
season1/season1/metin2_map_sungzi_flame_hill_03/001001/shadowmap.dds	season1/metin2_map_sungzi_flame_hill_03/001001/shadowmap.dds	1
season1/season1/metin2_map_sungzi_milgyo_pass_01/001001/areaproperty.txt	season1/metin2_map_sungzi_milgyo_pass_01/001001/areaproperty.txt	1
season1/season1/metin2_map_sungzi_flame_hill_03/001001/tile.raw	season1/metin2_map_sungzi_flame_hill_03/001001/tile.raw	1
season1/season1/metin2_map_sungzi_flame_hill_03/001001/water.wtr	season1/metin2_map_sungzi_flame_hill_03/001001/water.wtr	1
season1/season1/metin2_map_sungzi_flame_hill_03/001002/areaambiencedata.txt	season1/metin2_map_sungzi_flame_hill_03/001002/areaambiencedata.txt	1
season1/season1/metin2_map_sungzi_flame_hill_03/001002/areadata.txt	season1/metin2_map_sungzi_flame_hill_03/001002/areadata.txt	1
season1/season1/metin2_map_sungzi_flame_hill_03/001002/areaproperty.txt	season1/metin2_map_sungzi_flame_hill_03/001002/areaproperty.txt	1
season1/season1/metin2_map_sungzi_milgyo_pass_02/000000/water.wtr	season1/metin2_map_sungzi_milgyo_pass_02/000000/water.wtr	1
season1/season1/npc/sinsu_guard_spear/shape.msm	season1/npc/sinsu_guard_spear/shape.msm	1
season1/season1/metin2_map_sungzi_flame_hill_03/001002/minimap.dds	season1/metin2_map_sungzi_flame_hill_03/001002/minimap.dds	1
season1/season1/metin2_map_sungzi_flame_hill_03/001002/water.wtr	season1/metin2_map_sungzi_flame_hill_03/001002/water.wtr	1
season1/season1/metin2_map_sungzi_flame_hill_03/001003/areaambiencedata.txt	season1/metin2_map_sungzi_flame_hill_03/001003/areaambiencedata.txt	1
season1/season1/metin2_map_sungzi_flame_hill_03/001003/areadata.txt	season1/metin2_map_sungzi_flame_hill_03/001003/areadata.txt	1
season1/season1/metin2_map_sungzi_flame_hill_03/001003/attr.atr	season1/metin2_map_sungzi_flame_hill_03/001003/attr.atr	1
season1/season1/metin2_map_sungzi_flame_hill_03/001003/shadowmap.raw	season1/metin2_map_sungzi_flame_hill_03/001003/shadowmap.raw	1
season1/season1/metin2_map_sungzi_flame_hill_03/001003/tile.raw	season1/metin2_map_sungzi_flame_hill_03/001003/tile.raw	1
season1/season1/metin2_map_sungzi_flame_hill_03/001003/water.wtr	season1/metin2_map_sungzi_flame_hill_03/001003/water.wtr	1
season1/season1/metin2_map_sungzi_milgyo/000000/areaambiencedata.txt	season1/metin2_map_sungzi_milgyo/000000/areaambiencedata.txt	1
season1/season1/metin2_map_sungzi_milgyo/000000/areadata.txt	season1/metin2_map_sungzi_milgyo/000000/areadata.txt	1
season1/season1/metin2_map_sungzi_milgyo/000000/shadowmap.raw	season1/metin2_map_sungzi_milgyo/000000/shadowmap.raw	1
season1/season1/metin2_map_sungzi_milgyo/000000/water.wtr	season1/metin2_map_sungzi_milgyo/000000/water.wtr	1
season1/season1/npc/cheonjo_guard_spear/33.msa	season1/npc/cheonjo_guard_spear/33.msa	1
season1/season1/metin2_map_sungzi_milgyo/000001/areaambiencedata.txt	season1/metin2_map_sungzi_milgyo/000001/areaambiencedata.txt	1
season1/season1/metin2_map_sungzi_milgyo/000001/areadata.txt	season1/metin2_map_sungzi_milgyo/000001/areadata.txt	1
season1/season1/metin2_map_sungzi_milgyo/000001/attr.atr	season1/metin2_map_sungzi_milgyo/000001/attr.atr	1
season1/season1/metin2_map_sungzi_milgyo/000001/height.raw	season1/metin2_map_sungzi_milgyo/000001/height.raw	1
season1/season1/metin2_map_sungzi_milgyo/000001/water.wtr	season1/metin2_map_sungzi_milgyo/000001/water.wtr	1
season1/season1/metin2_map_sungzi_milgyo/000002/areaambiencedata.txt	season1/metin2_map_sungzi_milgyo/000002/areaambiencedata.txt	1
season1/season1/metin2_map_sungzi_milgyo/000002/areaproperty.txt	season1/metin2_map_sungzi_milgyo/000002/areaproperty.txt	1
season1/season1/metin2_map_sungzi_snow_pass03/001000/minimap.dds	season1/metin2_map_sungzi_snow_pass03/001000/minimap.dds	1
season1/season1/npc/backchon/backchonstand00.gr2	season1/npc/backchon/backchonstand00.gr2	1
season1/season1/metin2_map_sungzi_milgyo/000002/attr.atr	season1/metin2_map_sungzi_milgyo/000002/attr.atr	1
season1/season1/metin2_map_sungzi_milgyo/000002/shadowmap.raw	season1/metin2_map_sungzi_milgyo/000002/shadowmap.raw	1
season1/season1/metin2_map_sungzi_milgyo/000002/tile.raw	season1/metin2_map_sungzi_milgyo/000002/tile.raw	1
season1/season1/metin2_map_sungzi_milgyo/001000/areaambiencedata.txt	season1/metin2_map_sungzi_milgyo/001000/areaambiencedata.txt	1
season1/season1/metin2_map_sungzi_milgyo/001000/areadata.txt	season1/metin2_map_sungzi_milgyo/001000/areadata.txt	1
season1/season1/metin2_map_sungzi_milgyo/001000/areaproperty.txt	season1/metin2_map_sungzi_milgyo/001000/areaproperty.txt	1
season1/season1/metin2_map_sungzi_snow_pass02/001002/areadata.txt	season1/metin2_map_sungzi_snow_pass02/001002/areadata.txt	1
season1/season1/metin2_map_sungzi_milgyo/001000/height.raw	season1/metin2_map_sungzi_milgyo/001000/height.raw	1
season1/season1/monster/ch_footman/skipia_footman_back_standup.gr2	season1/monster/ch_footman/skipia_footman_back_standup.gr2	1
season1/season1/metin2_map_sungzi_milgyo/001000/shadowmap.dds	season1/metin2_map_sungzi_milgyo/001000/shadowmap.dds	1
season1/season1/metin2_map_sungzi_milgyo/001001/areaproperty.txt	season1/metin2_map_sungzi_milgyo/001001/areaproperty.txt	1
season1/season1/monster/skeleton_king_e/skeleton_king_e.dds	season1/monster/skeleton_king_e/skeleton_king_e.dds	1
season1/season1/monster/ch_magician/torpedo.mse.bak	season1/monster/ch_magician/torpedo.mse.bak	1
season1/season1/metin2_map_sungzi_milgyo/001001/attr.atr	season1/metin2_map_sungzi_milgyo/001001/attr.atr	1
season1/season1/metin2_map_sungzi_milgyo/001001/height.raw	season1/metin2_map_sungzi_milgyo/001001/height.raw	1
season1/season1/metin2_map_wl_01/003000/minimap.dds	season1/metin2_map_wl_01/003000/minimap.dds	1
season1/season1/metin2_map_sungzi_snow_pass03/000002/shadowmap.dds	season1/metin2_map_sungzi_snow_pass03/000002/shadowmap.dds	1
season1/season1/metin2_map_sungzi_milgyo/001002/areaambiencedata.txt	season1/metin2_map_sungzi_milgyo/001002/areaambiencedata.txt	1
season1/season1/metin2_map_sungzi_milgyo/001002/areaproperty.txt	season1/metin2_map_sungzi_milgyo/001002/areaproperty.txt	1
season1/season1/metin2_map_sungzi_milgyo/001002/attr.atr	season1/metin2_map_sungzi_milgyo/001002/attr.atr	1
season1/season1/metin2_map_sungzi_milgyo/001002/height.raw	season1/metin2_map_sungzi_milgyo/001002/height.raw	1
season1/season1/metin2_map_sungzi_snow_pass01/001002/water.wtr	season1/metin2_map_sungzi_snow_pass01/001002/water.wtr	1
season1/season1/metin2_map_sungzi_milgyo/001002/shadowmap.dds	season1/metin2_map_sungzi_milgyo/001002/shadowmap.dds	1
season1/season1/metin2_map_sungzi_milgyo/001002/shadowmap.raw	season1/metin2_map_sungzi_milgyo/001002/shadowmap.raw	1
season1/season1/metin2_map_sungzi_milgyo/001002/tile.raw	season1/metin2_map_sungzi_milgyo/001002/tile.raw	1
season1/season1/metin2_map_sungzi_milgyo/001002/water.wtr	season1/metin2_map_sungzi_milgyo/001002/water.wtr	1
season1/season1/metin2_map_sungzi_milgyo/002000/height.raw	season1/metin2_map_sungzi_milgyo/002000/height.raw	1
season1/season1/metin2_map_sungzi_milgyo/002000/shadowmap.dds	season1/metin2_map_sungzi_milgyo/002000/shadowmap.dds	1
season1/season1/metin2_map_sungzi_milgyo/002000/shadowmap.raw	season1/metin2_map_sungzi_milgyo/002000/shadowmap.raw	1
season1/season1/metin2_map_sungzi_milgyo/002000/water.wtr	season1/metin2_map_sungzi_milgyo/002000/water.wtr	1
season1/season1/metin2_map_sungzi_milgyo/002001/height.raw	season1/metin2_map_sungzi_milgyo/002001/height.raw	1
season1/season1/metin2_map_sungzi_milgyo/002001/minimap.dds	season1/metin2_map_sungzi_milgyo/002001/minimap.dds	1
season1/season1/metin2_map_sungzi_milgyo/002002/height.raw	season1/metin2_map_sungzi_milgyo/002002/height.raw	1
season1/season1/metin2_map_sungzi_milgyo/002002/shadowmap.dds	season1/metin2_map_sungzi_milgyo/002002/shadowmap.dds	1
season1/season1/metin2_map_sungzi_milgyo/002002/shadowmap.raw	season1/metin2_map_sungzi_milgyo/002002/shadowmap.raw	1
season1/season1/metin2_map_sungzi_milgyo/002002/tile.raw	season1/metin2_map_sungzi_milgyo/002002/tile.raw	1
season1/season1/monster/skeleton_god_e/30.msa	season1/monster/skeleton_god_e/30.msa	1
season1/season1/metin2_map_sungzi_milgyo_pass_03/001001/water.wtr	season1/metin2_map_sungzi_milgyo_pass_03/001001/water.wtr	1
season1/season1/monster/ch_footman/skipia_footman_dead.gr2	season1/monster/ch_footman/skipia_footman_dead.gr2	1
season1/season1/metin2_map_sungzi_milgyo/002002/water.wtr	season1/metin2_map_sungzi_milgyo/002002/water.wtr	1
season1/season1/metin2_map_sungzi_milgyo_pass_01/mapproperty.txt	season1/metin2_map_sungzi_milgyo_pass_01/mapproperty.txt	1
season1/season1/metin2_map_sungzi_milgyo_pass_01/setting.txt	season1/metin2_map_sungzi_milgyo_pass_01/setting.txt	1
season1/season1/metin2_map_sungzi_milgyo_pass_01/000000/areaambiencedata.txt	season1/metin2_map_sungzi_milgyo_pass_01/000000/areaambiencedata.txt	1
season1/season1/metin2_map_sungzi_milgyo_pass_01/000000/areadata.txt	season1/metin2_map_sungzi_milgyo_pass_01/000000/areadata.txt	1
season1/season1/metin2_map_sungzi_milgyo_pass_01/000000/minimap.dds	season1/metin2_map_sungzi_milgyo_pass_01/000000/minimap.dds	1
season1/season1/metin2_map_sungzi_milgyo_pass_01/000000/shadowmap.raw	season1/metin2_map_sungzi_milgyo_pass_01/000000/shadowmap.raw	1
season1/season1/metin2_map_sungzi_milgyo_pass_01/000000/tile.raw	season1/metin2_map_sungzi_milgyo_pass_01/000000/tile.raw	1
season1/season1/metin2_map_sungzi_milgyo_pass_01/000001/areaambiencedata.txt	season1/metin2_map_sungzi_milgyo_pass_01/000001/areaambiencedata.txt	1
season1/season1/metin2_map_sungzi_milgyo_pass_01/000001/minimap.dds	season1/metin2_map_sungzi_milgyo_pass_01/000001/minimap.dds	1
season1/season1/metin2_map_sungzi_snow_pass03/001003/minimap.dds	season1/metin2_map_sungzi_snow_pass03/001003/minimap.dds	1
season1/season1/metin2_map_sungzi_milgyo_pass_01/000001/water.wtr	season1/metin2_map_sungzi_milgyo_pass_01/000001/water.wtr	1
season1/season1/metin2_map_sungzi_milgyo_pass_01/000002/areaambiencedata.txt	season1/metin2_map_sungzi_milgyo_pass_01/000002/areaambiencedata.txt	1
season1/season1/metin2_map_sungzi_milgyo_pass_01/000002/areaproperty.txt	season1/metin2_map_sungzi_milgyo_pass_01/000002/areaproperty.txt	1
season1/season1/metin2_map_sungzi_milgyo_pass_01/000002/attr.atr	season1/metin2_map_sungzi_milgyo_pass_01/000002/attr.atr	1
season1/season1/metin2_map_sungzi_milgyo_pass_01/000002/shadowmap.raw	season1/metin2_map_sungzi_milgyo_pass_01/000002/shadowmap.raw	1
season1/season1/metin2_map_sungzi_milgyo_pass_01/000002/tile.raw	season1/metin2_map_sungzi_milgyo_pass_01/000002/tile.raw	1
season1/season1/metin2_map_sungzi_milgyo_pass_01/000003/attr.atr	season1/metin2_map_sungzi_milgyo_pass_01/000003/attr.atr	1
season1/season1/metin2_map_sungzi_milgyo_pass_01/000003/minimap.dds	season1/metin2_map_sungzi_milgyo_pass_01/000003/minimap.dds	1
season1/season1/metin2_map_sungzi_milgyo_pass_01/000003/shadowmap.dds	season1/metin2_map_sungzi_milgyo_pass_01/000003/shadowmap.dds	1
season1/season1/metin2_map_sungzi_milgyo_pass_01/000003/tile.raw	season1/metin2_map_sungzi_milgyo_pass_01/000003/tile.raw	1
season1/season1/metin2_map_sungzi_milgyo_pass_01/000003/water.wtr	season1/metin2_map_sungzi_milgyo_pass_01/000003/water.wtr	1
season1/season1/metin2_map_sungzi_milgyo_pass_01/001000/attr.atr	season1/metin2_map_sungzi_milgyo_pass_01/001000/attr.atr	1
season1/season1/metin2_map_sungzi_milgyo_pass_01/001000/minimap.dds	season1/metin2_map_sungzi_milgyo_pass_01/001000/minimap.dds	1
season1/season1/metin2_map_sungzi_milgyo_pass_01/001000/shadowmap.dds	season1/metin2_map_sungzi_milgyo_pass_01/001000/shadowmap.dds	1
season1/season1/metin2_map_sungzi_snow_pass03/setting.txt	season1/metin2_map_sungzi_snow_pass03/setting.txt	1
season1/season1/metin2_map_sungzi_milgyo_pass_01/001000/shadowmap.raw	season1/metin2_map_sungzi_milgyo_pass_01/001000/shadowmap.raw	1
season1/season1/metin2_map_sungzi_milgyo_pass_01/001001/minimap.dds	season1/metin2_map_sungzi_milgyo_pass_01/001001/minimap.dds	1
season1/season1/monster/skeleton_god_e/24.msa	season1/monster/skeleton_god_e/24.msa	1
season1/season1/metin2_map_sungzi_milgyo_pass_01/001001/shadowmap.raw	season1/metin2_map_sungzi_milgyo_pass_01/001001/shadowmap.raw	1
season1/season1/metin2_map_sungzi_snow_pass02/000000/shadowmap.raw	season1/metin2_map_sungzi_snow_pass02/000000/shadowmap.raw	1
season1/season1/metin2_map_sungzi_milgyo_pass_01/001001/tile.raw	season1/metin2_map_sungzi_milgyo_pass_01/001001/tile.raw	1
season1/season1/metin2_map_sungzi_milgyo_pass_01/001002/areaproperty.txt	season1/metin2_map_sungzi_milgyo_pass_01/001002/areaproperty.txt	1
season1/season1/metin2_map_sungzi_milgyo_pass_01/001002/attr.atr	season1/metin2_map_sungzi_milgyo_pass_01/001002/attr.atr	1
season1/season1/metin2_map_sungzi_milgyo_pass_01/001002/height.raw	season1/metin2_map_sungzi_milgyo_pass_01/001002/height.raw	1
season1/season1/metin2_map_wl_01/001003/areaproperty.txt	season1/metin2_map_wl_01/001003/areaproperty.txt	1
season1/season1/metin2_map_sungzi_milgyo_pass_01/001002/shadowmap.dds	season1/metin2_map_sungzi_milgyo_pass_01/001002/shadowmap.dds	1
season1/season1/metin2_map_sungzi_milgyo_pass_01/001002/shadowmap.raw	season1/metin2_map_sungzi_milgyo_pass_01/001002/shadowmap.raw	1
season1/season1/metin2_map_sungzi_milgyo_pass_01/001002/tile.raw	season1/metin2_map_sungzi_milgyo_pass_01/001002/tile.raw	1
season1/season1/metin2_map_sungzi_milgyo_pass_01/001003/areaambiencedata.txt	season1/metin2_map_sungzi_milgyo_pass_01/001003/areaambiencedata.txt	1
season1/season1/metin2_map_sungzi_milgyo_pass_01/001003/areaproperty.txt	season1/metin2_map_sungzi_milgyo_pass_01/001003/areaproperty.txt	1
season1/season1/metin2_map_sungzi_milgyo_pass_01/001003/shadowmap.dds	season1/metin2_map_sungzi_milgyo_pass_01/001003/shadowmap.dds	1
season1/season1/monster/yellow_tigerman_e/03.msa	season1/monster/yellow_tigerman_e/03.msa	1
season1/season1/metin2_map_sungzi_milgyo_pass_01/001003/tile.raw	season1/metin2_map_sungzi_milgyo_pass_01/001003/tile.raw	1
season1/season1/metin2_map_sungzi_milgyo_pass_02/mapproperty.txt	season1/metin2_map_sungzi_milgyo_pass_02/mapproperty.txt	1
season1/season1/metin2_map_sungzi_milgyo_pass_02/setting.txt	season1/metin2_map_sungzi_milgyo_pass_02/setting.txt	1
season1/season1/npc/sinseon/wait.msa	season1/npc/sinseon/wait.msa	1
season1/season1/metin2_map_sungzi_milgyo_pass_02/000000/areaambiencedata.txt	season1/metin2_map_sungzi_milgyo_pass_02/000000/areaambiencedata.txt	1
season1/season1/monster/orc_lord_e/00.msa	season1/monster/orc_lord_e/00.msa	1
season1/season1/npc/wondaim/motlist.txt	season1/npc/wondaim/motlist.txt	1
season1/season1/metin2_map_sungzi_milgyo_pass_02/000000/areadata.txt	season1/metin2_map_sungzi_milgyo_pass_02/000000/areadata.txt	1
season1/season1/metin2_map_sungzi_milgyo_pass_02/000000/shadowmap.dds	season1/metin2_map_sungzi_milgyo_pass_02/000000/shadowmap.dds	1
season1/season1/monster/ch_footman/skipia_footman_attack.gr2	season1/monster/ch_footman/skipia_footman_attack.gr2	1
season1/season1/metin2_map_sungzi_milgyo_pass_02/000001/areaambiencedata.txt	season1/metin2_map_sungzi_milgyo_pass_02/000001/areaambiencedata.txt	1
season1/season1/pc/warrior/warrior_2-3_moryong_a.dds	season1/pc/warrior/warrior_2-3_moryong_a.dds	1
season1/season1/metin2_map_sungzi_milgyo_pass_02/000001/areaproperty.txt	season1/metin2_map_sungzi_milgyo_pass_02/000001/areaproperty.txt	1
season1/season1/metin2_map_sungzi_milgyo_pass_02/000001/minimap.dds	season1/metin2_map_sungzi_milgyo_pass_02/000001/minimap.dds	1
season1/season1/metin2_map_sungzi_milgyo_pass_02/000001/shadowmap.raw	season1/metin2_map_sungzi_milgyo_pass_02/000001/shadowmap.raw	1
season1/season1/metin2_map_sungzi_milgyo_pass_02/000001/tile.raw	season1/metin2_map_sungzi_milgyo_pass_02/000001/tile.raw	1
season1/season1/metin2_map_sungzi_milgyo_pass_02/000001/water.wtr	season1/metin2_map_sungzi_milgyo_pass_02/000001/water.wtr	1
season1/season1/metin2_map_sungzi_milgyo_pass_02/000002/areadata.txt	season1/metin2_map_sungzi_milgyo_pass_02/000002/areadata.txt	1
season1/season1/metin2_map_sungzi_milgyo_pass_02/000002/attr.atr	season1/metin2_map_sungzi_milgyo_pass_02/000002/attr.atr	1
season1/season1/metin2_map_sungzi_milgyo_pass_02/000002/minimap.dds	season1/metin2_map_sungzi_milgyo_pass_02/000002/minimap.dds	1
season1/season1/metin2_map_sungzi_milgyo_pass_02/000002/shadowmap.dds	season1/metin2_map_sungzi_milgyo_pass_02/000002/shadowmap.dds	1
season1/season1/metin2_map_sungzi_milgyo_pass_02/000002/tile.raw	season1/metin2_map_sungzi_milgyo_pass_02/000002/tile.raw	1
season1/season1/metin2_map_sungzi_milgyo_pass_02/000002/water.wtr	season1/metin2_map_sungzi_milgyo_pass_02/000002/water.wtr	1
season1/season1/metin2_map_sungzi_milgyo_pass_02/000003/areaambiencedata.txt	season1/metin2_map_sungzi_milgyo_pass_02/000003/areaambiencedata.txt	1
season1/season1/npc/backchon/shape.msm	season1/npc/backchon/shape.msm	1
season1/season1/metin2_map_sungzi_milgyo_pass_02/000003/areadata.txt	season1/metin2_map_sungzi_milgyo_pass_02/000003/areadata.txt	1
season1/season1/metin2_map_sungzi_milgyo_pass_02/000003/attr.atr	season1/metin2_map_sungzi_milgyo_pass_02/000003/attr.atr	1
season1/season1/metin2_map_sungzi_milgyo_pass_02/000003/height.raw	season1/metin2_map_sungzi_milgyo_pass_02/000003/height.raw	1
season1/season1/monster/giant_desert_turtle_e/24.msa	season1/monster/giant_desert_turtle_e/24.msa	1
season1/season1/metin2_map_sungzi_milgyo_pass_02/000003/shadowmap.raw	season1/metin2_map_sungzi_milgyo_pass_02/000003/shadowmap.raw	1
season1/season1/metin2_map_sungzi_milgyo_pass_02/001000/minimap.dds	season1/metin2_map_sungzi_milgyo_pass_02/001000/minimap.dds	1
season1/season1/metin2_map_sungzi_milgyo_pass_02/001000/shadowmap.dds	season1/metin2_map_sungzi_milgyo_pass_02/001000/shadowmap.dds	1
season1/season1/metin2_map_sungzi_milgyo_pass_02/001000/shadowmap.raw	season1/metin2_map_sungzi_milgyo_pass_02/001000/shadowmap.raw	1
season1/season1/metin2_map_sungzi_snow_pass03/000002/attr.atr	season1/metin2_map_sungzi_snow_pass03/000002/attr.atr	1
season1/season1/metin2_map_sungzi_milgyo_pass_02/001000/water.wtr	season1/metin2_map_sungzi_milgyo_pass_02/001000/water.wtr	1
season1/season1/metin2_map_sungzi_milgyo_pass_02/001001/areadata.txt	season1/metin2_map_sungzi_milgyo_pass_02/001001/areadata.txt	1
season1/season1/metin2_map_sungzi_milgyo_pass_03/000002/areaambiencedata.txt	season1/metin2_map_sungzi_milgyo_pass_03/000002/areaambiencedata.txt	1
season1/season1/metin2_map_sungzi_milgyo_pass_02/001001/attr.atr	season1/metin2_map_sungzi_milgyo_pass_02/001001/attr.atr	1
season1/season1/metin2_map_sungzi_milgyo_pass_02/001001/minimap.dds	season1/metin2_map_sungzi_milgyo_pass_02/001001/minimap.dds	1
season1/season1/metin2_map_sungzi_milgyo_pass_02/001001/shadowmap.dds	season1/metin2_map_sungzi_milgyo_pass_02/001001/shadowmap.dds	1
season1/season1/metin2_map_sungzi_milgyo_pass_02/001001/water.wtr	season1/metin2_map_sungzi_milgyo_pass_02/001001/water.wtr	1
season1/season1/metin2_map_sungzi_snow_pass02/000003/areaproperty.txt	season1/metin2_map_sungzi_snow_pass02/000003/areaproperty.txt	1
season1/season1/metin2_map_sungzi_milgyo_pass_02/001002/areaambiencedata.txt	season1/metin2_map_sungzi_milgyo_pass_02/001002/areaambiencedata.txt	1
season1/season1/metin2_map_sungzi_milgyo_pass_02/001002/attr.atr	season1/metin2_map_sungzi_milgyo_pass_02/001002/attr.atr	1
season1/season1/metin2_map_wl_01/003002/height.raw	season1/metin2_map_wl_01/003002/height.raw	1
season1/season1/metin2_map_sungzi_milgyo_pass_02/001002/height.raw	season1/metin2_map_sungzi_milgyo_pass_02/001002/height.raw	1
season1/season1/metin2_map_sungzi_snow_pass02/000002/areadata.txt	season1/metin2_map_sungzi_snow_pass02/000002/areadata.txt	1
season1/season1/metin2_map_sungzi_milgyo_pass_02/001002/minimap.dds	season1/metin2_map_sungzi_milgyo_pass_02/001002/minimap.dds	1
season1/season1/metin2_map_sungzi_milgyo_pass_02/001002/shadowmap.dds	season1/metin2_map_sungzi_milgyo_pass_02/001002/shadowmap.dds	1
season1/season1/metin2_map_sungzi_milgyo_pass_02/001002/shadowmap.raw	season1/metin2_map_sungzi_milgyo_pass_02/001002/shadowmap.raw	1
season1/season1/metin2_map_sungzi_milgyo_pass_02/001003/attr.atr	season1/metin2_map_sungzi_milgyo_pass_02/001003/attr.atr	1
season1/season1/monster/ch_officer/skipia_officer_back_standup.msa	season1/monster/ch_officer/skipia_officer_back_standup.msa	1
season1/season1/monster/ch_magician/skipia_magician_run.gr2	season1/monster/ch_magician/skipia_magician_run.gr2	1
season1/season1/metin2_map_sungzi_milgyo_pass_02/001003/height.raw	season1/metin2_map_sungzi_milgyo_pass_02/001003/height.raw	1
season1/season1/metin2_map_sungzi_snow_pass02/000001/shadowmap.dds	season1/metin2_map_sungzi_snow_pass02/000001/shadowmap.dds	1
season1/season1/metin2_map_sungzi_milgyo_pass_02/001003/minimap.dds	season1/metin2_map_sungzi_milgyo_pass_02/001003/minimap.dds	1
season1/season1/metin2_map_sungzi_milgyo_pass_02/001003/shadowmap.raw	season1/metin2_map_sungzi_milgyo_pass_02/001003/shadowmap.raw	1
season1/season1/metin2_map_sungzi_milgyo_pass_02/001003/water.wtr	season1/metin2_map_sungzi_milgyo_pass_02/001003/water.wtr	1
season1/season1/metin2_map_sungzi_milgyo_pass_03/mapproperty.txt	season1/metin2_map_sungzi_milgyo_pass_03/mapproperty.txt	1
season1/season1/metin2_map_sungzi_snow_pass03/000000/tile.raw	season1/metin2_map_sungzi_snow_pass03/000000/tile.raw	1
season1/season1/metin2_map_sungzi_milgyo_pass_03/setting.txt	season1/metin2_map_sungzi_milgyo_pass_03/setting.txt	1
season1/season1/metin2_map_sungzi_milgyo_pass_03/000000/minimap.dds	season1/metin2_map_sungzi_milgyo_pass_03/000000/minimap.dds	1
season1/season1/npc/samahi/samahi_lod_01_backup.gr2	season1/npc/samahi/samahi_lod_01_backup.gr2	1
season1/season1/metin2_map_sungzi_milgyo_pass_03/000000/water.wtr	season1/metin2_map_sungzi_milgyo_pass_03/000000/water.wtr	1
season1/season1/metin2_map_sungzi_milgyo_pass_03/000001/areaproperty.txt	season1/metin2_map_sungzi_milgyo_pass_03/000001/areaproperty.txt	1
season1/season1/monster/ch_bowman/skipia_bowman_attack1.gr2	season1/monster/ch_bowman/skipia_bowman_attack1.gr2	1
season1/season1/metin2_map_sungzi_milgyo_pass_03/000001/minimap.dds	season1/metin2_map_sungzi_milgyo_pass_03/000001/minimap.dds	1
season1/season1/metin2_map_sungzi_milgyo_pass_03/000001/tile.raw	season1/metin2_map_sungzi_milgyo_pass_03/000001/tile.raw	1
season1/season1/metin2_map_sungzi_milgyo_pass_03/000001/water.wtr	season1/metin2_map_sungzi_milgyo_pass_03/000001/water.wtr	1
season1/season1/npc/visamun/visamun.dds	season1/npc/visamun/visamun.dds	1
season1/season1/metin2_map_sungzi_milgyo_pass_03/000002/areadata.txt	season1/metin2_map_sungzi_milgyo_pass_03/000002/areadata.txt	1
season1/season1/metin2_map_wl_01/002003/water.wtr	season1/metin2_map_wl_01/002003/water.wtr	1
season1/season1/metin2_map_sungzi_milgyo_pass_03/000002/attr.atr	season1/metin2_map_sungzi_milgyo_pass_03/000002/attr.atr	1
season1/season1/metin2_map_sungzi_milgyo_pass_03/000002/minimap.dds	season1/metin2_map_sungzi_milgyo_pass_03/000002/minimap.dds	1
season1/season1/metin2_map_sungzi_milgyo_pass_03/000002/tile.raw	season1/metin2_map_sungzi_milgyo_pass_03/000002/tile.raw	1
season1/season1/metin2_map_sungzi_snow_pass03/000000/areadata.txt	season1/metin2_map_sungzi_snow_pass03/000000/areadata.txt	1
season1/season1/metin2_map_sungzi_milgyo_pass_03/000003/areaambiencedata.txt	season1/metin2_map_sungzi_milgyo_pass_03/000003/areaambiencedata.txt	1
season1/season1/metin2_map_sungzi_milgyo_pass_03/000003/shadowmap.dds	season1/metin2_map_sungzi_milgyo_pass_03/000003/shadowmap.dds	1
season1/season1/metin2_map_sungzi_milgyo_pass_03/000003/water.wtr	season1/metin2_map_sungzi_milgyo_pass_03/000003/water.wtr	1
season1/season1/metin2_map_sungzi_snow_pass03/000002/areaproperty.txt	season1/metin2_map_sungzi_snow_pass03/000002/areaproperty.txt	1
season1/season1/metin2_map_sungzi_milgyo_pass_03/001000/areadata.txt	season1/metin2_map_sungzi_milgyo_pass_03/001000/areadata.txt	1
season1/season1/metin2_map_sungzi_milgyo_pass_03/001000/height.raw	season1/metin2_map_sungzi_milgyo_pass_03/001000/height.raw	1
season1/season1/metin2_map_sungzi_snow/000002/tile.raw	season1/metin2_map_sungzi_snow/000002/tile.raw	1
season1/season1/metin2_map_sungzi_milgyo_pass_03/001000/minimap.dds	season1/metin2_map_sungzi_milgyo_pass_03/001000/minimap.dds	1
season1/season1/metin2_map_sungzi_milgyo_pass_03/001000/tile.raw	season1/metin2_map_sungzi_milgyo_pass_03/001000/tile.raw	1
season1/season1/metin2_map_sungzi_milgyo_pass_03/001001/areaambiencedata.txt	season1/metin2_map_sungzi_milgyo_pass_03/001001/areaambiencedata.txt	1
season1/season1/metin2_map_sungzi_milgyo_pass_03/001001/attr.atr	season1/metin2_map_sungzi_milgyo_pass_03/001001/attr.atr	1
season1/season1/metin2_map_sungzi_milgyo_pass_03/001001/shadowmap.dds	season1/metin2_map_sungzi_milgyo_pass_03/001001/shadowmap.dds	1
season1/season1/metin2_map_sungzi_milgyo_pass_03/001001/shadowmap.raw	season1/metin2_map_sungzi_milgyo_pass_03/001001/shadowmap.raw	1
season1/season1/metin2_map_sungzi_milgyo_pass_03/001002/attr.atr	season1/metin2_map_sungzi_milgyo_pass_03/001002/attr.atr	1
season1/season1/metin2_map_sungzi_milgyo_pass_03/001002/shadowmap.raw	season1/metin2_map_sungzi_milgyo_pass_03/001002/shadowmap.raw	1
season1/season1/metin2_map_sungzi_milgyo_pass_03/001003/areaambiencedata.txt	season1/metin2_map_sungzi_milgyo_pass_03/001003/areaambiencedata.txt	1
season1/season1/metin2_map_sungzi_milgyo_pass_03/001003/areaproperty.txt	season1/metin2_map_sungzi_milgyo_pass_03/001003/areaproperty.txt	1
season1/season1/monster/ch_general/general.msm	season1/monster/ch_general/general.msm	1
season1/season1/metin2_map_sungzi_milgyo_pass_03/001003/attr.atr	season1/metin2_map_sungzi_milgyo_pass_03/001003/attr.atr	1
season1/season1/metin2_map_sungzi_milgyo_pass_03/001003/minimap.dds	season1/metin2_map_sungzi_milgyo_pass_03/001003/minimap.dds	1
season1/season1/pc/warrior/warrior_lord.gr2	season1/pc/warrior/warrior_lord.gr2	1
season1/season1/metin2_map_sungzi_milgyo_pass_03/001003/tile.raw	season1/metin2_map_sungzi_milgyo_pass_03/001003/tile.raw	1
season1/season1/metin2_map_sungzi_snow/setting.txt	season1/metin2_map_sungzi_snow/setting.txt	1
season1/season1/metin2_map_sungzi_snow/000000/areadata.txt	season1/metin2_map_sungzi_snow/000000/areadata.txt	1
season1/season1/metin2_map_sungzi_snow/000000/areaproperty.txt	season1/metin2_map_sungzi_snow/000000/areaproperty.txt	1
season1/season1/metin2_map_sungzi_snow/000000/height.raw	season1/metin2_map_sungzi_snow/000000/height.raw	1
season1/season1/metin2_map_sungzi_snow/000000/shadowmap.dds	season1/metin2_map_sungzi_snow/000000/shadowmap.dds	1
season1/season1/metin2_map_sungzi_snow/000000/shadowmap.raw	season1/metin2_map_sungzi_snow/000000/shadowmap.raw	1
season1/season1/npc/cheonjo_guard_bow/34_1.msa	season1/npc/cheonjo_guard_bow/34_1.msa	1
season1/season1/metin2_map_sungzi_snow/000000/tile.raw	season1/metin2_map_sungzi_snow/000000/tile.raw	1
season1/season1/metin2_map_sungzi_snow/000000/water.wtr	season1/metin2_map_sungzi_snow/000000/water.wtr	1
season1/season1/metin2_map_wl_01/003001/minimap.dds	season1/metin2_map_wl_01/003001/minimap.dds	1
season1/season1/metin2_map_sungzi_snow/000001/areaambiencedata.txt	season1/metin2_map_sungzi_snow/000001/areaambiencedata.txt	1
season1/season1/metin2_map_sungzi_snow/000001/areaproperty.txt	season1/metin2_map_sungzi_snow/000001/areaproperty.txt	1
season1/season1/metin2_map_sungzi_snow/000001/height.raw	season1/metin2_map_sungzi_snow/000001/height.raw	1
season1/season1/metin2_map_sungzi_snow/000001/tile.raw	season1/metin2_map_sungzi_snow/000001/tile.raw	1
season1/season1/metin2_map_sungzi_snow/000002/areadata.txt	season1/metin2_map_sungzi_snow/000002/areadata.txt	1
season1/season1/metin2_map_sungzi_snow/000002/shadowmap.dds	season1/metin2_map_sungzi_snow/000002/shadowmap.dds	1
season1/season1/metin2_map_sungzi_snow/000002/water.wtr	season1/metin2_map_sungzi_snow/000002/water.wtr	1
season1/season1/metin2_map_sungzi_snow/001000/attr.atr	season1/metin2_map_sungzi_snow/001000/attr.atr	1
season1/season1/metin2_map_sungzi_snow/001000/height.raw	season1/metin2_map_sungzi_snow/001000/height.raw	1
season1/season1/metin2_map_sungzi_snow/001000/minimap.dds	season1/metin2_map_sungzi_snow/001000/minimap.dds	1
season1/season1/metin2_map_sungzi_snow/001000/tile.raw	season1/metin2_map_sungzi_snow/001000/tile.raw	1
season1/season1/metin2_map_sungzi_snow/001001/areaambiencedata.txt	season1/metin2_map_sungzi_snow/001001/areaambiencedata.txt	1
season1/season1/metin2_map_sungzi_snow/001001/attr.atr	season1/metin2_map_sungzi_snow/001001/attr.atr	1
season1/season1/metin2_map_sungzi_snow/002001/areaproperty.txt	season1/metin2_map_sungzi_snow/002001/areaproperty.txt	1
season1/season1/monster/fox_ninetail_e/00.msa	season1/monster/fox_ninetail_e/00.msa	1
season1/season1/metin2_map_sungzi_snow_pass03/001002/height.raw	season1/metin2_map_sungzi_snow_pass03/001002/height.raw	1
season1/season1/metin2_map_sungzi_snow/001001/minimap.dds	season1/metin2_map_sungzi_snow/001001/minimap.dds	1
season1/season1/metin2_map_sungzi_snow/001001/shadowmap.dds	season1/metin2_map_sungzi_snow/001001/shadowmap.dds	1
season1/season1/monster/spider_queen_e/shape.msm	season1/monster/spider_queen_e/shape.msm	1
season1/season1/metin2_map_sungzi_snow/001002/areaproperty.txt	season1/metin2_map_sungzi_snow/001002/areaproperty.txt	1
season1/season1/npc/visamun/stand00.msa	season1/npc/visamun/stand00.msa	1
season1/season1/monster/spider_queen_e/00.msa	season1/monster/spider_queen_e/00.msa	1
season1/season1/metin2_map_sungzi_snow/001002/shadowmap.dds	season1/metin2_map_sungzi_snow/001002/shadowmap.dds	1
season1/season1/metin2_map_sungzi_snow/001002/shadowmap.raw	season1/metin2_map_sungzi_snow/001002/shadowmap.raw	1
season1/season1/metin2_map_sungzi_snow/001002/tile.raw	season1/metin2_map_sungzi_snow/001002/tile.raw	1
season1/season1/metin2_map_sungzi_snow/001002/water.wtr	season1/metin2_map_sungzi_snow/001002/water.wtr	1
season1/season1/monster/yellow_tigerman_e/32.msa	season1/monster/yellow_tigerman_e/32.msa	1
season1/season1/metin2_map_sungzi_snow/002000/areaambiencedata.txt	season1/metin2_map_sungzi_snow/002000/areaambiencedata.txt	1
season1/season1/metin2_map_wl_01/000002/height.raw	season1/metin2_map_wl_01/000002/height.raw	1
season1/season1/npc/moonstone/moonstone.gr2	season1/npc/moonstone/moonstone.gr2	1
season1/season1/metin2_map_sungzi_snow/002000/areaproperty.txt	season1/metin2_map_sungzi_snow/002000/areaproperty.txt	1
season1/season1/metin2_map_sungzi_snow/002000/height.raw	season1/metin2_map_sungzi_snow/002000/height.raw	1
season1/season1/metin2_map_sungzi_snow/002000/minimap.dds	season1/metin2_map_sungzi_snow/002000/minimap.dds	1
season1/season1/metin2_map_sungzi_snow/002000/shadowmap.raw	season1/metin2_map_sungzi_snow/002000/shadowmap.raw	1
season1/season1/metin2_map_sungzi_snow/002000/tile.raw	season1/metin2_map_sungzi_snow/002000/tile.raw	1
season1/season1/npc/mailbox/mailbox.gr2	season1/npc/mailbox/mailbox.gr2	1
season1/season1/metin2_map_sungzi_snow/002000/water.wtr	season1/metin2_map_sungzi_snow/002000/water.wtr	1
season1/season1/metin2_map_sungzi_snow/002001/areadata.txt	season1/metin2_map_sungzi_snow/002001/areadata.txt	1
season1/season1/metin2_map_sungzi_snow/002001/attr.atr	season1/metin2_map_sungzi_snow/002001/attr.atr	1
season1/season1/metin2_map_wl_01/003003/tile.raw	season1/metin2_map_wl_01/003003/tile.raw	1
season1/season1/metin2_map_sungzi_snow/002001/shadowmap.dds	season1/metin2_map_sungzi_snow/002001/shadowmap.dds	1
season1/season1/metin2_map_sungzi_snow/002001/tile.raw	season1/metin2_map_sungzi_snow/002001/tile.raw	1
season1/season1/metin2_map_sungzi_snow/002002/areadata.txt	season1/metin2_map_sungzi_snow/002002/areadata.txt	1
season1/season1/metin2_map_sungzi_snow/002002/height.raw	season1/metin2_map_sungzi_snow/002002/height.raw	1
season1/season1/metin2_map_sungzi_snow/002002/shadowmap.dds	season1/metin2_map_sungzi_snow/002002/shadowmap.dds	1
season1/season1/metin2_map_sungzi_snow/002002/water.wtr	season1/metin2_map_sungzi_snow/002002/water.wtr	1
season1/season1/metin2_map_sungzi_snow_pass01/mapproperty.txt	season1/metin2_map_sungzi_snow_pass01/mapproperty.txt	1
season1/season1/metin2_map_sungzi_snow_pass01/000000/areadata.txt	season1/metin2_map_sungzi_snow_pass01/000000/areadata.txt	1
season1/season1/metin2_map_sungzi_snow_pass01/000000/areaproperty.txt	season1/metin2_map_sungzi_snow_pass01/000000/areaproperty.txt	1
season1/season1/metin2_map_sungzi_snow_pass01/000000/water.wtr	season1/metin2_map_sungzi_snow_pass01/000000/water.wtr	1
season1/season1/metin2_map_sungzi_snow_pass01/000001/attr.atr	season1/metin2_map_sungzi_snow_pass01/000001/attr.atr	1
season1/season1/metin2_map_sungzi_snow_pass01/001000/minimap.dds	season1/metin2_map_sungzi_snow_pass01/001000/minimap.dds	1
season1/season1/metin2_map_sungzi_snow_pass01/000001/height.raw	season1/metin2_map_sungzi_snow_pass01/000001/height.raw	1
season1/season1/metin2_map_sungzi_snow_pass01/000001/minimap.dds	season1/metin2_map_sungzi_snow_pass01/000001/minimap.dds	1
season1/season1/metin2_map_sungzi_snow_pass01/000001/shadowmap.dds	season1/metin2_map_sungzi_snow_pass01/000001/shadowmap.dds	1
season1/season1/metin2_map_sungzi_snow_pass01/000001/water.wtr	season1/metin2_map_sungzi_snow_pass01/000001/water.wtr	1
season1/season1/metin2_map_sungzi_snow_pass01/000002/areaambiencedata.txt	season1/metin2_map_sungzi_snow_pass01/000002/areaambiencedata.txt	1
season1/season1/monster/ch_magician/skipia_magician_back_damage1.gr2	season1/monster/ch_magician/skipia_magician_back_damage1.gr2	1
season1/season1/metin2_map_sungzi_snow_pass01/000002/areaproperty.txt	season1/metin2_map_sungzi_snow_pass01/000002/areaproperty.txt	1
season1/season1/metin2_map_sungzi_snow_pass01/000002/height.raw	season1/metin2_map_sungzi_snow_pass01/000002/height.raw	1
season1/season1/metin2_map_sungzi_snow_pass01/000002/shadowmap.dds	season1/metin2_map_sungzi_snow_pass01/000002/shadowmap.dds	1
season1/season1/metin2_map_sungzi_snow_pass01/000002/shadowmap.raw	season1/metin2_map_sungzi_snow_pass01/000002/shadowmap.raw	1
season1/season1/metin2_map_sungzi_snow_pass01/000002/tile.raw	season1/metin2_map_sungzi_snow_pass01/000002/tile.raw	1
season1/season1/metin2_map_sungzi_snow_pass01/000003/areaambiencedata.txt	season1/metin2_map_sungzi_snow_pass01/000003/areaambiencedata.txt	1
season1/season1/metin2_map_sungzi_snow_pass01/000003/areaproperty.txt	season1/metin2_map_sungzi_snow_pass01/000003/areaproperty.txt	1
season1/season1/monster/skeleton_god_e/37.msa	season1/monster/skeleton_god_e/37.msa	1
season1/season1/metin2_map_sungzi_snow_pass01/000003/attr.atr	season1/metin2_map_sungzi_snow_pass01/000003/attr.atr	1
season1/season1/metin2_map_sungzi_snow_pass01/000003/height.raw	season1/metin2_map_sungzi_snow_pass01/000003/height.raw	1
season1/season1/monster/skeleton_king_e/shape.msm	season1/monster/skeleton_king_e/shape.msm	1
season1/season1/metin2_map_sungzi_snow_pass01/000003/minimap.dds	season1/metin2_map_sungzi_snow_pass01/000003/minimap.dds	1
season1/season1/metin2_map_sungzi_snow_pass01/000003/shadowmap.dds	season1/metin2_map_sungzi_snow_pass01/000003/shadowmap.dds	1
season1/season1/metin2_map_sungzi_snow_pass01/000003/tile.raw	season1/metin2_map_sungzi_snow_pass01/000003/tile.raw	1
season1/season1/metin2_map_sungzi_snow_pass01/000003/water.wtr	season1/metin2_map_sungzi_snow_pass01/000003/water.wtr	1
season1/season1/metin2_map_sungzi_snow_pass01/001000/height.raw	season1/metin2_map_sungzi_snow_pass01/001000/height.raw	1
season1/season1/metin2_map_sungzi_snow_pass01/001000/shadowmap.dds	season1/metin2_map_sungzi_snow_pass01/001000/shadowmap.dds	1
season1/season1/metin2_map_sungzi_snow_pass01/001000/shadowmap.raw	season1/metin2_map_sungzi_snow_pass01/001000/shadowmap.raw	1
season1/season1/metin2_map_sungzi_snow_pass01/001001/areadata.txt	season1/metin2_map_sungzi_snow_pass01/001001/areadata.txt	1
season1/season1/monster/fox_ninetail_e/20_1.msa	season1/monster/fox_ninetail_e/20_1.msa	1
season1/season1/metin2_map_sungzi_snow_pass01/001001/tile.raw	season1/metin2_map_sungzi_snow_pass01/001001/tile.raw	1
season1/season1/metin2_map_sungzi_snow_pass01/001001/water.wtr	season1/metin2_map_sungzi_snow_pass01/001001/water.wtr	1
season1/season1/metin2_map_sungzi_snow_pass01/001002/attr.atr	season1/metin2_map_sungzi_snow_pass01/001002/attr.atr	1
season1/season1/metin2_map_sungzi_snow_pass01/001002/height.raw	season1/metin2_map_sungzi_snow_pass01/001002/height.raw	1
season1/season1/npc/cheonjo_guard_bow/00.msa	season1/npc/cheonjo_guard_bow/00.msa	1
season1/season1/npc/sinsu_guard_spear/sinsu_patrol_spear_lod_01.gr2	season1/npc/sinsu_guard_spear/sinsu_patrol_spear_lod_01.gr2	1
season1/season1/metin2_map_sungzi_snow_pass01/001002/tile.raw	season1/metin2_map_sungzi_snow_pass01/001002/tile.raw	1
season1/season1/monster/ch_officer/skipia_officer_front_damage.msa	season1/monster/ch_officer/skipia_officer_front_damage.msa	1
season1/season1/metin2_map_sungzi_snow_pass01/001003/areaambiencedata.txt	season1/metin2_map_sungzi_snow_pass01/001003/areaambiencedata.txt	1
season1/season1/metin2_map_sungzi_snow_pass01/001003/attr.atr	season1/metin2_map_sungzi_snow_pass01/001003/attr.atr	1
season1/season1/metin2_map_sungzi_snow_pass01/001003/shadowmap.raw	season1/metin2_map_sungzi_snow_pass01/001003/shadowmap.raw	1
season1/season1/metin2_map_sungzi_snow_pass02/setting.txt	season1/metin2_map_sungzi_snow_pass02/setting.txt	1
season1/season1/metin2_map_sungzi_snow_pass02/000000/areaambiencedata.txt	season1/metin2_map_sungzi_snow_pass02/000000/areaambiencedata.txt	1
season1/season1/metin2_map_sungzi_snow_pass02/000000/areadata.txt	season1/metin2_map_sungzi_snow_pass02/000000/areadata.txt	1
season1/season1/metin2_map_sungzi_snow_pass02/000000/attr.atr	season1/metin2_map_sungzi_snow_pass02/000000/attr.atr	1
season1/season1/metin2_map_sungzi_snow_pass02/000000/height.raw	season1/metin2_map_sungzi_snow_pass02/000000/height.raw	1
season1/season1/metin2_map_sungzi_snow_pass02/000000/shadowmap.dds	season1/metin2_map_sungzi_snow_pass02/000000/shadowmap.dds	1
season1/season1/metin2_map_sungzi_snow_pass02/000000/water.wtr	season1/metin2_map_sungzi_snow_pass02/000000/water.wtr	1
season1/season1/metin2_map_sungzi_snow_pass02/000001/height.raw	season1/metin2_map_sungzi_snow_pass02/000001/height.raw	1
season1/season1/metin2_map_sungzi_snow_pass02/000001/minimap.dds	season1/metin2_map_sungzi_snow_pass02/000001/minimap.dds	1
season1/season1/metin2_map_sungzi_snow_pass02/000001/water.wtr	season1/metin2_map_sungzi_snow_pass02/000001/water.wtr	1
season1/season1/metin2_map_sungzi_snow_pass02/000002/attr.atr	season1/metin2_map_sungzi_snow_pass02/000002/attr.atr	1
season1/season1/metin2_map_sungzi_snow_pass02/000002/height.raw	season1/metin2_map_sungzi_snow_pass02/000002/height.raw	1
season1/season1/metin2_map_sungzi_snow_pass02/000002/minimap.dds	season1/metin2_map_sungzi_snow_pass02/000002/minimap.dds	1
season1/season1/metin2_map_sungzi_snow_pass02/000002/shadowmap.dds	season1/metin2_map_sungzi_snow_pass02/000002/shadowmap.dds	1
season1/season1/metin2_map_sungzi_snow_pass02/000002/shadowmap.raw	season1/metin2_map_sungzi_snow_pass02/000002/shadowmap.raw	1
season1/season1/monster/ch_general/skipia_general_front_standup.gr2	season1/monster/ch_general/skipia_general_front_standup.gr2	1
season1/season1/metin2_map_sungzi_snow_pass02/000002/water.wtr	season1/metin2_map_sungzi_snow_pass02/000002/water.wtr	1
season1/season1/metin2_map_sungzi_snow_pass02/000003/attr.atr	season1/metin2_map_sungzi_snow_pass02/000003/attr.atr	1
season1/season1/metin2_map_sungzi_snow_pass02/000003/height.raw	season1/metin2_map_sungzi_snow_pass02/000003/height.raw	1
season1/season1/metin2_map_sungzi_snow_pass02/001000/attr.atr	season1/metin2_map_sungzi_snow_pass02/001000/attr.atr	1
season1/season1/metin2_map_wl_01/000002/tile.raw	season1/metin2_map_wl_01/000002/tile.raw	1
season1/season1/monster/ch_officer/skipia_officer_run.gr2	season1/monster/ch_officer/skipia_officer_run.gr2	1
season1/season1/metin2_map_sungzi_snow_pass02/001000/shadowmap.raw	season1/metin2_map_sungzi_snow_pass02/001000/shadowmap.raw	1
season1/season1/metin2_map_sungzi_snow_pass02/001000/tile.raw	season1/metin2_map_sungzi_snow_pass02/001000/tile.raw	1
season1/season1/metin2_map_sungzi_snow_pass02/001000/water.wtr	season1/metin2_map_sungzi_snow_pass02/001000/water.wtr	1
season1/season1/metin2_map_sungzi_snow_pass02/001001/areadata.txt	season1/metin2_map_sungzi_snow_pass02/001001/areadata.txt	1
season1/season1/metin2_map_sungzi_snow_pass02/001001/areaproperty.txt	season1/metin2_map_sungzi_snow_pass02/001001/areaproperty.txt	1
season1/season1/metin2_map_sungzi_snow_pass02/001001/attr.atr	season1/metin2_map_sungzi_snow_pass02/001001/attr.atr	1
season1/season1/metin2_map_sungzi_snow_pass02/001001/minimap.dds	season1/metin2_map_sungzi_snow_pass02/001001/minimap.dds	1
season1/season1/metin2_map_sungzi_snow_pass02/001001/shadowmap.dds	season1/metin2_map_sungzi_snow_pass02/001001/shadowmap.dds	1
season1/season1/metin2_map_sungzi_snow_pass02/001002/minimap.dds	season1/metin2_map_sungzi_snow_pass02/001002/minimap.dds	1
season1/season1/metin2_map_sungzi_snow_pass02/001002/shadowmap.dds	season1/metin2_map_sungzi_snow_pass02/001002/shadowmap.dds	1
season1/season1/metin2_map_sungzi_snow_pass02/001002/shadowmap.raw	season1/metin2_map_sungzi_snow_pass02/001002/shadowmap.raw	1
season1/season1/metin2_map_sungzi_snow_pass02/001002/water.wtr	season1/metin2_map_sungzi_snow_pass02/001002/water.wtr	1
season1/season1/metin2_map_sungzi_snow_pass02/001003/height.raw	season1/metin2_map_sungzi_snow_pass02/001003/height.raw	1
season1/season1/metin2_map_sungzi_snow_pass02/001003/shadowmap.dds	season1/metin2_map_sungzi_snow_pass02/001003/shadowmap.dds	1
season1/season1/metin2_map_sungzi_snow_pass02/001003/tile.raw	season1/metin2_map_sungzi_snow_pass02/001003/tile.raw	1
season1/season1/metin2_map_sungzi_snow_pass03/000000/attr.atr	season1/metin2_map_sungzi_snow_pass03/000000/attr.atr	1
season1/season1/metin2_map_sungzi_snow_pass03/000000/height.raw	season1/metin2_map_sungzi_snow_pass03/000000/height.raw	1
season1/season1/metin2_map_sungzi_snow_pass03/000000/shadowmap.raw	season1/metin2_map_sungzi_snow_pass03/000000/shadowmap.raw	1
season1/season1/metin2_map_sungzi_snow_pass03/000000/water.wtr	season1/metin2_map_sungzi_snow_pass03/000000/water.wtr	1
season1/season1/metin2_map_sungzi_snow_pass03/000001/attr.atr	season1/metin2_map_sungzi_snow_pass03/000001/attr.atr	1
season1/season1/metin2_map_sungzi_snow_pass03/000001/water.wtr	season1/metin2_map_sungzi_snow_pass03/000001/water.wtr	1
season1/season1/monster/ch_magician/skipia_magician01.dds	season1/monster/ch_magician/skipia_magician01.dds	1
season1/season1/metin2_map_sungzi_snow_pass03/000002/shadowmap.raw	season1/metin2_map_sungzi_snow_pass03/000002/shadowmap.raw	1
season1/season1/metin2_map_sungzi_snow_pass03/000002/water.wtr	season1/metin2_map_sungzi_snow_pass03/000002/water.wtr	1
season1/season1/metin2_map_sungzi_snow_pass03/000003/attr.atr	season1/metin2_map_sungzi_snow_pass03/000003/attr.atr	1
season1/season1/metin2_map_sungzi_snow_pass03/000003/minimap.dds	season1/metin2_map_sungzi_snow_pass03/000003/minimap.dds	1
season1/season1/metin2_map_sungzi_snow_pass03/001000/areadata.txt	season1/metin2_map_sungzi_snow_pass03/001000/areadata.txt	1
season1/season1/metin2_map_sungzi_snow_pass03/001000/shadowmap.dds	season1/metin2_map_sungzi_snow_pass03/001000/shadowmap.dds	1
season1/season1/metin2_map_sungzi_snow_pass03/001001/areadata.txt	season1/metin2_map_sungzi_snow_pass03/001001/areadata.txt	1
season1/season1/metin2_map_sungzi_snow_pass03/001001/attr.atr	season1/metin2_map_sungzi_snow_pass03/001001/attr.atr	1
season1/season1/metin2_map_sungzi_snow_pass03/001001/height.raw	season1/metin2_map_sungzi_snow_pass03/001001/height.raw	1
season1/season1/metin2_map_sungzi_snow_pass03/001001/shadowmap.raw	season1/metin2_map_sungzi_snow_pass03/001001/shadowmap.raw	1
season1/season1/metin2_map_sungzi_snow_pass03/001001/water.wtr	season1/metin2_map_sungzi_snow_pass03/001001/water.wtr	1
season1/season1/metin2_map_sungzi_snow_pass03/001002/areaambiencedata.txt	season1/metin2_map_sungzi_snow_pass03/001002/areaambiencedata.txt	1
season1/season1/metin2_map_sungzi_snow_pass03/001002/areadata.txt	season1/metin2_map_sungzi_snow_pass03/001002/areadata.txt	1
season1/season1/metin2_map_wl_01/001003/attr.atr	season1/metin2_map_wl_01/001003/attr.atr	1
season1/season1/metin2_map_sungzi_snow_pass03/001002/areaproperty.txt	season1/metin2_map_sungzi_snow_pass03/001002/areaproperty.txt	1
season1/season1/npc/chagirap/wait.gr2	season1/npc/chagirap/wait.gr2	1
season1/season1/metin2_map_sungzi_snow_pass03/001002/shadowmap.raw	season1/metin2_map_sungzi_snow_pass03/001002/shadowmap.raw	1
season1/season1/metin2_map_sungzi_snow_pass03/001002/water.wtr	season1/metin2_map_sungzi_snow_pass03/001002/water.wtr	1
season1/season1/metin2_map_sungzi_snow_pass03/001003/height.raw	season1/metin2_map_sungzi_snow_pass03/001003/height.raw	1
season1/season1/metin2_map_sungzi_snow_pass03/001003/water.wtr	season1/metin2_map_sungzi_snow_pass03/001003/water.wtr	1
season1/season1/monster/ch_footman/skipia_footman_back_knockdown.msa	season1/monster/ch_footman/skipia_footman_back_knockdown.msa	1
season1/season1/metin2_map_wl_01/mapproperty.txt	season1/metin2_map_wl_01/mapproperty.txt	1
season1/season1/metin2_map_wl_01/000000/areadata.txt	season1/metin2_map_wl_01/000000/areadata.txt	1
season1/season1/metin2_map_wl_01/000000/attr.atr	season1/metin2_map_wl_01/000000/attr.atr	1
season1/season1/metin2_map_wl_01/000000/minimap.dds	season1/metin2_map_wl_01/000000/minimap.dds	1
season1/season1/monster/ch_magician/torpedo.msf	season1/monster/ch_magician/torpedo.msf	1
season1/season1/metin2_map_wl_01/000000/shadowmap.dds	season1/metin2_map_wl_01/000000/shadowmap.dds	1
season1/season1/metin2_map_wl_01/003003/attr.atr	season1/metin2_map_wl_01/003003/attr.atr	1
season1/season1/metin2_map_wl_01/000000/tile.raw	season1/metin2_map_wl_01/000000/tile.raw	1
season1/season1/metin2_map_wl_01/000001/areaambiencedata.txt	season1/metin2_map_wl_01/000001/areaambiencedata.txt	1
season1/season1/metin2_map_wl_01/000001/areadata.txt	season1/metin2_map_wl_01/000001/areadata.txt	1
season1/season1/metin2_map_wl_01/000001/shadowmap.dds	season1/metin2_map_wl_01/000001/shadowmap.dds	1
season1/season1/metin2_map_wl_01/000002/areaambiencedata.txt	season1/metin2_map_wl_01/000002/areaambiencedata.txt	1
season1/season1/monster/ch_magician/skipia_magician_attack1.gr2	season1/monster/ch_magician/skipia_magician_attack1.gr2	1
season1/season1/metin2_map_wl_01/000002/areadata.txt	season1/metin2_map_wl_01/000002/areadata.txt	1
season1/season1/metin2_map_wl_01/000002/water.wtr	season1/metin2_map_wl_01/000002/water.wtr	1
season1/season1/metin2_map_wl_01/000002/areaproperty.txt	season1/metin2_map_wl_01/000002/areaproperty.txt	1
season1/season1/monster/skeleton_king_e/31.msa	season1/monster/skeleton_king_e/31.msa	1
season1/season1/metin2_map_wl_01/000002/attr.atr	season1/metin2_map_wl_01/000002/attr.atr	1
season1/season1/metin2_map_wl_01/000002/minimap.dds	season1/metin2_map_wl_01/000002/minimap.dds	1
season1/season1/metin2_map_wl_01/000002/shadowmap.dds	season1/metin2_map_wl_01/000002/shadowmap.dds	1
season1/season1/metin2_map_wl_01/000002/shadowmap.raw	season1/metin2_map_wl_01/000002/shadowmap.raw	1
season1/season1/metin2_map_wl_01/000003/areaproperty.txt	season1/metin2_map_wl_01/000003/areaproperty.txt	1
season1/season1/metin2_map_wl_01/000003/height.raw	season1/metin2_map_wl_01/000003/height.raw	1
season1/season1/metin2_map_wl_01/000003/tile.raw	season1/metin2_map_wl_01/000003/tile.raw	1
season1/season1/metin2_map_wl_01/000003/water.wtr	season1/metin2_map_wl_01/000003/water.wtr	1
season1/season1/metin2_map_wl_01/003001/areaproperty.txt	season1/metin2_map_wl_01/003001/areaproperty.txt	1
season1/season1/metin2_map_wl_01/003001/shadowmap.dds	season1/metin2_map_wl_01/003001/shadowmap.dds	1
season1/season1/metin2_map_wl_01/001000/shadowmap.raw	season1/metin2_map_wl_01/001000/shadowmap.raw	1
season1/season1/metin2_map_wl_01/001000/tile.raw	season1/metin2_map_wl_01/001000/tile.raw	1
season1/season1/metin2_map_wl_01/001000/water.wtr	season1/metin2_map_wl_01/001000/water.wtr	1
season1/season1/metin2_map_wl_01/001001/areaambiencedata.txt	season1/metin2_map_wl_01/001001/areaambiencedata.txt	1
season1/season1/metin2_map_wl_01/001001/areaproperty.txt	season1/metin2_map_wl_01/001001/areaproperty.txt	1
season1/season1/metin2_map_wl_01/001001/tile.raw	season1/metin2_map_wl_01/001001/tile.raw	1
season1/season1/npc/samahi/shape.msm	season1/npc/samahi/shape.msm	1
season1/season1/metin2_map_wl_01/001001/water.wtr	season1/metin2_map_wl_01/001001/water.wtr	1
season1/season1/metin2_map_wl_01/001002/areaproperty.txt	season1/metin2_map_wl_01/001002/areaproperty.txt	1
season1/season1/metin2_map_wl_01/001002/tile.raw	season1/metin2_map_wl_01/001002/tile.raw	1
season1/season1/metin2_map_wl_01/001003/areaambiencedata.txt	season1/metin2_map_wl_01/001003/areaambiencedata.txt	1
season1/season1/metin2_map_wl_01/001003/areadata.txt	season1/metin2_map_wl_01/001003/areadata.txt	1
season1/season1/metin2_map_wl_01/001003/height.raw	season1/metin2_map_wl_01/001003/height.raw	1
season1/season1/metin2_map_wl_01/001003/water.wtr	season1/metin2_map_wl_01/001003/water.wtr	1
season1/season1/npc/firestone/firestone.dds	season1/npc/firestone/firestone.dds	1
season1/season1/metin2_map_wl_01/002000/areadata.txt	season1/metin2_map_wl_01/002000/areadata.txt	1
season1/season1/monster/ch_bowman/skipia_bowman_dead.gr2	season1/monster/ch_bowman/skipia_bowman_dead.gr2	1
season1/season1/metin2_map_wl_01/002000/areaproperty.txt	season1/metin2_map_wl_01/002000/areaproperty.txt	1
season1/season1/metin2_map_wl_01/002000/attr.atr	season1/metin2_map_wl_01/002000/attr.atr	1
season1/season1/metin2_map_wl_01/002000/minimap.dds	season1/metin2_map_wl_01/002000/minimap.dds	1
season1/season1/metin2_map_wl_01/002000/shadowmap.raw	season1/metin2_map_wl_01/002000/shadowmap.raw	1
season1/season1/metin2_map_wl_01/002000/tile.raw	season1/metin2_map_wl_01/002000/tile.raw	1
season1/season1/metin2_map_wl_01/002001/areadata.txt	season1/metin2_map_wl_01/002001/areadata.txt	1
season1/season1/metin2_map_wl_01/002001/height.raw	season1/metin2_map_wl_01/002001/height.raw	1
season1/season1/metin2_map_wl_01/002001/minimap.dds	season1/metin2_map_wl_01/002001/minimap.dds	1
season1/season1/metin2_map_wl_01/002001/shadowmap.dds	season1/metin2_map_wl_01/002001/shadowmap.dds	1
season1/season1/metin2_map_wl_01/002001/tile.raw	season1/metin2_map_wl_01/002001/tile.raw	1
season1/season1/metin2_map_wl_01/002002/areadata.txt	season1/metin2_map_wl_01/002002/areadata.txt	1
season1/season1/metin2_map_wl_01/002002/height.raw	season1/metin2_map_wl_01/002002/height.raw	1
season1/season1/npc/sinsu_guard_spear/33.msa	season1/npc/sinsu_guard_spear/33.msa	1
season1/season1/metin2_map_wl_01/002002/water.wtr	season1/metin2_map_wl_01/002002/water.wtr	1
season1/season1/metin2_map_wl_01/002003/attr.atr	season1/metin2_map_wl_01/002003/attr.atr	1
season1/season1/metin2_map_wl_01/002003/height.raw	season1/metin2_map_wl_01/002003/height.raw	1
season1/season1/metin2_map_wl_01/002003/shadowmap.raw	season1/metin2_map_wl_01/002003/shadowmap.raw	1
season1/season1/metin2_map_wl_01/002003/tile.raw	season1/metin2_map_wl_01/002003/tile.raw	1
season1/season1/metin2_map_wl_01/003000/areadata.txt	season1/metin2_map_wl_01/003000/areadata.txt	1
season1/season1/metin2_map_wl_01/003000/attr.atr	season1/metin2_map_wl_01/003000/attr.atr	1
season1/season1/metin2_map_wl_01/003000/shadowmap.dds	season1/metin2_map_wl_01/003000/shadowmap.dds	1
season1/season1/metin2_map_wl_01/003000/tile.raw	season1/metin2_map_wl_01/003000/tile.raw	1
season1/season1/metin2_map_wl_01/003001/areadata.txt	season1/metin2_map_wl_01/003001/areadata.txt	1
season1/season1/metin2_map_wl_01/003001/height.raw	season1/metin2_map_wl_01/003001/height.raw	1
season1/season1/metin2_map_wl_01/003001/tile.raw	season1/metin2_map_wl_01/003001/tile.raw	1
season1/season1/metin2_map_wl_01/003001/water.wtr	season1/metin2_map_wl_01/003001/water.wtr	1
season1/season1/metin2_map_wl_01/003002/minimap.dds	season1/metin2_map_wl_01/003002/minimap.dds	1
season1/season1/monster/ch_magician/magician.msm	season1/monster/ch_magician/magician.msm	1
season1/season1/metin2_map_wl_01/003002/tile.raw	season1/metin2_map_wl_01/003002/tile.raw	1
season1/season1/metin2_map_wl_01/003002/water.wtr	season1/metin2_map_wl_01/003002/water.wtr	1
season1/season1/metin2_map_wl_01/003003/areadata.txt	season1/metin2_map_wl_01/003003/areadata.txt	1
season1/season1/metin2_map_wl_01/003003/areaproperty.txt	season1/metin2_map_wl_01/003003/areaproperty.txt	1
season1/season1/metin2_map_wl_01/003003/minimap.dds	season1/metin2_map_wl_01/003003/minimap.dds	1
season1/season1/metin2_map_wl_01/003003/water.wtr	season1/metin2_map_wl_01/003003/water.wtr	1
season1/season1/monster/ch_bowman/14.jpg	season1/monster/ch_bowman/14.jpg	1
season1/season1/monster/ch_bowman/arrow.msf	season1/monster/ch_bowman/arrow.msf	1
season1/season1/npc/sinsu_guard_spear/30.msa	season1/npc/sinsu_guard_spear/30.msa	1
season1/season1/monster/ch_bowman/blow.mse	season1/monster/ch_bowman/blow.mse	1
season1/season1/monster/ch_bowman/skipia_bowman_back_damage1.gr2	season1/monster/ch_bowman/skipia_bowman_back_damage1.gr2	1
season1/season1/monster/ch_bowman/skipia_bowman_back_dead.gr2	season1/monster/ch_bowman/skipia_bowman_back_dead.gr2	1
season1/season1/monster/ch_bowman/skipia_bowman_back_knockdown.gr2	season1/monster/ch_bowman/skipia_bowman_back_knockdown.gr2	1
season1/season1/monster/ch_bowman/skipia_bowman_back_knockdown.msa	season1/monster/ch_bowman/skipia_bowman_back_knockdown.msa	1
season1/season1/monster/ch_bowman/skipia_bowman_back_standup.gr2	season1/monster/ch_bowman/skipia_bowman_back_standup.gr2	1
season1/season1/monster/ch_bowman/skipia_bowman_damage.msa	season1/monster/ch_bowman/skipia_bowman_damage.msa	1
season1/season1/monster/ch_bowman/skipia_bowman_damage1.gr2	season1/monster/ch_bowman/skipia_bowman_damage1.gr2	1
season1/season1/monster/ch_general/skipia_general_back_damage1.msa	season1/monster/ch_general/skipia_general_back_damage1.msa	1
season1/season1/monster/ch_bowman/skipia_bowman_damage1.msa	season1/monster/ch_bowman/skipia_bowman_damage1.msa	1
season1/season1/monster/ch_bowman/skipia_bowman_dead.msa	season1/monster/ch_bowman/skipia_bowman_dead.msa	1
season1/season1/monster/ch_bowman/skipia_bowman_front_standup.gr2	season1/monster/ch_bowman/skipia_bowman_front_standup.gr2	1
season1/season1/monster/ch_bowman/skipia_bowman_front_standup.msa	season1/monster/ch_bowman/skipia_bowman_front_standup.msa	1
season1/season1/npc/backchon/stand01.msa	season1/npc/backchon/stand01.msa	1
season1/season1/npc/ayuka/shape.msm	season1/npc/ayuka/shape.msm	1
season1/season1/monster/ch_bowman/skipia_bowman_standup.msa	season1/monster/ch_bowman/skipia_bowman_standup.msa	1
season1/season1/monster/ch_bowman/skipia_bowman_wait1.gr2	season1/monster/ch_bowman/skipia_bowman_wait1.gr2	1
season1/season1/monster/ch_footman/skipia_footman_back_damage1.gr2	season1/monster/ch_footman/skipia_footman_back_damage1.gr2	1
season1/season1/monster/ch_bowman/skipia_bowman_wait1.msa	season1/monster/ch_bowman/skipia_bowman_wait1.msa	1
season1/season1/monster/ch_footman/footman.msm	season1/monster/ch_footman/footman.msm	1
season1/season1/monster/ch_footman/motlist.txt	season1/monster/ch_footman/motlist.txt	1
season1/season1/monster/ch_footman/skipia_footman.gr2	season1/monster/ch_footman/skipia_footman.gr2	1
season1/season1/monster/ch_officer/skipia_officer_back_knockdown.gr2	season1/monster/ch_officer/skipia_officer_back_knockdown.gr2	1
season1/season1/monster/giant_desert_turtle_e/34.msa	season1/monster/giant_desert_turtle_e/34.msa	1
season1/season1/monster/ch_footman/skipia_footman02.dds	season1/monster/ch_footman/skipia_footman02.dds	1
season1/season1/monster/ch_footman/skipia_footman_attack.msa	season1/monster/ch_footman/skipia_footman_attack.msa	1
season1/season1/npc/backchon/backchon_lod_01_backup.gr2	season1/npc/backchon/backchon_lod_01_backup.gr2	1
season1/season1/monster/ch_footman/skipia_footman_back_damage.gr2	season1/monster/ch_footman/skipia_footman_back_damage.gr2	1
season1/season1/monster/ch_officer/shape.msm	season1/monster/ch_officer/shape.msm	1
season1/season1/monster/ch_footman/skipia_footman_back_damage.msa	season1/monster/ch_footman/skipia_footman_back_damage.msa	1
season1/season1/monster/ch_footman/skipia_footman_front_damage1.gr2	season1/monster/ch_footman/skipia_footman_front_damage1.gr2	1
season1/season1/monster/ch_footman/skipia_footman_front_damage1.msa	season1/monster/ch_footman/skipia_footman_front_damage1.msa	1
season1/season1/monster/ch_footman/skipia_footman_front_knockdown.gr2	season1/monster/ch_footman/skipia_footman_front_knockdown.gr2	1
season1/season1/monster/ch_officer/skipia_officer_attack.gr2	season1/monster/ch_officer/skipia_officer_attack.gr2	1
season1/season1/monster/ch_footman/skipia_footman_front_knockdown.msa	season1/monster/ch_footman/skipia_footman_front_knockdown.msa	1
season1/season1/monster/ch_footman/skipia_footman_front_stand.msa	season1/monster/ch_footman/skipia_footman_front_stand.msa	1
season1/season1/monster/ch_footman/skipia_footman_front_standup.gr2	season1/monster/ch_footman/skipia_footman_front_standup.gr2	1
season1/season1/monster/ch_footman/skipia_footman_run.gr2	season1/monster/ch_footman/skipia_footman_run.gr2	1
season1/season1/npc/visamun/visamun.msm	season1/npc/visamun/visamun.msm	1
season1/season1/monster/ch_footman/skipia_footman_wait.msa	season1/monster/ch_footman/skipia_footman_wait.msa	1
season1/season1/monster/ch_footman/skipia_footman_wait1.msa	season1/monster/ch_footman/skipia_footman_wait1.msa	1
season1/season1/monster/fox_ninetail_e/motlist.txt	season1/monster/fox_ninetail_e/motlist.txt	1
season1/season1/monster/ch_general/skipia_general.gr2	season1/monster/ch_general/skipia_general.gr2	1
season1/season1/monster/ch_general/skipia_general02.dds	season1/monster/ch_general/skipia_general02.dds	1
season1/season1/monster/ch_general/skipia_general_attack1.gr2	season1/monster/ch_general/skipia_general_attack1.gr2	1
season1/season1/monster/ch_general/skipia_general_back_damage.msa	season1/monster/ch_general/skipia_general_back_damage.msa	1
season1/season1/monster/ch_general/skipia_general_back_standup.msa	season1/monster/ch_general/skipia_general_back_standup.msa	1
season1/season1/monster/orc_lord_e/31.msa	season1/monster/orc_lord_e/31.msa	1
season1/season1/monster/ch_general/skipia_general_front_damage.gr2	season1/monster/ch_general/skipia_general_front_damage.gr2	1
season1/season1/monster/ch_magician/skipia_magician_back_damage.gr2	season1/monster/ch_magician/skipia_magician_back_damage.gr2	1
season1/season1/monster/ch_general/skipia_general_front_damage1.gr2	season1/monster/ch_general/skipia_general_front_damage1.gr2	1
season1/season1/monster/ch_general/skipia_general_front_knockdown.gr2	season1/monster/ch_general/skipia_general_front_knockdown.gr2	1
season1/season1/monster/ch_magician/skipia_magician_front_standup.msa	season1/monster/ch_magician/skipia_magician_front_standup.msa	1
season1/season1/monster/ch_general/skipia_general_front_knockdown.msa	season1/monster/ch_general/skipia_general_front_knockdown.msa	1
season1/season1/monster/ch_general/skipia_general_front_standup.msa	season1/monster/ch_general/skipia_general_front_standup.msa	1
season1/season1/monster/ch_officer/skipia_officer_back_damage.msa	season1/monster/ch_officer/skipia_officer_back_damage.msa	1
season1/season1/monster/ch_general/skipia_general_knockdown.msa	season1/monster/ch_general/skipia_general_knockdown.msa	1
season1/season1/monster/ch_general/skipia_general_run.gr2	season1/monster/ch_general/skipia_general_run.gr2	1
season1/season1/monster/ch_general/skipia_general_run.msa	season1/monster/ch_general/skipia_general_run.msa	1
season1/season1/monster/ch_general/skipia_general_skill2.msa	season1/monster/ch_general/skipia_general_skill2.msa	1
season1/season1/monster/ch_general/skipia_general_wait1.msa	season1/monster/ch_general/skipia_general_wait1.msa	1
season1/season1/monster/ch_magician/0002.tga	season1/monster/ch_magician/0002.tga	1
season1/season1/monster/ch_magician/skipia_magician_damage.msa	season1/monster/ch_magician/skipia_magician_damage.msa	1
season1/season1/monster/ch_magician/0003.tga	season1/monster/ch_magician/0003.tga	1
season1/season1/monster/ch_magician/motlist.txt	season1/monster/ch_magician/motlist.txt	1
season1/season1/monster/ch_magician/skipia_fire.mse	season1/monster/ch_magician/skipia_fire.mse	1
season1/season1/monster/ch_magician/skipia_magician02.dds	season1/monster/ch_magician/skipia_magician02.dds	1
season1/season1/monster/ch_magician/skipia_magician_attack.gr2	season1/monster/ch_magician/skipia_magician_attack.gr2	1
season1/season1/monster/ch_magician/skipia_magician_back_damage.msa	season1/monster/ch_magician/skipia_magician_back_damage.msa	1
season1/season1/monster/ch_magician/skipia_magician_back_damage1.msa	season1/monster/ch_magician/skipia_magician_back_damage1.msa	1
season1/season1/monster/yellow_tigerman_e/motlist.txt	season1/monster/yellow_tigerman_e/motlist.txt	1
season1/season1/monster/ch_magician/skipia_magician_back_dead.msa	season1/monster/ch_magician/skipia_magician_back_dead.msa	1
season1/season1/monster/skeleton_god_e/36.msa	season1/monster/skeleton_god_e/36.msa	1
season1/season1/monster/ch_magician/skipia_magician_back_standup.gr2	season1/monster/ch_magician/skipia_magician_back_standup.gr2	1
season1/season1/monster/skeleton_god_e/skeleton_god_e.dds	season1/monster/skeleton_god_e/skeleton_god_e.dds	1
season1/season1/monster/ch_magician/skipia_magician_damage1.gr2	season1/monster/ch_magician/skipia_magician_damage1.gr2	1
season1/season1/monster/ch_magician/skipia_magician_damage1.msa	season1/monster/ch_magician/skipia_magician_damage1.msa	1
season1/season1/monster/ch_magician/skipia_magician_front_knockdown.gr2	season1/monster/ch_magician/skipia_magician_front_knockdown.gr2	1
season1/season1/monster/yellow_tigerman_e/30.msa	season1/monster/yellow_tigerman_e/30.msa	1
season1/season1/npc/chagirap/chagirap.dds	season1/npc/chagirap/chagirap.dds	1
season1/season1/monster/ch_magician/skipia_magician_front_knockdown.msa	season1/monster/ch_magician/skipia_magician_front_knockdown.msa	1
season1/season1/monster/ch_magician/skipia_magician_front_standup.gr2	season1/monster/ch_magician/skipia_magician_front_standup.gr2	1
season1/season1/npc/chagirap/die.gr2	season1/npc/chagirap/die.gr2	1
season1/season1/monster/ch_magician/skipia_magician_run.msa	season1/monster/ch_magician/skipia_magician_run.msa	1
season1/season1/monster/ch_magician/skipia_magician_wait.gr2	season1/monster/ch_magician/skipia_magician_wait.gr2	1
season1/season1/monster/ch_magician/skipia_magician_wait.msa	season1/monster/ch_magician/skipia_magician_wait.msa	1
season1/season1/npc/handaup/handaup_lod_01_backup.gr2	season1/npc/handaup/handaup_lod_01_backup.gr2	1
season1/season1/monster/ch_magician/skipia_magician_wait1.gr2	season1/monster/ch_magician/skipia_magician_wait1.gr2	1
season1/season1/monster/ch_magician/skipia_magician_wait1.msa	season1/monster/ch_magician/skipia_magician_wait1.msa	1
season1/season1/monster/ch_magician/torpedo_blow.mse	season1/monster/ch_magician/torpedo_blow.mse	1
season1/season1/monster/ch_officer/motlist.txt	season1/monster/ch_officer/motlist.txt	1
season1/season1/monster/ch_officer/skipia_officer01.dds	season1/monster/ch_officer/skipia_officer01.dds	1
season1/season1/monster/ch_officer/skipia_officer02.dds	season1/monster/ch_officer/skipia_officer02.dds	1
season1/season1/monster/ch_officer/skipia_officer_attack1.gr2	season1/monster/ch_officer/skipia_officer_attack1.gr2	1
season1/season1/monster/ch_officer/skipia_officer_attack1.msa	season1/monster/ch_officer/skipia_officer_attack1.msa	1
season1/season1/monster/ch_officer/skipia_officer_back_damage1.gr2	season1/monster/ch_officer/skipia_officer_back_damage1.gr2	1
season1/season1/monster/ch_officer/skipia_officer_back_dead.gr2	season1/monster/ch_officer/skipia_officer_back_dead.gr2	1
season1/season1/monster/ch_officer/skipia_officer_back_knockdown.msa	season1/monster/ch_officer/skipia_officer_back_knockdown.msa	1
season1/season1/monster/ch_officer/skipia_officer_back_standup.gr2	season1/monster/ch_officer/skipia_officer_back_standup.gr2	1
season1/season1/monster/ch_officer/skipia_officer_knockdown.msa	season1/monster/ch_officer/skipia_officer_knockdown.msa	1
season1/season1/monster/ch_officer/skipia_officer_wait.gr2	season1/monster/ch_officer/skipia_officer_wait.gr2	1
season1/season1/monster/ch_officer/skipia_officer_wait.msa	season1/monster/ch_officer/skipia_officer_wait.msa	1
season1/season1/npc/cheonjo_guard_spear/34_1.msa	season1/npc/cheonjo_guard_spear/34_1.msa	1
season1/season1/monster/ch_officer/skipia_officer_wait1.msa	season1/monster/ch_officer/skipia_officer_wait1.msa	1
season1/season1/monster/fox_ninetail_e/00_1.msa	season1/monster/fox_ninetail_e/00_1.msa	1
season1/season1/monster/fox_ninetail_e/03.msa	season1/monster/fox_ninetail_e/03.msa	1
season1/season1/monster/fox_ninetail_e/20.msa	season1/monster/fox_ninetail_e/20.msa	1
season1/season1/monster/fox_ninetail_e/34_1.msa	season1/monster/fox_ninetail_e/34_1.msa	1
season1/season1/monster/fox_ninetail_e/36.msa	season1/monster/fox_ninetail_e/36.msa	1
season1/season1/monster/fox_ninetail_e/fox_ninetail_e.dds	season1/monster/fox_ninetail_e/fox_ninetail_e.dds	1
season1/season1/monster/fox_ninetail_e/fox_ninetail_e.gr2	season1/monster/fox_ninetail_e/fox_ninetail_e.gr2	1
season1/season1/monster/giant_desert_turtle_e/00.msa	season1/monster/giant_desert_turtle_e/00.msa	1
season1/season1/monster/giant_desert_turtle_e/20.msa	season1/monster/giant_desert_turtle_e/20.msa	1
season1/season1/monster/giant_desert_turtle_e/giant_desert_turtle_e.gr2	season1/monster/giant_desert_turtle_e/giant_desert_turtle_e.gr2	1
season1/season1/monster/milgyo_founder_e/00.msa	season1/monster/milgyo_founder_e/00.msa	1
season1/season1/monster/milgyo_founder_e/30_1.msa	season1/monster/milgyo_founder_e/30_1.msa	1
season1/season1/monster/milgyo_founder_e/34.msa	season1/monster/milgyo_founder_e/34.msa	1
season1/season1/monster/milgyo_founder_e/36.msa	season1/monster/milgyo_founder_e/36.msa	1
season1/season1/monster/milgyo_founder_e/milgyo_founder_e.dds	season1/monster/milgyo_founder_e/milgyo_founder_e.dds	1
season1/season1/monster/milgyo_founder_e/milgyo_founder_e.gr2	season1/monster/milgyo_founder_e/milgyo_founder_e.gr2	1
season1/season1/monster/milgyo_founder_e/shape.msm	season1/monster/milgyo_founder_e/shape.msm	1
season1/season1/monster/orc_lord_e/03.msa	season1/monster/orc_lord_e/03.msa	1
season1/season1/monster/orc_lord_e/20.msa	season1/monster/orc_lord_e/20.msa	1
season1/season1/monster/orc_lord_e/20_1.msa	season1/monster/orc_lord_e/20_1.msa	1
season1/season1/monster/orc_lord_e/24.msa	season1/monster/orc_lord_e/24.msa	1
season1/season1/npc/handaup/walk.msa	season1/npc/handaup/walk.msa	1
season1/season1/monster/orc_lord_e/32.msa	season1/monster/orc_lord_e/32.msa	1
season1/season1/monster/orc_lord_e/33.msa	season1/monster/orc_lord_e/33.msa	1
season1/season1/monster/orc_lord_e/34.msa	season1/monster/orc_lord_e/34.msa	1
season1/season1/monster/orc_lord_e/35.msa	season1/monster/orc_lord_e/35.msa	1
season1/season1/monster/orc_lord_e/motlist.txt	season1/monster/orc_lord_e/motlist.txt	1
season1/season1/monster/orc_lord_e/orc_lord_e.gr2	season1/monster/orc_lord_e/orc_lord_e.gr2	1
season1/season1/monster/skeleton_god_e/00_1.msa	season1/monster/skeleton_god_e/00_1.msa	1
season1/season1/monster/skeleton_god_e/03.msa	season1/monster/skeleton_god_e/03.msa	1
season1/season1/monster/skeleton_god_e/30_1.msa	season1/monster/skeleton_god_e/30_1.msa	1
season1/season1/monster/skeleton_god_e/32.msa	season1/monster/skeleton_god_e/32.msa	1
season1/season1/monster/skeleton_god_e/skeleton_god_weapon_e.dds	season1/monster/skeleton_god_e/skeleton_god_weapon_e.dds	1
season1/season1/monster/skeleton_king_e/20_1.msa	season1/monster/skeleton_king_e/20_1.msa	1
season1/season1/monster/skeleton_king_e/24.msa	season1/monster/skeleton_king_e/24.msa	1
season1/season1/monster/skeleton_king_e/32.msa	season1/monster/skeleton_king_e/32.msa	1
season1/season1/monster/skeleton_king_e/32_1.msa	season1/monster/skeleton_king_e/32_1.msa	1
season1/season1/monster/skeleton_king_e/33_1.msa	season1/monster/skeleton_king_e/33_1.msa	1
season1/season1/monster/skeleton_king_e/37.msa	season1/monster/skeleton_king_e/37.msa	1
season1/season1/monster/spider_queen_e/20.msa	season1/monster/spider_queen_e/20.msa	1
season1/season1/monster/spider_queen_e/31.msa	season1/monster/spider_queen_e/31.msa	1
season1/season1/monster/spider_queen_e/spider_queen_e.dds	season1/monster/spider_queen_e/spider_queen_e.dds	1
season1/season1/monster/spider_queen_e/spider_queen_e.gr2	season1/monster/spider_queen_e/spider_queen_e.gr2	1
season1/season1/monster/yellow_tigerman_e/20.msa	season1/monster/yellow_tigerman_e/20.msa	1
season1/season1/npc/ayuka/ayuka.dds	season1/npc/ayuka/ayuka.dds	1
season1/season1/monster/yellow_tigerman_e/20_1.msa	season1/monster/yellow_tigerman_e/20_1.msa	1
season1/season1/monster/yellow_tigerman_e/24.msa	season1/monster/yellow_tigerman_e/24.msa	1
season1/season1/monster/yellow_tigerman_e/30_1.msa	season1/monster/yellow_tigerman_e/30_1.msa	1
season1/season1/monster/yellow_tigerman_e/33.msa	season1/monster/yellow_tigerman_e/33.msa	1
season1/season1/monster/yellow_tigerman_e/34.msa	season1/monster/yellow_tigerman_e/34.msa	1
season1/season1/monster/yellow_tigerman_e/34_1.msa	season1/monster/yellow_tigerman_e/34_1.msa	1
season1/season1/monster/yellow_tigerman_e/shape.msm	season1/monster/yellow_tigerman_e/shape.msm	1
season1/season1/npc/ayuka/motlist.txt	season1/npc/ayuka/motlist.txt	1
season1/season1/npc/ayuka/stand00.gr2	season1/npc/ayuka/stand00.gr2	1
season1/season1/npc/ayuka/stand00.msa	season1/npc/ayuka/stand00.msa	1
season1/season1/npc/ayuka/stand01.gr2	season1/npc/ayuka/stand01.gr2	1
season1/season1/npc/ayuka/stand01.msa	season1/npc/ayuka/stand01.msa	1
season1/season1/npc/backchon/backchon.dds	season1/npc/backchon/backchon.dds	1
season1/season1/npc/backchon/backchonstand01.gr2	season1/npc/backchon/backchonstand01.gr2	1
season1/season1/npc/backchon/motlist.txt	season1/npc/backchon/motlist.txt	1
season1/season1/npc/backchon/stand00.msa	season1/npc/backchon/stand00.msa	1
season1/season1/npc/chagirap/chagirap.gr2	season1/npc/chagirap/chagirap.gr2	1
season1/season1/npc/chagirap/chagirap_lod01.gr2	season1/npc/chagirap/chagirap_lod01.gr2	1
season1/season1/npc/chagirap/die.msa	season1/npc/chagirap/die.msa	1
season1/season1/npc/chagirap/motlist.txt	season1/npc/chagirap/motlist.txt	1
season1/season1/npc/chagirap/shape.msm	season1/npc/chagirap/shape.msm	1
season1/season1/npc/chagirap/wait.msa	season1/npc/chagirap/wait.msa	1
season1/season1/npc/visal/motlist.txt	season1/npc/visal/motlist.txt	1
season1/season1/npc/chagirap/walk.gr2	season1/npc/chagirap/walk.gr2	1
season1/season1/npc/chagirap/walk.msa	season1/npc/chagirap/walk.msa	1
season1/season1/npc/cheonjo_guard_bow/20.msa	season1/npc/cheonjo_guard_bow/20.msa	1
season1/season1/npc/cheonjo_guard_bow/31.msa	season1/npc/cheonjo_guard_bow/31.msa	1
season1/season1/npc/cheonjo_guard_bow/32.msa	season1/npc/cheonjo_guard_bow/32.msa	1
season1/season1/npc/cheonjo_guard_bow/cheonjo_patrol_bow.dds	season1/npc/cheonjo_guard_bow/cheonjo_patrol_bow.dds	1
season1/season1/npc/cheonjo_guard_bow/cheonjo_patrol_bow.gr2	season1/npc/cheonjo_guard_bow/cheonjo_patrol_bow.gr2	1
season1/season1/npc/cheonjo_guard_bow/motlist.txt	season1/npc/cheonjo_guard_bow/motlist.txt	1
season1/season1/npc/cheonjo_guard_spear/02.msa	season1/npc/cheonjo_guard_spear/02.msa	1
season1/season1/npc/cheonjo_guard_spear/03.msa	season1/npc/cheonjo_guard_spear/03.msa	1
season1/season1/npc/cheonjo_guard_spear/20.msa	season1/npc/cheonjo_guard_spear/20.msa	1
season1/season1/npc/cheonjo_guard_spear/30.msa	season1/npc/cheonjo_guard_spear/30.msa	1
season1/season1/npc/cheonjo_guard_spear/34.msa	season1/npc/cheonjo_guard_spear/34.msa	1
season1/season1/npc/cheonjo_guard_spear/36.msa	season1/npc/cheonjo_guard_spear/36.msa	1
season1/season1/npc/cheonjo_guard_spear/37.msa	season1/npc/cheonjo_guard_spear/37.msa	1
season1/season1/npc/cheonjo_guard_spear/cheonjo_patrol_spear.gr2	season1/npc/cheonjo_guard_spear/cheonjo_patrol_spear.gr2	1
season1/season1/npc/cheonjo_guard_spear/cheonjo_patrol_spear_lod_01.gr2	season1/npc/cheonjo_guard_spear/cheonjo_patrol_spear_lod_01.gr2	1
season1/season1/npc/cheonjo_guard_spear/motlist.txt	season1/npc/cheonjo_guard_spear/motlist.txt	1
season1/season1/pc/sura/sura_1-3_biun_a.dds	season1/pc/sura/sura_1-3_biun_a.dds	1
season1/season1/npc/cheonjo_guard_spear/shape.msm	season1/npc/cheonjo_guard_spear/shape.msm	1
season1/season1/pc/sura/sura_2-1_saryeong_a.dds	season1/pc/sura/sura_2-1_saryeong_a.dds	1
season1/season1/npc/firestone/shape.msm	season1/npc/firestone/shape.msm	1
season1/season1/npc/goldenfrog/godenfrog.dds	season1/npc/goldenfrog/godenfrog.dds	1
season1/season1/npc/goldenfrog/goldenfrog.gr2	season1/npc/goldenfrog/goldenfrog.gr2	1
season1/season1/npc/goldenfrog/shape.msm	season1/npc/goldenfrog/shape.msm	1
season1/season1/npc/nnflower/nnflower.gr2	season1/npc/nnflower/nnflower.gr2	1
season1/season1/npc/handaup/die.msa	season1/npc/handaup/die.msa	1
season1/season1/npc/handaup/handaup.dds	season1/npc/handaup/handaup.dds	1
season1/season1/npc/handaup/handaup.gr2	season1/npc/handaup/handaup.gr2	1
season1/season1/npc/handaup/motlist.txt	season1/npc/handaup/motlist.txt	1
season1/season1/npc/handaup/run.gr2	season1/npc/handaup/run.gr2	1
season1/season1/npc/handaup/shape.msm	season1/npc/handaup/shape.msm	1
season1/season1/npc/handaup/wait.gr2	season1/npc/handaup/wait.gr2	1
season1/season1/npc/handaup/wait.msa	season1/npc/handaup/wait.msa	1
season1/season1/npc/jinmoo/jinmoo.dds	season1/npc/jinmoo/jinmoo.dds	1
season1/season1/npc/jinmoo/jinmoo.gr2	season1/npc/jinmoo/jinmoo.gr2	1
season1/season1/npc/jinmoo/jinmoo.msm	season1/npc/jinmoo/jinmoo.msm	1
season1/season1/npc/jinmoo/jinmoo_lod_01_backup.gr2	season1/npc/jinmoo/jinmoo_lod_01_backup.gr2	1
season1/season1/npc/sinsu_guard_bow/33.msa	season1/npc/sinsu_guard_bow/33.msa	1
season1/season1/npc/jinmoo/motlist.txt	season1/npc/jinmoo/motlist.txt	1
season1/season1/npc/jinmoo/stand00.msa	season1/npc/jinmoo/stand00.msa	1
season1/season1/npc/jinmoo/stand01.gr2	season1/npc/jinmoo/stand01.gr2	1
season1/season1/npc/jinmoo/stand01.msa	season1/npc/jinmoo/stand01.msa	1
season1/season1/pc/assassin/assassin_salpung_a.dds	season1/pc/assassin/assassin_salpung_a.dds	1
season1/season1/npc/jinno_guard_bow/00.msa	season1/npc/jinno_guard_bow/00.msa	1
season1/season1/npc/jinno_guard_bow/00_1.msa	season1/npc/jinno_guard_bow/00_1.msa	1
season1/season1/npc/jinno_guard_bow/02.msa	season1/npc/jinno_guard_bow/02.msa	1
season1/season1/npc/jinno_guard_bow/03.msa	season1/npc/jinno_guard_bow/03.msa	1
season1/season1/npc/jinno_guard_bow/20.msa	season1/npc/jinno_guard_bow/20.msa	1
season1/season1/npc/jinno_guard_bow/30_1.msa	season1/npc/jinno_guard_bow/30_1.msa	1
season1/season1/npc/jinno_guard_bow/32.msa	season1/npc/jinno_guard_bow/32.msa	1
season1/season1/npc/jinno_guard_bow/33.msa	season1/npc/jinno_guard_bow/33.msa	1
season1/season1/npc/jinno_guard_bow/34.msa	season1/npc/jinno_guard_bow/34.msa	1
season1/season1/npc/jinno_guard_bow/34_1.msa	season1/npc/jinno_guard_bow/34_1.msa	1
season1/season1/npc/jinno_guard_bow/35.msa	season1/npc/jinno_guard_bow/35.msa	1
season1/season1/npc/jinno_guard_bow/36.msa	season1/npc/jinno_guard_bow/36.msa	1
season1/season1/npc/jinno_guard_bow/37.msa	season1/npc/jinno_guard_bow/37.msa	1
season1/season1/npc/jinno_guard_bow/jinno_patrol_bow.gr2	season1/npc/jinno_guard_bow/jinno_patrol_bow.gr2	1
season1/season1/npc/jinno_guard_bow/motlist.txt	season1/npc/jinno_guard_bow/motlist.txt	1
season1/season1/npc/jinno_guard_spear/00.msa	season1/npc/jinno_guard_spear/00.msa	1
season1/season1/npc/jinno_guard_spear/00_1.msa	season1/npc/jinno_guard_spear/00_1.msa	1
season1/season1/npc/jinno_guard_spear/02.msa	season1/npc/jinno_guard_spear/02.msa	1
season1/season1/npc/jinno_guard_spear/30_1.msa	season1/npc/jinno_guard_spear/30_1.msa	1
season1/season1/npc/jinno_guard_spear/31.msa	season1/npc/jinno_guard_spear/31.msa	1
season1/season1/npc/jinno_guard_spear/33.msa	season1/npc/jinno_guard_spear/33.msa	1
season1/season1/npc/jinno_guard_spear/34.msa	season1/npc/jinno_guard_spear/34.msa	1
season1/season1/npc/jinno_guard_spear/34_1.msa	season1/npc/jinno_guard_spear/34_1.msa	1
season1/season1/npc/jinno_guard_spear/35.msa	season1/npc/jinno_guard_spear/35.msa	1
season1/season1/npc/jinno_guard_spear/jinno_patrol_spear.gr2	season1/npc/jinno_guard_spear/jinno_patrol_spear.gr2	1
season1/season1/npc/jinno_guard_spear/jinno_patrol_spear_lod_01.gr2	season1/npc/jinno_guard_spear/jinno_patrol_spear_lod_01.gr2	1
season1/season1/npc/jinno_guard_spear/jinno_patrol_spear_lod_02.gr2	season1/npc/jinno_guard_spear/jinno_patrol_spear_lod_02.gr2	1
season1/season1/npc/jinno_guard_spear/jinno_patrol_spear_lod_03.gr2	season1/npc/jinno_guard_spear/jinno_patrol_spear_lod_03.gr2	1
season1/season1/npc/jinno_guard_spear/shape.msm	season1/npc/jinno_guard_spear/shape.msm	1
season1/season1/npc/keyholestone/keyholestone.dds	season1/npc/keyholestone/keyholestone.dds	1
season1/season1/npc/keyholestone/keyholestone.gr2	season1/npc/keyholestone/keyholestone.gr2	1
season1/season1/npc/mirinae_brother/mirinae_brother.gr2	season1/npc/mirinae_brother/mirinae_brother.gr2	1
season1/season1/npc/mirinae_brother/mirinae_brother_lod_01_backup.gr2	season1/npc/mirinae_brother/mirinae_brother_lod_01_backup.gr2	1
season1/season1/npc/mirinae_brother/shape.msm	season1/npc/mirinae_brother/shape.msm	1
season1/season1/npc/naoki/02.gr2	season1/npc/naoki/02.gr2	1
season1/season1/npc/naoki/02.msa	season1/npc/naoki/02.msa	1
season1/season1/npc/naoki/03.gr2	season1/npc/naoki/03.gr2	1
season1/season1/npc/naoki/03_1.gr2	season1/npc/naoki/03_1.gr2	1
season1/season1/npc/naoki/03_2.gr2	season1/npc/naoki/03_2.gr2	1
season1/season1/npc/naoki/03_2.msa	season1/npc/naoki/03_2.msa	1
season1/season1/npc/naoki/31.msa	season1/npc/naoki/31.msa	1
season1/season1/npc/naoki/die.msa	season1/npc/naoki/die.msa	1
season1/season1/npc/naoki/japanese_pirate.dds	season1/npc/naoki/japanese_pirate.dds	1
season1/season1/npc/naoki/motlist.txt	season1/npc/naoki/motlist.txt	1
season1/season1/npc/naoki/naoki.dds	season1/npc/naoki/naoki.dds	1
season1/season1/npc/naoki/naoki_lod_01.gr2	season1/npc/naoki/naoki_lod_01.gr2	1
season1/season1/npc/naoki/run.msa	season1/npc/naoki/run.msa	1
season1/season1/npc/naoki/run2.msa	season1/npc/naoki/run2.msa	1
season1/season1/npc/naoki/shape.msm	season1/npc/naoki/shape.msm	1
season1/season1/npc/naoki/wait.msa	season1/npc/naoki/wait.msa	1
season1/season1/npc/naoki/walk.msa	season1/npc/naoki/walk.msa	1
season1/season1/npc/samahi/samahi.dds	season1/npc/samahi/samahi.dds	1
season1/season1/npc/samahi/samahi.msm	season1/npc/samahi/samahi.msm	1
season1/season1/npc/samahi/stand00.gr2	season1/npc/samahi/stand00.gr2	1
season1/season1/npc/samahi/stand00.msa	season1/npc/samahi/stand00.msa	1
season1/season1/npc/samahi/stand01.msa	season1/npc/samahi/stand01.msa	1
season1/season1/npc/signal_fire/shape.msm	season1/npc/signal_fire/shape.msm	1
season1/season1/npc/signal_fire/signal_fire.dds	season1/npc/signal_fire/signal_fire.dds	1
season1/season1/npc/signal_fire/signalfire_ani.gr2	season1/npc/signal_fire/signalfire_ani.gr2	1
season1/season1/npc/sinseon/motlist.txt	season1/npc/sinseon/motlist.txt	1
season1/season1/npc/sinseon/sinsen.gr2	season1/npc/sinseon/sinsen.gr2	1
season1/season1/npc/sinseon/sinsen_lod_01_backup.gr2	season1/npc/sinseon/sinsen_lod_01_backup.gr2	1
season1/season1/npc/sinseon/sinseon.dds	season1/npc/sinseon/sinseon.dds	1
season1/season1/npc/sinseon/sinseon.gr2	season1/npc/sinseon/sinseon.gr2	1
season1/season1/npc/sinsu_guard_bow/00.msa	season1/npc/sinsu_guard_bow/00.msa	1
season1/season1/npc/sinsu_guard_bow/00_1.msa	season1/npc/sinsu_guard_bow/00_1.msa	1
season1/season1/npc/visal/stand01.msa	season1/npc/visal/stand01.msa	1
season1/season1/npc/sinsu_guard_bow/03.msa	season1/npc/sinsu_guard_bow/03.msa	1
season1/season1/npc/sinsu_guard_bow/20.msa	season1/npc/sinsu_guard_bow/20.msa	1
season1/season1/npc/visamun/stand01.msa	season1/npc/visamun/stand01.msa	1
season1/season1/npc/sinsu_guard_bow/30.msa	season1/npc/sinsu_guard_bow/30.msa	1
season1/season1/npc/sinsu_guard_bow/30_1.msa	season1/npc/sinsu_guard_bow/30_1.msa	1
season1/season1/npc/sinsu_guard_bow/32.msa	season1/npc/sinsu_guard_bow/32.msa	1
season1/season1/npc/sinsu_guard_bow/34.msa	season1/npc/sinsu_guard_bow/34.msa	1
season1/season1/npc/sinsu_guard_bow/34_1.msa	season1/npc/sinsu_guard_bow/34_1.msa	1
season1/season1/npc/sinsu_guard_bow/35.msa	season1/npc/sinsu_guard_bow/35.msa	1
season1/season1/npc/sinsu_guard_bow/37.msa	season1/npc/sinsu_guard_bow/37.msa	1
season1/season1/npc/sinsu_guard_bow/motlist.txt	season1/npc/sinsu_guard_bow/motlist.txt	1
season1/season1/npc/sinsu_guard_bow/shape.msm	season1/npc/sinsu_guard_bow/shape.msm	1
season1/season1/npc/sinsu_guard_bow/sinsu_patrol_bow.dds	season1/npc/sinsu_guard_bow/sinsu_patrol_bow.dds	1
season1/season1/npc/sinsu_guard_bow/sinsu_patrol_bow.gr2	season1/npc/sinsu_guard_bow/sinsu_patrol_bow.gr2	1
season1/season1/npc/sinsu_guard_bow/sinsu_patrol_bow_lod_01.gr2	season1/npc/sinsu_guard_bow/sinsu_patrol_bow_lod_01.gr2	1
season1/season1/npc/sinsu_guard_bow/sinsu_patrol_bow_lod_02.gr2	season1/npc/sinsu_guard_bow/sinsu_patrol_bow_lod_02.gr2	1
season1/season1/npc/sinsu_guard_bow/sinsu_patrol_bow_lod_03.gr2	season1/npc/sinsu_guard_bow/sinsu_patrol_bow_lod_03.gr2	1
season1/season1/npc/sinsu_guard_spear/00.msa	season1/npc/sinsu_guard_spear/00.msa	1
season1/season1/npc/sinsu_guard_spear/02.msa	season1/npc/sinsu_guard_spear/02.msa	1
season1/season1/npc/sinsu_guard_spear/03.msa	season1/npc/sinsu_guard_spear/03.msa	1
season1/season1/npc/sinsu_guard_spear/20.msa	season1/npc/sinsu_guard_spear/20.msa	1
season1/season1/npc/sinsu_guard_spear/20_1.msa	season1/npc/sinsu_guard_spear/20_1.msa	1
season1/season1/npc/sinsu_guard_spear/30_1.msa	season1/npc/sinsu_guard_spear/30_1.msa	1
season1/season1/npc/sinsu_guard_spear/31.msa	season1/npc/sinsu_guard_spear/31.msa	1
season1/season1/npc/sinsu_guard_spear/34.msa	season1/npc/sinsu_guard_spear/34.msa	1
season1/season1/npc/sinsu_guard_spear/34_1.msa	season1/npc/sinsu_guard_spear/34_1.msa	1
season1/season1/npc/sinsu_guard_spear/35.msa	season1/npc/sinsu_guard_spear/35.msa	1
season1/season1/npc/sinsu_guard_spear/motlist.txt	season1/npc/sinsu_guard_spear/motlist.txt	1
season1/season1/npc/sinsu_guard_spear/sinsu_patrol_spear.dds	season1/npc/sinsu_guard_spear/sinsu_patrol_spear.dds	1
season1/season1/npc/sinsu_guard_spear/sinsu_patrol_spear.gr2	season1/npc/sinsu_guard_spear/sinsu_patrol_spear.gr2	1
season1/season1/npc/sinsu_guard_spear/sinsu_patrol_spear_lod_02.gr2	season1/npc/sinsu_guard_spear/sinsu_patrol_spear_lod_02.gr2	1
season1/season1/npc/steelstone/steelstone.dds	season1/npc/steelstone/steelstone.dds	1
season1/season1/npc/treestone/treestone.dds	season1/npc/treestone/treestone.dds	1
season1/season1/npc/treestone/treestone.gr2	season1/npc/treestone/treestone.gr2	1
season1/season1/npc/visal/knife.dds	season1/npc/visal/knife.dds	1
season1/season1/npc/visal/shape.msm	season1/npc/visal/shape.msm	1
season1/season1/npc/visal/visal.dds	season1/npc/visal/visal.dds	1
season1/season1/npc/visal/visal.gr2	season1/npc/visal/visal.gr2	1
season1/season1/npc/visal/visal.msm	season1/npc/visal/visal.msm	1
season1/season1/npc/visal/visalstand00.gr2	season1/npc/visal/visalstand00.gr2	1
season1/season1/npc/visamun/motlist.txt	season1/npc/visamun/motlist.txt	1
season1/season1/npc/visamun/shape.msm	season1/npc/visamun/shape.msm	1
season1/season1/npc/visamun/stand01.gr2	season1/npc/visamun/stand01.gr2	1
season1/season1/npc/visamun/visamun.gr2	season1/npc/visamun/visamun.gr2	1
season1/season1/pc/warrior.msm	season1/pc/warrior.msm	1
season1/season1/npc/wondaim/shape.msm	season1/npc/wondaim/shape.msm	1
season1/season1/npc/wondaim/wait.gr2	season1/npc/wondaim/wait.gr2	1
season1/season1/npc/wondaim/wondaim.dds	season1/npc/wondaim/wondaim.dds	1
season1/season1/npc/wondaim/wondaim_lod_01_backup.gr2	season1/npc/wondaim/wondaim_lod_01_backup.gr2	1
season1/season1/npc/yejin/stand00.msa	season1/npc/yejin/stand00.msa	1
season1/season1/npc/yejin/stand01.msa	season1/npc/yejin/stand01.msa	1
season1/season1/npc/yejin/yejin.dds	season1/npc/yejin/yejin.dds	1
season1/season1/npc/yejin/yejin.gr2	season1/npc/yejin/yejin.gr2	1
season1/season1/npc/yejin/yejin.msm	season1/npc/yejin/yejin.msm	1
season1/season1/npc/yejin/yejin_lod_01_backup.gr2	season1/npc/yejin/yejin_lod_01_backup.gr2	1
season1/season1/pc/assassin.msm	season1/pc/assassin.msm	1
season1/season1/pc/shaman.msm	season1/pc/shaman.msm	1
season1/season1/pc/sura.msm	season1/pc/sura.msm	1
season1/season1/pc/assassin/assassin.gr2	season1/pc/assassin/assassin.gr2	1
season1/season1/pc/assassin/assassin_0-1_novice_green_a.dds	season1/pc/assassin/assassin_0-1_novice_green_a.dds	1
season1/season1/pc/assassin/assassin_1-1_tanma_a.dds	season1/pc/assassin/assassin_1-1_tanma_a.dds	1
season1/season1/pc/assassin/assassin_1-2_geukseom_a.dds	season1/pc/assassin/assassin_1-2_geukseom_a.dds	1
season1/season1/pc/assassin/assassin_2-1_biyeong_a.dds	season1/pc/assassin/assassin_2-1_biyeong_a.dds	1
season1/season1/pc/assassin/assassin_2-2_yeongrin_a.dds	season1/pc/assassin/assassin_2-2_yeongrin_a.dds	1
season1/season1/pc/assassin/assassin_3-1_yonga_a.dds	season1/pc/assassin/assassin_3-1_yonga_a.dds	1
season1/season1/pc/assassin/assassin_4-1.gr2	season1/pc/assassin/assassin_4-1.gr2	1
season1/season1/pc/assassin/assassin_4-1_lod_01.gr2	season1/pc/assassin/assassin_4-1_lod_01.gr2	1
season1/season1/pc/assassin/assassin_4-1_lod_02.gr2	season1/pc/assassin/assassin_4-1_lod_02.gr2	1
season1/season1/pc/assassin/lord_cloak.dds	season1/pc/assassin/lord_cloak.dds	1
season1/season1/pc/shaman/shaman_2-3_ilseon_a.dds	season1/pc/shaman/shaman_2-3_ilseon_a.dds	1
season1/season1/pc/shaman/shaman_3-1_cheonryun_a.dds	season1/pc/shaman/shaman_3-1_cheonryun_a.dds	1
season1/season1/pc/shaman/shaman_4-1.dds	season1/pc/shaman/shaman_4-1.dds	1
season1/season1/pc/shaman/shaman_4-1.gr2	season1/pc/shaman/shaman_4-1.gr2	1
season1/season1/pc/shaman/shaman_4-1_lod_02.gr2	season1/pc/shaman/shaman_4-1_lod_02.gr2	1
season1/season1/pc/shaman/shaman_bihong_a.dds	season1/pc/shaman/shaman_bihong_a.dds	1
season1/season1/pc/shaman/shaman_novice_green_a.dds	season1/pc/shaman/shaman_novice_green_a.dds	1
season1/season1/pc/shaman/shaman_queen01.dds	season1/pc/shaman/shaman_queen01.dds	1
season1/season1/pc/sura/sura_1-1_jinhon copy_a.dds	season1/pc/sura/sura_1-1_jinhon copy_a.dds	1
season1/season1/pc/sura/sura_2-2_eumyang_a.dds	season1/pc/sura/sura_2-2_eumyang_a.dds	1
season1/season1/pc/sura/sura_2-3_heukbi_a.dds	season1/pc/sura/sura_2-3_heukbi_a.dds	1
season1/season1/pc/sura/sura_4-1.dds	season1/pc/sura/sura_4-1.dds	1
season1/season1/pc/sura/sura_4-1_lod_01.gr2	season1/pc/sura/sura_4-1_lod_01.gr2	1
season1/season1/pc/sura/sura_4-1_lod_02.gr2	season1/pc/sura/sura_4-1_lod_02.gr2	1
season1/season1/pc/sura/sura_4-1_lod_03.gr2	season1/pc/sura/sura_4-1_lod_03.gr2	1
season1/season1/pc/sura/sura_king01.dds	season1/pc/sura/sura_king01.dds	1
season1/season1/pc/sura/sura_king01_cloak.dds	season1/pc/sura/sura_king01_cloak.dds	1
season1/season1/pc/sura/sura_maryung_a.dds	season1/pc/sura/sura_maryung_a.dds	1
season1/season1/pc/warrior/warrior_0-1_novice_blue_a.dds	season1/pc/warrior/warrior_0-1_novice_blue_a.dds	1
season1/season1/pc/warrior/warrior_1-1_nahan_helmet_a.dds	season1/pc/warrior/warrior_1-1_nahan_helmet_a.dds	1
season1/season1/pc/warrior/warrior_3-1_cheongrin_a.dds	season1/pc/warrior/warrior_3-1_cheongrin_a.dds	1
season1/season1/pc/warrior/warrior_3-2_geumrin_a.dds	season1/pc/warrior/warrior_3-2_geumrin_a.dds	1
season1/season1/pc/warrior/warrior_4-1.gr2	season1/pc/warrior/warrior_4-1.gr2	1
season1/season1/pc/warrior/warrior_4-1_lod_01.gr2	season1/pc/warrior/warrior_4-1_lod_01.gr2	1
season1/season1/pc/warrior/warrior_4-1_lod_02.gr2	season1/pc/warrior/warrior_4-1_lod_02.gr2	1
season1/season1/pc/warrior/warrior_giryung_a.dds	season1/pc/warrior/warrior_giryung_a.dds	1
season1/season1/pc/warrior/warrior_king01.dds	season1/pc/warrior/warrior_king01.dds	1
