season2/season2/metin2_map_skipia_dungeon_01/003004/minimap.dds	season2/metin2_map_skipia_dungeon_01/003004/minimap.dds	1
season2/season2/map_n_snowm_02/000000/areaambiencedata.txt	season2/map_n_snowm_02/000000/areaambiencedata.txt	2
season2/season2/metin2_map_a2_1/000003/tile.raw	season2/metin2_map_a2_1/000003/tile.raw	1
season2/season2/metin2_map_a2_1/001000/areaambiencedata.txt	season2/metin2_map_a2_1/001000/areaambiencedata.txt	2
season2/season2/metin2_map_milgyo_a/000002/areaambiencedata.txt	season2/metin2_map_milgyo_a/000002/areaambiencedata.txt	2
season2/season2/metin2_map_n_desert_02/001001/areadata.txt	season2/metin2_map_n_desert_02/001001/areadata.txt	2
season2/season2/map_n_snowm_02/001000/areaambiencedata.txt	season2/map_n_snowm_02/001000/areaambiencedata.txt	2
season2/season2/map_n_snowm_02/000000/areadata.txt	season2/map_n_snowm_02/000000/areadata.txt	2
season2/season2/metin2_map_n_desert_02/000000/attr.atr	season2/metin2_map_n_desert_02/000000/attr.atr	1
season2/season2/metin2_map_n_desert_02/003004/areaambiencedata.txt	season2/metin2_map_n_desert_02/003004/areaambiencedata.txt	2
season2/season2/metin2_map_skipia_dungeon_01/002002/areaproperty.txt	season2/metin2_map_skipia_dungeon_01/002002/areaproperty.txt	2
season2/season2/map_n_snowm_02/001003/areaambiencedata.txt	season2/map_n_snowm_02/001003/areaambiencedata.txt	2
season2/season2/metin2_map_trent02_a/002002/areaproperty.txt	season2/metin2_map_trent02_a/002002/areaproperty.txt	2
season2/season2/map_n_snowm_02/000005/tile.raw	season2/map_n_snowm_02/000005/tile.raw	1
season2/season2/map_n_snowm_02/001003/areadata.txt	season2/map_n_snowm_02/001003/areadata.txt	2
season2/season2/metin2_map_n_desert_02/003003/height.raw	season2/metin2_map_n_desert_02/003003/height.raw	1
season2/season2/metin2_map_skipia_dungeon_01/000004/water.wtr	season2/metin2_map_skipia_dungeon_01/000004/water.wtr	1
season2/season2/map_n_snowm_02/000000/areaproperty.txt	season2/map_n_snowm_02/000000/areaproperty.txt	2
season2/season2/map_n_snowm_02/004005/height.raw	season2/map_n_snowm_02/004005/height.raw	1
season2/season2/metin2_map_skipia_dungeon_02/002000/areadata.txt	season2/metin2_map_skipia_dungeon_02/002000/areadata.txt	2
season2/season2/map_n_snowm_02/001005/water.wtr	season2/map_n_snowm_02/001005/water.wtr	1
season2/season2/metin2_map_n_desert_02/000004/tile.raw	season2/metin2_map_n_desert_02/000004/tile.raw	1
season2/season2/metin2_map_n_desert_02/002004/minimap.dds	season2/metin2_map_n_desert_02/002004/minimap.dds	1
season2/season2/map_n_snowm_02/001000/areadata.txt	season2/map_n_snowm_02/001000/areadata.txt	2
season2/season2/metin2_map_a2_1/001001/minimap.dds	season2/metin2_map_a2_1/001001/minimap.dds	1
season2/season2/map_n_snowm_02/000000/shadowmap.raw	season2/map_n_snowm_02/000000/shadowmap.raw	1
season2/season2/map_n_snowm_02/003004/areaambiencedata.txt	season2/map_n_snowm_02/003004/areaambiencedata.txt	2
season2/season2/monster/ch_officer/skipia_officer_wait1.gr2	season2/monster/ch_officer/skipia_officer_wait1.gr2	0
season2/season2/monster/ch_officer/skipia_officer_back_standup.msa	season2/monster/ch_officer/skipia_officer_back_standup.msa	2
season2/season2/metin2_map_trent_a/setting.txt	season2/metin2_map_trent_a/setting.txt	2
season2/season2/metin2_map_n_flame_02/001003/shadowmap.raw	season2/metin2_map_n_flame_02/001003/shadowmap.raw	1
season2/season2/metin2_map_milgyo_a/000001/shadowmap.dds	season2/metin2_map_milgyo_a/000001/shadowmap.dds	1
season2/season2/metin2_map_n_flame_02/000000/areadata.txt	season2/metin2_map_n_flame_02/000000/areadata.txt	2
season2/season2/monster/ch_magician/0005.tga	season2/monster/ch_magician/0005.tga	1
season2/season2/metin2_map_n_flame_02/002001/areaambiencedata.txt	season2/metin2_map_n_flame_02/002001/areaambiencedata.txt	2
season2/season2/metin2_map_milgyo_a/000000/areaambiencedata.txt	season2/metin2_map_milgyo_a/000000/areaambiencedata.txt	2
season2/season2/map_n_snowm_02/000003/areadata.txt	season2/map_n_snowm_02/000003/areadata.txt	2
season2/season2/metin2_map_n_desert_02/005001/areaambiencedata.txt	season2/metin2_map_n_desert_02/005001/areaambiencedata.txt	2
season2/season2/metin2_map_skipia_dungeon_02/001000/height.raw	season2/metin2_map_skipia_dungeon_02/001000/height.raw	1
season2/season2/metin2_map_empirewar02/000000/shadowmap.raw	season2/metin2_map_empirewar02/000000/shadowmap.raw	1
season2/season2/metin2_map_guild_inside01/000000/areaproperty.txt	season2/metin2_map_guild_inside01/000000/areaproperty.txt	2
season2/season2/map_n_snowm_02/003000/tile.raw	season2/map_n_snowm_02/003000/tile.raw	1
season2/season2/metin2_map_trent02_a/001002/water.wtr	season2/metin2_map_trent02_a/001002/water.wtr	1
season2/season2/metin2_map_trent02_a/000001/attr.atr	season2/metin2_map_trent02_a/000001/attr.atr	1
season2/season2/metin2_map_skipia_dungeon_02/005005/attr.atr	season2/metin2_map_skipia_dungeon_02/005005/attr.atr	1
season2/season2/map_n_snowm_02/000000/shadowmap.dds	season2/map_n_snowm_02/000000/shadowmap.dds	1
season2/season2/map_n_snowm_02/005004/areaambiencedata.txt	season2/map_n_snowm_02/005004/areaambiencedata.txt	2
season2/season2/map_n_snowm_02/000002/shadowmap.dds	season2/map_n_snowm_02/000002/shadowmap.dds	1
season2/season2/metin2_map_a2_1/001004/shadowmap.dds	season2/metin2_map_a2_1/001004/shadowmap.dds	1
season2/season2/metin2_map_skipia_dungeon_01/003004/shadowmap.raw	season2/metin2_map_skipia_dungeon_01/003004/shadowmap.raw	1
season2/season2/metin2_map_skipia_dungeon_02/005004/attr.atr	season2/metin2_map_skipia_dungeon_02/005004/attr.atr	1
season2/season2/metin2_map_empirewar02/000000/areaambiencedata.txt	season2/metin2_map_empirewar02/000000/areaambiencedata.txt	2
season2/season2/metin2_map_skipia_dungeon_02/004001/shadowmap.dds	season2/metin2_map_skipia_dungeon_02/004001/shadowmap.dds	1
season2/season2/metin2_map_skipia_dungeon_02/002000/attr.atr	season2/metin2_map_skipia_dungeon_02/002000/attr.atr	1
season2/season2/metin2_map_skipia_dungeon_01/004005/water.wtr	season2/metin2_map_skipia_dungeon_01/004005/water.wtr	1
season2/season2/map_n_snowm_02/000000/minimap.dds	season2/map_n_snowm_02/000000/minimap.dds	1
season2/season2/metin2_map_milgyo_a/001000/attr.atr	season2/metin2_map_milgyo_a/001000/attr.atr	1
season2/season2/map_n_snowm_02/000000/height.raw	season2/map_n_snowm_02/000000/height.raw	1
season2/season2/metin2_map_n_desert_02/004002/shadowmap.raw	season2/metin2_map_n_desert_02/004002/shadowmap.raw	1
season2/season2/metin2_map_n_flame_02/000001/shadowmap.dds	season2/metin2_map_n_flame_02/000001/shadowmap.dds	1
season2/season2/map_n_snowm_02/000004/areadata.txt	season2/map_n_snowm_02/000004/areadata.txt	2
season2/season2/map_n_snowm_02/000002/shadowmap.raw	season2/map_n_snowm_02/000002/shadowmap.raw	1
season2/season2/metin2_map_a2_1/000005/areadata.txt	season2/metin2_map_a2_1/000005/areadata.txt	2
season2/season2/map_n_snowm_02/000000/attr.atr	season2/map_n_snowm_02/000000/attr.atr	1
season2/season2/metin2_map_skipia_dungeon_02/001002/tile.raw	season2/metin2_map_skipia_dungeon_02/001002/tile.raw	1
season2/season2/map_n_snowm_02/002003/shadowmap.dds	season2/map_n_snowm_02/002003/shadowmap.dds	1
season2/season2/metin2_map_skipia_dungeon_02/001001/height.raw	season2/metin2_map_skipia_dungeon_02/001001/height.raw	1
season2/season2/metin2_map_skipia_dungeon_01/000002/height.raw	season2/metin2_map_skipia_dungeon_01/000002/height.raw	1
season2/season2/metin2_map_trent_a/001001/tile.raw	season2/metin2_map_trent_a/001001/tile.raw	1
season2/season2/metin2_map_a2_1/003000/shadowmap.dds	season2/metin2_map_a2_1/003000/shadowmap.dds	1
season2/season2/map_n_snowm_02/000000/water.wtr	season2/map_n_snowm_02/000000/water.wtr	1
season2/season2/metin2_map_skipia_dungeon_02/001000/shadowmap.raw	season2/metin2_map_skipia_dungeon_02/001000/shadowmap.raw	1
season2/season2/metin2_map_a2_1/001002/minimap.dds	season2/metin2_map_a2_1/001002/minimap.dds	1
season2/season2/metin2_map_n_flame_02/003003/areaambiencedata.txt	season2/metin2_map_n_flame_02/003003/areaambiencedata.txt	2
season2/season2/metin2_map_n_desert_02/004003/tile.raw	season2/metin2_map_n_desert_02/004003/tile.raw	1
season2/season2/metin2_map_skipia_dungeon_02/003002/attr.atr	season2/metin2_map_skipia_dungeon_02/003002/attr.atr	1
season2/season2/map_n_snowm_02/000000/tile.raw	season2/map_n_snowm_02/000000/tile.raw	1
season2/season2/metin2_map_empirewar03/000001/tile.raw	season2/metin2_map_empirewar03/000001/tile.raw	1
season2/season2/metin2_map_a2_1/003005/areaproperty.txt	season2/metin2_map_a2_1/003005/areaproperty.txt	2
season2/season2/map_n_snowm_02/005005/areaproperty.txt	season2/map_n_snowm_02/005005/areaproperty.txt	2
season2/season2/metin2_map_milgyo_a/003003/areaproperty.txt	season2/metin2_map_milgyo_a/003003/areaproperty.txt	2
season2/season2/metin2_map_n_desert_02/002003/shadowmap.raw	season2/metin2_map_n_desert_02/002003/shadowmap.raw	1
season2/season2/metin2_map_skipia_dungeon_02/002003/areaproperty.txt	season2/metin2_map_skipia_dungeon_02/002003/areaproperty.txt	2
season2/season2/map_n_snowm_02/000004/shadowmap.raw	season2/map_n_snowm_02/000004/shadowmap.raw	1
season2/season2/map_n_snowm_02/005001/attr.atr	season2/map_n_snowm_02/005001/attr.atr	1
season2/season2/metin2_map_n_desert_02/003000/areaproperty.txt	season2/metin2_map_n_desert_02/003000/areaproperty.txt	2
season2/season2/monster/ch_officer/skipia_officer_back_damage1.gr2	season2/monster/ch_officer/skipia_officer_back_damage1.gr2	0
season2/season2/metin2_map_empirewar03/000000/tile.raw	season2/metin2_map_empirewar03/000000/tile.raw	1
season2/season2/metin2_map_a2_1/001000/shadowmap.raw	season2/metin2_map_a2_1/001000/shadowmap.raw	1
season2/season2/metin2_map_n_desert_02/000002/shadowmap.dds	season2/metin2_map_n_desert_02/000002/shadowmap.dds	1
season2/season2/metin2_map_skipia_dungeon_01/000001/shadowmap.raw	season2/metin2_map_skipia_dungeon_01/000001/shadowmap.raw	1
season2/season2/map_n_snowm_02/000001/areaambiencedata.txt	season2/map_n_snowm_02/000001/areaambiencedata.txt	2
season2/season2/map_n_snowm_02/000001/areadata.txt	season2/map_n_snowm_02/000001/areadata.txt	2
season2/season2/metin2_map_skipia_dungeon_01/000005/attr.atr	season2/metin2_map_skipia_dungeon_01/000005/attr.atr	1
season2/season2/metin2_map_skipia_dungeon_01/001005/water.wtr	season2/metin2_map_skipia_dungeon_01/001005/water.wtr	1
season2/season2/metin2_map_a2_1/001003/tile.raw	season2/metin2_map_a2_1/001003/tile.raw	1
season2/season2/metin2_map_n_desert_02/003005/areaproperty.txt	season2/metin2_map_n_desert_02/003005/areaproperty.txt	2
season2/season2/map_n_snowm_02/000002/minimap.dds	season2/map_n_snowm_02/000002/minimap.dds	1
season2/season2/map_n_snowm_02/004002/height.raw	season2/map_n_snowm_02/004002/height.raw	1
season2/season2/metin2_map_n_desert_02/000004/height.raw	season2/metin2_map_n_desert_02/000004/height.raw	1
season2/season2/metin2_map_n_flame_02/004005/shadowmap.dds	season2/metin2_map_n_flame_02/004005/shadowmap.dds	1
season2/season2/metin2_map_milgyo_a/002000/areadata.txt	season2/metin2_map_milgyo_a/002000/areadata.txt	2
season2/season2/map_n_snowm_02/000001/areaproperty.txt	season2/map_n_snowm_02/000001/areaproperty.txt	2
season2/season2/metin2_map_n_desert_02/004000/attr.atr	season2/metin2_map_n_desert_02/004000/attr.atr	1
season2/season2/map_n_snowm_02/000002/attr.atr	season2/map_n_snowm_02/000002/attr.atr	1
season2/season2/metin2_map_milgyo_a/003001/attr.atr	season2/metin2_map_milgyo_a/003001/attr.atr	1
season2/season2/map_n_snowm_02/000001/attr.atr	season2/map_n_snowm_02/000001/attr.atr	1
season2/season2/metin2_map_skipia_dungeon_01/003000/height.raw	season2/metin2_map_skipia_dungeon_01/003000/height.raw	1
season2/season2/metin2_map_milgyo_a/001001/water.wtr	season2/metin2_map_milgyo_a/001001/water.wtr	1
season2/season2/metin2_map_n_desert_02/004004/water.wtr	season2/metin2_map_n_desert_02/004004/water.wtr	1
season2/season2/metin2_map_a2_1/003004/height.raw	season2/metin2_map_a2_1/003004/height.raw	1
season2/season2/metin2_map_skipia_dungeon_01/000000/shadowmap.raw	season2/metin2_map_skipia_dungeon_01/000000/shadowmap.raw	1
season2/season2/map_n_snowm_02/001000/attr.atr	season2/map_n_snowm_02/001000/attr.atr	1
season2/season2/metin2_map_n_desert_02/000001/shadowmap.dds	season2/metin2_map_n_desert_02/000001/shadowmap.dds	1
season2/season2/map_n_snowm_02/000001/height.raw	season2/map_n_snowm_02/000001/height.raw	1
season2/season2/metin2_map_a2_1/000005/water.wtr	season2/metin2_map_a2_1/000005/water.wtr	1
season2/season2/metin2_map_a2_1/000002/water.wtr	season2/metin2_map_a2_1/000002/water.wtr	1
season2/season2/metin2_map_skipia_dungeon_01/005003/areaproperty.txt	season2/metin2_map_skipia_dungeon_01/005003/areaproperty.txt	2
season2/season2/map_n_snowm_02/000005/shadowmap.dds	season2/map_n_snowm_02/000005/shadowmap.dds	1
season2/season2/metin2_map_skipia_dungeon_01/000004/tile.raw	season2/metin2_map_skipia_dungeon_01/000004/tile.raw	1
season2/season2/metin2_map_a2_1/003004/areadata.txt	season2/metin2_map_a2_1/003004/areadata.txt	2
season2/season2/map_n_snowm_02/000003/minimap.dds	season2/map_n_snowm_02/000003/minimap.dds	1
season2/season2/metin2_map_n_desert_02/002004/areaambiencedata.txt	season2/metin2_map_n_desert_02/002004/areaambiencedata.txt	2
season2/season2/metin2_map_a2_1/000004/water.wtr	season2/metin2_map_a2_1/000004/water.wtr	1
season2/season2/map_n_snowm_02/000001/minimap.dds	season2/map_n_snowm_02/000001/minimap.dds	1
season2/season2/metin2_map_milgyo_a/001003/water.wtr	season2/metin2_map_milgyo_a/001003/water.wtr	1
season2/season2/map_n_snowm_02/000001/shadowmap.dds	season2/map_n_snowm_02/000001/shadowmap.dds	1
season2/season2/metin2_map_n_desert_02/000002/attr.atr	season2/metin2_map_n_desert_02/000002/attr.atr	1
season2/season2/metin2_map_n_desert_02/001002/areaambiencedata.txt	season2/metin2_map_n_desert_02/001002/areaambiencedata.txt	2
season2/season2/map_n_snowm_02/000004/height.raw	season2/map_n_snowm_02/000004/height.raw	1
season2/season2/metin2_map_a2_1/001002/areadata.txt	season2/metin2_map_a2_1/001002/areadata.txt	2
season2/season2/metin2_map_skipia_dungeon_02/001002/water.wtr	season2/metin2_map_skipia_dungeon_02/001002/water.wtr	1
season2/season2/metin2_map_a2_1/001005/areadata.txt	season2/metin2_map_a2_1/001005/areadata.txt	2
season2/season2/metin2_map_n_flame_02/001000/tile.raw	season2/metin2_map_n_flame_02/001000/tile.raw	1
season2/season2/map_n_snowm_02/000002/areaproperty.txt	season2/map_n_snowm_02/000002/areaproperty.txt	2
season2/season2/metin2_map_n_flame_02/002003/attr.atr	season2/metin2_map_n_flame_02/002003/attr.atr	1
season2/season2/metin2_map_skipia_dungeon_02/004001/areadata.txt	season2/metin2_map_skipia_dungeon_02/004001/areadata.txt	2
season2/season2/metin2_map_skipia_dungeon_01/005000/shadowmap.dds	season2/metin2_map_skipia_dungeon_01/005000/shadowmap.dds	1
season2/season2/metin2_map_empirewar01/001001/areadata.txt	season2/metin2_map_empirewar01/001001/areadata.txt	2
season2/season2/metin2_map_n_flame_02/000002/shadowmap.dds	season2/metin2_map_n_flame_02/000002/shadowmap.dds	1
season2/season2/metin2_map_skipia_dungeon_01/000002/tile.raw	season2/metin2_map_skipia_dungeon_01/000002/tile.raw	1
season2/season2/map_n_snowm_02/000001/shadowmap.raw	season2/map_n_snowm_02/000001/shadowmap.raw	1
season2/season2/metin2_map_skipia_dungeon_02/003000/attr.atr	season2/metin2_map_skipia_dungeon_02/003000/attr.atr	1
season2/season2/metin2_map_skipia_dungeon_01/000000/water.wtr	season2/metin2_map_skipia_dungeon_01/000000/water.wtr	1
season2/season2/map_n_snowm_02/000001/tile.raw	season2/map_n_snowm_02/000001/tile.raw	1
season2/season2/monster/ch_magician/chip.jpg	season2/monster/ch_magician/chip.jpg	0
season2/season2/metin2_map_skipia_dungeon_02/000005/areadata.txt	season2/metin2_map_skipia_dungeon_02/000005/areadata.txt	2
season2/season2/map_n_snowm_02/000001/water.wtr	season2/map_n_snowm_02/000001/water.wtr	1
season2/season2/metin2_map_skipia_dungeon_02/001004/tile.raw	season2/metin2_map_skipia_dungeon_02/001004/tile.raw	1
season2/season2/metin2_map_a2_1/003003/shadowmap.dds	season2/metin2_map_a2_1/003003/shadowmap.dds	1
season2/season2/map_n_snowm_02/005003/height.raw	season2/map_n_snowm_02/005003/height.raw	1
season2/season2/metin2_map_n_flame_02/004003/height.raw	season2/metin2_map_n_flame_02/004003/height.raw	1
season2/season2/metin2_map_skipia_dungeon_01/001000/water.wtr	season2/metin2_map_skipia_dungeon_01/001000/water.wtr	1
season2/season2/map_n_snowm_02/000002/areaambiencedata.txt	season2/map_n_snowm_02/000002/areaambiencedata.txt	2
season2/season2/metin2_map_n_flame_02/005001/height.raw	season2/metin2_map_n_flame_02/005001/height.raw	1
season2/season2/map_n_snowm_02/005005/height.raw	season2/map_n_snowm_02/005005/height.raw	1
season2/season2/map_n_snowm_02/000002/areadata.txt	season2/map_n_snowm_02/000002/areadata.txt	2
season2/season2/map_n_snowm_02/000004/areaproperty.txt	season2/map_n_snowm_02/000004/areaproperty.txt	2
season2/season2/metin2_map_n_flame_02/001001/areaproperty.txt	season2/metin2_map_n_flame_02/001001/areaproperty.txt	2
season2/season2/map_n_snowm_02/000002/height.raw	season2/map_n_snowm_02/000002/height.raw	1
season2/season2/map_n_snowm_02/002002/areaproperty.txt	season2/map_n_snowm_02/002002/areaproperty.txt	2
season2/season2/metin2_map_milgyo_a/003001/areaproperty.txt	season2/metin2_map_milgyo_a/003001/areaproperty.txt	2
season2/season2/metin2_map_a2_1/001000/attr.atr	season2/metin2_map_a2_1/001000/attr.atr	1
season2/season2/metin2_map_n_flame_02/003003/areadata.txt	season2/metin2_map_n_flame_02/003003/areadata.txt	2
season2/season2/metin2_map_a2_1/005002/areaproperty.txt	season2/metin2_map_a2_1/005002/areaproperty.txt	2
season2/season2/map_n_snowm_02/000003/areaambiencedata.txt	season2/map_n_snowm_02/000003/areaambiencedata.txt	2
season2/season2/metin2_map_a2_1/001003/height.raw	season2/metin2_map_a2_1/001003/height.raw	1
season2/season2/metin2_map_trent_a/000001/areaambiencedata.txt	season2/metin2_map_trent_a/000001/areaambiencedata.txt	2
season2/season2/metin2_map_skipia_dungeon_02/002000/areaproperty.txt	season2/metin2_map_skipia_dungeon_02/002000/areaproperty.txt	2
season2/season2/map_n_snowm_02/000002/tile.raw	season2/map_n_snowm_02/000002/tile.raw	1
season2/season2/metin2_map_a2_1/000001/shadowmap.raw	season2/metin2_map_a2_1/000001/shadowmap.raw	1
season2/season2/metin2_map_a2_1/004003/shadowmap.raw	season2/metin2_map_a2_1/004003/shadowmap.raw	1
season2/season2/map_n_snowm_02/005003/minimap.dds	season2/map_n_snowm_02/005003/minimap.dds	1
season2/season2/metin2_map_n_desert_02/005001/minimap.dds	season2/metin2_map_n_desert_02/005001/minimap.dds	1
season2/season2/map_n_snowm_02/000002/water.wtr	season2/map_n_snowm_02/000002/water.wtr	1
season2/season2/metin2_map_skipia_dungeon_01/000002/areadata.txt	season2/metin2_map_skipia_dungeon_01/000002/areadata.txt	2
season2/season2/map_n_snowm_02/000005/areadata.txt	season2/map_n_snowm_02/000005/areadata.txt	2
season2/season2/metin2_map_a2_1/005002/minimap.dds	season2/metin2_map_a2_1/005002/minimap.dds	1
season2/season2/metin2_map_n_desert_02/001003/height.raw	season2/metin2_map_n_desert_02/001003/height.raw	1
season2/season2/metin2_map_n_desert_02/000000/height.raw	season2/metin2_map_n_desert_02/000000/height.raw	1
season2/season2/map_n_snowm_02/000003/areaproperty.txt	season2/map_n_snowm_02/000003/areaproperty.txt	2
season2/season2/metin2_map_n_flame_02/001000/areadata.txt	season2/metin2_map_n_flame_02/001000/areadata.txt	2
season2/season2/map_n_snowm_02/001003/shadowmap.raw	season2/map_n_snowm_02/001003/shadowmap.raw	1
season2/season2/metin2_map_n_desert_02/005003/shadowmap.dds	season2/metin2_map_n_desert_02/005003/shadowmap.dds	1
season2/season2/metin2_map_a2_1/000001/areaambiencedata.txt	season2/metin2_map_a2_1/000001/areaambiencedata.txt	2
season2/season2/metin2_map_milgyo_a/001002/areaproperty.txt	season2/metin2_map_milgyo_a/001002/areaproperty.txt	2
season2/season2/map_n_snowm_02/000003/attr.atr	season2/map_n_snowm_02/000003/attr.atr	1
season2/season2/metin2_map_empirewar01/001001/minimap.dds	season2/metin2_map_empirewar01/001001/minimap.dds	1
season2/season2/metin2_map_empirewar03/001001/tile.raw	season2/metin2_map_empirewar03/001001/tile.raw	1
season2/season2/metin2_map_n_desert_02/000003/areaproperty.txt	season2/metin2_map_n_desert_02/000003/areaproperty.txt	2
season2/season2/monster/ch_footman/skipia_footman_run.gr2	season2/monster/ch_footman/skipia_footman_run.gr2	0
season2/season2/metin2_map_a2_1/005003/shadowmap.dds	season2/metin2_map_a2_1/005003/shadowmap.dds	1
season2/season2/map_n_snowm_02/000003/height.raw	season2/map_n_snowm_02/000003/height.raw	1
season2/season2/map_n_snowm_02/002004/tile.raw	season2/map_n_snowm_02/002004/tile.raw	1
season2/season2/metin2_map_a2_1/004003/attr.atr	season2/metin2_map_a2_1/004003/attr.atr	1
season2/season2/metin2_map_a2_1/004001/attr.atr	season2/metin2_map_a2_1/004001/attr.atr	1
season2/season2/map_n_snowm_02/001004/minimap.dds	season2/map_n_snowm_02/001004/minimap.dds	1
season2/season2/map_n_snowm_02/004000/attr.atr	season2/map_n_snowm_02/004000/attr.atr	1
season2/season2/monster/ch_bowman/skipia_bowman01.dds	season2/monster/ch_bowman/skipia_bowman01.dds	1
season2/season2/metin2_map_a2_1/000005/height.raw	season2/metin2_map_a2_1/000005/height.raw	1
season2/season2/map_n_snowm_02/000004/minimap.dds	season2/map_n_snowm_02/000004/minimap.dds	1
season2/season2/metin2_map_a2_1/005000/tile.raw	season2/metin2_map_a2_1/005000/tile.raw	1
season2/season2/metin2_map_milgyo_a/002001/shadowmap.raw	season2/metin2_map_milgyo_a/002001/shadowmap.raw	1
season2/season2/metin2_map_empirewar02/001001/shadowmap.dds	season2/metin2_map_empirewar02/001001/shadowmap.dds	1
season2/season2/map_n_snowm_02/005002/areaambiencedata.txt	season2/map_n_snowm_02/005002/areaambiencedata.txt	2
season2/season2/metin2_map_n_desert_02/004002/height.raw	season2/metin2_map_n_desert_02/004002/height.raw	1
season2/season2/metin2_map_milgyo_a/003002/water.wtr	season2/metin2_map_milgyo_a/003002/water.wtr	1
season2/season2/map_n_snowm_02/005004/water.wtr	season2/map_n_snowm_02/005004/water.wtr	1
season2/season2/metin2_map_n_flame_02/003001/water.wtr	season2/metin2_map_n_flame_02/003001/water.wtr	1
season2/season2/metin2_map_empirewar01/001001/shadowmap.raw	season2/metin2_map_empirewar01/001001/shadowmap.raw	1
season2/season2/metin2_map_guild_inside01/000000/shadowmap.raw	season2/metin2_map_guild_inside01/000000/shadowmap.raw	1
season2/season2/map_n_snowm_02/002000/minimap.dds	season2/map_n_snowm_02/002000/minimap.dds	1
season2/season2/map_n_snowm_02/000003/shadowmap.dds	season2/map_n_snowm_02/000003/shadowmap.dds	1
season2/season2/map_n_snowm_02/000003/shadowmap.raw	season2/map_n_snowm_02/000003/shadowmap.raw	1
season2/season2/map_n_snowm_02/003002/attr.atr	season2/map_n_snowm_02/003002/attr.atr	1
season2/season2/map_n_snowm_02/004003/height.raw	season2/map_n_snowm_02/004003/height.raw	1
season2/season2/map_n_snowm_02/003005/minimap.dds	season2/map_n_snowm_02/003005/minimap.dds	1
season2/season2/metin2_map_a2_1/002004/minimap.dds	season2/metin2_map_a2_1/002004/minimap.dds	1
season2/season2/map_n_snowm_02/000005/shadowmap.raw	season2/map_n_snowm_02/000005/shadowmap.raw	1
season2/season2/metin2_map_a2_1/005005/minimap.dds	season2/metin2_map_a2_1/005005/minimap.dds	1
season2/season2/map_n_snowm_02/002002/areaambiencedata.txt	season2/map_n_snowm_02/002002/areaambiencedata.txt	2
season2/season2/metin2_map_n_flame_02/004001/minimap.dds	season2/metin2_map_n_flame_02/004001/minimap.dds	1
season2/season2/map_n_snowm_02/000003/tile.raw	season2/map_n_snowm_02/000003/tile.raw	1
season2/season2/metin2_map_n_desert_02/004003/areadata.txt	season2/metin2_map_n_desert_02/004003/areadata.txt	2
season2/season2/map_n_snowm_02/004001/attr.atr	season2/map_n_snowm_02/004001/attr.atr	1
season2/season2/metin2_map_milgyo_a/mapproperty.txt	season2/metin2_map_milgyo_a/mapproperty.txt	2
season2/season2/metin2_map_n_flame_02/000003/attr.atr	season2/metin2_map_n_flame_02/000003/attr.atr	1
season2/season2/metin2_map_skipia_dungeon_01/000001/tile.raw	season2/metin2_map_skipia_dungeon_01/000001/tile.raw	1
season2/season2/metin2_map_empirewar02/000001/shadowmap.dds	season2/metin2_map_empirewar02/000001/shadowmap.dds	1
season2/season2/map_n_snowm_02/000003/water.wtr	season2/map_n_snowm_02/000003/water.wtr	1
season2/season2/metin2_map_milgyo_a/000001/areaambiencedata.txt	season2/metin2_map_milgyo_a/000001/areaambiencedata.txt	2
season2/season2/metin2_map_a2_1/001003/attr.atr	season2/metin2_map_a2_1/001003/attr.atr	1
season2/season2/metin2_map_milgyo_a/000000/attr.atr	season2/metin2_map_milgyo_a/000000/attr.atr	1
season2/season2/map_n_snowm_02/000004/areaambiencedata.txt	season2/map_n_snowm_02/000004/areaambiencedata.txt	2
season2/season2/map_n_snowm_02/000004/attr.atr	season2/map_n_snowm_02/000004/attr.atr	1
season2/season2/metin2_map_a2_1/000000/areaproperty.txt	season2/metin2_map_a2_1/000000/areaproperty.txt	2
season2/season2/metin2_map_skipia_dungeon_02/001000/minimap.dds	season2/metin2_map_skipia_dungeon_02/001000/minimap.dds	1
season2/season2/map_n_snowm_02/000005/attr.atr	season2/map_n_snowm_02/000005/attr.atr	1
season2/season2/metin2_map_a2_1/004002/tile.raw	season2/metin2_map_a2_1/004002/tile.raw	1
season2/season2/map_n_snowm_02/001001/water.wtr	season2/map_n_snowm_02/001001/water.wtr	1
season2/season2/map_n_snowm_02/000004/shadowmap.dds	season2/map_n_snowm_02/000004/shadowmap.dds	1
season2/season2/metin2_map_a2_1/000004/areaambiencedata.txt	season2/metin2_map_a2_1/000004/areaambiencedata.txt	2
season2/season2/metin2_map_a2_1/004005/areaambiencedata.txt	season2/metin2_map_a2_1/004005/areaambiencedata.txt	2
season2/season2/metin2_map_a2_1/000005/shadowmap.raw	season2/metin2_map_a2_1/000005/shadowmap.raw	1
season2/season2/monster/ch_officer/skipia_officer_front_damage1.msa	season2/monster/ch_officer/skipia_officer_front_damage1.msa	2
season2/season2/map_n_snowm_02/000004/tile.raw	season2/map_n_snowm_02/000004/tile.raw	1
season2/season2/map_n_snowm_02/001001/areadata.txt	season2/map_n_snowm_02/001001/areadata.txt	2
season2/season2/map_n_snowm_02/000004/water.wtr	season2/map_n_snowm_02/000004/water.wtr	1
season2/season2/map_n_snowm_02/000005/areaambiencedata.txt	season2/map_n_snowm_02/000005/areaambiencedata.txt	2
season2/season2/metin2_map_n_desert_02/000002/tile.raw	season2/metin2_map_n_desert_02/000002/tile.raw	1
season2/season2/monster/ch_water_dragon/water_breathe02.mse	season2/monster/ch_water_dragon/water_breathe02.mse	1
season2/season2/metin2_map_skipia_dungeon_02/005001/attr.atr	season2/metin2_map_skipia_dungeon_02/005001/attr.atr	1
season2/season2/metin2_map_a2_1/003005/areadata.txt	season2/metin2_map_a2_1/003005/areadata.txt	2
season2/season2/map_n_snowm_02/000005/areaproperty.txt	season2/map_n_snowm_02/000005/areaproperty.txt	2
season2/season2/metin2_map_n_flame_02/001000/attr.atr	season2/metin2_map_n_flame_02/001000/attr.atr	1
season2/season2/map_n_snowm_02/002002/height.raw	season2/map_n_snowm_02/002002/height.raw	1
season2/season2/metin2_map_a2_1/004004/water.wtr	season2/metin2_map_a2_1/004004/water.wtr	1
season2/season2/map_n_snowm_02/000005/height.raw	season2/map_n_snowm_02/000005/height.raw	1
season2/season2/map_n_snowm_02/000005/minimap.dds	season2/map_n_snowm_02/000005/minimap.dds	1
season2/season2/map_n_snowm_02/003001/areadata.txt	season2/map_n_snowm_02/003001/areadata.txt	2
season2/season2/metin2_map_a2_1/002002/minimap.dds	season2/metin2_map_a2_1/002002/minimap.dds	1
season2/season2/metin2_map_n_flame_02/003004/shadowmap.dds	season2/metin2_map_n_flame_02/003004/shadowmap.dds	1
season2/season2/metin2_map_milgyo_a/000001/height.raw	season2/metin2_map_milgyo_a/000001/height.raw	1
season2/season2/map_n_snowm_02/000005/water.wtr	season2/map_n_snowm_02/000005/water.wtr	1
season2/season2/metin2_map_empirewar01/001001/areaambiencedata.txt	season2/metin2_map_empirewar01/001001/areaambiencedata.txt	2
season2/season2/metin2_map_a2_1/005001/shadowmap.raw	season2/metin2_map_a2_1/005001/shadowmap.raw	1
season2/season2/metin2_map_skipia_dungeon_02/001000/tile.raw	season2/metin2_map_skipia_dungeon_02/001000/tile.raw	1
season2/season2/metin2_map_n_desert_02/003005/areaambiencedata.txt	season2/metin2_map_n_desert_02/003005/areaambiencedata.txt	2
season2/season2/metin2_map_n_flame_02/005005/shadowmap.raw	season2/metin2_map_n_flame_02/005005/shadowmap.raw	1
season2/season2/map_n_snowm_02/001000/areaproperty.txt	season2/map_n_snowm_02/001000/areaproperty.txt	2
season2/season2/metin2_map_n_desert_02/005000/tile.raw	season2/metin2_map_n_desert_02/005000/tile.raw	1
season2/season2/map_n_snowm_02/003003/height.raw	season2/map_n_snowm_02/003003/height.raw	1
season2/season2/map_n_snowm_02/001000/height.raw	season2/map_n_snowm_02/001000/height.raw	1
season2/season2/metin2_map_n_flame_02/001002/shadowmap.raw	season2/metin2_map_n_flame_02/001002/shadowmap.raw	1
season2/season2/metin2_map_n_flame_02/004002/height.raw	season2/metin2_map_n_flame_02/004002/height.raw	1
season2/season2/map_n_snowm_02/003004/minimap.dds	season2/map_n_snowm_02/003004/minimap.dds	1
season2/season2/metin2_map_a2_1/000004/shadowmap.raw	season2/metin2_map_a2_1/000004/shadowmap.raw	1
season2/season2/metin2_map_a2_1/001002/height.raw	season2/metin2_map_a2_1/001002/height.raw	1
season2/season2/metin2_map_a2_1/002000/attr.atr	season2/metin2_map_a2_1/002000/attr.atr	1
season2/season2/map_n_snowm_02/001000/minimap.dds	season2/map_n_snowm_02/001000/minimap.dds	1
season2/season2/metin2_map_skipia_dungeon_02/001005/minimap.dds	season2/metin2_map_skipia_dungeon_02/001005/minimap.dds	1
season2/season2/metin2_map_n_flame_02/003000/height.raw	season2/metin2_map_n_flame_02/003000/height.raw	1
season2/season2/map_n_snowm_02/001000/shadowmap.dds	season2/map_n_snowm_02/001000/shadowmap.dds	1
season2/season2/map_n_snowm_02/001000/shadowmap.raw	season2/map_n_snowm_02/001000/shadowmap.raw	1
season2/season2/metin2_map_n_desert_02/002004/tile.raw	season2/metin2_map_n_desert_02/002004/tile.raw	1
season2/season2/metin2_map_trent_a/001001/attr.atr	season2/metin2_map_trent_a/001001/attr.atr	1
season2/season2/map_n_snowm_02/001000/tile.raw	season2/map_n_snowm_02/001000/tile.raw	1
season2/season2/map_n_snowm_02/001000/water.wtr	season2/map_n_snowm_02/001000/water.wtr	1
season2/season2/metin2_map_a2_1/001004/tile.raw	season2/metin2_map_a2_1/001004/tile.raw	1
season2/season2/metin2_map_skipia_dungeon_02/002004/height.raw	season2/metin2_map_skipia_dungeon_02/002004/height.raw	1
season2/season2/metin2_map_empirewar01/000001/areaproperty.txt	season2/metin2_map_empirewar01/000001/areaproperty.txt	2
season2/season2/metin2_map_n_desert_02/005005/height.raw	season2/metin2_map_n_desert_02/005005/height.raw	1
season2/season2/map_n_snowm_02/001001/areaambiencedata.txt	season2/map_n_snowm_02/001001/areaambiencedata.txt	2
season2/season2/metin2_map_a2_1/001004/areaproperty.txt	season2/metin2_map_a2_1/001004/areaproperty.txt	2
season2/season2/map_n_snowm_02/002001/shadowmap.raw	season2/map_n_snowm_02/002001/shadowmap.raw	1
season2/season2/metin2_map_guild_inside01/skipia_dungeon.msenv	season2/metin2_map_guild_inside01/skipia_dungeon.msenv	0
season2/season2/map_n_snowm_02/004000/areaproperty.txt	season2/map_n_snowm_02/004000/areaproperty.txt	2
season2/season2/metin2_map_milgyo_a/002002/tile.raw	season2/metin2_map_milgyo_a/002002/tile.raw	1
season2/season2/map_n_snowm_02/001005/areaambiencedata.txt	season2/map_n_snowm_02/001005/areaambiencedata.txt	2
season2/season2/metin2_map_skipia_dungeon_02/001001/tile.raw	season2/metin2_map_skipia_dungeon_02/001001/tile.raw	1
season2/season2/metin2_map_a2_1/003005/shadowmap.dds	season2/metin2_map_a2_1/003005/shadowmap.dds	1
season2/season2/map_n_snowm_02/001001/areaproperty.txt	season2/map_n_snowm_02/001001/areaproperty.txt	2
season2/season2/metin2_map_skipia_dungeon_02/004005/areadata.txt	season2/metin2_map_skipia_dungeon_02/004005/areadata.txt	2
season2/season2/map_n_snowm_02/003001/tile.raw	season2/map_n_snowm_02/003001/tile.raw	1
season2/season2/map_n_snowm_02/001003/water.wtr	season2/map_n_snowm_02/001003/water.wtr	1
season2/season2/metin2_map_skipia_dungeon_01/002001/areadata.txt	season2/metin2_map_skipia_dungeon_01/002001/areadata.txt	2
season2/season2/metin2_map_empirewar03/001001/areadata.txt	season2/metin2_map_empirewar03/001001/areadata.txt	2
season2/season2/map_n_snowm_02/001001/attr.atr	season2/map_n_snowm_02/001001/attr.atr	1
season2/season2/metin2_map_milgyo_a/003003/height.raw	season2/metin2_map_milgyo_a/003003/height.raw	1
season2/season2/metin2_map_a2_1/005002/areadata.txt	season2/metin2_map_a2_1/005002/areadata.txt	2
season2/season2/monster/ch_water_dragon/00_1.msa	season2/monster/ch_water_dragon/00_1.msa	2
season2/season2/metin2_map_skipia_dungeon_02/003003/areaambiencedata.txt	season2/metin2_map_skipia_dungeon_02/003003/areaambiencedata.txt	2
season2/season2/map_n_snowm_02/002005/areadata.txt	season2/map_n_snowm_02/002005/areadata.txt	2
season2/season2/metin2_map_n_desert_02/001001/attr.atr	season2/metin2_map_n_desert_02/001001/attr.atr	1
season2/season2/metin2_map_n_desert_02/004000/minimap.dds	season2/metin2_map_n_desert_02/004000/minimap.dds	1
season2/season2/metin2_map_a2_1/003000/minimap.dds	season2/metin2_map_a2_1/003000/minimap.dds	1
season2/season2/map_n_snowm_02/001001/height.raw	season2/map_n_snowm_02/001001/height.raw	1
season2/season2/metin2_map_empirewar02/001001/areaproperty.txt	season2/metin2_map_empirewar02/001001/areaproperty.txt	2
season2/season2/metin2_map_n_flame_02/004002/tile.raw	season2/metin2_map_n_flame_02/004002/tile.raw	1
season2/season2/metin2_map_a2_1/001003/shadowmap.raw	season2/metin2_map_a2_1/001003/shadowmap.raw	1
season2/season2/metin2_map_n_flame_02/003005/tile.raw	season2/metin2_map_n_flame_02/003005/tile.raw	1
season2/season2/map_n_snowm_02/001001/minimap.dds	season2/map_n_snowm_02/001001/minimap.dds	1
season2/season2/metin2_map_milgyo_a/001000/shadowmap.raw	season2/metin2_map_milgyo_a/001000/shadowmap.raw	1
season2/season2/map_n_snowm_02/001001/shadowmap.dds	season2/map_n_snowm_02/001001/shadowmap.dds	1
season2/season2/map_n_snowm_02/002004/height.raw	season2/map_n_snowm_02/002004/height.raw	1
season2/season2/metin2_map_n_flame_02/005004/minimap.dds	season2/metin2_map_n_flame_02/005004/minimap.dds	1
season2/season2/metin2_map_skipia_dungeon_02/000000/height.raw	season2/metin2_map_skipia_dungeon_02/000000/height.raw	1
season2/season2/metin2_map_empirewar01/000000/areadata.txt	season2/metin2_map_empirewar01/000000/areadata.txt	2
season2/season2/metin2_map_skipia_dungeon_02/005000/areadata.txt	season2/metin2_map_skipia_dungeon_02/005000/areadata.txt	2
season2/season2/metin2_map_a2_1/000003/areadata.txt	season2/metin2_map_a2_1/000003/areadata.txt	2
season2/season2/metin2_map_n_flame_02/004004/areaambiencedata.txt	season2/metin2_map_n_flame_02/004004/areaambiencedata.txt	2
season2/season2/metin2_map_a2_1/002005/height.raw	season2/metin2_map_a2_1/002005/height.raw	1
season2/season2/map_n_snowm_02/004002/areaproperty.txt	season2/map_n_snowm_02/004002/areaproperty.txt	2
season2/season2/metin2_map_milgyo_a/000002/minimap.dds	season2/metin2_map_milgyo_a/000002/minimap.dds	1
season2/season2/map_n_snowm_02/001002/areaproperty.txt	season2/map_n_snowm_02/001002/areaproperty.txt	2
season2/season2/map_n_snowm_02/001001/shadowmap.raw	season2/map_n_snowm_02/001001/shadowmap.raw	1
season2/season2/monster/ch_water_dragon/00.gr2	season2/monster/ch_water_dragon/00.gr2	0
season2/season2/metin2_map_skipia_dungeon_02/004000/minimap.dds	season2/metin2_map_skipia_dungeon_02/004000/minimap.dds	1
season2/season2/map_n_snowm_02/001001/tile.raw	season2/map_n_snowm_02/001001/tile.raw	1
season2/season2/metin2_map_milgyo_a/000002/areaproperty.txt	season2/metin2_map_milgyo_a/000002/areaproperty.txt	2
season2/season2/metin2_map_a2_1/005002/shadowmap.dds	season2/metin2_map_a2_1/005002/shadowmap.dds	1
season2/season2/metin2_map_a2_1/001003/minimap.dds	season2/metin2_map_a2_1/001003/minimap.dds	1
season2/season2/metin2_map_a2_1/000003/minimap.dds	season2/metin2_map_a2_1/000003/minimap.dds	1
season2/season2/map_n_snowm_02/001002/areaambiencedata.txt	season2/map_n_snowm_02/001002/areaambiencedata.txt	2
season2/season2/metin2_map_milgyo_a/003002/shadowmap.raw	season2/metin2_map_milgyo_a/003002/shadowmap.raw	1
season2/season2/map_n_snowm_02/001002/areadata.txt	season2/map_n_snowm_02/001002/areadata.txt	2
season2/season2/metin2_map_a2_1/004002/shadowmap.raw	season2/metin2_map_a2_1/004002/shadowmap.raw	1
season2/season2/metin2_map_trent02_a/001002/areaproperty.txt	season2/metin2_map_trent02_a/001002/areaproperty.txt	2
season2/season2/metin2_map_n_flame_02/000002/height.raw	season2/metin2_map_n_flame_02/000002/height.raw	1
season2/season2/monster/ch_magician/skipia_magician.gr2	season2/monster/ch_magician/skipia_magician.gr2	0
season2/season2/map_n_snowm_02/001002/attr.atr	season2/map_n_snowm_02/001002/attr.atr	1
season2/season2/map_n_snowm_02/atlas.sub	season2/map_n_snowm_02/atlas.sub	0
season2/season2/monster/ch_magician/skipia_magician_wait1.gr2	season2/monster/ch_magician/skipia_magician_wait1.gr2	0
season2/season2/monster/ch_magician/skipia_magician_back_damage.msa	season2/monster/ch_magician/skipia_magician_back_damage.msa	2
season2/season2/metin2_map_a2_1/004005/areadata.txt	season2/metin2_map_a2_1/004005/areadata.txt	2
season2/season2/metin2_map_trent02_a/002001/minimap.dds	season2/metin2_map_trent02_a/002001/minimap.dds	1
season2/season2/map_n_snowm_02/001002/height.raw	season2/map_n_snowm_02/001002/height.raw	1
season2/season2/metin2_map_n_flame_02/003000/shadowmap.raw	season2/metin2_map_n_flame_02/003000/shadowmap.raw	1
season2/season2/map_n_snowm_02/001002/minimap.dds	season2/map_n_snowm_02/001002/minimap.dds	1
season2/season2/metin2_map_a2_1/000002/areaambiencedata.txt	season2/metin2_map_a2_1/000002/areaambiencedata.txt	2
season2/season2/map_n_snowm_02/004004/shadowmap.dds	season2/map_n_snowm_02/004004/shadowmap.dds	1
season2/season2/monster/ch_general/skipia_general_lod_01.gr2	season2/monster/ch_general/skipia_general_lod_01.gr2	0
season2/season2/metin2_map_empirewar01/000001/areadata.txt	season2/metin2_map_empirewar01/000001/areadata.txt	2
season2/season2/metin2_map_a2_1/004001/water.wtr	season2/metin2_map_a2_1/004001/water.wtr	1
season2/season2/map_n_snowm_02/003003/water.wtr	season2/map_n_snowm_02/003003/water.wtr	1
season2/season2/metin2_map_n_desert_02/004000/areaproperty.txt	season2/metin2_map_n_desert_02/004000/areaproperty.txt	2
season2/season2/map_n_snowm_02/001002/shadowmap.dds	season2/map_n_snowm_02/001002/shadowmap.dds	1
season2/season2/map_n_snowm_02/001002/shadowmap.raw	season2/map_n_snowm_02/001002/shadowmap.raw	1
season2/season2/map_n_snowm_02/002003/attr.atr	season2/map_n_snowm_02/002003/attr.atr	1
season2/season2/monster/ch_officer/skipia_officer_standup.msa	season2/monster/ch_officer/skipia_officer_standup.msa	2
season2/season2/metin2_map_n_desert_02/atlas.sub	season2/metin2_map_n_desert_02/atlas.sub	0
season2/season2/map_n_snowm_02/005001/areaproperty.txt	season2/map_n_snowm_02/005001/areaproperty.txt	2
season2/season2/monster/ch_general/skipia_general_dead.msa	season2/monster/ch_general/skipia_general_dead.msa	2
season2/season2/map_n_snowm_02/001002/tile.raw	season2/map_n_snowm_02/001002/tile.raw	1
season2/season2/metin2_map_milgyo_a/000003/shadowmap.raw	season2/metin2_map_milgyo_a/000003/shadowmap.raw	1
season2/season2/map_n_snowm_02/001002/water.wtr	season2/map_n_snowm_02/001002/water.wtr	1
season2/season2/map_n_snowm_02/001003/areaproperty.txt	season2/map_n_snowm_02/001003/areaproperty.txt	2
season2/season2/metin2_map_a2_1/001005/shadowmap.dds	season2/metin2_map_a2_1/001005/shadowmap.dds	1
season2/season2/metin2_map_n_desert_02/000002/areaproperty.txt	season2/metin2_map_n_desert_02/000002/areaproperty.txt	2
season2/season2/metin2_map_a2_1/003001/areaambiencedata.txt	season2/metin2_map_a2_1/003001/areaambiencedata.txt	2
season2/season2/metin2_map_skipia_dungeon_02/005005/areaambiencedata.txt	season2/metin2_map_skipia_dungeon_02/005005/areaambiencedata.txt	2
season2/season2/map_n_snowm_02/001003/attr.atr	season2/map_n_snowm_02/001003/attr.atr	1
season2/season2/metin2_map_n_flame_02/005005/height.raw	season2/metin2_map_n_flame_02/005005/height.raw	1
season2/season2/metin2_map_a2_1/002005/shadowmap.dds	season2/metin2_map_a2_1/002005/shadowmap.dds	1
season2/season2/metin2_map_a2_1/001003/areadata.txt	season2/metin2_map_a2_1/001003/areadata.txt	2
season2/season2/map_n_snowm_02/003004/areaproperty.txt	season2/map_n_snowm_02/003004/areaproperty.txt	2
season2/season2/metin2_map_a2_1/004004/minimap.dds	season2/metin2_map_a2_1/004004/minimap.dds	1
season2/season2/map_n_snowm_02/001003/height.raw	season2/map_n_snowm_02/001003/height.raw	1
season2/season2/metin2_map_n_desert_02/003000/shadowmap.dds	season2/metin2_map_n_desert_02/003000/shadowmap.dds	1
season2/season2/metin2_map_a2_1/001004/areaambiencedata.txt	season2/metin2_map_a2_1/001004/areaambiencedata.txt	2
season2/season2/monster/ch_officer/skipia_officer_wait.msa	season2/monster/ch_officer/skipia_officer_wait.msa	2
season2/season2/map_n_snowm_02/001003/minimap.dds	season2/map_n_snowm_02/001003/minimap.dds	1
season2/season2/metin2_map_skipia_dungeon_02/005001/areaproperty.txt	season2/metin2_map_skipia_dungeon_02/005001/areaproperty.txt	2
season2/season2/map_n_snowm_02/001003/shadowmap.dds	season2/map_n_snowm_02/001003/shadowmap.dds	1
season2/season2/metin2_map_skipia_dungeon_01/001000/areadata.txt	season2/metin2_map_skipia_dungeon_01/001000/areadata.txt	2
season2/season2/metin2_map_skipia_dungeon_01/005003/areaambiencedata.txt	season2/metin2_map_skipia_dungeon_01/005003/areaambiencedata.txt	2
season2/season2/map_n_snowm_02/001003/tile.raw	season2/map_n_snowm_02/001003/tile.raw	1
season2/season2/monster/ch_water_dragon/20_4.msa	season2/monster/ch_water_dragon/20_4.msa	2
season2/season2/metin2_map_n_desert_02/003004/minimap.dds	season2/metin2_map_n_desert_02/003004/minimap.dds	1
season2/season2/map_n_snowm_02/005005/attr.atr	season2/map_n_snowm_02/005005/attr.atr	1
season2/season2/map_n_snowm_02/004004/water.wtr	season2/map_n_snowm_02/004004/water.wtr	1
season2/season2/metin2_map_skipia_dungeon_02/001003/water.wtr	season2/metin2_map_skipia_dungeon_02/001003/water.wtr	1
season2/season2/metin2_map_a2_1/005003/shadowmap.raw	season2/metin2_map_a2_1/005003/shadowmap.raw	1
season2/season2/map_n_snowm_02/001004/areaambiencedata.txt	season2/map_n_snowm_02/001004/areaambiencedata.txt	2
season2/season2/map_n_snowm_02/005003/tile.raw	season2/map_n_snowm_02/005003/tile.raw	1
season2/season2/map_n_snowm_02/001004/areadata.txt	season2/map_n_snowm_02/001004/areadata.txt	2
season2/season2/metin2_map_skipia_bossdungeon/mapproperty.txt	season2/metin2_map_skipia_bossdungeon/mapproperty.txt	2
season2/season2/metin2_map_n_desert_02/005003/water.wtr	season2/metin2_map_n_desert_02/005003/water.wtr	1
season2/season2/map_n_snowm_02/001004/areaproperty.txt	season2/map_n_snowm_02/001004/areaproperty.txt	2
season2/season2/map_n_snowm_02/001004/attr.atr	season2/map_n_snowm_02/001004/attr.atr	1
season2/season2/map_n_snowm_02/002001/shadowmap.dds	season2/map_n_snowm_02/002001/shadowmap.dds	1
season2/season2/metin2_map_skipia_dungeon_01/001002/areaambiencedata.txt	season2/metin2_map_skipia_dungeon_01/001002/areaambiencedata.txt	2
season2/season2/map_n_snowm_02/001004/height.raw	season2/map_n_snowm_02/001004/height.raw	1
season2/season2/map_n_snowm_02/001004/shadowmap.dds	season2/map_n_snowm_02/001004/shadowmap.dds	1
season2/season2/map_n_snowm_02/003004/areadata.txt	season2/map_n_snowm_02/003004/areadata.txt	2
season2/season2/map_n_snowm_02/003001/areaproperty.txt	season2/map_n_snowm_02/003001/areaproperty.txt	2
season2/season2/metin2_map_milgyo_a/001003/minimap.dds	season2/metin2_map_milgyo_a/001003/minimap.dds	1
season2/season2/metin2_map_a2_1/001002/shadowmap.dds	season2/metin2_map_a2_1/001002/shadowmap.dds	1
season2/season2/metin2_map_skipia_dungeon_01/001001/shadowmap.dds	season2/metin2_map_skipia_dungeon_01/001001/shadowmap.dds	1
season2/season2/map_n_snowm_02/005002/attr.atr	season2/map_n_snowm_02/005002/attr.atr	1
season2/season2/metin2_map_n_desert_02/004005/areaproperty.txt	season2/metin2_map_n_desert_02/004005/areaproperty.txt	2
season2/season2/map_n_snowm_02/001004/shadowmap.raw	season2/map_n_snowm_02/001004/shadowmap.raw	1
season2/season2/map_n_snowm_02/001005/minimap.dds	season2/map_n_snowm_02/001005/minimap.dds	1
season2/season2/metin2_map_n_flame_02/002005/water.wtr	season2/metin2_map_n_flame_02/002005/water.wtr	1
season2/season2/map_n_snowm_02/001004/tile.raw	season2/map_n_snowm_02/001004/tile.raw	1
season2/season2/metin2_map_skipia_dungeon_01/002000/areaproperty.txt	season2/metin2_map_skipia_dungeon_01/002000/areaproperty.txt	2
season2/season2/metin2_map_skipia_dungeon_01/002005/minimap.dds	season2/metin2_map_skipia_dungeon_01/002005/minimap.dds	1
season2/season2/map_n_snowm_02/001004/water.wtr	season2/map_n_snowm_02/001004/water.wtr	1
season2/season2/metin2_map_n_desert_02/001005/areadata.txt	season2/metin2_map_n_desert_02/001005/areadata.txt	2
season2/season2/metin2_map_skipia_dungeon_01/004000/tile.raw	season2/metin2_map_skipia_dungeon_01/004000/tile.raw	1
season2/season2/metin2_map_skipia_dungeon_01/005002/attr.atr	season2/metin2_map_skipia_dungeon_01/005002/attr.atr	1
season2/season2/metin2_map_a2_1/002003/areaambiencedata.txt	season2/metin2_map_a2_1/002003/areaambiencedata.txt	2
season2/season2/map_n_snowm_02/001005/areadata.txt	season2/map_n_snowm_02/001005/areadata.txt	2
season2/season2/metin2_map_n_flame_02/004001/height.raw	season2/metin2_map_n_flame_02/004001/height.raw	1
season2/season2/map_n_snowm_02/002000/areaambiencedata.txt	season2/map_n_snowm_02/002000/areaambiencedata.txt	2
season2/season2/metin2_map_n_flame_02/000002/minimap.dds	season2/metin2_map_n_flame_02/000002/minimap.dds	1
season2/season2/map_n_snowm_02/001005/areaproperty.txt	season2/map_n_snowm_02/001005/areaproperty.txt	2
season2/season2/map_n_snowm_02/001005/attr.atr	season2/map_n_snowm_02/001005/attr.atr	1
season2/season2/metin2_map_empirewar01/000001/shadowmap.raw	season2/metin2_map_empirewar01/000001/shadowmap.raw	1
season2/season2/map_n_snowm_02/001005/height.raw	season2/map_n_snowm_02/001005/height.raw	1
season2/season2/map_n_snowm_02/003003/attr.atr	season2/map_n_snowm_02/003003/attr.atr	1
season2/season2/metin2_map_skipia_dungeon_01/000004/areaambiencedata.txt	season2/metin2_map_skipia_dungeon_01/000004/areaambiencedata.txt	2
season2/season2/map_n_snowm_02/001005/shadowmap.dds	season2/map_n_snowm_02/001005/shadowmap.dds	1
season2/season2/metin2_map_n_desert_02/004002/water.wtr	season2/metin2_map_n_desert_02/004002/water.wtr	1
season2/season2/metin2_map_milgyo_a/003000/areaproperty.txt	season2/metin2_map_milgyo_a/003000/areaproperty.txt	2
season2/season2/metin2_map_empirewar01/000001/areaambiencedata.txt	season2/metin2_map_empirewar01/000001/areaambiencedata.txt	2
season2/season2/metin2_map_trent02_a/000001/areadata.txt	season2/metin2_map_trent02_a/000001/areadata.txt	2
season2/season2/map_n_snowm_02/001005/shadowmap.raw	season2/map_n_snowm_02/001005/shadowmap.raw	1
season2/season2/metin2_map_skipia_dungeon_02/000005/height.raw	season2/metin2_map_skipia_dungeon_02/000005/height.raw	1
season2/season2/metin2_map_a2_1/004005/attr.atr	season2/metin2_map_a2_1/004005/attr.atr	1
season2/season2/map_n_snowm_02/001005/tile.raw	season2/map_n_snowm_02/001005/tile.raw	1
season2/season2/metin2_map_skipia_dungeon_01/000000/areaproperty.txt	season2/metin2_map_skipia_dungeon_01/000000/areaproperty.txt	2
season2/season2/map_n_snowm_02/003001/water.wtr	season2/map_n_snowm_02/003001/water.wtr	1
season2/season2/metin2_map_a2_1/000004/attr.atr	season2/metin2_map_a2_1/000004/attr.atr	1
season2/season2/metin2_map_skipia_dungeon_01/002003/attr.atr	season2/metin2_map_skipia_dungeon_01/002003/attr.atr	1
season2/season2/metin2_map_n_desert_02/000002/shadowmap.raw	season2/metin2_map_n_desert_02/000002/shadowmap.raw	1
season2/season2/metin2_map_a2_1/003004/areaproperty.txt	season2/metin2_map_a2_1/003004/areaproperty.txt	2
season2/season2/metin2_map_n_desert_02/002000/areadata.txt	season2/metin2_map_n_desert_02/002000/areadata.txt	2
season2/season2/map_n_snowm_02/004005/areadata.txt	season2/map_n_snowm_02/004005/areadata.txt	2
season2/season2/metin2_map_skipia_dungeon_01/003004/areadata.txt	season2/metin2_map_skipia_dungeon_01/003004/areadata.txt	2
season2/season2/metin2_map_skipia_bossdungeon/000000/shadowmap.raw	season2/metin2_map_skipia_bossdungeon/000000/shadowmap.raw	1
season2/season2/metin2_map_skipia_dungeon_01/002000/shadowmap.raw	season2/metin2_map_skipia_dungeon_01/002000/shadowmap.raw	1
season2/season2/metin2_map_n_flame_02/000003/water.wtr	season2/metin2_map_n_flame_02/000003/water.wtr	1
season2/season2/map_n_snowm_02/002000/areadata.txt	season2/map_n_snowm_02/002000/areadata.txt	2
season2/season2/map_n_snowm_02/004002/shadowmap.dds	season2/map_n_snowm_02/004002/shadowmap.dds	1
season2/season2/metin2_map_n_desert_02/002003/water.wtr	season2/metin2_map_n_desert_02/002003/water.wtr	1
season2/season2/metin2_map_n_flame_02/003004/shadowmap.raw	season2/metin2_map_n_flame_02/003004/shadowmap.raw	1
season2/season2/monster/ch_footman/skipia_footman_front_stand.gr2	season2/monster/ch_footman/skipia_footman_front_stand.gr2	0
season2/season2/map_n_snowm_02/002000/areaproperty.txt	season2/map_n_snowm_02/002000/areaproperty.txt	2
season2/season2/metin2_map_a2_1/001001/areaproperty.txt	season2/metin2_map_a2_1/001001/areaproperty.txt	2
season2/season2/map_n_snowm_02/005000/shadowmap.dds	season2/map_n_snowm_02/005000/shadowmap.dds	1
season2/season2/metin2_map_n_desert_02/004004/attr.atr	season2/metin2_map_n_desert_02/004004/attr.atr	1
season2/season2/monster/ch_officer/skipia_officer_front_standup.msa	season2/monster/ch_officer/skipia_officer_front_standup.msa	2
season2/season2/metin2_map_a2_1/000005/attr.atr	season2/metin2_map_a2_1/000005/attr.atr	1
season2/season2/metin2_map_n_desert_02/003003/attr.atr	season2/metin2_map_n_desert_02/003003/attr.atr	1
season2/season2/map_n_snowm_02/005004/shadowmap.dds	season2/map_n_snowm_02/005004/shadowmap.dds	1
season2/season2/metin2_map_a2_1/005000/shadowmap.raw	season2/metin2_map_a2_1/005000/shadowmap.raw	1
season2/season2/map_n_snowm_02/002000/attr.atr	season2/map_n_snowm_02/002000/attr.atr	1
season2/season2/metin2_map_milgyo_a/002001/tile.raw	season2/metin2_map_milgyo_a/002001/tile.raw	1
season2/season2/metin2_map_skipia_dungeon_02/005001/shadowmap.raw	season2/metin2_map_skipia_dungeon_02/005001/shadowmap.raw	1
season2/season2/metin2_map_a2_1/000005/areaambiencedata.txt	season2/metin2_map_a2_1/000005/areaambiencedata.txt	2
season2/season2/metin2_map_n_desert_02/003001/areaambiencedata.txt	season2/metin2_map_n_desert_02/003001/areaambiencedata.txt	2
season2/season2/metin2_map_skipia_dungeon_01/004001/shadowmap.dds	season2/metin2_map_skipia_dungeon_01/004001/shadowmap.dds	1
season2/season2/metin2_map_a2_1/001000/tile.raw	season2/metin2_map_a2_1/001000/tile.raw	1
season2/season2/map_n_snowm_02/002000/height.raw	season2/map_n_snowm_02/002000/height.raw	1
season2/season2/map_n_snowm_02/003000/areaambiencedata.txt	season2/map_n_snowm_02/003000/areaambiencedata.txt	2
season2/season2/map_n_snowm_02/002000/shadowmap.dds	season2/map_n_snowm_02/002000/shadowmap.dds	1
season2/season2/map_n_snowm_02/002000/shadowmap.raw	season2/map_n_snowm_02/002000/shadowmap.raw	1
season2/season2/metin2_map_empirewar01/000000/minimap.dds	season2/metin2_map_empirewar01/000000/minimap.dds	1
season2/season2/metin2_map_a2_1/002000/height.raw	season2/metin2_map_a2_1/002000/height.raw	1
season2/season2/metin2_map_n_desert_02/002000/areaambiencedata.txt	season2/metin2_map_n_desert_02/002000/areaambiencedata.txt	2
season2/season2/map_n_snowm_02/002000/tile.raw	season2/map_n_snowm_02/002000/tile.raw	1
season2/season2/map_n_snowm_02/003000/areadata.txt	season2/map_n_snowm_02/003000/areadata.txt	2
season2/season2/metin2_map_skipia_dungeon_02/003001/areaambiencedata.txt	season2/metin2_map_skipia_dungeon_02/003001/areaambiencedata.txt	2
season2/season2/metin2_map_n_flame_02/003005/shadowmap.dds	season2/metin2_map_n_flame_02/003005/shadowmap.dds	1
season2/season2/metin2_map_n_flame_02/004002/areadata.txt	season2/metin2_map_n_flame_02/004002/areadata.txt	2
season2/season2/metin2_map_milgyo_a/002001/areaproperty.txt	season2/metin2_map_milgyo_a/002001/areaproperty.txt	2
season2/season2/metin2_map_n_flame_02/003003/water.wtr	season2/metin2_map_n_flame_02/003003/water.wtr	1
season2/season2/map_n_snowm_02/002000/water.wtr	season2/map_n_snowm_02/002000/water.wtr	1
season2/season2/map_n_snowm_02/002001/areaambiencedata.txt	season2/map_n_snowm_02/002001/areaambiencedata.txt	2
season2/season2/metin2_map_n_flame_02/004000/tile.raw	season2/metin2_map_n_flame_02/004000/tile.raw	1
season2/season2/metin2_map_a2_1/001004/height.raw	season2/metin2_map_a2_1/001004/height.raw	1
season2/season2/monster/ch_officer/skipia_officer_back_damage.gr2	season2/monster/ch_officer/skipia_officer_back_damage.gr2	0
season2/season2/map_n_snowm_02/002001/areadata.txt	season2/map_n_snowm_02/002001/areadata.txt	2
season2/season2/metin2_map_n_desert_02/004000/areaambiencedata.txt	season2/metin2_map_n_desert_02/004000/areaambiencedata.txt	2
season2/season2/metin2_map_skipia_dungeon_01/002004/areadata.txt	season2/metin2_map_skipia_dungeon_01/002004/areadata.txt	2
season2/season2/metin2_map_milgyo_a/001002/areaambiencedata.txt	season2/metin2_map_milgyo_a/001002/areaambiencedata.txt	2
season2/season2/metin2_map_n_flame_02/004000/areadata.txt	season2/metin2_map_n_flame_02/004000/areadata.txt	2
season2/season2/metin2_map_skipia_dungeon_01/002002/areaambiencedata.txt	season2/metin2_map_skipia_dungeon_01/002002/areaambiencedata.txt	2
season2/season2/metin2_map_skipia_dungeon_02/004002/tile.raw	season2/metin2_map_skipia_dungeon_02/004002/tile.raw	1
season2/season2/map_n_snowm_02/002003/areaambiencedata.txt	season2/map_n_snowm_02/002003/areaambiencedata.txt	2
season2/season2/metin2_map_skipia_dungeon_02/004004/height.raw	season2/metin2_map_skipia_dungeon_02/004004/height.raw	1
season2/season2/map_n_snowm_02/002001/areaproperty.txt	season2/map_n_snowm_02/002001/areaproperty.txt	2
season2/season2/map_n_snowm_02/002003/minimap.dds	season2/map_n_snowm_02/002003/minimap.dds	1
season2/season2/metin2_map_skipia_dungeon_01/002005/areadata.txt	season2/metin2_map_skipia_dungeon_01/002005/areadata.txt	2
season2/season2/map_n_snowm_02/002001/attr.atr	season2/map_n_snowm_02/002001/attr.atr	1
season2/season2/map_n_snowm_02/002001/height.raw	season2/map_n_snowm_02/002001/height.raw	1
season2/season2/metin2_map_a2_1/005000/areadata.txt	season2/metin2_map_a2_1/005000/areadata.txt	2
season2/season2/metin2_map_skipia_dungeon_01/005005/attr.atr	season2/metin2_map_skipia_dungeon_01/005005/attr.atr	1
season2/season2/map_n_snowm_02/002001/minimap.dds	season2/map_n_snowm_02/002001/minimap.dds	1
season2/season2/metin2_map_n_flame_02/002004/areadata.txt	season2/metin2_map_n_flame_02/002004/areadata.txt	2
season2/season2/map_n_snowm_02/004002/areaambiencedata.txt	season2/map_n_snowm_02/004002/areaambiencedata.txt	2
season2/season2/metin2_map_skipia_dungeon_01/002003/areadata.txt	season2/metin2_map_skipia_dungeon_01/002003/areadata.txt	2
season2/season2/metin2_map_skipia_bossdungeon/000000/minimap.dds	season2/metin2_map_skipia_bossdungeon/000000/minimap.dds	1
season2/season2/metin2_map_empirewar02/001000/areaproperty.txt	season2/metin2_map_empirewar02/001000/areaproperty.txt	2
season2/season2/metin2_map_n_flame_02/000003/areaproperty.txt	season2/metin2_map_n_flame_02/000003/areaproperty.txt	2
season2/season2/metin2_map_a2_1/002002/water.wtr	season2/metin2_map_a2_1/002002/water.wtr	1
season2/season2/map_n_snowm_02/002001/tile.raw	season2/map_n_snowm_02/002001/tile.raw	1
season2/season2/map_n_snowm_02/002001/water.wtr	season2/map_n_snowm_02/002001/water.wtr	1
season2/season2/metin2_map_n_desert_02/001002/shadowmap.raw	season2/metin2_map_n_desert_02/001002/shadowmap.raw	1
season2/season2/map_n_snowm_02/002002/areadata.txt	season2/map_n_snowm_02/002002/areadata.txt	2
season2/season2/metin2_map_a2_1/000001/areaproperty.txt	season2/metin2_map_a2_1/000001/areaproperty.txt	2
season2/season2/metin2_map_skipia_dungeon_01/002002/minimap.dds	season2/metin2_map_skipia_dungeon_01/002002/minimap.dds	1
season2/season2/metin2_map_trent02_a/000002/areadata.txt	season2/metin2_map_trent02_a/000002/areadata.txt	2
season2/season2/map_n_snowm_02/005002/minimap.dds	season2/map_n_snowm_02/005002/minimap.dds	1
season2/season2/map_n_snowm_02/004000/minimap.dds	season2/map_n_snowm_02/004000/minimap.dds	1
season2/season2/metin2_map_skipia_dungeon_01/003005/areaproperty.txt	season2/metin2_map_skipia_dungeon_01/003005/areaproperty.txt	2
season2/season2/map_n_snowm_02/002002/attr.atr	season2/map_n_snowm_02/002002/attr.atr	1
season2/season2/metin2_map_empirewar03/000001/attr.atr	season2/metin2_map_empirewar03/000001/attr.atr	1
season2/season2/map_n_snowm_02/005002/tile.raw	season2/map_n_snowm_02/005002/tile.raw	1
season2/season2/metin2_map_n_flame_02/001002/areadata.txt	season2/metin2_map_n_flame_02/001002/areadata.txt	2
season2/season2/metin2_map_skipia_dungeon_02/005001/height.raw	season2/metin2_map_skipia_dungeon_02/005001/height.raw	1
season2/season2/metin2_map_a2_1/000001/areadata.txt	season2/metin2_map_a2_1/000001/areadata.txt	2
season2/season2/metin2_map_a2_1/setting.txt	season2/metin2_map_a2_1/setting.txt	2
season2/season2/metin2_map_milgyo_a/003002/height.raw	season2/metin2_map_milgyo_a/003002/height.raw	1
season2/season2/metin2_map_trent02_a/002000/height.raw	season2/metin2_map_trent02_a/002000/height.raw	1
season2/season2/metin2_map_empirewar01/001001/attr.atr	season2/metin2_map_empirewar01/001001/attr.atr	1
season2/season2/map_n_snowm_02/002002/minimap.dds	season2/map_n_snowm_02/002002/minimap.dds	1
season2/season2/map_n_snowm_02/002002/shadowmap.dds	season2/map_n_snowm_02/002002/shadowmap.dds	1
season2/season2/npc/jinno_warpgate/jinno_warpgate.gr2	season2/npc/jinno_warpgate/jinno_warpgate.gr2	0
season2/season2/map_n_snowm_02/004001/minimap.dds	season2/map_n_snowm_02/004001/minimap.dds	1
season2/season2/metin2_map_a2_1/004002/attr.atr	season2/metin2_map_a2_1/004002/attr.atr	1
season2/season2/map_n_snowm_02/004003/attr.atr	season2/map_n_snowm_02/004003/attr.atr	1
season2/season2/map_n_snowm_02/002002/shadowmap.raw	season2/map_n_snowm_02/002002/shadowmap.raw	1
season2/season2/map_n_snowm_02/005000/height.raw	season2/map_n_snowm_02/005000/height.raw	1
season2/season2/map_n_snowm_02/002002/tile.raw	season2/map_n_snowm_02/002002/tile.raw	1
season2/season2/metin2_map_a2_1/001001/shadowmap.dds	season2/metin2_map_a2_1/001001/shadowmap.dds	1
season2/season2/metin2_map_a2_1/000003/shadowmap.raw	season2/metin2_map_a2_1/000003/shadowmap.raw	1
season2/season2/metin2_map_n_desert_02/004001/tile.raw	season2/metin2_map_n_desert_02/004001/tile.raw	1
season2/season2/metin2_map_n_desert_02/003001/height.raw	season2/metin2_map_n_desert_02/003001/height.raw	1
season2/season2/metin2_map_empirewar02/001001/water.wtr	season2/metin2_map_empirewar02/001001/water.wtr	1
season2/season2/metin2_map_n_flame_02/000000/shadowmap.raw	season2/metin2_map_n_flame_02/000000/shadowmap.raw	1
season2/season2/map_n_snowm_02/002002/water.wtr	season2/map_n_snowm_02/002002/water.wtr	1
season2/season2/metin2_map_skipia_dungeon_01/004000/attr.atr	season2/metin2_map_skipia_dungeon_01/004000/attr.atr	1
season2/season2/map_n_snowm_02/002003/areadata.txt	season2/map_n_snowm_02/002003/areadata.txt	2
season2/season2/metin2_map_skipia_dungeon_01/002005/height.raw	season2/metin2_map_skipia_dungeon_01/002005/height.raw	1
season2/season2/map_n_snowm_02/002003/areaproperty.txt	season2/map_n_snowm_02/002003/areaproperty.txt	2
season2/season2/monster/ch_general/skipia_general_back_damage.gr2	season2/monster/ch_general/skipia_general_back_damage.gr2	0
season2/season2/map_n_snowm_02/005002/areaproperty.txt	season2/map_n_snowm_02/005002/areaproperty.txt	2
season2/season2/metin2_map_n_desert_02/003001/tile.raw	season2/metin2_map_n_desert_02/003001/tile.raw	1
season2/season2/map_n_snowm_02/002003/height.raw	season2/map_n_snowm_02/002003/height.raw	1
season2/season2/metin2_map_skipia_dungeon_02/004003/areaproperty.txt	season2/metin2_map_skipia_dungeon_02/004003/areaproperty.txt	2
season2/season2/metin2_map_milgyo_a/001002/attr.atr	season2/metin2_map_milgyo_a/001002/attr.atr	1
season2/season2/map_n_snowm_02/002003/shadowmap.raw	season2/map_n_snowm_02/002003/shadowmap.raw	1
season2/season2/metin2_map_a2_1/003005/height.raw	season2/metin2_map_a2_1/003005/height.raw	1
season2/season2/metin2_map_empirewar03/000000/areadata.txt	season2/metin2_map_empirewar03/000000/areadata.txt	2
season2/season2/metin2_map_n_flame_02/005003/height.raw	season2/metin2_map_n_flame_02/005003/height.raw	1
season2/season2/metin2_map_a2_1/000003/areaproperty.txt	season2/metin2_map_a2_1/000003/areaproperty.txt	2
season2/season2/metin2_map_empirewar02/001001/attr.atr	season2/metin2_map_empirewar02/001001/attr.atr	1
season2/season2/map_n_snowm_02/002003/tile.raw	season2/map_n_snowm_02/002003/tile.raw	1
season2/season2/metin2_map_n_flame_02/003001/shadowmap.raw	season2/metin2_map_n_flame_02/003001/shadowmap.raw	1
season2/season2/metin2_map_a2_1/001004/attr.atr	season2/metin2_map_a2_1/001004/attr.atr	1
season2/season2/metin2_map_a2_1/atlas.sub	season2/metin2_map_a2_1/atlas.sub	0
season2/season2/metin2_map_skipia_dungeon_01/003003/minimap.dds	season2/metin2_map_skipia_dungeon_01/003003/minimap.dds	1
season2/season2/map_n_snowm_02/002003/water.wtr	season2/map_n_snowm_02/002003/water.wtr	1
season2/season2/map_n_snowm_02/004002/minimap.dds	season2/map_n_snowm_02/004002/minimap.dds	1
season2/season2/metin2_map_skipia_dungeon_02/000002/minimap.dds	season2/metin2_map_skipia_dungeon_02/000002/minimap.dds	1
season2/season2/map_n_snowm_02/002004/areaambiencedata.txt	season2/map_n_snowm_02/002004/areaambiencedata.txt	2
season2/season2/map_n_snowm_02/002004/areadata.txt	season2/map_n_snowm_02/002004/areadata.txt	2
season2/season2/metin2_map_n_desert_02/001004/water.wtr	season2/metin2_map_n_desert_02/001004/water.wtr	1
season2/season2/metin2_map_n_flame_02/001005/tile.raw	season2/metin2_map_n_flame_02/001005/tile.raw	1
season2/season2/map_n_snowm_02/004004/areadata.txt	season2/map_n_snowm_02/004004/areadata.txt	2
season2/season2/map_n_snowm_02/002004/areaproperty.txt	season2/map_n_snowm_02/002004/areaproperty.txt	2
season2/season2/monster/ch_footman/skipia_footman_front_knockdown.gr2	season2/monster/ch_footman/skipia_footman_front_knockdown.gr2	0
season2/season2/metin2_map_skipia_dungeon_02/000003/shadowmap.raw	season2/metin2_map_skipia_dungeon_02/000003/shadowmap.raw	1
season2/season2/map_n_snowm_02/002004/attr.atr	season2/map_n_snowm_02/002004/attr.atr	1
season2/season2/metin2_map_empirewar01/000000/attr.atr	season2/metin2_map_empirewar01/000000/attr.atr	1
season2/season2/metin2_map_a2_1/002001/areaproperty.txt	season2/metin2_map_a2_1/002001/areaproperty.txt	2
season2/season2/metin2_map_trent_a/001000/minimap.dds	season2/metin2_map_trent_a/001000/minimap.dds	1
season2/season2/metin2_map_skipia_dungeon_02/003001/areadata.txt	season2/metin2_map_skipia_dungeon_02/003001/areadata.txt	2
season2/season2/map_n_snowm_02/002004/minimap.dds	season2/map_n_snowm_02/002004/minimap.dds	1
season2/season2/metin2_map_a2_1/005003/water.wtr	season2/metin2_map_a2_1/005003/water.wtr	1
season2/season2/metin2_map_a2_1/000002/areaproperty.txt	season2/metin2_map_a2_1/000002/areaproperty.txt	2
season2/season2/metin2_map_n_desert_02/002005/height.raw	season2/metin2_map_n_desert_02/002005/height.raw	1
season2/season2/metin2_map_n_desert_02/002000/shadowmap.dds	season2/metin2_map_n_desert_02/002000/shadowmap.dds	1
season2/season2/metin2_map_a2_1/004005/shadowmap.dds	season2/metin2_map_a2_1/004005/shadowmap.dds	1
season2/season2/metin2_map_skipia_dungeon_02/002003/shadowmap.raw	season2/metin2_map_skipia_dungeon_02/002003/shadowmap.raw	1
season2/season2/metin2_map_milgyo_a/003002/tile.raw	season2/metin2_map_milgyo_a/003002/tile.raw	1
season2/season2/metin2_map_n_flame_02/003004/areadata.txt	season2/metin2_map_n_flame_02/003004/areadata.txt	2
season2/season2/metin2_map_milgyo_a/003000/areaambiencedata.txt	season2/metin2_map_milgyo_a/003000/areaambiencedata.txt	2
season2/season2/map_n_snowm_02/002004/shadowmap.dds	season2/map_n_snowm_02/002004/shadowmap.dds	1
season2/season2/metin2_map_n_flame_02/000004/minimap.dds	season2/metin2_map_n_flame_02/000004/minimap.dds	1
season2/season2/metin2_map_n_flame_02/005000/shadowmap.raw	season2/metin2_map_n_flame_02/005000/shadowmap.raw	1
season2/season2/metin2_map_trent_a/000000/height.raw	season2/metin2_map_trent_a/000000/height.raw	1
season2/season2/metin2_map_a2_1/003001/areadata.txt	season2/metin2_map_a2_1/003001/areadata.txt	2
season2/season2/metin2_map_skipia_dungeon_02/000000/shadowmap.dds	season2/metin2_map_skipia_dungeon_02/000000/shadowmap.dds	1
season2/season2/map_n_snowm_02/002004/shadowmap.raw	season2/map_n_snowm_02/002004/shadowmap.raw	1
season2/season2/map_n_snowm_02/005005/water.wtr	season2/map_n_snowm_02/005005/water.wtr	1
season2/season2/map_n_snowm_02/002004/water.wtr	season2/map_n_snowm_02/002004/water.wtr	1
season2/season2/map_n_snowm_02/005003/areaproperty.txt	season2/map_n_snowm_02/005003/areaproperty.txt	2
season2/season2/map_n_snowm_02/002005/areaambiencedata.txt	season2/map_n_snowm_02/002005/areaambiencedata.txt	2
season2/season2/map_n_snowm_02/002005/areaproperty.txt	season2/map_n_snowm_02/002005/areaproperty.txt	2
season2/season2/metin2_map_n_flame_02/001001/attr.atr	season2/metin2_map_n_flame_02/001001/attr.atr	1
season2/season2/map_n_snowm_02/002005/attr.atr	season2/map_n_snowm_02/002005/attr.atr	1
season2/season2/metin2_map_skipia_dungeon_02/003000/shadowmap.dds	season2/metin2_map_skipia_dungeon_02/003000/shadowmap.dds	1
season2/season2/metin2_map_milgyo_a/002003/areaproperty.txt	season2/metin2_map_milgyo_a/002003/areaproperty.txt	2
season2/season2/metin2_map_skipia_dungeon_01/000003/shadowmap.dds	season2/metin2_map_skipia_dungeon_01/000003/shadowmap.dds	1
season2/season2/metin2_map_skipia_dungeon_01/004004/areaambiencedata.txt	season2/metin2_map_skipia_dungeon_01/004004/areaambiencedata.txt	2
season2/season2/map_n_snowm_02/002005/height.raw	season2/map_n_snowm_02/002005/height.raw	1
season2/season2/metin2_map_milgyo_a/atlas.sub	season2/metin2_map_milgyo_a/atlas.sub	0
season2/season2/metin2_map_n_desert_02/003002/water.wtr	season2/metin2_map_n_desert_02/003002/water.wtr	1
season2/season2/metin2_map_a2_1/000000/height.raw	season2/metin2_map_a2_1/000000/height.raw	1
season2/season2/map_n_snowm_02/002005/minimap.dds	season2/map_n_snowm_02/002005/minimap.dds	1
season2/season2/monster/ch_bowman/skipia_bowman_lod_01.gr2	season2/monster/ch_bowman/skipia_bowman_lod_01.gr2	0
season2/season2/metin2_map_a2_1/003000/areadata.txt	season2/metin2_map_a2_1/003000/areadata.txt	2
season2/season2/metin2_map_n_flame_02/005001/areaproperty.txt	season2/metin2_map_n_flame_02/005001/areaproperty.txt	2
season2/season2/map_n_snowm_02/002005/shadowmap.dds	season2/map_n_snowm_02/002005/shadowmap.dds	1
season2/season2/map_n_snowm_02/002005/shadowmap.raw	season2/map_n_snowm_02/002005/shadowmap.raw	1
season2/season2/metin2_map_a2_1/002000/water.wtr	season2/metin2_map_a2_1/002000/water.wtr	1
season2/season2/map_n_snowm_02/002005/tile.raw	season2/map_n_snowm_02/002005/tile.raw	1
season2/season2/metin2_map_empirewar03/001001/areaproperty.txt	season2/metin2_map_empirewar03/001001/areaproperty.txt	2
season2/season2/map_n_snowm_02/002005/water.wtr	season2/map_n_snowm_02/002005/water.wtr	1
season2/season2/metin2_map_n_flame_02/003001/areaambiencedata.txt	season2/metin2_map_n_flame_02/003001/areaambiencedata.txt	2
season2/season2/monster/ch_general/skipia_general_back_standup.msa	season2/monster/ch_general/skipia_general_back_standup.msa	2
season2/season2/map_n_snowm_02/003000/areaproperty.txt	season2/map_n_snowm_02/003000/areaproperty.txt	2
season2/season2/map_n_snowm_02/003003/areaproperty.txt	season2/map_n_snowm_02/003003/areaproperty.txt	2
season2/season2/map_n_snowm_02/003000/attr.atr	season2/map_n_snowm_02/003000/attr.atr	1
season2/season2/map_n_snowm_02/003000/height.raw	season2/map_n_snowm_02/003000/height.raw	1
season2/season2/metin2_map_a2_1/000000/water.wtr	season2/metin2_map_a2_1/000000/water.wtr	1
season2/season2/metin2_map_trent_a/regen.txt	season2/metin2_map_trent_a/regen.txt	2
season2/season2/map_n_snowm_02/003000/minimap.dds	season2/map_n_snowm_02/003000/minimap.dds	1
season2/season2/metin2_map_milgyo_a/001001/areaproperty.txt	season2/metin2_map_milgyo_a/001001/areaproperty.txt	2
season2/season2/metin2_map_n_desert_02/000005/shadowmap.raw	season2/metin2_map_n_desert_02/000005/shadowmap.raw	1
season2/season2/metin2_map_a2_1/005002/tile.raw	season2/metin2_map_a2_1/005002/tile.raw	1
season2/season2/metin2_map_a2_1/001000/areadata.txt	season2/metin2_map_a2_1/001000/areadata.txt	2
season2/season2/map_n_snowm_02/003000/shadowmap.dds	season2/map_n_snowm_02/003000/shadowmap.dds	1
season2/season2/map_n_snowm_02/003000/shadowmap.raw	season2/map_n_snowm_02/003000/shadowmap.raw	1
season2/season2/map_n_snowm_02/003003/minimap.dds	season2/map_n_snowm_02/003003/minimap.dds	1
season2/season2/metin2_map_a2_1/002003/shadowmap.raw	season2/metin2_map_a2_1/002003/shadowmap.raw	1
season2/season2/map_n_snowm_02/003000/water.wtr	season2/map_n_snowm_02/003000/water.wtr	1
season2/season2/metin2_map_milgyo_a/003001/shadowmap.raw	season2/metin2_map_milgyo_a/003001/shadowmap.raw	1
season2/season2/metin2_map_a2_1/002002/areaproperty.txt	season2/metin2_map_a2_1/002002/areaproperty.txt	2
season2/season2/metin2_map_n_flame_02/002002/attr.atr	season2/metin2_map_n_flame_02/002002/attr.atr	1
season2/season2/metin2_map_milgyo_a/001000/shadowmap.dds	season2/metin2_map_milgyo_a/001000/shadowmap.dds	1
season2/season2/metin2_map_skipia_dungeon_01/003002/areaproperty.txt	season2/metin2_map_skipia_dungeon_01/003002/areaproperty.txt	2
season2/season2/map_n_snowm_02/003001/areaambiencedata.txt	season2/map_n_snowm_02/003001/areaambiencedata.txt	2
season2/season2/map_n_snowm_02/003001/attr.atr	season2/map_n_snowm_02/003001/attr.atr	1
season2/season2/metin2_map_n_desert_02/000003/minimap.dds	season2/metin2_map_n_desert_02/000003/minimap.dds	1
season2/season2/metin2_map_a2_1/000000/shadowmap.dds	season2/metin2_map_a2_1/000000/shadowmap.dds	1
season2/season2/map_n_snowm_02/003001/height.raw	season2/map_n_snowm_02/003001/height.raw	1
season2/season2/metin2_map_n_desert_02/000004/water.wtr	season2/metin2_map_n_desert_02/000004/water.wtr	1
season2/season2/monster/ch_bowman/skipia_bowman_back_damage.msa	season2/monster/ch_bowman/skipia_bowman_back_damage.msa	2
season2/season2/metin2_map_a2_1/001000/height.raw	season2/metin2_map_a2_1/001000/height.raw	1
season2/season2/monster/ch_bowman/skipia_bowman.gr2	season2/monster/ch_bowman/skipia_bowman.gr2	0
season2/season2/metin2_map_trent02_a/000000/areadata.txt	season2/metin2_map_trent02_a/000000/areadata.txt	2
season2/season2/metin2_map_milgyo_a/003001/areaambiencedata.txt	season2/metin2_map_milgyo_a/003001/areaambiencedata.txt	2
season2/season2/map_n_snowm_02/003001/minimap.dds	season2/map_n_snowm_02/003001/minimap.dds	1
season2/season2/metin2_map_n_desert_02/003001/areaproperty.txt	season2/metin2_map_n_desert_02/003001/areaproperty.txt	2
season2/season2/metin2_map_skipia_dungeon_01/003005/height.raw	season2/metin2_map_skipia_dungeon_01/003005/height.raw	1
season2/season2/metin2_map_skipia_dungeon_01/002000/minimap.dds	season2/metin2_map_skipia_dungeon_01/002000/minimap.dds	1
season2/season2/metin2_map_skipia_dungeon_01/003003/areadata.txt	season2/metin2_map_skipia_dungeon_01/003003/areadata.txt	2
season2/season2/map_n_snowm_02/003002/water.wtr	season2/map_n_snowm_02/003002/water.wtr	1
season2/season2/metin2_map_milgyo_a/000001/tile.raw	season2/metin2_map_milgyo_a/000001/tile.raw	1
season2/season2/map_n_snowm_02/003001/shadowmap.dds	season2/map_n_snowm_02/003001/shadowmap.dds	1
season2/season2/metin2_map_milgyo_a/002003/tile.raw	season2/metin2_map_milgyo_a/002003/tile.raw	1
season2/season2/metin2_map_n_desert_02/005005/areaambiencedata.txt	season2/metin2_map_n_desert_02/005005/areaambiencedata.txt	2
season2/season2/metin2_map_n_desert_02/003000/height.raw	season2/metin2_map_n_desert_02/003000/height.raw	1
season2/season2/metin2_map_skipia_dungeon_02/000005/water.wtr	season2/metin2_map_skipia_dungeon_02/000005/water.wtr	1
season2/season2/map_n_snowm_02/003001/shadowmap.raw	season2/map_n_snowm_02/003001/shadowmap.raw	1
season2/season2/metin2_map_n_desert_02/000005/tile.raw	season2/metin2_map_n_desert_02/000005/tile.raw	1
season2/season2/metin2_map_empirewar02/000001/areaambiencedata.txt	season2/metin2_map_empirewar02/000001/areaambiencedata.txt	2
season2/season2/metin2_map_a2_1/000005/shadowmap.dds	season2/metin2_map_a2_1/000005/shadowmap.dds	1
season2/season2/metin2_map_skipia_dungeon_02/004005/areaambiencedata.txt	season2/metin2_map_skipia_dungeon_02/004005/areaambiencedata.txt	2
season2/season2/metin2_map_n_desert_02/005004/attr.atr	season2/metin2_map_n_desert_02/005004/attr.atr	1
season2/season2/map_n_snowm_02/003002/areaambiencedata.txt	season2/map_n_snowm_02/003002/areaambiencedata.txt	2
season2/season2/metin2_map_n_desert_02/001005/shadowmap.dds	season2/metin2_map_n_desert_02/001005/shadowmap.dds	1
season2/season2/metin2_map_n_desert_02/000001/shadowmap.raw	season2/metin2_map_n_desert_02/000001/shadowmap.raw	1
season2/season2/map_n_snowm_02/003002/areadata.txt	season2/map_n_snowm_02/003002/areadata.txt	2
season2/season2/map_n_snowm_02/004003/shadowmap.dds	season2/map_n_snowm_02/004003/shadowmap.dds	1
season2/season2/metin2_map_n_desert_02/005002/areadata.txt	season2/metin2_map_n_desert_02/005002/areadata.txt	2
season2/season2/metin2_map_a2_1/002002/shadowmap.raw	season2/metin2_map_a2_1/002002/shadowmap.raw	1
season2/season2/map_n_snowm_02/003002/areaproperty.txt	season2/map_n_snowm_02/003002/areaproperty.txt	2
season2/season2/metin2_map_n_desert_02/002002/areaproperty.txt	season2/metin2_map_n_desert_02/002002/areaproperty.txt	2
season2/season2/metin2_map_milgyo_a/001001/areadata.txt	season2/metin2_map_milgyo_a/001001/areadata.txt	2
season2/season2/map_n_snowm_02/003002/height.raw	season2/map_n_snowm_02/003002/height.raw	1
season2/season2/map_n_snowm_02/003002/minimap.dds	season2/map_n_snowm_02/003002/minimap.dds	1
season2/season2/metin2_map_a2_1/005003/tile.raw	season2/metin2_map_a2_1/005003/tile.raw	1
season2/season2/map_n_snowm_02/003002/shadowmap.dds	season2/map_n_snowm_02/003002/shadowmap.dds	1
season2/season2/map_n_snowm_02/003002/shadowmap.raw	season2/map_n_snowm_02/003002/shadowmap.raw	1
season2/season2/map_n_snowm_02/004004/shadowmap.raw	season2/map_n_snowm_02/004004/shadowmap.raw	1
season2/season2/metin2_map_empirewar02/001001/tile.raw	season2/metin2_map_empirewar02/001001/tile.raw	1
season2/season2/monster/ch_officer/skipia_officer_attack.msa	season2/monster/ch_officer/skipia_officer_attack.msa	2
season2/season2/map_n_snowm_02/003002/tile.raw	season2/map_n_snowm_02/003002/tile.raw	1
season2/season2/metin2_map_milgyo_a/002001/areaambiencedata.txt	season2/metin2_map_milgyo_a/002001/areaambiencedata.txt	2
season2/season2/map_n_snowm_02/003003/areaambiencedata.txt	season2/map_n_snowm_02/003003/areaambiencedata.txt	2
season2/season2/monster/ch_bowman/skipia_bowman_damage.msa	season2/monster/ch_bowman/skipia_bowman_damage.msa	2
season2/season2/metin2_map_a2_1/004003/water.wtr	season2/metin2_map_a2_1/004003/water.wtr	1
season2/season2/map_n_snowm_02/003005/tile.raw	season2/map_n_snowm_02/003005/tile.raw	1
season2/season2/metin2_map_trent02_a/002000/areaambiencedata.txt	season2/metin2_map_trent02_a/002000/areaambiencedata.txt	2
season2/season2/map_n_snowm_02/003003/areadata.txt	season2/map_n_snowm_02/003003/areadata.txt	2
season2/season2/metin2_map_skipia_dungeon_01/002002/shadowmap.raw	season2/metin2_map_skipia_dungeon_01/002002/shadowmap.raw	1
season2/season2/metin2_map_a2_1/003000/areaambiencedata.txt	season2/metin2_map_a2_1/003000/areaambiencedata.txt	2
season2/season2/map_n_snowm_02/003005/shadowmap.dds	season2/map_n_snowm_02/003005/shadowmap.dds	1
season2/season2/map_n_snowm_02/005000/areaproperty.txt	season2/map_n_snowm_02/005000/areaproperty.txt	2
season2/season2/metin2_map_n_flame_02/003002/shadowmap.raw	season2/metin2_map_n_flame_02/003002/shadowmap.raw	1
season2/season2/metin2_map_n_desert_02/002005/tile.raw	season2/metin2_map_n_desert_02/002005/tile.raw	1
season2/season2/metin2_map_skipia_dungeon_02/005000/minimap.dds	season2/metin2_map_skipia_dungeon_02/005000/minimap.dds	1
season2/season2/map_n_snowm_02/003003/shadowmap.dds	season2/map_n_snowm_02/003003/shadowmap.dds	1
season2/season2/metin2_map_skipia_dungeon_01/005003/attr.atr	season2/metin2_map_skipia_dungeon_01/005003/attr.atr	1
season2/season2/map_n_snowm_02/003003/shadowmap.raw	season2/map_n_snowm_02/003003/shadowmap.raw	1
season2/season2/metin2_map_a2_1/001005/areaproperty.txt	season2/metin2_map_a2_1/001005/areaproperty.txt	2
season2/season2/metin2_map_n_desert_02/003002/areaambiencedata.txt	season2/metin2_map_n_desert_02/003002/areaambiencedata.txt	2
season2/season2/metin2_map_milgyo_a/001003/shadowmap.raw	season2/metin2_map_milgyo_a/001003/shadowmap.raw	1
season2/season2/metin2_map_skipia_dungeon_02/004003/shadowmap.dds	season2/metin2_map_skipia_dungeon_02/004003/shadowmap.dds	1
season2/season2/metin2_map_a2_1/001001/tile.raw	season2/metin2_map_a2_1/001001/tile.raw	1
season2/season2/metin2_map_empirewar01/mapproperty.txt	season2/metin2_map_empirewar01/mapproperty.txt	2
season2/season2/metin2_map_a2_1/003001/areaproperty.txt	season2/metin2_map_a2_1/003001/areaproperty.txt	2
season2/season2/map_n_snowm_02/003003/tile.raw	season2/map_n_snowm_02/003003/tile.raw	1
season2/season2/map_n_snowm_02/003004/attr.atr	season2/map_n_snowm_02/003004/attr.atr	1
season2/season2/metin2_map_milgyo_a/002000/shadowmap.raw	season2/metin2_map_milgyo_a/002000/shadowmap.raw	1
season2/season2/map_n_snowm_02/003004/height.raw	season2/map_n_snowm_02/003004/height.raw	1
season2/season2/metin2_map_n_flame_02/003005/water.wtr	season2/metin2_map_n_flame_02/003005/water.wtr	1
season2/season2/metin2_map_skipia_dungeon_01/000002/shadowmap.raw	season2/metin2_map_skipia_dungeon_01/000002/shadowmap.raw	1
season2/season2/metin2_map_a2_1/003003/height.raw	season2/metin2_map_a2_1/003003/height.raw	1
season2/season2/map_n_snowm_02/003004/shadowmap.dds	season2/map_n_snowm_02/003004/shadowmap.dds	1
season2/season2/map_n_snowm_02/004005/attr.atr	season2/map_n_snowm_02/004005/attr.atr	1
season2/season2/monster/ch_bowman/arrow.msf	season2/monster/ch_bowman/arrow.msf	1
season2/season2/metin2_map_a2_1/005001/height.raw	season2/metin2_map_a2_1/005001/height.raw	1
season2/season2/map_n_snowm_02/003004/shadowmap.raw	season2/map_n_snowm_02/003004/shadowmap.raw	1
season2/season2/map_n_snowm_02/003005/height.raw	season2/map_n_snowm_02/003005/height.raw	1
season2/season2/metin2_map_n_flame_02/001003/areaproperty.txt	season2/metin2_map_n_flame_02/001003/areaproperty.txt	2
season2/season2/map_n_snowm_02/003004/tile.raw	season2/map_n_snowm_02/003004/tile.raw	1
season2/season2/metin2_map_trent02_a/000002/areaambiencedata.txt	season2/metin2_map_trent02_a/000002/areaambiencedata.txt	2
season2/season2/metin2_map_a2_1/005000/areaproperty.txt	season2/metin2_map_a2_1/005000/areaproperty.txt	2
season2/season2/map_n_snowm_02/005003/attr.atr	season2/map_n_snowm_02/005003/attr.atr	1
season2/season2/monster/ch_footman/skipia_footman_run.msa	season2/monster/ch_footman/skipia_footman_run.msa	2
season2/season2/map_n_snowm_02/003004/water.wtr	season2/map_n_snowm_02/003004/water.wtr	1
season2/season2/metin2_map_a2_1/005001/water.wtr	season2/metin2_map_a2_1/005001/water.wtr	1
season2/season2/map_n_snowm_02/003005/areaambiencedata.txt	season2/map_n_snowm_02/003005/areaambiencedata.txt	2
season2/season2/monster/ch_magician/magician.msm	season2/monster/ch_magician/magician.msm	2
season2/season2/metin2_map_a2_1/005005/shadowmap.dds	season2/metin2_map_a2_1/005005/shadowmap.dds	1
season2/season2/map_n_snowm_02/003005/areadata.txt	season2/map_n_snowm_02/003005/areadata.txt	2
season2/season2/monster/ch_magician/skipia_magician_run.msa	season2/monster/ch_magician/skipia_magician_run.msa	2
season2/season2/map_n_snowm_02/003005/areaproperty.txt	season2/map_n_snowm_02/003005/areaproperty.txt	2
season2/season2/map_n_snowm_02/005001/minimap.dds	season2/map_n_snowm_02/005001/minimap.dds	1
season2/season2/metin2_map_milgyo_a/000002/shadowmap.raw	season2/metin2_map_milgyo_a/000002/shadowmap.raw	1
season2/season2/map_n_snowm_02/003005/attr.atr	season2/map_n_snowm_02/003005/attr.atr	1
season2/season2/metin2_map_milgyo_a/000000/shadowmap.raw	season2/metin2_map_milgyo_a/000000/shadowmap.raw	1
season2/season2/metin2_map_n_flame_02/004003/areadata.txt	season2/metin2_map_n_flame_02/004003/areadata.txt	2
season2/season2/metin2_map_skipia_dungeon_01/003000/minimap.dds	season2/metin2_map_skipia_dungeon_01/003000/minimap.dds	1
season2/season2/monster/ch_water_dragon/31.gr2	season2/monster/ch_water_dragon/31.gr2	0
season2/season2/map_n_snowm_02/004001/water.wtr	season2/map_n_snowm_02/004001/water.wtr	1
season2/season2/metin2_map_n_flame_02/004000/areaproperty.txt	season2/metin2_map_n_flame_02/004000/areaproperty.txt	2
season2/season2/metin2_map_a2_1/003005/tile.raw	season2/metin2_map_a2_1/003005/tile.raw	1
season2/season2/metin2_map_skipia_dungeon_02/000000/water.wtr	season2/metin2_map_skipia_dungeon_02/000000/water.wtr	1
season2/season2/map_n_snowm_02/003005/shadowmap.raw	season2/map_n_snowm_02/003005/shadowmap.raw	1
season2/season2/metin2_map_n_flame_02/005004/water.wtr	season2/metin2_map_n_flame_02/005004/water.wtr	1
season2/season2/metin2_map_n_flame_02/003004/attr.atr	season2/metin2_map_n_flame_02/003004/attr.atr	1
season2/season2/metin2_map_skipia_dungeon_01/005005/height.raw	season2/metin2_map_skipia_dungeon_01/005005/height.raw	1
season2/season2/metin2_map_milgyo_a/003000/minimap.dds	season2/metin2_map_milgyo_a/003000/minimap.dds	1
season2/season2/monster/ch_magician/skipia_magician_back_dead.gr2	season2/monster/ch_magician/skipia_magician_back_dead.gr2	0
season2/season2/map_n_snowm_02/003005/water.wtr	season2/map_n_snowm_02/003005/water.wtr	1
season2/season2/map_n_snowm_02/004000/areaambiencedata.txt	season2/map_n_snowm_02/004000/areaambiencedata.txt	2
season2/season2/map_n_snowm_02/004000/areadata.txt	season2/map_n_snowm_02/004000/areadata.txt	2
season2/season2/map_n_snowm_02/004000/height.raw	season2/map_n_snowm_02/004000/height.raw	1
season2/season2/map_n_snowm_02/004000/shadowmap.dds	season2/map_n_snowm_02/004000/shadowmap.dds	1
season2/season2/map_n_snowm_02/004002/areadata.txt	season2/map_n_snowm_02/004002/areadata.txt	2
season2/season2/metin2_map_a2_1/001002/areaambiencedata.txt	season2/metin2_map_a2_1/001002/areaambiencedata.txt	2
season2/season2/metin2_map_n_desert_02/003001/shadowmap.dds	season2/metin2_map_n_desert_02/003001/shadowmap.dds	1
season2/season2/map_n_snowm_02/005000/minimap.dds	season2/map_n_snowm_02/005000/minimap.dds	1
season2/season2/map_n_snowm_02/005004/areaproperty.txt	season2/map_n_snowm_02/005004/areaproperty.txt	2
season2/season2/map_n_snowm_02/005004/height.raw	season2/map_n_snowm_02/005004/height.raw	1
season2/season2/metin2_map_guild_inside01/000000/areadata.txt	season2/metin2_map_guild_inside01/000000/areadata.txt	2
season2/season2/map_n_snowm_02/004000/shadowmap.raw	season2/map_n_snowm_02/004000/shadowmap.raw	1
season2/season2/metin2_map_empirewar03/000001/minimap.dds	season2/metin2_map_empirewar03/000001/minimap.dds	1
season2/season2/metin2_map_a2_1/005001/attr.atr	season2/metin2_map_a2_1/005001/attr.atr	1
season2/season2/map_n_snowm_02/004000/tile.raw	season2/map_n_snowm_02/004000/tile.raw	1
season2/season2/map_n_snowm_02/004000/water.wtr	season2/map_n_snowm_02/004000/water.wtr	1
season2/season2/monster/ch_footman/skipia_footman_front_damage1.gr2	season2/monster/ch_footman/skipia_footman_front_damage1.gr2	0
season2/season2/metin2_map_skipia_dungeon_01/000002/areaproperty.txt	season2/metin2_map_skipia_dungeon_01/000002/areaproperty.txt	2
season2/season2/map_n_snowm_02/004001/areaambiencedata.txt	season2/map_n_snowm_02/004001/areaambiencedata.txt	2
season2/season2/map_n_snowm_02/005000/areadata.txt	season2/map_n_snowm_02/005000/areadata.txt	2
season2/season2/metin2_map_a2_1/000001/tile.raw	season2/metin2_map_a2_1/000001/tile.raw	1
season2/season2/metin2_map_milgyo_a/003003/minimap.dds	season2/metin2_map_milgyo_a/003003/minimap.dds	1
season2/season2/map_n_snowm_02/004001/areadata.txt	season2/map_n_snowm_02/004001/areadata.txt	2
season2/season2/map_n_snowm_02/004002/water.wtr	season2/map_n_snowm_02/004002/water.wtr	1
season2/season2/map_n_snowm_02/004001/areaproperty.txt	season2/map_n_snowm_02/004001/areaproperty.txt	2
season2/season2/metin2_map_skipia_dungeon_01/000005/shadowmap.raw	season2/metin2_map_skipia_dungeon_01/000005/shadowmap.raw	1
season2/season2/metin2_map_skipia_dungeon_01/000003/tile.raw	season2/metin2_map_skipia_dungeon_01/000003/tile.raw	1
season2/season2/map_n_snowm_02/004001/height.raw	season2/map_n_snowm_02/004001/height.raw	1
season2/season2/metin2_map_empirewar01/001000/minimap.dds	season2/metin2_map_empirewar01/001000/minimap.dds	1
season2/season2/map_n_snowm_02/004001/shadowmap.dds	season2/map_n_snowm_02/004001/shadowmap.dds	1
season2/season2/metin2_map_milgyo_a/002003/minimap.dds	season2/metin2_map_milgyo_a/002003/minimap.dds	1
season2/season2/metin2_map_a2_1/005001/areaambiencedata.txt	season2/metin2_map_a2_1/005001/areaambiencedata.txt	2
season2/season2/metin2_map_a2_1/000002/minimap.dds	season2/metin2_map_a2_1/000002/minimap.dds	1
season2/season2/map_n_snowm_02/004001/shadowmap.raw	season2/map_n_snowm_02/004001/shadowmap.raw	1
season2/season2/metin2_map_a2_1/000001/shadowmap.dds	season2/metin2_map_a2_1/000001/shadowmap.dds	1
season2/season2/map_n_snowm_02/004001/tile.raw	season2/map_n_snowm_02/004001/tile.raw	1
season2/season2/metin2_map_guild_inside01/mapproperty.txt	season2/metin2_map_guild_inside01/mapproperty.txt	2
season2/season2/metin2_map_milgyo_a/001002/minimap.dds	season2/metin2_map_milgyo_a/001002/minimap.dds	1
season2/season2/metin2_map_a2_1/004001/shadowmap.dds	season2/metin2_map_a2_1/004001/shadowmap.dds	1
season2/season2/map_n_snowm_02/005002/height.raw	season2/map_n_snowm_02/005002/height.raw	1
season2/season2/map_n_snowm_02/004002/attr.atr	season2/map_n_snowm_02/004002/attr.atr	1
season2/season2/map_n_snowm_02/004002/shadowmap.raw	season2/map_n_snowm_02/004002/shadowmap.raw	1
season2/season2/map_n_snowm_02/004002/tile.raw	season2/map_n_snowm_02/004002/tile.raw	1
season2/season2/metin2_map_a2_1/000002/shadowmap.raw	season2/metin2_map_a2_1/000002/shadowmap.raw	1
season2/season2/metin2_map_n_flame_02/002004/minimap.dds	season2/metin2_map_n_flame_02/002004/minimap.dds	1
season2/season2/metin2_map_skipia_dungeon_01/004000/water.wtr	season2/metin2_map_skipia_dungeon_01/004000/water.wtr	1
season2/season2/metin2_map_a2_1/004001/areaproperty.txt	season2/metin2_map_a2_1/004001/areaproperty.txt	2
season2/season2/monster/ch_bowman/skipia_bowman_run.gr2	season2/monster/ch_bowman/skipia_bowman_run.gr2	0
season2/season2/map_n_snowm_02/004003/areaambiencedata.txt	season2/map_n_snowm_02/004003/areaambiencedata.txt	2
season2/season2/map_n_snowm_02/004003/areadata.txt	season2/map_n_snowm_02/004003/areadata.txt	2
season2/season2/metin2_map_n_desert_02/001001/shadowmap.raw	season2/metin2_map_n_desert_02/001001/shadowmap.raw	1
season2/season2/map_n_snowm_02/004005/areaambiencedata.txt	season2/map_n_snowm_02/004005/areaambiencedata.txt	2
season2/season2/map_n_snowm_02/004003/areaproperty.txt	season2/map_n_snowm_02/004003/areaproperty.txt	2
season2/season2/map_n_snowm_02/004003/minimap.dds	season2/map_n_snowm_02/004003/minimap.dds	1
season2/season2/metin2_map_skipia_dungeon_01/001003/areadata.txt	season2/metin2_map_skipia_dungeon_01/001003/areadata.txt	2
season2/season2/metin2_map_skipia_dungeon_01/001003/height.raw	season2/metin2_map_skipia_dungeon_01/001003/height.raw	1
season2/season2/map_n_snowm_02/004003/shadowmap.raw	season2/map_n_snowm_02/004003/shadowmap.raw	1
season2/season2/map_n_snowm_02/004003/tile.raw	season2/map_n_snowm_02/004003/tile.raw	1
season2/season2/metin2_map_a2_1/002004/attr.atr	season2/metin2_map_a2_1/002004/attr.atr	1
season2/season2/metin2_map_skipia_dungeon_02/000002/areaproperty.txt	season2/metin2_map_skipia_dungeon_02/000002/areaproperty.txt	2
season2/season2/map_n_snowm_02/004003/water.wtr	season2/map_n_snowm_02/004003/water.wtr	1
season2/season2/map_n_snowm_02/004004/areaambiencedata.txt	season2/map_n_snowm_02/004004/areaambiencedata.txt	2
season2/season2/metin2_map_skipia_dungeon_01/001001/water.wtr	season2/metin2_map_skipia_dungeon_01/001001/water.wtr	1
season2/season2/map_n_snowm_02/005000/shadowmap.raw	season2/map_n_snowm_02/005000/shadowmap.raw	1
season2/season2/map_n_snowm_02/004004/areaproperty.txt	season2/map_n_snowm_02/004004/areaproperty.txt	2
season2/season2/map_n_snowm_02/004004/attr.atr	season2/map_n_snowm_02/004004/attr.atr	1
season2/season2/map_n_snowm_02/004004/height.raw	season2/map_n_snowm_02/004004/height.raw	1
season2/season2/monster/ch_water_dragon/20_2.gr2	season2/monster/ch_water_dragon/20_2.gr2	0
season2/season2/metin2_map_skipia_dungeon_02/005004/tile.raw	season2/metin2_map_skipia_dungeon_02/005004/tile.raw	1
season2/season2/metin2_map_a2_1/002002/tile.raw	season2/metin2_map_a2_1/002002/tile.raw	1
season2/season2/metin2_map_a2_1/002005/areadata.txt	season2/metin2_map_a2_1/002005/areadata.txt	2
season2/season2/map_n_snowm_02/004004/minimap.dds	season2/map_n_snowm_02/004004/minimap.dds	1
season2/season2/metin2_map_trent_a/000001/water.wtr	season2/metin2_map_trent_a/000001/water.wtr	1
season2/season2/metin2_map_milgyo_a/003001/height.raw	season2/metin2_map_milgyo_a/003001/height.raw	1
season2/season2/metin2_map_n_flame_02/004003/attr.atr	season2/metin2_map_n_flame_02/004003/attr.atr	1
season2/season2/monster/ch_general/skipia_general_front_damage1.gr2	season2/monster/ch_general/skipia_general_front_damage1.gr2	0
season2/season2/monster/ch_bowman/skipia_bowman_dead.gr2	season2/monster/ch_bowman/skipia_bowman_dead.gr2	0
season2/season2/map_n_snowm_02/004004/tile.raw	season2/map_n_snowm_02/004004/tile.raw	1
season2/season2/map_n_snowm_02/004005/areaproperty.txt	season2/map_n_snowm_02/004005/areaproperty.txt	2
season2/season2/map_n_snowm_02/004005/minimap.dds	season2/map_n_snowm_02/004005/minimap.dds	1
season2/season2/metin2_map_empirewar03/000000/areaambiencedata.txt	season2/metin2_map_empirewar03/000000/areaambiencedata.txt	2
season2/season2/metin2_map_n_desert_02/000005/shadowmap.dds	season2/metin2_map_n_desert_02/000005/shadowmap.dds	1
season2/season2/map_n_snowm_02/004005/shadowmap.dds	season2/map_n_snowm_02/004005/shadowmap.dds	1
season2/season2/metin2_map_skipia_dungeon_01/000002/water.wtr	season2/metin2_map_skipia_dungeon_01/000002/water.wtr	1
season2/season2/monster/ch_magician/torpedo.mse.bak	season2/monster/ch_magician/torpedo.mse.bak	0
season2/season2/metin2_map_a2_1/001001/height.raw	season2/metin2_map_a2_1/001001/height.raw	1
season2/season2/map_n_snowm_02/004005/shadowmap.raw	season2/map_n_snowm_02/004005/shadowmap.raw	1
season2/season2/metin2_map_n_desert_02/005003/tile.raw	season2/metin2_map_n_desert_02/005003/tile.raw	1
season2/season2/map_n_snowm_02/004005/tile.raw	season2/map_n_snowm_02/004005/tile.raw	1
season2/season2/map_n_snowm_02/004005/water.wtr	season2/map_n_snowm_02/004005/water.wtr	1
season2/season2/metin2_map_a2_1/000003/attr.atr	season2/metin2_map_a2_1/000003/attr.atr	1
season2/season2/metin2_map_a2_1/000000/areadata.txt	season2/metin2_map_a2_1/000000/areadata.txt	2
season2/season2/metin2_map_n_desert_02/005000/water.wtr	season2/metin2_map_n_desert_02/005000/water.wtr	1
season2/season2/map_n_snowm_02/005000/areaambiencedata.txt	season2/map_n_snowm_02/005000/areaambiencedata.txt	2
season2/season2/metin2_map_a2_1/003000/height.raw	season2/metin2_map_a2_1/003000/height.raw	1
season2/season2/metin2_map_a2_1/003003/areaambiencedata.txt	season2/metin2_map_a2_1/003003/areaambiencedata.txt	2
season2/season2/map_n_snowm_02/005000/attr.atr	season2/map_n_snowm_02/005000/attr.atr	1
season2/season2/metin2_map_a2_1/002001/areaambiencedata.txt	season2/metin2_map_a2_1/002001/areaambiencedata.txt	2
season2/season2/metin2_map_skipia_dungeon_02/000004/areaambiencedata.txt	season2/metin2_map_skipia_dungeon_02/000004/areaambiencedata.txt	2
season2/season2/metin2_map_a2_1/004001/areaambiencedata.txt	season2/metin2_map_a2_1/004001/areaambiencedata.txt	2
season2/season2/map_n_snowm_02/005000/tile.raw	season2/map_n_snowm_02/005000/tile.raw	1
season2/season2/metin2_map_a2_1/002002/height.raw	season2/metin2_map_a2_1/002002/height.raw	1
season2/season2/metin2_map_milgyo_a/003001/water.wtr	season2/metin2_map_milgyo_a/003001/water.wtr	1
season2/season2/metin2_map_milgyo_a/000001/attr.atr	season2/metin2_map_milgyo_a/000001/attr.atr	1
season2/season2/metin2_map_skipia_dungeon_01/002004/minimap.dds	season2/metin2_map_skipia_dungeon_01/002004/minimap.dds	1
season2/season2/metin2_map_skipia_dungeon_01/003002/areadata.txt	season2/metin2_map_skipia_dungeon_01/003002/areadata.txt	2
season2/season2/metin2_map_a2_1/002003/tile.raw	season2/metin2_map_a2_1/002003/tile.raw	1
season2/season2/metin2_map_n_desert_02/001004/tile.raw	season2/metin2_map_n_desert_02/001004/tile.raw	1
season2/season2/metin2_map_skipia_dungeon_01/003000/areadata.txt	season2/metin2_map_skipia_dungeon_01/003000/areadata.txt	2
season2/season2/metin2_map_a2_1/002000/shadowmap.dds	season2/metin2_map_a2_1/002000/shadowmap.dds	1
season2/season2/metin2_map_n_desert_02/000003/shadowmap.raw	season2/metin2_map_n_desert_02/000003/shadowmap.raw	1
season2/season2/metin2_map_n_desert_02/000005/areaambiencedata.txt	season2/metin2_map_n_desert_02/000005/areaambiencedata.txt	2
season2/season2/map_n_snowm_02/005000/water.wtr	season2/map_n_snowm_02/005000/water.wtr	1
season2/season2/metin2_map_milgyo_a/002001/areadata.txt	season2/metin2_map_milgyo_a/002001/areadata.txt	2
season2/season2/metin2_map_skipia_dungeon_02/003004/height.raw	season2/metin2_map_skipia_dungeon_02/003004/height.raw	1
season2/season2/map_n_snowm_02/005001/areaambiencedata.txt	season2/map_n_snowm_02/005001/areaambiencedata.txt	2
season2/season2/map_n_snowm_02/005001/areadata.txt	season2/map_n_snowm_02/005001/areadata.txt	2
season2/season2/metin2_map_skipia_dungeon_01/005005/areaproperty.txt	season2/metin2_map_skipia_dungeon_01/005005/areaproperty.txt	2
season2/season2/map_n_snowm_02/005001/height.raw	season2/map_n_snowm_02/005001/height.raw	1
season2/season2/metin2_map_a2_1/003000/shadowmap.raw	season2/metin2_map_a2_1/003000/shadowmap.raw	1
season2/season2/map_n_snowm_02/005001/shadowmap.dds	season2/map_n_snowm_02/005001/shadowmap.dds	1
season2/season2/metin2_map_a2_1/002000/areadata.txt	season2/metin2_map_a2_1/002000/areadata.txt	2
season2/season2/metin2_map_a2_1/003004/minimap.dds	season2/metin2_map_a2_1/003004/minimap.dds	1
season2/season2/metin2_map_empirewar02/000000/tile.raw	season2/metin2_map_empirewar02/000000/tile.raw	1
season2/season2/map_n_snowm_02/005001/shadowmap.raw	season2/map_n_snowm_02/005001/shadowmap.raw	1
season2/season2/metin2_map_a2_1/001005/minimap.dds	season2/metin2_map_a2_1/001005/minimap.dds	1
season2/season2/metin2_map_skipia_dungeon_02/001003/minimap.dds	season2/metin2_map_skipia_dungeon_02/001003/minimap.dds	1
season2/season2/metin2_map_skipia_dungeon_02/001001/areaproperty.txt	season2/metin2_map_skipia_dungeon_02/001001/areaproperty.txt	2
season2/season2/map_n_snowm_02/005001/tile.raw	season2/map_n_snowm_02/005001/tile.raw	1
season2/season2/metin2_map_a2_1/003003/attr.atr	season2/metin2_map_a2_1/003003/attr.atr	1
season2/season2/map_n_snowm_02/005001/water.wtr	season2/map_n_snowm_02/005001/water.wtr	1
season2/season2/map_n_snowm_02/005002/areadata.txt	season2/map_n_snowm_02/005002/areadata.txt	2
season2/season2/metin2_map_skipia_bossdungeon/000000/height.raw	season2/metin2_map_skipia_bossdungeon/000000/height.raw	1
season2/season2/map_n_snowm_02/005002/shadowmap.dds	season2/map_n_snowm_02/005002/shadowmap.dds	1
season2/season2/metin2_map_n_desert_02/002003/shadowmap.dds	season2/metin2_map_n_desert_02/002003/shadowmap.dds	1
season2/season2/npc/jinno_warpgate/shape.msm	season2/npc/jinno_warpgate/shape.msm	2
season2/season2/map_n_snowm_02/005002/shadowmap.raw	season2/map_n_snowm_02/005002/shadowmap.raw	1
season2/season2/metin2_map_a2_1/005000/attr.atr	season2/metin2_map_a2_1/005000/attr.atr	1
season2/season2/metin2_map_skipia_dungeon_01/004005/height.raw	season2/metin2_map_skipia_dungeon_01/004005/height.raw	1
season2/season2/metin2_map_milgyo_a/002003/areaambiencedata.txt	season2/metin2_map_milgyo_a/002003/areaambiencedata.txt	2
season2/season2/metin2_map_n_desert_02/005000/areaambiencedata.txt	season2/metin2_map_n_desert_02/005000/areaambiencedata.txt	2
season2/season2/metin2_map_empirewar02/001001/minimap.dds	season2/metin2_map_empirewar02/001001/minimap.dds	1
season2/season2/map_n_snowm_02/005002/water.wtr	season2/map_n_snowm_02/005002/water.wtr	1
season2/season2/metin2_map_milgyo_a/003000/shadowmap.dds	season2/metin2_map_milgyo_a/003000/shadowmap.dds	1
season2/season2/metin2_map_trent_a/001000/areaambiencedata.txt	season2/metin2_map_trent_a/001000/areaambiencedata.txt	2
season2/season2/metin2_map_milgyo_a/003000/attr.atr	season2/metin2_map_milgyo_a/003000/attr.atr	1
season2/season2/metin2_map_a2_1/000004/areaproperty.txt	season2/metin2_map_a2_1/000004/areaproperty.txt	2
season2/season2/map_n_snowm_02/005003/areaambiencedata.txt	season2/map_n_snowm_02/005003/areaambiencedata.txt	2
season2/season2/map_n_snowm_02/setting.txt	season2/map_n_snowm_02/setting.txt	2
season2/season2/metin2_map_empirewar02/000000/height.raw	season2/metin2_map_empirewar02/000000/height.raw	1
season2/season2/map_n_snowm_02/005003/areadata.txt	season2/map_n_snowm_02/005003/areadata.txt	2
season2/season2/metin2_map_n_desert_02/005005/shadowmap.raw	season2/metin2_map_n_desert_02/005005/shadowmap.raw	1
season2/season2/metin2_map_a2_1/002004/water.wtr	season2/metin2_map_a2_1/002004/water.wtr	1
season2/season2/map_n_snowm_02/005003/shadowmap.dds	season2/map_n_snowm_02/005003/shadowmap.dds	1
season2/season2/map_n_snowm_02/005003/shadowmap.raw	season2/map_n_snowm_02/005003/shadowmap.raw	1
season2/season2/metin2_map_skipia_dungeon_02/003004/water.wtr	season2/metin2_map_skipia_dungeon_02/003004/water.wtr	1
season2/season2/map_n_snowm_02/005003/water.wtr	season2/map_n_snowm_02/005003/water.wtr	1
season2/season2/metin2_map_milgyo_a/003000/areadata.txt	season2/metin2_map_milgyo_a/003000/areadata.txt	2
season2/season2/metin2_map_empirewar01/001001/shadowmap.dds	season2/metin2_map_empirewar01/001001/shadowmap.dds	1
season2/season2/map_n_snowm_02/005004/areadata.txt	season2/map_n_snowm_02/005004/areadata.txt	2
season2/season2/metin2_map_a2_1/004005/tile.raw	season2/metin2_map_a2_1/004005/tile.raw	1
season2/season2/map_n_snowm_02/005004/attr.atr	season2/map_n_snowm_02/005004/attr.atr	1
season2/season2/map_n_snowm_02/005004/minimap.dds	season2/map_n_snowm_02/005004/minimap.dds	1
season2/season2/metin2_map_trent02_a/002002/minimap.dds	season2/metin2_map_trent02_a/002002/minimap.dds	1
season2/season2/metin2_map_a2_1/001002/tile.raw	season2/metin2_map_a2_1/001002/tile.raw	1
season2/season2/metin2_map_empirewar03/000001/areaambiencedata.txt	season2/metin2_map_empirewar03/000001/areaambiencedata.txt	2
season2/season2/map_n_snowm_02/005004/shadowmap.raw	season2/map_n_snowm_02/005004/shadowmap.raw	1
season2/season2/map_n_snowm_02/005004/tile.raw	season2/map_n_snowm_02/005004/tile.raw	1
season2/season2/metin2_map_n_flame_02/005004/height.raw	season2/metin2_map_n_flame_02/005004/height.raw	1
season2/season2/metin2_map_skipia_dungeon_01/003003/attr.atr	season2/metin2_map_skipia_dungeon_01/003003/attr.atr	1
season2/season2/map_n_snowm_02/005005/areaambiencedata.txt	season2/map_n_snowm_02/005005/areaambiencedata.txt	2
season2/season2/metin2_map_n_flame_02/003000/water.wtr	season2/metin2_map_n_flame_02/003000/water.wtr	1
season2/season2/metin2_map_skipia_dungeon_01/003003/areaproperty.txt	season2/metin2_map_skipia_dungeon_01/003003/areaproperty.txt	2
season2/season2/metin2_map_n_desert_02/001003/shadowmap.raw	season2/metin2_map_n_desert_02/001003/shadowmap.raw	1
season2/season2/metin2_map_a2_1/005003/areadata.txt	season2/metin2_map_a2_1/005003/areadata.txt	2
season2/season2/map_n_snowm_02/005005/areadata.txt	season2/map_n_snowm_02/005005/areadata.txt	2
season2/season2/metin2_map_a2_1/003000/water.wtr	season2/metin2_map_a2_1/003000/water.wtr	1
season2/season2/metin2_map_a2_1/003001/tile.raw	season2/metin2_map_a2_1/003001/tile.raw	1
season2/season2/map_n_snowm_02/005005/minimap.dds	season2/map_n_snowm_02/005005/minimap.dds	1
season2/season2/metin2_map_skipia_dungeon_01/000005/areaproperty.txt	season2/metin2_map_skipia_dungeon_01/000005/areaproperty.txt	2
season2/season2/metin2_map_skipia_dungeon_01/001005/shadowmap.raw	season2/metin2_map_skipia_dungeon_01/001005/shadowmap.raw	1
season2/season2/monster/ch_footman/skipia_footman_back_damage1.gr2	season2/monster/ch_footman/skipia_footman_back_damage1.gr2	0
season2/season2/metin2_map_trent02_a/002002/areadata.txt	season2/metin2_map_trent02_a/002002/areadata.txt	2
season2/season2/map_n_snowm_02/005005/shadowmap.dds	season2/map_n_snowm_02/005005/shadowmap.dds	1
season2/season2/map_n_snowm_02/005005/shadowmap.raw	season2/map_n_snowm_02/005005/shadowmap.raw	1
season2/season2/metin2_map_trent02_a/002001/tile.raw	season2/metin2_map_trent02_a/002001/tile.raw	1
season2/season2/metin2_map_a2_1/001002/attr.atr	season2/metin2_map_a2_1/001002/attr.atr	1
season2/season2/metin2_map_n_desert_02/003004/tile.raw	season2/metin2_map_n_desert_02/003004/tile.raw	1
season2/season2/monster/ch_footman/skipia_footman_front_stand.msa	season2/monster/ch_footman/skipia_footman_front_stand.msa	2
season2/season2/metin2_map_skipia_dungeon_01/005000/water.wtr	season2/metin2_map_skipia_dungeon_01/005000/water.wtr	1
season2/season2/metin2_map_a2_1/003002/attr.atr	season2/metin2_map_a2_1/003002/attr.atr	1
season2/season2/metin2_map_milgyo_a/000003/attr.atr	season2/metin2_map_milgyo_a/000003/attr.atr	1
season2/season2/map_n_snowm_02/005005/tile.raw	season2/map_n_snowm_02/005005/tile.raw	1
season2/season2/monster/ch_officer/skipia_officer_wait.gr2	season2/monster/ch_officer/skipia_officer_wait.gr2	0
season2/season2/metin2_map_n_flame_02/003000/areadata.txt	season2/metin2_map_n_flame_02/003000/areadata.txt	2
season2/season2/map_n_snowm_02/mapproperty.txt	season2/map_n_snowm_02/mapproperty.txt	2
season2/season2/map_n_snowm_02/monsterarrange.txt	season2/map_n_snowm_02/monsterarrange.txt	2
season2/season2/metin2_map_n_flame_02/001005/shadowmap.raw	season2/metin2_map_n_flame_02/001005/shadowmap.raw	1
season2/season2/metin2_map_skipia_dungeon_02/001001/shadowmap.dds	season2/metin2_map_skipia_dungeon_02/001001/shadowmap.dds	1
season2/season2/metin2_map_a2_1/004003/tile.raw	season2/metin2_map_a2_1/004003/tile.raw	1
season2/season2/metin2_map_n_desert_02/003003/areadata.txt	season2/metin2_map_n_desert_02/003003/areadata.txt	2
season2/season2/map_n_snowm_02/regen.txt	season2/map_n_snowm_02/regen.txt	2
season2/season2/metin2_map_n_desert_02/002002/areadata.txt	season2/metin2_map_n_desert_02/002002/areadata.txt	2
season2/season2/metin2_map_milgyo_a/001002/height.raw	season2/metin2_map_milgyo_a/001002/height.raw	1
season2/season2/metin2_map_a2_1/000000/areaambiencedata.txt	season2/metin2_map_a2_1/000000/areaambiencedata.txt	2
season2/season2/metin2_map_n_desert_02/003002/minimap.dds	season2/metin2_map_n_desert_02/003002/minimap.dds	1
season2/season2/metin2_map_skipia_dungeon_01/004001/tile.raw	season2/metin2_map_skipia_dungeon_01/004001/tile.raw	1
season2/season2/metin2_map_a2_1/000000/attr.atr	season2/metin2_map_a2_1/000000/attr.atr	1
season2/season2/metin2_map_milgyo_a/001003/areadata.txt	season2/metin2_map_milgyo_a/001003/areadata.txt	2
season2/season2/metin2_map_a2_1/000000/minimap.dds	season2/metin2_map_a2_1/000000/minimap.dds	1
season2/season2/metin2_map_a2_1/002004/height.raw	season2/metin2_map_a2_1/002004/height.raw	1
season2/season2/metin2_map_skipia_dungeon_01/001000/areaproperty.txt	season2/metin2_map_skipia_dungeon_01/001000/areaproperty.txt	2
season2/season2/metin2_map_a2_1/000000/shadowmap.raw	season2/metin2_map_a2_1/000000/shadowmap.raw	1
season2/season2/metin2_map_a2_1/001005/tile.raw	season2/metin2_map_a2_1/001005/tile.raw	1
season2/season2/metin2_map_skipia_dungeon_01/002005/tile.raw	season2/metin2_map_skipia_dungeon_01/002005/tile.raw	1
season2/season2/metin2_map_a2_1/000000/tile.raw	season2/metin2_map_a2_1/000000/tile.raw	1
season2/season2/metin2_map_a2_1/000001/attr.atr	season2/metin2_map_a2_1/000001/attr.atr	1
season2/season2/metin2_map_a2_1/000001/height.raw	season2/metin2_map_a2_1/000001/height.raw	1
season2/season2/metin2_map_a2_1/000001/minimap.dds	season2/metin2_map_a2_1/000001/minimap.dds	1
season2/season2/metin2_map_a2_1/003003/minimap.dds	season2/metin2_map_a2_1/003003/minimap.dds	1
season2/season2/metin2_map_trent02_a/002002/water.wtr	season2/metin2_map_trent02_a/002002/water.wtr	1
season2/season2/metin2_map_a2_1/000001/water.wtr	season2/metin2_map_a2_1/000001/water.wtr	1
season2/season2/metin2_map_n_desert_02/001004/height.raw	season2/metin2_map_n_desert_02/001004/height.raw	1
season2/season2/metin2_map_n_desert_02/002002/minimap.dds	season2/metin2_map_n_desert_02/002002/minimap.dds	1
season2/season2/metin2_map_a2_1/000002/areadata.txt	season2/metin2_map_a2_1/000002/areadata.txt	2
season2/season2/metin2_map_n_desert_02/005000/areaproperty.txt	season2/metin2_map_n_desert_02/005000/areaproperty.txt	2
season2/season2/metin2_map_milgyo_a/002000/shadowmap.dds	season2/metin2_map_milgyo_a/002000/shadowmap.dds	1
season2/season2/metin2_map_milgyo_a/000000/tile.raw	season2/metin2_map_milgyo_a/000000/tile.raw	1
season2/season2/metin2_map_skipia_dungeon_01/000003/minimap.dds	season2/metin2_map_skipia_dungeon_01/000003/minimap.dds	1
season2/season2/metin2_map_a2_1/000002/attr.atr	season2/metin2_map_a2_1/000002/attr.atr	1
season2/season2/monster/ch_officer/skipia_officer_back_dead.gr2	season2/monster/ch_officer/skipia_officer_back_dead.gr2	0
season2/season2/metin2_map_n_desert_02/003000/tile.raw	season2/metin2_map_n_desert_02/003000/tile.raw	1
season2/season2/metin2_map_milgyo_a/001002/shadowmap.dds	season2/metin2_map_milgyo_a/001002/shadowmap.dds	1
season2/season2/metin2_map_skipia_dungeon_01/005004/tile.raw	season2/metin2_map_skipia_dungeon_01/005004/tile.raw	1
season2/season2/metin2_map_a2_1/000002/height.raw	season2/metin2_map_a2_1/000002/height.raw	1
season2/season2/metin2_map_n_desert_02/004005/areadata.txt	season2/metin2_map_n_desert_02/004005/areadata.txt	2
season2/season2/metin2_map_milgyo_a/002002/areaproperty.txt	season2/metin2_map_milgyo_a/002002/areaproperty.txt	2
season2/season2/metin2_map_a2_1/000002/shadowmap.dds	season2/metin2_map_a2_1/000002/shadowmap.dds	1
season2/season2/metin2_map_a2_1/004000/areaproperty.txt	season2/metin2_map_a2_1/004000/areaproperty.txt	2
season2/season2/metin2_map_a2_1/000002/tile.raw	season2/metin2_map_a2_1/000002/tile.raw	1
season2/season2/metin2_map_n_flame_02/001003/minimap.dds	season2/metin2_map_n_flame_02/001003/minimap.dds	1
season2/season2/metin2_map_skipia_dungeon_02/000004/shadowmap.raw	season2/metin2_map_skipia_dungeon_02/000004/shadowmap.raw	1
season2/season2/metin2_map_a2_1/000003/areaambiencedata.txt	season2/metin2_map_a2_1/000003/areaambiencedata.txt	2
season2/season2/metin2_map_milgyo_a/003003/shadowmap.raw	season2/metin2_map_milgyo_a/003003/shadowmap.raw	1
season2/season2/metin2_map_a2_1/002001/shadowmap.dds	season2/metin2_map_a2_1/002001/shadowmap.dds	1
season2/season2/metin2_map_a2_1/004005/water.wtr	season2/metin2_map_a2_1/004005/water.wtr	1
season2/season2/metin2_map_a2_1/000003/height.raw	season2/metin2_map_a2_1/000003/height.raw	1
season2/season2/metin2_map_n_desert_02/001005/water.wtr	season2/metin2_map_n_desert_02/001005/water.wtr	1
season2/season2/metin2_map_a2_1/000003/shadowmap.dds	season2/metin2_map_a2_1/000003/shadowmap.dds	1
season2/season2/metin2_map_skipia_dungeon_01/002001/shadowmap.raw	season2/metin2_map_skipia_dungeon_01/002001/shadowmap.raw	1
season2/season2/monster/ch_bowman/skipia_bowman_run.msa	season2/monster/ch_bowman/skipia_bowman_run.msa	2
season2/season2/metin2_map_milgyo_a/001000/water.wtr	season2/metin2_map_milgyo_a/001000/water.wtr	1
season2/season2/metin2_map_a2_1/000003/water.wtr	season2/metin2_map_a2_1/000003/water.wtr	1
season2/season2/metin2_map_n_flame_02/001000/shadowmap.raw	season2/metin2_map_n_flame_02/001000/shadowmap.raw	1
season2/season2/metin2_map_a2_1/000004/areadata.txt	season2/metin2_map_a2_1/000004/areadata.txt	2
season2/season2/metin2_map_skipia_dungeon_02/000004/areadata.txt	season2/metin2_map_skipia_dungeon_02/000004/areadata.txt	2
season2/season2/metin2_map_a2_1/000004/height.raw	season2/metin2_map_a2_1/000004/height.raw	1
season2/season2/metin2_map_a2_1/000004/minimap.dds	season2/metin2_map_a2_1/000004/minimap.dds	1
season2/season2/metin2_map_empirewar01/001000/areaproperty.txt	season2/metin2_map_empirewar01/001000/areaproperty.txt	2
season2/season2/metin2_map_n_desert_02/002000/water.wtr	season2/metin2_map_n_desert_02/002000/water.wtr	1
season2/season2/metin2_map_skipia_dungeon_02/000005/areaambiencedata.txt	season2/metin2_map_skipia_dungeon_02/000005/areaambiencedata.txt	2
season2/season2/metin2_map_a2_1/000004/shadowmap.dds	season2/metin2_map_a2_1/000004/shadowmap.dds	1
season2/season2/metin2_map_a2_1/000004/tile.raw	season2/metin2_map_a2_1/000004/tile.raw	1
season2/season2/metin2_map_n_flame_02/004004/shadowmap.raw	season2/metin2_map_n_flame_02/004004/shadowmap.raw	1
season2/season2/metin2_map_empirewar03/000000/attr.atr	season2/metin2_map_empirewar03/000000/attr.atr	1
season2/season2/metin2_map_a2_1/002005/tile.raw	season2/metin2_map_a2_1/002005/tile.raw	1
season2/season2/metin2_map_n_flame_02/002002/areaproperty.txt	season2/metin2_map_n_flame_02/002002/areaproperty.txt	2
season2/season2/metin2_map_skipia_dungeon_01/002005/water.wtr	season2/metin2_map_skipia_dungeon_01/002005/water.wtr	1
season2/season2/metin2_map_n_flame_02/003005/minimap.dds	season2/metin2_map_n_flame_02/003005/minimap.dds	1
season2/season2/metin2_map_a2_1/002005/minimap.dds	season2/metin2_map_a2_1/002005/minimap.dds	1
season2/season2/metin2_map_milgyo_a/000003/water.wtr	season2/metin2_map_milgyo_a/000003/water.wtr	1
season2/season2/metin2_map_a2_1/000005/areaproperty.txt	season2/metin2_map_a2_1/000005/areaproperty.txt	2
season2/season2/metin2_map_milgyo_a/002001/height.raw	season2/metin2_map_milgyo_a/002001/height.raw	1
season2/season2/metin2_map_a2_1/003001/height.raw	season2/metin2_map_a2_1/003001/height.raw	1
season2/season2/metin2_map_a2_1/000005/tile.raw	season2/metin2_map_a2_1/000005/tile.raw	1
season2/season2/metin2_map_skipia_dungeon_02/005003/tile.raw	season2/metin2_map_skipia_dungeon_02/005003/tile.raw	1
season2/season2/metin2_map_a2_1/000005/minimap.dds	season2/metin2_map_a2_1/000005/minimap.dds	1
season2/season2/metin2_map_a2_1/001000/areaproperty.txt	season2/metin2_map_a2_1/001000/areaproperty.txt	2
season2/season2/metin2_map_skipia_dungeon_01/002000/shadowmap.dds	season2/metin2_map_skipia_dungeon_01/002000/shadowmap.dds	1
season2/season2/metin2_map_milgyo_a/002000/water.wtr	season2/metin2_map_milgyo_a/002000/water.wtr	1
season2/season2/metin2_map_a2_1/001000/minimap.dds	season2/metin2_map_a2_1/001000/minimap.dds	1
season2/season2/metin2_map_a2_1/001003/areaambiencedata.txt	season2/metin2_map_a2_1/001003/areaambiencedata.txt	2
season2/season2/metin2_map_a2_1/005005/areaambiencedata.txt	season2/metin2_map_a2_1/005005/areaambiencedata.txt	2
season2/season2/metin2_map_a2_1/001000/shadowmap.dds	season2/metin2_map_a2_1/001000/shadowmap.dds	1
season2/season2/metin2_map_skipia_dungeon_02/000001/attr.atr	season2/metin2_map_skipia_dungeon_02/000001/attr.atr	1
season2/season2/metin2_map_a2_1/001000/water.wtr	season2/metin2_map_a2_1/001000/water.wtr	1
season2/season2/metin2_map_a2_1/001001/areaambiencedata.txt	season2/metin2_map_a2_1/001001/areaambiencedata.txt	2
season2/season2/metin2_map_empirewar03/001001/shadowmap.dds	season2/metin2_map_empirewar03/001001/shadowmap.dds	1
season2/season2/metin2_map_a2_1/001001/areadata.txt	season2/metin2_map_a2_1/001001/areadata.txt	2
season2/season2/metin2_map_milgyo_a/000002/areadata.txt	season2/metin2_map_milgyo_a/000002/areadata.txt	2
season2/season2/metin2_map_a2_1/001001/attr.atr	season2/metin2_map_a2_1/001001/attr.atr	1
season2/season2/metin2_map_empirewar01/setting.txt	season2/metin2_map_empirewar01/setting.txt	2
season2/season2/metin2_map_empirewar02/001001/areadata.txt	season2/metin2_map_empirewar02/001001/areadata.txt	2
season2/season2/metin2_map_a2_1/001001/shadowmap.raw	season2/metin2_map_a2_1/001001/shadowmap.raw	1
season2/season2/metin2_map_n_flame_02/003000/areaproperty.txt	season2/metin2_map_n_flame_02/003000/areaproperty.txt	2
season2/season2/metin2_map_a2_1/001001/water.wtr	season2/metin2_map_a2_1/001001/water.wtr	1
season2/season2/metin2_map_n_desert_02/005002/attr.atr	season2/metin2_map_n_desert_02/005002/attr.atr	1
season2/season2/metin2_map_a2_1/005005/water.wtr	season2/metin2_map_a2_1/005005/water.wtr	1
season2/season2/metin2_map_n_flame_02/004003/tile.raw	season2/metin2_map_n_flame_02/004003/tile.raw	1
season2/season2/metin2_map_a2_1/001002/areaproperty.txt	season2/metin2_map_a2_1/001002/areaproperty.txt	2
season2/season2/metin2_map_a2_1/002003/height.raw	season2/metin2_map_a2_1/002003/height.raw	1
season2/season2/metin2_map_empirewar03/001000/areadata.txt	season2/metin2_map_empirewar03/001000/areadata.txt	2
season2/season2/metin2_map_a2_1/001002/shadowmap.raw	season2/metin2_map_a2_1/001002/shadowmap.raw	1
season2/season2/metin2_map_skipia_dungeon_02/003004/areaambiencedata.txt	season2/metin2_map_skipia_dungeon_02/003004/areaambiencedata.txt	2
season2/season2/metin2_map_a2_1/003002/minimap.dds	season2/metin2_map_a2_1/003002/minimap.dds	1
season2/season2/metin2_map_skipia_dungeon_01/000001/areaproperty.txt	season2/metin2_map_skipia_dungeon_01/000001/areaproperty.txt	2
season2/season2/metin2_map_a2_1/001004/minimap.dds	season2/metin2_map_a2_1/001004/minimap.dds	1
season2/season2/metin2_map_a2_1/004004/areadata.txt	season2/metin2_map_a2_1/004004/areadata.txt	2
season2/season2/metin2_map_n_flame_02/002004/shadowmap.raw	season2/metin2_map_n_flame_02/002004/shadowmap.raw	1
season2/season2/metin2_map_a2_1/001002/water.wtr	season2/metin2_map_a2_1/001002/water.wtr	1
season2/season2/metin2_map_skipia_dungeon_02/004005/areaproperty.txt	season2/metin2_map_skipia_dungeon_02/004005/areaproperty.txt	2
season2/season2/metin2_map_skipia_dungeon_01/001000/shadowmap.dds	season2/metin2_map_skipia_dungeon_01/001000/shadowmap.dds	1
season2/season2/metin2_map_skipia_dungeon_01/001002/areaproperty.txt	season2/metin2_map_skipia_dungeon_01/001002/areaproperty.txt	2
season2/season2/metin2_map_trent_a/000000/attr.atr	season2/metin2_map_trent_a/000000/attr.atr	1
season2/season2/metin2_map_a2_1/001003/areaproperty.txt	season2/metin2_map_a2_1/001003/areaproperty.txt	2
season2/season2/metin2_map_n_flame_02/002002/areadata.txt	season2/metin2_map_n_flame_02/002002/areadata.txt	2
season2/season2/metin2_map_empirewar02/000001/tile.raw	season2/metin2_map_empirewar02/000001/tile.raw	1
season2/season2/metin2_map_n_flame_02/003005/shadowmap.raw	season2/metin2_map_n_flame_02/003005/shadowmap.raw	1
season2/season2/metin2_map_a2_1/001003/shadowmap.dds	season2/metin2_map_a2_1/001003/shadowmap.dds	1
season2/season2/metin2_map_a2_1/004001/height.raw	season2/metin2_map_a2_1/004001/height.raw	1
season2/season2/metin2_map_a2_1/001003/water.wtr	season2/metin2_map_a2_1/001003/water.wtr	1
season2/season2/metin2_map_skipia_dungeon_01/000004/areaproperty.txt	season2/metin2_map_skipia_dungeon_01/000004/areaproperty.txt	2
season2/season2/metin2_map_a2_1/001004/areadata.txt	season2/metin2_map_a2_1/001004/areadata.txt	2
season2/season2/metin2_map_n_flame_02/002003/minimap.dds	season2/metin2_map_n_flame_02/002003/minimap.dds	1
season2/season2/metin2_map_a2_1/005004/areaproperty.txt	season2/metin2_map_a2_1/005004/areaproperty.txt	2
season2/season2/metin2_map_a2_1/001004/shadowmap.raw	season2/metin2_map_a2_1/001004/shadowmap.raw	1
season2/season2/metin2_map_trent_a/000001/shadowmap.dds	season2/metin2_map_trent_a/000001/shadowmap.dds	1
season2/season2/metin2_map_a2_1/001004/water.wtr	season2/metin2_map_a2_1/001004/water.wtr	1
season2/season2/metin2_map_a2_1/002003/areadata.txt	season2/metin2_map_a2_1/002003/areadata.txt	2
season2/season2/metin2_map_n_desert_02/001002/shadowmap.dds	season2/metin2_map_n_desert_02/001002/shadowmap.dds	1
season2/season2/metin2_map_n_desert_02/005003/areadata.txt	season2/metin2_map_n_desert_02/005003/areadata.txt	2
season2/season2/metin2_map_a2_1/001005/areaambiencedata.txt	season2/metin2_map_a2_1/001005/areaambiencedata.txt	2
season2/season2/monster/ch_footman/skipia_footman_attack.gr2	season2/monster/ch_footman/skipia_footman_attack.gr2	0
season2/season2/metin2_map_a2_1/001005/attr.atr	season2/metin2_map_a2_1/001005/attr.atr	1
season2/season2/metin2_map_n_desert_02/001002/tile.raw	season2/metin2_map_n_desert_02/001002/tile.raw	1
season2/season2/metin2_map_milgyo_a/001001/shadowmap.dds	season2/metin2_map_milgyo_a/001001/shadowmap.dds	1
season2/season2/metin2_map_a2_1/002000/areaproperty.txt	season2/metin2_map_a2_1/002000/areaproperty.txt	2
season2/season2/metin2_map_n_flame_02/002000/shadowmap.dds	season2/metin2_map_n_flame_02/002000/shadowmap.dds	1
season2/season2/metin2_map_empirewar03/000000/water.wtr	season2/metin2_map_empirewar03/000000/water.wtr	1
season2/season2/metin2_map_n_desert_02/005002/areaambiencedata.txt	season2/metin2_map_n_desert_02/005002/areaambiencedata.txt	2
season2/season2/metin2_map_skipia_dungeon_02/004002/areaproperty.txt	season2/metin2_map_skipia_dungeon_02/004002/areaproperty.txt	2
season2/season2/metin2_map_a2_1/001005/height.raw	season2/metin2_map_a2_1/001005/height.raw	1
season2/season2/metin2_map_a2_1/001005/shadowmap.raw	season2/metin2_map_a2_1/001005/shadowmap.raw	1
season2/season2/metin2_map_a2_1/002001/minimap.dds	season2/metin2_map_a2_1/002001/minimap.dds	1
season2/season2/metin2_map_n_flame_02/002000/attr.atr	season2/metin2_map_n_flame_02/002000/attr.atr	1
season2/season2/metin2_map_a2_1/001005/water.wtr	season2/metin2_map_a2_1/001005/water.wtr	1
season2/season2/metin2_map_empirewar01/001001/tile.raw	season2/metin2_map_empirewar01/001001/tile.raw	1
season2/season2/monster/ch_footman/skipia_footman_back_damage1.msa	season2/monster/ch_footman/skipia_footman_back_damage1.msa	2
season2/season2/metin2_map_a2_1/002000/areaambiencedata.txt	season2/metin2_map_a2_1/002000/areaambiencedata.txt	2
season2/season2/metin2_map_n_flame_02/002001/water.wtr	season2/metin2_map_n_flame_02/002001/water.wtr	1
season2/season2/metin2_map_n_flame_02/005003/tile.raw	season2/metin2_map_n_flame_02/005003/tile.raw	1
season2/season2/metin2_map_milgyo_a/002002/height.raw	season2/metin2_map_milgyo_a/002002/height.raw	1
season2/season2/metin2_map_a2_1/002000/minimap.dds	season2/metin2_map_a2_1/002000/minimap.dds	1
season2/season2/metin2_map_milgyo_a/000001/minimap.dds	season2/metin2_map_milgyo_a/000001/minimap.dds	1
season2/season2/metin2_map_trent02_a/001002/attr.atr	season2/metin2_map_trent02_a/001002/attr.atr	1
season2/season2/metin2_map_skipia_dungeon_01/005000/tile.raw	season2/metin2_map_skipia_dungeon_01/005000/tile.raw	1
season2/season2/metin2_map_a2_1/002000/shadowmap.raw	season2/metin2_map_a2_1/002000/shadowmap.raw	1
season2/season2/metin2_map_n_desert_02/005004/minimap.dds	season2/metin2_map_n_desert_02/005004/minimap.dds	1
season2/season2/metin2_map_n_flame_02/004000/shadowmap.dds	season2/metin2_map_n_flame_02/004000/shadowmap.dds	1
season2/season2/metin2_map_n_desert_02/004005/shadowmap.dds	season2/metin2_map_n_desert_02/004005/shadowmap.dds	1
season2/season2/metin2_map_skipia_dungeon_02/003001/shadowmap.raw	season2/metin2_map_skipia_dungeon_02/003001/shadowmap.raw	1
season2/season2/metin2_map_milgyo_a/001003/tile.raw	season2/metin2_map_milgyo_a/001003/tile.raw	1
season2/season2/metin2_map_n_desert_02/003002/shadowmap.raw	season2/metin2_map_n_desert_02/003002/shadowmap.raw	1
season2/season2/metin2_map_a2_1/002000/tile.raw	season2/metin2_map_a2_1/002000/tile.raw	1
season2/season2/metin2_map_skipia_dungeon_02/004000/height.raw	season2/metin2_map_skipia_dungeon_02/004000/height.raw	1
season2/season2/metin2_map_a2_1/005004/water.wtr	season2/metin2_map_a2_1/005004/water.wtr	1
season2/season2/metin2_map_a2_1/002001/areadata.txt	season2/metin2_map_a2_1/002001/areadata.txt	2
season2/season2/metin2_map_empirewar01/001001/height.raw	season2/metin2_map_empirewar01/001001/height.raw	1
season2/season2/metin2_map_a2_1/002001/attr.atr	season2/metin2_map_a2_1/002001/attr.atr	1
season2/season2/metin2_map_a2_1/002001/height.raw	season2/metin2_map_a2_1/002001/height.raw	1
season2/season2/metin2_map_n_flame_02/000003/shadowmap.raw	season2/metin2_map_n_flame_02/000003/shadowmap.raw	1
season2/season2/metin2_map_trent02_a/001002/shadowmap.dds	season2/metin2_map_trent02_a/001002/shadowmap.dds	1
season2/season2/metin2_map_a2_1/002001/shadowmap.raw	season2/metin2_map_a2_1/002001/shadowmap.raw	1
season2/season2/metin2_map_trent_a/001001/minimap.dds	season2/metin2_map_trent_a/001001/minimap.dds	1
season2/season2/metin2_map_a2_1/002001/tile.raw	season2/metin2_map_a2_1/002001/tile.raw	1
season2/season2/metin2_map_skipia_dungeon_01/002000/height.raw	season2/metin2_map_skipia_dungeon_01/002000/height.raw	1
season2/season2/metin2_map_milgyo_a/003002/areadata.txt	season2/metin2_map_milgyo_a/003002/areadata.txt	2
season2/season2/metin2_map_a2_1/002001/water.wtr	season2/metin2_map_a2_1/002001/water.wtr	1
season2/season2/metin2_map_n_desert_02/005003/minimap.dds	season2/metin2_map_n_desert_02/005003/minimap.dds	1
season2/season2/metin2_map_a2_1/002002/areaambiencedata.txt	season2/metin2_map_a2_1/002002/areaambiencedata.txt	2
season2/season2/metin2_map_a2_1/003001/minimap.dds	season2/metin2_map_a2_1/003001/minimap.dds	1
season2/season2/metin2_map_a2_1/002002/areadata.txt	season2/metin2_map_a2_1/002002/areadata.txt	2
season2/season2/metin2_map_a2_1/regen.txt	season2/metin2_map_a2_1/regen.txt	2
season2/season2/metin2_map_a2_1/002002/attr.atr	season2/metin2_map_a2_1/002002/attr.atr	1
season2/season2/metin2_map_a2_1/002002/shadowmap.dds	season2/metin2_map_a2_1/002002/shadowmap.dds	1
season2/season2/metin2_map_a2_1/002003/areaproperty.txt	season2/metin2_map_a2_1/002003/areaproperty.txt	2
season2/season2/metin2_map_n_desert_02/004003/shadowmap.dds	season2/metin2_map_n_desert_02/004003/shadowmap.dds	1
season2/season2/metin2_map_a2_1/002003/attr.atr	season2/metin2_map_a2_1/002003/attr.atr	1
season2/season2/metin2_map_a2_1/002003/minimap.dds	season2/metin2_map_a2_1/002003/minimap.dds	1
season2/season2/metin2_map_a2_1/002003/shadowmap.dds	season2/metin2_map_a2_1/002003/shadowmap.dds	1
season2/season2/metin2_map_trent_a/001000/tile.raw	season2/metin2_map_trent_a/001000/tile.raw	1
season2/season2/metin2_map_milgyo_a/001000/tile.raw	season2/metin2_map_milgyo_a/001000/tile.raw	1
season2/season2/metin2_map_n_desert_02/003002/shadowmap.dds	season2/metin2_map_n_desert_02/003002/shadowmap.dds	1
season2/season2/metin2_map_a2_1/002003/water.wtr	season2/metin2_map_a2_1/002003/water.wtr	1
season2/season2/metin2_map_n_flame_02/002005/areadata.txt	season2/metin2_map_n_flame_02/002005/areadata.txt	2
season2/season2/metin2_map_a2_1/002004/areaambiencedata.txt	season2/metin2_map_a2_1/002004/areaambiencedata.txt	2
season2/season2/metin2_map_empirewar01/000000/areaambiencedata.txt	season2/metin2_map_empirewar01/000000/areaambiencedata.txt	2
season2/season2/metin2_map_n_desert_02/000002/water.wtr	season2/metin2_map_n_desert_02/000002/water.wtr	1
season2/season2/metin2_map_a2_1/005003/minimap.dds	season2/metin2_map_a2_1/005003/minimap.dds	1
season2/season2/metin2_map_skipia_dungeon_01/002000/attr.atr	season2/metin2_map_skipia_dungeon_01/002000/attr.atr	1
season2/season2/monster/ch_general/skipia_general_skill2.gr2	season2/monster/ch_general/skipia_general_skill2.gr2	0
season2/season2/metin2_map_a2_1/002004/areadata.txt	season2/metin2_map_a2_1/002004/areadata.txt	2
season2/season2/metin2_map_n_flame_02/002004/water.wtr	season2/metin2_map_n_flame_02/002004/water.wtr	1
season2/season2/metin2_map_n_flame_02/005000/areadata.txt	season2/metin2_map_n_flame_02/005000/areadata.txt	2
season2/season2/metin2_map_a2_1/005002/attr.atr	season2/metin2_map_a2_1/005002/attr.atr	1
season2/season2/metin2_map_a2_1/002004/areaproperty.txt	season2/metin2_map_a2_1/002004/areaproperty.txt	2
season2/season2/metin2_map_n_desert_02/003002/attr.atr	season2/metin2_map_n_desert_02/003002/attr.atr	1
season2/season2/metin2_map_n_desert_02/005004/shadowmap.dds	season2/metin2_map_n_desert_02/005004/shadowmap.dds	1
season2/season2/metin2_map_a2_1/002004/shadowmap.dds	season2/metin2_map_a2_1/002004/shadowmap.dds	1
season2/season2/metin2_map_a2_1/002004/shadowmap.raw	season2/metin2_map_a2_1/002004/shadowmap.raw	1
season2/season2/metin2_map_a2_1/002004/tile.raw	season2/metin2_map_a2_1/002004/tile.raw	1
season2/season2/metin2_map_a2_1/002005/areaambiencedata.txt	season2/metin2_map_a2_1/002005/areaambiencedata.txt	2
season2/season2/metin2_map_n_desert_02/002001/shadowmap.dds	season2/metin2_map_n_desert_02/002001/shadowmap.dds	1
season2/season2/monster/ch_water_dragon/20.msa	season2/monster/ch_water_dragon/20.msa	2
season2/season2/metin2_map_skipia_dungeon_02/001005/areaambiencedata.txt	season2/metin2_map_skipia_dungeon_02/001005/areaambiencedata.txt	2
season2/season2/metin2_map_a2_1/002005/areaproperty.txt	season2/metin2_map_a2_1/002005/areaproperty.txt	2
season2/season2/metin2_map_a2_1/003004/areaambiencedata.txt	season2/metin2_map_a2_1/003004/areaambiencedata.txt	2
season2/season2/metin2_map_a2_1/005003/areaambiencedata.txt	season2/metin2_map_a2_1/005003/areaambiencedata.txt	2
season2/season2/metin2_map_skipia_dungeon_01/005003/minimap.dds	season2/metin2_map_skipia_dungeon_01/005003/minimap.dds	1
season2/season2/metin2_map_a2_1/002005/attr.atr	season2/metin2_map_a2_1/002005/attr.atr	1
season2/season2/metin2_map_n_desert_02/004004/areaproperty.txt	season2/metin2_map_n_desert_02/004004/areaproperty.txt	2
season2/season2/metin2_map_a2_1/004005/areaproperty.txt	season2/metin2_map_a2_1/004005/areaproperty.txt	2
season2/season2/metin2_map_a2_1/002005/shadowmap.raw	season2/metin2_map_a2_1/002005/shadowmap.raw	1
season2/season2/metin2_map_n_desert_02/001005/tile.raw	season2/metin2_map_n_desert_02/001005/tile.raw	1
season2/season2/metin2_map_skipia_dungeon_01/004003/areadata.txt	season2/metin2_map_skipia_dungeon_01/004003/areadata.txt	2
season2/season2/metin2_map_milgyo_a/003001/tile.raw	season2/metin2_map_milgyo_a/003001/tile.raw	1
season2/season2/metin2_map_skipia_dungeon_02/005001/areaambiencedata.txt	season2/metin2_map_skipia_dungeon_02/005001/areaambiencedata.txt	2
season2/season2/metin2_map_a2_1/002005/water.wtr	season2/metin2_map_a2_1/002005/water.wtr	1
season2/season2/metin2_map_a2_1/003000/areaproperty.txt	season2/metin2_map_a2_1/003000/areaproperty.txt	2
season2/season2/metin2_map_skipia_dungeon_01/003004/areaambiencedata.txt	season2/metin2_map_skipia_dungeon_01/003004/areaambiencedata.txt	2
season2/season2/metin2_map_a2_1/003000/attr.atr	season2/metin2_map_a2_1/003000/attr.atr	1
season2/season2/metin2_map_milgyo_a/002000/minimap.dds	season2/metin2_map_milgyo_a/002000/minimap.dds	1
season2/season2/metin2_map_a2_1/003000/tile.raw	season2/metin2_map_a2_1/003000/tile.raw	1
season2/season2/metin2_map_a2_1/003001/attr.atr	season2/metin2_map_a2_1/003001/attr.atr	1
season2/season2/metin2_map_n_flame_02/000000/areaproperty.txt	season2/metin2_map_n_flame_02/000000/areaproperty.txt	2
season2/season2/metin2_map_n_flame_02/000005/water.wtr	season2/metin2_map_n_flame_02/000005/water.wtr	1
season2/season2/metin2_map_a2_1/003001/shadowmap.dds	season2/metin2_map_a2_1/003001/shadowmap.dds	1
season2/season2/metin2_map_skipia_dungeon_01/002000/areaambiencedata.txt	season2/metin2_map_skipia_dungeon_01/002000/areaambiencedata.txt	2
season2/season2/metin2_map_skipia_dungeon_02/002001/height.raw	season2/metin2_map_skipia_dungeon_02/002001/height.raw	1
season2/season2/metin2_map_a2_1/003001/shadowmap.raw	season2/metin2_map_a2_1/003001/shadowmap.raw	1
season2/season2/metin2_map_n_desert_02/000004/shadowmap.dds	season2/metin2_map_n_desert_02/000004/shadowmap.dds	1
season2/season2/metin2_map_a2_1/003001/water.wtr	season2/metin2_map_a2_1/003001/water.wtr	1
season2/season2/metin2_map_a2_1/003002/areaambiencedata.txt	season2/metin2_map_a2_1/003002/areaambiencedata.txt	2
season2/season2/metin2_map_n_flame_02/000004/attr.atr	season2/metin2_map_n_flame_02/000004/attr.atr	1
season2/season2/metin2_map_a2_1/003002/areadata.txt	season2/metin2_map_a2_1/003002/areadata.txt	2
season2/season2/metin2_map_n_flame_02/002000/areaambiencedata.txt	season2/metin2_map_n_flame_02/002000/areaambiencedata.txt	2
season2/season2/metin2_map_a2_1/003002/areaproperty.txt	season2/metin2_map_a2_1/003002/areaproperty.txt	2
season2/season2/metin2_map_n_flame_02/005000/water.wtr	season2/metin2_map_n_flame_02/005000/water.wtr	1
season2/season2/metin2_map_guild_inside01/setting.txt	season2/metin2_map_guild_inside01/setting.txt	2
season2/season2/metin2_map_a2_1/003002/height.raw	season2/metin2_map_a2_1/003002/height.raw	1
season2/season2/metin2_map_n_desert_02/002004/areaproperty.txt	season2/metin2_map_n_desert_02/002004/areaproperty.txt	2
season2/season2/metin2_map_skipia_dungeon_02/004004/attr.atr	season2/metin2_map_skipia_dungeon_02/004004/attr.atr	1
season2/season2/metin2_map_skipia_dungeon_02/001005/areaproperty.txt	season2/metin2_map_skipia_dungeon_02/001005/areaproperty.txt	2
season2/season2/metin2_map_milgyo_a/003000/height.raw	season2/metin2_map_milgyo_a/003000/height.raw	1
season2/season2/metin2_map_a2_1/004000/areadata.txt	season2/metin2_map_a2_1/004000/areadata.txt	2
season2/season2/metin2_map_a2_1/003002/shadowmap.dds	season2/metin2_map_a2_1/003002/shadowmap.dds	1
season2/season2/metin2_map_n_flame_02/005003/areaambiencedata.txt	season2/metin2_map_n_flame_02/005003/areaambiencedata.txt	2
season2/season2/metin2_map_skipia_dungeon_01/001002/minimap.dds	season2/metin2_map_skipia_dungeon_01/001002/minimap.dds	1
season2/season2/metin2_map_n_flame_02/004002/water.wtr	season2/metin2_map_n_flame_02/004002/water.wtr	1
season2/season2/metin2_map_a2_1/003002/shadowmap.raw	season2/metin2_map_a2_1/003002/shadowmap.raw	1
season2/season2/metin2_map_a2_1/003002/tile.raw	season2/metin2_map_a2_1/003002/tile.raw	1
season2/season2/metin2_map_n_desert_02/002004/height.raw	season2/metin2_map_n_desert_02/002004/height.raw	1
season2/season2/metin2_map_skipia_dungeon_01/003001/tile.raw	season2/metin2_map_skipia_dungeon_01/003001/tile.raw	1
season2/season2/metin2_map_a2_1/003002/water.wtr	season2/metin2_map_a2_1/003002/water.wtr	1
season2/season2/metin2_map_milgyo_a/000003/height.raw	season2/metin2_map_milgyo_a/000003/height.raw	1
season2/season2/metin2_map_skipia_dungeon_01/004000/height.raw	season2/metin2_map_skipia_dungeon_01/004000/height.raw	1
season2/season2/metin2_map_a2_1/003003/areadata.txt	season2/metin2_map_a2_1/003003/areadata.txt	2
season2/season2/metin2_map_milgyo_a/regen.txt	season2/metin2_map_milgyo_a/regen.txt	2
season2/season2/metin2_map_a2_1/004003/shadowmap.dds	season2/metin2_map_a2_1/004003/shadowmap.dds	1
season2/season2/metin2_map_a2_1/003003/areaproperty.txt	season2/metin2_map_a2_1/003003/areaproperty.txt	2
season2/season2/metin2_map_empirewar01/000001/tile.raw	season2/metin2_map_empirewar01/000001/tile.raw	1
season2/season2/metin2_map_a2_1/003003/shadowmap.raw	season2/metin2_map_a2_1/003003/shadowmap.raw	1
season2/season2/metin2_map_n_flame_02/002005/areaproperty.txt	season2/metin2_map_n_flame_02/002005/areaproperty.txt	2
season2/season2/metin2_map_a2_1/004000/water.wtr	season2/metin2_map_a2_1/004000/water.wtr	1
season2/season2/metin2_map_a2_1/003003/tile.raw	season2/metin2_map_a2_1/003003/tile.raw	1
season2/season2/metin2_map_a2_1/003003/water.wtr	season2/metin2_map_a2_1/003003/water.wtr	1
season2/season2/metin2_map_a2_1/003004/attr.atr	season2/metin2_map_a2_1/003004/attr.atr	1
season2/season2/metin2_map_milgyo_a/002000/areaambiencedata.txt	season2/metin2_map_milgyo_a/002000/areaambiencedata.txt	2
season2/season2/metin2_map_empirewar03/001001/water.wtr	season2/metin2_map_empirewar03/001001/water.wtr	1
season2/season2/metin2_map_skipia_dungeon_02/002005/areaambiencedata.txt	season2/metin2_map_skipia_dungeon_02/002005/areaambiencedata.txt	2
season2/season2/metin2_map_empirewar02/000001/minimap.dds	season2/metin2_map_empirewar02/000001/minimap.dds	1
season2/season2/metin2_map_a2_1/003004/shadowmap.dds	season2/metin2_map_a2_1/003004/shadowmap.dds	1
season2/season2/metin2_map_a2_1/003004/shadowmap.raw	season2/metin2_map_a2_1/003004/shadowmap.raw	1
season2/season2/monster/ch_water_dragon/20_2.msa	season2/monster/ch_water_dragon/20_2.msa	2
season2/season2/metin2_map_a2_1/004003/minimap.dds	season2/metin2_map_a2_1/004003/minimap.dds	1
season2/season2/metin2_map_n_desert_02/000005/minimap.dds	season2/metin2_map_n_desert_02/000005/minimap.dds	1
season2/season2/metin2_map_skipia_dungeon_01/003003/tile.raw	season2/metin2_map_skipia_dungeon_01/003003/tile.raw	1
season2/season2/metin2_map_trent_a/001001/shadowmap.raw	season2/metin2_map_trent_a/001001/shadowmap.raw	1
season2/season2/metin2_map_a2_1/003004/tile.raw	season2/metin2_map_a2_1/003004/tile.raw	1
season2/season2/metin2_map_a2_1/003004/water.wtr	season2/metin2_map_a2_1/003004/water.wtr	1
season2/season2/metin2_map_milgyo_a/002000/attr.atr	season2/metin2_map_milgyo_a/002000/attr.atr	1
season2/season2/metin2_map_a2_1/003005/areaambiencedata.txt	season2/metin2_map_a2_1/003005/areaambiencedata.txt	2
season2/season2/metin2_map_a2_1/003005/attr.atr	season2/metin2_map_a2_1/003005/attr.atr	1
season2/season2/monster/ch_bowman/skipia_bowman_front_standup.gr2	season2/monster/ch_bowman/skipia_bowman_front_standup.gr2	0
season2/season2/metin2_map_milgyo_a/003000/shadowmap.raw	season2/metin2_map_milgyo_a/003000/shadowmap.raw	1
season2/season2/metin2_map_a2_1/003005/minimap.dds	season2/metin2_map_a2_1/003005/minimap.dds	1
season2/season2/metin2_map_a2_1/003005/shadowmap.raw	season2/metin2_map_a2_1/003005/shadowmap.raw	1
season2/season2/metin2_map_a2_1/003005/water.wtr	season2/metin2_map_a2_1/003005/water.wtr	1
season2/season2/metin2_map_a2_1/004000/areaambiencedata.txt	season2/metin2_map_a2_1/004000/areaambiencedata.txt	2
season2/season2/metin2_map_a2_1/004000/attr.atr	season2/metin2_map_a2_1/004000/attr.atr	1
season2/season2/metin2_map_empirewar03/001000/areaproperty.txt	season2/metin2_map_empirewar03/001000/areaproperty.txt	2
season2/season2/metin2_map_a2_1/004000/height.raw	season2/metin2_map_a2_1/004000/height.raw	1
season2/season2/metin2_map_a2_1/004000/minimap.dds	season2/metin2_map_a2_1/004000/minimap.dds	1
season2/season2/metin2_map_skipia_dungeon_01/003002/areaambiencedata.txt	season2/metin2_map_skipia_dungeon_01/003002/areaambiencedata.txt	2
season2/season2/metin2_map_a2_1/004000/shadowmap.dds	season2/metin2_map_a2_1/004000/shadowmap.dds	1
season2/season2/metin2_map_a2_1/004000/shadowmap.raw	season2/metin2_map_a2_1/004000/shadowmap.raw	1
season2/season2/metin2_map_skipia_dungeon_02/005004/areaambiencedata.txt	season2/metin2_map_skipia_dungeon_02/005004/areaambiencedata.txt	2
season2/season2/metin2_map_a2_1/004000/tile.raw	season2/metin2_map_a2_1/004000/tile.raw	1
season2/season2/metin2_map_a2_1/004001/areadata.txt	season2/metin2_map_a2_1/004001/areadata.txt	2
season2/season2/metin2_map_a2_1/004001/minimap.dds	season2/metin2_map_a2_1/004001/minimap.dds	1
season2/season2/metin2_map_n_desert_02/003003/shadowmap.dds	season2/metin2_map_n_desert_02/003003/shadowmap.dds	1
season2/season2/metin2_map_n_desert_02/002001/height.raw	season2/metin2_map_n_desert_02/002001/height.raw	1
season2/season2/metin2_map_a2_1/004001/shadowmap.raw	season2/metin2_map_a2_1/004001/shadowmap.raw	1
season2/season2/metin2_map_n_flame_02/001001/minimap.dds	season2/metin2_map_n_flame_02/001001/minimap.dds	1
season2/season2/metin2_map_skipia_dungeon_01/005002/shadowmap.raw	season2/metin2_map_skipia_dungeon_01/005002/shadowmap.raw	1
season2/season2/metin2_map_n_desert_02/004003/minimap.dds	season2/metin2_map_n_desert_02/004003/minimap.dds	1
season2/season2/metin2_map_a2_1/004001/tile.raw	season2/metin2_map_a2_1/004001/tile.raw	1
season2/season2/metin2_map_a2_1/004002/areaambiencedata.txt	season2/metin2_map_a2_1/004002/areaambiencedata.txt	2
season2/season2/metin2_map_n_flame_02/000002/attr.atr	season2/metin2_map_n_flame_02/000002/attr.atr	1
season2/season2/metin2_map_n_desert_02/005003/areaproperty.txt	season2/metin2_map_n_desert_02/005003/areaproperty.txt	2
season2/season2/metin2_map_a2_1/004002/areadata.txt	season2/metin2_map_a2_1/004002/areadata.txt	2
season2/season2/metin2_map_skipia_dungeon_02/002002/tile.raw	season2/metin2_map_skipia_dungeon_02/002002/tile.raw	1
season2/season2/metin2_map_a2_1/004002/areaproperty.txt	season2/metin2_map_a2_1/004002/areaproperty.txt	2
season2/season2/metin2_map_a2_1/004005/height.raw	season2/metin2_map_a2_1/004005/height.raw	1
season2/season2/metin2_map_a2_1/004002/height.raw	season2/metin2_map_a2_1/004002/height.raw	1
season2/season2/metin2_map_milgyo_a/003001/shadowmap.dds	season2/metin2_map_milgyo_a/003001/shadowmap.dds	1
season2/season2/metin2_map_skipia_dungeon_01/000005/water.wtr	season2/metin2_map_skipia_dungeon_01/000005/water.wtr	1
season2/season2/metin2_map_a2_1/004002/minimap.dds	season2/metin2_map_a2_1/004002/minimap.dds	1
season2/season2/monster/ch_general/skipia_general02.dds	season2/monster/ch_general/skipia_general02.dds	1
season2/season2/metin2_map_skipia_dungeon_02/002004/water.wtr	season2/metin2_map_skipia_dungeon_02/002004/water.wtr	1
season2/season2/metin2_map_a2_1/004002/shadowmap.dds	season2/metin2_map_a2_1/004002/shadowmap.dds	1
season2/season2/metin2_map_a2_1/004002/water.wtr	season2/metin2_map_a2_1/004002/water.wtr	1
season2/season2/metin2_map_a2_1/004003/areaambiencedata.txt	season2/metin2_map_a2_1/004003/areaambiencedata.txt	2
season2/season2/metin2_map_skipia_dungeon_02/005000/areaambiencedata.txt	season2/metin2_map_skipia_dungeon_02/005000/areaambiencedata.txt	2
season2/season2/metin2_map_a2_1/004003/areadata.txt	season2/metin2_map_a2_1/004003/areadata.txt	2
season2/season2/metin2_map_skipia_dungeon_02/004004/areaproperty.txt	season2/metin2_map_skipia_dungeon_02/004004/areaproperty.txt	2
season2/season2/metin2_map_a2_1/004003/areaproperty.txt	season2/metin2_map_a2_1/004003/areaproperty.txt	2
season2/season2/metin2_map_empirewar01/001001/water.wtr	season2/metin2_map_empirewar01/001001/water.wtr	1
season2/season2/monster/ch_officer/skipia_officer_front_damage1.gr2	season2/monster/ch_officer/skipia_officer_front_damage1.gr2	0
season2/season2/metin2_map_a2_1/004003/height.raw	season2/metin2_map_a2_1/004003/height.raw	1
season2/season2/metin2_map_milgyo_a/002000/tile.raw	season2/metin2_map_milgyo_a/002000/tile.raw	1
season2/season2/metin2_map_n_desert_02/001003/areaambiencedata.txt	season2/metin2_map_n_desert_02/001003/areaambiencedata.txt	2
season2/season2/metin2_map_a2_1/004004/areaambiencedata.txt	season2/metin2_map_a2_1/004004/areaambiencedata.txt	2
season2/season2/metin2_map_a2_1/004004/areaproperty.txt	season2/metin2_map_a2_1/004004/areaproperty.txt	2
season2/season2/metin2_map_a2_1/004004/attr.atr	season2/metin2_map_a2_1/004004/attr.atr	1
season2/season2/metin2_map_n_desert_02/002000/shadowmap.raw	season2/metin2_map_n_desert_02/002000/shadowmap.raw	1
season2/season2/metin2_map_milgyo_a/003000/tile.raw	season2/metin2_map_milgyo_a/003000/tile.raw	1
season2/season2/monster/ch_general/shape.msm	season2/monster/ch_general/shape.msm	2
season2/season2/metin2_map_skipia_bossdungeon/000000/areadata.txt	season2/metin2_map_skipia_bossdungeon/000000/areadata.txt	2
season2/season2/metin2_map_a2_1/004004/height.raw	season2/metin2_map_a2_1/004004/height.raw	1
season2/season2/metin2_map_a2_1/004004/shadowmap.dds	season2/metin2_map_a2_1/004004/shadowmap.dds	1
season2/season2/metin2_map_n_flame_02/002001/areadata.txt	season2/metin2_map_n_flame_02/002001/areadata.txt	2
season2/season2/metin2_map_skipia_bossdungeon/000000/shadowmap.dds	season2/metin2_map_skipia_bossdungeon/000000/shadowmap.dds	1
season2/season2/metin2_map_empirewar02/001000/areaambiencedata.txt	season2/metin2_map_empirewar02/001000/areaambiencedata.txt	2
season2/season2/metin2_map_skipia_dungeon_02/002000/shadowmap.dds	season2/metin2_map_skipia_dungeon_02/002000/shadowmap.dds	1
season2/season2/metin2_map_skipia_dungeon_02/001001/areaambiencedata.txt	season2/metin2_map_skipia_dungeon_02/001001/areaambiencedata.txt	2
season2/season2/metin2_map_n_desert_02/002005/areaambiencedata.txt	season2/metin2_map_n_desert_02/002005/areaambiencedata.txt	2
season2/season2/metin2_map_a2_1/004004/shadowmap.raw	season2/metin2_map_a2_1/004004/shadowmap.raw	1
season2/season2/metin2_map_a2_1/004004/tile.raw	season2/metin2_map_a2_1/004004/tile.raw	1
season2/season2/metin2_map_a2_1/004005/minimap.dds	season2/metin2_map_a2_1/004005/minimap.dds	1
season2/season2/metin2_map_a2_1/004005/shadowmap.raw	season2/metin2_map_a2_1/004005/shadowmap.raw	1
season2/season2/metin2_map_milgyo_a/001000/areadata.txt	season2/metin2_map_milgyo_a/001000/areadata.txt	2
season2/season2/metin2_map_n_desert_02/003001/shadowmap.raw	season2/metin2_map_n_desert_02/003001/shadowmap.raw	1
season2/season2/metin2_map_n_flame_02/001005/height.raw	season2/metin2_map_n_flame_02/001005/height.raw	1
season2/season2/metin2_map_a2_1/005000/areaambiencedata.txt	season2/metin2_map_a2_1/005000/areaambiencedata.txt	2
season2/season2/monster/ch_magician/noejeon_light copy.jpg	season2/monster/ch_magician/noejeon_light copy.jpg	0
season2/season2/metin2_map_empirewar03/001001/shadowmap.raw	season2/metin2_map_empirewar03/001001/shadowmap.raw	1
season2/season2/metin2_map_n_flame_02/002002/shadowmap.dds	season2/metin2_map_n_flame_02/002002/shadowmap.dds	1
season2/season2/metin2_map_skipia_dungeon_02/001005/shadowmap.raw	season2/metin2_map_skipia_dungeon_02/001005/shadowmap.raw	1
season2/season2/metin2_map_skipia_dungeon_02/000005/shadowmap.dds	season2/metin2_map_skipia_dungeon_02/000005/shadowmap.dds	1
season2/season2/metin2_map_a2_1/005000/height.raw	season2/metin2_map_a2_1/005000/height.raw	1
season2/season2/monster/ch_footman/skipia_footman_back_knockdown.msa	season2/monster/ch_footman/skipia_footman_back_knockdown.msa	2
season2/season2/metin2_map_skipia_dungeon_01/005002/minimap.dds	season2/metin2_map_skipia_dungeon_01/005002/minimap.dds	1
season2/season2/metin2_map_a2_1/005000/minimap.dds	season2/metin2_map_a2_1/005000/minimap.dds	1
season2/season2/metin2_map_milgyo_a/000000/shadowmap.dds	season2/metin2_map_milgyo_a/000000/shadowmap.dds	1
season2/season2/metin2_map_a2_1/005000/shadowmap.dds	season2/metin2_map_a2_1/005000/shadowmap.dds	1
season2/season2/metin2_map_a2_1/005000/water.wtr	season2/metin2_map_a2_1/005000/water.wtr	1
season2/season2/metin2_map_a2_1/005001/areadata.txt	season2/metin2_map_a2_1/005001/areadata.txt	2
season2/season2/metin2_map_a2_1/005001/areaproperty.txt	season2/metin2_map_a2_1/005001/areaproperty.txt	2
season2/season2/metin2_map_n_flame_02/004004/areadata.txt	season2/metin2_map_n_flame_02/004004/areadata.txt	2
season2/season2/metin2_map_n_desert_02/005004/tile.raw	season2/metin2_map_n_desert_02/005004/tile.raw	1
season2/season2/metin2_map_skipia_dungeon_02/004003/tile.raw	season2/metin2_map_skipia_dungeon_02/004003/tile.raw	1
season2/season2/metin2_map_a2_1/005001/minimap.dds	season2/metin2_map_a2_1/005001/minimap.dds	1
season2/season2/monster/ch_footman/skipia_footman_wait1.gr2	season2/monster/ch_footman/skipia_footman_wait1.gr2	0
season2/season2/metin2_map_a2_1/005001/shadowmap.dds	season2/metin2_map_a2_1/005001/shadowmap.dds	1
season2/season2/metin2_map_a2_1/005001/tile.raw	season2/metin2_map_a2_1/005001/tile.raw	1
season2/season2/metin2_map_a2_1/005002/areaambiencedata.txt	season2/metin2_map_a2_1/005002/areaambiencedata.txt	2
season2/season2/metin2_map_n_desert_02/004005/shadowmap.raw	season2/metin2_map_n_desert_02/004005/shadowmap.raw	1
season2/season2/metin2_map_n_flame_02/001004/minimap.dds	season2/metin2_map_n_flame_02/001004/minimap.dds	1
season2/season2/metin2_map_n_flame_02/004000/shadowmap.raw	season2/metin2_map_n_flame_02/004000/shadowmap.raw	1
season2/season2/metin2_map_a2_1/005002/height.raw	season2/metin2_map_a2_1/005002/height.raw	1
season2/season2/metin2_map_n_desert_02/002005/water.wtr	season2/metin2_map_n_desert_02/002005/water.wtr	1
season2/season2/metin2_map_trent_a/000000/water.wtr	season2/metin2_map_trent_a/000000/water.wtr	1
season2/season2/metin2_map_n_desert_02/000003/areadata.txt	season2/metin2_map_n_desert_02/000003/areadata.txt	2
season2/season2/metin2_map_milgyo_a/001001/height.raw	season2/metin2_map_milgyo_a/001001/height.raw	1
season2/season2/metin2_map_empirewar02/000000/shadowmap.dds	season2/metin2_map_empirewar02/000000/shadowmap.dds	1
season2/season2/metin2_map_a2_1/005002/shadowmap.raw	season2/metin2_map_a2_1/005002/shadowmap.raw	1
season2/season2/monster/ch_bowman/shape.msm	season2/monster/ch_bowman/shape.msm	2
season2/season2/metin2_map_a2_1/005002/water.wtr	season2/metin2_map_a2_1/005002/water.wtr	1
season2/season2/metin2_map_a2_1/005003/areaproperty.txt	season2/metin2_map_a2_1/005003/areaproperty.txt	2
season2/season2/monster/ch_bowman/skipia_bowman_standup.msa	season2/monster/ch_bowman/skipia_bowman_standup.msa	2
season2/season2/metin2_map_a2_1/005003/attr.atr	season2/metin2_map_a2_1/005003/attr.atr	1
season2/season2/metin2_map_n_desert_02/002001/tile.raw	season2/metin2_map_n_desert_02/002001/tile.raw	1
season2/season2/metin2_map_a2_1/005003/height.raw	season2/metin2_map_a2_1/005003/height.raw	1
season2/season2/metin2_map_a2_1/005004/areaambiencedata.txt	season2/metin2_map_a2_1/005004/areaambiencedata.txt	2
season2/season2/metin2_map_trent_a/000000/shadowmap.raw	season2/metin2_map_trent_a/000000/shadowmap.raw	1
season2/season2/metin2_map_a2_1/005004/areadata.txt	season2/metin2_map_a2_1/005004/areadata.txt	2
season2/season2/monster/ch_water_dragon/water_breathe03.dds	season2/monster/ch_water_dragon/water_breathe03.dds	1
season2/season2/metin2_map_a2_1/005004/attr.atr	season2/metin2_map_a2_1/005004/attr.atr	1
season2/season2/metin2_map_milgyo_a/000002/shadowmap.dds	season2/metin2_map_milgyo_a/000002/shadowmap.dds	1
season2/season2/metin2_map_a2_1/005004/height.raw	season2/metin2_map_a2_1/005004/height.raw	1
season2/season2/metin2_map_milgyo_a/002002/areadata.txt	season2/metin2_map_milgyo_a/002002/areadata.txt	2
season2/season2/metin2_map_n_desert_02/000004/areadata.txt	season2/metin2_map_n_desert_02/000004/areadata.txt	2
season2/season2/metin2_map_milgyo_a/001003/attr.atr	season2/metin2_map_milgyo_a/001003/attr.atr	1
season2/season2/metin2_map_n_flame_02/000005/tile.raw	season2/metin2_map_n_flame_02/000005/tile.raw	1
season2/season2/metin2_map_a2_1/005004/minimap.dds	season2/metin2_map_a2_1/005004/minimap.dds	1
season2/season2/metin2_map_empirewar02/001000/areadata.txt	season2/metin2_map_empirewar02/001000/areadata.txt	2
season2/season2/metin2_map_a2_1/005004/shadowmap.dds	season2/metin2_map_a2_1/005004/shadowmap.dds	1
season2/season2/metin2_map_a2_1/005004/shadowmap.raw	season2/metin2_map_a2_1/005004/shadowmap.raw	1
season2/season2/metin2_map_a2_1/005004/tile.raw	season2/metin2_map_a2_1/005004/tile.raw	1
season2/season2/metin2_map_a2_1/005005/areadata.txt	season2/metin2_map_a2_1/005005/areadata.txt	2
season2/season2/metin2_map_a2_1/005005/areaproperty.txt	season2/metin2_map_a2_1/005005/areaproperty.txt	2
season2/season2/metin2_map_skipia_dungeon_01/000003/areadata.txt	season2/metin2_map_skipia_dungeon_01/000003/areadata.txt	2
season2/season2/metin2_map_a2_1/005005/attr.atr	season2/metin2_map_a2_1/005005/attr.atr	1
season2/season2/metin2_map_a2_1/005005/height.raw	season2/metin2_map_a2_1/005005/height.raw	1
season2/season2/metin2_map_a2_1/005005/shadowmap.raw	season2/metin2_map_a2_1/005005/shadowmap.raw	1
season2/season2/metin2_map_n_desert_02/004000/tile.raw	season2/metin2_map_n_desert_02/004000/tile.raw	1
season2/season2/metin2_map_a2_1/005005/tile.raw	season2/metin2_map_a2_1/005005/tile.raw	1
season2/season2/metin2_map_milgyo_a/003002/areaambiencedata.txt	season2/metin2_map_milgyo_a/003002/areaambiencedata.txt	2
season2/season2/monster/ch_magician/shape.msm	season2/monster/ch_magician/shape.msm	2
season2/season2/metin2_map_n_desert_02/001000/shadowmap.raw	season2/metin2_map_n_desert_02/001000/shadowmap.raw	1
season2/season2/metin2_map_a2_1/mapproperty.txt	season2/metin2_map_a2_1/mapproperty.txt	2
season2/season2/metin2_map_n_desert_02/001000/areaambiencedata.txt	season2/metin2_map_n_desert_02/001000/areaambiencedata.txt	2
season2/season2/metin2_map_n_desert_02/001002/areadata.txt	season2/metin2_map_n_desert_02/001002/areadata.txt	2
season2/season2/metin2_map_empirewar01/000000/areaproperty.txt	season2/metin2_map_empirewar01/000000/areaproperty.txt	2
season2/season2/metin2_map_empirewar01/000000/height.raw	season2/metin2_map_empirewar01/000000/height.raw	1
season2/season2/monster/ch_magician/0004.tga	season2/monster/ch_magician/0004.tga	1
season2/season2/metin2_map_empirewar01/000000/shadowmap.dds	season2/metin2_map_empirewar01/000000/shadowmap.dds	1
season2/season2/metin2_map_milgyo_a/001003/shadowmap.dds	season2/metin2_map_milgyo_a/001003/shadowmap.dds	1
season2/season2/metin2_map_empirewar01/000000/shadowmap.raw	season2/metin2_map_empirewar01/000000/shadowmap.raw	1
season2/season2/metin2_map_milgyo_a/000001/areaproperty.txt	season2/metin2_map_milgyo_a/000001/areaproperty.txt	2
season2/season2/metin2_map_empirewar01/000000/tile.raw	season2/metin2_map_empirewar01/000000/tile.raw	1
season2/season2/metin2_map_empirewar01/000000/water.wtr	season2/metin2_map_empirewar01/000000/water.wtr	1
season2/season2/metin2_map_milgyo_a/002003/shadowmap.raw	season2/metin2_map_milgyo_a/002003/shadowmap.raw	1
season2/season2/metin2_map_empirewar01/000001/attr.atr	season2/metin2_map_empirewar01/000001/attr.atr	1
season2/season2/metin2_map_empirewar03/001001/areaambiencedata.txt	season2/metin2_map_empirewar03/001001/areaambiencedata.txt	2
season2/season2/metin2_map_empirewar01/000001/height.raw	season2/metin2_map_empirewar01/000001/height.raw	1
season2/season2/metin2_map_skipia_dungeon_01/001005/areaproperty.txt	season2/metin2_map_skipia_dungeon_01/001005/areaproperty.txt	2
season2/season2/metin2_map_trent02_a/000000/attr.atr	season2/metin2_map_trent02_a/000000/attr.atr	1
season2/season2/metin2_map_skipia_dungeon_02/005005/height.raw	season2/metin2_map_skipia_dungeon_02/005005/height.raw	1
season2/season2/metin2_map_milgyo_a/001003/areaproperty.txt	season2/metin2_map_milgyo_a/001003/areaproperty.txt	2
season2/season2/metin2_map_empirewar01/000001/minimap.dds	season2/metin2_map_empirewar01/000001/minimap.dds	1
season2/season2/metin2_map_empirewar01/000001/shadowmap.dds	season2/metin2_map_empirewar01/000001/shadowmap.dds	1
season2/season2/metin2_map_skipia_dungeon_02/000001/minimap.dds	season2/metin2_map_skipia_dungeon_02/000001/minimap.dds	1
season2/season2/metin2_map_empirewar01/000001/water.wtr	season2/metin2_map_empirewar01/000001/water.wtr	1
season2/season2/metin2_map_n_desert_02/002000/minimap.dds	season2/metin2_map_n_desert_02/002000/minimap.dds	1
season2/season2/metin2_map_n_desert_02/000002/areadata.txt	season2/metin2_map_n_desert_02/000002/areadata.txt	2
season2/season2/metin2_map_n_desert_02/003004/areaproperty.txt	season2/metin2_map_n_desert_02/003004/areaproperty.txt	2
season2/season2/metin2_map_milgyo_a/000002/height.raw	season2/metin2_map_milgyo_a/000002/height.raw	1
season2/season2/metin2_map_empirewar01/001000/areaambiencedata.txt	season2/metin2_map_empirewar01/001000/areaambiencedata.txt	2
season2/season2/metin2_map_trent02_a/001002/areaambiencedata.txt	season2/metin2_map_trent02_a/001002/areaambiencedata.txt	2
season2/season2/metin2_map_empirewar01/001000/areadata.txt	season2/metin2_map_empirewar01/001000/areadata.txt	2
season2/season2/metin2_map_n_flame_02/004004/areaproperty.txt	season2/metin2_map_n_flame_02/004004/areaproperty.txt	2
season2/season2/metin2_map_n_flame_02/003003/shadowmap.raw	season2/metin2_map_n_flame_02/003003/shadowmap.raw	1
season2/season2/metin2_map_empirewar01/001000/attr.atr	season2/metin2_map_empirewar01/001000/attr.atr	1
season2/season2/metin2_map_empirewar01/001000/height.raw	season2/metin2_map_empirewar01/001000/height.raw	1
season2/season2/metin2_map_skipia_dungeon_01/001002/areadata.txt	season2/metin2_map_skipia_dungeon_01/001002/areadata.txt	2
season2/season2/metin2_map_empirewar01/001000/shadowmap.dds	season2/metin2_map_empirewar01/001000/shadowmap.dds	1
season2/season2/metin2_map_skipia_dungeon_02/001003/tile.raw	season2/metin2_map_skipia_dungeon_02/001003/tile.raw	1
season2/season2/metin2_map_empirewar01/001000/shadowmap.raw	season2/metin2_map_empirewar01/001000/shadowmap.raw	1
season2/season2/metin2_map_n_flame_02/005002/tile.raw	season2/metin2_map_n_flame_02/005002/tile.raw	1
season2/season2/metin2_map_empirewar01/001000/tile.raw	season2/metin2_map_empirewar01/001000/tile.raw	1
season2/season2/metin2_map_n_desert_02/001002/attr.atr	season2/metin2_map_n_desert_02/001002/attr.atr	1
season2/season2/metin2_map_empirewar01/001000/water.wtr	season2/metin2_map_empirewar01/001000/water.wtr	1
season2/season2/metin2_map_empirewar01/001001/areaproperty.txt	season2/metin2_map_empirewar01/001001/areaproperty.txt	2
season2/season2/metin2_map_empirewar01/snowm02.msenv	season2/metin2_map_empirewar01/snowm02.msenv	0
season2/season2/metin2_map_milgyo_a/001000/height.raw	season2/metin2_map_milgyo_a/001000/height.raw	1
season2/season2/metin2_map_empirewar02/000000/areadata.txt	season2/metin2_map_empirewar02/000000/areadata.txt	2
season2/season2/metin2_map_empirewar02/000000/areaproperty.txt	season2/metin2_map_empirewar02/000000/areaproperty.txt	2
season2/season2/metin2_map_n_flame_02/000004/tile.raw	season2/metin2_map_n_flame_02/000004/tile.raw	1
season2/season2/metin2_map_milgyo_a/000003/areaproperty.txt	season2/metin2_map_milgyo_a/000003/areaproperty.txt	2
season2/season2/metin2_map_empirewar02/000000/attr.atr	season2/metin2_map_empirewar02/000000/attr.atr	1
season2/season2/metin2_map_empirewar02/000000/minimap.dds	season2/metin2_map_empirewar02/000000/minimap.dds	1
season2/season2/metin2_map_empirewar02/000000/water.wtr	season2/metin2_map_empirewar02/000000/water.wtr	1
season2/season2/metin2_map_empirewar02/000001/areadata.txt	season2/metin2_map_empirewar02/000001/areadata.txt	2
season2/season2/metin2_map_n_flame_02/000002/areaproperty.txt	season2/metin2_map_n_flame_02/000002/areaproperty.txt	2
season2/season2/metin2_map_empirewar02/000001/areaproperty.txt	season2/metin2_map_empirewar02/000001/areaproperty.txt	2
season2/season2/metin2_map_n_flame_02/005005/areaproperty.txt	season2/metin2_map_n_flame_02/005005/areaproperty.txt	2
season2/season2/metin2_map_empirewar02/setting.txt	season2/metin2_map_empirewar02/setting.txt	2
season2/season2/metin2_map_n_flame_02/000000/areaambiencedata.txt	season2/metin2_map_n_flame_02/000000/areaambiencedata.txt	2
season2/season2/metin2_map_empirewar02/000001/attr.atr	season2/metin2_map_empirewar02/000001/attr.atr	1
season2/season2/monster/ch_officer/skipia_officer.gr2	season2/monster/ch_officer/skipia_officer.gr2	0
season2/season2/metin2_map_empirewar02/000001/height.raw	season2/metin2_map_empirewar02/000001/height.raw	1
season2/season2/metin2_map_skipia_dungeon_02/005002/areadata.txt	season2/metin2_map_skipia_dungeon_02/005002/areadata.txt	2
season2/season2/metin2_map_empirewar02/000001/shadowmap.raw	season2/metin2_map_empirewar02/000001/shadowmap.raw	1
season2/season2/metin2_map_n_desert_02/002000/height.raw	season2/metin2_map_n_desert_02/002000/height.raw	1
season2/season2/metin2_map_skipia_dungeon_01/000003/water.wtr	season2/metin2_map_skipia_dungeon_01/000003/water.wtr	1
season2/season2/metin2_map_empirewar02/000001/water.wtr	season2/metin2_map_empirewar02/000001/water.wtr	1
season2/season2/metin2_map_empirewar02/001000/attr.atr	season2/metin2_map_empirewar02/001000/attr.atr	1
season2/season2/metin2_map_n_desert_02/003005/minimap.dds	season2/metin2_map_n_desert_02/003005/minimap.dds	1
season2/season2/metin2_map_empirewar02/001000/height.raw	season2/metin2_map_empirewar02/001000/height.raw	1
season2/season2/metin2_map_milgyo_a/001003/height.raw	season2/metin2_map_milgyo_a/001003/height.raw	1
season2/season2/metin2_map_trent_a/000000/areaambiencedata.txt	season2/metin2_map_trent_a/000000/areaambiencedata.txt	2
season2/season2/metin2_map_empirewar02/001000/minimap.dds	season2/metin2_map_empirewar02/001000/minimap.dds	1
season2/season2/metin2_map_empirewar02/001000/shadowmap.dds	season2/metin2_map_empirewar02/001000/shadowmap.dds	1
season2/season2/metin2_map_empirewar02/001000/shadowmap.raw	season2/metin2_map_empirewar02/001000/shadowmap.raw	1
season2/season2/metin2_map_n_desert_02/000000/minimap.dds	season2/metin2_map_n_desert_02/000000/minimap.dds	1
season2/season2/metin2_map_empirewar02/001000/tile.raw	season2/metin2_map_empirewar02/001000/tile.raw	1
season2/season2/metin2_map_guild_inside01/000000/minimap.dds	season2/metin2_map_guild_inside01/000000/minimap.dds	1
season2/season2/metin2_map_skipia_dungeon_02/001004/height.raw	season2/metin2_map_skipia_dungeon_02/001004/height.raw	1
season2/season2/metin2_map_empirewar02/001000/water.wtr	season2/metin2_map_empirewar02/001000/water.wtr	1
season2/season2/npc/signal_fire/signalfire_ani.msa	season2/npc/signal_fire/signalfire_ani.msa	2
season2/season2/metin2_map_empirewar02/001001/areaambiencedata.txt	season2/metin2_map_empirewar02/001001/areaambiencedata.txt	2
season2/season2/metin2_map_skipia_dungeon_01/001002/shadowmap.dds	season2/metin2_map_skipia_dungeon_01/001002/shadowmap.dds	1
season2/season2/metin2_map_skipia_dungeon_01/004001/areaambiencedata.txt	season2/metin2_map_skipia_dungeon_01/004001/areaambiencedata.txt	2
season2/season2/metin2_map_trent_a/001000/attr.atr	season2/metin2_map_trent_a/001000/attr.atr	1
season2/season2/metin2_map_milgyo_a/000001/shadowmap.raw	season2/metin2_map_milgyo_a/000001/shadowmap.raw	1
season2/season2/metin2_map_empirewar02/001001/height.raw	season2/metin2_map_empirewar02/001001/height.raw	1
season2/season2/metin2_map_empirewar02/001001/shadowmap.raw	season2/metin2_map_empirewar02/001001/shadowmap.raw	1
season2/season2/monster/ch_bowman/14.jpg	season2/monster/ch_bowman/14.jpg	0
season2/season2/metin2_map_empirewar02/a1.msenv	season2/metin2_map_empirewar02/a1.msenv	0
season2/season2/metin2_map_empirewar02/mapproperty.txt	season2/metin2_map_empirewar02/mapproperty.txt	2
season2/season2/metin2_map_empirewar03/001000/shadowmap.dds	season2/metin2_map_empirewar03/001000/shadowmap.dds	1
season2/season2/metin2_map_n_flame_02/003004/height.raw	season2/metin2_map_n_flame_02/003004/height.raw	1
season2/season2/metin2_map_empirewar03/000000/areaproperty.txt	season2/metin2_map_empirewar03/000000/areaproperty.txt	2
season2/season2/metin2_map_empirewar03/000000/height.raw	season2/metin2_map_empirewar03/000000/height.raw	1
season2/season2/metin2_map_empirewar03/000000/minimap.dds	season2/metin2_map_empirewar03/000000/minimap.dds	1
season2/season2/metin2_map_n_flame_02/002001/shadowmap.raw	season2/metin2_map_n_flame_02/002001/shadowmap.raw	1
season2/season2/metin2_map_empirewar03/000000/shadowmap.dds	season2/metin2_map_empirewar03/000000/shadowmap.dds	1
season2/season2/metin2_map_n_flame_02/regen.txt	season2/metin2_map_n_flame_02/regen.txt	2
season2/season2/monster/ch_officer/skipia_officer_run.msa	season2/monster/ch_officer/skipia_officer_run.msa	2
season2/season2/metin2_map_skipia_dungeon_02/004001/areaambiencedata.txt	season2/metin2_map_skipia_dungeon_02/004001/areaambiencedata.txt	2
season2/season2/metin2_map_empirewar03/000000/shadowmap.raw	season2/metin2_map_empirewar03/000000/shadowmap.raw	1
season2/season2/metin2_map_empirewar03/000001/areadata.txt	season2/metin2_map_empirewar03/000001/areadata.txt	2
season2/season2/metin2_map_skipia_dungeon_01/004000/areaproperty.txt	season2/metin2_map_skipia_dungeon_01/004000/areaproperty.txt	2
season2/season2/metin2_map_skipia_dungeon_01/004001/water.wtr	season2/metin2_map_skipia_dungeon_01/004001/water.wtr	1
season2/season2/metin2_map_n_desert_02/002003/tile.raw	season2/metin2_map_n_desert_02/002003/tile.raw	1
season2/season2/metin2_map_empirewar03/000001/areaproperty.txt	season2/metin2_map_empirewar03/000001/areaproperty.txt	2
season2/season2/metin2_map_n_flame_02/003005/areaambiencedata.txt	season2/metin2_map_n_flame_02/003005/areaambiencedata.txt	2
season2/season2/metin2_map_empirewar03/001001/minimap.dds	season2/metin2_map_empirewar03/001001/minimap.dds	1
season2/season2/metin2_map_empirewar03/000001/height.raw	season2/metin2_map_empirewar03/000001/height.raw	1
season2/season2/metin2_map_empirewar03/000001/shadowmap.dds	season2/metin2_map_empirewar03/000001/shadowmap.dds	1
season2/season2/metin2_map_n_flame_02/004000/minimap.dds	season2/metin2_map_n_flame_02/004000/minimap.dds	1
season2/season2/metin2_map_n_desert_02/002005/areaproperty.txt	season2/metin2_map_n_desert_02/002005/areaproperty.txt	2
season2/season2/metin2_map_empirewar03/000001/shadowmap.raw	season2/metin2_map_empirewar03/000001/shadowmap.raw	1
season2/season2/metin2_map_empirewar03/000001/water.wtr	season2/metin2_map_empirewar03/000001/water.wtr	1
season2/season2/metin2_map_n_flame_02/004000/attr.atr	season2/metin2_map_n_flame_02/004000/attr.atr	1
season2/season2/monster/ch_footman/skipia_footman_wait.gr2	season2/monster/ch_footman/skipia_footman_wait.gr2	0
season2/season2/metin2_map_n_flame_02/005001/attr.atr	season2/metin2_map_n_flame_02/005001/attr.atr	1
season2/season2/metin2_map_skipia_dungeon_01/005001/tile.raw	season2/metin2_map_skipia_dungeon_01/005001/tile.raw	1
season2/season2/metin2_map_empirewar03/001000/areaambiencedata.txt	season2/metin2_map_empirewar03/001000/areaambiencedata.txt	2
season2/season2/metin2_map_milgyo_a/002000/height.raw	season2/metin2_map_milgyo_a/002000/height.raw	1
season2/season2/metin2_map_n_desert_02/000004/areaambiencedata.txt	season2/metin2_map_n_desert_02/000004/areaambiencedata.txt	2
season2/season2/metin2_map_empirewar03/001000/attr.atr	season2/metin2_map_empirewar03/001000/attr.atr	1
season2/season2/metin2_map_skipia_dungeon_01/004004/water.wtr	season2/metin2_map_skipia_dungeon_01/004004/water.wtr	1
season2/season2/metin2_map_milgyo_a/000003/areaambiencedata.txt	season2/metin2_map_milgyo_a/000003/areaambiencedata.txt	2
season2/season2/metin2_map_n_flame_02/001004/areadata.txt	season2/metin2_map_n_flame_02/001004/areadata.txt	2
season2/season2/metin2_map_empirewar03/001000/height.raw	season2/metin2_map_empirewar03/001000/height.raw	1
season2/season2/metin2_map_empirewar03/001000/minimap.dds	season2/metin2_map_empirewar03/001000/minimap.dds	1
season2/season2/metin2_map_empirewar03/001000/shadowmap.raw	season2/metin2_map_empirewar03/001000/shadowmap.raw	1
season2/season2/metin2_map_skipia_dungeon_02/005002/shadowmap.raw	season2/metin2_map_skipia_dungeon_02/005002/shadowmap.raw	1
season2/season2/metin2_map_skipia_dungeon_01/000004/shadowmap.dds	season2/metin2_map_skipia_dungeon_01/000004/shadowmap.dds	1
season2/season2/metin2_map_empirewar03/001000/tile.raw	season2/metin2_map_empirewar03/001000/tile.raw	1
season2/season2/metin2_map_skipia_dungeon_02/004003/water.wtr	season2/metin2_map_skipia_dungeon_02/004003/water.wtr	1
season2/season2/metin2_map_empirewar03/001000/water.wtr	season2/metin2_map_empirewar03/001000/water.wtr	1
season2/season2/metin2_map_skipia_dungeon_01/001005/height.raw	season2/metin2_map_skipia_dungeon_01/001005/height.raw	1
season2/season2/metin2_map_empirewar03/001001/attr.atr	season2/metin2_map_empirewar03/001001/attr.atr	1
season2/season2/metin2_map_n_desert_02/002003/areaproperty.txt	season2/metin2_map_n_desert_02/002003/areaproperty.txt	2
season2/season2/monster/ch_bowman/blow.mse	season2/monster/ch_bowman/blow.mse	1
season2/season2/metin2_map_empirewar03/001001/height.raw	season2/metin2_map_empirewar03/001001/height.raw	1
season2/season2/metin2_map_n_desert_02/003000/areaambiencedata.txt	season2/metin2_map_n_desert_02/003000/areaambiencedata.txt	2
season2/season2/metin2_map_empirewar03/desert_02.msenv	season2/metin2_map_empirewar03/desert_02.msenv	0
season2/season2/metin2_map_empirewar03/mapproperty.txt	season2/metin2_map_empirewar03/mapproperty.txt	2
season2/season2/metin2_map_n_flame_02/002005/shadowmap.dds	season2/metin2_map_n_flame_02/002005/shadowmap.dds	1
season2/season2/metin2_map_empirewar03/setting.txt	season2/metin2_map_empirewar03/setting.txt	2
season2/season2/metin2_map_skipia_dungeon_01/003005/attr.atr	season2/metin2_map_skipia_dungeon_01/003005/attr.atr	1
season2/season2/metin2_map_trent02_a/001001/shadowmap.raw	season2/metin2_map_trent02_a/001001/shadowmap.raw	1
season2/season2/metin2_map_skipia_dungeon_01/001002/shadowmap.raw	season2/metin2_map_skipia_dungeon_01/001002/shadowmap.raw	1
season2/season2/metin2_map_guild_inside01/000000/areaambiencedata.txt	season2/metin2_map_guild_inside01/000000/areaambiencedata.txt	2
season2/season2/metin2_map_n_flame_02/001003/height.raw	season2/metin2_map_n_flame_02/001003/height.raw	1
season2/season2/metin2_map_skipia_dungeon_01/001001/areadata.txt	season2/metin2_map_skipia_dungeon_01/001001/areadata.txt	2
season2/season2/metin2_map_skipia_dungeon_02/005003/areaproperty.txt	season2/metin2_map_skipia_dungeon_02/005003/areaproperty.txt	2
season2/season2/metin2_map_n_desert_02/004001/height.raw	season2/metin2_map_n_desert_02/004001/height.raw	1
season2/season2/metin2_map_guild_inside01/000000/attr.atr	season2/metin2_map_guild_inside01/000000/attr.atr	1
season2/season2/metin2_map_skipia_dungeon_01/000003/areaproperty.txt	season2/metin2_map_skipia_dungeon_01/000003/areaproperty.txt	2
season2/season2/metin2_map_guild_inside01/000000/height.raw	season2/metin2_map_guild_inside01/000000/height.raw	1
season2/season2/metin2_map_guild_inside01/000000/shadowmap.dds	season2/metin2_map_guild_inside01/000000/shadowmap.dds	1
season2/season2/metin2_map_skipia_dungeon_01/001004/shadowmap.dds	season2/metin2_map_skipia_dungeon_01/001004/shadowmap.dds	1
season2/season2/metin2_map_skipia_dungeon_02/002001/areaambiencedata.txt	season2/metin2_map_skipia_dungeon_02/002001/areaambiencedata.txt	2
season2/season2/metin2_map_skipia_dungeon_01/001001/attr.atr	season2/metin2_map_skipia_dungeon_01/001001/attr.atr	1
season2/season2/metin2_map_guild_inside01/000000/tile.raw	season2/metin2_map_guild_inside01/000000/tile.raw	1
season2/season2/metin2_map_guild_inside01/000000/water.wtr	season2/metin2_map_guild_inside01/000000/water.wtr	1
season2/season2/metin2_map_milgyo_a/000000/areadata.txt	season2/metin2_map_milgyo_a/000000/areadata.txt	2
season2/season2/metin2_map_milgyo_a/001002/shadowmap.raw	season2/metin2_map_milgyo_a/001002/shadowmap.raw	1
season2/season2/metin2_map_milgyo_a/000000/areaproperty.txt	season2/metin2_map_milgyo_a/000000/areaproperty.txt	2
season2/season2/metin2_map_milgyo_a/000000/height.raw	season2/metin2_map_milgyo_a/000000/height.raw	1
season2/season2/metin2_map_milgyo_a/000000/minimap.dds	season2/metin2_map_milgyo_a/000000/minimap.dds	1
season2/season2/metin2_map_n_desert_02/regen.txt	season2/metin2_map_n_desert_02/regen.txt	2
season2/season2/metin2_map_trent02_a/001002/height.raw	season2/metin2_map_trent02_a/001002/height.raw	1
season2/season2/metin2_map_milgyo_a/000000/water.wtr	season2/metin2_map_milgyo_a/000000/water.wtr	1
season2/season2/metin2_map_n_flame_02/000002/tile.raw	season2/metin2_map_n_flame_02/000002/tile.raw	1
season2/season2/metin2_map_milgyo_a/000001/areadata.txt	season2/metin2_map_milgyo_a/000001/areadata.txt	2
season2/season2/metin2_map_n_desert_02/002001/areaproperty.txt	season2/metin2_map_n_desert_02/002001/areaproperty.txt	2
season2/season2/metin2_map_milgyo_a/000001/water.wtr	season2/metin2_map_milgyo_a/000001/water.wtr	1
season2/season2/metin2_map_milgyo_a/000002/attr.atr	season2/metin2_map_milgyo_a/000002/attr.atr	1
season2/season2/metin2_map_milgyo_a/000002/water.wtr	season2/metin2_map_milgyo_a/000002/water.wtr	1
season2/season2/metin2_map_milgyo_a/000002/tile.raw	season2/metin2_map_milgyo_a/000002/tile.raw	1
season2/season2/metin2_map_n_flame_02/001001/areadata.txt	season2/metin2_map_n_flame_02/001001/areadata.txt	2
season2/season2/metin2_map_milgyo_a/000003/areadata.txt	season2/metin2_map_milgyo_a/000003/areadata.txt	2
season2/season2/metin2_map_n_desert_02/000004/areaproperty.txt	season2/metin2_map_n_desert_02/000004/areaproperty.txt	2
season2/season2/metin2_map_n_flame_02/001000/minimap.dds	season2/metin2_map_n_flame_02/001000/minimap.dds	1
season2/season2/metin2_map_skipia_dungeon_01/002004/areaproperty.txt	season2/metin2_map_skipia_dungeon_01/002004/areaproperty.txt	2
season2/season2/monster/ch_magician/torpedo.msf	season2/monster/ch_magician/torpedo.msf	1
season2/season2/metin2_map_skipia_dungeon_02/000001/water.wtr	season2/metin2_map_skipia_dungeon_02/000001/water.wtr	1
season2/season2/metin2_map_milgyo_a/000003/minimap.dds	season2/metin2_map_milgyo_a/000003/minimap.dds	1
season2/season2/metin2_map_n_desert_02/004002/attr.atr	season2/metin2_map_n_desert_02/004002/attr.atr	1
season2/season2/metin2_map_milgyo_a/000003/shadowmap.dds	season2/metin2_map_milgyo_a/000003/shadowmap.dds	1
season2/season2/metin2_map_milgyo_a/000003/tile.raw	season2/metin2_map_milgyo_a/000003/tile.raw	1
season2/season2/metin2_map_milgyo_a/001000/areaambiencedata.txt	season2/metin2_map_milgyo_a/001000/areaambiencedata.txt	2
season2/season2/metin2_map_n_desert_02/003000/water.wtr	season2/metin2_map_n_desert_02/003000/water.wtr	1
season2/season2/metin2_map_milgyo_a/001000/areaproperty.txt	season2/metin2_map_milgyo_a/001000/areaproperty.txt	2
season2/season2/metin2_map_milgyo_a/001000/minimap.dds	season2/metin2_map_milgyo_a/001000/minimap.dds	1
season2/season2/metin2_map_trent02_a/002001/areaambiencedata.txt	season2/metin2_map_trent02_a/002001/areaambiencedata.txt	2
season2/season2/metin2_map_n_flame_02/005000/areaambiencedata.txt	season2/metin2_map_n_flame_02/005000/areaambiencedata.txt	2
season2/season2/metin2_map_milgyo_a/001001/areaambiencedata.txt	season2/metin2_map_milgyo_a/001001/areaambiencedata.txt	2
season2/season2/metin2_map_milgyo_a/001001/attr.atr	season2/metin2_map_milgyo_a/001001/attr.atr	1
season2/season2/metin2_map_n_desert_02/setting.txt	season2/metin2_map_n_desert_02/setting.txt	2
season2/season2/metin2_map_milgyo_a/001001/minimap.dds	season2/metin2_map_milgyo_a/001001/minimap.dds	1
season2/season2/metin2_map_n_desert_02/000000/tile.raw	season2/metin2_map_n_desert_02/000000/tile.raw	1
season2/season2/monster/ch_general/skipia_general_standup.msa	season2/monster/ch_general/skipia_general_standup.msa	2
season2/season2/metin2_map_milgyo_a/001001/shadowmap.raw	season2/metin2_map_milgyo_a/001001/shadowmap.raw	1
season2/season2/metin2_map_milgyo_a/001001/tile.raw	season2/metin2_map_milgyo_a/001001/tile.raw	1
season2/season2/metin2_map_trent02_a/001000/water.wtr	season2/metin2_map_trent02_a/001000/water.wtr	1
season2/season2/metin2_map_milgyo_a/001002/areadata.txt	season2/metin2_map_milgyo_a/001002/areadata.txt	2
season2/season2/metin2_map_milgyo_a/001002/tile.raw	season2/metin2_map_milgyo_a/001002/tile.raw	1
season2/season2/metin2_map_milgyo_a/001002/water.wtr	season2/metin2_map_milgyo_a/001002/water.wtr	1
season2/season2/metin2_map_skipia_dungeon_01/002003/areaambiencedata.txt	season2/metin2_map_skipia_dungeon_01/002003/areaambiencedata.txt	2
season2/season2/monster/ch_water_dragon/02.msa	season2/monster/ch_water_dragon/02.msa	2
season2/season2/metin2_map_milgyo_a/001003/areaambiencedata.txt	season2/metin2_map_milgyo_a/001003/areaambiencedata.txt	2
season2/season2/metin2_map_milgyo_a/002000/areaproperty.txt	season2/metin2_map_milgyo_a/002000/areaproperty.txt	2
season2/season2/metin2_map_milgyo_a/002001/attr.atr	season2/metin2_map_milgyo_a/002001/attr.atr	1
season2/season2/metin2_map_milgyo_a/002001/minimap.dds	season2/metin2_map_milgyo_a/002001/minimap.dds	1
season2/season2/metin2_map_milgyo_a/002001/shadowmap.dds	season2/metin2_map_milgyo_a/002001/shadowmap.dds	1
season2/season2/metin2_map_milgyo_a/002001/water.wtr	season2/metin2_map_milgyo_a/002001/water.wtr	1
season2/season2/metin2_map_milgyo_a/002002/areaambiencedata.txt	season2/metin2_map_milgyo_a/002002/areaambiencedata.txt	2
season2/season2/metin2_map_skipia_dungeon_02/005004/areaproperty.txt	season2/metin2_map_skipia_dungeon_02/005004/areaproperty.txt	2
season2/season2/metin2_map_milgyo_a/002002/attr.atr	season2/metin2_map_milgyo_a/002002/attr.atr	1
season2/season2/metin2_map_n_flame_02/001002/water.wtr	season2/metin2_map_n_flame_02/001002/water.wtr	1
season2/season2/metin2_map_milgyo_a/002002/minimap.dds	season2/metin2_map_milgyo_a/002002/minimap.dds	1
season2/season2/metin2_map_n_desert_02/004000/shadowmap.dds	season2/metin2_map_n_desert_02/004000/shadowmap.dds	1
season2/season2/metin2_map_n_flame_02/002004/height.raw	season2/metin2_map_n_flame_02/002004/height.raw	1
season2/season2/metin2_map_milgyo_a/002002/shadowmap.dds	season2/metin2_map_milgyo_a/002002/shadowmap.dds	1
season2/season2/metin2_map_n_desert_02/001000/areadata.txt	season2/metin2_map_n_desert_02/001000/areadata.txt	2
season2/season2/metin2_map_n_desert_02/003005/shadowmap.dds	season2/metin2_map_n_desert_02/003005/shadowmap.dds	1
season2/season2/metin2_map_skipia_dungeon_01/002004/height.raw	season2/metin2_map_skipia_dungeon_01/002004/height.raw	1
season2/season2/metin2_map_milgyo_a/002002/shadowmap.raw	season2/metin2_map_milgyo_a/002002/shadowmap.raw	1
season2/season2/metin2_map_trent_a/000000/minimap.dds	season2/metin2_map_trent_a/000000/minimap.dds	1
season2/season2/metin2_map_skipia_dungeon_01/004001/height.raw	season2/metin2_map_skipia_dungeon_01/004001/height.raw	1
season2/season2/metin2_map_milgyo_a/002002/water.wtr	season2/metin2_map_milgyo_a/002002/water.wtr	1
season2/season2/metin2_map_n_desert_02/000001/areaproperty.txt	season2/metin2_map_n_desert_02/000001/areaproperty.txt	2
season2/season2/metin2_map_skipia_dungeon_01/000004/height.raw	season2/metin2_map_skipia_dungeon_01/000004/height.raw	1
season2/season2/metin2_map_skipia_dungeon_01/001005/areadata.txt	season2/metin2_map_skipia_dungeon_01/001005/areadata.txt	2
season2/season2/monster/ch_water_dragon/water_dragon_lod_01.gr2	season2/monster/ch_water_dragon/water_dragon_lod_01.gr2	0
season2/season2/monster/ch_general/skipia_general_attack1.msa	season2/monster/ch_general/skipia_general_attack1.msa	2
season2/season2/metin2_map_milgyo_a/002003/areadata.txt	season2/metin2_map_milgyo_a/002003/areadata.txt	2
season2/season2/metin2_map_n_desert_02/005003/height.raw	season2/metin2_map_n_desert_02/005003/height.raw	1
season2/season2/metin2_map_skipia_dungeon_02/001004/areaproperty.txt	season2/metin2_map_skipia_dungeon_02/001004/areaproperty.txt	2
season2/season2/metin2_map_milgyo_a/002003/attr.atr	season2/metin2_map_milgyo_a/002003/attr.atr	1
season2/season2/metin2_map_milgyo_a/002003/height.raw	season2/metin2_map_milgyo_a/002003/height.raw	1
season2/season2/metin2_map_milgyo_a/002003/shadowmap.dds	season2/metin2_map_milgyo_a/002003/shadowmap.dds	1
season2/season2/metin2_map_milgyo_a/002003/water.wtr	season2/metin2_map_milgyo_a/002003/water.wtr	1
season2/season2/metin2_map_milgyo_a/003000/water.wtr	season2/metin2_map_milgyo_a/003000/water.wtr	1
season2/season2/metin2_map_n_flame_02/005004/areadata.txt	season2/metin2_map_n_flame_02/005004/areadata.txt	2
season2/season2/metin2_map_milgyo_a/003001/areadata.txt	season2/metin2_map_milgyo_a/003001/areadata.txt	2
season2/season2/metin2_map_n_flame_02/001001/areaambiencedata.txt	season2/metin2_map_n_flame_02/001001/areaambiencedata.txt	2
season2/season2/metin2_map_milgyo_a/003001/minimap.dds	season2/metin2_map_milgyo_a/003001/minimap.dds	1
season2/season2/metin2_map_milgyo_a/003002/areaproperty.txt	season2/metin2_map_milgyo_a/003002/areaproperty.txt	2
season2/season2/metin2_map_milgyo_a/003002/attr.atr	season2/metin2_map_milgyo_a/003002/attr.atr	1
season2/season2/metin2_map_n_flame_02/002005/areaambiencedata.txt	season2/metin2_map_n_flame_02/002005/areaambiencedata.txt	2
season2/season2/metin2_map_milgyo_a/003002/minimap.dds	season2/metin2_map_milgyo_a/003002/minimap.dds	1
season2/season2/metin2_map_milgyo_a/003002/shadowmap.dds	season2/metin2_map_milgyo_a/003002/shadowmap.dds	1
season2/season2/metin2_map_milgyo_a/003003/areaambiencedata.txt	season2/metin2_map_milgyo_a/003003/areaambiencedata.txt	2
season2/season2/metin2_map_milgyo_a/003003/areadata.txt	season2/metin2_map_milgyo_a/003003/areadata.txt	2
season2/season2/metin2_map_skipia_dungeon_01/003002/water.wtr	season2/metin2_map_skipia_dungeon_01/003002/water.wtr	1
season2/season2/metin2_map_skipia_dungeon_01/005000/areaambiencedata.txt	season2/metin2_map_skipia_dungeon_01/005000/areaambiencedata.txt	2
season2/season2/metin2_map_milgyo_a/003003/attr.atr	season2/metin2_map_milgyo_a/003003/attr.atr	1
season2/season2/metin2_map_milgyo_a/003003/shadowmap.dds	season2/metin2_map_milgyo_a/003003/shadowmap.dds	1
season2/season2/metin2_map_skipia_dungeon_01/004000/shadowmap.raw	season2/metin2_map_skipia_dungeon_01/004000/shadowmap.raw	1
season2/season2/metin2_map_milgyo_a/003003/tile.raw	season2/metin2_map_milgyo_a/003003/tile.raw	1
season2/season2/metin2_map_milgyo_a/003003/water.wtr	season2/metin2_map_milgyo_a/003003/water.wtr	1
season2/season2/metin2_map_milgyo_a/setting.txt	season2/metin2_map_milgyo_a/setting.txt	2
season2/season2/metin2_map_n_desert_02/000000/areaambiencedata.txt	season2/metin2_map_n_desert_02/000000/areaambiencedata.txt	2
season2/season2/metin2_map_n_desert_02/002004/water.wtr	season2/metin2_map_n_desert_02/002004/water.wtr	1
season2/season2/metin2_map_n_desert_02/000000/areadata.txt	season2/metin2_map_n_desert_02/000000/areadata.txt	2
season2/season2/metin2_map_n_desert_02/000000/areaproperty.txt	season2/metin2_map_n_desert_02/000000/areaproperty.txt	2
season2/season2/metin2_map_skipia_dungeon_01/000005/shadowmap.dds	season2/metin2_map_skipia_dungeon_01/000005/shadowmap.dds	1
season2/season2/metin2_map_skipia_dungeon_01/002004/shadowmap.raw	season2/metin2_map_skipia_dungeon_01/002004/shadowmap.raw	1
season2/season2/metin2_map_skipia_dungeon_01/004004/minimap.dds	season2/metin2_map_skipia_dungeon_01/004004/minimap.dds	1
season2/season2/metin2_map_skipia_dungeon_01/001002/water.wtr	season2/metin2_map_skipia_dungeon_01/001002/water.wtr	1
season2/season2/metin2_map_n_desert_02/000000/shadowmap.dds	season2/metin2_map_n_desert_02/000000/shadowmap.dds	1
season2/season2/metin2_map_skipia_dungeon_01/001001/tile.raw	season2/metin2_map_skipia_dungeon_01/001001/tile.raw	1
season2/season2/metin2_map_n_desert_02/000000/shadowmap.raw	season2/metin2_map_n_desert_02/000000/shadowmap.raw	1
season2/season2/metin2_map_n_desert_02/005005/minimap.dds	season2/metin2_map_n_desert_02/005005/minimap.dds	1
season2/season2/metin2_map_n_desert_02/000000/water.wtr	season2/metin2_map_n_desert_02/000000/water.wtr	1
season2/season2/metin2_map_n_desert_02/000001/areaambiencedata.txt	season2/metin2_map_n_desert_02/000001/areaambiencedata.txt	2
season2/season2/metin2_map_n_desert_02/000001/areadata.txt	season2/metin2_map_n_desert_02/000001/areadata.txt	2
season2/season2/metin2_map_n_flame_02/002001/attr.atr	season2/metin2_map_n_flame_02/002001/attr.atr	1
season2/season2/metin2_map_n_desert_02/000001/attr.atr	season2/metin2_map_n_desert_02/000001/attr.atr	1
season2/season2/metin2_map_n_desert_02/000001/height.raw	season2/metin2_map_n_desert_02/000001/height.raw	1
season2/season2/monster/ch_general/skipia_general_knockdown.msa	season2/monster/ch_general/skipia_general_knockdown.msa	2
season2/season2/metin2_map_n_desert_02/000001/minimap.dds	season2/metin2_map_n_desert_02/000001/minimap.dds	1
season2/season2/metin2_map_skipia_dungeon_01/002001/water.wtr	season2/metin2_map_skipia_dungeon_01/002001/water.wtr	1
season2/season2/metin2_map_n_desert_02/000001/tile.raw	season2/metin2_map_n_desert_02/000001/tile.raw	1
season2/season2/metin2_map_n_desert_02/000001/water.wtr	season2/metin2_map_n_desert_02/000001/water.wtr	1
season2/season2/metin2_map_n_desert_02/001000/height.raw	season2/metin2_map_n_desert_02/001000/height.raw	1
season2/season2/metin2_map_n_desert_02/000002/areaambiencedata.txt	season2/metin2_map_n_desert_02/000002/areaambiencedata.txt	2
season2/season2/metin2_map_n_desert_02/002004/areadata.txt	season2/metin2_map_n_desert_02/002004/areadata.txt	2
season2/season2/metin2_map_n_desert_02/000002/height.raw	season2/metin2_map_n_desert_02/000002/height.raw	1
season2/season2/metin2_map_n_desert_02/000002/minimap.dds	season2/metin2_map_n_desert_02/000002/minimap.dds	1
season2/season2/metin2_map_skipia_dungeon_02/002002/areaproperty.txt	season2/metin2_map_skipia_dungeon_02/002002/areaproperty.txt	2
season2/season2/metin2_map_n_desert_02/004002/areadata.txt	season2/metin2_map_n_desert_02/004002/areadata.txt	2
season2/season2/metin2_map_n_desert_02/000003/areaambiencedata.txt	season2/metin2_map_n_desert_02/000003/areaambiencedata.txt	2
season2/season2/metin2_map_skipia_dungeon_01/002003/tile.raw	season2/metin2_map_skipia_dungeon_01/002003/tile.raw	1
season2/season2/metin2_map_n_desert_02/000003/attr.atr	season2/metin2_map_n_desert_02/000003/attr.atr	1
season2/season2/metin2_map_n_desert_02/000003/height.raw	season2/metin2_map_n_desert_02/000003/height.raw	1
season2/season2/metin2_map_skipia_dungeon_02/000005/areaproperty.txt	season2/metin2_map_skipia_dungeon_02/000005/areaproperty.txt	2
season2/season2/metin2_map_n_flame_02/003004/tile.raw	season2/metin2_map_n_flame_02/003004/tile.raw	1
season2/season2/metin2_map_skipia_dungeon_01/000003/areaambiencedata.txt	season2/metin2_map_skipia_dungeon_01/000003/areaambiencedata.txt	2
season2/season2/metin2_map_n_desert_02/000003/shadowmap.dds	season2/metin2_map_n_desert_02/000003/shadowmap.dds	1
season2/season2/metin2_map_n_desert_02/000003/tile.raw	season2/metin2_map_n_desert_02/000003/tile.raw	1
season2/season2/metin2_map_n_desert_02/000003/water.wtr	season2/metin2_map_n_desert_02/000003/water.wtr	1
season2/season2/metin2_map_n_desert_02/002005/minimap.dds	season2/metin2_map_n_desert_02/002005/minimap.dds	1
season2/season2/metin2_map_n_desert_02/000004/attr.atr	season2/metin2_map_n_desert_02/000004/attr.atr	1
season2/season2/metin2_map_skipia_dungeon_02/002002/areaambiencedata.txt	season2/metin2_map_skipia_dungeon_02/002002/areaambiencedata.txt	2
season2/season2/metin2_map_n_desert_02/000004/minimap.dds	season2/metin2_map_n_desert_02/000004/minimap.dds	1
season2/season2/metin2_map_n_desert_02/000004/shadowmap.raw	season2/metin2_map_n_desert_02/000004/shadowmap.raw	1
season2/season2/metin2_map_skipia_dungeon_02/004004/water.wtr	season2/metin2_map_skipia_dungeon_02/004004/water.wtr	1
season2/season2/metin2_map_n_desert_02/000005/areadata.txt	season2/metin2_map_n_desert_02/000005/areadata.txt	2
season2/season2/metin2_map_trent_a/001001/shadowmap.dds	season2/metin2_map_trent_a/001001/shadowmap.dds	1
season2/season2/metin2_map_skipia_dungeon_01/000002/attr.atr	season2/metin2_map_skipia_dungeon_01/000002/attr.atr	1
season2/season2/metin2_map_n_desert_02/000005/areaproperty.txt	season2/metin2_map_n_desert_02/000005/areaproperty.txt	2
season2/season2/metin2_map_skipia_dungeon_01/000001/height.raw	season2/metin2_map_skipia_dungeon_01/000001/height.raw	1
season2/season2/metin2_map_n_flame_02/002005/height.raw	season2/metin2_map_n_flame_02/002005/height.raw	1
season2/season2/metin2_map_n_desert_02/000005/attr.atr	season2/metin2_map_n_desert_02/000005/attr.atr	1
season2/season2/metin2_map_n_flame_02/000004/shadowmap.raw	season2/metin2_map_n_flame_02/000004/shadowmap.raw	1
season2/season2/metin2_map_n_flame_02/001005/areaambiencedata.txt	season2/metin2_map_n_flame_02/001005/areaambiencedata.txt	2
season2/season2/metin2_map_n_desert_02/000005/height.raw	season2/metin2_map_n_desert_02/000005/height.raw	1
season2/season2/metin2_map_n_desert_02/004004/areadata.txt	season2/metin2_map_n_desert_02/004004/areadata.txt	2
season2/season2/metin2_map_trent02_a/001001/minimap.dds	season2/metin2_map_trent02_a/001001/minimap.dds	1
season2/season2/metin2_map_skipia_dungeon_02/000003/shadowmap.dds	season2/metin2_map_skipia_dungeon_02/000003/shadowmap.dds	1
season2/season2/metin2_map_n_desert_02/000005/water.wtr	season2/metin2_map_n_desert_02/000005/water.wtr	1
season2/season2/metin2_map_n_desert_02/001000/areaproperty.txt	season2/metin2_map_n_desert_02/001000/areaproperty.txt	2
season2/season2/monster/ch_magician/0003.tga	season2/monster/ch_magician/0003.tga	1
season2/season2/metin2_map_n_desert_02/001000/attr.atr	season2/metin2_map_n_desert_02/001000/attr.atr	1
season2/season2/npc/jinno_warpgate/shape.msm~	season2/npc/jinno_warpgate/shape.msm~	0
season2/season2/metin2_map_n_desert_02/001000/minimap.dds	season2/metin2_map_n_desert_02/001000/minimap.dds	1
season2/season2/metin2_map_n_desert_02/001000/shadowmap.dds	season2/metin2_map_n_desert_02/001000/shadowmap.dds	1
season2/season2/metin2_map_skipia_dungeon_01/005002/water.wtr	season2/metin2_map_skipia_dungeon_01/005002/water.wtr	1
season2/season2/metin2_map_n_desert_02/005005/attr.atr	season2/metin2_map_n_desert_02/005005/attr.atr	1
season2/season2/metin2_map_n_desert_02/001000/tile.raw	season2/metin2_map_n_desert_02/001000/tile.raw	1
season2/season2/metin2_map_n_desert_02/001000/water.wtr	season2/metin2_map_n_desert_02/001000/water.wtr	1
season2/season2/metin2_map_n_desert_02/001001/areaambiencedata.txt	season2/metin2_map_n_desert_02/001001/areaambiencedata.txt	2
season2/season2/metin2_map_skipia_dungeon_02/003000/tile.raw	season2/metin2_map_skipia_dungeon_02/003000/tile.raw	1
season2/season2/metin2_map_n_desert_02/001001/areaproperty.txt	season2/metin2_map_n_desert_02/001001/areaproperty.txt	2
season2/season2/metin2_map_skipia_dungeon_02/002001/shadowmap.dds	season2/metin2_map_skipia_dungeon_02/002001/shadowmap.dds	1
season2/season2/metin2_map_n_flame_02/004005/areadata.txt	season2/metin2_map_n_flame_02/004005/areadata.txt	2
season2/season2/metin2_map_n_desert_02/001001/height.raw	season2/metin2_map_n_desert_02/001001/height.raw	1
season2/season2/metin2_map_n_desert_02/001001/minimap.dds	season2/metin2_map_n_desert_02/001001/minimap.dds	1
season2/season2/metin2_map_skipia_dungeon_02/002003/tile.raw	season2/metin2_map_skipia_dungeon_02/002003/tile.raw	1
season2/season2/metin2_map_n_desert_02/001001/shadowmap.dds	season2/metin2_map_n_desert_02/001001/shadowmap.dds	1
season2/season2/metin2_map_n_desert_02/005004/areaambiencedata.txt	season2/metin2_map_n_desert_02/005004/areaambiencedata.txt	2
season2/season2/monster/ch_general/skipia_general_attack.msa	season2/monster/ch_general/skipia_general_attack.msa	2
season2/season2/metin2_map_n_desert_02/001001/tile.raw	season2/metin2_map_n_desert_02/001001/tile.raw	1
season2/season2/metin2_map_n_desert_02/001001/water.wtr	season2/metin2_map_n_desert_02/001001/water.wtr	1
season2/season2/metin2_map_n_desert_02/001002/areaproperty.txt	season2/metin2_map_n_desert_02/001002/areaproperty.txt	2
season2/season2/metin2_map_n_desert_02/001002/height.raw	season2/metin2_map_n_desert_02/001002/height.raw	1
season2/season2/metin2_map_n_flame_02/002003/water.wtr	season2/metin2_map_n_flame_02/002003/water.wtr	1
season2/season2/metin2_map_n_desert_02/001002/minimap.dds	season2/metin2_map_n_desert_02/001002/minimap.dds	1
season2/season2/metin2_map_n_desert_02/mapproperty.txt	season2/metin2_map_n_desert_02/mapproperty.txt	2
season2/season2/metin2_map_n_desert_02/001002/water.wtr	season2/metin2_map_n_desert_02/001002/water.wtr	1
season2/season2/metin2_map_n_desert_02/001003/areadata.txt	season2/metin2_map_n_desert_02/001003/areadata.txt	2
season2/season2/metin2_map_n_desert_02/001003/areaproperty.txt	season2/metin2_map_n_desert_02/001003/areaproperty.txt	2
season2/season2/metin2_map_n_desert_02/001003/attr.atr	season2/metin2_map_n_desert_02/001003/attr.atr	1
season2/season2/metin2_map_n_desert_02/001003/minimap.dds	season2/metin2_map_n_desert_02/001003/minimap.dds	1
season2/season2/metin2_map_n_desert_02/001003/shadowmap.dds	season2/metin2_map_n_desert_02/001003/shadowmap.dds	1
season2/season2/metin2_map_n_desert_02/001003/tile.raw	season2/metin2_map_n_desert_02/001003/tile.raw	1
season2/season2/metin2_map_n_desert_02/001003/water.wtr	season2/metin2_map_n_desert_02/001003/water.wtr	1
season2/season2/metin2_map_n_desert_02/001004/areaambiencedata.txt	season2/metin2_map_n_desert_02/001004/areaambiencedata.txt	2
season2/season2/metin2_map_n_desert_02/001004/areadata.txt	season2/metin2_map_n_desert_02/001004/areadata.txt	2
season2/season2/metin2_map_n_desert_02/001004/areaproperty.txt	season2/metin2_map_n_desert_02/001004/areaproperty.txt	2
season2/season2/metin2_map_skipia_dungeon_02/003004/shadowmap.raw	season2/metin2_map_skipia_dungeon_02/003004/shadowmap.raw	1
season2/season2/metin2_map_skipia_dungeon_01/000001/areadata.txt	season2/metin2_map_skipia_dungeon_01/000001/areadata.txt	2
season2/season2/metin2_map_n_desert_02/001004/attr.atr	season2/metin2_map_n_desert_02/001004/attr.atr	1
season2/season2/metin2_map_n_desert_02/002004/shadowmap.dds	season2/metin2_map_n_desert_02/002004/shadowmap.dds	1
season2/season2/metin2_map_n_desert_02/001004/minimap.dds	season2/metin2_map_n_desert_02/001004/minimap.dds	1
season2/season2/metin2_map_n_desert_02/001004/shadowmap.dds	season2/metin2_map_n_desert_02/001004/shadowmap.dds	1
season2/season2/metin2_map_n_flame_02/000001/water.wtr	season2/metin2_map_n_flame_02/000001/water.wtr	1
season2/season2/metin2_map_skipia_dungeon_02/000002/water.wtr	season2/metin2_map_skipia_dungeon_02/000002/water.wtr	1
season2/season2/metin2_map_n_desert_02/001004/shadowmap.raw	season2/metin2_map_n_desert_02/001004/shadowmap.raw	1
season2/season2/metin2_map_n_desert_02/001005/areaambiencedata.txt	season2/metin2_map_n_desert_02/001005/areaambiencedata.txt	2
season2/season2/metin2_map_n_flame_02/004003/areaambiencedata.txt	season2/metin2_map_n_flame_02/004003/areaambiencedata.txt	2
season2/season2/metin2_map_skipia_dungeon_02/005000/shadowmap.raw	season2/metin2_map_skipia_dungeon_02/005000/shadowmap.raw	1
season2/season2/metin2_map_n_flame_02/000003/minimap.dds	season2/metin2_map_n_flame_02/000003/minimap.dds	1
season2/season2/metin2_map_n_desert_02/001005/areaproperty.txt	season2/metin2_map_n_desert_02/001005/areaproperty.txt	2
season2/season2/metin2_map_skipia_dungeon_01/001004/areaproperty.txt	season2/metin2_map_skipia_dungeon_01/001004/areaproperty.txt	2
season2/season2/metin2_map_n_desert_02/001005/attr.atr	season2/metin2_map_n_desert_02/001005/attr.atr	1
season2/season2/metin2_map_n_desert_02/001005/height.raw	season2/metin2_map_n_desert_02/001005/height.raw	1
season2/season2/metin2_map_n_flame_02/000004/water.wtr	season2/metin2_map_n_flame_02/000004/water.wtr	1
season2/season2/metin2_map_skipia_dungeon_01/005001/areadata.txt	season2/metin2_map_skipia_dungeon_01/005001/areadata.txt	2
season2/season2/metin2_map_n_desert_02/001005/minimap.dds	season2/metin2_map_n_desert_02/001005/minimap.dds	1
season2/season2/monster/ch_officer/skipia_officer_damage.msa	season2/monster/ch_officer/skipia_officer_damage.msa	2
season2/season2/metin2_map_trent02_a/000002/water.wtr	season2/metin2_map_trent02_a/000002/water.wtr	1
season2/season2/metin2_map_n_desert_02/002004/shadowmap.raw	season2/metin2_map_n_desert_02/002004/shadowmap.raw	1
season2/season2/metin2_map_n_desert_02/001005/shadowmap.raw	season2/metin2_map_n_desert_02/001005/shadowmap.raw	1
season2/season2/metin2_map_n_desert_02/002000/areaproperty.txt	season2/metin2_map_n_desert_02/002000/areaproperty.txt	2
season2/season2/metin2_map_n_desert_02/003003/shadowmap.raw	season2/metin2_map_n_desert_02/003003/shadowmap.raw	1
season2/season2/monster/ch_footman/skipia_footman_dead.msa	season2/monster/ch_footman/skipia_footman_dead.msa	2
season2/season2/metin2_map_n_desert_02/002000/attr.atr	season2/metin2_map_n_desert_02/002000/attr.atr	1
season2/season2/metin2_map_n_flame_02/003002/tile.raw	season2/metin2_map_n_flame_02/003002/tile.raw	1
season2/season2/metin2_map_n_desert_02/002000/tile.raw	season2/metin2_map_n_desert_02/002000/tile.raw	1
season2/season2/metin2_map_trent02_a/002001/height.raw	season2/metin2_map_trent02_a/002001/height.raw	1
season2/season2/metin2_map_n_desert_02/002001/areaambiencedata.txt	season2/metin2_map_n_desert_02/002001/areaambiencedata.txt	2
season2/season2/metin2_map_skipia_dungeon_01/002000/areadata.txt	season2/metin2_map_skipia_dungeon_01/002000/areadata.txt	2
season2/season2/metin2_map_n_desert_02/002001/areadata.txt	season2/metin2_map_n_desert_02/002001/areadata.txt	2
season2/season2/metin2_map_skipia_dungeon_01/000005/tile.raw	season2/metin2_map_skipia_dungeon_01/000005/tile.raw	1
season2/season2/metin2_map_n_desert_02/002001/attr.atr	season2/metin2_map_n_desert_02/002001/attr.atr	1
season2/season2/metin2_map_n_desert_02/002001/minimap.dds	season2/metin2_map_n_desert_02/002001/minimap.dds	1
season2/season2/metin2_map_n_desert_02/002001/shadowmap.raw	season2/metin2_map_n_desert_02/002001/shadowmap.raw	1
season2/season2/metin2_map_n_desert_02/002001/water.wtr	season2/metin2_map_n_desert_02/002001/water.wtr	1
season2/season2/metin2_map_n_desert_02/002002/areaambiencedata.txt	season2/metin2_map_n_desert_02/002002/areaambiencedata.txt	2
season2/season2/metin2_map_n_desert_02/002002/attr.atr	season2/metin2_map_n_desert_02/002002/attr.atr	1
season2/season2/metin2_map_n_desert_02/002002/height.raw	season2/metin2_map_n_desert_02/002002/height.raw	1
season2/season2/metin2_map_n_desert_02/002002/shadowmap.dds	season2/metin2_map_n_desert_02/002002/shadowmap.dds	1
season2/season2/metin2_map_skipia_dungeon_02/000002/shadowmap.raw	season2/metin2_map_skipia_dungeon_02/000002/shadowmap.raw	1
season2/season2/metin2_map_n_desert_02/002002/shadowmap.raw	season2/metin2_map_n_desert_02/002002/shadowmap.raw	1
season2/season2/metin2_map_skipia_dungeon_01/001004/minimap.dds	season2/metin2_map_skipia_dungeon_01/001004/minimap.dds	1
season2/season2/metin2_map_n_desert_02/002002/tile.raw	season2/metin2_map_n_desert_02/002002/tile.raw	1
season2/season2/monster/ch_magician/skipia_magician01.dds	season2/monster/ch_magician/skipia_magician01.dds	1
season2/season2/metin2_map_n_desert_02/002002/water.wtr	season2/metin2_map_n_desert_02/002002/water.wtr	1
season2/season2/metin2_map_n_desert_02/002003/areaambiencedata.txt	season2/metin2_map_n_desert_02/002003/areaambiencedata.txt	2
season2/season2/metin2_map_skipia_dungeon_02/003000/minimap.dds	season2/metin2_map_skipia_dungeon_02/003000/minimap.dds	1
season2/season2/metin2_map_skipia_dungeon_01/005004/shadowmap.raw	season2/metin2_map_skipia_dungeon_01/005004/shadowmap.raw	1
season2/season2/metin2_map_n_desert_02/002003/areadata.txt	season2/metin2_map_n_desert_02/002003/areadata.txt	2
season2/season2/metin2_map_n_desert_02/002003/attr.atr	season2/metin2_map_n_desert_02/002003/attr.atr	1
season2/season2/metin2_map_n_desert_02/003005/shadowmap.raw	season2/metin2_map_n_desert_02/003005/shadowmap.raw	1
season2/season2/metin2_map_n_desert_02/002003/height.raw	season2/metin2_map_n_desert_02/002003/height.raw	1
season2/season2/metin2_map_n_desert_02/002003/minimap.dds	season2/metin2_map_n_desert_02/002003/minimap.dds	1
season2/season2/metin2_map_n_desert_02/002004/attr.atr	season2/metin2_map_n_desert_02/002004/attr.atr	1
season2/season2/metin2_map_n_desert_02/002005/areadata.txt	season2/metin2_map_n_desert_02/002005/areadata.txt	2
season2/season2/metin2_map_n_desert_02/002005/attr.atr	season2/metin2_map_n_desert_02/002005/attr.atr	1
season2/season2/metin2_map_n_desert_02/002005/shadowmap.dds	season2/metin2_map_n_desert_02/002005/shadowmap.dds	1
season2/season2/metin2_map_trent02_a/002001/attr.atr	season2/metin2_map_trent02_a/002001/attr.atr	1
season2/season2/metin2_map_n_desert_02/002005/shadowmap.raw	season2/metin2_map_n_desert_02/002005/shadowmap.raw	1
season2/season2/metin2_map_n_flame_02/004005/areaambiencedata.txt	season2/metin2_map_n_flame_02/004005/areaambiencedata.txt	2
season2/season2/metin2_map_n_desert_02/004004/minimap.dds	season2/metin2_map_n_desert_02/004004/minimap.dds	1
season2/season2/metin2_map_n_desert_02/003000/areadata.txt	season2/metin2_map_n_desert_02/003000/areadata.txt	2
season2/season2/metin2_map_n_desert_02/003005/height.raw	season2/metin2_map_n_desert_02/003005/height.raw	1
season2/season2/metin2_map_n_flame_02/004005/attr.atr	season2/metin2_map_n_flame_02/004005/attr.atr	1
season2/season2/metin2_map_n_desert_02/003000/attr.atr	season2/metin2_map_n_desert_02/003000/attr.atr	1
season2/season2/metin2_map_n_desert_02/005004/shadowmap.raw	season2/metin2_map_n_desert_02/005004/shadowmap.raw	1
season2/season2/monster/ch_footman/skipia_footman_front_damage.msa	season2/monster/ch_footman/skipia_footman_front_damage.msa	2
season2/season2/metin2_map_n_desert_02/003000/minimap.dds	season2/metin2_map_n_desert_02/003000/minimap.dds	1
season2/season2/metin2_map_n_desert_02/003000/shadowmap.raw	season2/metin2_map_n_desert_02/003000/shadowmap.raw	1
season2/season2/metin2_map_n_desert_02/003001/areadata.txt	season2/metin2_map_n_desert_02/003001/areadata.txt	2
season2/season2/metin2_map_n_desert_02/003001/attr.atr	season2/metin2_map_n_desert_02/003001/attr.atr	1
season2/season2/metin2_map_n_desert_02/003001/minimap.dds	season2/metin2_map_n_desert_02/003001/minimap.dds	1
season2/season2/metin2_map_n_desert_02/003001/water.wtr	season2/metin2_map_n_desert_02/003001/water.wtr	1
season2/season2/metin2_map_skipia_dungeon_02/001000/attr.atr	season2/metin2_map_skipia_dungeon_02/001000/attr.atr	1
season2/season2/metin2_map_n_desert_02/003002/areadata.txt	season2/metin2_map_n_desert_02/003002/areadata.txt	2
season2/season2/metin2_map_n_desert_02/003002/areaproperty.txt	season2/metin2_map_n_desert_02/003002/areaproperty.txt	2
season2/season2/metin2_map_n_desert_02/003002/height.raw	season2/metin2_map_n_desert_02/003002/height.raw	1
season2/season2/metin2_map_n_desert_02/003002/tile.raw	season2/metin2_map_n_desert_02/003002/tile.raw	1
season2/season2/metin2_map_n_flame_02/003002/areaproperty.txt	season2/metin2_map_n_flame_02/003002/areaproperty.txt	2
season2/season2/metin2_map_n_desert_02/003003/areaambiencedata.txt	season2/metin2_map_n_desert_02/003003/areaambiencedata.txt	2
season2/season2/metin2_map_n_desert_02/003003/areaproperty.txt	season2/metin2_map_n_desert_02/003003/areaproperty.txt	2
season2/season2/metin2_map_n_desert_02/003003/minimap.dds	season2/metin2_map_n_desert_02/003003/minimap.dds	1
season2/season2/metin2_map_n_flame_02/005005/attr.atr	season2/metin2_map_n_flame_02/005005/attr.atr	1
season2/season2/metin2_map_n_desert_02/003003/tile.raw	season2/metin2_map_n_desert_02/003003/tile.raw	1
season2/season2/metin2_map_skipia_dungeon_01/004002/attr.atr	season2/metin2_map_skipia_dungeon_01/004002/attr.atr	1
season2/season2/metin2_map_n_desert_02/003003/water.wtr	season2/metin2_map_n_desert_02/003003/water.wtr	1
season2/season2/metin2_map_n_desert_02/005000/minimap.dds	season2/metin2_map_n_desert_02/005000/minimap.dds	1
season2/season2/metin2_map_n_desert_02/003004/areadata.txt	season2/metin2_map_n_desert_02/003004/areadata.txt	2
season2/season2/metin2_map_n_desert_02/003004/attr.atr	season2/metin2_map_n_desert_02/003004/attr.atr	1
season2/season2/metin2_map_n_flame_02/001000/height.raw	season2/metin2_map_n_flame_02/001000/height.raw	1
season2/season2/metin2_map_n_desert_02/003004/height.raw	season2/metin2_map_n_desert_02/003004/height.raw	1
season2/season2/metin2_map_n_desert_02/003004/shadowmap.dds	season2/metin2_map_n_desert_02/003004/shadowmap.dds	1
season2/season2/metin2_map_n_flame_02/001001/water.wtr	season2/metin2_map_n_flame_02/001001/water.wtr	1
season2/season2/metin2_map_skipia_dungeon_01/000005/areadata.txt	season2/metin2_map_skipia_dungeon_01/000005/areadata.txt	2
season2/season2/metin2_map_n_desert_02/003004/shadowmap.raw	season2/metin2_map_n_desert_02/003004/shadowmap.raw	1
season2/season2/metin2_map_n_desert_02/003004/water.wtr	season2/metin2_map_n_desert_02/003004/water.wtr	1
season2/season2/metin2_map_skipia_dungeon_01/002001/areaambiencedata.txt	season2/metin2_map_skipia_dungeon_01/002001/areaambiencedata.txt	2
season2/season2/metin2_map_skipia_dungeon_01/005005/areadata.txt	season2/metin2_map_skipia_dungeon_01/005005/areadata.txt	2
season2/season2/metin2_map_n_desert_02/003005/areadata.txt	season2/metin2_map_n_desert_02/003005/areadata.txt	2
season2/season2/metin2_map_n_desert_02/003005/attr.atr	season2/metin2_map_n_desert_02/003005/attr.atr	1
season2/season2/metin2_map_n_desert_02/003005/tile.raw	season2/metin2_map_n_desert_02/003005/tile.raw	1
season2/season2/metin2_map_n_desert_02/003005/water.wtr	season2/metin2_map_n_desert_02/003005/water.wtr	1
season2/season2/metin2_map_n_desert_02/004000/areadata.txt	season2/metin2_map_n_desert_02/004000/areadata.txt	2
season2/season2/metin2_map_n_flame_02/001002/minimap.dds	season2/metin2_map_n_flame_02/001002/minimap.dds	1
season2/season2/metin2_map_skipia_dungeon_02/001004/areadata.txt	season2/metin2_map_skipia_dungeon_02/001004/areadata.txt	2
season2/season2/metin2_map_n_desert_02/004000/height.raw	season2/metin2_map_n_desert_02/004000/height.raw	1
season2/season2/metin2_map_n_desert_02/004000/shadowmap.raw	season2/metin2_map_n_desert_02/004000/shadowmap.raw	1
season2/season2/metin2_map_n_desert_02/004000/water.wtr	season2/metin2_map_n_desert_02/004000/water.wtr	1
season2/season2/metin2_map_skipia_dungeon_01/000004/shadowmap.raw	season2/metin2_map_skipia_dungeon_01/000004/shadowmap.raw	1
season2/season2/metin2_map_n_flame_02/002001/shadowmap.dds	season2/metin2_map_n_flame_02/002001/shadowmap.dds	1
season2/season2/metin2_map_n_desert_02/004001/areaambiencedata.txt	season2/metin2_map_n_desert_02/004001/areaambiencedata.txt	2
season2/season2/metin2_map_trent02_a/002002/shadowmap.raw	season2/metin2_map_trent02_a/002002/shadowmap.raw	1
season2/season2/metin2_map_skipia_dungeon_01/000005/height.raw	season2/metin2_map_skipia_dungeon_01/000005/height.raw	1
season2/season2/metin2_map_trent02_a/000001/shadowmap.dds	season2/metin2_map_trent02_a/000001/shadowmap.dds	1
season2/season2/metin2_map_n_desert_02/004001/areadata.txt	season2/metin2_map_n_desert_02/004001/areadata.txt	2
season2/season2/metin2_map_skipia_dungeon_02/005001/areadata.txt	season2/metin2_map_skipia_dungeon_02/005001/areadata.txt	2
season2/season2/metin2_map_n_desert_02/004001/areaproperty.txt	season2/metin2_map_n_desert_02/004001/areaproperty.txt	2
season2/season2/metin2_map_n_flame_02/atlas.sub	season2/metin2_map_n_flame_02/atlas.sub	0
season2/season2/metin2_map_n_desert_02/004001/attr.atr	season2/metin2_map_n_desert_02/004001/attr.atr	1
season2/season2/monster/ch_officer/skipia_officer_dead.gr2	season2/monster/ch_officer/skipia_officer_dead.gr2	0
season2/season2/metin2_map_n_desert_02/004001/minimap.dds	season2/metin2_map_n_desert_02/004001/minimap.dds	1
season2/season2/metin2_map_n_flame_02/000000/height.raw	season2/metin2_map_n_flame_02/000000/height.raw	1
season2/season2/metin2_map_skipia_dungeon_01/002003/areaproperty.txt	season2/metin2_map_skipia_dungeon_01/002003/areaproperty.txt	2
season2/season2/metin2_map_n_desert_02/004001/shadowmap.dds	season2/metin2_map_n_desert_02/004001/shadowmap.dds	1
season2/season2/metin2_map_n_desert_02/004001/shadowmap.raw	season2/metin2_map_n_desert_02/004001/shadowmap.raw	1
season2/season2/metin2_map_n_desert_02/004001/water.wtr	season2/metin2_map_n_desert_02/004001/water.wtr	1
season2/season2/metin2_map_n_flame_02/003000/tile.raw	season2/metin2_map_n_flame_02/003000/tile.raw	1
season2/season2/metin2_map_n_desert_02/004002/areaambiencedata.txt	season2/metin2_map_n_desert_02/004002/areaambiencedata.txt	2
season2/season2/metin2_map_n_desert_02/004002/areaproperty.txt	season2/metin2_map_n_desert_02/004002/areaproperty.txt	2
season2/season2/metin2_map_n_desert_02/004002/minimap.dds	season2/metin2_map_n_desert_02/004002/minimap.dds	1
season2/season2/metin2_map_n_desert_02/004002/shadowmap.dds	season2/metin2_map_n_desert_02/004002/shadowmap.dds	1
season2/season2/metin2_map_n_desert_02/004002/tile.raw	season2/metin2_map_n_desert_02/004002/tile.raw	1
season2/season2/metin2_map_skipia_dungeon_01/002002/height.raw	season2/metin2_map_skipia_dungeon_01/002002/height.raw	1
season2/season2/metin2_map_n_desert_02/004003/areaambiencedata.txt	season2/metin2_map_n_desert_02/004003/areaambiencedata.txt	2
season2/season2/metin2_map_n_desert_02/004003/areaproperty.txt	season2/metin2_map_n_desert_02/004003/areaproperty.txt	2
season2/season2/metin2_map_skipia_dungeon_01/000005/minimap.dds	season2/metin2_map_skipia_dungeon_01/000005/minimap.dds	1
season2/season2/metin2_map_n_flame_02/001000/shadowmap.dds	season2/metin2_map_n_flame_02/001000/shadowmap.dds	1
season2/season2/npc/sinsu_warpgate/shape.msm	season2/npc/sinsu_warpgate/shape.msm	2
season2/season2/metin2_map_n_desert_02/004003/attr.atr	season2/metin2_map_n_desert_02/004003/attr.atr	1
season2/season2/metin2_map_n_desert_02/004003/height.raw	season2/metin2_map_n_desert_02/004003/height.raw	1
season2/season2/metin2_map_n_desert_02/004003/shadowmap.raw	season2/metin2_map_n_desert_02/004003/shadowmap.raw	1
season2/season2/metin2_map_skipia_dungeon_02/002000/minimap.dds	season2/metin2_map_skipia_dungeon_02/002000/minimap.dds	1
season2/season2/metin2_map_skipia_dungeon_01/005002/areaproperty.txt	season2/metin2_map_skipia_dungeon_01/005002/areaproperty.txt	2
season2/season2/metin2_map_n_flame_02/002005/shadowmap.raw	season2/metin2_map_n_flame_02/002005/shadowmap.raw	1
season2/season2/metin2_map_n_desert_02/004003/water.wtr	season2/metin2_map_n_desert_02/004003/water.wtr	1
season2/season2/metin2_map_n_desert_02/004004/areaambiencedata.txt	season2/metin2_map_n_desert_02/004004/areaambiencedata.txt	2
season2/season2/metin2_map_skipia_dungeon_01/002001/shadowmap.dds	season2/metin2_map_skipia_dungeon_01/002001/shadowmap.dds	1
season2/season2/metin2_map_n_desert_02/004004/height.raw	season2/metin2_map_n_desert_02/004004/height.raw	1
season2/season2/metin2_map_n_flame_02/004003/shadowmap.dds	season2/metin2_map_n_flame_02/004003/shadowmap.dds	1
season2/season2/metin2_map_skipia_dungeon_02/003000/areaambiencedata.txt	season2/metin2_map_skipia_dungeon_02/003000/areaambiencedata.txt	2
season2/season2/metin2_map_n_desert_02/004004/shadowmap.dds	season2/metin2_map_n_desert_02/004004/shadowmap.dds	1
season2/season2/metin2_map_n_desert_02/004004/shadowmap.raw	season2/metin2_map_n_desert_02/004004/shadowmap.raw	1
season2/season2/metin2_map_n_desert_02/004004/tile.raw	season2/metin2_map_n_desert_02/004004/tile.raw	1
season2/season2/monster/ch_bowman/skipia_bowman_wait.msa	season2/monster/ch_bowman/skipia_bowman_wait.msa	2
season2/season2/metin2_map_n_desert_02/004005/areaambiencedata.txt	season2/metin2_map_n_desert_02/004005/areaambiencedata.txt	2
season2/season2/metin2_map_n_desert_02/004005/attr.atr	season2/metin2_map_n_desert_02/004005/attr.atr	1
season2/season2/metin2_map_n_flame_02/003000/attr.atr	season2/metin2_map_n_flame_02/003000/attr.atr	1
season2/season2/metin2_map_n_flame_02/001002/shadowmap.dds	season2/metin2_map_n_flame_02/001002/shadowmap.dds	1
season2/season2/monster/ch_water_dragon/20_5.gr2	season2/monster/ch_water_dragon/20_5.gr2	0
season2/season2/metin2_map_n_desert_02/004005/height.raw	season2/metin2_map_n_desert_02/004005/height.raw	1
season2/season2/metin2_map_n_desert_02/004005/minimap.dds	season2/metin2_map_n_desert_02/004005/minimap.dds	1
season2/season2/metin2_map_n_desert_02/004005/tile.raw	season2/metin2_map_n_desert_02/004005/tile.raw	1
season2/season2/metin2_map_n_desert_02/004005/water.wtr	season2/metin2_map_n_desert_02/004005/water.wtr	1
season2/season2/metin2_map_n_desert_02/005000/areadata.txt	season2/metin2_map_n_desert_02/005000/areadata.txt	2
season2/season2/metin2_map_n_desert_02/005000/attr.atr	season2/metin2_map_n_desert_02/005000/attr.atr	1
season2/season2/metin2_map_n_desert_02/005000/height.raw	season2/metin2_map_n_desert_02/005000/height.raw	1
season2/season2/metin2_map_n_desert_02/005000/shadowmap.dds	season2/metin2_map_n_desert_02/005000/shadowmap.dds	1
season2/season2/metin2_map_n_desert_02/005000/shadowmap.raw	season2/metin2_map_n_desert_02/005000/shadowmap.raw	1
season2/season2/metin2_map_skipia_dungeon_02/004000/tile.raw	season2/metin2_map_skipia_dungeon_02/004000/tile.raw	1
season2/season2/metin2_map_n_desert_02/005001/areadata.txt	season2/metin2_map_n_desert_02/005001/areadata.txt	2
season2/season2/metin2_map_n_desert_02/005005/water.wtr	season2/metin2_map_n_desert_02/005005/water.wtr	1
season2/season2/metin2_map_n_desert_02/005001/areaproperty.txt	season2/metin2_map_n_desert_02/005001/areaproperty.txt	2
season2/season2/metin2_map_skipia_dungeon_02/005004/shadowmap.dds	season2/metin2_map_skipia_dungeon_02/005004/shadowmap.dds	1
season2/season2/metin2_map_n_desert_02/005001/attr.atr	season2/metin2_map_n_desert_02/005001/attr.atr	1
season2/season2/metin2_map_n_desert_02/005001/height.raw	season2/metin2_map_n_desert_02/005001/height.raw	1
season2/season2/metin2_map_n_desert_02/005001/shadowmap.dds	season2/metin2_map_n_desert_02/005001/shadowmap.dds	1
season2/season2/metin2_map_skipia_dungeon_02/003004/areaproperty.txt	season2/metin2_map_skipia_dungeon_02/003004/areaproperty.txt	2
season2/season2/metin2_map_n_desert_02/005001/shadowmap.raw	season2/metin2_map_n_desert_02/005001/shadowmap.raw	1
season2/season2/metin2_map_n_desert_02/005001/tile.raw	season2/metin2_map_n_desert_02/005001/tile.raw	1
season2/season2/metin2_map_trent_a/trent.msenv	season2/metin2_map_trent_a/trent.msenv	0
season2/season2/metin2_map_skipia_dungeon_02/004002/minimap.dds	season2/metin2_map_skipia_dungeon_02/004002/minimap.dds	1
season2/season2/metin2_map_n_desert_02/005001/water.wtr	season2/metin2_map_n_desert_02/005001/water.wtr	1
season2/season2/metin2_map_n_desert_02/005002/areaproperty.txt	season2/metin2_map_n_desert_02/005002/areaproperty.txt	2
season2/season2/metin2_map_trent02_a/002001/areadata.txt	season2/metin2_map_trent02_a/002001/areadata.txt	2
season2/season2/metin2_map_skipia_dungeon_01/004005/areaproperty.txt	season2/metin2_map_skipia_dungeon_01/004005/areaproperty.txt	2
season2/season2/metin2_map_n_desert_02/005002/height.raw	season2/metin2_map_n_desert_02/005002/height.raw	1
season2/season2/metin2_map_n_flame_02/005003/shadowmap.dds	season2/metin2_map_n_flame_02/005003/shadowmap.dds	1
season2/season2/metin2_map_n_desert_02/005002/minimap.dds	season2/metin2_map_n_desert_02/005002/minimap.dds	1
season2/season2/metin2_map_n_desert_02/005002/shadowmap.dds	season2/metin2_map_n_desert_02/005002/shadowmap.dds	1
season2/season2/metin2_map_n_desert_02/005002/shadowmap.raw	season2/metin2_map_n_desert_02/005002/shadowmap.raw	1
season2/season2/metin2_map_n_flame_02/002005/tile.raw	season2/metin2_map_n_flame_02/002005/tile.raw	1
season2/season2/metin2_map_n_desert_02/005002/tile.raw	season2/metin2_map_n_desert_02/005002/tile.raw	1
season2/season2/metin2_map_n_desert_02/005002/water.wtr	season2/metin2_map_n_desert_02/005002/water.wtr	1
season2/season2/metin2_map_n_desert_02/005003/areaambiencedata.txt	season2/metin2_map_n_desert_02/005003/areaambiencedata.txt	2
season2/season2/metin2_map_n_desert_02/005003/attr.atr	season2/metin2_map_n_desert_02/005003/attr.atr	1
season2/season2/metin2_map_n_desert_02/005003/shadowmap.raw	season2/metin2_map_n_desert_02/005003/shadowmap.raw	1
season2/season2/metin2_map_n_desert_02/005004/areadata.txt	season2/metin2_map_n_desert_02/005004/areadata.txt	2
season2/season2/metin2_map_n_desert_02/005004/areaproperty.txt	season2/metin2_map_n_desert_02/005004/areaproperty.txt	2
season2/season2/metin2_map_n_desert_02/005004/height.raw	season2/metin2_map_n_desert_02/005004/height.raw	1
season2/season2/metin2_map_n_desert_02/005004/water.wtr	season2/metin2_map_n_desert_02/005004/water.wtr	1
season2/season2/metin2_map_n_desert_02/005005/areadata.txt	season2/metin2_map_n_desert_02/005005/areadata.txt	2
season2/season2/metin2_map_n_flame_02/005000/attr.atr	season2/metin2_map_n_flame_02/005000/attr.atr	1
season2/season2/metin2_map_trent02_a/000000/areaproperty.txt	season2/metin2_map_trent02_a/000000/areaproperty.txt	2
season2/season2/metin2_map_n_desert_02/005005/areaproperty.txt	season2/metin2_map_n_desert_02/005005/areaproperty.txt	2
season2/season2/metin2_map_n_desert_02/005005/shadowmap.dds	season2/metin2_map_n_desert_02/005005/shadowmap.dds	1
season2/season2/metin2_map_n_desert_02/005005/tile.raw	season2/metin2_map_n_desert_02/005005/tile.raw	1
season2/season2/metin2_map_skipia_dungeon_01/003004/areaproperty.txt	season2/metin2_map_skipia_dungeon_01/003004/areaproperty.txt	2
season2/season2/metin2_map_n_desert_02/monsterarrange.txt	season2/metin2_map_n_desert_02/monsterarrange.txt	2
season2/season2/metin2_map_n_flame_02/000000/attr.atr	season2/metin2_map_n_flame_02/000000/attr.atr	1
season2/season2/metin2_map_n_flame_02/000000/minimap.dds	season2/metin2_map_n_flame_02/000000/minimap.dds	1
season2/season2/metin2_map_n_flame_02/000000/shadowmap.dds	season2/metin2_map_n_flame_02/000000/shadowmap.dds	1
season2/season2/metin2_map_skipia_dungeon_01/001002/attr.atr	season2/metin2_map_skipia_dungeon_01/001002/attr.atr	1
season2/season2/metin2_map_n_flame_02/000000/tile.raw	season2/metin2_map_n_flame_02/000000/tile.raw	1
season2/season2/metin2_map_n_flame_02/000000/water.wtr	season2/metin2_map_n_flame_02/000000/water.wtr	1
season2/season2/metin2_map_n_flame_02/000001/areaambiencedata.txt	season2/metin2_map_n_flame_02/000001/areaambiencedata.txt	2
season2/season2/metin2_map_n_flame_02/000001/areadata.txt	season2/metin2_map_n_flame_02/000001/areadata.txt	2
season2/season2/metin2_map_n_flame_02/000001/areaproperty.txt	season2/metin2_map_n_flame_02/000001/areaproperty.txt	2
season2/season2/metin2_map_n_flame_02/000001/attr.atr	season2/metin2_map_n_flame_02/000001/attr.atr	1
season2/season2/metin2_map_n_flame_02/000001/height.raw	season2/metin2_map_n_flame_02/000001/height.raw	1
season2/season2/metin2_map_n_flame_02/002004/areaproperty.txt	season2/metin2_map_n_flame_02/002004/areaproperty.txt	2
season2/season2/metin2_map_n_flame_02/005001/areaambiencedata.txt	season2/metin2_map_n_flame_02/005001/areaambiencedata.txt	2
season2/season2/metin2_map_n_flame_02/000001/minimap.dds	season2/metin2_map_n_flame_02/000001/minimap.dds	1
season2/season2/metin2_map_skipia_dungeon_01/002000/tile.raw	season2/metin2_map_skipia_dungeon_01/002000/tile.raw	1
season2/season2/metin2_map_n_flame_02/004005/height.raw	season2/metin2_map_n_flame_02/004005/height.raw	1
season2/season2/metin2_map_n_flame_02/000001/shadowmap.raw	season2/metin2_map_n_flame_02/000001/shadowmap.raw	1
season2/season2/metin2_map_skipia_dungeon_01/001001/minimap.dds	season2/metin2_map_skipia_dungeon_01/001001/minimap.dds	1
season2/season2/metin2_map_n_flame_02/000005/minimap.dds	season2/metin2_map_n_flame_02/000005/minimap.dds	1
season2/season2/metin2_map_n_flame_02/000001/tile.raw	season2/metin2_map_n_flame_02/000001/tile.raw	1
season2/season2/metin2_map_skipia_dungeon_01/001003/shadowmap.raw	season2/metin2_map_skipia_dungeon_01/001003/shadowmap.raw	1
season2/season2/metin2_map_n_flame_02/000002/areaambiencedata.txt	season2/metin2_map_n_flame_02/000002/areaambiencedata.txt	2
season2/season2/metin2_map_skipia_dungeon_02/003000/height.raw	season2/metin2_map_skipia_dungeon_02/003000/height.raw	1
season2/season2/metin2_map_n_flame_02/000002/areadata.txt	season2/metin2_map_n_flame_02/000002/areadata.txt	2
season2/season2/metin2_map_n_flame_02/000002/shadowmap.raw	season2/metin2_map_n_flame_02/000002/shadowmap.raw	1
season2/season2/metin2_map_skipia_dungeon_01/004005/shadowmap.dds	season2/metin2_map_skipia_dungeon_01/004005/shadowmap.dds	1
season2/season2/metin2_map_n_flame_02/000002/water.wtr	season2/metin2_map_n_flame_02/000002/water.wtr	1
season2/season2/metin2_map_n_flame_02/000003/areaambiencedata.txt	season2/metin2_map_n_flame_02/000003/areaambiencedata.txt	2
season2/season2/metin2_map_skipia_dungeon_01/003003/areaambiencedata.txt	season2/metin2_map_skipia_dungeon_01/003003/areaambiencedata.txt	2
season2/season2/metin2_map_n_flame_02/000003/areadata.txt	season2/metin2_map_n_flame_02/000003/areadata.txt	2
season2/season2/metin2_map_n_flame_02/000005/areaambiencedata.txt	season2/metin2_map_n_flame_02/000005/areaambiencedata.txt	2
season2/season2/metin2_map_n_flame_02/000003/height.raw	season2/metin2_map_n_flame_02/000003/height.raw	1
season2/season2/metin2_map_n_flame_02/001001/shadowmap.raw	season2/metin2_map_n_flame_02/001001/shadowmap.raw	1
season2/season2/metin2_map_skipia_dungeon_02/000004/water.wtr	season2/metin2_map_skipia_dungeon_02/000004/water.wtr	1
season2/season2/metin2_map_n_flame_02/000003/shadowmap.dds	season2/metin2_map_n_flame_02/000003/shadowmap.dds	1
season2/season2/metin2_map_n_flame_02/000003/tile.raw	season2/metin2_map_n_flame_02/000003/tile.raw	1
season2/season2/metin2_map_n_flame_02/000004/areaambiencedata.txt	season2/metin2_map_n_flame_02/000004/areaambiencedata.txt	2
season2/season2/metin2_map_n_flame_02/000004/areadata.txt	season2/metin2_map_n_flame_02/000004/areadata.txt	2
season2/season2/metin2_map_n_flame_02/000004/areaproperty.txt	season2/metin2_map_n_flame_02/000004/areaproperty.txt	2
season2/season2/metin2_map_n_flame_02/000004/height.raw	season2/metin2_map_n_flame_02/000004/height.raw	1
season2/season2/metin2_map_n_flame_02/mapproperty.txt	season2/metin2_map_n_flame_02/mapproperty.txt	2
season2/season2/metin2_map_skipia_dungeon_02/000002/height.raw	season2/metin2_map_skipia_dungeon_02/000002/height.raw	1
season2/season2/metin2_map_n_flame_02/000004/shadowmap.dds	season2/metin2_map_n_flame_02/000004/shadowmap.dds	1
season2/season2/metin2_map_n_flame_02/000005/areadata.txt	season2/metin2_map_n_flame_02/000005/areadata.txt	2
season2/season2/metin2_map_n_flame_02/000005/areaproperty.txt	season2/metin2_map_n_flame_02/000005/areaproperty.txt	2
season2/season2/metin2_map_n_flame_02/000005/attr.atr	season2/metin2_map_n_flame_02/000005/attr.atr	1
season2/season2/metin2_map_trent02_a/000002/areaproperty.txt	season2/metin2_map_trent02_a/000002/areaproperty.txt	2
season2/season2/metin2_map_n_flame_02/000005/height.raw	season2/metin2_map_n_flame_02/000005/height.raw	1
season2/season2/metin2_map_n_flame_02/000005/shadowmap.dds	season2/metin2_map_n_flame_02/000005/shadowmap.dds	1
season2/season2/metin2_map_n_flame_02/000005/shadowmap.raw	season2/metin2_map_n_flame_02/000005/shadowmap.raw	1
season2/season2/metin2_map_n_flame_02/001000/areaambiencedata.txt	season2/metin2_map_n_flame_02/001000/areaambiencedata.txt	2
season2/season2/metin2_map_n_flame_02/001000/areaproperty.txt	season2/metin2_map_n_flame_02/001000/areaproperty.txt	2
season2/season2/metin2_map_skipia_dungeon_01/004001/areaproperty.txt	season2/metin2_map_skipia_dungeon_01/004001/areaproperty.txt	2
season2/season2/metin2_map_n_flame_02/001000/water.wtr	season2/metin2_map_n_flame_02/001000/water.wtr	1
season2/season2/metin2_map_n_flame_02/001001/height.raw	season2/metin2_map_n_flame_02/001001/height.raw	1
season2/season2/metin2_map_n_flame_02/001001/shadowmap.dds	season2/metin2_map_n_flame_02/001001/shadowmap.dds	1
season2/season2/metin2_map_n_flame_02/001001/tile.raw	season2/metin2_map_n_flame_02/001001/tile.raw	1
season2/season2/metin2_map_n_flame_02/001002/areaambiencedata.txt	season2/metin2_map_n_flame_02/001002/areaambiencedata.txt	2
season2/season2/metin2_map_n_flame_02/001002/areaproperty.txt	season2/metin2_map_n_flame_02/001002/areaproperty.txt	2
season2/season2/metin2_map_n_flame_02/001002/attr.atr	season2/metin2_map_n_flame_02/001002/attr.atr	1
season2/season2/metin2_map_n_flame_02/005003/shadowmap.raw	season2/metin2_map_n_flame_02/005003/shadowmap.raw	1
season2/season2/metin2_map_n_flame_02/001002/height.raw	season2/metin2_map_n_flame_02/001002/height.raw	1
season2/season2/metin2_map_n_flame_02/001002/tile.raw	season2/metin2_map_n_flame_02/001002/tile.raw	1
season2/season2/metin2_map_n_flame_02/001003/areaambiencedata.txt	season2/metin2_map_n_flame_02/001003/areaambiencedata.txt	2
season2/season2/metin2_map_n_flame_02/001003/areadata.txt	season2/metin2_map_n_flame_02/001003/areadata.txt	2
season2/season2/metin2_map_n_flame_02/001003/attr.atr	season2/metin2_map_n_flame_02/001003/attr.atr	1
season2/season2/metin2_map_n_flame_02/001003/shadowmap.dds	season2/metin2_map_n_flame_02/001003/shadowmap.dds	1
season2/season2/metin2_map_n_flame_02/001005/areadata.txt	season2/metin2_map_n_flame_02/001005/areadata.txt	2
season2/season2/metin2_map_n_flame_02/001003/tile.raw	season2/metin2_map_n_flame_02/001003/tile.raw	1
season2/season2/metin2_map_n_flame_02/001003/water.wtr	season2/metin2_map_n_flame_02/001003/water.wtr	1
season2/season2/monster/ch_officer/skipia_officer_front_knockdown.gr2	season2/monster/ch_officer/skipia_officer_front_knockdown.gr2	0
season2/season2/metin2_map_n_flame_02/001004/areaambiencedata.txt	season2/metin2_map_n_flame_02/001004/areaambiencedata.txt	2
season2/season2/metin2_map_n_flame_02/001004/areaproperty.txt	season2/metin2_map_n_flame_02/001004/areaproperty.txt	2
season2/season2/metin2_map_n_flame_02/003005/attr.atr	season2/metin2_map_n_flame_02/003005/attr.atr	1
season2/season2/metin2_map_n_flame_02/005002/height.raw	season2/metin2_map_n_flame_02/005002/height.raw	1
season2/season2/metin2_map_n_flame_02/001004/attr.atr	season2/metin2_map_n_flame_02/001004/attr.atr	1
season2/season2/metin2_map_skipia_dungeon_01/005001/height.raw	season2/metin2_map_skipia_dungeon_01/005001/height.raw	1
season2/season2/metin2_map_n_flame_02/001004/height.raw	season2/metin2_map_n_flame_02/001004/height.raw	1
season2/season2/metin2_map_n_flame_02/001004/shadowmap.dds	season2/metin2_map_n_flame_02/001004/shadowmap.dds	1
season2/season2/metin2_map_n_flame_02/001004/shadowmap.raw	season2/metin2_map_n_flame_02/001004/shadowmap.raw	1
season2/season2/metin2_map_n_flame_02/001004/tile.raw	season2/metin2_map_n_flame_02/001004/tile.raw	1
season2/season2/monster/ch_bowman/skipia_bowman_wait.gr2	season2/monster/ch_bowman/skipia_bowman_wait.gr2	0
season2/season2/metin2_map_n_flame_02/001004/water.wtr	season2/metin2_map_n_flame_02/001004/water.wtr	1
season2/season2/metin2_map_skipia_dungeon_01/003001/shadowmap.raw	season2/metin2_map_skipia_dungeon_01/003001/shadowmap.raw	1
season2/season2/metin2_map_n_flame_02/001005/areaproperty.txt	season2/metin2_map_n_flame_02/001005/areaproperty.txt	2
season2/season2/metin2_map_n_flame_02/001005/attr.atr	season2/metin2_map_n_flame_02/001005/attr.atr	1
season2/season2/metin2_map_n_flame_02/001005/minimap.dds	season2/metin2_map_n_flame_02/001005/minimap.dds	1
season2/season2/metin2_map_n_flame_02/001005/shadowmap.dds	season2/metin2_map_n_flame_02/001005/shadowmap.dds	1
season2/season2/metin2_map_n_flame_02/001005/water.wtr	season2/metin2_map_n_flame_02/001005/water.wtr	1
season2/season2/metin2_map_n_flame_02/002000/areadata.txt	season2/metin2_map_n_flame_02/002000/areadata.txt	2
season2/season2/metin2_map_n_flame_02/002000/areaproperty.txt	season2/metin2_map_n_flame_02/002000/areaproperty.txt	2
season2/season2/metin2_map_n_flame_02/002000/height.raw	season2/metin2_map_n_flame_02/002000/height.raw	1
season2/season2/metin2_map_n_flame_02/002000/minimap.dds	season2/metin2_map_n_flame_02/002000/minimap.dds	1
season2/season2/metin2_map_n_flame_02/002000/shadowmap.raw	season2/metin2_map_n_flame_02/002000/shadowmap.raw	1
season2/season2/metin2_map_n_flame_02/004005/minimap.dds	season2/metin2_map_n_flame_02/004005/minimap.dds	1
season2/season2/metin2_map_n_flame_02/002000/tile.raw	season2/metin2_map_n_flame_02/002000/tile.raw	1
season2/season2/metin2_map_trent_a/000001/height.raw	season2/metin2_map_trent_a/000001/height.raw	1
season2/season2/metin2_map_n_flame_02/002000/water.wtr	season2/metin2_map_n_flame_02/002000/water.wtr	1
season2/season2/metin2_map_skipia_dungeon_01/003004/tile.raw	season2/metin2_map_skipia_dungeon_01/003004/tile.raw	1
season2/season2/metin2_map_n_flame_02/002001/areaproperty.txt	season2/metin2_map_n_flame_02/002001/areaproperty.txt	2
season2/season2/metin2_map_n_flame_02/002001/height.raw	season2/metin2_map_n_flame_02/002001/height.raw	1
season2/season2/metin2_map_n_flame_02/004001/areadata.txt	season2/metin2_map_n_flame_02/004001/areadata.txt	2
season2/season2/metin2_map_n_flame_02/002001/minimap.dds	season2/metin2_map_n_flame_02/002001/minimap.dds	1
season2/season2/metin2_map_n_flame_02/002001/tile.raw	season2/metin2_map_n_flame_02/002001/tile.raw	1
season2/season2/metin2_map_n_flame_02/002002/areaambiencedata.txt	season2/metin2_map_n_flame_02/002002/areaambiencedata.txt	2
season2/season2/metin2_map_skipia_dungeon_01/002003/height.raw	season2/metin2_map_skipia_dungeon_01/002003/height.raw	1
season2/season2/monster/ch_bowman/skipia_bowman_wait1.msa	season2/monster/ch_bowman/skipia_bowman_wait1.msa	2
season2/season2/metin2_map_n_flame_02/002002/height.raw	season2/metin2_map_n_flame_02/002002/height.raw	1
season2/season2/metin2_map_n_flame_02/002002/minimap.dds	season2/metin2_map_n_flame_02/002002/minimap.dds	1
season2/season2/metin2_map_skipia_dungeon_02/002003/height.raw	season2/metin2_map_skipia_dungeon_02/002003/height.raw	1
season2/season2/metin2_map_n_flame_02/002002/shadowmap.raw	season2/metin2_map_n_flame_02/002002/shadowmap.raw	1
season2/season2/metin2_map_n_flame_02/002002/tile.raw	season2/metin2_map_n_flame_02/002002/tile.raw	1
season2/season2/metin2_map_n_flame_02/005001/shadowmap.raw	season2/metin2_map_n_flame_02/005001/shadowmap.raw	1
season2/season2/metin2_map_skipia_dungeon_01/003000/shadowmap.dds	season2/metin2_map_skipia_dungeon_01/003000/shadowmap.dds	1
season2/season2/monster/ch_officer/skipia_officer_back_damage.msa	season2/monster/ch_officer/skipia_officer_back_damage.msa	2
season2/season2/metin2_map_trent02_a/001001/areaproperty.txt	season2/metin2_map_trent02_a/001001/areaproperty.txt	2
season2/season2/metin2_map_n_flame_02/002002/water.wtr	season2/metin2_map_n_flame_02/002002/water.wtr	1
season2/season2/metin2_map_n_flame_02/002003/areaambiencedata.txt	season2/metin2_map_n_flame_02/002003/areaambiencedata.txt	2
season2/season2/metin2_map_skipia_dungeon_01/001000/attr.atr	season2/metin2_map_skipia_dungeon_01/001000/attr.atr	1
season2/season2/metin2_map_n_flame_02/002003/areadata.txt	season2/metin2_map_n_flame_02/002003/areadata.txt	2
season2/season2/metin2_map_n_flame_02/002003/areaproperty.txt	season2/metin2_map_n_flame_02/002003/areaproperty.txt	2
season2/season2/metin2_map_n_flame_02/003003/tile.raw	season2/metin2_map_n_flame_02/003003/tile.raw	1
season2/season2/metin2_map_n_flame_02/002003/height.raw	season2/metin2_map_n_flame_02/002003/height.raw	1
season2/season2/metin2_map_skipia_dungeon_01/004002/shadowmap.raw	season2/metin2_map_skipia_dungeon_01/004002/shadowmap.raw	1
season2/season2/metin2_map_n_flame_02/002003/shadowmap.dds	season2/metin2_map_n_flame_02/002003/shadowmap.dds	1
season2/season2/metin2_map_skipia_dungeon_02/004003/areadata.txt	season2/metin2_map_skipia_dungeon_02/004003/areadata.txt	2
season2/season2/metin2_map_n_flame_02/002003/shadowmap.raw	season2/metin2_map_n_flame_02/002003/shadowmap.raw	1
season2/season2/metin2_map_n_flame_02/002003/tile.raw	season2/metin2_map_n_flame_02/002003/tile.raw	1
season2/season2/metin2_map_skipia_dungeon_02/004002/height.raw	season2/metin2_map_skipia_dungeon_02/004002/height.raw	1
season2/season2/metin2_map_n_flame_02/002004/areaambiencedata.txt	season2/metin2_map_n_flame_02/002004/areaambiencedata.txt	2
season2/season2/metin2_map_n_flame_02/002004/attr.atr	season2/metin2_map_n_flame_02/002004/attr.atr	1
season2/season2/metin2_map_skipia_dungeon_01/002004/areaambiencedata.txt	season2/metin2_map_skipia_dungeon_01/002004/areaambiencedata.txt	2
season2/season2/metin2_map_skipia_dungeon_02/000004/attr.atr	season2/metin2_map_skipia_dungeon_02/000004/attr.atr	1
season2/season2/metin2_map_n_flame_02/002004/shadowmap.dds	season2/metin2_map_n_flame_02/002004/shadowmap.dds	1
season2/season2/metin2_map_n_flame_02/002004/tile.raw	season2/metin2_map_n_flame_02/002004/tile.raw	1
season2/season2/monster/ch_magician/gatein.jpg	season2/monster/ch_magician/gatein.jpg	0
season2/season2/metin2_map_n_flame_02/002005/attr.atr	season2/metin2_map_n_flame_02/002005/attr.atr	1
season2/season2/metin2_map_n_flame_02/002005/minimap.dds	season2/metin2_map_n_flame_02/002005/minimap.dds	1
season2/season2/metin2_map_skipia_dungeon_01/000000/areadata.txt	season2/metin2_map_skipia_dungeon_01/000000/areadata.txt	2
season2/season2/metin2_map_skipia_dungeon_01/001003/areaambiencedata.txt	season2/metin2_map_skipia_dungeon_01/001003/areaambiencedata.txt	2
season2/season2/metin2_map_n_flame_02/005003/areadata.txt	season2/metin2_map_n_flame_02/005003/areadata.txt	2
season2/season2/metin2_map_skipia_dungeon_01/005003/tile.raw	season2/metin2_map_skipia_dungeon_01/005003/tile.raw	1
season2/season2/metin2_map_n_flame_02/003000/areaambiencedata.txt	season2/metin2_map_n_flame_02/003000/areaambiencedata.txt	2
season2/season2/metin2_map_n_flame_02/003000/minimap.dds	season2/metin2_map_n_flame_02/003000/minimap.dds	1
season2/season2/metin2_map_n_flame_02/003000/shadowmap.dds	season2/metin2_map_n_flame_02/003000/shadowmap.dds	1
season2/season2/metin2_map_trent02_a/000001/shadowmap.raw	season2/metin2_map_trent02_a/000001/shadowmap.raw	1
season2/season2/metin2_map_n_flame_02/003001/areadata.txt	season2/metin2_map_n_flame_02/003001/areadata.txt	2
season2/season2/metin2_map_n_flame_02/003001/areaproperty.txt	season2/metin2_map_n_flame_02/003001/areaproperty.txt	2
season2/season2/metin2_map_n_flame_02/003001/attr.atr	season2/metin2_map_n_flame_02/003001/attr.atr	1
season2/season2/metin2_map_n_flame_02/003001/height.raw	season2/metin2_map_n_flame_02/003001/height.raw	1
season2/season2/metin2_map_skipia_dungeon_01/003003/shadowmap.raw	season2/metin2_map_skipia_dungeon_01/003003/shadowmap.raw	1
season2/season2/metin2_map_n_flame_02/003001/minimap.dds	season2/metin2_map_n_flame_02/003001/minimap.dds	1
season2/season2/metin2_map_n_flame_02/003001/shadowmap.dds	season2/metin2_map_n_flame_02/003001/shadowmap.dds	1
season2/season2/metin2_map_n_flame_02/004004/shadowmap.dds	season2/metin2_map_n_flame_02/004004/shadowmap.dds	1
season2/season2/metin2_map_n_flame_02/003001/tile.raw	season2/metin2_map_n_flame_02/003001/tile.raw	1
season2/season2/metin2_map_n_flame_02/003002/areaambiencedata.txt	season2/metin2_map_n_flame_02/003002/areaambiencedata.txt	2
season2/season2/monster/ch_bowman/skipia_bowman_knockdown.msa	season2/monster/ch_bowman/skipia_bowman_knockdown.msa	2
season2/season2/metin2_map_n_flame_02/003002/areadata.txt	season2/metin2_map_n_flame_02/003002/areadata.txt	2
season2/season2/metin2_map_n_flame_02/003002/height.raw	season2/metin2_map_n_flame_02/003002/height.raw	1
season2/season2/metin2_map_n_flame_02/003002/attr.atr	season2/metin2_map_n_flame_02/003002/attr.atr	1
season2/season2/metin2_map_n_flame_02/003002/minimap.dds	season2/metin2_map_n_flame_02/003002/minimap.dds	1
season2/season2/metin2_map_n_flame_02/003002/shadowmap.dds	season2/metin2_map_n_flame_02/003002/shadowmap.dds	1
season2/season2/metin2_map_skipia_bossdungeon/000000/tile.raw	season2/metin2_map_skipia_bossdungeon/000000/tile.raw	1
season2/season2/metin2_map_n_flame_02/003002/water.wtr	season2/metin2_map_n_flame_02/003002/water.wtr	1
season2/season2/metin2_map_n_flame_02/003003/areaproperty.txt	season2/metin2_map_n_flame_02/003003/areaproperty.txt	2
season2/season2/metin2_map_n_flame_02/003003/attr.atr	season2/metin2_map_n_flame_02/003003/attr.atr	1
season2/season2/metin2_map_n_flame_02/003003/height.raw	season2/metin2_map_n_flame_02/003003/height.raw	1
season2/season2/metin2_map_n_flame_02/003003/minimap.dds	season2/metin2_map_n_flame_02/003003/minimap.dds	1
season2/season2/monster/ch_magician/skipia_magician_back_standup.msa	season2/monster/ch_magician/skipia_magician_back_standup.msa	2
season2/season2/metin2_map_skipia_dungeon_02/002005/areaproperty.txt	season2/metin2_map_skipia_dungeon_02/002005/areaproperty.txt	2
season2/season2/metin2_map_n_flame_02/003003/shadowmap.dds	season2/metin2_map_n_flame_02/003003/shadowmap.dds	1
season2/season2/metin2_map_n_flame_02/003004/areaambiencedata.txt	season2/metin2_map_n_flame_02/003004/areaambiencedata.txt	2
season2/season2/metin2_map_n_flame_02/003004/areaproperty.txt	season2/metin2_map_n_flame_02/003004/areaproperty.txt	2
season2/season2/metin2_map_skipia_dungeon_01/001003/tile.raw	season2/metin2_map_skipia_dungeon_01/001003/tile.raw	1
season2/season2/metin2_map_skipia_dungeon_02/004005/shadowmap.dds	season2/metin2_map_skipia_dungeon_02/004005/shadowmap.dds	1
season2/season2/metin2_map_n_flame_02/003004/minimap.dds	season2/metin2_map_n_flame_02/003004/minimap.dds	1
season2/season2/metin2_map_n_flame_02/003004/water.wtr	season2/metin2_map_n_flame_02/003004/water.wtr	1
season2/season2/metin2_map_n_flame_02/003005/areadata.txt	season2/metin2_map_n_flame_02/003005/areadata.txt	2
season2/season2/metin2_map_n_flame_02/003005/areaproperty.txt	season2/metin2_map_n_flame_02/003005/areaproperty.txt	2
season2/season2/metin2_map_skipia_dungeon_02/005005/shadowmap.dds	season2/metin2_map_skipia_dungeon_02/005005/shadowmap.dds	1
season2/season2/metin2_map_n_flame_02/003005/height.raw	season2/metin2_map_n_flame_02/003005/height.raw	1
season2/season2/metin2_map_n_flame_02/004000/areaambiencedata.txt	season2/metin2_map_n_flame_02/004000/areaambiencedata.txt	2
season2/season2/metin2_map_n_flame_02/004000/height.raw	season2/metin2_map_n_flame_02/004000/height.raw	1
season2/season2/metin2_map_skipia_dungeon_02/000000/areaproperty.txt	season2/metin2_map_skipia_dungeon_02/000000/areaproperty.txt	2
season2/season2/metin2_map_n_flame_02/004000/water.wtr	season2/metin2_map_n_flame_02/004000/water.wtr	1
season2/season2/metin2_map_n_flame_02/004001/areaambiencedata.txt	season2/metin2_map_n_flame_02/004001/areaambiencedata.txt	2
season2/season2/metin2_map_n_flame_02/004001/areaproperty.txt	season2/metin2_map_n_flame_02/004001/areaproperty.txt	2
season2/season2/metin2_map_n_flame_02/004001/attr.atr	season2/metin2_map_n_flame_02/004001/attr.atr	1
season2/season2/metin2_map_n_flame_02/004001/shadowmap.dds	season2/metin2_map_n_flame_02/004001/shadowmap.dds	1
season2/season2/metin2_map_skipia_dungeon_01/003000/tile.raw	season2/metin2_map_skipia_dungeon_01/003000/tile.raw	1
season2/season2/metin2_map_n_flame_02/004001/shadowmap.raw	season2/metin2_map_n_flame_02/004001/shadowmap.raw	1
season2/season2/metin2_map_skipia_dungeon_02/005001/minimap.dds	season2/metin2_map_skipia_dungeon_02/005001/minimap.dds	1
season2/season2/metin2_map_n_flame_02/004001/tile.raw	season2/metin2_map_n_flame_02/004001/tile.raw	1
season2/season2/metin2_map_skipia_dungeon_01/003003/shadowmap.dds	season2/metin2_map_skipia_dungeon_01/003003/shadowmap.dds	1
season2/season2/metin2_map_n_flame_02/004001/water.wtr	season2/metin2_map_n_flame_02/004001/water.wtr	1
season2/season2/metin2_map_n_flame_02/004002/areaambiencedata.txt	season2/metin2_map_n_flame_02/004002/areaambiencedata.txt	2
season2/season2/metin2_map_skipia_dungeon_02/001003/attr.atr	season2/metin2_map_skipia_dungeon_02/001003/attr.atr	1
season2/season2/metin2_map_n_flame_02/004002/areaproperty.txt	season2/metin2_map_n_flame_02/004002/areaproperty.txt	2
season2/season2/metin2_map_n_flame_02/004002/attr.atr	season2/metin2_map_n_flame_02/004002/attr.atr	1
season2/season2/metin2_map_n_flame_02/004002/minimap.dds	season2/metin2_map_n_flame_02/004002/minimap.dds	1
season2/season2/metin2_map_n_flame_02/004002/shadowmap.dds	season2/metin2_map_n_flame_02/004002/shadowmap.dds	1
season2/season2/metin2_map_n_flame_02/004002/shadowmap.raw	season2/metin2_map_n_flame_02/004002/shadowmap.raw	1
season2/season2/metin2_map_n_flame_02/004003/areaproperty.txt	season2/metin2_map_n_flame_02/004003/areaproperty.txt	2
season2/season2/metin2_map_n_flame_02/004003/minimap.dds	season2/metin2_map_n_flame_02/004003/minimap.dds	1
season2/season2/monster/ch_footman/shape.msm	season2/monster/ch_footman/shape.msm	2
season2/season2/metin2_map_n_flame_02/004003/shadowmap.raw	season2/metin2_map_n_flame_02/004003/shadowmap.raw	1
season2/season2/metin2_map_n_flame_02/004003/water.wtr	season2/metin2_map_n_flame_02/004003/water.wtr	1
season2/season2/metin2_map_n_flame_02/004004/attr.atr	season2/metin2_map_n_flame_02/004004/attr.atr	1
season2/season2/metin2_map_n_flame_02/004004/height.raw	season2/metin2_map_n_flame_02/004004/height.raw	1
season2/season2/metin2_map_skipia_dungeon_01/004001/minimap.dds	season2/metin2_map_skipia_dungeon_01/004001/minimap.dds	1
season2/season2/metin2_map_n_flame_02/004004/minimap.dds	season2/metin2_map_n_flame_02/004004/minimap.dds	1
season2/season2/metin2_map_n_flame_02/004004/tile.raw	season2/metin2_map_n_flame_02/004004/tile.raw	1
season2/season2/metin2_map_n_flame_02/004004/water.wtr	season2/metin2_map_n_flame_02/004004/water.wtr	1
season2/season2/metin2_map_skipia_dungeon_01/004004/areaproperty.txt	season2/metin2_map_skipia_dungeon_01/004004/areaproperty.txt	2
season2/season2/metin2_map_n_flame_02/004005/areaproperty.txt	season2/metin2_map_n_flame_02/004005/areaproperty.txt	2
season2/season2/metin2_map_n_flame_02/004005/shadowmap.raw	season2/metin2_map_n_flame_02/004005/shadowmap.raw	1
season2/season2/metin2_map_n_flame_02/004005/tile.raw	season2/metin2_map_n_flame_02/004005/tile.raw	1
season2/season2/metin2_map_n_flame_02/004005/water.wtr	season2/metin2_map_n_flame_02/004005/water.wtr	1
season2/season2/metin2_map_n_flame_02/005000/areaproperty.txt	season2/metin2_map_n_flame_02/005000/areaproperty.txt	2
season2/season2/metin2_map_skipia_dungeon_01/003001/areadata.txt	season2/metin2_map_skipia_dungeon_01/003001/areadata.txt	2
season2/season2/metin2_map_n_flame_02/005000/height.raw	season2/metin2_map_n_flame_02/005000/height.raw	1
season2/season2/metin2_map_n_flame_02/005000/minimap.dds	season2/metin2_map_n_flame_02/005000/minimap.dds	1
season2/season2/metin2_map_n_flame_02/005000/shadowmap.dds	season2/metin2_map_n_flame_02/005000/shadowmap.dds	1
season2/season2/metin2_map_n_flame_02/005000/tile.raw	season2/metin2_map_n_flame_02/005000/tile.raw	1
season2/season2/metin2_map_n_flame_02/005001/areadata.txt	season2/metin2_map_n_flame_02/005001/areadata.txt	2
season2/season2/metin2_map_trent02_a/000001/tile.raw	season2/metin2_map_trent02_a/000001/tile.raw	1
season2/season2/metin2_map_n_flame_02/005001/minimap.dds	season2/metin2_map_n_flame_02/005001/minimap.dds	1
season2/season2/metin2_map_n_flame_02/005001/shadowmap.dds	season2/metin2_map_n_flame_02/005001/shadowmap.dds	1
season2/season2/metin2_map_skipia_dungeon_01/001005/areaambiencedata.txt	season2/metin2_map_skipia_dungeon_01/001005/areaambiencedata.txt	2
season2/season2/metin2_map_trent02_a/000002/attr.atr	season2/metin2_map_trent02_a/000002/attr.atr	1
season2/season2/metin2_map_n_flame_02/005001/tile.raw	season2/metin2_map_n_flame_02/005001/tile.raw	1
season2/season2/metin2_map_n_flame_02/005001/water.wtr	season2/metin2_map_n_flame_02/005001/water.wtr	1
season2/season2/metin2_map_n_flame_02/005002/areaambiencedata.txt	season2/metin2_map_n_flame_02/005002/areaambiencedata.txt	2
season2/season2/metin2_map_skipia_dungeon_01/003002/minimap.dds	season2/metin2_map_skipia_dungeon_01/003002/minimap.dds	1
season2/season2/metin2_map_n_flame_02/005002/areadata.txt	season2/metin2_map_n_flame_02/005002/areadata.txt	2
season2/season2/metin2_map_n_flame_02/005003/water.wtr	season2/metin2_map_n_flame_02/005003/water.wtr	1
season2/season2/metin2_map_n_flame_02/005002/areaproperty.txt	season2/metin2_map_n_flame_02/005002/areaproperty.txt	2
season2/season2/metin2_map_n_flame_02/005002/attr.atr	season2/metin2_map_n_flame_02/005002/attr.atr	1
season2/season2/metin2_map_n_flame_02/005002/minimap.dds	season2/metin2_map_n_flame_02/005002/minimap.dds	1
season2/season2/metin2_map_n_flame_02/005002/shadowmap.dds	season2/metin2_map_n_flame_02/005002/shadowmap.dds	1
season2/season2/metin2_map_n_flame_02/005002/shadowmap.raw	season2/metin2_map_n_flame_02/005002/shadowmap.raw	1
season2/season2/metin2_map_skipia_dungeon_01/002002/shadowmap.dds	season2/metin2_map_skipia_dungeon_01/002002/shadowmap.dds	1
season2/season2/metin2_map_n_flame_02/005002/water.wtr	season2/metin2_map_n_flame_02/005002/water.wtr	1
season2/season2/metin2_map_skipia_dungeon_01/000000/shadowmap.dds	season2/metin2_map_skipia_dungeon_01/000000/shadowmap.dds	1
season2/season2/metin2_map_n_flame_02/005003/areaproperty.txt	season2/metin2_map_n_flame_02/005003/areaproperty.txt	2
season2/season2/metin2_map_n_flame_02/005003/attr.atr	season2/metin2_map_n_flame_02/005003/attr.atr	1
season2/season2/metin2_map_n_flame_02/005003/minimap.dds	season2/metin2_map_n_flame_02/005003/minimap.dds	1
season2/season2/metin2_map_n_flame_02/005004/areaambiencedata.txt	season2/metin2_map_n_flame_02/005004/areaambiencedata.txt	2
season2/season2/metin2_map_skipia_dungeon_01/mapproperty.txt	season2/metin2_map_skipia_dungeon_01/mapproperty.txt	2
season2/season2/metin2_map_n_flame_02/005004/areaproperty.txt	season2/metin2_map_n_flame_02/005004/areaproperty.txt	2
season2/season2/metin2_map_n_flame_02/005004/attr.atr	season2/metin2_map_n_flame_02/005004/attr.atr	1
season2/season2/monster/ch_water_dragon/shape.msm	season2/monster/ch_water_dragon/shape.msm	2
season2/season2/metin2_map_n_flame_02/005004/shadowmap.dds	season2/metin2_map_n_flame_02/005004/shadowmap.dds	1
season2/season2/metin2_map_n_flame_02/005004/shadowmap.raw	season2/metin2_map_n_flame_02/005004/shadowmap.raw	1
season2/season2/metin2_map_n_flame_02/005004/tile.raw	season2/metin2_map_n_flame_02/005004/tile.raw	1
season2/season2/metin2_map_n_flame_02/005005/minimap.dds	season2/metin2_map_n_flame_02/005005/minimap.dds	1
season2/season2/monster/ch_footman/skipia_footman_wait.msa	season2/monster/ch_footman/skipia_footman_wait.msa	2
season2/season2/metin2_map_n_flame_02/005005/areaambiencedata.txt	season2/metin2_map_n_flame_02/005005/areaambiencedata.txt	2
season2/season2/metin2_map_skipia_dungeon_01/003000/shadowmap.raw	season2/metin2_map_skipia_dungeon_01/003000/shadowmap.raw	1
season2/season2/metin2_map_skipia_dungeon_01/004004/height.raw	season2/metin2_map_skipia_dungeon_01/004004/height.raw	1
season2/season2/metin2_map_n_flame_02/005005/areadata.txt	season2/metin2_map_n_flame_02/005005/areadata.txt	2
season2/season2/metin2_map_skipia_dungeon_01/000004/minimap.dds	season2/metin2_map_skipia_dungeon_01/000004/minimap.dds	1
season2/season2/metin2_map_n_flame_02/005005/shadowmap.dds	season2/metin2_map_n_flame_02/005005/shadowmap.dds	1
season2/season2/metin2_map_skipia_dungeon_02/003005/height.raw	season2/metin2_map_skipia_dungeon_02/003005/height.raw	1
season2/season2/metin2_map_n_flame_02/005005/tile.raw	season2/metin2_map_n_flame_02/005005/tile.raw	1
season2/season2/metin2_map_n_flame_02/005005/water.wtr	season2/metin2_map_n_flame_02/005005/water.wtr	1
season2/season2/metin2_map_n_flame_02/monsterarrange.txt	season2/metin2_map_n_flame_02/monsterarrange.txt	2
season2/season2/metin2_map_n_flame_02/setting.txt	season2/metin2_map_n_flame_02/setting.txt	2
season2/season2/metin2_map_skipia_dungeon_01/003004/water.wtr	season2/metin2_map_skipia_dungeon_01/003004/water.wtr	1
season2/season2/metin2_map_skipia_bossdungeon/000000/areaambiencedata.txt	season2/metin2_map_skipia_bossdungeon/000000/areaambiencedata.txt	2
season2/season2/metin2_map_skipia_bossdungeon/000000/areaproperty.txt	season2/metin2_map_skipia_bossdungeon/000000/areaproperty.txt	2
season2/season2/metin2_map_skipia_bossdungeon/000000/attr.atr	season2/metin2_map_skipia_bossdungeon/000000/attr.atr	1
season2/season2/metin2_map_skipia_bossdungeon/000000/water.wtr	season2/metin2_map_skipia_bossdungeon/000000/water.wtr	1
season2/season2/metin2_map_skipia_bossdungeon/setting.txt	season2/metin2_map_skipia_bossdungeon/setting.txt	2
season2/season2/metin2_map_skipia_bossdungeon/skipia_dungeon.msenv	season2/metin2_map_skipia_bossdungeon/skipia_dungeon.msenv	0
season2/season2/metin2_map_skipia_dungeon_01/000000/areaambiencedata.txt	season2/metin2_map_skipia_dungeon_01/000000/areaambiencedata.txt	2
season2/season2/metin2_map_skipia_dungeon_01/000000/attr.atr	season2/metin2_map_skipia_dungeon_01/000000/attr.atr	1
season2/season2/metin2_map_skipia_dungeon_01/000000/height.raw	season2/metin2_map_skipia_dungeon_01/000000/height.raw	1
season2/season2/metin2_map_skipia_dungeon_01/000000/minimap.dds	season2/metin2_map_skipia_dungeon_01/000000/minimap.dds	1
season2/season2/metin2_map_skipia_dungeon_01/000000/tile.raw	season2/metin2_map_skipia_dungeon_01/000000/tile.raw	1
season2/season2/metin2_map_skipia_dungeon_01/000001/areaambiencedata.txt	season2/metin2_map_skipia_dungeon_01/000001/areaambiencedata.txt	2
season2/season2/metin2_map_skipia_dungeon_01/000001/attr.atr	season2/metin2_map_skipia_dungeon_01/000001/attr.atr	1
season2/season2/metin2_map_skipia_dungeon_01/000001/minimap.dds	season2/metin2_map_skipia_dungeon_01/000001/minimap.dds	1
season2/season2/metin2_map_skipia_dungeon_01/000001/shadowmap.dds	season2/metin2_map_skipia_dungeon_01/000001/shadowmap.dds	1
season2/season2/metin2_map_skipia_dungeon_01/000001/water.wtr	season2/metin2_map_skipia_dungeon_01/000001/water.wtr	1
season2/season2/metin2_map_skipia_dungeon_01/000002/areaambiencedata.txt	season2/metin2_map_skipia_dungeon_01/000002/areaambiencedata.txt	2
season2/season2/metin2_map_skipia_dungeon_01/000002/minimap.dds	season2/metin2_map_skipia_dungeon_01/000002/minimap.dds	1
season2/season2/metin2_map_skipia_dungeon_01/000002/shadowmap.dds	season2/metin2_map_skipia_dungeon_01/000002/shadowmap.dds	1
season2/season2/metin2_map_skipia_dungeon_01/000003/attr.atr	season2/metin2_map_skipia_dungeon_01/000003/attr.atr	1
season2/season2/metin2_map_skipia_dungeon_01/000003/height.raw	season2/metin2_map_skipia_dungeon_01/000003/height.raw	1
season2/season2/metin2_map_skipia_dungeon_01/000003/shadowmap.raw	season2/metin2_map_skipia_dungeon_01/000003/shadowmap.raw	1
season2/season2/metin2_map_skipia_dungeon_01/000004/areadata.txt	season2/metin2_map_skipia_dungeon_01/000004/areadata.txt	2
season2/season2/metin2_map_skipia_dungeon_01/001001/areaambiencedata.txt	season2/metin2_map_skipia_dungeon_01/001001/areaambiencedata.txt	2
season2/season2/metin2_map_skipia_dungeon_01/000004/attr.atr	season2/metin2_map_skipia_dungeon_01/000004/attr.atr	1
season2/season2/metin2_map_skipia_dungeon_01/000005/areaambiencedata.txt	season2/metin2_map_skipia_dungeon_01/000005/areaambiencedata.txt	2
season2/season2/metin2_map_skipia_dungeon_01/001000/areaambiencedata.txt	season2/metin2_map_skipia_dungeon_01/001000/areaambiencedata.txt	2
season2/season2/metin2_map_skipia_dungeon_01/001000/height.raw	season2/metin2_map_skipia_dungeon_01/001000/height.raw	1
season2/season2/metin2_map_skipia_dungeon_01/001000/minimap.dds	season2/metin2_map_skipia_dungeon_01/001000/minimap.dds	1
season2/season2/metin2_map_skipia_dungeon_01/001000/shadowmap.raw	season2/metin2_map_skipia_dungeon_01/001000/shadowmap.raw	1
season2/season2/monster/ch_magician/skipia_magician_wait1.msa	season2/monster/ch_magician/skipia_magician_wait1.msa	2
season2/season2/metin2_map_trent02_a/001000/areaproperty.txt	season2/metin2_map_trent02_a/001000/areaproperty.txt	2
season2/season2/metin2_map_skipia_dungeon_01/001000/tile.raw	season2/metin2_map_skipia_dungeon_01/001000/tile.raw	1
season2/season2/metin2_map_skipia_dungeon_01/001001/areaproperty.txt	season2/metin2_map_skipia_dungeon_01/001001/areaproperty.txt	2
season2/season2/metin2_map_skipia_dungeon_01/001001/height.raw	season2/metin2_map_skipia_dungeon_01/001001/height.raw	1
season2/season2/metin2_map_skipia_dungeon_01/001001/shadowmap.raw	season2/metin2_map_skipia_dungeon_01/001001/shadowmap.raw	1
season2/season2/metin2_map_skipia_dungeon_01/001002/height.raw	season2/metin2_map_skipia_dungeon_01/001002/height.raw	1
season2/season2/metin2_map_skipia_dungeon_01/001002/tile.raw	season2/metin2_map_skipia_dungeon_01/001002/tile.raw	1
season2/season2/metin2_map_skipia_dungeon_01/001003/areaproperty.txt	season2/metin2_map_skipia_dungeon_01/001003/areaproperty.txt	2
season2/season2/metin2_map_skipia_dungeon_01/001003/attr.atr	season2/metin2_map_skipia_dungeon_01/001003/attr.atr	1
season2/season2/metin2_map_skipia_dungeon_01/001003/minimap.dds	season2/metin2_map_skipia_dungeon_01/001003/minimap.dds	1
season2/season2/metin2_map_skipia_dungeon_01/001003/shadowmap.dds	season2/metin2_map_skipia_dungeon_01/001003/shadowmap.dds	1
season2/season2/metin2_map_skipia_dungeon_01/001003/water.wtr	season2/metin2_map_skipia_dungeon_01/001003/water.wtr	1
season2/season2/metin2_map_skipia_dungeon_01/001004/areaambiencedata.txt	season2/metin2_map_skipia_dungeon_01/001004/areaambiencedata.txt	2
season2/season2/metin2_map_skipia_dungeon_01/001004/areadata.txt	season2/metin2_map_skipia_dungeon_01/001004/areadata.txt	2
season2/season2/metin2_map_skipia_dungeon_01/001004/attr.atr	season2/metin2_map_skipia_dungeon_01/001004/attr.atr	1
season2/season2/metin2_map_skipia_dungeon_01/001004/height.raw	season2/metin2_map_skipia_dungeon_01/001004/height.raw	1
season2/season2/metin2_map_skipia_dungeon_02/003005/shadowmap.dds	season2/metin2_map_skipia_dungeon_02/003005/shadowmap.dds	1
season2/season2/metin2_map_skipia_dungeon_01/001004/shadowmap.raw	season2/metin2_map_skipia_dungeon_01/001004/shadowmap.raw	1
season2/season2/metin2_map_skipia_dungeon_01/001004/tile.raw	season2/metin2_map_skipia_dungeon_01/001004/tile.raw	1
season2/season2/metin2_map_skipia_dungeon_01/001004/water.wtr	season2/metin2_map_skipia_dungeon_01/001004/water.wtr	1
season2/season2/metin2_map_trent02_a/002002/shadowmap.dds	season2/metin2_map_trent02_a/002002/shadowmap.dds	1
season2/season2/metin2_map_skipia_dungeon_01/001005/attr.atr	season2/metin2_map_skipia_dungeon_01/001005/attr.atr	1
season2/season2/metin2_map_skipia_dungeon_01/001005/minimap.dds	season2/metin2_map_skipia_dungeon_01/001005/minimap.dds	1
season2/season2/metin2_map_skipia_dungeon_01/002005/attr.atr	season2/metin2_map_skipia_dungeon_01/002005/attr.atr	1
season2/season2/metin2_map_skipia_dungeon_01/001005/shadowmap.dds	season2/metin2_map_skipia_dungeon_01/001005/shadowmap.dds	1
season2/season2/metin2_map_skipia_dungeon_01/004003/water.wtr	season2/metin2_map_skipia_dungeon_01/004003/water.wtr	1
season2/season2/metin2_map_skipia_dungeon_01/001005/tile.raw	season2/metin2_map_skipia_dungeon_01/001005/tile.raw	1
season2/season2/metin2_map_skipia_dungeon_01/002000/water.wtr	season2/metin2_map_skipia_dungeon_01/002000/water.wtr	1
season2/season2/metin2_map_skipia_dungeon_01/002001/areaproperty.txt	season2/metin2_map_skipia_dungeon_01/002001/areaproperty.txt	2
season2/season2/metin2_map_skipia_dungeon_01/002001/attr.atr	season2/metin2_map_skipia_dungeon_01/002001/attr.atr	1
season2/season2/metin2_map_skipia_dungeon_01/002001/height.raw	season2/metin2_map_skipia_dungeon_01/002001/height.raw	1
season2/season2/metin2_map_skipia_dungeon_01/002001/minimap.dds	season2/metin2_map_skipia_dungeon_01/002001/minimap.dds	1
season2/season2/metin2_map_skipia_dungeon_01/002001/tile.raw	season2/metin2_map_skipia_dungeon_01/002001/tile.raw	1
season2/season2/metin2_map_skipia_dungeon_01/002002/areadata.txt	season2/metin2_map_skipia_dungeon_01/002002/areadata.txt	2
season2/season2/metin2_map_skipia_dungeon_01/002002/attr.atr	season2/metin2_map_skipia_dungeon_01/002002/attr.atr	1
season2/season2/metin2_map_skipia_dungeon_01/002002/tile.raw	season2/metin2_map_skipia_dungeon_01/002002/tile.raw	1
season2/season2/metin2_map_skipia_dungeon_01/002002/water.wtr	season2/metin2_map_skipia_dungeon_01/002002/water.wtr	1
season2/season2/metin2_map_skipia_dungeon_01/002003/minimap.dds	season2/metin2_map_skipia_dungeon_01/002003/minimap.dds	1
season2/season2/metin2_map_skipia_dungeon_02/003003/shadowmap.raw	season2/metin2_map_skipia_dungeon_02/003003/shadowmap.raw	1
season2/season2/metin2_map_skipia_dungeon_01/002003/shadowmap.dds	season2/metin2_map_skipia_dungeon_01/002003/shadowmap.dds	1
season2/season2/metin2_map_skipia_dungeon_01/002003/shadowmap.raw	season2/metin2_map_skipia_dungeon_01/002003/shadowmap.raw	1
season2/season2/metin2_map_skipia_dungeon_01/002003/water.wtr	season2/metin2_map_skipia_dungeon_01/002003/water.wtr	1
season2/season2/metin2_map_skipia_dungeon_01/002004/attr.atr	season2/metin2_map_skipia_dungeon_01/002004/attr.atr	1
season2/season2/metin2_map_skipia_dungeon_01/002004/shadowmap.dds	season2/metin2_map_skipia_dungeon_01/002004/shadowmap.dds	1
season2/season2/metin2_map_skipia_dungeon_01/002004/tile.raw	season2/metin2_map_skipia_dungeon_01/002004/tile.raw	1
season2/season2/metin2_map_skipia_dungeon_01/002004/water.wtr	season2/metin2_map_skipia_dungeon_01/002004/water.wtr	1
season2/season2/metin2_map_skipia_dungeon_01/002005/areaambiencedata.txt	season2/metin2_map_skipia_dungeon_01/002005/areaambiencedata.txt	2
season2/season2/metin2_map_skipia_dungeon_01/002005/areaproperty.txt	season2/metin2_map_skipia_dungeon_01/002005/areaproperty.txt	2
season2/season2/monster/ch_water_dragon/water_breathe01.mse	season2/monster/ch_water_dragon/water_breathe01.mse	1
season2/season2/metin2_map_skipia_dungeon_01/002005/shadowmap.dds	season2/metin2_map_skipia_dungeon_01/002005/shadowmap.dds	1
season2/season2/metin2_map_skipia_dungeon_01/002005/shadowmap.raw	season2/metin2_map_skipia_dungeon_01/002005/shadowmap.raw	1
season2/season2/metin2_map_skipia_dungeon_01/003000/areaambiencedata.txt	season2/metin2_map_skipia_dungeon_01/003000/areaambiencedata.txt	2
season2/season2/metin2_map_skipia_dungeon_01/003000/areaproperty.txt	season2/metin2_map_skipia_dungeon_01/003000/areaproperty.txt	2
season2/season2/metin2_map_skipia_dungeon_01/003000/attr.atr	season2/metin2_map_skipia_dungeon_01/003000/attr.atr	1
season2/season2/metin2_map_skipia_dungeon_01/003000/water.wtr	season2/metin2_map_skipia_dungeon_01/003000/water.wtr	1
season2/season2/metin2_map_skipia_dungeon_01/003001/areaambiencedata.txt	season2/metin2_map_skipia_dungeon_01/003001/areaambiencedata.txt	2
season2/season2/monster/ch_officer/skipia_officer_back_dead.msa	season2/monster/ch_officer/skipia_officer_back_dead.msa	2
season2/season2/monster/ch_bowman/skipia_bowman_back_knockdown.gr2	season2/monster/ch_bowman/skipia_bowman_back_knockdown.gr2	0
season2/season2/metin2_map_skipia_dungeon_01/003001/areaproperty.txt	season2/metin2_map_skipia_dungeon_01/003001/areaproperty.txt	2
season2/season2/metin2_map_skipia_dungeon_01/003001/attr.atr	season2/metin2_map_skipia_dungeon_01/003001/attr.atr	1
season2/season2/metin2_map_skipia_dungeon_02/003001/attr.atr	season2/metin2_map_skipia_dungeon_02/003001/attr.atr	1
season2/season2/metin2_map_skipia_dungeon_01/005002/tile.raw	season2/metin2_map_skipia_dungeon_01/005002/tile.raw	1
season2/season2/metin2_map_skipia_dungeon_01/003001/height.raw	season2/metin2_map_skipia_dungeon_01/003001/height.raw	1
season2/season2/metin2_map_skipia_dungeon_01/003001/minimap.dds	season2/metin2_map_skipia_dungeon_01/003001/minimap.dds	1
season2/season2/metin2_map_skipia_dungeon_01/003001/shadowmap.dds	season2/metin2_map_skipia_dungeon_01/003001/shadowmap.dds	1
season2/season2/metin2_map_skipia_dungeon_02/mapproperty.txt	season2/metin2_map_skipia_dungeon_02/mapproperty.txt	2
season2/season2/metin2_map_skipia_dungeon_01/003001/water.wtr	season2/metin2_map_skipia_dungeon_01/003001/water.wtr	1
season2/season2/metin2_map_skipia_dungeon_01/003002/attr.atr	season2/metin2_map_skipia_dungeon_01/003002/attr.atr	1
season2/season2/metin2_map_skipia_dungeon_01/003002/height.raw	season2/metin2_map_skipia_dungeon_01/003002/height.raw	1
season2/season2/metin2_map_skipia_dungeon_01/003002/shadowmap.dds	season2/metin2_map_skipia_dungeon_01/003002/shadowmap.dds	1
season2/season2/metin2_map_skipia_dungeon_01/003002/shadowmap.raw	season2/metin2_map_skipia_dungeon_01/003002/shadowmap.raw	1
season2/season2/metin2_map_skipia_dungeon_01/003002/tile.raw	season2/metin2_map_skipia_dungeon_01/003002/tile.raw	1
season2/season2/metin2_map_skipia_dungeon_01/003003/height.raw	season2/metin2_map_skipia_dungeon_01/003003/height.raw	1
season2/season2/metin2_map_skipia_dungeon_01/003003/water.wtr	season2/metin2_map_skipia_dungeon_01/003003/water.wtr	1
season2/season2/metin2_map_skipia_dungeon_01/003004/attr.atr	season2/metin2_map_skipia_dungeon_01/003004/attr.atr	1
season2/season2/monster/ch_general/skipia_general_front_damage.gr2	season2/monster/ch_general/skipia_general_front_damage.gr2	0
season2/season2/metin2_map_skipia_dungeon_01/003004/height.raw	season2/metin2_map_skipia_dungeon_01/003004/height.raw	1
season2/season2/metin2_map_skipia_dungeon_01/003004/shadowmap.dds	season2/metin2_map_skipia_dungeon_01/003004/shadowmap.dds	1
season2/season2/metin2_map_skipia_dungeon_01/003005/areaambiencedata.txt	season2/metin2_map_skipia_dungeon_01/003005/areaambiencedata.txt	2
season2/season2/metin2_map_skipia_dungeon_01/003005/areadata.txt	season2/metin2_map_skipia_dungeon_01/003005/areadata.txt	2
season2/season2/metin2_map_skipia_dungeon_01/003005/minimap.dds	season2/metin2_map_skipia_dungeon_01/003005/minimap.dds	1
season2/season2/metin2_map_skipia_dungeon_01/003005/shadowmap.dds	season2/metin2_map_skipia_dungeon_01/003005/shadowmap.dds	1
season2/season2/metin2_map_skipia_dungeon_01/003005/shadowmap.raw	season2/metin2_map_skipia_dungeon_01/003005/shadowmap.raw	1
season2/season2/metin2_map_skipia_dungeon_01/003005/tile.raw	season2/metin2_map_skipia_dungeon_01/003005/tile.raw	1
season2/season2/metin2_map_skipia_dungeon_01/003005/water.wtr	season2/metin2_map_skipia_dungeon_01/003005/water.wtr	1
season2/season2/metin2_map_skipia_dungeon_01/004000/areaambiencedata.txt	season2/metin2_map_skipia_dungeon_01/004000/areaambiencedata.txt	2
season2/season2/metin2_map_skipia_dungeon_01/004000/areadata.txt	season2/metin2_map_skipia_dungeon_01/004000/areadata.txt	2
season2/season2/metin2_map_skipia_dungeon_01/004000/minimap.dds	season2/metin2_map_skipia_dungeon_01/004000/minimap.dds	1
season2/season2/metin2_map_skipia_dungeon_01/004000/shadowmap.dds	season2/metin2_map_skipia_dungeon_01/004000/shadowmap.dds	1
season2/season2/metin2_map_skipia_dungeon_02/005005/tile.raw	season2/metin2_map_skipia_dungeon_02/005005/tile.raw	1
season2/season2/metin2_map_skipia_dungeon_01/004001/areadata.txt	season2/metin2_map_skipia_dungeon_01/004001/areadata.txt	2
season2/season2/metin2_map_skipia_dungeon_01/004001/attr.atr	season2/metin2_map_skipia_dungeon_01/004001/attr.atr	1
season2/season2/metin2_map_skipia_dungeon_01/004001/shadowmap.raw	season2/metin2_map_skipia_dungeon_01/004001/shadowmap.raw	1
season2/season2/metin2_map_skipia_dungeon_01/004002/areaambiencedata.txt	season2/metin2_map_skipia_dungeon_01/004002/areaambiencedata.txt	2
season2/season2/metin2_map_skipia_dungeon_01/004002/areadata.txt	season2/metin2_map_skipia_dungeon_01/004002/areadata.txt	2
season2/season2/metin2_map_trent02_a/001002/areadata.txt	season2/metin2_map_trent02_a/001002/areadata.txt	2
season2/season2/metin2_map_skipia_dungeon_01/004002/areaproperty.txt	season2/metin2_map_skipia_dungeon_01/004002/areaproperty.txt	2
season2/season2/metin2_map_skipia_dungeon_01/004002/height.raw	season2/metin2_map_skipia_dungeon_01/004002/height.raw	1
season2/season2/metin2_map_skipia_dungeon_02/005001/tile.raw	season2/metin2_map_skipia_dungeon_02/005001/tile.raw	1
season2/season2/metin2_map_skipia_dungeon_01/004002/minimap.dds	season2/metin2_map_skipia_dungeon_01/004002/minimap.dds	1
season2/season2/metin2_map_skipia_dungeon_01/004002/shadowmap.dds	season2/metin2_map_skipia_dungeon_01/004002/shadowmap.dds	1
season2/season2/metin2_map_skipia_dungeon_02/005003/shadowmap.raw	season2/metin2_map_skipia_dungeon_02/005003/shadowmap.raw	1
season2/season2/metin2_map_skipia_dungeon_01/004002/tile.raw	season2/metin2_map_skipia_dungeon_01/004002/tile.raw	1
season2/season2/metin2_map_skipia_dungeon_01/004002/water.wtr	season2/metin2_map_skipia_dungeon_01/004002/water.wtr	1
season2/season2/metin2_map_skipia_dungeon_01/004003/areaambiencedata.txt	season2/metin2_map_skipia_dungeon_01/004003/areaambiencedata.txt	2
season2/season2/metin2_map_skipia_dungeon_01/004003/areaproperty.txt	season2/metin2_map_skipia_dungeon_01/004003/areaproperty.txt	2
season2/season2/metin2_map_skipia_dungeon_02/002000/tile.raw	season2/metin2_map_skipia_dungeon_02/002000/tile.raw	1
season2/season2/metin2_map_skipia_dungeon_01/004004/shadowmap.raw	season2/metin2_map_skipia_dungeon_01/004004/shadowmap.raw	1
season2/season2/metin2_map_skipia_dungeon_01/004003/attr.atr	season2/metin2_map_skipia_dungeon_01/004003/attr.atr	1
season2/season2/metin2_map_skipia_dungeon_01/004003/height.raw	season2/metin2_map_skipia_dungeon_01/004003/height.raw	1
season2/season2/metin2_map_skipia_dungeon_01/004003/minimap.dds	season2/metin2_map_skipia_dungeon_01/004003/minimap.dds	1
season2/season2/metin2_map_skipia_dungeon_01/004003/shadowmap.dds	season2/metin2_map_skipia_dungeon_01/004003/shadowmap.dds	1
season2/season2/monster/ch_footman/skipia_footman_dead.gr2	season2/monster/ch_footman/skipia_footman_dead.gr2	0
season2/season2/metin2_map_skipia_dungeon_01/004003/shadowmap.raw	season2/metin2_map_skipia_dungeon_01/004003/shadowmap.raw	1
season2/season2/metin2_map_skipia_dungeon_01/004003/tile.raw	season2/metin2_map_skipia_dungeon_01/004003/tile.raw	1
season2/season2/metin2_map_trent02_a/000000/tile.raw	season2/metin2_map_trent02_a/000000/tile.raw	1
season2/season2/metin2_map_skipia_dungeon_02/001001/water.wtr	season2/metin2_map_skipia_dungeon_02/001001/water.wtr	1
season2/season2/metin2_map_skipia_dungeon_01/004004/areadata.txt	season2/metin2_map_skipia_dungeon_01/004004/areadata.txt	2
season2/season2/monster/ch_officer/skipia_officer02.dds	season2/monster/ch_officer/skipia_officer02.dds	1
season2/season2/metin2_map_skipia_dungeon_01/004004/attr.atr	season2/metin2_map_skipia_dungeon_01/004004/attr.atr	1
season2/season2/metin2_map_skipia_dungeon_02/003003/shadowmap.dds	season2/metin2_map_skipia_dungeon_02/003003/shadowmap.dds	1
season2/season2/metin2_map_skipia_dungeon_01/004004/shadowmap.dds	season2/metin2_map_skipia_dungeon_01/004004/shadowmap.dds	1
season2/season2/monster/ch_footman/skipia_footman_attack1.msa	season2/monster/ch_footman/skipia_footman_attack1.msa	2
season2/season2/metin2_map_skipia_dungeon_01/004004/tile.raw	season2/metin2_map_skipia_dungeon_01/004004/tile.raw	1
season2/season2/metin2_map_skipia_dungeon_01/004005/areaambiencedata.txt	season2/metin2_map_skipia_dungeon_01/004005/areaambiencedata.txt	2
season2/season2/metin2_map_skipia_dungeon_01/004005/areadata.txt	season2/metin2_map_skipia_dungeon_01/004005/areadata.txt	2
season2/season2/metin2_map_skipia_dungeon_01/004005/attr.atr	season2/metin2_map_skipia_dungeon_01/004005/attr.atr	1
season2/season2/metin2_map_skipia_dungeon_02/000002/tile.raw	season2/metin2_map_skipia_dungeon_02/000002/tile.raw	1
season2/season2/metin2_map_skipia_dungeon_01/004005/minimap.dds	season2/metin2_map_skipia_dungeon_01/004005/minimap.dds	1
season2/season2/metin2_map_skipia_dungeon_01/004005/shadowmap.raw	season2/metin2_map_skipia_dungeon_01/004005/shadowmap.raw	1
season2/season2/metin2_map_skipia_dungeon_01/004005/tile.raw	season2/metin2_map_skipia_dungeon_01/004005/tile.raw	1
season2/season2/metin2_map_skipia_dungeon_01/005000/areadata.txt	season2/metin2_map_skipia_dungeon_01/005000/areadata.txt	2
season2/season2/metin2_map_skipia_dungeon_01/005000/areaproperty.txt	season2/metin2_map_skipia_dungeon_01/005000/areaproperty.txt	2
season2/season2/metin2_map_skipia_dungeon_01/005001/shadowmap.raw	season2/metin2_map_skipia_dungeon_01/005001/shadowmap.raw	1
season2/season2/metin2_map_skipia_dungeon_01/005000/attr.atr	season2/metin2_map_skipia_dungeon_01/005000/attr.atr	1
season2/season2/metin2_map_skipia_dungeon_01/005000/height.raw	season2/metin2_map_skipia_dungeon_01/005000/height.raw	1
season2/season2/metin2_map_skipia_dungeon_01/005000/minimap.dds	season2/metin2_map_skipia_dungeon_01/005000/minimap.dds	1
season2/season2/metin2_map_skipia_dungeon_01/005000/shadowmap.raw	season2/metin2_map_skipia_dungeon_01/005000/shadowmap.raw	1
season2/season2/metin2_map_skipia_dungeon_01/005001/areaambiencedata.txt	season2/metin2_map_skipia_dungeon_01/005001/areaambiencedata.txt	2
season2/season2/metin2_map_skipia_dungeon_02/003002/height.raw	season2/metin2_map_skipia_dungeon_02/003002/height.raw	1
season2/season2/metin2_map_skipia_dungeon_01/005001/areaproperty.txt	season2/metin2_map_skipia_dungeon_01/005001/areaproperty.txt	2
season2/season2/metin2_map_skipia_dungeon_01/005001/attr.atr	season2/metin2_map_skipia_dungeon_01/005001/attr.atr	1
season2/season2/metin2_map_skipia_dungeon_01/005001/minimap.dds	season2/metin2_map_skipia_dungeon_01/005001/minimap.dds	1
season2/season2/metin2_map_skipia_dungeon_02/005003/areadata.txt	season2/metin2_map_skipia_dungeon_02/005003/areadata.txt	2
season2/season2/metin2_map_skipia_dungeon_01/005001/shadowmap.dds	season2/metin2_map_skipia_dungeon_01/005001/shadowmap.dds	1
season2/season2/metin2_map_skipia_dungeon_01/005001/water.wtr	season2/metin2_map_skipia_dungeon_01/005001/water.wtr	1
season2/season2/metin2_map_skipia_dungeon_02/004003/attr.atr	season2/metin2_map_skipia_dungeon_02/004003/attr.atr	1
season2/season2/metin2_map_skipia_dungeon_01/005002/areaambiencedata.txt	season2/metin2_map_skipia_dungeon_01/005002/areaambiencedata.txt	2
season2/season2/metin2_map_skipia_dungeon_01/005002/areadata.txt	season2/metin2_map_skipia_dungeon_01/005002/areadata.txt	2
season2/season2/metin2_map_skipia_dungeon_01/005002/height.raw	season2/metin2_map_skipia_dungeon_01/005002/height.raw	1
season2/season2/metin2_map_skipia_dungeon_01/005002/shadowmap.dds	season2/metin2_map_skipia_dungeon_01/005002/shadowmap.dds	1
season2/season2/metin2_map_skipia_dungeon_01/005003/areadata.txt	season2/metin2_map_skipia_dungeon_01/005003/areadata.txt	2
season2/season2/metin2_map_skipia_dungeon_02/005003/minimap.dds	season2/metin2_map_skipia_dungeon_02/005003/minimap.dds	1
season2/season2/metin2_map_skipia_dungeon_01/005003/height.raw	season2/metin2_map_skipia_dungeon_01/005003/height.raw	1
season2/season2/metin2_map_skipia_dungeon_01/005003/shadowmap.dds	season2/metin2_map_skipia_dungeon_01/005003/shadowmap.dds	1
season2/season2/metin2_map_skipia_dungeon_01/005003/shadowmap.raw	season2/metin2_map_skipia_dungeon_01/005003/shadowmap.raw	1
season2/season2/metin2_map_skipia_dungeon_02/002004/areadata.txt	season2/metin2_map_skipia_dungeon_02/002004/areadata.txt	2
season2/season2/metin2_map_skipia_dungeon_01/005003/water.wtr	season2/metin2_map_skipia_dungeon_01/005003/water.wtr	1
season2/season2/metin2_map_skipia_dungeon_01/005004/areaambiencedata.txt	season2/metin2_map_skipia_dungeon_01/005004/areaambiencedata.txt	2
season2/season2/metin2_map_skipia_dungeon_02/000001/shadowmap.dds	season2/metin2_map_skipia_dungeon_02/000001/shadowmap.dds	1
season2/season2/metin2_map_skipia_dungeon_01/005004/areadata.txt	season2/metin2_map_skipia_dungeon_01/005004/areadata.txt	2
season2/season2/metin2_map_skipia_dungeon_01/005004/areaproperty.txt	season2/metin2_map_skipia_dungeon_01/005004/areaproperty.txt	2
season2/season2/metin2_map_skipia_dungeon_01/005004/attr.atr	season2/metin2_map_skipia_dungeon_01/005004/attr.atr	1
season2/season2/monster/ch_magician/skipia_fire.mse	season2/monster/ch_magician/skipia_fire.mse	1
season2/season2/metin2_map_skipia_dungeon_01/005004/height.raw	season2/metin2_map_skipia_dungeon_01/005004/height.raw	1
season2/season2/metin2_map_skipia_dungeon_01/005004/minimap.dds	season2/metin2_map_skipia_dungeon_01/005004/minimap.dds	1
season2/season2/metin2_map_skipia_dungeon_01/005004/shadowmap.dds	season2/metin2_map_skipia_dungeon_01/005004/shadowmap.dds	1
season2/season2/metin2_map_skipia_dungeon_01/005004/water.wtr	season2/metin2_map_skipia_dungeon_01/005004/water.wtr	1
season2/season2/metin2_map_skipia_dungeon_01/005005/areaambiencedata.txt	season2/metin2_map_skipia_dungeon_01/005005/areaambiencedata.txt	2
season2/season2/metin2_map_skipia_dungeon_01/005005/minimap.dds	season2/metin2_map_skipia_dungeon_01/005005/minimap.dds	1
season2/season2/metin2_map_skipia_dungeon_01/005005/shadowmap.dds	season2/metin2_map_skipia_dungeon_01/005005/shadowmap.dds	1
season2/season2/metin2_map_skipia_dungeon_01/005005/shadowmap.raw	season2/metin2_map_skipia_dungeon_01/005005/shadowmap.raw	1
season2/season2/metin2_map_skipia_dungeon_01/005005/tile.raw	season2/metin2_map_skipia_dungeon_01/005005/tile.raw	1
season2/season2/metin2_map_skipia_dungeon_02/003005/shadowmap.raw	season2/metin2_map_skipia_dungeon_02/003005/shadowmap.raw	1
season2/season2/metin2_map_skipia_dungeon_01/005005/water.wtr	season2/metin2_map_skipia_dungeon_01/005005/water.wtr	1
season2/season2/metin2_map_skipia_dungeon_01/setting.txt	season2/metin2_map_skipia_dungeon_01/setting.txt	2
season2/season2/metin2_map_skipia_dungeon_01/skipia_dungeon.msenv	season2/metin2_map_skipia_dungeon_01/skipia_dungeon.msenv	0
season2/season2/metin2_map_skipia_dungeon_02/000000/areaambiencedata.txt	season2/metin2_map_skipia_dungeon_02/000000/areaambiencedata.txt	2
season2/season2/metin2_map_skipia_dungeon_02/000000/areadata.txt	season2/metin2_map_skipia_dungeon_02/000000/areadata.txt	2
season2/season2/metin2_map_trent02_a/002000/minimap.dds	season2/metin2_map_trent02_a/002000/minimap.dds	1
season2/season2/metin2_map_skipia_dungeon_02/000000/attr.atr	season2/metin2_map_skipia_dungeon_02/000000/attr.atr	1
season2/season2/metin2_map_skipia_dungeon_02/003002/shadowmap.dds	season2/metin2_map_skipia_dungeon_02/003002/shadowmap.dds	1
season2/season2/metin2_map_skipia_dungeon_02/000000/minimap.dds	season2/metin2_map_skipia_dungeon_02/000000/minimap.dds	1
season2/season2/metin2_map_skipia_dungeon_02/000000/shadowmap.raw	season2/metin2_map_skipia_dungeon_02/000000/shadowmap.raw	1
season2/season2/metin2_map_skipia_dungeon_02/000000/tile.raw	season2/metin2_map_skipia_dungeon_02/000000/tile.raw	1
season2/season2/metin2_map_skipia_dungeon_02/000001/areaambiencedata.txt	season2/metin2_map_skipia_dungeon_02/000001/areaambiencedata.txt	2
season2/season2/metin2_map_skipia_dungeon_02/000001/areadata.txt	season2/metin2_map_skipia_dungeon_02/000001/areadata.txt	2
season2/season2/metin2_map_skipia_dungeon_02/000001/areaproperty.txt	season2/metin2_map_skipia_dungeon_02/000001/areaproperty.txt	2
season2/season2/metin2_map_skipia_dungeon_02/000001/height.raw	season2/metin2_map_skipia_dungeon_02/000001/height.raw	1
season2/season2/metin2_map_skipia_dungeon_02/000001/shadowmap.raw	season2/metin2_map_skipia_dungeon_02/000001/shadowmap.raw	1
season2/season2/metin2_map_skipia_dungeon_02/000001/tile.raw	season2/metin2_map_skipia_dungeon_02/000001/tile.raw	1
season2/season2/metin2_map_skipia_dungeon_02/000002/areaambiencedata.txt	season2/metin2_map_skipia_dungeon_02/000002/areaambiencedata.txt	2
season2/season2/metin2_map_skipia_dungeon_02/000002/areadata.txt	season2/metin2_map_skipia_dungeon_02/000002/areadata.txt	2
season2/season2/metin2_map_skipia_dungeon_02/000002/attr.atr	season2/metin2_map_skipia_dungeon_02/000002/attr.atr	1
season2/season2/metin2_map_skipia_dungeon_02/000002/shadowmap.dds	season2/metin2_map_skipia_dungeon_02/000002/shadowmap.dds	1
season2/season2/metin2_map_skipia_dungeon_02/000003/areaambiencedata.txt	season2/metin2_map_skipia_dungeon_02/000003/areaambiencedata.txt	2
season2/season2/metin2_map_skipia_dungeon_02/000003/areadata.txt	season2/metin2_map_skipia_dungeon_02/000003/areadata.txt	2
season2/season2/metin2_map_skipia_dungeon_02/000003/areaproperty.txt	season2/metin2_map_skipia_dungeon_02/000003/areaproperty.txt	2
season2/season2/metin2_map_skipia_dungeon_02/000003/attr.atr	season2/metin2_map_skipia_dungeon_02/000003/attr.atr	1
season2/season2/metin2_map_skipia_dungeon_02/000003/height.raw	season2/metin2_map_skipia_dungeon_02/000003/height.raw	1
season2/season2/metin2_map_skipia_dungeon_02/000003/minimap.dds	season2/metin2_map_skipia_dungeon_02/000003/minimap.dds	1
season2/season2/metin2_map_skipia_dungeon_02/000003/tile.raw	season2/metin2_map_skipia_dungeon_02/000003/tile.raw	1
season2/season2/metin2_map_skipia_dungeon_02/000003/water.wtr	season2/metin2_map_skipia_dungeon_02/000003/water.wtr	1
season2/season2/metin2_map_skipia_dungeon_02/000004/areaproperty.txt	season2/metin2_map_skipia_dungeon_02/000004/areaproperty.txt	2
season2/season2/metin2_map_skipia_dungeon_02/000004/height.raw	season2/metin2_map_skipia_dungeon_02/000004/height.raw	1
season2/season2/metin2_map_skipia_dungeon_02/000004/minimap.dds	season2/metin2_map_skipia_dungeon_02/000004/minimap.dds	1
season2/season2/metin2_map_skipia_dungeon_02/001005/water.wtr	season2/metin2_map_skipia_dungeon_02/001005/water.wtr	1
season2/season2/metin2_map_skipia_dungeon_02/000004/shadowmap.dds	season2/metin2_map_skipia_dungeon_02/000004/shadowmap.dds	1
season2/season2/metin2_map_skipia_dungeon_02/000004/tile.raw	season2/metin2_map_skipia_dungeon_02/000004/tile.raw	1
season2/season2/metin2_map_skipia_dungeon_02/000005/attr.atr	season2/metin2_map_skipia_dungeon_02/000005/attr.atr	1
season2/season2/metin2_map_skipia_dungeon_02/000005/minimap.dds	season2/metin2_map_skipia_dungeon_02/000005/minimap.dds	1
season2/season2/metin2_map_skipia_dungeon_02/000005/shadowmap.raw	season2/metin2_map_skipia_dungeon_02/000005/shadowmap.raw	1
season2/season2/monster/ch_magician/0001.tga	season2/monster/ch_magician/0001.tga	1
season2/season2/metin2_map_skipia_dungeon_02/000005/tile.raw	season2/metin2_map_skipia_dungeon_02/000005/tile.raw	1
season2/season2/metin2_map_skipia_dungeon_02/001000/areaambiencedata.txt	season2/metin2_map_skipia_dungeon_02/001000/areaambiencedata.txt	2
season2/season2/metin2_map_skipia_dungeon_02/001000/areadata.txt	season2/metin2_map_skipia_dungeon_02/001000/areadata.txt	2
season2/season2/metin2_map_skipia_dungeon_02/001000/areaproperty.txt	season2/metin2_map_skipia_dungeon_02/001000/areaproperty.txt	2
season2/season2/metin2_map_skipia_dungeon_02/001000/shadowmap.dds	season2/metin2_map_skipia_dungeon_02/001000/shadowmap.dds	1
season2/season2/metin2_map_skipia_dungeon_02/001001/areadata.txt	season2/metin2_map_skipia_dungeon_02/001001/areadata.txt	2
season2/season2/metin2_map_skipia_dungeon_02/001000/water.wtr	season2/metin2_map_skipia_dungeon_02/001000/water.wtr	1
season2/season2/metin2_map_skipia_dungeon_02/001001/attr.atr	season2/metin2_map_skipia_dungeon_02/001001/attr.atr	1
season2/season2/metin2_map_skipia_dungeon_02/001001/minimap.dds	season2/metin2_map_skipia_dungeon_02/001001/minimap.dds	1
season2/season2/metin2_map_skipia_dungeon_02/001001/shadowmap.raw	season2/metin2_map_skipia_dungeon_02/001001/shadowmap.raw	1
season2/season2/metin2_map_trent02_a/000001/areaambiencedata.txt	season2/metin2_map_trent02_a/000001/areaambiencedata.txt	2
season2/season2/metin2_map_skipia_dungeon_02/001002/areaambiencedata.txt	season2/metin2_map_skipia_dungeon_02/001002/areaambiencedata.txt	2
season2/season2/metin2_map_skipia_dungeon_02/001002/areadata.txt	season2/metin2_map_skipia_dungeon_02/001002/areadata.txt	2
season2/season2/metin2_map_skipia_dungeon_02/001002/areaproperty.txt	season2/metin2_map_skipia_dungeon_02/001002/areaproperty.txt	2
season2/season2/metin2_map_skipia_dungeon_02/001002/attr.atr	season2/metin2_map_skipia_dungeon_02/001002/attr.atr	1
season2/season2/metin2_map_skipia_dungeon_02/001002/height.raw	season2/metin2_map_skipia_dungeon_02/001002/height.raw	1
season2/season2/metin2_map_skipia_dungeon_02/003002/shadowmap.raw	season2/metin2_map_skipia_dungeon_02/003002/shadowmap.raw	1
season2/season2/metin2_map_skipia_dungeon_02/001002/minimap.dds	season2/metin2_map_skipia_dungeon_02/001002/minimap.dds	1
season2/season2/metin2_map_skipia_dungeon_02/001002/shadowmap.dds	season2/metin2_map_skipia_dungeon_02/001002/shadowmap.dds	1
season2/season2/metin2_map_skipia_dungeon_02/001002/shadowmap.raw	season2/metin2_map_skipia_dungeon_02/001002/shadowmap.raw	1
season2/season2/metin2_map_skipia_dungeon_02/001003/areaambiencedata.txt	season2/metin2_map_skipia_dungeon_02/001003/areaambiencedata.txt	2
season2/season2/metin2_map_skipia_dungeon_02/001003/areadata.txt	season2/metin2_map_skipia_dungeon_02/001003/areadata.txt	2
season2/season2/metin2_map_skipia_dungeon_02/001003/areaproperty.txt	season2/metin2_map_skipia_dungeon_02/001003/areaproperty.txt	2
season2/season2/metin2_map_skipia_dungeon_02/001003/height.raw	season2/metin2_map_skipia_dungeon_02/001003/height.raw	1
season2/season2/metin2_map_skipia_dungeon_02/001003/shadowmap.dds	season2/metin2_map_skipia_dungeon_02/001003/shadowmap.dds	1
season2/season2/metin2_map_skipia_dungeon_02/001003/shadowmap.raw	season2/metin2_map_skipia_dungeon_02/001003/shadowmap.raw	1
season2/season2/metin2_map_skipia_dungeon_02/001004/areaambiencedata.txt	season2/metin2_map_skipia_dungeon_02/001004/areaambiencedata.txt	2
season2/season2/metin2_map_skipia_dungeon_02/001004/attr.atr	season2/metin2_map_skipia_dungeon_02/001004/attr.atr	1
season2/season2/metin2_map_skipia_dungeon_02/001004/minimap.dds	season2/metin2_map_skipia_dungeon_02/001004/minimap.dds	1
season2/season2/metin2_map_skipia_dungeon_02/001004/shadowmap.dds	season2/metin2_map_skipia_dungeon_02/001004/shadowmap.dds	1
season2/season2/metin2_map_skipia_dungeon_02/005004/minimap.dds	season2/metin2_map_skipia_dungeon_02/005004/minimap.dds	1
season2/season2/metin2_map_skipia_dungeon_02/001004/shadowmap.raw	season2/metin2_map_skipia_dungeon_02/001004/shadowmap.raw	1
season2/season2/metin2_map_skipia_dungeon_02/001004/water.wtr	season2/metin2_map_skipia_dungeon_02/001004/water.wtr	1
season2/season2/metin2_map_trent_a/001000/areaproperty.txt	season2/metin2_map_trent_a/001000/areaproperty.txt	2
season2/season2/metin2_map_skipia_dungeon_02/001005/areadata.txt	season2/metin2_map_skipia_dungeon_02/001005/areadata.txt	2
season2/season2/metin2_map_skipia_dungeon_02/004000/areaproperty.txt	season2/metin2_map_skipia_dungeon_02/004000/areaproperty.txt	2
season2/season2/metin2_map_skipia_dungeon_02/001005/attr.atr	season2/metin2_map_skipia_dungeon_02/001005/attr.atr	1
season2/season2/metin2_map_skipia_dungeon_02/001005/height.raw	season2/metin2_map_skipia_dungeon_02/001005/height.raw	1
season2/season2/metin2_map_skipia_dungeon_02/001005/shadowmap.dds	season2/metin2_map_skipia_dungeon_02/001005/shadowmap.dds	1
season2/season2/metin2_map_skipia_dungeon_02/001005/tile.raw	season2/metin2_map_skipia_dungeon_02/001005/tile.raw	1
season2/season2/metin2_map_skipia_dungeon_02/002000/areaambiencedata.txt	season2/metin2_map_skipia_dungeon_02/002000/areaambiencedata.txt	2
season2/season2/metin2_map_skipia_dungeon_02/002000/height.raw	season2/metin2_map_skipia_dungeon_02/002000/height.raw	1
season2/season2/metin2_map_skipia_dungeon_02/002000/shadowmap.raw	season2/metin2_map_skipia_dungeon_02/002000/shadowmap.raw	1
season2/season2/metin2_map_skipia_dungeon_02/002000/water.wtr	season2/metin2_map_skipia_dungeon_02/002000/water.wtr	1
season2/season2/metin2_map_skipia_dungeon_02/002001/areadata.txt	season2/metin2_map_skipia_dungeon_02/002001/areadata.txt	2
season2/season2/metin2_map_skipia_dungeon_02/002001/areaproperty.txt	season2/metin2_map_skipia_dungeon_02/002001/areaproperty.txt	2
season2/season2/metin2_map_skipia_dungeon_02/002001/attr.atr	season2/metin2_map_skipia_dungeon_02/002001/attr.atr	1
season2/season2/metin2_map_skipia_dungeon_02/002001/minimap.dds	season2/metin2_map_skipia_dungeon_02/002001/minimap.dds	1
season2/season2/metin2_map_skipia_dungeon_02/002001/shadowmap.raw	season2/metin2_map_skipia_dungeon_02/002001/shadowmap.raw	1
season2/season2/metin2_map_trent02_a/001001/height.raw	season2/metin2_map_trent02_a/001001/height.raw	1
season2/season2/metin2_map_skipia_dungeon_02/002001/tile.raw	season2/metin2_map_skipia_dungeon_02/002001/tile.raw	1
season2/season2/metin2_map_skipia_dungeon_02/002001/water.wtr	season2/metin2_map_skipia_dungeon_02/002001/water.wtr	1
season2/season2/metin2_map_skipia_dungeon_02/002002/areadata.txt	season2/metin2_map_skipia_dungeon_02/002002/areadata.txt	2
season2/season2/monster/ch_magician/skipia_magician_wait.gr2	season2/monster/ch_magician/skipia_magician_wait.gr2	0
season2/season2/metin2_map_skipia_dungeon_02/002002/attr.atr	season2/metin2_map_skipia_dungeon_02/002002/attr.atr	1
season2/season2/metin2_map_skipia_dungeon_02/002002/height.raw	season2/metin2_map_skipia_dungeon_02/002002/height.raw	1
season2/season2/metin2_map_skipia_dungeon_02/002002/minimap.dds	season2/metin2_map_skipia_dungeon_02/002002/minimap.dds	1
season2/season2/metin2_map_skipia_dungeon_02/002002/shadowmap.dds	season2/metin2_map_skipia_dungeon_02/002002/shadowmap.dds	1
season2/season2/metin2_map_skipia_dungeon_02/002002/shadowmap.raw	season2/metin2_map_skipia_dungeon_02/002002/shadowmap.raw	1
season2/season2/metin2_map_skipia_dungeon_02/002002/water.wtr	season2/metin2_map_skipia_dungeon_02/002002/water.wtr	1
season2/season2/metin2_map_skipia_dungeon_02/002003/areaambiencedata.txt	season2/metin2_map_skipia_dungeon_02/002003/areaambiencedata.txt	2
season2/season2/metin2_map_skipia_dungeon_02/002003/areadata.txt	season2/metin2_map_skipia_dungeon_02/002003/areadata.txt	2
season2/season2/metin2_map_skipia_dungeon_02/002003/attr.atr	season2/metin2_map_skipia_dungeon_02/002003/attr.atr	1
season2/season2/metin2_map_skipia_dungeon_02/002003/minimap.dds	season2/metin2_map_skipia_dungeon_02/002003/minimap.dds	1
season2/season2/metin2_map_skipia_dungeon_02/002003/shadowmap.dds	season2/metin2_map_skipia_dungeon_02/002003/shadowmap.dds	1
season2/season2/metin2_map_skipia_dungeon_02/002003/water.wtr	season2/metin2_map_skipia_dungeon_02/002003/water.wtr	1
season2/season2/monster/ch_general/motlist.txt	season2/monster/ch_general/motlist.txt	2
season2/season2/metin2_map_skipia_dungeon_02/002004/areaambiencedata.txt	season2/metin2_map_skipia_dungeon_02/002004/areaambiencedata.txt	2
season2/season2/metin2_map_skipia_dungeon_02/002004/areaproperty.txt	season2/metin2_map_skipia_dungeon_02/002004/areaproperty.txt	2
season2/season2/metin2_map_skipia_dungeon_02/002004/attr.atr	season2/metin2_map_skipia_dungeon_02/002004/attr.atr	1
season2/season2/metin2_map_skipia_dungeon_02/002004/minimap.dds	season2/metin2_map_skipia_dungeon_02/002004/minimap.dds	1
season2/season2/metin2_map_skipia_dungeon_02/002004/shadowmap.dds	season2/metin2_map_skipia_dungeon_02/002004/shadowmap.dds	1
season2/season2/metin2_map_skipia_dungeon_02/002004/shadowmap.raw	season2/metin2_map_skipia_dungeon_02/002004/shadowmap.raw	1
season2/season2/monster/ch_footman/skipia_footman.gr2	season2/monster/ch_footman/skipia_footman.gr2	0
season2/season2/metin2_map_trent02_a/001000/minimap.dds	season2/metin2_map_trent02_a/001000/minimap.dds	1
season2/season2/metin2_map_skipia_dungeon_02/002004/tile.raw	season2/metin2_map_skipia_dungeon_02/002004/tile.raw	1
season2/season2/metin2_map_skipia_dungeon_02/002005/areadata.txt	season2/metin2_map_skipia_dungeon_02/002005/areadata.txt	2
season2/season2/metin2_map_skipia_dungeon_02/002005/attr.atr	season2/metin2_map_skipia_dungeon_02/002005/attr.atr	1
season2/season2/metin2_map_skipia_dungeon_02/002005/height.raw	season2/metin2_map_skipia_dungeon_02/002005/height.raw	1
season2/season2/metin2_map_skipia_dungeon_02/002005/minimap.dds	season2/metin2_map_skipia_dungeon_02/002005/minimap.dds	1
season2/season2/metin2_map_skipia_dungeon_02/002005/shadowmap.dds	season2/metin2_map_skipia_dungeon_02/002005/shadowmap.dds	1
season2/season2/metin2_map_skipia_dungeon_02/002005/shadowmap.raw	season2/metin2_map_skipia_dungeon_02/002005/shadowmap.raw	1
season2/season2/metin2_map_skipia_dungeon_02/002005/tile.raw	season2/metin2_map_skipia_dungeon_02/002005/tile.raw	1
season2/season2/metin2_map_skipia_dungeon_02/002005/water.wtr	season2/metin2_map_skipia_dungeon_02/002005/water.wtr	1
season2/season2/metin2_map_skipia_dungeon_02/003000/areadata.txt	season2/metin2_map_skipia_dungeon_02/003000/areadata.txt	2
season2/season2/monster/ch_footman/skipia_footman_back_standup.msa	season2/monster/ch_footman/skipia_footman_back_standup.msa	2
season2/season2/metin2_map_trent02_a/002002/tile.raw	season2/metin2_map_trent02_a/002002/tile.raw	1
season2/season2/metin2_map_skipia_dungeon_02/003000/areaproperty.txt	season2/metin2_map_skipia_dungeon_02/003000/areaproperty.txt	2
season2/season2/metin2_map_skipia_dungeon_02/003000/shadowmap.raw	season2/metin2_map_skipia_dungeon_02/003000/shadowmap.raw	1
season2/season2/metin2_map_skipia_dungeon_02/003000/water.wtr	season2/metin2_map_skipia_dungeon_02/003000/water.wtr	1
season2/season2/metin2_map_skipia_dungeon_02/003001/areaproperty.txt	season2/metin2_map_skipia_dungeon_02/003001/areaproperty.txt	2
season2/season2/metin2_map_skipia_dungeon_02/003001/height.raw	season2/metin2_map_skipia_dungeon_02/003001/height.raw	1
season2/season2/metin2_map_skipia_dungeon_02/003001/minimap.dds	season2/metin2_map_skipia_dungeon_02/003001/minimap.dds	1
season2/season2/metin2_map_skipia_dungeon_02/003001/shadowmap.dds	season2/metin2_map_skipia_dungeon_02/003001/shadowmap.dds	1
season2/season2/metin2_map_skipia_dungeon_02/003001/tile.raw	season2/metin2_map_skipia_dungeon_02/003001/tile.raw	1
season2/season2/metin2_map_skipia_dungeon_02/003001/water.wtr	season2/metin2_map_skipia_dungeon_02/003001/water.wtr	1
season2/season2/metin2_map_skipia_dungeon_02/003002/areaambiencedata.txt	season2/metin2_map_skipia_dungeon_02/003002/areaambiencedata.txt	2
season2/season2/metin2_map_skipia_dungeon_02/003002/areadata.txt	season2/metin2_map_skipia_dungeon_02/003002/areadata.txt	2
season2/season2/metin2_map_skipia_dungeon_02/003002/areaproperty.txt	season2/metin2_map_skipia_dungeon_02/003002/areaproperty.txt	2
season2/season2/metin2_map_skipia_dungeon_02/003002/minimap.dds	season2/metin2_map_skipia_dungeon_02/003002/minimap.dds	1
season2/season2/metin2_map_skipia_dungeon_02/003002/tile.raw	season2/metin2_map_skipia_dungeon_02/003002/tile.raw	1
season2/season2/metin2_map_skipia_dungeon_02/005000/tile.raw	season2/metin2_map_skipia_dungeon_02/005000/tile.raw	1
season2/season2/metin2_map_skipia_dungeon_02/003002/water.wtr	season2/metin2_map_skipia_dungeon_02/003002/water.wtr	1
season2/season2/monster/ch_water_dragon/water_breathe02.dds	season2/monster/ch_water_dragon/water_breathe02.dds	1
season2/season2/metin2_map_skipia_dungeon_02/003003/areadata.txt	season2/metin2_map_skipia_dungeon_02/003003/areadata.txt	2
season2/season2/metin2_map_skipia_dungeon_02/003003/areaproperty.txt	season2/metin2_map_skipia_dungeon_02/003003/areaproperty.txt	2
season2/season2/metin2_map_skipia_dungeon_02/003003/attr.atr	season2/metin2_map_skipia_dungeon_02/003003/attr.atr	1
season2/season2/metin2_map_skipia_dungeon_02/003003/height.raw	season2/metin2_map_skipia_dungeon_02/003003/height.raw	1
season2/season2/metin2_map_skipia_dungeon_02/003003/minimap.dds	season2/metin2_map_skipia_dungeon_02/003003/minimap.dds	1
season2/season2/metin2_map_skipia_dungeon_02/003003/tile.raw	season2/metin2_map_skipia_dungeon_02/003003/tile.raw	1
season2/season2/metin2_map_trent02_a/001000/areaambiencedata.txt	season2/metin2_map_trent02_a/001000/areaambiencedata.txt	2
season2/season2/metin2_map_skipia_dungeon_02/003003/water.wtr	season2/metin2_map_skipia_dungeon_02/003003/water.wtr	1
season2/season2/metin2_map_skipia_dungeon_02/003004/areadata.txt	season2/metin2_map_skipia_dungeon_02/003004/areadata.txt	2
season2/season2/metin2_map_skipia_dungeon_02/003004/attr.atr	season2/metin2_map_skipia_dungeon_02/003004/attr.atr	1
season2/season2/metin2_map_skipia_dungeon_02/003004/minimap.dds	season2/metin2_map_skipia_dungeon_02/003004/minimap.dds	1
season2/season2/metin2_map_skipia_dungeon_02/003004/shadowmap.dds	season2/metin2_map_skipia_dungeon_02/003004/shadowmap.dds	1
season2/season2/metin2_map_skipia_dungeon_02/003004/tile.raw	season2/metin2_map_skipia_dungeon_02/003004/tile.raw	1
season2/season2/metin2_map_skipia_dungeon_02/003005/areaambiencedata.txt	season2/metin2_map_skipia_dungeon_02/003005/areaambiencedata.txt	2
season2/season2/metin2_map_skipia_dungeon_02/003005/areadata.txt	season2/metin2_map_skipia_dungeon_02/003005/areadata.txt	2
season2/season2/metin2_map_skipia_dungeon_02/003005/areaproperty.txt	season2/metin2_map_skipia_dungeon_02/003005/areaproperty.txt	2
season2/season2/metin2_map_skipia_dungeon_02/003005/attr.atr	season2/metin2_map_skipia_dungeon_02/003005/attr.atr	1
season2/season2/metin2_map_skipia_dungeon_02/003005/minimap.dds	season2/metin2_map_skipia_dungeon_02/003005/minimap.dds	1
season2/season2/metin2_map_skipia_dungeon_02/003005/tile.raw	season2/metin2_map_skipia_dungeon_02/003005/tile.raw	1
season2/season2/metin2_map_skipia_dungeon_02/004000/shadowmap.dds	season2/metin2_map_skipia_dungeon_02/004000/shadowmap.dds	1
season2/season2/metin2_map_skipia_dungeon_02/003005/water.wtr	season2/metin2_map_skipia_dungeon_02/003005/water.wtr	1
season2/season2/metin2_map_skipia_dungeon_02/004000/areaambiencedata.txt	season2/metin2_map_skipia_dungeon_02/004000/areaambiencedata.txt	2
season2/season2/metin2_map_skipia_dungeon_02/004000/areadata.txt	season2/metin2_map_skipia_dungeon_02/004000/areadata.txt	2
season2/season2/metin2_map_skipia_dungeon_02/004000/attr.atr	season2/metin2_map_skipia_dungeon_02/004000/attr.atr	1
season2/season2/metin2_map_skipia_dungeon_02/004000/shadowmap.raw	season2/metin2_map_skipia_dungeon_02/004000/shadowmap.raw	1
season2/season2/metin2_map_skipia_dungeon_02/004000/water.wtr	season2/metin2_map_skipia_dungeon_02/004000/water.wtr	1
season2/season2/metin2_map_skipia_dungeon_02/004001/areaproperty.txt	season2/metin2_map_skipia_dungeon_02/004001/areaproperty.txt	2
season2/season2/metin2_map_skipia_dungeon_02/004001/attr.atr	season2/metin2_map_skipia_dungeon_02/004001/attr.atr	1
season2/season2/metin2_map_skipia_dungeon_02/004001/height.raw	season2/metin2_map_skipia_dungeon_02/004001/height.raw	1
season2/season2/metin2_map_skipia_dungeon_02/004001/minimap.dds	season2/metin2_map_skipia_dungeon_02/004001/minimap.dds	1
season2/season2/metin2_map_skipia_dungeon_02/004001/shadowmap.raw	season2/metin2_map_skipia_dungeon_02/004001/shadowmap.raw	1
season2/season2/metin2_map_skipia_dungeon_02/004001/tile.raw	season2/metin2_map_skipia_dungeon_02/004001/tile.raw	1
season2/season2/metin2_map_skipia_dungeon_02/004001/water.wtr	season2/metin2_map_skipia_dungeon_02/004001/water.wtr	1
season2/season2/metin2_map_skipia_dungeon_02/004002/areaambiencedata.txt	season2/metin2_map_skipia_dungeon_02/004002/areaambiencedata.txt	2
season2/season2/metin2_map_trent02_a/002002/attr.atr	season2/metin2_map_trent02_a/002002/attr.atr	1
season2/season2/metin2_map_skipia_dungeon_02/004002/areadata.txt	season2/metin2_map_skipia_dungeon_02/004002/areadata.txt	2
season2/season2/metin2_map_skipia_dungeon_02/004002/attr.atr	season2/metin2_map_skipia_dungeon_02/004002/attr.atr	1
season2/season2/metin2_map_skipia_dungeon_02/004002/shadowmap.dds	season2/metin2_map_skipia_dungeon_02/004002/shadowmap.dds	1
season2/season2/monster/ch_magician/skipia_magician_attack1.msa	season2/monster/ch_magician/skipia_magician_attack1.msa	2
season2/season2/metin2_map_skipia_dungeon_02/004002/shadowmap.raw	season2/metin2_map_skipia_dungeon_02/004002/shadowmap.raw	1
season2/season2/metin2_map_skipia_dungeon_02/004002/water.wtr	season2/metin2_map_skipia_dungeon_02/004002/water.wtr	1
season2/season2/metin2_map_skipia_dungeon_02/004003/areaambiencedata.txt	season2/metin2_map_skipia_dungeon_02/004003/areaambiencedata.txt	2
season2/season2/metin2_map_skipia_dungeon_02/004003/height.raw	season2/metin2_map_skipia_dungeon_02/004003/height.raw	1
season2/season2/metin2_map_skipia_dungeon_02/004003/minimap.dds	season2/metin2_map_skipia_dungeon_02/004003/minimap.dds	1
season2/season2/metin2_map_skipia_dungeon_02/004003/shadowmap.raw	season2/metin2_map_skipia_dungeon_02/004003/shadowmap.raw	1
season2/season2/metin2_map_skipia_dungeon_02/004004/areaambiencedata.txt	season2/metin2_map_skipia_dungeon_02/004004/areaambiencedata.txt	2
season2/season2/metin2_map_skipia_dungeon_02/004004/areadata.txt	season2/metin2_map_skipia_dungeon_02/004004/areadata.txt	2
season2/season2/metin2_map_skipia_dungeon_02/004004/minimap.dds	season2/metin2_map_skipia_dungeon_02/004004/minimap.dds	1
season2/season2/metin2_map_skipia_dungeon_02/004004/shadowmap.dds	season2/metin2_map_skipia_dungeon_02/004004/shadowmap.dds	1
season2/season2/metin2_map_skipia_dungeon_02/004004/shadowmap.raw	season2/metin2_map_skipia_dungeon_02/004004/shadowmap.raw	1
season2/season2/metin2_map_skipia_dungeon_02/004004/tile.raw	season2/metin2_map_skipia_dungeon_02/004004/tile.raw	1
season2/season2/metin2_map_skipia_dungeon_02/004005/attr.atr	season2/metin2_map_skipia_dungeon_02/004005/attr.atr	1
season2/season2/monster/ch_magician/torpedo.mse	season2/monster/ch_magician/torpedo.mse	1
season2/season2/metin2_map_skipia_dungeon_02/004005/height.raw	season2/metin2_map_skipia_dungeon_02/004005/height.raw	1
season2/season2/metin2_map_skipia_dungeon_02/004005/minimap.dds	season2/metin2_map_skipia_dungeon_02/004005/minimap.dds	1
season2/season2/metin2_map_skipia_dungeon_02/004005/shadowmap.raw	season2/metin2_map_skipia_dungeon_02/004005/shadowmap.raw	1
season2/season2/metin2_map_skipia_dungeon_02/004005/tile.raw	season2/metin2_map_skipia_dungeon_02/004005/tile.raw	1
season2/season2/metin2_map_skipia_dungeon_02/004005/water.wtr	season2/metin2_map_skipia_dungeon_02/004005/water.wtr	1
season2/season2/metin2_map_skipia_dungeon_02/005000/areaproperty.txt	season2/metin2_map_skipia_dungeon_02/005000/areaproperty.txt	2
season2/season2/metin2_map_skipia_dungeon_02/005000/attr.atr	season2/metin2_map_skipia_dungeon_02/005000/attr.atr	1
season2/season2/metin2_map_skipia_dungeon_02/005000/height.raw	season2/metin2_map_skipia_dungeon_02/005000/height.raw	1
season2/season2/metin2_map_skipia_dungeon_02/005000/shadowmap.dds	season2/metin2_map_skipia_dungeon_02/005000/shadowmap.dds	1
season2/season2/metin2_map_skipia_dungeon_02/005000/water.wtr	season2/metin2_map_skipia_dungeon_02/005000/water.wtr	1
season2/season2/metin2_map_skipia_dungeon_02/005001/shadowmap.dds	season2/metin2_map_skipia_dungeon_02/005001/shadowmap.dds	1
season2/season2/metin2_map_skipia_dungeon_02/005001/water.wtr	season2/metin2_map_skipia_dungeon_02/005001/water.wtr	1
season2/season2/metin2_map_skipia_dungeon_02/005002/areaambiencedata.txt	season2/metin2_map_skipia_dungeon_02/005002/areaambiencedata.txt	2
season2/season2/metin2_map_skipia_dungeon_02/005002/areaproperty.txt	season2/metin2_map_skipia_dungeon_02/005002/areaproperty.txt	2
season2/season2/metin2_map_skipia_dungeon_02/005002/attr.atr	season2/metin2_map_skipia_dungeon_02/005002/attr.atr	1
season2/season2/metin2_map_skipia_dungeon_02/005002/height.raw	season2/metin2_map_skipia_dungeon_02/005002/height.raw	1
season2/season2/metin2_map_skipia_dungeon_02/005002/minimap.dds	season2/metin2_map_skipia_dungeon_02/005002/minimap.dds	1
season2/season2/metin2_map_skipia_dungeon_02/005002/shadowmap.dds	season2/metin2_map_skipia_dungeon_02/005002/shadowmap.dds	1
season2/season2/metin2_map_skipia_dungeon_02/005002/tile.raw	season2/metin2_map_skipia_dungeon_02/005002/tile.raw	1
season2/season2/metin2_map_skipia_dungeon_02/005002/water.wtr	season2/metin2_map_skipia_dungeon_02/005002/water.wtr	1
season2/season2/metin2_map_skipia_dungeon_02/005003/areaambiencedata.txt	season2/metin2_map_skipia_dungeon_02/005003/areaambiencedata.txt	2
season2/season2/metin2_map_skipia_dungeon_02/005003/attr.atr	season2/metin2_map_skipia_dungeon_02/005003/attr.atr	1
season2/season2/metin2_map_skipia_dungeon_02/005003/height.raw	season2/metin2_map_skipia_dungeon_02/005003/height.raw	1
season2/season2/metin2_map_skipia_dungeon_02/005003/shadowmap.dds	season2/metin2_map_skipia_dungeon_02/005003/shadowmap.dds	1
season2/season2/metin2_map_skipia_dungeon_02/005003/water.wtr	season2/metin2_map_skipia_dungeon_02/005003/water.wtr	1
season2/season2/metin2_map_skipia_dungeon_02/005004/areadata.txt	season2/metin2_map_skipia_dungeon_02/005004/areadata.txt	2
season2/season2/metin2_map_skipia_dungeon_02/005004/height.raw	season2/metin2_map_skipia_dungeon_02/005004/height.raw	1
season2/season2/metin2_map_skipia_dungeon_02/005004/shadowmap.raw	season2/metin2_map_skipia_dungeon_02/005004/shadowmap.raw	1
season2/season2/metin2_map_skipia_dungeon_02/005004/water.wtr	season2/metin2_map_skipia_dungeon_02/005004/water.wtr	1
season2/season2/metin2_map_skipia_dungeon_02/005005/areadata.txt	season2/metin2_map_skipia_dungeon_02/005005/areadata.txt	2
season2/season2/metin2_map_skipia_dungeon_02/005005/areaproperty.txt	season2/metin2_map_skipia_dungeon_02/005005/areaproperty.txt	2
season2/season2/metin2_map_skipia_dungeon_02/005005/minimap.dds	season2/metin2_map_skipia_dungeon_02/005005/minimap.dds	1
season2/season2/metin2_map_skipia_dungeon_02/005005/shadowmap.raw	season2/metin2_map_skipia_dungeon_02/005005/shadowmap.raw	1
season2/season2/metin2_map_skipia_dungeon_02/005005/water.wtr	season2/metin2_map_skipia_dungeon_02/005005/water.wtr	1
season2/season2/metin2_map_skipia_dungeon_02/setting.txt	season2/metin2_map_skipia_dungeon_02/setting.txt	2
season2/season2/metin2_map_skipia_dungeon_02/skipia_dungeon.msenv	season2/metin2_map_skipia_dungeon_02/skipia_dungeon.msenv	0
season2/season2/metin2_map_trent02_a/000000/areaambiencedata.txt	season2/metin2_map_trent02_a/000000/areaambiencedata.txt	2
season2/season2/metin2_map_trent02_a/000000/height.raw	season2/metin2_map_trent02_a/000000/height.raw	1
season2/season2/metin2_map_trent02_a/000000/minimap.dds	season2/metin2_map_trent02_a/000000/minimap.dds	1
season2/season2/metin2_map_trent02_a/000000/shadowmap.dds	season2/metin2_map_trent02_a/000000/shadowmap.dds	1
season2/season2/metin2_map_trent02_a/000000/shadowmap.raw	season2/metin2_map_trent02_a/000000/shadowmap.raw	1
season2/season2/metin2_map_trent02_a/000000/water.wtr	season2/metin2_map_trent02_a/000000/water.wtr	1
season2/season2/metin2_map_trent02_a/000001/areaproperty.txt	season2/metin2_map_trent02_a/000001/areaproperty.txt	2
season2/season2/metin2_map_trent02_a/000001/height.raw	season2/metin2_map_trent02_a/000001/height.raw	1
season2/season2/metin2_map_trent02_a/000001/minimap.dds	season2/metin2_map_trent02_a/000001/minimap.dds	1
season2/season2/metin2_map_trent02_a/000001/water.wtr	season2/metin2_map_trent02_a/000001/water.wtr	1
season2/season2/metin2_map_trent02_a/000002/height.raw	season2/metin2_map_trent02_a/000002/height.raw	1
season2/season2/monster/ch_magician/skipia_magician_back_knockdown.msa	season2/monster/ch_magician/skipia_magician_back_knockdown.msa	2
season2/season2/metin2_map_trent02_a/000002/minimap.dds	season2/metin2_map_trent02_a/000002/minimap.dds	1
season2/season2/metin2_map_trent02_a/000002/shadowmap.dds	season2/metin2_map_trent02_a/000002/shadowmap.dds	1
season2/season2/metin2_map_trent02_a/000002/shadowmap.raw	season2/metin2_map_trent02_a/000002/shadowmap.raw	1
season2/season2/metin2_map_trent02_a/000002/tile.raw	season2/metin2_map_trent02_a/000002/tile.raw	1
season2/season2/monster/ch_magician/skipia_magician_damage1.msa	season2/monster/ch_magician/skipia_magician_damage1.msa	2
season2/season2/metin2_map_trent02_a/001000/areadata.txt	season2/metin2_map_trent02_a/001000/areadata.txt	2
season2/season2/metin2_map_trent02_a/001000/attr.atr	season2/metin2_map_trent02_a/001000/attr.atr	1
season2/season2/metin2_map_trent02_a/001000/height.raw	season2/metin2_map_trent02_a/001000/height.raw	1
season2/season2/metin2_map_trent02_a/001000/shadowmap.dds	season2/metin2_map_trent02_a/001000/shadowmap.dds	1
season2/season2/metin2_map_trent02_a/001000/shadowmap.raw	season2/metin2_map_trent02_a/001000/shadowmap.raw	1
season2/season2/metin2_map_trent02_a/001000/tile.raw	season2/metin2_map_trent02_a/001000/tile.raw	1
season2/season2/metin2_map_trent02_a/001001/areaambiencedata.txt	season2/metin2_map_trent02_a/001001/areaambiencedata.txt	2
season2/season2/monster/ch_magician/0002.tga	season2/monster/ch_magician/0002.tga	1
season2/season2/metin2_map_trent02_a/001001/areadata.txt	season2/metin2_map_trent02_a/001001/areadata.txt	2
season2/season2/metin2_map_trent02_a/001001/attr.atr	season2/metin2_map_trent02_a/001001/attr.atr	1
season2/season2/metin2_map_trent02_a/001001/shadowmap.dds	season2/metin2_map_trent02_a/001001/shadowmap.dds	1
season2/season2/metin2_map_trent02_a/001001/tile.raw	season2/metin2_map_trent02_a/001001/tile.raw	1
season2/season2/metin2_map_trent02_a/001001/water.wtr	season2/metin2_map_trent02_a/001001/water.wtr	1
season2/season2/metin2_map_trent02_a/001002/minimap.dds	season2/metin2_map_trent02_a/001002/minimap.dds	1
season2/season2/metin2_map_trent02_a/001002/shadowmap.raw	season2/metin2_map_trent02_a/001002/shadowmap.raw	1
season2/season2/metin2_map_trent02_a/001002/tile.raw	season2/metin2_map_trent02_a/001002/tile.raw	1
season2/season2/metin2_map_trent02_a/002000/areadata.txt	season2/metin2_map_trent02_a/002000/areadata.txt	2
season2/season2/metin2_map_trent02_a/002000/areaproperty.txt	season2/metin2_map_trent02_a/002000/areaproperty.txt	2
season2/season2/metin2_map_trent02_a/002000/attr.atr	season2/metin2_map_trent02_a/002000/attr.atr	1
season2/season2/metin2_map_trent02_a/002000/shadowmap.dds	season2/metin2_map_trent02_a/002000/shadowmap.dds	1
season2/season2/metin2_map_trent02_a/002000/shadowmap.raw	season2/metin2_map_trent02_a/002000/shadowmap.raw	1
season2/season2/monster/ch_bowman/motlist.txt	season2/monster/ch_bowman/motlist.txt	2
season2/season2/metin2_map_trent02_a/002000/tile.raw	season2/metin2_map_trent02_a/002000/tile.raw	1
season2/season2/metin2_map_trent02_a/002000/water.wtr	season2/metin2_map_trent02_a/002000/water.wtr	1
season2/season2/metin2_map_trent02_a/002001/areaproperty.txt	season2/metin2_map_trent02_a/002001/areaproperty.txt	2
season2/season2/metin2_map_trent02_a/002001/shadowmap.dds	season2/metin2_map_trent02_a/002001/shadowmap.dds	1
season2/season2/metin2_map_trent02_a/002001/shadowmap.raw	season2/metin2_map_trent02_a/002001/shadowmap.raw	1
season2/season2/monster/ch_officer/skipia_officer_front_damage.gr2	season2/monster/ch_officer/skipia_officer_front_damage.gr2	0
season2/season2/metin2_map_trent02_a/002001/water.wtr	season2/metin2_map_trent02_a/002001/water.wtr	1
season2/season2/metin2_map_trent02_a/002002/areaambiencedata.txt	season2/metin2_map_trent02_a/002002/areaambiencedata.txt	2
season2/season2/metin2_map_trent02_a/002002/height.raw	season2/metin2_map_trent02_a/002002/height.raw	1
season2/season2/metin2_map_trent02_a/mapproperty.txt	season2/metin2_map_trent02_a/mapproperty.txt	2
season2/season2/metin2_map_trent02_a/setting.txt	season2/metin2_map_trent02_a/setting.txt	2
season2/season2/metin2_map_trent02_a/trent02.msenv	season2/metin2_map_trent02_a/trent02.msenv	0
season2/season2/metin2_map_trent_a/000000/areadata.txt	season2/metin2_map_trent_a/000000/areadata.txt	2
season2/season2/metin2_map_trent_a/000000/areaproperty.txt	season2/metin2_map_trent_a/000000/areaproperty.txt	2
season2/season2/metin2_map_trent_a/000000/shadowmap.dds	season2/metin2_map_trent_a/000000/shadowmap.dds	1
season2/season2/metin2_map_trent_a/000000/tile.raw	season2/metin2_map_trent_a/000000/tile.raw	1
season2/season2/metin2_map_trent_a/000001/areadata.txt	season2/metin2_map_trent_a/000001/areadata.txt	2
season2/season2/metin2_map_trent_a/000001/areaproperty.txt	season2/metin2_map_trent_a/000001/areaproperty.txt	2
season2/season2/metin2_map_trent_a/000001/attr.atr	season2/metin2_map_trent_a/000001/attr.atr	1
season2/season2/metin2_map_trent_a/000001/minimap.dds	season2/metin2_map_trent_a/000001/minimap.dds	1
season2/season2/metin2_map_trent_a/000001/shadowmap.raw	season2/metin2_map_trent_a/000001/shadowmap.raw	1
season2/season2/metin2_map_trent_a/000001/tile.raw	season2/metin2_map_trent_a/000001/tile.raw	1
season2/season2/metin2_map_trent_a/001000/areadata.txt	season2/metin2_map_trent_a/001000/areadata.txt	2
season2/season2/metin2_map_trent_a/001000/height.raw	season2/metin2_map_trent_a/001000/height.raw	1
season2/season2/metin2_map_trent_a/001000/shadowmap.dds	season2/metin2_map_trent_a/001000/shadowmap.dds	1
season2/season2/metin2_map_trent_a/001000/shadowmap.raw	season2/metin2_map_trent_a/001000/shadowmap.raw	1
season2/season2/metin2_map_trent_a/001000/water.wtr	season2/metin2_map_trent_a/001000/water.wtr	1
season2/season2/metin2_map_trent_a/001001/areaambiencedata.txt	season2/metin2_map_trent_a/001001/areaambiencedata.txt	2
season2/season2/metin2_map_trent_a/001001/areadata.txt	season2/metin2_map_trent_a/001001/areadata.txt	2
season2/season2/metin2_map_trent_a/001001/areaproperty.txt	season2/metin2_map_trent_a/001001/areaproperty.txt	2
season2/season2/metin2_map_trent_a/001001/height.raw	season2/metin2_map_trent_a/001001/height.raw	1
season2/season2/metin2_map_trent_a/001001/water.wtr	season2/metin2_map_trent_a/001001/water.wtr	1
season2/season2/metin2_map_trent_a/atlas.sub	season2/metin2_map_trent_a/atlas.sub	0
season2/season2/metin2_map_trent_a/mapproperty.txt	season2/metin2_map_trent_a/mapproperty.txt	2
season2/season2/monster/ch_bowman/amseup.jpg	season2/monster/ch_bowman/amseup.jpg	0
season2/season2/monster/ch_bowman/arrow.mse	season2/monster/ch_bowman/arrow.mse	1
season2/season2/monster/ch_bowman/arrow_01.mde	season2/monster/ch_bowman/arrow_01.mde	1
season2/season2/monster/ch_bowman/ring_rainbow_line.jpg	season2/monster/ch_bowman/ring_rainbow_line.jpg	0
season2/season2/monster/ch_bowman/skipia_bowman.msm	season2/monster/ch_bowman/skipia_bowman.msm	2
season2/season2/monster/ch_bowman/skipia_bowman02.dds	season2/monster/ch_bowman/skipia_bowman02.dds	1
season2/season2/monster/ch_bowman/skipia_bowman_attack.gr2	season2/monster/ch_bowman/skipia_bowman_attack.gr2	0
season2/season2/monster/ch_general/skipia_general_damage1.msa	season2/monster/ch_general/skipia_general_damage1.msa	2
season2/season2/monster/ch_bowman/skipia_bowman_attack.msa	season2/monster/ch_bowman/skipia_bowman_attack.msa	2
season2/season2/monster/ch_magician/skipia_magician_damage1.gr2	season2/monster/ch_magician/skipia_magician_damage1.gr2	0
season2/season2/monster/ch_bowman/skipia_bowman_attack1.gr2	season2/monster/ch_bowman/skipia_bowman_attack1.gr2	0
season2/season2/monster/ch_bowman/skipia_bowman_attack1.msa	season2/monster/ch_bowman/skipia_bowman_attack1.msa	2
season2/season2/monster/ch_bowman/skipia_bowman_back_damage.gr2	season2/monster/ch_bowman/skipia_bowman_back_damage.gr2	0
season2/season2/monster/ch_bowman/skipia_bowman_back_damage1.gr2	season2/monster/ch_bowman/skipia_bowman_back_damage1.gr2	0
season2/season2/monster/ch_bowman/skipia_bowman_back_damage1.msa	season2/monster/ch_bowman/skipia_bowman_back_damage1.msa	2
season2/season2/monster/ch_bowman/skipia_bowman_back_dead.gr2	season2/monster/ch_bowman/skipia_bowman_back_dead.gr2	0
season2/season2/monster/ch_bowman/skipia_bowman_back_knockdown.msa	season2/monster/ch_bowman/skipia_bowman_back_knockdown.msa	2
season2/season2/monster/ch_bowman/skipia_bowman_back_standup.gr2	season2/monster/ch_bowman/skipia_bowman_back_standup.gr2	0
season2/season2/monster/ch_bowman/skipia_bowman_back_standup.msa	season2/monster/ch_bowman/skipia_bowman_back_standup.msa	2
season2/season2/monster/ch_bowman/skipia_bowman_damage.gr2	season2/monster/ch_bowman/skipia_bowman_damage.gr2	0
season2/season2/monster/ch_bowman/skipia_bowman_damage1.gr2	season2/monster/ch_bowman/skipia_bowman_damage1.gr2	0
season2/season2/monster/ch_bowman/skipia_bowman_damage1.msa	season2/monster/ch_bowman/skipia_bowman_damage1.msa	2
season2/season2/monster/ch_bowman/skipia_bowman_dead.msa	season2/monster/ch_bowman/skipia_bowman_dead.msa	2
season2/season2/monster/ch_bowman/skipia_bowman_front_knockdown.gr2	season2/monster/ch_bowman/skipia_bowman_front_knockdown.gr2	0
season2/season2/monster/ch_general/skipia_general_skill1.gr2	season2/monster/ch_general/skipia_general_skill1.gr2	0
season2/season2/monster/ch_bowman/skipia_bowman_front_knockdown.msa	season2/monster/ch_bowman/skipia_bowman_front_knockdown.msa	2
season2/season2/monster/ch_bowman/skipia_bowman_front_standup.msa	season2/monster/ch_bowman/skipia_bowman_front_standup.msa	2
season2/season2/monster/ch_bowman/skipia_bowman_wait1.gr2	season2/monster/ch_bowman/skipia_bowman_wait1.gr2	0
season2/season2/monster/ch_footman/footman.msm	season2/monster/ch_footman/footman.msm	2
season2/season2/monster/ch_footman/skipia_footman_attack.msa	season2/monster/ch_footman/skipia_footman_attack.msa	2
season2/season2/monster/ch_footman/motlist.txt	season2/monster/ch_footman/motlist.txt	2
season2/season2/monster/ch_footman/skipia_footman01.dds	season2/monster/ch_footman/skipia_footman01.dds	1
season2/season2/monster/ch_footman/skipia_footman02.dds	season2/monster/ch_footman/skipia_footman02.dds	1
season2/season2/monster/ch_footman/skipia_footman_attack1.gr2	season2/monster/ch_footman/skipia_footman_attack1.gr2	0
season2/season2/monster/ch_footman/skipia_footman_back_damage.gr2	season2/monster/ch_footman/skipia_footman_back_damage.gr2	0
season2/season2/monster/ch_footman/skipia_footman_back_damage.msa	season2/monster/ch_footman/skipia_footman_back_damage.msa	2
season2/season2/monster/ch_footman/skipia_footman_back_dead.gr2	season2/monster/ch_footman/skipia_footman_back_dead.gr2	0
season2/season2/monster/ch_footman/skipia_footman_back_dead.msa	season2/monster/ch_footman/skipia_footman_back_dead.msa	2
season2/season2/monster/ch_footman/skipia_footman_back_knockdown.gr2	season2/monster/ch_footman/skipia_footman_back_knockdown.gr2	0
season2/season2/monster/ch_footman/skipia_footman_back_standup.gr2	season2/monster/ch_footman/skipia_footman_back_standup.gr2	0
season2/season2/monster/ch_footman/skipia_footman_front_damage.gr2	season2/monster/ch_footman/skipia_footman_front_damage.gr2	0
season2/season2/monster/ch_footman/skipia_footman_front_damage1.msa	season2/monster/ch_footman/skipia_footman_front_damage1.msa	2
season2/season2/monster/ch_footman/skipia_footman_front_knockdown.msa	season2/monster/ch_footman/skipia_footman_front_knockdown.msa	2
season2/season2/monster/ch_footman/skipia_footman_front_standup.gr2	season2/monster/ch_footman/skipia_footman_front_standup.gr2	0
season2/season2/monster/ch_footman/skipia_footman_front_standup.msa	season2/monster/ch_footman/skipia_footman_front_standup.msa	2
season2/season2/monster/ch_footman/skipia_footman_lod_01.gr2	season2/monster/ch_footman/skipia_footman_lod_01.gr2	0
season2/season2/monster/ch_footman/skipia_footman_wait1.msa	season2/monster/ch_footman/skipia_footman_wait1.msa	2
season2/season2/monster/ch_general/general.msm	season2/monster/ch_general/general.msm	2
season2/season2/monster/ch_general/general_skill2.mse	season2/monster/ch_general/general_skill2.mse	1
season2/season2/monster/ch_general/skipia_general.gr2	season2/monster/ch_general/skipia_general.gr2	0
season2/season2/monster/ch_general/skipia_general01.dds	season2/monster/ch_general/skipia_general01.dds	1
season2/season2/monster/ch_general/skipia_general_attack.gr2	season2/monster/ch_general/skipia_general_attack.gr2	0
season2/season2/monster/ch_general/skipia_general_attack1.gr2	season2/monster/ch_general/skipia_general_attack1.gr2	0
season2/season2/monster/ch_general/skipia_general_back_damage.msa	season2/monster/ch_general/skipia_general_back_damage.msa	2
season2/season2/monster/ch_general/skipia_general_back_damage1.gr2	season2/monster/ch_general/skipia_general_back_damage1.gr2	0
season2/season2/monster/ch_general/skipia_general_back_damage1.msa	season2/monster/ch_general/skipia_general_back_damage1.msa	2
season2/season2/monster/ch_general/skipia_general_back_dead.gr2	season2/monster/ch_general/skipia_general_back_dead.gr2	0
season2/season2/monster/ch_general/skipia_general_back_knockdown.gr2	season2/monster/ch_general/skipia_general_back_knockdown.gr2	0
season2/season2/monster/ch_general/skipia_general_back_knockdown.msa	season2/monster/ch_general/skipia_general_back_knockdown.msa	2
season2/season2/monster/ch_general/skipia_general_back_standup.gr2	season2/monster/ch_general/skipia_general_back_standup.gr2	0
season2/season2/monster/ch_general/skipia_general_damage.msa	season2/monster/ch_general/skipia_general_damage.msa	2
season2/season2/monster/ch_general/skipia_general_dead.gr2	season2/monster/ch_general/skipia_general_dead.gr2	0
season2/season2/monster/ch_general/skipia_general_front_damage.msa	season2/monster/ch_general/skipia_general_front_damage.msa	2
season2/season2/monster/ch_general/skipia_general_front_damage1.msa	season2/monster/ch_general/skipia_general_front_damage1.msa	2
season2/season2/monster/ch_general/skipia_general_front_knockdown.gr2	season2/monster/ch_general/skipia_general_front_knockdown.gr2	0
season2/season2/monster/ch_general/skipia_general_front_knockdown.msa	season2/monster/ch_general/skipia_general_front_knockdown.msa	2
season2/season2/monster/ch_general/skipia_general_front_standup.gr2	season2/monster/ch_general/skipia_general_front_standup.gr2	0
season2/season2/monster/ch_general/skipia_general_front_standup.msa	season2/monster/ch_general/skipia_general_front_standup.msa	2
season2/season2/monster/ch_general/skipia_general_run.gr2	season2/monster/ch_general/skipia_general_run.gr2	0
season2/season2/monster/ch_general/skipia_general_run.msa	season2/monster/ch_general/skipia_general_run.msa	2
season2/season2/monster/ch_general/skipia_general_skill1.msa	season2/monster/ch_general/skipia_general_skill1.msa	2
season2/season2/monster/ch_officer/skipia_officer_knockdown.msa	season2/monster/ch_officer/skipia_officer_knockdown.msa	2
season2/season2/monster/ch_general/skipia_general_skill2.msa	season2/monster/ch_general/skipia_general_skill2.msa	2
season2/season2/monster/ch_general/skipia_general_wait.gr2	season2/monster/ch_general/skipia_general_wait.gr2	0
season2/season2/monster/ch_general/skipia_general_wait.msa	season2/monster/ch_general/skipia_general_wait.msa	2
season2/season2/monster/ch_general/skipia_general_wait1.gr2	season2/monster/ch_general/skipia_general_wait1.gr2	0
season2/season2/monster/ch_general/skipia_general_wait1.msa	season2/monster/ch_general/skipia_general_wait1.msa	2
season2/season2/monster/ch_magician/0006.tga	season2/monster/ch_magician/0006.tga	1
season2/season2/monster/ch_magician/flame.dds	season2/monster/ch_magician/flame.dds	1
season2/season2/monster/ch_magician/ls1_1 copy.jpg	season2/monster/ch_magician/ls1_1 copy.jpg	0
season2/season2/monster/ch_magician/motlist.txt	season2/monster/ch_magician/motlist.txt	2
season2/season2/monster/ch_magician/shamandust.jpg	season2/monster/ch_magician/shamandust.jpg	0
season2/season2/monster/ch_magician/skipia_magician02.dds	season2/monster/ch_magician/skipia_magician02.dds	1
season2/season2/monster/ch_magician/skipia_magician_attack.gr2	season2/monster/ch_magician/skipia_magician_attack.gr2	0
season2/season2/monster/ch_magician/skipia_magician_attack.msa	season2/monster/ch_magician/skipia_magician_attack.msa	2
season2/season2/monster/ch_magician/skipia_magician_attack1.gr2	season2/monster/ch_magician/skipia_magician_attack1.gr2	0
season2/season2/monster/ch_magician/skipia_magician_damage.gr2	season2/monster/ch_magician/skipia_magician_damage.gr2	0
season2/season2/monster/ch_magician/skipia_magician_back_damage.gr2	season2/monster/ch_magician/skipia_magician_back_damage.gr2	0
season2/season2/monster/ch_water_dragon/00_1.gr2	season2/monster/ch_water_dragon/00_1.gr2	0
season2/season2/monster/ch_magician/skipia_magician_back_damage1.gr2	season2/monster/ch_magician/skipia_magician_back_damage1.gr2	0
season2/season2/monster/ch_magician/skipia_magician_back_damage1.msa	season2/monster/ch_magician/skipia_magician_back_damage1.msa	2
season2/season2/monster/ch_magician/skipia_magician_back_dead.msa	season2/monster/ch_magician/skipia_magician_back_dead.msa	2
season2/season2/monster/ch_magician/skipia_magician_back_knockdown.gr2	season2/monster/ch_magician/skipia_magician_back_knockdown.gr2	0
season2/season2/monster/ch_magician/skipia_magician_back_standup.gr2	season2/monster/ch_magician/skipia_magician_back_standup.gr2	0
season2/season2/monster/ch_magician/skipia_magician_damage.msa	season2/monster/ch_magician/skipia_magician_damage.msa	2
season2/season2/monster/ch_magician/skipia_magician_dead.gr2	season2/monster/ch_magician/skipia_magician_dead.gr2	0
season2/season2/monster/ch_magician/skipia_magician_dead.msa	season2/monster/ch_magician/skipia_magician_dead.msa	2
season2/season2/monster/ch_magician/skipia_magician_front_knockdown.gr2	season2/monster/ch_magician/skipia_magician_front_knockdown.gr2	0
season2/season2/monster/ch_magician/skipia_magician_front_knockdown.msa	season2/monster/ch_magician/skipia_magician_front_knockdown.msa	2
season2/season2/monster/ch_magician/skipia_magician_front_standup.gr2	season2/monster/ch_magician/skipia_magician_front_standup.gr2	0
season2/season2/monster/ch_magician/skipia_magician_front_standup.msa	season2/monster/ch_magician/skipia_magician_front_standup.msa	2
season2/season2/monster/ch_magician/skipia_magician_knockdown.msa	season2/monster/ch_magician/skipia_magician_knockdown.msa	2
season2/season2/monster/ch_magician/skipia_magician_lod_01.gr2	season2/monster/ch_magician/skipia_magician_lod_01.gr2	0
season2/season2/monster/ch_magician/skipia_magician_run.gr2	season2/monster/ch_magician/skipia_magician_run.gr2	0
season2/season2/monster/ch_magician/skipia_magician_standup.msa	season2/monster/ch_magician/skipia_magician_standup.msa	2
season2/season2/monster/ch_magician/skipia_magician_wait.msa	season2/monster/ch_magician/skipia_magician_wait.msa	2
season2/season2/monster/ch_magician/torpedo_blow.mse	season2/monster/ch_magician/torpedo_blow.mse	1
season2/season2/monster/ch_magician/w_star.jpg	season2/monster/ch_magician/w_star.jpg	0
season2/season2/monster/ch_officer/motlist.txt	season2/monster/ch_officer/motlist.txt	2
season2/season2/monster/ch_officer/officer.msm	season2/monster/ch_officer/officer.msm	2
season2/season2/monster/ch_officer/skipia_officer_damage1.msa	season2/monster/ch_officer/skipia_officer_damage1.msa	2
season2/season2/monster/ch_officer/shape.msm	season2/monster/ch_officer/shape.msm	2
season2/season2/monster/ch_officer/skipia_officer01.dds	season2/monster/ch_officer/skipia_officer01.dds	1
season2/season2/monster/ch_officer/skipia_officer_attack.gr2	season2/monster/ch_officer/skipia_officer_attack.gr2	0
season2/season2/monster/ch_officer/skipia_officer_attack1.gr2	season2/monster/ch_officer/skipia_officer_attack1.gr2	0
season2/season2/monster/ch_officer/skipia_officer_attack1.msa	season2/monster/ch_officer/skipia_officer_attack1.msa	2
season2/season2/monster/ch_officer/skipia_officer_back_damage1.msa	season2/monster/ch_officer/skipia_officer_back_damage1.msa	2
season2/season2/monster/ch_officer/skipia_officer_back_knockdown.gr2	season2/monster/ch_officer/skipia_officer_back_knockdown.gr2	0
season2/season2/monster/ch_officer/skipia_officer_back_knockdown.msa	season2/monster/ch_officer/skipia_officer_back_knockdown.msa	2
season2/season2/monster/ch_officer/skipia_officer_back_standup.gr2	season2/monster/ch_officer/skipia_officer_back_standup.gr2	0
season2/season2/monster/ch_officer/skipia_officer_dead.msa	season2/monster/ch_officer/skipia_officer_dead.msa	2
season2/season2/monster/ch_officer/skipia_officer_front_damage.msa	season2/monster/ch_officer/skipia_officer_front_damage.msa	2
season2/season2/monster/ch_officer/skipia_officer_front_knockdown.msa	season2/monster/ch_officer/skipia_officer_front_knockdown.msa	2
season2/season2/monster/ch_officer/skipia_officer_front_standup.gr2	season2/monster/ch_officer/skipia_officer_front_standup.gr2	0
season2/season2/monster/ch_officer/skipia_officer_lod_01.gr2	season2/monster/ch_officer/skipia_officer_lod_01.gr2	0
season2/season2/monster/ch_officer/skipia_officer_run.gr2	season2/monster/ch_officer/skipia_officer_run.gr2	0
season2/season2/monster/ch_officer/skipia_officer_wait1.msa	season2/monster/ch_officer/skipia_officer_wait1.msa	2
season2/season2/monster/ch_water_dragon/00.msa	season2/monster/ch_water_dragon/00.msa	2
season2/season2/monster/ch_water_dragon/02.gr2	season2/monster/ch_water_dragon/02.gr2	0
season2/season2/monster/ch_water_dragon/20.gr2	season2/monster/ch_water_dragon/20.gr2	0
season2/season2/monster/ch_water_dragon/20_1.gr2	season2/monster/ch_water_dragon/20_1.gr2	0
season2/season2/monster/ch_water_dragon/20_1.msa	season2/monster/ch_water_dragon/20_1.msa	2
season2/season2/monster/ch_water_dragon/20_3.gr2	season2/monster/ch_water_dragon/20_3.gr2	0
season2/season2/monster/ch_water_dragon/20_3.msa	season2/monster/ch_water_dragon/20_3.msa	2
season2/season2/monster/ch_water_dragon/20_4.gr2	season2/monster/ch_water_dragon/20_4.gr2	0
season2/season2/monster/ch_water_dragon/20_5.msa	season2/monster/ch_water_dragon/20_5.msa	2
season2/season2/monster/ch_water_dragon/31.msa	season2/monster/ch_water_dragon/31.msa	2
season2/season2/monster/ch_water_dragon/motlist.txt	season2/monster/ch_water_dragon/motlist.txt	2
season2/season2/monster/ch_water_dragon/water_breathe01.dds	season2/monster/ch_water_dragon/water_breathe01.dds	1
season2/season2/monster/ch_water_dragon/water_dragon.gr2	season2/monster/ch_water_dragon/water_dragon.gr2	0
season2/season2/monster/ch_water_dragon/water_dragon01.dds	season2/monster/ch_water_dragon/water_dragon01.dds	1
season2/season2/monster/ch_water_dragon/water_dragon02.dds	season2/monster/ch_water_dragon/water_dragon02.dds	1
season2/season2/npc/chenjo_warpgate/chenjo_warpgate.gr2	season2/npc/chenjo_warpgate/chenjo_warpgate.gr2	0
season2/season2/npc/chenjo_warpgate/shape.msm	season2/npc/chenjo_warpgate/shape.msm	2
season2/season2/npc/chenjo_warpgate/shape.msm~	season2/npc/chenjo_warpgate/shape.msm~	0
season2/season2/npc/signal_fire/shape.msm	season2/npc/signal_fire/shape.msm	2
season2/season2/npc/signal_fire/signalfire.gr2	season2/npc/signal_fire/signalfire.gr2	0
season2/season2/npc/signal_fire/signalfire_ani.gr2	season2/npc/signal_fire/signalfire_ani.gr2	0
season2/season2/npc/signal_fire/signal_fire.dds	season2/npc/signal_fire/signal_fire.dds	1
season2/season2/npc/sinsu_warpgate/sinsu_warpgate.gr2	season2/npc/sinsu_warpgate/sinsu_warpgate.gr2	0
