sound_m/sound/monster/barbarian_knight/03.mss	sound/monster/barbarian_knight/03.mss	1
sound_m/sound/monster/bkarcher/31_1.mss	sound/monster/bkarcher/31_1.mss	1
sound_m/sound/pc/shaman/skill/kwaesok_3.mss	sound/pc/shaman/skill/kwaesok_3.mss	1
sound_m/sound/effect/etc/compass/appear_large.mss	sound/effect/etc/compass/appear_large.mss	1
sound_m/sound/pc/assassin/general/dig.mss	sound/pc/assassin/general/dig.mss	1
sound_m/sound/monster/ice_snow_dog/03.mss	sound/monster/ice_snow_dog/03.mss	1
sound_m/sound/monster/orc_soldier/30.mss	sound/monster/orc_soldier/30.mss	1
sound_m/sound/monster/thief2/30.mss	sound/monster/thief2/30.mss	1
sound_m/sound/pc/assassin/dualhand_sword/combo_06.mss	sound/pc/assassin/dualhand_sword/combo_06.mss	1
sound_m/sound/effect/etc/compass/appear_middle.mss	sound/effect/etc/compass/appear_middle.mss	1
sound_m/sound/effect/etc/start/start.mss	sound/effect/etc/start/start.mss	1
sound_m/sound/pc/assassin/horse_bow/attack.mss	sound/pc/assassin/horse_bow/attack.mss	1
sound_m/sound/monster/bkboss/34_1.mss	sound/monster/bkboss/34_1.mss	1
sound_m/sound/monster/bkboss/30_1.mss	sound/monster/bkboss/30_1.mss	1
sound_m/sound/effect/etc/firecracker/firecracker_6.mss	sound/effect/etc/firecracker/firecracker_6.mss	1
sound_m/sound/monster/ice_snow_dog/34.mss	sound/monster/ice_snow_dog/34.mss	1
sound_m/sound/pc/assassin/skill/gungsin.mss	sound/pc/assassin/skill/gungsin.mss	1
sound_m/sound/effect/etc/compass/appear_small.mss	sound/effect/etc/compass/appear_small.mss	1
sound_m/sound/effect/etc/firecracker/firecracker_1.mss	sound/effect/etc/firecracker/firecracker_1.mss	1
sound_m/sound/monster/orc_knight/31.mss	sound/monster/orc_knight/31.mss	1
sound_m/sound/monster/misterious_diseased_boss/30.mss	sound/monster/misterious_diseased_boss/30.mss	1
sound_m/sound/monster/barbarian_soldier/37_1.mss	sound/monster/barbarian_soldier/37_1.mss	1
sound_m/sound/monster/milgyo_monster1/30.mss	sound/monster/milgyo_monster1/30.mss	1
sound_m/sound/monster/milgyo_executor/35.mss	sound/monster/milgyo_executor/35.mss	1
sound_m/sound/effect/etc/firecracker/firecracker_2.mss	sound/effect/etc/firecracker/firecracker_2.mss	1
sound_m/sound/monster/thief1/30_1.mss	sound/monster/thief1/30_1.mss	1
sound_m/sound/effect/etc/firecracker/firecracker_3.mss	sound/effect/etc/firecracker/firecracker_3.mss	1
sound_m/sound/monster/skeleton_soldier_scythe/34.mss	sound/monster/skeleton_soldier_scythe/34.mss	1
sound_m/sound/monster/ice_snow_giant_man/34.mss	sound/monster/ice_snow_giant_man/34.mss	1
sound_m/sound/effect/etc/firecracker/firecracker_5.mss	sound/effect/etc/firecracker/firecracker_5.mss	1
sound_m/sound/monster/orc_magician/32.mss	sound/monster/orc_magician/32.mss	1
sound_m/sound/monster/barbarian_infantry/20_1.mss	sound/monster/barbarian_infantry/20_1.mss	1
sound_m/sound/monster/goblin_leafhead/32.mss	sound/monster/goblin_leafhead/32.mss	1
sound_m/sound/monster/skeleton_wizard/03.mss	sound/monster/skeleton_wizard/03.mss	1
sound_m/sound/monster/milgyo_monster2/20.mss	sound/monster/milgyo_monster2/20.mss	1
sound_m/sound/pc/assassin/skill/amseup.mss	sound/pc/assassin/skill/amseup.mss	1
sound_m/sound/monster/barbarian_bow/30_1.mss	sound/monster/barbarian_bow/30_1.mss	1
sound_m/sound/effect/etc/firecracker/firecracker_4.mss	sound/effect/etc/firecracker/firecracker_4.mss	1
sound_m/sound/monster/thiefboss3/02.mss	sound/monster/thiefboss3/02.mss	1
sound_m/sound/effect/etc/firecracker/firecracker_fly.mss	sound/effect/etc/firecracker/firecracker_fly.mss	1
sound_m/sound/monster/thief2/31_1.mss	sound/monster/thief2/31_1.mss	1
sound_m/sound/monster/chaos_ghost/32.mss	sound/monster/chaos_ghost/32.mss	1
sound_m/sound/effect/etc/firecracker/firecracker_xmas.mss	sound/effect/etc/firecracker/firecracker_xmas.mss	1
sound_m/sound/pc/shaman/skill/jeongeop_target.mss	sound/pc/shaman/skill/jeongeop_target.mss	1
sound_m/sound/effect/hit/blow_flame/flame_3_blow.mss	sound/effect/hit/blow_flame/flame_3_blow.mss	1
sound_m/sound/effect/etc/firecracker/newyear_firecracker.mss	sound/effect/etc/firecracker/newyear_firecracker.mss	1
sound_m/sound/monster/skeleton_bigboss/37.mss	sound/monster/skeleton_bigboss/37.mss	1
sound_m/sound/monster/metinstone/metinstone_blow.mss	sound/monster/metinstone/metinstone_blow.mss	1
sound_m/sound/effect/etc/firecracker/paing_i.mss	sound/effect/etc/firecracker/paing_i.mss	1
sound_m/sound/monster/misterious_diseased_egg/00_2.mss	sound/monster/misterious_diseased_egg/00_2.mss	1
sound_m/sound/monster/ice_snow_golem/32.mss	sound/monster/ice_snow_golem/32.mss	1
sound_m/sound/monster/milgyo_nahan2/30_1.mss	sound/monster/milgyo_nahan2/30_1.mss	1
sound_m/sound/monster/mountain_dog_god/31.mss	sound/monster/mountain_dog_god/31.mss	1
sound_m/sound/monster/wild_boar/20_1.mss	sound/monster/wild_boar/20_1.mss	1
sound_m/sound/effect/etc/levelup_1/level_up.mss	sound/effect/etc/levelup_1/level_up.mss	1
sound_m/sound/effect/etc/levelup_2/2.mss	sound/effect/etc/levelup_2/2.mss	1
sound_m/sound/monster/ice_snow_witch/34_1.mss	sound/monster/ice_snow_witch/34_1.mss	1
sound_m/sound/monster/barbarian_bow/30.mss	sound/monster/barbarian_bow/30.mss	1
sound_m/sound/monster/barbarian_boss/34_1.mss	sound/monster/barbarian_boss/34_1.mss	1
sound_m/sound/monster/recycle_monster/30.mss	sound/monster/recycle_monster/30.mss	1
sound_m/sound/pc/assassin/fishing/walk.mss	sound/pc/assassin/fishing/walk.mss	1
sound_m/sound/monster/goblin_leafhead/34_1.mss	sound/monster/goblin_leafhead/34_1.mss	1
sound_m/sound/monster/bou/20_1.mss	sound/monster/bou/20_1.mss	1
sound_m/sound/monster/bou/20.mss	sound/monster/bou/20.mss	1
sound_m/sound/effect/etc/skillup/skillup_1.mss	sound/effect/etc/skillup/skillup_1.mss	1
sound_m/sound/monster/thief2/37.mss	sound/monster/thief2/37.mss	1
sound_m/sound/monster/orc_scouter/31.mss	sound/monster/orc_scouter/31.mss	1
sound_m/sound/monster/barbarian_infantry/31.mss	sound/monster/barbarian_infantry/31.mss	1
sound_m/sound/monster/ice_snow_witch/34.mss	sound/monster/ice_snow_witch/34.mss	1
sound_m/sound/monster/chuhen/30_1.mss	sound/monster/chuhen/30_1.mss	1
sound_m/sound/monster/barbarian_knight/34_1.mss	sound/monster/barbarian_knight/34_1.mss	1
sound_m/sound/monster/skeleton_god/34_1.mss	sound/monster/skeleton_god/34_1.mss	1
sound_m/sound/monster/orc_black/32.mss	sound/monster/orc_black/32.mss	1
sound_m/sound/effect/hit/critical.mss	sound/effect/hit/critical.mss	1
sound_m/sound/effect/hit/blow_1/blow_1_low.mss	sound/effect/hit/blow_1/blow_1_low.mss	1
sound_m/sound/monster/milgyo_executor/31.mss	sound/monster/milgyo_executor/31.mss	1
sound_m/sound/monster/barbarian_bow/37.mss	sound/monster/barbarian_bow/37.mss	1
sound_m/sound/monster/milgyo_nahan_general/34.mss	sound/monster/milgyo_nahan_general/34.mss	1
sound_m/sound/monster/bkboss/32.mss	sound/monster/bkboss/32.mss	1
sound_m/sound/effect/hit/blow_electric/light_3_blow.mss	sound/effect/hit/blow_electric/light_3_blow.mss	1
sound_m/sound/monster/barbarian_boss/35.mss	sound/monster/barbarian_boss/35.mss	1
sound_m/sound/monster/skeleton_soldier_spear/20_1.mss	sound/monster/skeleton_soldier_spear/20_1.mss	1
sound_m/sound/pc/sura/fishing/walk.mss	sound/pc/sura/fishing/walk.mss	1
sound_m/sound/monster/ice_snow_witch/32.mss	sound/monster/ice_snow_witch/32.mss	1
sound_m/sound/monster/maenghwan/51.mss	sound/monster/maenghwan/51.mss	1
sound_m/sound/pc/warrior/skill/daejin_4.mss	sound/pc/warrior/skill/daejin_4.mss	1
sound_m/sound/effect/hit/blow_flame/flame_1_blow.mss	sound/effect/hit/blow_flame/flame_1_blow.mss	1
sound_m/sound/monster/barbarian_boss/20_1.mss	sound/monster/barbarian_boss/20_1.mss	1
sound_m/sound/monster/thiefboss2/20_2.mss	sound/monster/thiefboss2/20_2.mss	1
sound_m/sound/pc/sura/effect/muyeong_blow.mss	sound/pc/sura/effect/muyeong_blow.mss	1
sound_m/sound/monster/goblin_leafhead/20_1.mss	sound/monster/goblin_leafhead/20_1.mss	1
sound_m/sound/effect/hit/blow_flame/flame_3_body.mss	sound/effect/hit/blow_flame/flame_3_body.mss	1
sound_m/sound/pc/sura/skill/maryeong_2.mss	sound/pc/sura/skill/maryeong_2.mss	1
sound_m/sound/effect/hit/blow_flame/flame_2_blow.mss	sound/effect/hit/blow_flame/flame_2_blow.mss	1
sound_m/sound/monster/barbarian_bow/31.mss	sound/monster/barbarian_bow/31.mss	1
sound_m/sound/monster/bkarcher/30_1.mss	sound/monster/bkarcher/30_1.mss	1
sound_m/sound/effect/hit/blow_flame/flame_3_weapon.mss	sound/effect/hit/blow_flame/flame_3_weapon.mss	1
sound_m/sound/pc/sura/skill/hwayeom_4.mss	sound/pc/sura/skill/hwayeom_4.mss	1
sound_m/sound/effect/monster/ice_snow_witch.mss	sound/effect/monster/ice_snow_witch.mss	1
sound_m/sound/effect/monster/skeleton_magician_20_1_recuperation.mss	sound/effect/monster/skeleton_magician_20_1_recuperation.mss	1
sound_m/sound/monster/thiefboss2/50.mss	sound/monster/thiefboss2/50.mss	1
sound_m/sound/monster/thiefboss3/30_1.mss	sound/monster/thiefboss3/30_1.mss	1
sound_m/sound/effect/monster/orc_magician_20_1_blow.mss	sound/effect/monster/orc_magician_20_1_blow.mss	1
sound_m/sound/pc/shaman/skill/pokroe.mss	sound/pc/shaman/skill/pokroe.mss	1
sound_m/sound/pc/shaman/fishing/throw.mss	sound/pc/shaman/fishing/throw.mss	1
sound_m/sound/monster/barbarian_boss/03.mss	sound/monster/barbarian_boss/03.mss	1
sound_m/sound/monster/immotal_ghost/35.mss	sound/monster/immotal_ghost/35.mss	1
sound_m/sound/monster/barbarian_boss/34.mss	sound/monster/barbarian_boss/34.mss	1
sound_m/sound/monster/spite_ghost/35.mss	sound/monster/spite_ghost/35.mss	1
sound_m/sound/monster/barbarian_boss/20.mss	sound/monster/barbarian_boss/20.mss	1
sound_m/sound/monster/spite_ghost/34_1.mss	sound/monster/spite_ghost/34_1.mss	1
sound_m/sound/monster/ice_snow_dog/30.mss	sound/monster/ice_snow_dog/30.mss	1
sound_m/sound/monster/barbarian_infantry/32.mss	sound/monster/barbarian_infantry/32.mss	1
sound_m/sound/pc/assassin/skill/gungsin_4.mss	sound/pc/assassin/skill/gungsin_4.mss	1
sound_m/sound/monster/barbarian_boss/30.mss	sound/monster/barbarian_boss/30.mss	1
sound_m/sound/monster/barbarian_boss/32.mss	sound/monster/barbarian_boss/32.mss	1
sound_m/sound/monster/ice_snow_giant_man/30.mss	sound/monster/ice_snow_giant_man/30.mss	1
sound_m/sound/monster/wild_boar_god/20.mss	sound/monster/wild_boar_god/20.mss	1
sound_m/sound/monster/barbarian_boss/30_1.mss	sound/monster/barbarian_boss/30_1.mss	1
sound_m/sound/monster/thief1/20.mss	sound/monster/thief1/20.mss	1
sound_m/sound/monster/thiefboss1/32.mss	sound/monster/thiefboss1/32.mss	1
sound_m/sound/monster/chuhen/34_1.mss	sound/monster/chuhen/34_1.mss	1
sound_m/sound/monster/milgyo_nahan2/37_1.mss	sound/monster/milgyo_nahan2/37_1.mss	1
sound_m/sound/monster/barbarian_bow/32.mss	sound/monster/barbarian_bow/32.mss	1
sound_m/sound/monster/gupae/30.mss	sound/monster/gupae/30.mss	1
sound_m/sound/monster/misterious_diseased_sword/34.mss	sound/monster/misterious_diseased_sword/34.mss	1
sound_m/sound/monster/barbarian_boss/31.mss	sound/monster/barbarian_boss/31.mss	1
sound_m/sound/monster/bkarcher/34.mss	sound/monster/bkarcher/34.mss	1
sound_m/sound/monster/orc_bigblack/35.mss	sound/monster/orc_bigblack/35.mss	1
sound_m/sound/monster/barbarian_infantry/20.mss	sound/monster/barbarian_infantry/20.mss	1
sound_m/sound/monster/ice_snow_monster/32.mss	sound/monster/ice_snow_monster/32.mss	1
sound_m/sound/monster/barbarian_bow/35.mss	sound/monster/barbarian_bow/35.mss	1
sound_m/sound/monster/barbarian_boss/37.mss	sound/monster/barbarian_boss/37.mss	1
sound_m/sound/pc/assassin/skill/dokgigung_4.mss	sound/pc/assassin/skill/dokgigung_4.mss	1
sound_m/sound/monster/barbarian_bow/03.mss	sound/monster/barbarian_bow/03.mss	1
sound_m/sound/monster/barbarian_knight/30.mss	sound/monster/barbarian_knight/30.mss	1
sound_m/sound/npc/pony/00_2.mss	sound/npc/pony/00_2.mss	1
sound_m/sound/monster/ice_snow_witch/30.mss	sound/monster/ice_snow_witch/30.mss	1
sound_m/sound/monster/barbarian_bow/20.mss	sound/monster/barbarian_bow/20.mss	1
sound_m/sound/monster/skeleton_bigboss/20.mss	sound/monster/skeleton_bigboss/20.mss	1
sound_m/sound/monster/barbarian_bow/31_1.mss	sound/monster/barbarian_bow/31_1.mss	1
sound_m/sound/pc/sura/horse/skill_charge.mss	sound/pc/sura/horse/skill_charge.mss	1
sound_m/sound/pc/shaman/skill/paeryong_4.mss	sound/pc/shaman/skill/paeryong_4.mss	1
sound_m/sound/monster/barbarian_infantry/34.mss	sound/monster/barbarian_infantry/34.mss	1
sound_m/sound/monster/yellow_tigerman/31.mss	sound/monster/yellow_tigerman/31.mss	1
sound_m/sound/monster/misterious_diseased_infector/35.mss	sound/monster/misterious_diseased_infector/35.mss	1
sound_m/sound/monster/barbarian_bow/34.mss	sound/monster/barbarian_bow/34.mss	1
sound_m/sound/pc/warrior/onehand_sword/attack_2.mss	sound/pc/warrior/onehand_sword/attack_2.mss	1
sound_m/sound/monster/bkarcher/02.mss	sound/monster/bkarcher/02.mss	1
sound_m/sound/monster/barbarian_bow/34_1.mss	sound/monster/barbarian_bow/34_1.mss	1
sound_m/sound/monster/orc_general/35.mss	sound/monster/orc_general/35.mss	1
sound_m/sound/monster/bkthird/30.mss	sound/monster/bkthird/30.mss	1
sound_m/sound/monster/barbarian_infantry/02.mss	sound/monster/barbarian_infantry/02.mss	1
sound_m/sound/monster/ice_snow_golem/34.mss	sound/monster/ice_snow_golem/34.mss	1
sound_m/sound/monster/barbarian_infantry/03.mss	sound/monster/barbarian_infantry/03.mss	1
sound_m/sound/monster/skeleton_soldier_spear/35.mss	sound/monster/skeleton_soldier_spear/35.mss	1
sound_m/sound/monster/milgyo_founder/20.mss	sound/monster/milgyo_founder/20.mss	1
sound_m/sound/monster/barbarian_infantry/20-1.mss	sound/monster/barbarian_infantry/20-1.mss	1
sound_m/sound/monster/barbarian_infantry/30.mss	sound/monster/barbarian_infantry/30.mss	1
sound_m/sound/pc/assassin/general/attack.mss	sound/pc/assassin/general/attack.mss	1
sound_m/sound/monster/milgyo_religionist/32.mss	sound/monster/milgyo_religionist/32.mss	1
sound_m/sound/monster/barbarian_infantry/30_1.mss	sound/monster/barbarian_infantry/30_1.mss	1
sound_m/sound/monster/orc_scouter/35.mss	sound/monster/orc_scouter/35.mss	1
sound_m/sound/monster/skeleton_bigboss/34.mss	sound/monster/skeleton_bigboss/34.mss	1
sound_m/sound/monster/misterious_diseased_bow/34_1.mss	sound/monster/misterious_diseased_bow/34_1.mss	1
sound_m/sound/monster/orc_knight/35.mss	sound/monster/orc_knight/35.mss	1
sound_m/sound/pc/sura/skill/yonggwon.mss	sound/pc/sura/skill/yonggwon.mss	1
sound_m/sound/monster/barbarian_infantry/34_1.mss	sound/monster/barbarian_infantry/34_1.mss	1
sound_m/sound/monster/bear/35.mss	sound/monster/bear/35.mss	1
sound_m/sound/monster/fox_ninetail/25.mss	sound/monster/fox_ninetail/25.mss	1
sound_m/sound/monster/barbarian_knight/20.mss	sound/monster/barbarian_knight/20.mss	1
sound_m/sound/monster/barbarian_knight/30_1.mss	sound/monster/barbarian_knight/30_1.mss	1
sound_m/sound/pc/warrior/horse_onehand_sword/skill_splash.mss	sound/pc/warrior/horse_onehand_sword/skill_splash.mss	1
sound_m/sound/monster/misterious_diseased_kid/03.mss	sound/monster/misterious_diseased_kid/03.mss	1
sound_m/sound/monster/milgyo_nahan1/20.mss	sound/monster/milgyo_nahan1/20.mss	1
sound_m/sound/monster/barbarian_knight/31.mss	sound/monster/barbarian_knight/31.mss	1
sound_m/sound/pc/shaman/skill/gwihwan.mss	sound/pc/shaman/skill/gwihwan.mss	1
sound_m/sound/monster/barbarian_knight/31_1.mss	sound/monster/barbarian_knight/31_1.mss	1
sound_m/sound/monster/barbarian_soldier/03.mss	sound/monster/barbarian_soldier/03.mss	1
sound_m/sound/monster/misterious_diseased_bosshost/00.mss	sound/monster/misterious_diseased_bosshost/00.mss	1
sound_m/sound/monster/thief2/20-2.mss	sound/monster/thief2/20-2.mss	1
sound_m/sound/monster/gupae/35.mss	sound/monster/gupae/35.mss	1
sound_m/sound/monster/orc_black/34.mss	sound/monster/orc_black/34.mss	1
sound_m/sound/monster/orc_scouter/30_1.mss	sound/monster/orc_scouter/30_1.mss	1
sound_m/sound/monster/barbarian_knight/32.mss	sound/monster/barbarian_knight/32.mss	1
sound_m/sound/pc/warrior/twohand_sword/damage.mss	sound/pc/warrior/twohand_sword/damage.mss	1
sound_m/sound/pc/shaman/bell/combo_01.mss	sound/pc/shaman/bell/combo_01.mss	1
sound_m/sound/pc/shaman/action/kiss_with_warrior.mss	sound/pc/shaman/action/kiss_with_warrior.mss	1
sound_m/sound/monster/barbarian_knight/34.mss	sound/monster/barbarian_knight/34.mss	1
sound_m/sound/pc/warrior/onehand_sword/combo_07.mss	sound/pc/warrior/onehand_sword/combo_07.mss	1
sound_m/sound/monster/barbarian_knight/35.mss	sound/monster/barbarian_knight/35.mss	1
sound_m/sound/monster/bkfourth/30_1.mss	sound/monster/bkfourth/30_1.mss	1
sound_m/sound/monster/barbarian_knight/37.mss	sound/monster/barbarian_knight/37.mss	1
sound_m/sound/monster/greenfrog_general/20.mss	sound/monster/greenfrog_general/20.mss	1
sound_m/sound/monster/barbarian_soldier/20.mss	sound/monster/barbarian_soldier/20.mss	1
sound_m/sound/monster/misterious_diseased_dog/35.mss	sound/monster/misterious_diseased_dog/35.mss	1
sound_m/sound/monster/barbarian_soldier/03_1.mss	sound/monster/barbarian_soldier/03_1.mss	1
sound_m/sound/monster/bkfourth/37_1.mss	sound/monster/bkfourth/37_1.mss	1
sound_m/sound/monster/barbarian_soldier/20_1.mss	sound/monster/barbarian_soldier/20_1.mss	1
sound_m/sound/monster/misterious_diseased_host/31.mss	sound/monster/misterious_diseased_host/31.mss	1
sound_m/sound/monster/barbarian_soldier/30.mss	sound/monster/barbarian_soldier/30.mss	1
sound_m/sound/monster/orc_soldier/37_1.mss	sound/monster/orc_soldier/37_1.mss	1
sound_m/sound/monster/bksecond/32.mss	sound/monster/bksecond/32.mss	1
sound_m/sound/monster/mountain_dog_god/30.mss	sound/monster/mountain_dog_god/30.mss	1
sound_m/sound/monster/skeleton_king/35.mss	sound/monster/skeleton_king/35.mss	1
sound_m/sound/monster/barbarian_soldier/30_1.mss	sound/monster/barbarian_soldier/30_1.mss	1
sound_m/sound/monster/greenfrog_general/30_1.mss	sound/monster/greenfrog_general/30_1.mss	1
sound_m/sound/monster/fox_ninetail/34.mss	sound/monster/fox_ninetail/34.mss	1
sound_m/sound/monster/barbarian_soldier/31.mss	sound/monster/barbarian_soldier/31.mss	1
sound_m/sound/monster/barbarian_soldier/31_1.mss	sound/monster/barbarian_soldier/31_1.mss	1
sound_m/sound/monster/orc_soldier/35.mss	sound/monster/orc_soldier/35.mss	1
sound_m/sound/monster/misterious_diseased_bow/37.mss	sound/monster/misterious_diseased_bow/37.mss	1
sound_m/sound/monster/barbarian_soldier/32.mss	sound/monster/barbarian_soldier/32.mss	1
sound_m/sound/monster/bksoldier/30.mss	sound/monster/bksoldier/30.mss	1
sound_m/sound/monster/thiefboss1/20.mss	sound/monster/thiefboss1/20.mss	1
sound_m/sound/pc/assassin/dualhand_sword/walk.mss	sound/pc/assassin/dualhand_sword/walk.mss	1
sound_m/sound/pc/shaman/skill/gicheon_target.mss	sound/pc/shaman/skill/gicheon_target.mss	1
sound_m/sound/monster/barbarian_soldier/34.mss	sound/monster/barbarian_soldier/34.mss	1
sound_m/sound/monster/barbarian_soldier/34_1.mss	sound/monster/barbarian_soldier/34_1.mss	1
sound_m/sound/monster/milgyo_religionist/37.mss	sound/monster/milgyo_religionist/37.mss	1
sound_m/sound/monster/barbarian_soldier/35.mss	sound/monster/barbarian_soldier/35.mss	1
sound_m/sound/monster/recycle_monster/31.mss	sound/monster/recycle_monster/31.mss	1
sound_m/sound/pc/warrior/skill/palbang_3.mss	sound/pc/warrior/skill/palbang_3.mss	1
sound_m/sound/monster/bksecond/31.mss	sound/monster/bksecond/31.mss	1
sound_m/sound/npc/horse2/02.mss	sound/npc/horse2/02.mss	1
sound_m/sound/pc/warrior/skill/chungeun.mss	sound/pc/warrior/skill/chungeun.mss	1
sound_m/sound/monster/ice_snow_golem/30.mss	sound/monster/ice_snow_golem/30.mss	1
sound_m/sound/pc/sura/skill/gwigeom.mss	sound/pc/sura/skill/gwigeom.mss	1
sound_m/sound/monster/barbarian_soldier/37.mss	sound/monster/barbarian_soldier/37.mss	1
sound_m/sound/pc/assassin/general/back_damage_flying.mss	sound/pc/assassin/general/back_damage_flying.mss	1
sound_m/sound/monster/bkthird/20.mss	sound/monster/bkthird/20.mss	1
sound_m/sound/monster/bear/20.mss	sound/monster/bear/20.mss	1
sound_m/sound/pc/sura/fishing/throw.mss	sound/pc/sura/fishing/throw.mss	1
sound_m/sound/pc/assassin/skill/sangong_4.mss	sound/pc/assassin/skill/sangong_4.mss	1
sound_m/sound/pc/assassin/onehand_sword/pick_up.mss	sound/pc/assassin/onehand_sword/pick_up.mss	1
sound_m/sound/monster/greenfrog_general/34_1.mss	sound/monster/greenfrog_general/34_1.mss	1
sound_m/sound/monster/fox_ninetail/20.mss	sound/monster/fox_ninetail/20.mss	1
sound_m/sound/monster/bear/30.mss	sound/monster/bear/30.mss	1
sound_m/sound/pc/shaman/skill/gicheon_3.mss	sound/pc/shaman/skill/gicheon_3.mss	1
sound_m/sound/monster/bear/31.mss	sound/monster/bear/31.mss	1
sound_m/sound/monster/wild_boar_god/31.mss	sound/monster/wild_boar_god/31.mss	1
sound_m/sound/monster/misterious_diseased_boss/37.mss	sound/monster/misterious_diseased_boss/37.mss	1
sound_m/sound/monster/ice_snow_man/34.mss	sound/monster/ice_snow_man/34.mss	1
sound_m/sound/monster/misterious_diseased_boss/20_1.mss	sound/monster/misterious_diseased_boss/20_1.mss	1
sound_m/sound/monster/skeleton_soldier_spear/37.mss	sound/monster/skeleton_soldier_spear/37.mss	1
sound_m/sound/monster/thiefboss1/34.mss	sound/monster/thiefboss1/34.mss	1
sound_m/sound/monster/bear/32.mss	sound/monster/bear/32.mss	1
sound_m/sound/monster/milgyo_religionist/34_1.mss	sound/monster/milgyo_religionist/34_1.mss	1
sound_m/sound/monster/maenghwan/34.mss	sound/monster/maenghwan/34.mss	1
sound_m/sound/monster/bear/34.mss	sound/monster/bear/34.mss	1
sound_m/sound/monster/greenfrog_soldier/30.mss	sound/monster/greenfrog_soldier/30.mss	1
sound_m/sound/monster/bear/37.mss	sound/monster/bear/37.mss	1
sound_m/sound/monster/orc_black/30.mss	sound/monster/orc_black/30.mss	1
sound_m/sound/monster/skeleton_soldier_bow/34_1.mss	sound/monster/skeleton_soldier_bow/34_1.mss	1
sound_m/sound/monster/orc_black/31.mss	sound/monster/orc_black/31.mss	1
sound_m/sound/monster/bksoldier/35.mss	sound/monster/bksoldier/35.mss	1
sound_m/sound/monster/bkarcher/03.mss	sound/monster/bkarcher/03.mss	1
sound_m/sound/monster/skeleton_magician/20_1.mss	sound/monster/skeleton_magician/20_1.mss	1
sound_m/sound/monster/bkarcher/20.mss	sound/monster/bkarcher/20.mss	1
sound_m/sound/monster/bkarcher/30.mss	sound/monster/bkarcher/30.mss	1
sound_m/sound/monster/bkarcher/31.mss	sound/monster/bkarcher/31.mss	1
sound_m/sound/monster/spite_ghost/30.mss	sound/monster/spite_ghost/30.mss	1
sound_m/sound/monster/bksecond/34_1.mss	sound/monster/bksecond/34_1.mss	1
sound_m/sound/monster/thiefboss3/32.mss	sound/monster/thiefboss3/32.mss	1
sound_m/sound/monster/bkarcher/32.mss	sound/monster/bkarcher/32.mss	1
sound_m/sound/monster/orc_magician/31_1.mss	sound/monster/orc_magician/31_1.mss	1
sound_m/sound/monster/bkarcher/34_1.mss	sound/monster/bkarcher/34_1.mss	1
sound_m/sound/monster/maenghwan/50.mss	sound/monster/maenghwan/50.mss	1
sound_m/sound/monster/bkarcher/37.mss	sound/monster/bkarcher/37.mss	1
sound_m/sound/monster/sugu_general/31.mss	sound/monster/sugu_general/31.mss	1
sound_m/sound/pc/warrior/skill/geumgangno.mss	sound/pc/warrior/skill/geumgangno.mss	1
sound_m/sound/monster/bkarcher/37_1.mss	sound/monster/bkarcher/37_1.mss	1
sound_m/sound/monster/milgyo_executor/34.mss	sound/monster/milgyo_executor/34.mss	1
sound_m/sound/monster/bkarcher/37_2.mss	sound/monster/bkarcher/37_2.mss	1
sound_m/sound/monster/spite_ghost/32.mss	sound/monster/spite_ghost/32.mss	1
sound_m/sound/pc/assassin/general/damage.mss	sound/pc/assassin/general/damage.mss	1
sound_m/sound/monster/bkboss/02.mss	sound/monster/bkboss/02.mss	1
sound_m/sound/monster/orc_magician/37_2.mss	sound/monster/orc_magician/37_2.mss	1
sound_m/sound/pc/sura/general/damage_flying.mss	sound/pc/sura/general/damage_flying.mss	1
sound_m/sound/monster/bkboss/03.mss	sound/monster/bkboss/03.mss	1
sound_m/sound/monster/fox_ninetail/30_1.mss	sound/monster/fox_ninetail/30_1.mss	1
sound_m/sound/monster/bkthird/34.mss	sound/monster/bkthird/34.mss	1
sound_m/sound/monster/wild_boar_god/35.mss	sound/monster/wild_boar_god/35.mss	1
sound_m/sound/monster/bkboss/20.mss	sound/monster/bkboss/20.mss	1
sound_m/sound/monster/bkboss/20_1.mss	sound/monster/bkboss/20_1.mss	1
sound_m/sound/monster/maenghwan/03.mss	sound/monster/maenghwan/03.mss	1
sound_m/sound/monster/bkboss/30.mss	sound/monster/bkboss/30.mss	1
sound_m/sound/monster/bkboss/31.mss	sound/monster/bkboss/31.mss	1
sound_m/sound/monster/ice_snow_whale/20.mss	sound/monster/ice_snow_whale/20.mss	1
sound_m/sound/monster/bkboss/34.mss	sound/monster/bkboss/34.mss	1
sound_m/sound/monster/ice_snow_insect/32.mss	sound/monster/ice_snow_insect/32.mss	1
sound_m/sound/monster/greenfrog_soldier/32.mss	sound/monster/greenfrog_soldier/32.mss	1
sound_m/sound/pc/assassin/general/dead.mss	sound/pc/assassin/general/dead.mss	1
sound_m/sound/pc/shaman/fan/damage_1.mss	sound/pc/shaman/fan/damage_1.mss	1
sound_m/sound/monster/skeleton_soldier_spear/31.mss	sound/monster/skeleton_soldier_spear/31.mss	1
sound_m/sound/monster/bkboss/35.mss	sound/monster/bkboss/35.mss	1
sound_m/sound/monster/milgyo_founder/34_1.mss	sound/monster/milgyo_founder/34_1.mss	1
sound_m/sound/monster/goblin_leafhead/34.mss	sound/monster/goblin_leafhead/34.mss	1
sound_m/sound/monster/ice_snow_witch/37.mss	sound/monster/ice_snow_witch/37.mss	1
sound_m/sound/monster/bkboss/37.mss	sound/monster/bkboss/37.mss	1
sound_m/sound/pc/assassin/skill/amseup_4.mss	sound/pc/assassin/skill/amseup_4.mss	1
sound_m/sound/monster/bkfourth/02.mss	sound/monster/bkfourth/02.mss	1
sound_m/sound/monster/bkfourth/03.mss	sound/monster/bkfourth/03.mss	1
sound_m/sound/monster/goblin_leafhead/03.mss	sound/monster/goblin_leafhead/03.mss	1
sound_m/sound/monster/milgyo_nahan_general/34_1.mss	sound/monster/milgyo_nahan_general/34_1.mss	1
sound_m/sound/monster/thief1/37_1.mss	sound/monster/thief1/37_1.mss	1
sound_m/sound/monster/milgyo_nahan1/30_1.mss	sound/monster/milgyo_nahan1/30_1.mss	1
sound_m/sound/monster/bkfourth/20.mss	sound/monster/bkfourth/20.mss	1
sound_m/sound/pc/assassin/onehand_sword/combo_05.mss	sound/pc/assassin/onehand_sword/combo_05.mss	1
sound_m/sound/monster/chaos_ghost/34.mss	sound/monster/chaos_ghost/34.mss	1
sound_m/sound/pc/warrior/skill/gigongsul.mss	sound/pc/warrior/skill/gigongsul.mss	1
sound_m/sound/monster/bkfourth/20_1.mss	sound/monster/bkfourth/20_1.mss	1
sound_m/sound/pc/shaman/bell/combo_06.mss	sound/pc/shaman/bell/combo_06.mss	1
sound_m/sound/monster/bkfourth/30.mss	sound/monster/bkfourth/30.mss	1
sound_m/sound/monster/orc_black/03.mss	sound/monster/orc_black/03.mss	1
sound_m/sound/pc/assassin/bow/attack_1.mss	sound/pc/assassin/bow/attack_1.mss	1
sound_m/sound/monster/bkfourth/31.mss	sound/monster/bkfourth/31.mss	1
sound_m/sound/monster/bkthird/37_1.mss	sound/monster/bkthird/37_1.mss	1
sound_m/sound/pc/sura/action/french_kiss_with_assassin.mss	sound/pc/sura/action/french_kiss_with_assassin.mss	1
sound_m/sound/pc/shaman/skill/bipabu_3.mss	sound/pc/shaman/skill/bipabu_3.mss	1
sound_m/sound/monster/spite_ghost/37.mss	sound/monster/spite_ghost/37.mss	1
sound_m/sound/monster/misterious_diseased_bow/35.mss	sound/monster/misterious_diseased_bow/35.mss	1
sound_m/sound/monster/bkfourth/32.mss	sound/monster/bkfourth/32.mss	1
sound_m/sound/monster/milgyo_nahan1/34_1.mss	sound/monster/milgyo_nahan1/34_1.mss	1
sound_m/sound/monster/bkfourth/34.mss	sound/monster/bkfourth/34.mss	1
sound_m/sound/monster/orc_lord/34_1.mss	sound/monster/orc_lord/34_1.mss	1
sound_m/sound/monster/bkfourth/34_1.mss	sound/monster/bkfourth/34_1.mss	1
sound_m/sound/monster/bkfourth/35.mss	sound/monster/bkfourth/35.mss	1
sound_m/sound/monster/bkfourth/37.mss	sound/monster/bkfourth/37.mss	1
sound_m/sound/pc/shaman/general/run.mss	sound/pc/shaman/general/run.mss	1
sound_m/sound/monster/skeleton_magician/20_2.mss	sound/monster/skeleton_magician/20_2.mss	1
sound_m/sound/pc/warrior/onehand_sword/run.mss	sound/pc/warrior/onehand_sword/run.mss	1
sound_m/sound/pc/sura/skill/jumagap_3.mss	sound/pc/sura/skill/jumagap_3.mss	1
sound_m/sound/pc/shaman/skill/jeongeop_4.mss	sound/pc/shaman/skill/jeongeop_4.mss	1
sound_m/sound/monster/bkknight/02.mss	sound/monster/bkknight/02.mss	1
sound_m/sound/monster/orc_black/35.mss	sound/monster/orc_black/35.mss	1
sound_m/sound/monster/milgyo_monster2/37_1.mss	sound/monster/milgyo_monster2/37_1.mss	1
sound_m/sound/monster/bkknight/03.mss	sound/monster/bkknight/03.mss	1
sound_m/sound/monster/spite_ghost/20_1.mss	sound/monster/spite_ghost/20_1.mss	1
sound_m/sound/monster/yellow_tigerman/20_1.mss	sound/monster/yellow_tigerman/20_1.mss	1
sound_m/sound/pc/shaman/effect/3hosin.mss	sound/pc/shaman/effect/3hosin.mss	1
sound_m/sound/monster/ice_snow_man/31_1.mss	sound/monster/ice_snow_man/31_1.mss	1
sound_m/sound/monster/bkknight/20.mss	sound/monster/bkknight/20.mss	1
sound_m/sound/monster/misterious_diseased_boss/03.mss	sound/monster/misterious_diseased_boss/03.mss	1
sound_m/sound/pc/warrior/skill/gyeoksan_2.mss	sound/pc/warrior/skill/gyeoksan_2.mss	1
sound_m/sound/monster/bkknight/34_1.mss	sound/monster/bkknight/34_1.mss	1
sound_m/sound/monster/orc_lord/31.mss	sound/monster/orc_lord/31.mss	1
sound_m/sound/monster/bkknight/20_1.mss	sound/monster/bkknight/20_1.mss	1
sound_m/sound/monster/bou/32.mss	sound/monster/bou/32.mss	1
sound_m/sound/pc/sura/onehand_sword/combo_05.mss	sound/pc/sura/onehand_sword/combo_05.mss	1
sound_m/sound/monster/bkknight/30.mss	sound/monster/bkknight/30.mss	1
sound_m/sound/monster/bkknight/31.mss	sound/monster/bkknight/31.mss	1
sound_m/sound/monster/bkknight/32.mss	sound/monster/bkknight/32.mss	1
sound_m/sound/pc/warrior/skill/gyeoksan_4.mss	sound/pc/warrior/skill/gyeoksan_4.mss	1
sound_m/sound/monster/gupae/20-2.mss	sound/monster/gupae/20-2.mss	1
sound_m/sound/monster/bkknight/34.mss	sound/monster/bkknight/34.mss	1
sound_m/sound/monster/misterious_diseased_spear/34_1.mss	sound/monster/misterious_diseased_spear/34_1.mss	1
sound_m/sound/pc/sura/skill/hwayeom_2.mss	sound/pc/sura/skill/hwayeom_2.mss	1
sound_m/sound/pc/assassin/skill/gigung.mss	sound/pc/assassin/skill/gigung.mss	1
sound_m/sound/monster/bkknight/35.mss	sound/monster/bkknight/35.mss	1
sound_m/sound/pc/shaman/fishing/fishing_cancel.mss	sound/pc/shaman/fishing/fishing_cancel.mss	1
sound_m/sound/monster/bkknight/37.mss	sound/monster/bkknight/37.mss	1
sound_m/sound/pc/assassin/bow/damage_3.mss	sound/pc/assassin/bow/damage_3.mss	1
sound_m/sound/monster/misterious_diseased_dog/30.mss	sound/monster/misterious_diseased_dog/30.mss	1
sound_m/sound/monster/milgyo_nahan2/20.mss	sound/monster/milgyo_nahan2/20.mss	1
sound_m/sound/monster/milgyo_monster1/20_1.mss	sound/monster/milgyo_monster1/20_1.mss	1
sound_m/sound/monster/wolf/20_1.mss	sound/monster/wolf/20_1.mss	1
sound_m/sound/pc/sura/effect/geomhwangyeok_blow.mss	sound/pc/sura/effect/geomhwangyeok_blow.mss	1
sound_m/sound/monster/bkknight/37_1.mss	sound/monster/bkknight/37_1.mss	1
sound_m/sound/pc/shaman/skill/gicheon_2.mss	sound/pc/shaman/skill/gicheon_2.mss	1
sound_m/sound/monster/maenghwan/37.mss	sound/monster/maenghwan/37.mss	1
sound_m/sound/monster/bksecond/02.mss	sound/monster/bksecond/02.mss	1
sound_m/sound/monster/ice_snow_golem/03.mss	sound/monster/ice_snow_golem/03.mss	1
sound_m/sound/monster/ice_snow_dog/37.mss	sound/monster/ice_snow_dog/37.mss	1
sound_m/sound/monster/misterious_diseased_host/00.mss	sound/monster/misterious_diseased_host/00.mss	1
sound_m/sound/monster/skeleton_soldier_spear/34.mss	sound/monster/skeleton_soldier_spear/34.mss	1
sound_m/sound/monster/skeleton_wizard/34.mss	sound/monster/skeleton_wizard/34.mss	1
sound_m/sound/monster/fox_ninetail/35.mss	sound/monster/fox_ninetail/35.mss	1
sound_m/sound/monster/bksecond/03.mss	sound/monster/bksecond/03.mss	1
sound_m/sound/monster/bksecond/20.mss	sound/monster/bksecond/20.mss	1
sound_m/sound/monster/milgyo_executor/34_1.mss	sound/monster/milgyo_executor/34_1.mss	1
sound_m/sound/monster/sugu_general/34.mss	sound/monster/sugu_general/34.mss	1
sound_m/sound/monster/bksecond/20_1.mss	sound/monster/bksecond/20_1.mss	1
sound_m/sound/monster/bksecond/30.mss	sound/monster/bksecond/30.mss	1
sound_m/sound/monster/bksecond/30_1.mss	sound/monster/bksecond/30_1.mss	1
sound_m/sound/monster/orc_magician/20.mss	sound/monster/orc_magician/20.mss	1
sound_m/sound/monster/misterious_diseased_spear/34.mss	sound/monster/misterious_diseased_spear/34.mss	1
sound_m/sound/pc/assassin/action/kiss_with_sura.mss	sound/pc/assassin/action/kiss_with_sura.mss	1
sound_m/sound/monster/greenfrog_general/31.mss	sound/monster/greenfrog_general/31.mss	1
sound_m/sound/monster/bksecond/34.mss	sound/monster/bksecond/34.mss	1
sound_m/sound/monster/bksecond/35.mss	sound/monster/bksecond/35.mss	1
sound_m/sound/monster/bksecond/37.mss	sound/monster/bksecond/37.mss	1
sound_m/sound/monster/spite_ghost/31.mss	sound/monster/spite_ghost/31.mss	1
sound_m/sound/monster/bksoldier/34.mss	sound/monster/bksoldier/34.mss	1
sound_m/sound/monster/bksoldier/02.mss	sound/monster/bksoldier/02.mss	1
sound_m/sound/monster/bksoldier/03.mss	sound/monster/bksoldier/03.mss	1
sound_m/sound/monster/ice_snow_monster/31_1.mss	sound/monster/ice_snow_monster/31_1.mss	1
sound_m/sound/monster/bksoldier/20.mss	sound/monster/bksoldier/20.mss	1
sound_m/sound/monster/gupae/34_1.mss	sound/monster/gupae/34_1.mss	1
sound_m/sound/monster/bou/52.mss	sound/monster/bou/52.mss	1
sound_m/sound/monster/bksoldier/20_1.mss	sound/monster/bksoldier/20_1.mss	1
sound_m/sound/monster/stray_dog/31.mss	sound/monster/stray_dog/31.mss	1
sound_m/sound/monster/thiefboss3/34.mss	sound/monster/thiefboss3/34.mss	1
sound_m/sound/monster/bksoldier/30_1.mss	sound/monster/bksoldier/30_1.mss	1
sound_m/sound/pc/warrior/horse/skill_charge.mss	sound/pc/warrior/horse/skill_charge.mss	1
sound_m/sound/monster/skeleton_god/03.mss	sound/monster/skeleton_god/03.mss	1
sound_m/sound/monster/misterious_diseased_boss/35.mss	sound/monster/misterious_diseased_boss/35.mss	1
sound_m/sound/monster/misterious_diseased_spear/31.mss	sound/monster/misterious_diseased_spear/31.mss	1
sound_m/sound/monster/bksoldier/31.mss	sound/monster/bksoldier/31.mss	1
sound_m/sound/monster/orc_scouter/34_1.mss	sound/monster/orc_scouter/34_1.mss	1
sound_m/sound/pc/warrior/skill/gihyeol.mss	sound/pc/warrior/skill/gihyeol.mss	1
sound_m/sound/monster/orc_scouter/31_1.mss	sound/monster/orc_scouter/31_1.mss	1
sound_m/sound/monster/milgyo_monster2/03.mss	sound/monster/milgyo_monster2/03.mss	1
sound_m/sound/monster/bksoldier/31_1.mss	sound/monster/bksoldier/31_1.mss	1
sound_m/sound/pc/warrior/twohand_sword/damage_1.mss	sound/pc/warrior/twohand_sword/damage_1.mss	1
sound_m/sound/monster/ice_snow_man/03.mss	sound/monster/ice_snow_man/03.mss	1
sound_m/sound/monster/bksoldier/31_2.mss	sound/monster/bksoldier/31_2.mss	1
sound_m/sound/monster/bksoldier/32.mss	sound/monster/bksoldier/32.mss	1
sound_m/sound/monster/thiefboss3/20-1.mss	sound/monster/thiefboss3/20-1.mss	1
sound_m/sound/pc/warrior/skill/tanhwan.mss	sound/pc/warrior/skill/tanhwan.mss	1
sound_m/sound/monster/bou/31.mss	sound/monster/bou/31.mss	1
sound_m/sound/monster/bksoldier/34_1.mss	sound/monster/bksoldier/34_1.mss	1
sound_m/sound/monster/milgyo_nahan1/30.mss	sound/monster/milgyo_nahan1/30.mss	1
sound_m/sound/monster/bksoldier/37.mss	sound/monster/bksoldier/37.mss	1
sound_m/sound/pc/assassin/action/slap_hit.mss	sound/pc/assassin/action/slap_hit.mss	1
sound_m/sound/monster/fox_ninetail/31.mss	sound/monster/fox_ninetail/31.mss	1
sound_m/sound/pc/shaman/skill/yongpa_4.mss	sound/pc/shaman/skill/yongpa_4.mss	1
sound_m/sound/monster/greenfrog_general/03.mss	sound/monster/greenfrog_general/03.mss	1
sound_m/sound/pc/assassin/horse_bow/dead.mss	sound/pc/assassin/horse_bow/dead.mss	1
sound_m/sound/monster/misterious_diseased_sword/32.mss	sound/monster/misterious_diseased_sword/32.mss	1
sound_m/sound/pc/shaman/skill/byeorak.mss	sound/pc/shaman/skill/byeorak.mss	1
sound_m/sound/monster/ice_snow_giant_man/34_1.mss	sound/monster/ice_snow_giant_man/34_1.mss	1
sound_m/sound/monster/bksoldier/37_1.mss	sound/monster/bksoldier/37_1.mss	1
sound_m/sound/monster/bksoldier/37_2.mss	sound/monster/bksoldier/37_2.mss	1
sound_m/sound/pc/assassin/dualhand_sword/combo_07.mss	sound/pc/assassin/dualhand_sword/combo_07.mss	1
sound_m/sound/pc/assassin/skill/charyun_4.mss	sound/pc/assassin/skill/charyun_4.mss	1
sound_m/sound/monster/bkthird/02.mss	sound/monster/bkthird/02.mss	1
sound_m/sound/monster/ice_snow_monster/00.mss	sound/monster/ice_snow_monster/00.mss	1
sound_m/sound/monster/bkthird/03.mss	sound/monster/bkthird/03.mss	1
sound_m/sound/pc/warrior/skill/palbang_2.mss	sound/pc/warrior/skill/palbang_2.mss	1
sound_m/sound/pc/sura/fishing/fishing_cancel.mss	sound/pc/sura/fishing/fishing_cancel.mss	1
sound_m/sound/pc/shaman/general/attack.mss	sound/pc/shaman/general/attack.mss	1
sound_m/sound/monster/chaos_ghost/37.mss	sound/monster/chaos_ghost/37.mss	1
sound_m/sound/monster/mountain_dog_god/34.mss	sound/monster/mountain_dog_god/34.mss	1
sound_m/sound/monster/milgyo_nahan2/35.mss	sound/monster/milgyo_nahan2/35.mss	1
sound_m/sound/monster/bkthird/20_1.mss	sound/monster/bkthird/20_1.mss	1
sound_m/sound/monster/milgyo_monster2/34_1.mss	sound/monster/milgyo_monster2/34_1.mss	1
sound_m/sound/monster/skeleton_king/31.mss	sound/monster/skeleton_king/31.mss	1
sound_m/sound/monster/bkthird/30_1.mss	sound/monster/bkthird/30_1.mss	1
sound_m/sound/monster/bkthird/31.mss	sound/monster/bkthird/31.mss	1
sound_m/sound/monster/bkthird/31_1.mss	sound/monster/bkthird/31_1.mss	1
sound_m/sound/monster/bkthird/32.mss	sound/monster/bkthird/32.mss	1
sound_m/sound/monster/milgyo_monster2/20_1.mss	sound/monster/milgyo_monster2/20_1.mss	1
sound_m/sound/monster/bkthird/34_1.mss	sound/monster/bkthird/34_1.mss	1
sound_m/sound/monster/milgyo_nahan2/20_1.mss	sound/monster/milgyo_nahan2/20_1.mss	1
sound_m/sound/monster/bkthird/37.mss	sound/monster/bkthird/37.mss	1
sound_m/sound/npc/horse/02.mss	sound/npc/horse/02.mss	1
sound_m/sound/monster/milgyo_nahan1/31.mss	sound/monster/milgyo_nahan1/31.mss	1
sound_m/sound/monster/gupae/32.mss	sound/monster/gupae/32.mss	1
sound_m/sound/monster/bou/02.mss	sound/monster/bou/02.mss	1
sound_m/sound/monster/bou/03.mss	sound/monster/bou/03.mss	1
sound_m/sound/monster/ice_snow_man/34_1.mss	sound/monster/ice_snow_man/34_1.mss	1
sound_m/sound/monster/gupae/34.mss	sound/monster/gupae/34.mss	1
sound_m/sound/monster/bou/20-1.mss	sound/monster/bou/20-1.mss	1
sound_m/sound/pc/warrior/skill/samyeon_3.mss	sound/pc/warrior/skill/samyeon_3.mss	1
sound_m/sound/pc/sura/skill/maryeong_4.mss	sound/pc/sura/skill/maryeong_4.mss	1
sound_m/sound/monster/milgyo_religionist/37_1.mss	sound/monster/milgyo_religionist/37_1.mss	1
sound_m/sound/monster/bou/30.mss	sound/monster/bou/30.mss	1
sound_m/sound/monster/thief1/31.mss	sound/monster/thief1/31.mss	1
sound_m/sound/monster/maenghwan/20_1.mss	sound/monster/maenghwan/20_1.mss	1
sound_m/sound/monster/ice_snow_giant_man/31.mss	sound/monster/ice_snow_giant_man/31.mss	1
sound_m/sound/monster/bou/30_1.mss	sound/monster/bou/30_1.mss	1
sound_m/sound/monster/bou/34.mss	sound/monster/bou/34.mss	1
sound_m/sound/monster/bou/34_1.mss	sound/monster/bou/34_1.mss	1
sound_m/sound/monster/ice_snow_man/30.mss	sound/monster/ice_snow_man/30.mss	1
sound_m/sound/monster/bou/35.mss	sound/monster/bou/35.mss	1
sound_m/sound/monster/bou/37.mss	sound/monster/bou/37.mss	1
sound_m/sound/monster/bou/50.mss	sound/monster/bou/50.mss	1
sound_m/sound/monster/maenghwan/20-1.mss	sound/monster/maenghwan/20-1.mss	1
sound_m/sound/monster/bou/51.mss	sound/monster/bou/51.mss	1
sound_m/sound/monster/thiefboss1/35.mss	sound/monster/thiefboss1/35.mss	1
sound_m/sound/monster/chaos_ghost/00.mss	sound/monster/chaos_ghost/00.mss	1
sound_m/sound/monster/chaos_ghost/03.mss	sound/monster/chaos_ghost/03.mss	1
sound_m/sound/monster/tiger/31.mss	sound/monster/tiger/31.mss	1
sound_m/sound/monster/chaos_ghost/20.mss	sound/monster/chaos_ghost/20.mss	1
sound_m/sound/pc/warrior/general/damage.mss	sound/pc/warrior/general/damage.mss	1
sound_m/sound/monster/ice_snow_giant_man/03.mss	sound/monster/ice_snow_giant_man/03.mss	1
sound_m/sound/pc/warrior/onehand_sword/attack.mss	sound/pc/warrior/onehand_sword/attack.mss	1
sound_m/sound/monster/chaos_ghost/20_1.mss	sound/monster/chaos_ghost/20_1.mss	1
sound_m/sound/pc/warrior/skill/palbang_4.mss	sound/pc/warrior/skill/palbang_4.mss	1
sound_m/sound/monster/orc_knight/34_1.mss	sound/monster/orc_knight/34_1.mss	1
sound_m/sound/monster/chuhen/31.mss	sound/monster/chuhen/31.mss	1
sound_m/sound/monster/chaos_ghost/30.mss	sound/monster/chaos_ghost/30.mss	1
sound_m/sound/monster/immotal_ghost/34.mss	sound/monster/immotal_ghost/34.mss	1
sound_m/sound/monster/chaos_ghost/31.mss	sound/monster/chaos_ghost/31.mss	1
sound_m/sound/pc/assassin/general/damage_3.mss	sound/pc/assassin/general/damage_3.mss	1
sound_m/sound/monster/milgyo_nahan2/31_1.mss	sound/monster/milgyo_nahan2/31_1.mss	1
sound_m/sound/monster/chaos_ghost/35.mss	sound/monster/chaos_ghost/35.mss	1
sound_m/sound/monster/thief2/35.mss	sound/monster/thief2/35.mss	1
sound_m/sound/monster/orc_soldier/20.mss	sound/monster/orc_soldier/20.mss	1
sound_m/sound/monster/chuhen/02.mss	sound/monster/chuhen/02.mss	1
sound_m/sound/pc/warrior/skill/jeongwi_2.mss	sound/pc/warrior/skill/jeongwi_2.mss	1
sound_m/sound/monster/milgyo_religionist/03.mss	sound/monster/milgyo_religionist/03.mss	1
sound_m/sound/monster/chuhen/03.mss	sound/monster/chuhen/03.mss	1
sound_m/sound/monster/milgyo_nahan1/20_1.mss	sound/monster/milgyo_nahan1/20_1.mss	1
sound_m/sound/monster/chuhen/20.mss	sound/monster/chuhen/20.mss	1
sound_m/sound/monster/chuhen/30.mss	sound/monster/chuhen/30.mss	1
sound_m/sound/monster/ice_snow_giant_man/30_1.mss	sound/monster/ice_snow_giant_man/30_1.mss	1
sound_m/sound/monster/chuhen/32.mss	sound/monster/chuhen/32.mss	1
sound_m/sound/monster/skeleton_wizard/32.mss	sound/monster/skeleton_wizard/32.mss	1
sound_m/sound/monster/chuhen/34.mss	sound/monster/chuhen/34.mss	1
sound_m/sound/monster/ice_snow_monster/35.mss	sound/monster/ice_snow_monster/35.mss	1
sound_m/sound/monster/chuhen/35.mss	sound/monster/chuhen/35.mss	1
sound_m/sound/monster/chuhen/37.mss	sound/monster/chuhen/37.mss	1
sound_m/sound/monster/chuhen/37_1.mss	sound/monster/chuhen/37_1.mss	1
sound_m/sound/pc/assassin/skill/amseup_3.mss	sound/pc/assassin/skill/amseup_3.mss	1
sound_m/sound/monster/ice_snow_giant_man/20.mss	sound/monster/ice_snow_giant_man/20.mss	1
sound_m/sound/monster/fox_ninetail/03.mss	sound/monster/fox_ninetail/03.mss	1
sound_m/sound/monster/milgyo_monster2/31.mss	sound/monster/milgyo_monster2/31.mss	1
sound_m/sound/monster/fox_ninetail/20_1.mss	sound/monster/fox_ninetail/20_1.mss	1
sound_m/sound/monster/fox_ninetail/24.mss	sound/monster/fox_ninetail/24.mss	1
sound_m/sound/monster/fox_ninetail/30.mss	sound/monster/fox_ninetail/30.mss	1
sound_m/sound/monster/fox_ninetail/32.mss	sound/monster/fox_ninetail/32.mss	1
sound_m/sound/monster/fox_ninetail/34_1.mss	sound/monster/fox_ninetail/34_1.mss	1
sound_m/sound/monster/goblin_leafhead/20.mss	sound/monster/goblin_leafhead/20.mss	1
sound_m/sound/monster/skeleton_soldier_bow/30_1.mss	sound/monster/skeleton_soldier_bow/30_1.mss	1
sound_m/sound/monster/milgyo_religionist/20.mss	sound/monster/milgyo_religionist/20.mss	1
sound_m/sound/monster/orc_scouter/32.mss	sound/monster/orc_scouter/32.mss	1
sound_m/sound/monster/goblin_leafhead/30.mss	sound/monster/goblin_leafhead/30.mss	1
sound_m/sound/monster/skeleton_general/30.mss	sound/monster/skeleton_general/30.mss	1
sound_m/sound/monster/goblin_leafhead/30_1.mss	sound/monster/goblin_leafhead/30_1.mss	1
sound_m/sound/monster/ice_snow_giant_man/37.mss	sound/monster/ice_snow_giant_man/37.mss	1
sound_m/sound/monster/goblin_leafhead/31.mss	sound/monster/goblin_leafhead/31.mss	1
sound_m/sound/monster/immotal_ghost/31.mss	sound/monster/immotal_ghost/31.mss	1
sound_m/sound/monster/misterious_diseased_host/30.mss	sound/monster/misterious_diseased_host/30.mss	1
sound_m/sound/monster/misterious_diseased_sword/31_1.mss	sound/monster/misterious_diseased_sword/31_1.mss	1
sound_m/sound/monster/goblin_leafhead/35.mss	sound/monster/goblin_leafhead/35.mss	1
sound_m/sound/monster/mountain_dog_god/37.mss	sound/monster/mountain_dog_god/37.mss	1
sound_m/sound/pc/sura/skill/hwayeom.mss	sound/pc/sura/skill/hwayeom.mss	1
sound_m/sound/monster/greenfrog_general/20_1.mss	sound/monster/greenfrog_general/20_1.mss	1
sound_m/sound/monster/greenfrog_general/30.mss	sound/monster/greenfrog_general/30.mss	1
sound_m/sound/monster/orc_soldier/31_1.mss	sound/monster/orc_soldier/31_1.mss	1
sound_m/sound/monster/milgyo_founder/34.mss	sound/monster/milgyo_founder/34.mss	1
sound_m/sound/monster/skeleton_king/24.mss	sound/monster/skeleton_king/24.mss	1
sound_m/sound/monster/milgyo_monster1/03.mss	sound/monster/milgyo_monster1/03.mss	1
sound_m/sound/monster/greenfrog_general/32.mss	sound/monster/greenfrog_general/32.mss	1
sound_m/sound/monster/misterious_diseased_infector/37.mss	sound/monster/misterious_diseased_infector/37.mss	1
sound_m/sound/monster/immotal_ghost/32.mss	sound/monster/immotal_ghost/32.mss	1
sound_m/sound/monster/greenfrog_general/34.mss	sound/monster/greenfrog_general/34.mss	1
sound_m/sound/monster/yellow_tigerman/34.mss	sound/monster/yellow_tigerman/34.mss	1
sound_m/sound/monster/skeleton_wizard/31.mss	sound/monster/skeleton_wizard/31.mss	1
sound_m/sound/monster/greenfrog_general/35.mss	sound/monster/greenfrog_general/35.mss	1
sound_m/sound/monster/greenfrog_soldier/03.mss	sound/monster/greenfrog_soldier/03.mss	1
sound_m/sound/monster/maenghwan/35.mss	sound/monster/maenghwan/35.mss	1
sound_m/sound/monster/greenfrog_soldier/20.mss	sound/monster/greenfrog_soldier/20.mss	1
sound_m/sound/monster/ice_snow_whale/32.mss	sound/monster/ice_snow_whale/32.mss	1
sound_m/sound/monster/milgyo_founder/24.mss	sound/monster/milgyo_founder/24.mss	1
sound_m/sound/monster/mountain_dog_god/32.mss	sound/monster/mountain_dog_god/32.mss	1
sound_m/sound/monster/greenfrog_soldier/20_1.mss	sound/monster/greenfrog_soldier/20_1.mss	1
sound_m/sound/monster/misterious_diseased_infector/31.mss	sound/monster/misterious_diseased_infector/31.mss	1
sound_m/sound/monster/skeleton_bigboss/30.mss	sound/monster/skeleton_bigboss/30.mss	1
sound_m/sound/monster/greenfrog_soldier/30_1.mss	sound/monster/greenfrog_soldier/30_1.mss	1
sound_m/sound/pc/shaman/skill/byeorak_2.mss	sound/pc/shaman/skill/byeorak_2.mss	1
sound_m/sound/monster/ice_snow_whale/37.mss	sound/monster/ice_snow_whale/37.mss	1
sound_m/sound/monster/orc_soldier/03.mss	sound/monster/orc_soldier/03.mss	1
sound_m/sound/monster/wild_boar_god/37.mss	sound/monster/wild_boar_god/37.mss	1
sound_m/sound/monster/greenfrog_soldier/31.mss	sound/monster/greenfrog_soldier/31.mss	1
sound_m/sound/monster/greenfrog_soldier/34.mss	sound/monster/greenfrog_soldier/34.mss	1
sound_m/sound/monster/maenghwan/32.mss	sound/monster/maenghwan/32.mss	1
sound_m/sound/monster/stray_dog/20.mss	sound/monster/stray_dog/20.mss	1
sound_m/sound/monster/ice_snow_witch/30_1.mss	sound/monster/ice_snow_witch/30_1.mss	1
sound_m/sound/monster/greenfrog_soldier/34_1.mss	sound/monster/greenfrog_soldier/34_1.mss	1
sound_m/sound/monster/greenfrog_soldier/35.mss	sound/monster/greenfrog_soldier/35.mss	1
sound_m/sound/monster/misterious_diseased_bosshost/31_1.mss	sound/monster/misterious_diseased_bosshost/31_1.mss	1
sound_m/sound/monster/misterious_diseased_host/34.mss	sound/monster/misterious_diseased_host/34.mss	1
sound_m/sound/monster/gupae/02.mss	sound/monster/gupae/02.mss	1
sound_m/sound/monster/ice_snow_insect/35.mss	sound/monster/ice_snow_insect/35.mss	1
sound_m/sound/monster/milgyo_monster1/35.mss	sound/monster/milgyo_monster1/35.mss	1
sound_m/sound/monster/gupae/03.mss	sound/monster/gupae/03.mss	1
sound_m/sound/pc/warrior/action/cheers_1.mss	sound/pc/warrior/action/cheers_1.mss	1
sound_m/sound/monster/gupae/20-1.mss	sound/monster/gupae/20-1.mss	1
sound_m/sound/pc/sura/skill/swaeryeong_2.mss	sound/pc/sura/skill/swaeryeong_2.mss	1
sound_m/sound/pc/assassin/skill/yeonsa.mss	sound/pc/assassin/skill/yeonsa.mss	1
sound_m/sound/monster/gupae/20.mss	sound/monster/gupae/20.mss	1
sound_m/sound/monster/spite_ghost/34.mss	sound/monster/spite_ghost/34.mss	1
sound_m/sound/monster/ice_snow_man/35.mss	sound/monster/ice_snow_man/35.mss	1
sound_m/sound/monster/recycle_monster/03.mss	sound/monster/recycle_monster/03.mss	1
sound_m/sound/monster/orc_knight/20.mss	sound/monster/orc_knight/20.mss	1
sound_m/sound/monster/gupae/20_1.mss	sound/monster/gupae/20_1.mss	1
sound_m/sound/pc/sura/general/attack.mss	sound/pc/sura/general/attack.mss	1
sound_m/sound/monster/gupae/20_2.mss	sound/monster/gupae/20_2.mss	1
sound_m/sound/pc/shaman/skill/pokroe_3.mss	sound/pc/shaman/skill/pokroe_3.mss	1
sound_m/sound/monster/immotal_ghost/37.mss	sound/monster/immotal_ghost/37.mss	1
sound_m/sound/pc/shaman/bell/combo_05.mss	sound/pc/shaman/bell/combo_05.mss	1
sound_m/sound/monster/gupae/30_1.mss	sound/monster/gupae/30_1.mss	1
sound_m/sound/monster/gupae/31.mss	sound/monster/gupae/31.mss	1
sound_m/sound/monster/wild_boar/30.mss	sound/monster/wild_boar/30.mss	1
sound_m/sound/pc/warrior/skill/geomgyeong.mss	sound/pc/warrior/skill/geomgyeong.mss	1
sound_m/sound/pc/warrior/fishing/throw.mss	sound/pc/warrior/fishing/throw.mss	1
sound_m/sound/monster/misterious_diseased_spear/35.mss	sound/monster/misterious_diseased_spear/35.mss	1
sound_m/sound/monster/misterious_diseased_spear/32.mss	sound/monster/misterious_diseased_spear/32.mss	1
sound_m/sound/pc/warrior/skill/cheongeun.mss	sound/pc/warrior/skill/cheongeun.mss	1
sound_m/sound/monster/gupae/37.mss	sound/monster/gupae/37.mss	1
sound_m/sound/monster/gupae/37_1.mss	sound/monster/gupae/37_1.mss	1
sound_m/sound/monster/orc_knight/20_1.mss	sound/monster/orc_knight/20_1.mss	1
sound_m/sound/pc/assassin/onehand_sword/combo_01.mss	sound/pc/assassin/onehand_sword/combo_01.mss	1
sound_m/sound/monster/ice_snow_dog/20.mss	sound/monster/ice_snow_dog/20.mss	1
sound_m/sound/pc/warrior/general/damage_3.mss	sound/pc/warrior/general/damage_3.mss	1
sound_m/sound/monster/ice_snow_dog/31.mss	sound/monster/ice_snow_dog/31.mss	1
sound_m/sound/monster/ice_snow_whale/34.mss	sound/monster/ice_snow_whale/34.mss	1
sound_m/sound/monster/ice_snow_dog/32.mss	sound/monster/ice_snow_dog/32.mss	1
sound_m/sound/monster/immotal_ghost/30_1.mss	sound/monster/immotal_ghost/30_1.mss	1
sound_m/sound/pc/assassin/fishing/fishing_catch.mss	sound/pc/assassin/fishing/fishing_catch.mss	1
sound_m/sound/monster/ice_snow_dog/35.mss	sound/monster/ice_snow_dog/35.mss	1
sound_m/sound/monster/ice_snow_giant_man/20_1.mss	sound/monster/ice_snow_giant_man/20_1.mss	1
sound_m/sound/monster/skeleton_wizard/00_1.mss	sound/monster/skeleton_wizard/00_1.mss	1
sound_m/sound/monster/milgyo_nahan_general/31.mss	sound/monster/milgyo_nahan_general/31.mss	1
sound_m/sound/monster/orc_lord/20_1.mss	sound/monster/orc_lord/20_1.mss	1
sound_m/sound/monster/ice_snow_giant_man/32.mss	sound/monster/ice_snow_giant_man/32.mss	1
sound_m/sound/monster/orc_lord/35.mss	sound/monster/orc_lord/35.mss	1
sound_m/sound/monster/ice_snow_giant_man/35.mss	sound/monster/ice_snow_giant_man/35.mss	1
sound_m/sound/monster/misterious_diseased_bosshost/00_1.mss	sound/monster/misterious_diseased_bosshost/00_1.mss	1
sound_m/sound/pc/assassin/action/kiss_with_warrior.mss	sound/pc/assassin/action/kiss_with_warrior.mss	1
sound_m/sound/npc/horse2/30.mss	sound/npc/horse2/30.mss	1
sound_m/sound/monster/ice_snow_golem/20.mss	sound/monster/ice_snow_golem/20.mss	1
sound_m/sound/monster/ice_snow_golem/20_1.mss	sound/monster/ice_snow_golem/20_1.mss	1
sound_m/sound/monster/ice_snow_golem/30_1.mss	sound/monster/ice_snow_golem/30_1.mss	1
sound_m/sound/monster/ice_snow_golem/31.mss	sound/monster/ice_snow_golem/31.mss	1
sound_m/sound/monster/ice_snow_golem/34_1.mss	sound/monster/ice_snow_golem/34_1.mss	1
sound_m/sound/monster/ice_snow_golem/35.mss	sound/monster/ice_snow_golem/35.mss	1
sound_m/sound/monster/skeleton_soldier_bow/37.mss	sound/monster/skeleton_soldier_bow/37.mss	1
sound_m/sound/monster/misterious_diseased_bow/34.mss	sound/monster/misterious_diseased_bow/34.mss	1
sound_m/sound/monster/immotal_ghost/34_1.mss	sound/monster/immotal_ghost/34_1.mss	1
sound_m/sound/monster/skeleton_soldier_spear/30_1.mss	sound/monster/skeleton_soldier_spear/30_1.mss	1
sound_m/sound/pc/warrior/twohand_sword/damage_2.mss	sound/pc/warrior/twohand_sword/damage_2.mss	1
sound_m/sound/monster/orc_scouter/20_1.mss	sound/monster/orc_scouter/20_1.mss	1
sound_m/sound/monster/ice_snow_golem/37.mss	sound/monster/ice_snow_golem/37.mss	1
sound_m/sound/monster/ice_snow_insect/03.mss	sound/monster/ice_snow_insect/03.mss	1
sound_m/sound/monster/yellow_tigerman/30_1.mss	sound/monster/yellow_tigerman/30_1.mss	1
sound_m/sound/monster/ice_snow_insect/20.mss	sound/monster/ice_snow_insect/20.mss	1
sound_m/sound/monster/orc_general/37.mss	sound/monster/orc_general/37.mss	1
sound_m/sound/monster/ice_snow_insect/20_1.mss	sound/monster/ice_snow_insect/20_1.mss	1
sound_m/sound/monster/thief2/20_2.mss	sound/monster/thief2/20_2.mss	1
sound_m/sound/monster/ice_snow_insect/30.mss	sound/monster/ice_snow_insect/30.mss	1
sound_m/sound/monster/ice_snow_insect/31.mss	sound/monster/ice_snow_insect/31.mss	1
sound_m/sound/monster/milgyo_founder/30.mss	sound/monster/milgyo_founder/30.mss	1
sound_m/sound/monster/ice_snow_insect/31_1.mss	sound/monster/ice_snow_insect/31_1.mss	1
sound_m/sound/monster/ice_snow_insect/34.mss	sound/monster/ice_snow_insect/34.mss	1
sound_m/sound/monster/ice_snow_insect/37.mss	sound/monster/ice_snow_insect/37.mss	1
sound_m/sound/npc/horse2/31.mss	sound/npc/horse2/31.mss	1
sound_m/sound/monster/ice_snow_man/20.mss	sound/monster/ice_snow_man/20.mss	1
sound_m/sound/monster/ice_snow_man/20_1.mss	sound/monster/ice_snow_man/20_1.mss	1
sound_m/sound/npc/horse/00_1.mss	sound/npc/horse/00_1.mss	1
sound_m/sound/npc/horse2/04.mss	sound/npc/horse2/04.mss	1
sound_m/sound/monster/ice_snow_man/30_1.mss	sound/monster/ice_snow_man/30_1.mss	1
sound_m/sound/monster/misterious_diseased_bosshost/31.mss	sound/monster/misterious_diseased_bosshost/31.mss	1
sound_m/sound/pc/assassin/general/attack_1.mss	sound/pc/assassin/general/attack_1.mss	1
sound_m/sound/monster/ice_snow_man/31.mss	sound/monster/ice_snow_man/31.mss	1
sound_m/sound/monster/ice_snow_man/32.mss	sound/monster/ice_snow_man/32.mss	1
sound_m/sound/monster/ice_snow_man/37.mss	sound/monster/ice_snow_man/37.mss	1
sound_m/sound/monster/ice_snow_whale/03.mss	sound/monster/ice_snow_whale/03.mss	1
sound_m/sound/monster/skeleton_general/34_1.mss	sound/monster/skeleton_general/34_1.mss	1
sound_m/sound/monster/ice_snow_monster/00_1.mss	sound/monster/ice_snow_monster/00_1.mss	1
sound_m/sound/monster/ice_snow_monster/03.mss	sound/monster/ice_snow_monster/03.mss	1
sound_m/sound/monster/ice_snow_monster/20.mss	sound/monster/ice_snow_monster/20.mss	1
sound_m/sound/pc/assassin/onehand_sword/damage_1.mss	sound/pc/assassin/onehand_sword/damage_1.mss	1
sound_m/sound/monster/ice_snow_monster/30.mss	sound/monster/ice_snow_monster/30.mss	1
sound_m/sound/pc/assassin/horse_bow/skill_wildattack.mss	sound/pc/assassin/horse_bow/skill_wildattack.mss	1
sound_m/sound/monster/ice_snow_monster/31.mss	sound/monster/ice_snow_monster/31.mss	1
sound_m/sound/monster/ice_snow_monster/34.mss	sound/monster/ice_snow_monster/34.mss	1
sound_m/sound/monster/ice_snow_witch/20.mss	sound/monster/ice_snow_witch/20.mss	1
sound_m/sound/monster/orc_general/20_1.mss	sound/monster/orc_general/20_1.mss	1
sound_m/sound/monster/skeleton_god/20_1.mss	sound/monster/skeleton_god/20_1.mss	1
sound_m/sound/pc/sura/horse_onehand_sword/combo_03.mss	sound/pc/sura/horse_onehand_sword/combo_03.mss	1
sound_m/sound/monster/ice_snow_monster/37.mss	sound/monster/ice_snow_monster/37.mss	1
sound_m/sound/pc/sura/general/combo_02.mss	sound/pc/sura/general/combo_02.mss	1
sound_m/sound/pc/assassin/onehand_sword/combo_03.mss	sound/pc/assassin/onehand_sword/combo_03.mss	1
sound_m/sound/monster/ice_snow_whale/30.mss	sound/monster/ice_snow_whale/30.mss	1
sound_m/sound/monster/ice_snow_whale/31.mss	sound/monster/ice_snow_whale/31.mss	1
sound_m/sound/monster/ice_snow_witch/03.mss	sound/monster/ice_snow_witch/03.mss	1
sound_m/sound/monster/ice_snow_witch/31.mss	sound/monster/ice_snow_witch/31.mss	1
sound_m/sound/monster/wolf/20.mss	sound/monster/wolf/20.mss	1
sound_m/sound/monster/misterious_diseased_bow/31.mss	sound/monster/misterious_diseased_bow/31.mss	1
sound_m/sound/monster/ice_snow_witch/31_1.mss	sound/monster/ice_snow_witch/31_1.mss	1
sound_m/sound/monster/misterious_diseased_kid/30.mss	sound/monster/misterious_diseased_kid/30.mss	1
sound_m/sound/monster/ice_snow_witch/35.mss	sound/monster/ice_snow_witch/35.mss	1
sound_m/sound/pc/shaman/horse_fan/combo_03.mss	sound/pc/shaman/horse_fan/combo_03.mss	1
sound_m/sound/monster/immotal_ghost/03.mss	sound/monster/immotal_ghost/03.mss	1
sound_m/sound/monster/thiefboss1/02.mss	sound/monster/thiefboss1/02.mss	1
sound_m/sound/monster/milgyo_monster1/37_1.mss	sound/monster/milgyo_monster1/37_1.mss	1
sound_m/sound/monster/immotal_ghost/20.mss	sound/monster/immotal_ghost/20.mss	1
sound_m/sound/monster/milgyo_nahan2/30.mss	sound/monster/milgyo_nahan2/30.mss	1
sound_m/sound/monster/skeleton_general/03.mss	sound/monster/skeleton_general/03.mss	1
sound_m/sound/monster/thief1/37.mss	sound/monster/thief1/37.mss	1
sound_m/sound/npc/pony/03.mss	sound/npc/pony/03.mss	1
sound_m/sound/monster/milgyo_nahan1/32.mss	sound/monster/milgyo_nahan1/32.mss	1
sound_m/sound/monster/immotal_ghost/30.mss	sound/monster/immotal_ghost/30.mss	1
sound_m/sound/monster/mountain_dog_god/20.mss	sound/monster/mountain_dog_god/20.mss	1
sound_m/sound/monster/maenghwan/02.mss	sound/monster/maenghwan/02.mss	1
sound_m/sound/monster/mountain_dog_god/35.mss	sound/monster/mountain_dog_god/35.mss	1
sound_m/sound/pc/shaman/action/slap_hurt.mss	sound/pc/shaman/action/slap_hurt.mss	1
sound_m/sound/monster/maenghwan/20.mss	sound/monster/maenghwan/20.mss	1
sound_m/sound/monster/maenghwan/20_2.mss	sound/monster/maenghwan/20_2.mss	1
sound_m/sound/monster/thiefboss1/20_1.mss	sound/monster/thiefboss1/20_1.mss	1
sound_m/sound/monster/skeleton_king/20.mss	sound/monster/skeleton_king/20.mss	1
sound_m/sound/monster/maenghwan/30.mss	sound/monster/maenghwan/30.mss	1
sound_m/sound/monster/maenghwan/30_1.mss	sound/monster/maenghwan/30_1.mss	1
sound_m/sound/monster/thief1/02.mss	sound/monster/thief1/02.mss	1
sound_m/sound/monster/maenghwan/31.mss	sound/monster/maenghwan/31.mss	1
sound_m/sound/pc/shaman/fishing/run.mss	sound/pc/shaman/fishing/run.mss	1
sound_m/sound/monster/thiefboss1/51.mss	sound/monster/thiefboss1/51.mss	1
sound_m/sound/monster/maenghwan/34_1.mss	sound/monster/maenghwan/34_1.mss	1
sound_m/sound/monster/orc_general/30.mss	sound/monster/orc_general/30.mss	1
sound_m/sound/monster/wolf/34.mss	sound/monster/wolf/34.mss	1
sound_m/sound/monster/maenghwan/37_1.mss	sound/monster/maenghwan/37_1.mss	1
sound_m/sound/monster/maenghwan/52.mss	sound/monster/maenghwan/52.mss	1
sound_m/sound/monster/metinstone/metinstone_attack.mss	sound/monster/metinstone/metinstone_attack.mss	1
sound_m/sound/monster/milgyo_executor/20.mss	sound/monster/milgyo_executor/20.mss	1
sound_m/sound/monster/metinstone/metinstone_drop.mss	sound/monster/metinstone/metinstone_drop.mss	1
sound_m/sound/monster/skeleton_god/34.mss	sound/monster/skeleton_god/34.mss	1
sound_m/sound/monster/milgyo_executor/30.mss	sound/monster/milgyo_executor/30.mss	1
sound_m/sound/monster/milgyo_executor/30_1.mss	sound/monster/milgyo_executor/30_1.mss	1
sound_m/sound/monster/milgyo_executor/32.mss	sound/monster/milgyo_executor/32.mss	1
sound_m/sound/monster/misterious_diseased_kid/35.mss	sound/monster/misterious_diseased_kid/35.mss	1
sound_m/sound/monster/milgyo_executor/37.mss	sound/monster/milgyo_executor/37.mss	1
sound_m/sound/monster/milgyo_founder/00.mss	sound/monster/milgyo_founder/00.mss	1
sound_m/sound/pc/shaman/action/clap.mss	sound/pc/shaman/action/clap.mss	1
sound_m/sound/monster/misterious_diseased_bow/20.mss	sound/monster/misterious_diseased_bow/20.mss	1
sound_m/sound/monster/misterious_diseased_bosshost/31_2.mss	sound/monster/misterious_diseased_bosshost/31_2.mss	1
sound_m/sound/monster/milgyo_founder/03.mss	sound/monster/milgyo_founder/03.mss	1
sound_m/sound/monster/milgyo_monster1/37.mss	sound/monster/milgyo_monster1/37.mss	1
sound_m/sound/monster/milgyo_founder/25.mss	sound/monster/milgyo_founder/25.mss	1
sound_m/sound/pc/assassin/general/run.mss	sound/pc/assassin/general/run.mss	1
sound_m/sound/monster/milgyo_founder/30_1.mss	sound/monster/milgyo_founder/30_1.mss	1
sound_m/sound/monster/milgyo_founder/31.mss	sound/monster/milgyo_founder/31.mss	1
sound_m/sound/monster/milgyo_founder/32.mss	sound/monster/milgyo_founder/32.mss	1
sound_m/sound/monster/recycle_monster/32.mss	sound/monster/recycle_monster/32.mss	1
sound_m/sound/pc/sura/onehand_sword/damage_3.mss	sound/pc/sura/onehand_sword/damage_3.mss	1
sound_m/sound/monster/milgyo_founder/35.mss	sound/monster/milgyo_founder/35.mss	1
sound_m/sound/pc/sura/skill/gwigeom_3.mss	sound/pc/sura/skill/gwigeom_3.mss	1
sound_m/sound/pc/assassin/skill/gyeonggong_3.mss	sound/pc/assassin/skill/gyeonggong_3.mss	1
sound_m/sound/monster/milgyo_monster1/20.mss	sound/monster/milgyo_monster1/20.mss	1
sound_m/sound/monster/milgyo_monster1/30_1.mss	sound/monster/milgyo_monster1/30_1.mss	1
sound_m/sound/monster/skeleton_soldier_scythe/20_1.mss	sound/monster/skeleton_soldier_scythe/20_1.mss	1
sound_m/sound/monster/milgyo_monster1/31.mss	sound/monster/milgyo_monster1/31.mss	1
sound_m/sound/monster/milgyo_monster1/31_1.mss	sound/monster/milgyo_monster1/31_1.mss	1
sound_m/sound/monster/milgyo_monster1/32.mss	sound/monster/milgyo_monster1/32.mss	1
sound_m/sound/monster/milgyo_monster1/34.mss	sound/monster/milgyo_monster1/34.mss	1
sound_m/sound/monster/thief2/31.mss	sound/monster/thief2/31.mss	1
sound_m/sound/monster/milgyo_monster1/34_1.mss	sound/monster/milgyo_monster1/34_1.mss	1
sound_m/sound/monster/milgyo_monster2/30.mss	sound/monster/milgyo_monster2/30.mss	1
sound_m/sound/monster/milgyo_monster2/30_1.mss	sound/monster/milgyo_monster2/30_1.mss	1
sound_m/sound/monster/skeleton_god/35.mss	sound/monster/skeleton_god/35.mss	1
sound_m/sound/monster/wild_boar_god/32.mss	sound/monster/wild_boar_god/32.mss	1
sound_m/sound/pc/assassin/general/pick_up.mss	sound/pc/assassin/general/pick_up.mss	1
sound_m/sound/monster/tiger/20.mss	sound/monster/tiger/20.mss	1
sound_m/sound/monster/milgyo_nahan_general/35.mss	sound/monster/milgyo_nahan_general/35.mss	1
sound_m/sound/monster/milgyo_monster2/31_1.mss	sound/monster/milgyo_monster2/31_1.mss	1
sound_m/sound/monster/recycle_monster/34_1.mss	sound/monster/recycle_monster/34_1.mss	1
sound_m/sound/pc/warrior/skill/samyeon.mss	sound/pc/warrior/skill/samyeon.mss	1
sound_m/sound/monster/milgyo_monster2/32.mss	sound/monster/milgyo_monster2/32.mss	1
sound_m/sound/monster/milgyo_monster2/34.mss	sound/monster/milgyo_monster2/34.mss	1
sound_m/sound/monster/misterious_diseased_host/34_1.mss	sound/monster/misterious_diseased_host/34_1.mss	1
sound_m/sound/pc/assassin/onehand_sword/combo_02.mss	sound/pc/assassin/onehand_sword/combo_02.mss	1
sound_m/sound/monster/milgyo_monster2/35.mss	sound/monster/milgyo_monster2/35.mss	1
sound_m/sound/npc/horse2/25.mss	sound/npc/horse2/25.mss	1
sound_m/sound/monster/milgyo_monster2/37.mss	sound/monster/milgyo_monster2/37.mss	1
sound_m/sound/monster/milgyo_nahan1/03.mss	sound/monster/milgyo_nahan1/03.mss	1
sound_m/sound/monster/milgyo_nahan1/31_1.mss	sound/monster/milgyo_nahan1/31_1.mss	1
sound_m/sound/monster/thief2/20-1.mss	sound/monster/thief2/20-1.mss	1
sound_m/sound/monster/milgyo_nahan1/34.mss	sound/monster/milgyo_nahan1/34.mss	1
sound_m/sound/monster/recycle_monster/20.mss	sound/monster/recycle_monster/20.mss	1
sound_m/sound/monster/milgyo_nahan1/35.mss	sound/monster/milgyo_nahan1/35.mss	1
sound_m/sound/monster/milgyo_nahan2/03.mss	sound/monster/milgyo_nahan2/03.mss	1
sound_m/sound/monster/milgyo_nahan2/31.mss	sound/monster/milgyo_nahan2/31.mss	1
sound_m/sound/monster/thief2/03.mss	sound/monster/thief2/03.mss	1
sound_m/sound/monster/stray_dog/35.mss	sound/monster/stray_dog/35.mss	1
sound_m/sound/monster/milgyo_nahan2/32.mss	sound/monster/milgyo_nahan2/32.mss	1
sound_m/sound/monster/milgyo_nahan2/34.mss	sound/monster/milgyo_nahan2/34.mss	1
sound_m/sound/pc/assassin/dualhand_sword/damage_3.mss	sound/pc/assassin/dualhand_sword/damage_3.mss	1
sound_m/sound/monster/milgyo_nahan2/34_1.mss	sound/monster/milgyo_nahan2/34_1.mss	1
sound_m/sound/monster/milgyo_nahan2/37.mss	sound/monster/milgyo_nahan2/37.mss	1
sound_m/sound/monster/milgyo_nahan_general/03.mss	sound/monster/milgyo_nahan_general/03.mss	1
sound_m/sound/monster/milgyo_nahan_general/20.mss	sound/monster/milgyo_nahan_general/20.mss	1
sound_m/sound/monster/misterious_diseased_sword/31.mss	sound/monster/misterious_diseased_sword/31.mss	1
sound_m/sound/monster/milgyo_nahan_general/20_1.mss	sound/monster/milgyo_nahan_general/20_1.mss	1
sound_m/sound/monster/milgyo_nahan_general/30.mss	sound/monster/milgyo_nahan_general/30.mss	1
sound_m/sound/monster/milgyo_nahan_general/30_1.mss	sound/monster/milgyo_nahan_general/30_1.mss	1
sound_m/sound/pc/warrior/twohand_sword/combo_05.mss	sound/pc/warrior/twohand_sword/combo_05.mss	1
sound_m/sound/monster/milgyo_nahan_general/32.mss	sound/monster/milgyo_nahan_general/32.mss	1
sound_m/sound/monster/milgyo_nahan_general/37.mss	sound/monster/milgyo_nahan_general/37.mss	1
sound_m/sound/monster/sugu_general/32.mss	sound/monster/sugu_general/32.mss	1
sound_m/sound/monster/skeleton_wizard/20_1.mss	sound/monster/skeleton_wizard/20_1.mss	1
sound_m/sound/monster/milgyo_religionist/30.mss	sound/monster/milgyo_religionist/30.mss	1
sound_m/sound/monster/milgyo_religionist/30_1.mss	sound/monster/milgyo_religionist/30_1.mss	1
sound_m/sound/monster/milgyo_religionist/31.mss	sound/monster/milgyo_religionist/31.mss	1
sound_m/sound/monster/misterious_diseased_spear/30_1.mss	sound/monster/misterious_diseased_spear/30_1.mss	1
sound_m/sound/monster/skeleton_soldier_bow/03.mss	sound/monster/skeleton_soldier_bow/03.mss	1
sound_m/sound/monster/milgyo_religionist/31_1.mss	sound/monster/milgyo_religionist/31_1.mss	1
sound_m/sound/monster/tiger/34.mss	sound/monster/tiger/34.mss	1
sound_m/sound/monster/milgyo_religionist/34.mss	sound/monster/milgyo_religionist/34.mss	1
sound_m/sound/pc/sura/general/damage.mss	sound/pc/sura/general/damage.mss	1
sound_m/sound/monster/milgyo_religionist/35.mss	sound/monster/milgyo_religionist/35.mss	1
sound_m/sound/pc/sura/skill/tusok_3.mss	sound/pc/sura/skill/tusok_3.mss	1
sound_m/sound/monster/misterious_diseased_boss/20.mss	sound/monster/misterious_diseased_boss/20.mss	1
sound_m/sound/monster/misterious_diseased_boss/30_1.mss	sound/monster/misterious_diseased_boss/30_1.mss	1
sound_m/sound/monster/misterious_diseased_boss/31.mss	sound/monster/misterious_diseased_boss/31.mss	1
sound_m/sound/monster/misterious_diseased_host/24.mss	sound/monster/misterious_diseased_host/24.mss	1
sound_m/sound/pc/warrior/general/dig.mss	sound/pc/warrior/general/dig.mss	1
sound_m/sound/monster/misterious_diseased_boss/32.mss	sound/monster/misterious_diseased_boss/32.mss	1
sound_m/sound/monster/thiefboss2/31.mss	sound/monster/thiefboss2/31.mss	1
sound_m/sound/pc/shaman/fan/combo_06.mss	sound/pc/shaman/fan/combo_06.mss	1
sound_m/sound/monster/misterious_diseased_boss/34.mss	sound/monster/misterious_diseased_boss/34.mss	1
sound_m/sound/monster/skeleton_soldier_scythe/31.mss	sound/monster/skeleton_soldier_scythe/31.mss	1
sound_m/sound/monster/thiefboss2/20-2.mss	sound/monster/thiefboss2/20-2.mss	1
sound_m/sound/monster/misterious_diseased_boss/34_1.mss	sound/monster/misterious_diseased_boss/34_1.mss	1
sound_m/sound/monster/wild_boar/34.mss	sound/monster/wild_boar/34.mss	1
sound_m/sound/monster/misterious_diseased_bow/03.mss	sound/monster/misterious_diseased_bow/03.mss	1
sound_m/sound/pc/assassin/horse/dead.mss	sound/pc/assassin/horse/dead.mss	1
sound_m/sound/monster/misterious_diseased_bow/30.mss	sound/monster/misterious_diseased_bow/30.mss	1
sound_m/sound/pc/warrior/action/french_kiss_with_shaman.mss	sound/pc/warrior/action/french_kiss_with_shaman.mss	1
sound_m/sound/pc/sura/skill/gongpo_3.mss	sound/pc/sura/skill/gongpo_3.mss	1
sound_m/sound/monster/misterious_diseased_bow/30_1.mss	sound/monster/misterious_diseased_bow/30_1.mss	1
sound_m/sound/monster/misterious_diseased_bow/32.mss	sound/monster/misterious_diseased_bow/32.mss	1
sound_m/sound/monster/misterious_diseased_dog/20.mss	sound/monster/misterious_diseased_dog/20.mss	1
sound_m/sound/monster/thiefboss1/50.mss	sound/monster/thiefboss1/50.mss	1
sound_m/sound/monster/misterious_diseased_dog/20_1.mss	sound/monster/misterious_diseased_dog/20_1.mss	1
sound_m/sound/monster/wolf/30.mss	sound/monster/wolf/30.mss	1
sound_m/sound/pc/sura/onehand_sword/combo_03.mss	sound/pc/sura/onehand_sword/combo_03.mss	1
sound_m/sound/monster/misterious_diseased_dog/31.mss	sound/monster/misterious_diseased_dog/31.mss	1
sound_m/sound/monster/misterious_diseased_dog/32.mss	sound/monster/misterious_diseased_dog/32.mss	1
sound_m/sound/pc/assassin/skill/cheonryong.mss	sound/pc/assassin/skill/cheonryong.mss	1
sound_m/sound/monster/misterious_diseased_sword/37.mss	sound/monster/misterious_diseased_sword/37.mss	1
sound_m/sound/monster/misterious_diseased_dog/34.mss	sound/monster/misterious_diseased_dog/34.mss	1
sound_m/sound/monster/misterious_diseased_egg/00.mss	sound/monster/misterious_diseased_egg/00.mss	1
sound_m/sound/monster/misterious_diseased_host/00_1.mss	sound/monster/misterious_diseased_host/00_1.mss	1
sound_m/sound/monster/misterious_diseased_infector/30_1.mss	sound/monster/misterious_diseased_infector/30_1.mss	1
sound_m/sound/monster/misterious_diseased_host/00_2.mss	sound/monster/misterious_diseased_host/00_2.mss	1
sound_m/sound/monster/misterious_diseased_host/25.mss	sound/monster/misterious_diseased_host/25.mss	1
sound_m/sound/pc/shaman/effect/1bipa_blow.mss	sound/pc/shaman/effect/1bipa_blow.mss	1
sound_m/sound/monster/misterious_diseased_host/30_1.mss	sound/monster/misterious_diseased_host/30_1.mss	1
sound_m/sound/monster/skeleton_king/34_1.mss	sound/monster/skeleton_king/34_1.mss	1
sound_m/sound/monster/misterious_diseased_infector/02.mss	sound/monster/misterious_diseased_infector/02.mss	1
sound_m/sound/monster/misterious_diseased_infector/03.mss	sound/monster/misterious_diseased_infector/03.mss	1
sound_m/sound/monster/misterious_diseased_infector/20.mss	sound/monster/misterious_diseased_infector/20.mss	1
sound_m/sound/npc/horse/30.mss	sound/npc/horse/30.mss	1
sound_m/sound/pc/assassin/horse_onehand_sword/skill_splash.mss	sound/pc/assassin/horse_onehand_sword/skill_splash.mss	1
sound_m/sound/monster/misterious_diseased_infector/20_1.mss	sound/monster/misterious_diseased_infector/20_1.mss	1
sound_m/sound/monster/misterious_diseased_infector/30.mss	sound/monster/misterious_diseased_infector/30.mss	1
sound_m/sound/monster/misterious_diseased_infector/32.mss	sound/monster/misterious_diseased_infector/32.mss	1
sound_m/sound/pc/sura/skill/johon.mss	sound/pc/sura/skill/johon.mss	1
sound_m/sound/monster/misterious_diseased_infector/34.mss	sound/monster/misterious_diseased_infector/34.mss	1
sound_m/sound/monster/skeleton_magician/30_1.mss	sound/monster/skeleton_magician/30_1.mss	1
sound_m/sound/monster/misterious_diseased_infector/34_1.mss	sound/monster/misterious_diseased_infector/34_1.mss	1
sound_m/sound/monster/misterious_diseased_kid/20.mss	sound/monster/misterious_diseased_kid/20.mss	1
sound_m/sound/monster/misterious_diseased_kid/31.mss	sound/monster/misterious_diseased_kid/31.mss	1
sound_m/sound/monster/misterious_diseased_kid/31_1.mss	sound/monster/misterious_diseased_kid/31_1.mss	1
sound_m/sound/monster/misterious_diseased_kid/32.mss	sound/monster/misterious_diseased_kid/32.mss	1
sound_m/sound/monster/misterious_diseased_kid/34.mss	sound/monster/misterious_diseased_kid/34.mss	1
sound_m/sound/pc/assassin/fishing/throw.mss	sound/pc/assassin/fishing/throw.mss	1
sound_m/sound/monster/misterious_diseased_kid/37.mss	sound/monster/misterious_diseased_kid/37.mss	1
sound_m/sound/monster/skeleton_wizard/30.mss	sound/monster/skeleton_wizard/30.mss	1
sound_m/sound/monster/misterious_diseased_kid/37_1.mss	sound/monster/misterious_diseased_kid/37_1.mss	1
sound_m/sound/pc/warrior/skill/gyeoksan_double.mss	sound/pc/warrior/skill/gyeoksan_double.mss	1
sound_m/sound/monster/misterious_diseased_spear/03.mss	sound/monster/misterious_diseased_spear/03.mss	1
sound_m/sound/pc/assassin/dualhand_sword/combo_02.mss	sound/pc/assassin/dualhand_sword/combo_02.mss	1
sound_m/sound/monster/skeleton_soldier_bow/30.mss	sound/monster/skeleton_soldier_bow/30.mss	1
sound_m/sound/monster/misterious_diseased_spear/20.mss	sound/monster/misterious_diseased_spear/20.mss	1
sound_m/sound/monster/skeleton_magician/30.mss	sound/monster/skeleton_magician/30.mss	1
sound_m/sound/pc/warrior/onehand_sword/combo_01.mss	sound/pc/warrior/onehand_sword/combo_01.mss	1
sound_m/sound/monster/misterious_diseased_spear/20_1.mss	sound/monster/misterious_diseased_spear/20_1.mss	1
sound_m/sound/monster/misterious_diseased_spear/30.mss	sound/monster/misterious_diseased_spear/30.mss	1
sound_m/sound/pc/assassin/action/cheers_1.mss	sound/pc/assassin/action/cheers_1.mss	1
sound_m/sound/pc/warrior/action/clap.mss	sound/pc/warrior/action/clap.mss	1
sound_m/sound/monster/orc_bigblack/31.mss	sound/monster/orc_bigblack/31.mss	1
sound_m/sound/pc/assassin/general/damage_1.mss	sound/pc/assassin/general/damage_1.mss	1
sound_m/sound/monster/misterious_diseased_spear/37.mss	sound/monster/misterious_diseased_spear/37.mss	1
sound_m/sound/pc/warrior/twohand_sword/combo_06.mss	sound/pc/warrior/twohand_sword/combo_06.mss	1
sound_m/sound/pc/assassin/dualhand_sword/combo_03.mss	sound/pc/assassin/dualhand_sword/combo_03.mss	1
sound_m/sound/monster/misterious_diseased_sword/03.mss	sound/monster/misterious_diseased_sword/03.mss	1
sound_m/sound/monster/misterious_diseased_sword/20.mss	sound/monster/misterious_diseased_sword/20.mss	1
sound_m/sound/monster/misterious_diseased_sword/20_1.mss	sound/monster/misterious_diseased_sword/20_1.mss	1
sound_m/sound/monster/misterious_diseased_sword/30.mss	sound/monster/misterious_diseased_sword/30.mss	1
sound_m/sound/monster/thiefboss1/03.mss	sound/monster/thiefboss1/03.mss	1
sound_m/sound/monster/misterious_diseased_sword/30_1.mss	sound/monster/misterious_diseased_sword/30_1.mss	1
sound_m/sound/monster/misterious_diseased_sword/34_1.mss	sound/monster/misterious_diseased_sword/34_1.mss	1
sound_m/sound/pc/assassin/skill/dokgigung_2.mss	sound/pc/assassin/skill/dokgigung_2.mss	1
sound_m/sound/monster/misterious_diseased_sword/35.mss	sound/monster/misterious_diseased_sword/35.mss	1
sound_m/sound/monster/mountain_dog_god/20_1.mss	sound/monster/mountain_dog_god/20_1.mss	1
sound_m/sound/pc/warrior/fishing/fishing_catch.mss	sound/pc/warrior/fishing/fishing_catch.mss	1
sound_m/sound/monster/orc_bigblack/03.mss	sound/monster/orc_bigblack/03.mss	1
sound_m/sound/monster/orc_bigblack/20.mss	sound/monster/orc_bigblack/20.mss	1
sound_m/sound/monster/orc_bigblack/20_1.mss	sound/monster/orc_bigblack/20_1.mss	1
sound_m/sound/monster/orc_bigblack/30.mss	sound/monster/orc_bigblack/30.mss	1
sound_m/sound/monster/orc_bigblack/30_1.mss	sound/monster/orc_bigblack/30_1.mss	1
sound_m/sound/monster/orc_bigblack/32.mss	sound/monster/orc_bigblack/32.mss	1
sound_m/sound/monster/orc_bigblack/34.mss	sound/monster/orc_bigblack/34.mss	1
sound_m/sound/monster/orc_bigblack/34_1.mss	sound/monster/orc_bigblack/34_1.mss	1
sound_m/sound/monster/skeleton_soldier_spear/32.mss	sound/monster/skeleton_soldier_spear/32.mss	1
sound_m/sound/monster/orc_bigblack/37.mss	sound/monster/orc_bigblack/37.mss	1
sound_m/sound/npc/pony/30.mss	sound/npc/pony/30.mss	1
sound_m/sound/monster/skeleton_soldier_scythe/30_1.mss	sound/monster/skeleton_soldier_scythe/30_1.mss	1
sound_m/sound/monster/orc_black/20.mss	sound/monster/orc_black/20.mss	1
sound_m/sound/monster/orc_black/20_1.mss	sound/monster/orc_black/20_1.mss	1
sound_m/sound/monster/thief2/30_1.mss	sound/monster/thief2/30_1.mss	1
sound_m/sound/monster/orc_black/30_1.mss	sound/monster/orc_black/30_1.mss	1
sound_m/sound/monster/orc_black/34_1.mss	sound/monster/orc_black/34_1.mss	1
sound_m/sound/monster/orc_black/37.mss	sound/monster/orc_black/37.mss	1
sound_m/sound/monster/skeleton_general/32.mss	sound/monster/skeleton_general/32.mss	1
sound_m/sound/pc/shaman/fan/combo_04.mss	sound/pc/shaman/fan/combo_04.mss	1
sound_m/sound/monster/orc_general/03.mss	sound/monster/orc_general/03.mss	1
sound_m/sound/monster/orc_general/20.mss	sound/monster/orc_general/20.mss	1
sound_m/sound/monster/orc_general/30_1.mss	sound/monster/orc_general/30_1.mss	1
sound_m/sound/monster/orc_general/31.mss	sound/monster/orc_general/31.mss	1
sound_m/sound/monster/orc_general/32.mss	sound/monster/orc_general/32.mss	1
sound_m/sound/monster/orc_general/34.mss	sound/monster/orc_general/34.mss	1
sound_m/sound/monster/orc_general/34_1.mss	sound/monster/orc_general/34_1.mss	1
sound_m/sound/monster/thiefboss1/20-1.mss	sound/monster/thiefboss1/20-1.mss	1
sound_m/sound/monster/thiefboss2/20.mss	sound/monster/thiefboss2/20.mss	1
sound_m/sound/monster/orc_knight/03.mss	sound/monster/orc_knight/03.mss	1
sound_m/sound/monster/skeleton_king/20_1.mss	sound/monster/skeleton_king/20_1.mss	1
sound_m/sound/monster/orc_knight/30.mss	sound/monster/orc_knight/30.mss	1
sound_m/sound/monster/sugu_general/30.mss	sound/monster/sugu_general/30.mss	1
sound_m/sound/pc/assassin/onehand_sword/walk.mss	sound/pc/assassin/onehand_sword/walk.mss	1
sound_m/sound/monster/orc_knight/30_1.mss	sound/monster/orc_knight/30_1.mss	1
sound_m/sound/monster/thiefboss1/31.mss	sound/monster/thiefboss1/31.mss	1
sound_m/sound/monster/orc_knight/32.mss	sound/monster/orc_knight/32.mss	1
sound_m/sound/pc/sura/general/back_damage_flying.mss	sound/pc/sura/general/back_damage_flying.mss	1
sound_m/sound/monster/orc_knight/34.mss	sound/monster/orc_knight/34.mss	1
sound_m/sound/monster/skeleton_wizard/20.mss	sound/monster/skeleton_wizard/20.mss	1
sound_m/sound/monster/orc_knight/37.mss	sound/monster/orc_knight/37.mss	1
sound_m/sound/monster/orc_lord/03.mss	sound/monster/orc_lord/03.mss	1
sound_m/sound/monster/orc_lord/20.mss	sound/monster/orc_lord/20.mss	1
sound_m/sound/pc/sura/skill/pabeop.mss	sound/pc/sura/skill/pabeop.mss	1
sound_m/sound/pc/sura/skill/hwayeom_3.mss	sound/pc/sura/skill/hwayeom_3.mss	1
sound_m/sound/pc/assassin/bow/damage.mss	sound/pc/assassin/bow/damage.mss	1
sound_m/sound/monster/orc_lord/24.mss	sound/monster/orc_lord/24.mss	1
sound_m/sound/monster/orc_lord/30.mss	sound/monster/orc_lord/30.mss	1
sound_m/sound/pc/warrior/twohand_sword/run.mss	sound/pc/warrior/twohand_sword/run.mss	1
sound_m/sound/monster/orc_lord/32.mss	sound/monster/orc_lord/32.mss	1
sound_m/sound/monster/orc_lord/34.mss	sound/monster/orc_lord/34.mss	1
sound_m/sound/monster/wild_boar/32.mss	sound/monster/wild_boar/32.mss	1
sound_m/sound/monster/orc_lord/37.mss	sound/monster/orc_lord/37.mss	1
sound_m/sound/monster/orc_magician/20_1.mss	sound/monster/orc_magician/20_1.mss	1
sound_m/sound/pc/sura/skill/heuksin_2.mss	sound/pc/sura/skill/heuksin_2.mss	1
sound_m/sound/monster/orc_magician/30.mss	sound/monster/orc_magician/30.mss	1
sound_m/sound/monster/orc_magician/30_1.mss	sound/monster/orc_magician/30_1.mss	1
sound_m/sound/pc/assassin/dualhand_sword/damage_2.mss	sound/pc/assassin/dualhand_sword/damage_2.mss	1
sound_m/sound/pc/shaman/horse_fan/combo_02.mss	sound/pc/shaman/horse_fan/combo_02.mss	1
sound_m/sound/monster/orc_magician/31.mss	sound/monster/orc_magician/31.mss	1
sound_m/sound/monster/orc_magician/31_2.mss	sound/monster/orc_magician/31_2.mss	1
sound_m/sound/monster/orc_magician/34.mss	sound/monster/orc_magician/34.mss	1
sound_m/sound/monster/orc_magician/34_1.mss	sound/monster/orc_magician/34_1.mss	1
sound_m/sound/monster/skeleton_god/24.mss	sound/monster/skeleton_god/24.mss	1
sound_m/sound/monster/orc_magician/35.mss	sound/monster/orc_magician/35.mss	1
sound_m/sound/pc/warrior/horse_twohand_sword/skill_splash.mss	sound/pc/warrior/horse_twohand_sword/skill_splash.mss	1
sound_m/sound/monster/orc_magician/37.mss	sound/monster/orc_magician/37.mss	1
sound_m/sound/monster/orc_magician/37_1.mss	sound/monster/orc_magician/37_1.mss	1
sound_m/sound/monster/orc_scouter/03.mss	sound/monster/orc_scouter/03.mss	1
sound_m/sound/pc/warrior/skill/jeongwi.mss	sound/pc/warrior/skill/jeongwi.mss	1
sound_m/sound/monster/orc_scouter/20.mss	sound/monster/orc_scouter/20.mss	1
sound_m/sound/monster/orc_scouter/30.mss	sound/monster/orc_scouter/30.mss	1
sound_m/sound/monster/orc_scouter/31_2.mss	sound/monster/orc_scouter/31_2.mss	1
sound_m/sound/pc/warrior/skill/geomgyeong_4.mss	sound/pc/warrior/skill/geomgyeong_4.mss	1
sound_m/sound/monster/orc_scouter/34.mss	sound/monster/orc_scouter/34.mss	1
sound_m/sound/monster/thief1/30.mss	sound/monster/thief1/30.mss	1
sound_m/sound/monster/orc_scouter/37.mss	sound/monster/orc_scouter/37.mss	1
sound_m/sound/npc/pony/00_1.mss	sound/npc/pony/00_1.mss	1
sound_m/sound/monster/skeleton_bigboss/34_1.mss	sound/monster/skeleton_bigboss/34_1.mss	1
sound_m/sound/monster/stray_dog/32.mss	sound/monster/stray_dog/32.mss	1
sound_m/sound/monster/orc_scouter/37_1.mss	sound/monster/orc_scouter/37_1.mss	1
sound_m/sound/monster/orc_soldier/20_1.mss	sound/monster/orc_soldier/20_1.mss	1
sound_m/sound/pc/assassin/fishing/run.mss	sound/pc/assassin/fishing/run.mss	1
sound_m/sound/monster/orc_soldier/30_1.mss	sound/monster/orc_soldier/30_1.mss	1
sound_m/sound/pc/shaman/horse_bell/skill_wildattack.mss	sound/pc/shaman/horse_bell/skill_wildattack.mss	1
sound_m/sound/monster/orc_soldier/31.mss	sound/monster/orc_soldier/31.mss	1
sound_m/sound/pc/sura/skill/gongpo_2.mss	sound/pc/sura/skill/gongpo_2.mss	1
sound_m/sound/pc/sura/onehand_sword/combo_02.mss	sound/pc/sura/onehand_sword/combo_02.mss	1
sound_m/sound/monster/orc_soldier/32.mss	sound/monster/orc_soldier/32.mss	1
sound_m/sound/pc/shaman/action/kiss_with_sura.mss	sound/pc/shaman/action/kiss_with_sura.mss	1
sound_m/sound/monster/thiefboss1/30_1.mss	sound/monster/thiefboss1/30_1.mss	1
sound_m/sound/monster/orc_soldier/34.mss	sound/monster/orc_soldier/34.mss	1
sound_m/sound/monster/orc_soldier/34_1.mss	sound/monster/orc_soldier/34_1.mss	1
sound_m/sound/monster/orc_soldier/37.mss	sound/monster/orc_soldier/37.mss	1
sound_m/sound/pc/warrior/twohand_sword/combo_03.mss	sound/pc/warrior/twohand_sword/combo_03.mss	1
sound_m/sound/monster/skeleton_soldier_spear/34_1.mss	sound/monster/skeleton_soldier_spear/34_1.mss	1
sound_m/sound/pc/shaman/skill/yongpa_2.mss	sound/pc/shaman/skill/yongpa_2.mss	1
sound_m/sound/monster/recycle_monster/20_1.mss	sound/monster/recycle_monster/20_1.mss	1
sound_m/sound/monster/recycle_monster/30_1.mss	sound/monster/recycle_monster/30_1.mss	1
sound_m/sound/npc/horse/00_2.mss	sound/npc/horse/00_2.mss	1
sound_m/sound/pc/sura/onehand_sword/damage_2.mss	sound/pc/sura/onehand_sword/damage_2.mss	1
sound_m/sound/monster/recycle_monster/34.mss	sound/monster/recycle_monster/34.mss	1
sound_m/sound/monster/recycle_monster/35.mss	sound/monster/recycle_monster/35.mss	1
sound_m/sound/monster/recycle_monster/37.mss	sound/monster/recycle_monster/37.mss	1
sound_m/sound/monster/skeleton_bigboss/03.mss	sound/monster/skeleton_bigboss/03.mss	1
sound_m/sound/pc/sura/general/damage_1.mss	sound/pc/sura/general/damage_1.mss	1
sound_m/sound/monster/skeleton_bigboss/20_1.mss	sound/monster/skeleton_bigboss/20_1.mss	1
sound_m/sound/monster/skeleton_bigboss/30_1.mss	sound/monster/skeleton_bigboss/30_1.mss	1
sound_m/sound/pc/shaman/horse_fan/skill_wildattack.mss	sound/pc/shaman/horse_fan/skill_wildattack.mss	1
sound_m/sound/monster/skeleton_bigboss/31.mss	sound/monster/skeleton_bigboss/31.mss	1
sound_m/sound/monster/skeleton_bigboss/31_1.mss	sound/monster/skeleton_bigboss/31_1.mss	1
sound_m/sound/pc/shaman/fan/combo_02.mss	sound/pc/shaman/fan/combo_02.mss	1
sound_m/sound/monster/skeleton_bigboss/32.mss	sound/monster/skeleton_bigboss/32.mss	1
sound_m/sound/monster/sugu_general/03.mss	sound/monster/sugu_general/03.mss	1
sound_m/sound/monster/skeleton_bigboss/35.mss	sound/monster/skeleton_bigboss/35.mss	1
sound_m/sound/monster/skeleton_general/20.mss	sound/monster/skeleton_general/20.mss	1
sound_m/sound/monster/skeleton_general/20_1.mss	sound/monster/skeleton_general/20_1.mss	1
sound_m/sound/monster/skeleton_general/30_1.mss	sound/monster/skeleton_general/30_1.mss	1
sound_m/sound/monster/skeleton_general/31.mss	sound/monster/skeleton_general/31.mss	1
sound_m/sound/pc/warrior/onehand_sword/combo_04.mss	sound/pc/warrior/onehand_sword/combo_04.mss	1
sound_m/sound/pc/shaman/action/cheers_1.mss	sound/pc/shaman/action/cheers_1.mss	1
sound_m/sound/monster/skeleton_magician/20.mss	sound/monster/skeleton_magician/20.mss	1
sound_m/sound/monster/skeleton_general/34.mss	sound/monster/skeleton_general/34.mss	1
sound_m/sound/monster/skeleton_general/35.mss	sound/monster/skeleton_general/35.mss	1
sound_m/sound/monster/thiefboss3/34_1.mss	sound/monster/thiefboss3/34_1.mss	1
sound_m/sound/pc/sura/skill/swaeryeong_4.mss	sound/pc/sura/skill/swaeryeong_4.mss	1
sound_m/sound/monster/thief1/03_1.mss	sound/monster/thief1/03_1.mss	1
sound_m/sound/monster/skeleton_general/37.mss	sound/monster/skeleton_general/37.mss	1
sound_m/sound/monster/skeleton_god/20.mss	sound/monster/skeleton_god/20.mss	1
sound_m/sound/monster/skeleton_god/25.mss	sound/monster/skeleton_god/25.mss	1
sound_m/sound/monster/skeleton_god/30.mss	sound/monster/skeleton_god/30.mss	1
sound_m/sound/monster/skeleton_god/30_1.mss	sound/monster/skeleton_god/30_1.mss	1
sound_m/sound/monster/skeleton_god/31.mss	sound/monster/skeleton_god/31.mss	1
sound_m/sound/monster/thiefboss1/52.mss	sound/monster/thiefboss1/52.mss	1
sound_m/sound/pc/warrior/twohand_sword/combo_04.mss	sound/pc/warrior/twohand_sword/combo_04.mss	1
sound_m/sound/pc/warrior/action/cheers_2.mss	sound/pc/warrior/action/cheers_2.mss	1
sound_m/sound/pc/shaman/horse_bell/combo_03.mss	sound/pc/shaman/horse_bell/combo_03.mss	1
sound_m/sound/monster/tiger/32.mss	sound/monster/tiger/32.mss	1
sound_m/sound/monster/skeleton_god/32.mss	sound/monster/skeleton_god/32.mss	1
sound_m/sound/monster/skeleton_god/37.mss	sound/monster/skeleton_god/37.mss	1
sound_m/sound/monster/skeleton_king/03.mss	sound/monster/skeleton_king/03.mss	1
sound_m/sound/monster/sugu_general/35.mss	sound/monster/sugu_general/35.mss	1
sound_m/sound/monster/thief2/34.mss	sound/monster/thief2/34.mss	1
sound_m/sound/monster/skeleton_king/32.mss	sound/monster/skeleton_king/32.mss	1
sound_m/sound/pc/shaman/skill/jeungche_me.mss	sound/pc/shaman/skill/jeungche_me.mss	1
sound_m/sound/monster/skeleton_king/32_1.mss	sound/monster/skeleton_king/32_1.mss	1
sound_m/sound/monster/thiefboss2/34.mss	sound/monster/thiefboss2/34.mss	1
sound_m/sound/monster/skeleton_king/34.mss	sound/monster/skeleton_king/34.mss	1
sound_m/sound/monster/thief1/03.mss	sound/monster/thief1/03.mss	1
sound_m/sound/pc/shaman/general/damage_3.mss	sound/pc/shaman/general/damage_3.mss	1
sound_m/sound/monster/skeleton_king/37.mss	sound/monster/skeleton_king/37.mss	1
sound_m/sound/monster/skeleton_magician/00.mss	sound/monster/skeleton_magician/00.mss	1
sound_m/sound/pc/sura/onehand_sword/damage.mss	sound/pc/sura/onehand_sword/damage.mss	1
sound_m/sound/monster/skeleton_magician/03.mss	sound/monster/skeleton_magician/03.mss	1
sound_m/sound/monster/skeleton_wizard/34_1.mss	sound/monster/skeleton_wizard/34_1.mss	1
sound_m/sound/monster/skeleton_magician/31.mss	sound/monster/skeleton_magician/31.mss	1
sound_m/sound/monster/skeleton_magician/32.mss	sound/monster/skeleton_magician/32.mss	1
sound_m/sound/monster/thief2/34_1.mss	sound/monster/thief2/34_1.mss	1
sound_m/sound/monster/skeleton_magician/34.mss	sound/monster/skeleton_magician/34.mss	1
sound_m/sound/monster/skeleton_magician/34_1.mss	sound/monster/skeleton_magician/34_1.mss	1
sound_m/sound/npc/horse/31.mss	sound/npc/horse/31.mss	1
sound_m/sound/pc/shaman/fan/damage_2.mss	sound/pc/shaman/fan/damage_2.mss	1
sound_m/sound/monster/skeleton_magician/35.mss	sound/monster/skeleton_magician/35.mss	1
sound_m/sound/pc/assassin/dualhand_sword/damage_1.mss	sound/pc/assassin/dualhand_sword/damage_1.mss	1
sound_m/sound/monster/skeleton_magician/37.mss	sound/monster/skeleton_magician/37.mss	1
sound_m/sound/monster/wild_boar/20.mss	sound/monster/wild_boar/20.mss	1
sound_m/sound/monster/skeleton_soldier_bow/20.mss	sound/monster/skeleton_soldier_bow/20.mss	1
sound_m/sound/monster/thiefboss2/20_1.mss	sound/monster/thiefboss2/20_1.mss	1
sound_m/sound/pc/shaman/general/damage_1.mss	sound/pc/shaman/general/damage_1.mss	1
sound_m/sound/monster/skeleton_soldier_bow/31.mss	sound/monster/skeleton_soldier_bow/31.mss	1
sound_m/sound/pc/sura/skill/maryeong_3.mss	sound/pc/sura/skill/maryeong_3.mss	1
sound_m/sound/pc/sura/action/cheers_2.mss	sound/pc/sura/action/cheers_2.mss	1
sound_m/sound/monster/skeleton_soldier_bow/32.mss	sound/monster/skeleton_soldier_bow/32.mss	1
sound_m/sound/monster/yellow_tigerman/32.mss	sound/monster/yellow_tigerman/32.mss	1
sound_m/sound/monster/skeleton_soldier_bow/34.mss	sound/monster/skeleton_soldier_bow/34.mss	1
sound_m/sound/monster/skeleton_wizard/30_1.mss	sound/monster/skeleton_wizard/30_1.mss	1
sound_m/sound/pc/warrior/skill/geompung.mss	sound/pc/warrior/skill/geompung.mss	1
sound_m/sound/monster/skeleton_soldier_bow/35.mss	sound/monster/skeleton_soldier_bow/35.mss	1
sound_m/sound/monster/skeleton_soldier_scythe/35.mss	sound/monster/skeleton_soldier_scythe/35.mss	1
sound_m/sound/monster/skeleton_soldier_scythe/03.mss	sound/monster/skeleton_soldier_scythe/03.mss	1
sound_m/sound/monster/skeleton_soldier_scythe/20.mss	sound/monster/skeleton_soldier_scythe/20.mss	1
sound_m/sound/monster/skeleton_soldier_scythe/30.mss	sound/monster/skeleton_soldier_scythe/30.mss	1
sound_m/sound/monster/skeleton_soldier_scythe/32.mss	sound/monster/skeleton_soldier_scythe/32.mss	1
sound_m/sound/monster/skeleton_soldier_scythe/34_1.mss	sound/monster/skeleton_soldier_scythe/34_1.mss	1
sound_m/sound/npc/horse2/03.mss	sound/npc/horse2/03.mss	1
sound_m/sound/monster/skeleton_soldier_scythe/37.mss	sound/monster/skeleton_soldier_scythe/37.mss	1
sound_m/sound/monster/skeleton_soldier_spear/03.mss	sound/monster/skeleton_soldier_spear/03.mss	1
sound_m/sound/monster/skeleton_soldier_spear/20.mss	sound/monster/skeleton_soldier_spear/20.mss	1
sound_m/sound/monster/skeleton_soldier_spear/30.mss	sound/monster/skeleton_soldier_spear/30.mss	1
sound_m/sound/monster/skeleton_wizard/00.mss	sound/monster/skeleton_wizard/00.mss	1
sound_m/sound/monster/skeleton_wizard/35.mss	sound/monster/skeleton_wizard/35.mss	1
sound_m/sound/pc/assassin/action/french_kiss_with_sura.mss	sound/pc/assassin/action/french_kiss_with_sura.mss	1
sound_m/sound/pc/sura/skill/geomhwan.mss	sound/pc/sura/skill/geomhwan.mss	1
sound_m/sound/monster/spite_ghost/00_1.mss	sound/monster/spite_ghost/00_1.mss	1
sound_m/sound/monster/wild_boar/37.mss	sound/monster/wild_boar/37.mss	1
sound_m/sound/monster/spite_ghost/03.mss	sound/monster/spite_ghost/03.mss	1
sound_m/sound/monster/spite_ghost/20.mss	sound/monster/spite_ghost/20.mss	1
sound_m/sound/monster/spite_ghost/30_1.mss	sound/monster/spite_ghost/30_1.mss	1
sound_m/sound/monster/stray_dog/20_1.mss	sound/monster/stray_dog/20_1.mss	1
sound_m/sound/pc/shaman/skill/pokroe_2.mss	sound/pc/shaman/skill/pokroe_2.mss	1
sound_m/sound/monster/stray_dog/30.mss	sound/monster/stray_dog/30.mss	1
sound_m/sound/monster/stray_dog/34.mss	sound/monster/stray_dog/34.mss	1
sound_m/sound/monster/stray_dog/34_1.mss	sound/monster/stray_dog/34_1.mss	1
sound_m/sound/monster/sugu_general/20.mss	sound/monster/sugu_general/20.mss	1
sound_m/sound/pc/warrior/horse/dead.mss	sound/pc/warrior/horse/dead.mss	1
sound_m/sound/monster/sugu_general/20_1.mss	sound/monster/sugu_general/20_1.mss	1
sound_m/sound/monster/sugu_general/30_1.mss	sound/monster/sugu_general/30_1.mss	1
sound_m/sound/monster/tiger/37_1.mss	sound/monster/tiger/37_1.mss	1
sound_m/sound/monster/sugu_general/34_1.mss	sound/monster/sugu_general/34_1.mss	1
sound_m/sound/pc/warrior/fishing/walk.mss	sound/pc/warrior/fishing/walk.mss	1
sound_m/sound/monster/thief1/20-1.mss	sound/monster/thief1/20-1.mss	1
sound_m/sound/monster/thief1/20-2.mss	sound/monster/thief1/20-2.mss	1
sound_m/sound/monster/thief1/20_1.mss	sound/monster/thief1/20_1.mss	1
sound_m/sound/pc/sura/skill/jumagap_4.mss	sound/pc/sura/skill/jumagap_4.mss	1
sound_m/sound/monster/thief1/20_2.mss	sound/monster/thief1/20_2.mss	1
sound_m/sound/pc/assassin/skill/eunhyeong_2.mss	sound/pc/assassin/skill/eunhyeong_2.mss	1
sound_m/sound/monster/thief1/31_1.mss	sound/monster/thief1/31_1.mss	1
sound_m/sound/pc/warrior/general/walk.mss	sound/pc/warrior/general/walk.mss	1
sound_m/sound/monster/thief1/32.mss	sound/monster/thief1/32.mss	1
sound_m/sound/monster/thief1/34.mss	sound/monster/thief1/34.mss	1
sound_m/sound/monster/wolf/35.mss	sound/monster/wolf/35.mss	1
sound_m/sound/monster/thief1/34_1.mss	sound/monster/thief1/34_1.mss	1
sound_m/sound/monster/thief1/35.mss	sound/monster/thief1/35.mss	1
sound_m/sound/monster/thief1/37_2.mss	sound/monster/thief1/37_2.mss	1
sound_m/sound/monster/thief2/02.mss	sound/monster/thief2/02.mss	1
sound_m/sound/monster/thief2/03_1.mss	sound/monster/thief2/03_1.mss	1
sound_m/sound/monster/thief2/20.mss	sound/monster/thief2/20.mss	1
sound_m/sound/monster/thief2/20_1.mss	sound/monster/thief2/20_1.mss	1
sound_m/sound/monster/thief2/32.mss	sound/monster/thief2/32.mss	1
sound_m/sound/monster/thief2/37_1.mss	sound/monster/thief2/37_1.mss	1
sound_m/sound/monster/thief2/37_2.mss	sound/monster/thief2/37_2.mss	1
sound_m/sound/monster/thiefboss1/30.mss	sound/monster/thiefboss1/30.mss	1
sound_m/sound/monster/thiefboss1/34_1.mss	sound/monster/thiefboss1/34_1.mss	1
sound_m/sound/monster/thiefboss2/02.mss	sound/monster/thiefboss2/02.mss	1
sound_m/sound/pc/warrior/general/dead.mss	sound/pc/warrior/general/dead.mss	1
sound_m/sound/monster/thiefboss2/03.mss	sound/monster/thiefboss2/03.mss	1
sound_m/sound/monster/thiefboss2/20-1.mss	sound/monster/thiefboss2/20-1.mss	1
sound_m/sound/monster/thiefboss2/30.mss	sound/monster/thiefboss2/30.mss	1
sound_m/sound/pc/assassin/bow/run.mss	sound/pc/assassin/bow/run.mss	1
sound_m/sound/monster/thiefboss2/30_1.mss	sound/monster/thiefboss2/30_1.mss	1
sound_m/sound/pc/sura/fishing/fishing_catch.mss	sound/pc/sura/fishing/fishing_catch.mss	1
sound_m/sound/monster/thiefboss2/32.mss	sound/monster/thiefboss2/32.mss	1
sound_m/sound/monster/thiefboss2/34_1.mss	sound/monster/thiefboss2/34_1.mss	1
sound_m/sound/monster/thiefboss3/20.mss	sound/monster/thiefboss3/20.mss	1
sound_m/sound/monster/thiefboss2/35.mss	sound/monster/thiefboss2/35.mss	1
sound_m/sound/monster/thiefboss2/51.mss	sound/monster/thiefboss2/51.mss	1
sound_m/sound/monster/thiefboss2/52.mss	sound/monster/thiefboss2/52.mss	1
sound_m/sound/monster/thiefboss3/03.mss	sound/monster/thiefboss3/03.mss	1
sound_m/sound/monster/thiefboss3/20_1.mss	sound/monster/thiefboss3/20_1.mss	1
sound_m/sound/monster/thiefboss3/30.mss	sound/monster/thiefboss3/30.mss	1
sound_m/sound/monster/thiefboss3/31.mss	sound/monster/thiefboss3/31.mss	1
sound_m/sound/monster/thiefboss3/35.mss	sound/monster/thiefboss3/35.mss	1
sound_m/sound/monster/tiger/20_1.mss	sound/monster/tiger/20_1.mss	1
sound_m/sound/pc/shaman/general/damage_flying.mss	sound/pc/shaman/general/damage_flying.mss	1
sound_m/sound/pc/shaman/bell/combo_03.mss	sound/pc/shaman/bell/combo_03.mss	1
sound_m/sound/pc/assassin/skill/sangong_2.mss	sound/pc/assassin/skill/sangong_2.mss	1
sound_m/sound/monster/wild_boar/31.mss	sound/monster/wild_boar/31.mss	1
sound_m/sound/monster/tiger/30.mss	sound/monster/tiger/30.mss	1
sound_m/sound/monster/tiger/35.mss	sound/monster/tiger/35.mss	1
sound_m/sound/pc/shaman/skill/wonsin_me.mss	sound/pc/shaman/skill/wonsin_me.mss	1
sound_m/sound/monster/tiger/37.mss	sound/monster/tiger/37.mss	1
sound_m/sound/monster/wild_boar/35.mss	sound/monster/wild_boar/35.mss	1
sound_m/sound/monster/wild_boar_god/20_1.mss	sound/monster/wild_boar_god/20_1.mss	1
sound_m/sound/monster/wild_boar_god/30.mss	sound/monster/wild_boar_god/30.mss	1
sound_m/sound/monster/wild_boar_god/34.mss	sound/monster/wild_boar_god/34.mss	1
sound_m/sound/monster/wolf/31.mss	sound/monster/wolf/31.mss	1
sound_m/sound/monster/wolf/32.mss	sound/monster/wolf/32.mss	1
sound_m/sound/monster/yellow_tigerman/03.mss	sound/monster/yellow_tigerman/03.mss	1
sound_m/sound/monster/yellow_tigerman/20.mss	sound/monster/yellow_tigerman/20.mss	1
sound_m/sound/monster/yellow_tigerman/24.mss	sound/monster/yellow_tigerman/24.mss	1
sound_m/sound/monster/yellow_tigerman/30.mss	sound/monster/yellow_tigerman/30.mss	1
sound_m/sound/monster/yellow_tigerman/34_1.mss	sound/monster/yellow_tigerman/34_1.mss	1
sound_m/sound/pc/sura/skill/gwigeom_4.mss	sound/pc/sura/skill/gwigeom_4.mss	1
sound_m/sound/monster/yellow_tigerman/35.mss	sound/monster/yellow_tigerman/35.mss	1
sound_m/sound/npc/horse/03.mss	sound/npc/horse/03.mss	1
sound_m/sound/npc/horse/04.mss	sound/npc/horse/04.mss	1
sound_m/sound/npc/horse/25.mss	sound/npc/horse/25.mss	1
sound_m/sound/npc/horse2/00_1.mss	sound/npc/horse2/00_1.mss	1
sound_m/sound/npc/horse2/00_2.mss	sound/npc/horse2/00_2.mss	1
sound_m/sound/pc/shaman/general/pick_up.mss	sound/pc/shaman/general/pick_up.mss	1
sound_m/sound/npc/pony/02.mss	sound/npc/pony/02.mss	1
sound_m/sound/pc/assassin/skill/eunhyeong_4.mss	sound/pc/assassin/skill/eunhyeong_4.mss	1
sound_m/sound/npc/pony/04.mss	sound/npc/pony/04.mss	1
sound_m/sound/npc/pony/25.mss	sound/npc/pony/25.mss	1
sound_m/sound/npc/pony/31.mss	sound/npc/pony/31.mss	1
sound_m/sound/pc/assassin/action/cheers_2.mss	sound/pc/assassin/action/cheers_2.mss	1
sound_m/sound/pc/assassin/action/clap.mss	sound/pc/assassin/action/clap.mss	1
sound_m/sound/pc/assassin/action/french_kiss_with_warrior.mss	sound/pc/assassin/action/french_kiss_with_warrior.mss	1
sound_m/sound/pc/assassin/action/slap_hurt.mss	sound/pc/assassin/action/slap_hurt.mss	1
sound_m/sound/pc/assassin/bow/attack.mss	sound/pc/assassin/bow/attack.mss	1
sound_m/sound/pc/assassin/bow/attack_2.mss	sound/pc/assassin/bow/attack_2.mss	1
sound_m/sound/pc/assassin/bow/damage_1.mss	sound/pc/assassin/bow/damage_1.mss	1
sound_m/sound/pc/assassin/bow/damage_2.mss	sound/pc/assassin/bow/damage_2.mss	1
sound_m/sound/pc/assassin/dualhand_sword/combo_01.mss	sound/pc/assassin/dualhand_sword/combo_01.mss	1
sound_m/sound/pc/assassin/dualhand_sword/combo_04.mss	sound/pc/assassin/dualhand_sword/combo_04.mss	1
sound_m/sound/pc/assassin/dualhand_sword/combo_05.mss	sound/pc/assassin/dualhand_sword/combo_05.mss	1
sound_m/sound/pc/assassin/dualhand_sword/combo_08.mss	sound/pc/assassin/dualhand_sword/combo_08.mss	1
sound_m/sound/pc/assassin/dualhand_sword/damage.mss	sound/pc/assassin/dualhand_sword/damage.mss	1
sound_m/sound/pc/assassin/dualhand_sword/pick_up.mss	sound/pc/assassin/dualhand_sword/pick_up.mss	1
sound_m/sound/pc/assassin/dualhand_sword/run.mss	sound/pc/assassin/dualhand_sword/run.mss	1
sound_m/sound/pc/assassin/fishing/fishing_cancel.mss	sound/pc/assassin/fishing/fishing_cancel.mss	1
sound_m/sound/pc/assassin/fishing/fishing_fail.mss	sound/pc/assassin/fishing/fishing_fail.mss	1
sound_m/sound/pc/assassin/general/damage_2.mss	sound/pc/assassin/general/damage_2.mss	1
sound_m/sound/pc/shaman/skill/jeongeop_2_me.mss	sound/pc/shaman/skill/jeongeop_2_me.mss	1
sound_m/sound/pc/assassin/general/damage_flying.mss	sound/pc/assassin/general/damage_flying.mss	1
sound_m/sound/pc/shaman/skill/daejeongeop_me.mss	sound/pc/shaman/skill/daejeongeop_me.mss	1
sound_m/sound/pc/assassin/general/walk.mss	sound/pc/assassin/general/walk.mss	1
sound_m/sound/pc/assassin/horse/damage.mss	sound/pc/assassin/horse/damage.mss	1
sound_m/sound/pc/assassin/horse/skill_charge.mss	sound/pc/assassin/horse/skill_charge.mss	1
sound_m/sound/pc/assassin/horse_bow/damage.mss	sound/pc/assassin/horse_bow/damage.mss	1
sound_m/sound/pc/warrior/skill/daejin_2.mss	sound/pc/warrior/skill/daejin_2.mss	1
sound_m/sound/pc/assassin/horse_bow/skill_splash.mss	sound/pc/assassin/horse_bow/skill_splash.mss	1
sound_m/sound/pc/assassin/horse_dualhand_sword/combo_01.mss	sound/pc/assassin/horse_dualhand_sword/combo_01.mss	1
sound_m/sound/pc/assassin/horse_dualhand_sword/combo_02.mss	sound/pc/assassin/horse_dualhand_sword/combo_02.mss	1
sound_m/sound/pc/shaman/skill/kwaesok_target.mss	sound/pc/shaman/skill/kwaesok_target.mss	1
sound_m/sound/pc/assassin/horse_dualhand_sword/combo_03.mss	sound/pc/assassin/horse_dualhand_sword/combo_03.mss	1
sound_m/sound/pc/assassin/horse_dualhand_sword/skill_splash.mss	sound/pc/assassin/horse_dualhand_sword/skill_splash.mss	1
sound_m/sound/pc/assassin/horse_dualhand_sword/skill_wildattack.mss	sound/pc/assassin/horse_dualhand_sword/skill_wildattack.mss	1
sound_m/sound/pc/shaman/skill/chojeon.mss	sound/pc/shaman/skill/chojeon.mss	1
sound_m/sound/pc/assassin/horse_onehand_sword/combo_01.mss	sound/pc/assassin/horse_onehand_sword/combo_01.mss	1
sound_m/sound/pc/assassin/horse_onehand_sword/combo_02.mss	sound/pc/assassin/horse_onehand_sword/combo_02.mss	1
sound_m/sound/pc/warrior/skill/samyeon_2.mss	sound/pc/warrior/skill/samyeon_2.mss	1
sound_m/sound/pc/assassin/horse_onehand_sword/combo_03.mss	sound/pc/assassin/horse_onehand_sword/combo_03.mss	1
sound_m/sound/pc/assassin/horse_onehand_sword/skill_wildattack.mss	sound/pc/assassin/horse_onehand_sword/skill_wildattack.mss	1
sound_m/sound/pc/assassin/intro/selected.mss	sound/pc/assassin/intro/selected.mss	1
sound_m/sound/pc/assassin/onehand_sword/combo_04.mss	sound/pc/assassin/onehand_sword/combo_04.mss	1
sound_m/sound/pc/assassin/onehand_sword/combo_06.mss	sound/pc/assassin/onehand_sword/combo_06.mss	1
sound_m/sound/pc/assassin/onehand_sword/combo_07.mss	sound/pc/assassin/onehand_sword/combo_07.mss	1
sound_m/sound/pc/assassin/onehand_sword/damage.mss	sound/pc/assassin/onehand_sword/damage.mss	1
sound_m/sound/pc/assassin/onehand_sword/damage_2.mss	sound/pc/assassin/onehand_sword/damage_2.mss	1
sound_m/sound/pc/assassin/onehand_sword/damage_3.mss	sound/pc/assassin/onehand_sword/damage_3.mss	1
sound_m/sound/pc/assassin/onehand_sword/run.mss	sound/pc/assassin/onehand_sword/run.mss	1
sound_m/sound/pc/assassin/skill/amseup_2.mss	sound/pc/assassin/skill/amseup_2.mss	1
sound_m/sound/pc/assassin/skill/charyun.mss	sound/pc/assassin/skill/charyun.mss	1
sound_m/sound/pc/assassin/skill/charyun_2.mss	sound/pc/assassin/skill/charyun_2.mss	1
sound_m/sound/pc/assassin/skill/charyun_3.mss	sound/pc/assassin/skill/charyun_3.mss	1
sound_m/sound/pc/assassin/skill/dokgigung_3.mss	sound/pc/assassin/skill/dokgigung_3.mss	1
sound_m/sound/pc/assassin/skill/eunhyeong.mss	sound/pc/assassin/skill/eunhyeong.mss	1
sound_m/sound/pc/assassin/skill/eunhyeong_3.mss	sound/pc/assassin/skill/eunhyeong_3.mss	1
sound_m/sound/pc/assassin/skill/gungsin_2.mss	sound/pc/assassin/skill/gungsin_2.mss	1
sound_m/sound/pc/assassin/skill/gungsin_3.mss	sound/pc/assassin/skill/gungsin_3.mss	1
sound_m/sound/pc/assassin/skill/gwangyeok.mss	sound/pc/assassin/skill/gwangyeok.mss	1
sound_m/sound/pc/shaman/general/dig.mss	sound/pc/shaman/general/dig.mss	1
sound_m/sound/pc/assassin/skill/gwangyeok_2.mss	sound/pc/assassin/skill/gwangyeok_2.mss	1
sound_m/sound/pc/assassin/skill/gwangyeok_3.mss	sound/pc/assassin/skill/gwangyeok_3.mss	1
sound_m/sound/pc/assassin/skill/gwangyeok_4.mss	sound/pc/assassin/skill/gwangyeok_4.mss	1
sound_m/sound/pc/assassin/skill/gyeonggong.mss	sound/pc/assassin/skill/gyeonggong.mss	1
sound_m/sound/pc/assassin/skill/gyeonggong_2.mss	sound/pc/assassin/skill/gyeonggong_2.mss	1
sound_m/sound/pc/assassin/skill/gyeonggong_4.mss	sound/pc/assassin/skill/gyeonggong_4.mss	1
sound_m/sound/pc/assassin/skill/hwajo.mss	sound/pc/assassin/skill/hwajo.mss	1
sound_m/sound/pc/assassin/skill/hwajo_2.mss	sound/pc/assassin/skill/hwajo_2.mss	1
sound_m/sound/pc/shaman/action/french_kiss_with_warrior.mss	sound/pc/shaman/action/french_kiss_with_warrior.mss	1
sound_m/sound/pc/assassin/skill/hwajo_3.mss	sound/pc/assassin/skill/hwajo_3.mss	1
sound_m/sound/pc/assassin/skill/hwajo_4.mss	sound/pc/assassin/skill/hwajo_4.mss	1
sound_m/sound/pc/assassin/skill/poison_cloud.mss	sound/pc/assassin/skill/poison_cloud.mss	1
sound_m/sound/pc/assassin/skill/sangong_3.mss	sound/pc/assassin/skill/sangong_3.mss	1
sound_m/sound/pc/assassin/skill/seomjeon.mss	sound/pc/assassin/skill/seomjeon.mss	1
sound_m/sound/pc/assassin/skill/yeonsa_2.mss	sound/pc/assassin/skill/yeonsa_2.mss	1
sound_m/sound/pc/assassin/skill/yeonsa_3.mss	sound/pc/assassin/skill/yeonsa_3.mss	1
sound_m/sound/pc/assassin/skill/yeonsa_4.mss	sound/pc/assassin/skill/yeonsa_4.mss	1
sound_m/sound/pc/sura/onehand_sword/combo_07.mss	sound/pc/sura/onehand_sword/combo_07.mss	1
sound_m/sound/pc/shaman/action/cheers_2.mss	sound/pc/shaman/action/cheers_2.mss	1
sound_m/sound/pc/shaman/action/french_kiss_with_sura.mss	sound/pc/shaman/action/french_kiss_with_sura.mss	1
sound_m/sound/pc/shaman/action/slap_hit.mss	sound/pc/shaman/action/slap_hit.mss	1
sound_m/sound/pc/shaman/bell/combo_02.mss	sound/pc/shaman/bell/combo_02.mss	1
sound_m/sound/pc/shaman/bell/combo_04.mss	sound/pc/shaman/bell/combo_04.mss	1
sound_m/sound/pc/shaman/bell/combo_07.mss	sound/pc/shaman/bell/combo_07.mss	1
sound_m/sound/pc/shaman/bell/damage.mss	sound/pc/shaman/bell/damage.mss	1
sound_m/sound/pc/shaman/bell/damage_1.mss	sound/pc/shaman/bell/damage_1.mss	1
sound_m/sound/pc/shaman/bell/damage_2.mss	sound/pc/shaman/bell/damage_2.mss	1
sound_m/sound/pc/shaman/bell/damage_3.mss	sound/pc/shaman/bell/damage_3.mss	1
sound_m/sound/pc/shaman/bell/run.mss	sound/pc/shaman/bell/run.mss	1
sound_m/sound/pc/shaman/bell/walk.mss	sound/pc/shaman/bell/walk.mss	1
sound_m/sound/pc/sura/onehand_sword/walk.mss	sound/pc/sura/onehand_sword/walk.mss	1
sound_m/sound/pc/shaman/effect/10kwaesok.mss	sound/pc/shaman/effect/10kwaesok.mss	1
sound_m/sound/pc/shaman/effect/12sohwanbu.mss	sound/pc/shaman/effect/12sohwanbu.mss	1
sound_m/sound/pc/shaman/effect/6gicheon_blow.mss	sound/pc/shaman/effect/6gicheon_blow.mss	1
sound_m/sound/pc/shaman/fan/combo_01.mss	sound/pc/shaman/fan/combo_01.mss	1
sound_m/sound/pc/shaman/fan/combo_03.mss	sound/pc/shaman/fan/combo_03.mss	1
sound_m/sound/pc/shaman/fan/combo_05.mss	sound/pc/shaman/fan/combo_05.mss	1
sound_m/sound/pc/shaman/fan/combo_07.mss	sound/pc/shaman/fan/combo_07.mss	1
sound_m/sound/pc/shaman/fan/damage.mss	sound/pc/shaman/fan/damage.mss	1
sound_m/sound/pc/shaman/fan/damage_3.mss	sound/pc/shaman/fan/damage_3.mss	1
sound_m/sound/pc/shaman/fan/run.mss	sound/pc/shaman/fan/run.mss	1
sound_m/sound/pc/shaman/fan/walk.mss	sound/pc/shaman/fan/walk.mss	1
sound_m/sound/pc/shaman/fishing/fishing_catch.mss	sound/pc/shaman/fishing/fishing_catch.mss	1
sound_m/sound/pc/shaman/fishing/fishing_fail.mss	sound/pc/shaman/fishing/fishing_fail.mss	1
sound_m/sound/pc/shaman/fishing/walk.mss	sound/pc/shaman/fishing/walk.mss	1
sound_m/sound/pc/shaman/skill/bipabu_4.mss	sound/pc/shaman/skill/bipabu_4.mss	1
sound_m/sound/pc/shaman/general/attack_1.mss	sound/pc/shaman/general/attack_1.mss	1
sound_m/sound/pc/shaman/general/back_damage_flying.mss	sound/pc/shaman/general/back_damage_flying.mss	1
sound_m/sound/pc/warrior/action/slap_hurt.mss	sound/pc/warrior/action/slap_hurt.mss	1
sound_m/sound/pc/shaman/general/damage.mss	sound/pc/shaman/general/damage.mss	1
sound_m/sound/pc/warrior/skill/gigongcham_2.mss	sound/pc/warrior/skill/gigongcham_2.mss	1
sound_m/sound/pc/shaman/general/damage_2.mss	sound/pc/shaman/general/damage_2.mss	1
sound_m/sound/pc/shaman/general/dead.mss	sound/pc/shaman/general/dead.mss	1
sound_m/sound/pc/shaman/skill/jeungryeok_me.mss	sound/pc/shaman/skill/jeungryeok_me.mss	1
sound_m/sound/pc/shaman/general/walk.mss	sound/pc/shaman/general/walk.mss	1
sound_m/sound/pc/shaman/horse/damage.mss	sound/pc/shaman/horse/damage.mss	1
sound_m/sound/pc/shaman/horse/dead.mss	sound/pc/shaman/horse/dead.mss	1
sound_m/sound/pc/shaman/horse/skill_charge.mss	sound/pc/shaman/horse/skill_charge.mss	1
sound_m/sound/pc/shaman/horse/skill_splash.mss	sound/pc/shaman/horse/skill_splash.mss	1
sound_m/sound/pc/shaman/horse_bell/combo_01.mss	sound/pc/shaman/horse_bell/combo_01.mss	1
sound_m/sound/pc/shaman/horse_bell/combo_02.mss	sound/pc/shaman/horse_bell/combo_02.mss	1
sound_m/sound/pc/shaman/horse_fan/combo_01.mss	sound/pc/shaman/horse_fan/combo_01.mss	1
sound_m/sound/pc/shaman/intro/selected.mss	sound/pc/shaman/intro/selected.mss	1
sound_m/sound/pc/warrior/general/pick_up.mss	sound/pc/warrior/general/pick_up.mss	1
sound_m/sound/pc/shaman/skill/bipabu.mss	sound/pc/shaman/skill/bipabu.mss	1
sound_m/sound/pc/shaman/skill/bipabu_2.mss	sound/pc/shaman/skill/bipabu_2.mss	1
sound_m/sound/pc/shaman/skill/boho_2.mss	sound/pc/shaman/skill/boho_2.mss	1
sound_m/sound/pc/shaman/skill/boho_3.mss	sound/pc/shaman/skill/boho_3.mss	1
sound_m/sound/pc/shaman/skill/boho_4.mss	sound/pc/shaman/skill/boho_4.mss	1
sound_m/sound/pc/shaman/skill/boho_me.mss	sound/pc/shaman/skill/boho_me.mss	1
sound_m/sound/pc/shaman/skill/boho_target.mss	sound/pc/shaman/skill/boho_target.mss	1
sound_m/sound/pc/shaman/skill/budong.mss	sound/pc/shaman/skill/budong.mss	1
sound_m/sound/pc/sura/skill/swaeryeong.mss	sound/pc/sura/skill/swaeryeong.mss	1
sound_m/sound/pc/shaman/skill/byeorak_3.mss	sound/pc/shaman/skill/byeorak_3.mss	1
sound_m/sound/pc/shaman/skill/byeorak_4.mss	sound/pc/shaman/skill/byeorak_4.mss	1
sound_m/sound/pc/shaman/skill/daejeongeop_target.mss	sound/pc/shaman/skill/daejeongeop_target.mss	1
sound_m/sound/pc/shaman/skill/gicheon_4.mss	sound/pc/shaman/skill/gicheon_4.mss	1
sound_m/sound/pc/shaman/skill/gicheon_me.mss	sound/pc/shaman/skill/gicheon_me.mss	1
sound_m/sound/pc/shaman/skill/hosin_2.mss	sound/pc/shaman/skill/hosin_2.mss	1
sound_m/sound/pc/shaman/skill/hosin_3.mss	sound/pc/shaman/skill/hosin_3.mss	1
sound_m/sound/pc/shaman/skill/hosin_4.mss	sound/pc/shaman/skill/hosin_4.mss	1
sound_m/sound/pc/shaman/skill/kwaesok_4.mss	sound/pc/shaman/skill/kwaesok_4.mss	1
sound_m/sound/pc/shaman/skill/hosin_me.mss	sound/pc/shaman/skill/hosin_me.mss	1
sound_m/sound/pc/shaman/skill/hosin_target.mss	sound/pc/shaman/skill/hosin_target.mss	1
sound_m/sound/pc/sura/onehand_sword/combo_06.mss	sound/pc/sura/onehand_sword/combo_06.mss	1
sound_m/sound/pc/shaman/skill/inma.mss	sound/pc/shaman/skill/inma.mss	1
sound_m/sound/pc/shaman/skill/jeongeop_2.mss	sound/pc/shaman/skill/jeongeop_2.mss	1
sound_m/sound/pc/shaman/skill/jeongeop_3.mss	sound/pc/shaman/skill/jeongeop_3.mss	1
sound_m/sound/pc/shaman/skill/jeongeop_3_me.mss	sound/pc/shaman/skill/jeongeop_3_me.mss	1
sound_m/sound/pc/shaman/skill/jeongeop_4_me.mss	sound/pc/shaman/skill/jeongeop_4_me.mss	1
sound_m/sound/pc/shaman/skill/jeongeop_me.mss	sound/pc/shaman/skill/jeongeop_me.mss	1
sound_m/sound/pc/warrior/twohand_sword/damage_3.mss	sound/pc/warrior/twohand_sword/damage_3.mss	1
sound_m/sound/pc/shaman/skill/jeungche_target.mss	sound/pc/shaman/skill/jeungche_target.mss	1
sound_m/sound/pc/shaman/skill/jeunghon_me.mss	sound/pc/shaman/skill/jeunghon_me.mss	1
sound_m/sound/pc/shaman/skill/jeunghon_target.mss	sound/pc/shaman/skill/jeunghon_target.mss	1
sound_m/sound/pc/shaman/skill/jeungryeok_2.mss	sound/pc/shaman/skill/jeungryeok_2.mss	1
sound_m/sound/pc/shaman/skill/jeungryeok_3.mss	sound/pc/shaman/skill/jeungryeok_3.mss	1
sound_m/sound/pc/shaman/skill/jeungryeok_4.mss	sound/pc/shaman/skill/jeungryeok_4.mss	1
sound_m/sound/pc/warrior/horse/damage.mss	sound/pc/warrior/horse/damage.mss	1
sound_m/sound/pc/shaman/skill/jeungryeok_target.mss	sound/pc/shaman/skill/jeungryeok_target.mss	1
sound_m/sound/pc/shaman/skill/jigam_me.mss	sound/pc/shaman/skill/jigam_me.mss	1
sound_m/sound/pc/shaman/skill/jigam_target.mss	sound/pc/shaman/skill/jigam_target.mss	1
sound_m/sound/pc/shaman/skill/kwaesok_2.mss	sound/pc/shaman/skill/kwaesok_2.mss	1
sound_m/sound/pc/warrior/skill/jeongwi_4.mss	sound/pc/warrior/skill/jeongwi_4.mss	1
sound_m/sound/pc/shaman/skill/kwaesok_me.mss	sound/pc/shaman/skill/kwaesok_me.mss	1
sound_m/sound/pc/shaman/skill/noejeon.mss	sound/pc/shaman/skill/noejeon.mss	1
sound_m/sound/pc/shaman/skill/noejeon_2.mss	sound/pc/shaman/skill/noejeon_2.mss	1
sound_m/sound/pc/shaman/skill/noejeon_3.mss	sound/pc/shaman/skill/noejeon_3.mss	1
sound_m/sound/pc/shaman/skill/noejeon_4.mss	sound/pc/shaman/skill/noejeon_4.mss	1
sound_m/sound/pc/shaman/skill/paeryong.mss	sound/pc/shaman/skill/paeryong.mss	1
sound_m/sound/pc/shaman/skill/paeryong_2.mss	sound/pc/shaman/skill/paeryong_2.mss	1
sound_m/sound/pc/shaman/skill/paeryong_3.mss	sound/pc/shaman/skill/paeryong_3.mss	1
sound_m/sound/pc/shaman/skill/pokroe_4.mss	sound/pc/shaman/skill/pokroe_4.mss	1
sound_m/sound/pc/shaman/skill/suho.mss	sound/pc/shaman/skill/suho.mss	1
sound_m/sound/pc/shaman/skill/wonsin_target.mss	sound/pc/shaman/skill/wonsin_target.mss	1
sound_m/sound/pc/shaman/skill/yongpa.mss	sound/pc/shaman/skill/yongpa.mss	1
sound_m/sound/pc/shaman/skill/yongpa_3.mss	sound/pc/shaman/skill/yongpa_3.mss	1
sound_m/sound/pc/sura/action/cheers_1.mss	sound/pc/sura/action/cheers_1.mss	1
sound_m/sound/pc/sura/action/clap.mss	sound/pc/sura/action/clap.mss	1
sound_m/sound/pc/sura/general/damage_2.mss	sound/pc/sura/general/damage_2.mss	1
sound_m/sound/pc/sura/action/french_kiss_with_shaman.mss	sound/pc/sura/action/french_kiss_with_shaman.mss	1
sound_m/sound/pc/sura/action/kiss_with_assassin.mss	sound/pc/sura/action/kiss_with_assassin.mss	1
sound_m/sound/pc/sura/action/kiss_with_shaman.mss	sound/pc/sura/action/kiss_with_shaman.mss	1
sound_m/sound/pc/sura/action/slap_hit.mss	sound/pc/sura/action/slap_hit.mss	1
sound_m/sound/pc/sura/action/slap_hurt.mss	sound/pc/sura/action/slap_hurt.mss	1
sound_m/sound/pc/sura/effect/maryeong_blow.mss	sound/pc/sura/effect/maryeong_blow.mss	1
sound_m/sound/pc/sura/effect/pabeopsul_blow.mss	sound/pc/sura/effect/pabeopsul_blow.mss	1
sound_m/sound/pc/sura/effect/swaeryeong.mss	sound/pc/sura/effect/swaeryeong.mss	1
sound_m/sound/pc/sura/fishing/fishing_fail.mss	sound/pc/sura/fishing/fishing_fail.mss	1
sound_m/sound/pc/sura/fishing/run.mss	sound/pc/sura/fishing/run.mss	1
sound_m/sound/pc/sura/general/attack_1.mss	sound/pc/sura/general/attack_1.mss	1
sound_m/sound/pc/sura/general/combo_01.mss	sound/pc/sura/general/combo_01.mss	1
sound_m/sound/pc/sura/general/combo_03.mss	sound/pc/sura/general/combo_03.mss	1
sound_m/sound/pc/warrior/fishing/run.mss	sound/pc/warrior/fishing/run.mss	1
sound_m/sound/pc/sura/general/damage_3.mss	sound/pc/sura/general/damage_3.mss	1
sound_m/sound/pc/sura/skill/tusok_2.mss	sound/pc/sura/skill/tusok_2.mss	1
sound_m/sound/pc/sura/general/dead.mss	sound/pc/sura/general/dead.mss	1
sound_m/sound/pc/sura/general/dig.mss	sound/pc/sura/general/dig.mss	1
sound_m/sound/pc/sura/general/pick_up.mss	sound/pc/sura/general/pick_up.mss	1
sound_m/sound/pc/sura/general/run.mss	sound/pc/sura/general/run.mss	1
sound_m/sound/pc/sura/general/walk.mss	sound/pc/sura/general/walk.mss	1
sound_m/sound/pc/sura/horse/damage.mss	sound/pc/sura/horse/damage.mss	1
sound_m/sound/pc/sura/horse/dead.mss	sound/pc/sura/horse/dead.mss	1
sound_m/sound/pc/sura/horse/skill_splash.mss	sound/pc/sura/horse/skill_splash.mss	1
sound_m/sound/pc/sura/horse_onehand_sword/combo_01.mss	sound/pc/sura/horse_onehand_sword/combo_01.mss	1
sound_m/sound/pc/sura/horse_onehand_sword/combo_02.mss	sound/pc/sura/horse_onehand_sword/combo_02.mss	1
sound_m/sound/pc/sura/horse_onehand_sword/skill_wildattack.mss	sound/pc/sura/horse_onehand_sword/skill_wildattack.mss	1
sound_m/sound/pc/sura/intro/selected.mss	sound/pc/sura/intro/selected.mss	1
sound_m/sound/pc/sura/onehand_sword/combo_01.mss	sound/pc/sura/onehand_sword/combo_01.mss	1
sound_m/sound/pc/sura/onehand_sword/combo_04.mss	sound/pc/sura/onehand_sword/combo_04.mss	1
sound_m/sound/pc/sura/onehand_sword/damage_1.mss	sound/pc/sura/onehand_sword/damage_1.mss	1
sound_m/sound/pc/sura/onehand_sword/pick_up.mss	sound/pc/sura/onehand_sword/pick_up.mss	1
sound_m/sound/pc/sura/onehand_sword/run.mss	sound/pc/sura/onehand_sword/run.mss	1
sound_m/sound/pc/sura/skill/geongon.mss	sound/pc/sura/skill/geongon.mss	1
sound_m/sound/pc/sura/skill/gongpo.mss	sound/pc/sura/skill/gongpo.mss	1
sound_m/sound/pc/sura/skill/gongpo_4.mss	sound/pc/sura/skill/gongpo_4.mss	1
sound_m/sound/pc/sura/skill/gwigeom_2.mss	sound/pc/sura/skill/gwigeom_2.mss	1
sound_m/sound/pc/warrior/fishing/fishing_fail.mss	sound/pc/warrior/fishing/fishing_fail.mss	1
sound_m/sound/pc/sura/skill/heuksin.mss	sound/pc/sura/skill/heuksin.mss	1
sound_m/sound/pc/sura/skill/heuksin_3.mss	sound/pc/sura/skill/heuksin_3.mss	1
sound_m/sound/pc/sura/skill/heuksin_4.mss	sound/pc/sura/skill/heuksin_4.mss	1
sound_m/sound/pc/sura/skill/hyeolhwan.mss	sound/pc/sura/skill/hyeolhwan.mss	1
sound_m/sound/pc/sura/skill/hyeolma.mss	sound/pc/sura/skill/hyeolma.mss	1
sound_m/sound/pc/warrior/onehand_sword/damage.mss	sound/pc/warrior/onehand_sword/damage.mss	1
sound_m/sound/pc/sura/skill/ihyeol.mss	sound/pc/sura/skill/ihyeol.mss	1
sound_m/sound/pc/sura/skill/jeoju.mss	sound/pc/sura/skill/jeoju.mss	1
sound_m/sound/pc/sura/skill/jumagap.mss	sound/pc/sura/skill/jumagap.mss	1
sound_m/sound/pc/sura/skill/jumagap_2.mss	sound/pc/sura/skill/jumagap_2.mss	1
sound_m/sound/pc/sura/skill/mahwan_2.mss	sound/pc/sura/skill/mahwan_2.mss	1
sound_m/sound/pc/sura/skill/mahwan_3.mss	sound/pc/sura/skill/mahwan_3.mss	1
sound_m/sound/pc/sura/skill/mahwan_4.mss	sound/pc/sura/skill/mahwan_4.mss	1
sound_m/sound/pc/sura/skill/maryeong.mss	sound/pc/sura/skill/maryeong.mss	1
sound_m/sound/pc/sura/skill/muyeong.mss	sound/pc/sura/skill/muyeong.mss	1
sound_m/sound/pc/sura/skill/muyeong_2.mss	sound/pc/sura/skill/muyeong_2.mss	1
sound_m/sound/pc/sura/skill/muyeong_3.mss	sound/pc/sura/skill/muyeong_3.mss	1
sound_m/sound/pc/sura/skill/muyeong_4.mss	sound/pc/sura/skill/muyeong_4.mss	1
sound_m/sound/pc/sura/skill/pabeop_2.mss	sound/pc/sura/skill/pabeop_2.mss	1
sound_m/sound/pc/sura/skill/pabeop_3.mss	sound/pc/sura/skill/pabeop_3.mss	1
sound_m/sound/pc/sura/skill/pabeop_4.mss	sound/pc/sura/skill/pabeop_4.mss	1
sound_m/sound/pc/sura/skill/swaeryeong_3.mss	sound/pc/sura/skill/swaeryeong_3.mss	1
sound_m/sound/pc/sura/skill/tusok.mss	sound/pc/sura/skill/tusok.mss	1
sound_m/sound/pc/sura/skill/tusok_4.mss	sound/pc/sura/skill/tusok_4.mss	1
sound_m/sound/pc/sura/skill/yonggwon_2.mss	sound/pc/sura/skill/yonggwon_2.mss	1
sound_m/sound/pc/sura/skill/yonggwon_3.mss	sound/pc/sura/skill/yonggwon_3.mss	1
sound_m/sound/pc/sura/skill/yonggwon_4.mss	sound/pc/sura/skill/yonggwon_4.mss	1
sound_m/sound/pc/warrior/action/french_kiss_with_assassin.mss	sound/pc/warrior/action/french_kiss_with_assassin.mss	1
sound_m/sound/pc/warrior/action/kiss_with_assassin.mss	sound/pc/warrior/action/kiss_with_assassin.mss	1
sound_m/sound/pc/warrior/action/kiss_with_shaman.mss	sound/pc/warrior/action/kiss_with_shaman.mss	1
sound_m/sound/pc/warrior/action/slap_hit.mss	sound/pc/warrior/action/slap_hit.mss	1
sound_m/sound/pc/warrior/fishing/fishing_cancel.mss	sound/pc/warrior/fishing/fishing_cancel.mss	1
sound_m/sound/pc/warrior/general/attack.mss	sound/pc/warrior/general/attack.mss	1
sound_m/sound/pc/warrior/general/attack_1.mss	sound/pc/warrior/general/attack_1.mss	1
sound_m/sound/pc/warrior/general/back_damage_flying.mss	sound/pc/warrior/general/back_damage_flying.mss	1
sound_m/sound/pc/warrior/general/damage_1.mss	sound/pc/warrior/general/damage_1.mss	1
sound_m/sound/pc/warrior/general/damage_2.mss	sound/pc/warrior/general/damage_2.mss	1
sound_m/sound/pc/warrior/general/damage_flying.mss	sound/pc/warrior/general/damage_flying.mss	1
sound_m/sound/pc/warrior/general/run.mss	sound/pc/warrior/general/run.mss	1
sound_m/sound/pc/warrior/horse_onehand_sword/combo_01.mss	sound/pc/warrior/horse_onehand_sword/combo_01.mss	1
sound_m/sound/pc/warrior/horse_onehand_sword/combo_02.mss	sound/pc/warrior/horse_onehand_sword/combo_02.mss	1
sound_m/sound/pc/warrior/horse_onehand_sword/combo_03.mss	sound/pc/warrior/horse_onehand_sword/combo_03.mss	1
sound_m/sound/pc/warrior/horse_onehand_sword/skill_wildattack.mss	sound/pc/warrior/horse_onehand_sword/skill_wildattack.mss	1
sound_m/sound/pc/warrior/horse_twohand_sword/combo_01.mss	sound/pc/warrior/horse_twohand_sword/combo_01.mss	1
sound_m/sound/pc/warrior/horse_twohand_sword/combo_02.mss	sound/pc/warrior/horse_twohand_sword/combo_02.mss	1
sound_m/sound/pc/warrior/horse_twohand_sword/combo_03.mss	sound/pc/warrior/horse_twohand_sword/combo_03.mss	1
sound_m/sound/pc/warrior/horse_twohand_sword/skill_wildattack.mss	sound/pc/warrior/horse_twohand_sword/skill_wildattack.mss	1
sound_m/sound/pc/warrior/intro/selected.mss	sound/pc/warrior/intro/selected.mss	1
sound_m/sound/pc/warrior/onehand_sword/attack_1.mss	sound/pc/warrior/onehand_sword/attack_1.mss	1
sound_m/sound/pc/warrior/onehand_sword/combo_02.mss	sound/pc/warrior/onehand_sword/combo_02.mss	1
sound_m/sound/pc/warrior/onehand_sword/combo_03.mss	sound/pc/warrior/onehand_sword/combo_03.mss	1
sound_m/sound/pc/warrior/onehand_sword/combo_05.mss	sound/pc/warrior/onehand_sword/combo_05.mss	1
sound_m/sound/pc/warrior/onehand_sword/combo_06.mss	sound/pc/warrior/onehand_sword/combo_06.mss	1
sound_m/sound/pc/warrior/skill/daejin_3.mss	sound/pc/warrior/skill/daejin_3.mss	1
sound_m/sound/pc/warrior/onehand_sword/damage_1.mss	sound/pc/warrior/onehand_sword/damage_1.mss	1
sound_m/sound/pc/warrior/onehand_sword/damage_2.mss	sound/pc/warrior/onehand_sword/damage_2.mss	1
sound_m/sound/pc/warrior/onehand_sword/damage_3.mss	sound/pc/warrior/onehand_sword/damage_3.mss	1
sound_m/sound/pc/warrior/onehand_sword/pick_up.mss	sound/pc/warrior/onehand_sword/pick_up.mss	1
sound_m/sound/pc/warrior/onehand_sword/walk.mss	sound/pc/warrior/onehand_sword/walk.mss	1
sound_m/sound/pc/warrior/skill/cheongeun_2.mss	sound/pc/warrior/skill/cheongeun_2.mss	1
sound_m/sound/pc/warrior/skill/cheongeun_3.mss	sound/pc/warrior/skill/cheongeun_3.mss	1
sound_m/sound/pc/warrior/skill/cheongeun_4.mss	sound/pc/warrior/skill/cheongeun_4.mss	1
sound_m/sound/pc/warrior/skill/daejin.mss	sound/pc/warrior/skill/daejin.mss	1
sound_m/sound/pc/warrior/skill/geomgyeong_2.mss	sound/pc/warrior/skill/geomgyeong_2.mss	1
sound_m/sound/pc/warrior/skill/geomgyeong_3.mss	sound/pc/warrior/skill/geomgyeong_3.mss	1
sound_m/sound/pc/warrior/skill/geompung_2.mss	sound/pc/warrior/skill/geompung_2.mss	1
sound_m/sound/pc/warrior/skill/geompung_3.mss	sound/pc/warrior/skill/geompung_3.mss	1
sound_m/sound/pc/warrior/skill/geompung_4.mss	sound/pc/warrior/skill/geompung_4.mss	1
sound_m/sound/pc/warrior/skill/gigongcham.mss	sound/pc/warrior/skill/gigongcham.mss	1
sound_m/sound/pc/warrior/skill/jeonsinbangeo.mss	sound/pc/warrior/skill/jeonsinbangeo.mss	1
sound_m/sound/pc/warrior/skill/gigongcham_3.mss	sound/pc/warrior/skill/gigongcham_3.mss	1
sound_m/sound/pc/warrior/skill/gigongcham_4.mss	sound/pc/warrior/skill/gigongcham_4.mss	1
sound_m/sound/pc/warrior/skill/gyeoksan.mss	sound/pc/warrior/skill/gyeoksan.mss	1
sound_m/sound/pc/warrior/skill/gyeoksan_3.mss	sound/pc/warrior/skill/gyeoksan_3.mss	1
sound_m/sound/pc/warrior/skill/gyeoksan_triple.mss	sound/pc/warrior/skill/gyeoksan_triple.mss	1
sound_m/sound/pc/warrior/skill/jeongwi_3.mss	sound/pc/warrior/skill/jeongwi_3.mss	1
sound_m/sound/pc/warrior/skill/jipjung.mss	sound/pc/warrior/skill/jipjung.mss	1
sound_m/sound/pc/warrior/skill/noegeom.mss	sound/pc/warrior/skill/noegeom.mss	1
sound_m/sound/pc/warrior/skill/palbang.mss	sound/pc/warrior/skill/palbang.mss	1
sound_m/sound/pc/warrior/skill/samyeon_4.mss	sound/pc/warrior/skill/samyeon_4.mss	1
sound_m/sound/pc/warrior/skill/tanhwan_2.mss	sound/pc/warrior/skill/tanhwan_2.mss	1
sound_m/sound/pc/warrior/skill/tanhwan_3.mss	sound/pc/warrior/skill/tanhwan_3.mss	1
sound_m/sound/pc/warrior/skill/tanhwan_4.mss	sound/pc/warrior/skill/tanhwan_4.mss	1
sound_m/sound/pc/warrior/twohand_sword/combo_01.mss	sound/pc/warrior/twohand_sword/combo_01.mss	1
sound_m/sound/pc/warrior/twohand_sword/combo_02.mss	sound/pc/warrior/twohand_sword/combo_02.mss	1
sound_m/sound/pc/warrior/twohand_sword/combo_07.mss	sound/pc/warrior/twohand_sword/combo_07.mss	1
sound_m/sound/pc/warrior/twohand_sword/pick_up.mss	sound/pc/warrior/twohand_sword/pick_up.mss	1
