sound2/sound/monster2/ch_bowman/20_1.mss	sound/monster2/ch_bowman/20_1.mss	1
sound2/sound/monster2/giant_scorpion/20.mss	sound/monster2/giant_scorpion/20.mss	1
sound2/sound/monster2/fire_tiger/fall_act_1.wav	sound/monster2/fire_tiger/fall_act_1.wav	1
sound2/sound/monster2/ch_magician/20.mss	sound/monster2/ch_magician/20.mss	1
sound2/sound/monster2/fire_knight/31.mss	sound/monster2/fire_knight/31.mss	1
sound2/sound/monster2/ch_bowman/20.mss	sound/monster2/ch_bowman/20.mss	1
sound2/sound/pc2/shaman/skill/hosin_5.mss	sound/pc2/shaman/skill/hosin_5.mss	1
sound2/sound/monster2/nersluck_1/35.mss	sound/monster2/nersluck_1/35.mss	1
sound2/sound/monster2/ch_magician/34.mss	sound/monster2/ch_magician/34.mss	1
sound2/sound/pc2/assassin/action/cheers_2.mss	sound/pc2/assassin/action/cheers_2.mss	1
sound2/sound/pc2/shaman/skill/yongpa_3.mss	sound/pc2/shaman/skill/yongpa_3.mss	1
sound2/sound/monster2/ent_trent/20.mss	sound/monster2/ent_trent/20.mss	1
sound2/sound/pc2/assassin/onehand_sword/damage_2.mss	sound/pc2/assassin/onehand_sword/damage_2.mss	1
sound2/sound/pc2/assassin/skill/eunhyeong_2.mss	sound/pc2/assassin/skill/eunhyeong_2.mss	1
sound2/sound/monster2/fire_dragon/20_1.mss	sound/monster2/fire_dragon/20_1.mss	1
sound2/sound/monster2/ch_bowman/03.mss	sound/monster2/ch_bowman/03.mss	1
sound2/sound/monster2/ch_bowman/31.mss	sound/monster2/ch_bowman/31.mss	1
sound2/sound/monster2/ch_footman/37.mss	sound/monster2/ch_footman/37.mss	1
sound2/sound/monster2/nersluck/35.mss	sound/monster2/nersluck/35.mss	1
sound2/sound/pc2/shaman/bell/combo3.wav	sound/pc2/shaman/bell/combo3.wav	1
sound2/sound/monster2/ch_bowman/30.mss	sound/monster2/ch_bowman/30.mss	1
sound2/sound/pc2/warrior/skill/gigongcham.wav	sound/pc2/warrior/skill/gigongcham.wav	1
sound2/sound/monster2/golem_2/31.mss	sound/monster2/golem_2/31.mss	1
sound2/sound/monster2/fennec_fox/damage_1.wav	sound/monster2/fennec_fox/damage_1.wav	1
sound2/sound/monster2/ch_bowman/32.mss	sound/monster2/ch_bowman/32.mss	1
sound2/sound/monster2/god_monkey/31.mss	sound/monster2/god_monkey/31.mss	1
sound2/sound/monster2/ch_bowman/35.mss	sound/monster2/ch_bowman/35.mss	1
sound2/sound/pc2/sura/skill/swaeryeong_2.mss	sound/pc2/sura/skill/swaeryeong_2.mss	1
sound2/sound/pc2/sura/skill/heuksin_3.mss	sound/pc2/sura/skill/heuksin_3.mss	1
sound2/sound/monster2/ch_magician/03.mss	sound/monster2/ch_magician/03.mss	1
sound2/sound/pc2/warrior/horse_onehand_sword/skill_splash.mss	sound/pc2/warrior/horse_onehand_sword/skill_splash.mss	1
sound2/sound/monster2/snakeman_bow/20.mss	sound/monster2/snakeman_bow/20.mss	1
sound2/sound/monster2/golem_pawn/drop_1.wav	sound/monster2/golem_pawn/drop_1.wav	1
sound2/sound/monster2/fire_tiger_boss/30.mss	sound/monster2/fire_tiger_boss/30.mss	1
sound2/sound/monster2/scorpionman_sword/swing_1.wav	sound/monster2/scorpionman_sword/swing_1.wav	1
sound2/sound/pc2/shaman/skill/hosin.wav	sound/pc2/shaman/skill/hosin.wav	1
sound2/sound/pc2/sura/skill/maryeong_4.mss	sound/pc2/sura/skill/maryeong_4.mss	1
sound2/sound/monster2/ch_bowman/34.mss	sound/monster2/ch_bowman/34.mss	1
sound2/sound/pc2/sura/fishing/fishing_fail.mss	sound/pc2/sura/fishing/fishing_fail.mss	1
sound2/sound/monster2/giant_desert_turtle/fall_1.wav	sound/monster2/giant_desert_turtle/fall_1.wav	1
sound2/sound/monster2/ent_black/20_1.mss	sound/monster2/ent_black/20_1.mss	1
sound2/sound/monster2/ch_footman/30.mss	sound/monster2/ch_footman/30.mss	1
sound2/sound/pc2/warrior/skill/jeongwi_4.mss	sound/pc2/warrior/skill/jeongwi_4.mss	1
sound2/sound/monster2/ch_bowman/37.mss	sound/monster2/ch_bowman/37.mss	1
sound2/sound/pc2/shaman/skill/yongpa_5.mss	sound/pc2/shaman/skill/yongpa_5.mss	1
sound2/sound/monster2/ch_officer/30.mss	sound/monster2/ch_officer/30.mss	1
sound2/sound/monster2/giant_scorpion/fall_1.wav	sound/monster2/giant_scorpion/fall_1.wav	1
sound2/sound/monster2/ch_footman/03.mss	sound/monster2/ch_footman/03.mss	1
sound2/sound/monster2/mutant_3/34.mss	sound/monster2/mutant_3/34.mss	1
sound2/sound/monster2/ch_footman/20.mss	sound/monster2/ch_footman/20.mss	1
sound2/sound/monster2/fire_tiger_boss/37.mss	sound/monster2/fire_tiger_boss/37.mss	1
sound2/sound/monster2/ch_footman/20_1.mss	sound/monster2/ch_footman/20_1.mss	1
sound2/sound/pc2/assassin/skill/charyun_4.mss	sound/pc2/assassin/skill/charyun_4.mss	1
sound2/sound/pc2/shaman/skill/buhwal.mss	sound/pc2/shaman/skill/buhwal.mss	1
sound2/sound/monster2/ent_red/20_1.mss	sound/monster2/ent_red/20_1.mss	1
sound2/sound/monster2/ent_elder/32.mss	sound/monster2/ent_elder/32.mss	1
sound2/sound/pc2/shaman/action/slap_hit.mss	sound/pc2/shaman/action/slap_hit.mss	1
sound2/sound/monster2/ch_officer/03.mss	sound/monster2/ch_officer/03.mss	1
sound2/sound/pc2/assassin/general/damage1.wav	sound/pc2/assassin/general/damage1.wav	1
sound2/sound/monster2/fire_man/dead_1.wav	sound/monster2/fire_man/dead_1.wav	1
sound2/sound/monster2/ch_footman/31.mss	sound/monster2/ch_footman/31.mss	1
sound2/sound/pc2/warrior/onehand_sword/damage_2.mss	sound/pc2/warrior/onehand_sword/damage_2.mss	1
sound2/sound/monster2/ent_elder/30.mss	sound/monster2/ent_elder/30.mss	1
sound2/sound/monster2/ch_footman/32.mss	sound/monster2/ch_footman/32.mss	1
sound2/sound/pc2/shaman/skill/jigam_me.mss	sound/pc2/shaman/skill/jigam_me.mss	1
sound2/sound/monster2/mutant/30.mss	sound/monster2/mutant/30.mss	1
sound2/sound/pc2/warrior/skill/gumpung.wav	sound/pc2/warrior/skill/gumpung.wav	1
sound2/sound/monster2/ent_black/20.mss	sound/monster2/ent_black/20.mss	1
sound2/sound/pc2/warrior/twohand_sword/combo4.wav	sound/pc2/warrior/twohand_sword/combo4.wav	1
sound2/sound/monster2/gold_monkey/20_1.mss	sound/monster2/gold_monkey/20_1.mss	1
sound2/sound/monster2/ch_general/37.mss	sound/monster2/ch_general/37.mss	1
sound2/sound/pc2/assassin/fishing/casting_fail.wav	sound/pc2/assassin/fishing/casting_fail.wav	1
sound2/sound/monster2/golem_1/20_1.mss	sound/monster2/golem_1/20_1.mss	1
sound2/sound/monster2/ch_footman/34.mss	sound/monster2/ch_footman/34.mss	1
sound2/sound/monster2/giant_scorpion/attack_act_1.wav	sound/monster2/giant_scorpion/attack_act_1.wav	1
sound2/sound/monster2/ch_footman/35.mss	sound/monster2/ch_footman/35.mss	1
sound2/sound/monster2/ch_general/03.mss	sound/monster2/ch_general/03.mss	1
sound2/sound/monster2/nersluck/34.mss	sound/monster2/nersluck/34.mss	1
sound2/sound/monster2/snakeman_sword/30_1.mss	sound/monster2/snakeman_sword/30_1.mss	1
sound2/sound/pc2/shaman/general/attack_1.mss	sound/pc2/shaman/general/attack_1.mss	1
sound2/sound/monster2/fire_dragon/attack1_1.wav	sound/monster2/fire_dragon/attack1_1.wav	1
sound2/sound/monster2/ch_general/20.mss	sound/monster2/ch_general/20.mss	1
sound2/sound/monster2/ch_general/20_1.mss	sound/monster2/ch_general/20_1.mss	1
sound2/sound/monster2/ch_officer/31.mss	sound/monster2/ch_officer/31.mss	1
sound2/sound/monster2/fire_man/damage_act_1.wav	sound/monster2/fire_man/damage_act_1.wav	1
sound2/sound/pc2/sura/skill/hwayeom_3.mss	sound/pc2/sura/skill/hwayeom_3.mss	1
sound2/sound/pc2/shaman/fan/combo_04.mss	sound/pc2/shaman/fan/combo_04.mss	1
sound2/sound/monster2/ch_general/30.mss	sound/monster2/ch_general/30.mss	1
sound2/sound/pc2/assassin/action/french_kiss_with_assassin.mss	sound/pc2/assassin/action/french_kiss_with_assassin.mss	1
sound2/sound/monster2/ent_red/35.mss	sound/monster2/ent_red/35.mss	1
sound2/sound/monster2/ch_officer/37.mss	sound/monster2/ch_officer/37.mss	1
sound2/sound/monster2/golem_pawn/37.mss	sound/monster2/golem_pawn/37.mss	1
sound2/sound/monster2/fire_knight/drop_1.wav	sound/monster2/fire_knight/drop_1.wav	1
sound2/sound/monster2/ch_general/31.mss	sound/monster2/ch_general/31.mss	1
sound2/sound/pc2/warrior/onehand_sword/attack_1.mss	sound/pc2/warrior/onehand_sword/attack_1.mss	1
sound2/sound/pc2/sura/onehand_sword/damage_1.mss	sound/pc2/sura/onehand_sword/damage_1.mss	1
sound2/sound/monster2/ch_general/32.mss	sound/monster2/ch_general/32.mss	1
sound2/sound/monster2/god_monkey/20.mss	sound/monster2/god_monkey/20.mss	1
sound2/sound/monster2/ent_guru/03.mss	sound/monster2/ent_guru/03.mss	1
sound2/sound/monster2/scorpionman_sword/dead_1.wav	sound/monster2/scorpionman_sword/dead_1.wav	1
sound2/sound/monster2/ent_elder/34.mss	sound/monster2/ent_elder/34.mss	1
sound2/sound/monster2/ch_general/34.mss	sound/monster2/ch_general/34.mss	1
sound2/sound/monster2/giant_desert_turtle/skill_2.wav	sound/monster2/giant_desert_turtle/skill_2.wav	1
sound2/sound/pc2/warrior/horse/skill_charge.mss	sound/pc2/warrior/horse/skill_charge.mss	1
sound2/sound/monster2/ch_officer/32.mss	sound/monster2/ch_officer/32.mss	1
sound2/sound/monster2/gold_monkey/30.mss	sound/monster2/gold_monkey/30.mss	1
sound2/sound/monster2/snakeman_sword/20.mss	sound/monster2/snakeman_sword/20.mss	1
sound2/sound/monster2/god_monkey/attack_1.wav	sound/monster2/god_monkey/attack_1.wav	1
sound2/sound/monster2/fire_man/31.mss	sound/monster2/fire_man/31.mss	1
sound2/sound/monster2/ch_general/35.mss	sound/monster2/ch_general/35.mss	1
sound2/sound/monster2/ch_magician/20_1.mss	sound/monster2/ch_magician/20_1.mss	1
sound2/sound/pc2/shaman/skill/byeorak_3.mss	sound/pc2/shaman/skill/byeorak_3.mss	1
sound2/sound/pc2/sura/skill/hyulmagaksung.wav	sound/pc2/sura/skill/hyulmagaksung.wav	1
sound2/sound/pc2/assassin/skill/amsub.wav	sound/pc2/assassin/skill/amsub.wav	1
sound2/sound/pc2/warrior/skill/jeonsinbangeo.mss	sound/pc2/warrior/skill/jeonsinbangeo.mss	1
sound2/sound/monster2/ch_magician/30.mss	sound/monster2/ch_magician/30.mss	1
sound2/sound/monster2/fire_man/damage_1.wav	sound/monster2/fire_man/damage_1.wav	1
sound2/sound/monster2/snakeman_sword/run_1.wav	sound/monster2/snakeman_sword/run_1.wav	1
sound2/sound/pc2/warrior/action/kiss_with_assassin.mss	sound/pc2/warrior/action/kiss_with_assassin.mss	1
sound2/sound/monster2/ent_hu/35.mss	sound/monster2/ent_hu/35.mss	1
sound2/sound/pc2/warrior/fishing/fishing_cancel.mss	sound/pc2/warrior/fishing/fishing_cancel.mss	1
sound2/sound/monster2/ch_magician/31.mss	sound/monster2/ch_magician/31.mss	1
sound2/sound/pc2/sura/skill/gwigeom_5.mss	sound/pc2/sura/skill/gwigeom_5.mss	1
sound2/sound/monster2/ch_magician/32.mss	sound/monster2/ch_magician/32.mss	1
sound2/sound/monster2/scorpionman_sword/34.mss	sound/monster2/scorpionman_sword/34.mss	1
sound2/sound/monster2/monkey/damage_1.wav	sound/monster2/monkey/damage_1.wav	1
sound2/sound/monster2/ch_magician/35.mss	sound/monster2/ch_magician/35.mss	1
sound2/sound/pc2/sura/skill/johonhubjung.wav	sound/pc2/sura/skill/johonhubjung.wav	1
sound2/sound/monster2/ch_officer/20.mss	sound/monster2/ch_officer/20.mss	1
sound2/sound/monster2/ent_elder/20.mss	sound/monster2/ent_elder/20.mss	1
sound2/sound/monster2/ent_huge/20_1.mss	sound/monster2/ent_huge/20_1.mss	1
sound2/sound/monster2/ch_officer/20_1.mss	sound/monster2/ch_officer/20_1.mss	1
sound2/sound/monster2/ch_officer/34.mss	sound/monster2/ch_officer/34.mss	1
sound2/sound/monster2/ent_black/31.mss	sound/monster2/ent_black/31.mss	1
sound2/sound/monster2/evil_eye/run_act_1.wav	sound/monster2/evil_eye/run_act_1.wav	1
sound2/sound/monster2/ch_officer/35.mss	sound/monster2/ch_officer/35.mss	1
sound2/sound/pc2/warrior/skill/sajahoo1.wav	sound/pc2/warrior/skill/sajahoo1.wav	1
sound2/sound/monster2/giant_desert_turtle/damage_1.wav	sound/monster2/giant_desert_turtle/damage_1.wav	1
sound2/sound/monster2/ent_black/03.mss	sound/monster2/ent_black/03.mss	1
sound2/sound/pc2/fishing/fishsplash.wav	sound/pc2/fishing/fishsplash.wav	1
sound2/sound/monster2/monkey/fall_1.wav	sound/monster2/monkey/fall_1.wav	1
sound2/sound/monster2/ent_black/30.mss	sound/monster2/ent_black/30.mss	1
sound2/sound/monster2/giant_scorpion/34.mss	sound/monster2/giant_scorpion/34.mss	1
sound2/sound/pc2/shaman/fan/combo5.wav	sound/pc2/shaman/fan/combo5.wav	1
sound2/sound/pc2/shaman/horse_bell/skill_wildattack.mss	sound/pc2/shaman/horse_bell/skill_wildattack.mss	1
sound2/sound/monster2/ent_black/32.mss	sound/monster2/ent_black/32.mss	1
sound2/sound/monster2/ent_huge/30.mss	sound/monster2/ent_huge/30.mss	1
sound2/sound/monster2/golem_2/30.mss	sound/monster2/golem_2/30.mss	1
sound2/sound/monster2/ent_black/34.mss	sound/monster2/ent_black/34.mss	1
sound2/sound/pc2/shaman/fan/combo_03.mss	sound/pc2/shaman/fan/combo_03.mss	1
sound2/sound/monster2/ent_black/35.mss	sound/monster2/ent_black/35.mss	1
sound2/sound/pc2/assassin/skill/gyeonggong.mss	sound/pc2/assassin/skill/gyeonggong.mss	1
sound2/sound/monster2/ent_guru/20.mss	sound/monster2/ent_guru/20.mss	1
sound2/sound/pc2/shaman/skill/pokroe_4.mss	sound/pc2/shaman/skill/pokroe_4.mss	1
sound2/sound/monster2/giant_scorpion/damage_1.wav	sound/monster2/giant_scorpion/damage_1.wav	1
sound2/sound/monster2/giant_scorpion/30.mss	sound/monster2/giant_scorpion/30.mss	1
sound2/sound/monster2/fire_tiger/03.mss	sound/monster2/fire_tiger/03.mss	1
sound2/sound/pc2/shaman/skill/inma.mss	sound/pc2/shaman/skill/inma.mss	1
sound2/sound/monster2/fire_tiger_boss/03.mss	sound/monster2/fire_tiger_boss/03.mss	1
sound2/sound/monster2/ent_black/37.mss	sound/monster2/ent_black/37.mss	1
sound2/sound/pc2/assassin/onehand_sword/combo_07.mss	sound/pc2/assassin/onehand_sword/combo_07.mss	1
sound2/sound/monster2/mutant_1/35.mss	sound/monster2/mutant_1/35.mss	1
sound2/sound/monster2/ent_elder/03.mss	sound/monster2/ent_elder/03.mss	1
sound2/sound/pc2/assassin/onehand_sword/run.mss	sound/pc2/assassin/onehand_sword/run.mss	1
sound2/sound/monster2/ent_elder/20_1.mss	sound/monster2/ent_elder/20_1.mss	1
sound2/sound/pc2/introsound/3.wav	sound/pc2/introsound/3.wav	1
sound2/sound/pc2/shaman/skill/jeongeop_target.mss	sound/pc2/shaman/skill/jeongeop_target.mss	1
sound2/sound/monster2/giant_scorpion/35.mss	sound/monster2/giant_scorpion/35.mss	1
sound2/sound/monster2/fire_ghost/attack_act_2.wav	sound/monster2/fire_ghost/attack_act_2.wav	1
sound2/sound/monster2/ent_elder/31.mss	sound/monster2/ent_elder/31.mss	1
sound2/sound/monster2/ent_elder/35.mss	sound/monster2/ent_elder/35.mss	1
sound2/sound/monster2/giant_desert_turtle/drop_1.wav	sound/monster2/giant_desert_turtle/drop_1.wav	1
sound2/sound/monster2/ent_elder/37.mss	sound/monster2/ent_elder/37.mss	1
sound2/sound/monster2/outlaw/fall_1.wav	sound/monster2/outlaw/fall_1.wav	1
sound2/sound/pc2/shaman/action/kiss_with_sura.mss	sound/pc2/shaman/action/kiss_with_sura.mss	1
sound2/sound/monster2/fennec_fox/37.mss	sound/monster2/fennec_fox/37.mss	1
sound2/sound/monster2/ent_guru/20_1.mss	sound/monster2/ent_guru/20_1.mss	1
sound2/sound/pc2/assassin/skill/goongsintanyoung.wav	sound/pc2/assassin/skill/goongsintanyoung.wav	1
sound2/sound/monster2/fire_man/30_1.mss	sound/monster2/fire_man/30_1.mss	1
sound2/sound/monster2/ent_guru/30.mss	sound/monster2/ent_guru/30.mss	1
sound2/sound/pc2/shaman/skill/budong.mss	sound/pc2/shaman/skill/budong.mss	1
sound2/sound/monster2/ent_hu/31.mss	sound/monster2/ent_hu/31.mss	1
sound2/sound/monster2/golem_1/35.mss	sound/monster2/golem_1/35.mss	1
sound2/sound/monster2/fire_man/20.mss	sound/monster2/fire_man/20.mss	1
sound2/sound/monster2/ent_guru/31.mss	sound/monster2/ent_guru/31.mss	1
sound2/sound/pc2/shaman/action/french_kiss_with_shaman.mss	sound/pc2/shaman/action/french_kiss_with_shaman.mss	1
sound2/sound/monster2/ent_guru/32.mss	sound/monster2/ent_guru/32.mss	1
sound2/sound/monster2/ent_guru/34.mss	sound/monster2/ent_guru/34.mss	1
sound2/sound/pc2/fishing/fishsplash.sfk	sound/pc2/fishing/fishsplash.sfk	1
sound2/sound/monster2/ent_guru/35.mss	sound/monster2/ent_guru/35.mss	1
sound2/sound/monster2/ent_guru/37.mss	sound/monster2/ent_guru/37.mss	1
sound2/sound/monster2/ent_hu/20.mss	sound/monster2/ent_hu/20.mss	1
sound2/sound/monster2/ent_hu/20_1.mss	sound/monster2/ent_hu/20_1.mss	1
sound2/sound/monster2/stone_monkey/walk_1.wav	sound/monster2/stone_monkey/walk_1.wav	1
sound2/sound/monster2/gold_monkey/20.mss	sound/monster2/gold_monkey/20.mss	1
sound2/sound/monster2/ent_hu/30.mss	sound/monster2/ent_hu/30.mss	1
sound2/sound/monster2/scorpionman_sword/30_1.mss	sound/monster2/scorpionman_sword/30_1.mss	1
sound2/sound/pc2/warrior/intro/selected.wav	sound/pc2/warrior/intro/selected.wav	1
sound2/sound/monster2/nersluck_2/35.mss	sound/monster2/nersluck_2/35.mss	1
sound2/sound/monster2/ent_hu/32.mss	sound/monster2/ent_hu/32.mss	1
sound2/sound/monster2/ent_hu/34.mss	sound/monster2/ent_hu/34.mss	1
sound2/sound/monster2/fire_tiger_boss/walk_act_1.wav	sound/monster2/fire_tiger_boss/walk_act_1.wav	1
sound2/sound/monster2/ent_hu/37.mss	sound/monster2/ent_hu/37.mss	1
sound2/sound/monster2/ent_huge/03.mss	sound/monster2/ent_huge/03.mss	1
sound2/sound/monster2/ent_huge/20.mss	sound/monster2/ent_huge/20.mss	1
sound2/sound/pc2/assassin/general/pick_up.mss	sound/pc2/assassin/general/pick_up.mss	1
sound2/sound/monster2/ent_huge/31.mss	sound/monster2/ent_huge/31.mss	1
sound2/sound/monster2/outlaw/30.mss	sound/monster2/outlaw/30.mss	1
sound2/sound/monster2/ent_huge/32.mss	sound/monster2/ent_huge/32.mss	1
sound2/sound/monster2/ent_huge/34.mss	sound/monster2/ent_huge/34.mss	1
sound2/sound/monster2/ent_huge/35.mss	sound/monster2/ent_huge/35.mss	1
sound2/sound/monster2/ent_huge/37.mss	sound/monster2/ent_huge/37.mss	1
sound2/sound/monster2/fennec_fox/20.mss	sound/monster2/fennec_fox/20.mss	1
sound2/sound/pc2/shaman/general/back_damage_flying.mss	sound/pc2/shaman/general/back_damage_flying.mss	1
sound2/sound/pc2/shaman/skill/bipabu_2.mss	sound/pc2/shaman/skill/bipabu_2.mss	1
sound2/sound/monster2/ent_huge/foot.wav	sound/monster2/ent_huge/foot.wav	1
sound2/sound/pc2/assassin/action/cheers_1.mss	sound/pc2/assassin/action/cheers_1.mss	1
sound2/sound/pc2/shaman/skill/noejeon_4.mss	sound/pc2/shaman/skill/noejeon_4.mss	1
sound2/sound/monster2/fennec_fox/34.mss	sound/monster2/fennec_fox/34.mss	1
sound2/sound/monster2/snakeman_bow/attack_1.wav	sound/monster2/snakeman_bow/attack_1.wav	1
sound2/sound/monster2/ent_red/03.mss	sound/monster2/ent_red/03.mss	1
sound2/sound/pc2/sura/horse/damage.mss	sound/pc2/sura/horse/damage.mss	1
sound2/sound/monster2/ent_red/20.mss	sound/monster2/ent_red/20.mss	1
sound2/sound/monster2/ent_red/30.mss	sound/monster2/ent_red/30.mss	1
sound2/sound/monster2/ent_red/31.mss	sound/monster2/ent_red/31.mss	1
sound2/sound/monster2/ent_red/32.mss	sound/monster2/ent_red/32.mss	1
sound2/sound/pc2/warrior/horse_onehand_sword/skill_wildattack.mss	sound/pc2/warrior/horse_onehand_sword/skill_wildattack.mss	1
sound2/sound/monster2/mutant_2/35.mss	sound/monster2/mutant_2/35.mss	1
sound2/sound/monster2/fire_man/attack_act_1.wav	sound/monster2/fire_man/attack_act_1.wav	1
sound2/sound/pc2/warrior/skill/daejin_5.mss	sound/pc2/warrior/skill/daejin_5.mss	1
sound2/sound/pc2/sura/intro/selected.mss	sound/pc2/sura/intro/selected.mss	1
sound2/sound/monster2/golem_pawn/attack_act_2.wav	sound/monster2/golem_pawn/attack_act_2.wav	1
sound2/sound/pc2/sura/skill/gongpo_2.mss	sound/pc2/sura/skill/gongpo_2.mss	1
sound2/sound/monster2/ent_red/34.mss	sound/monster2/ent_red/34.mss	1
sound2/sound/pc2/warrior/twohand_sword/damage_2.mss	sound/pc2/warrior/twohand_sword/damage_2.mss	1
sound2/sound/monster2/ent_red/37.mss	sound/monster2/ent_red/37.mss	1
sound2/sound/monster2/gold_monkey/31.mss	sound/monster2/gold_monkey/31.mss	1
sound2/sound/pc2/assassin/general/attack1.wav	sound/pc2/assassin/general/attack1.wav	1
sound2/sound/monster2/ent_trent/20_1.mss	sound/monster2/ent_trent/20_1.mss	1
sound2/sound/monster2/scorpionman_sword/drop_1.wav	sound/monster2/scorpionman_sword/drop_1.wav	1
sound2/sound/monster2/ent_trent/30.mss	sound/monster2/ent_trent/30.mss	1
sound2/sound/pc2/shaman/skill/bipabu_4.mss	sound/pc2/shaman/skill/bipabu_4.mss	1
sound2/sound/pc2/shaman/skill/gicheon_5.mss	sound/pc2/shaman/skill/gicheon_5.mss	1
sound2/sound/monster2/god_monkey/damage_1.wav	sound/monster2/god_monkey/damage_1.wav	1
sound2/sound/pc2/shaman/general/dead.wav	sound/pc2/shaman/general/dead.wav	1
sound2/sound/monster2/ent_trent/31.mss	sound/monster2/ent_trent/31.mss	1
sound2/sound/monster2/nersluck/damage_1.wav	sound/monster2/nersluck/damage_1.wav	1
sound2/sound/pc2/warrior/skill/noegeom_5.mss	sound/pc2/warrior/skill/noegeom_5.mss	1
sound2/sound/monster2/evil_eye/03.mss	sound/monster2/evil_eye/03.mss	1
sound2/sound/pc2/shaman/skill/jeongeop_4.mss	sound/pc2/shaman/skill/jeongeop_4.mss	1
sound2/sound/pc2/warrior/skill/tanhwan_2.mss	sound/pc2/warrior/skill/tanhwan_2.mss	1
sound2/sound/pc2/warrior/horse/damage.mss	sound/pc2/warrior/horse/damage.mss	1
sound2/sound/pc2/shaman/bell/combo_07.mss	sound/pc2/shaman/bell/combo_07.mss	1
sound2/sound/monster2/evil_eye/20.mss	sound/monster2/evil_eye/20.mss	1
sound2/sound/monster2/evil_eye/30.mss	sound/monster2/evil_eye/30.mss	1
sound2/sound/monster2/golem_pawn/walk_1.wav	sound/monster2/golem_pawn/walk_1.wav	1
sound2/sound/monster2/stone_monkey/31.mss	sound/monster2/stone_monkey/31.mss	1
sound2/sound/monster2/evil_eye/31.mss	sound/monster2/evil_eye/31.mss	1
sound2/sound/monster2/fire_tiger/dead_1.wav	sound/monster2/fire_tiger/dead_1.wav	1
sound2/sound/monster2/snakeman_bow/31_1.mss	sound/monster2/snakeman_bow/31_1.mss	1
sound2/sound/pc2/shaman/skill/boho_3.mss	sound/pc2/shaman/skill/boho_3.mss	1
sound2/sound/monster2/evil_eye/31_1.mss	sound/monster2/evil_eye/31_1.mss	1
sound2/sound/monster2/snakeman_sword/32.mss	sound/monster2/snakeman_sword/32.mss	1
sound2/sound/pc2/warrior/general/damage_2.mss	sound/pc2/warrior/general/damage_2.mss	1
sound2/sound/monster2/monkey/35.mss	sound/monster2/monkey/35.mss	1
sound2/sound/monster2/evil_eye/32.mss	sound/monster2/evil_eye/32.mss	1
sound2/sound/pc2/shaman/skill/noejeon_2.mss	sound/pc2/shaman/skill/noejeon_2.mss	1
sound2/sound/monster2/fire_knight/attack_act_1.wav	sound/monster2/fire_knight/attack_act_1.wav	1
sound2/sound/pc2/assassin/skill/charyun.mss	sound/pc2/assassin/skill/charyun.mss	1
sound2/sound/monster2/gold_monkey/34.mss	sound/monster2/gold_monkey/34.mss	1
sound2/sound/pc2/sura/skill/heuksin_2.mss	sound/pc2/sura/skill/heuksin_2.mss	1
sound2/sound/monster2/nersluck/30.mss	sound/monster2/nersluck/30.mss	1
sound2/sound/monster2/nersluck/20_1.mss	sound/monster2/nersluck/20_1.mss	1
sound2/sound/pc2/sura/onehand_sword/damage.mss	sound/pc2/sura/onehand_sword/damage.mss	1
sound2/sound/pc2/assassin/dualhand_sword/combo_05.mss	sound/pc2/assassin/dualhand_sword/combo_05.mss	1
sound2/sound/monster2/evil_eye/34.mss	sound/monster2/evil_eye/34.mss	1
sound2/sound/pc2/assassin/skill/eunhyeong.mss	sound/pc2/assassin/skill/eunhyeong.mss	1
sound2/sound/pc2/shaman/skill/boho_target.mss	sound/pc2/shaman/skill/boho_target.mss	1
sound2/sound/monster2/nersluck/attack_1.wav	sound/monster2/nersluck/attack_1.wav	1
sound2/sound/monster2/evil_eye/35.mss	sound/monster2/evil_eye/35.mss	1
sound2/sound/monster2/stone_monkey/attack_act_2.wav	sound/monster2/stone_monkey/attack_act_2.wav	1
sound2/sound/pc2/assassin/skill/gyunggongsool.wav	sound/pc2/assassin/skill/gyunggongsool.wav	1
sound2/sound/pc2/sura/general/damage_1.mss	sound/pc2/sura/general/damage_1.mss	1
sound2/sound/monster2/fennec_fox/31_2.mss	sound/monster2/fennec_fox/31_2.mss	1
sound2/sound/monster2/fire_dragon/00_1.mss	sound/monster2/fire_dragon/00_1.mss	1
sound2/sound/monster2/evil_eye/37.mss	sound/monster2/evil_eye/37.mss	1
sound2/sound/monster2/evil_eye/attack_1.wav	sound/monster2/evil_eye/attack_1.wav	1
sound2/sound/monster2/golem_2/20.mss	sound/monster2/golem_2/20.mss	1
sound2/sound/pc2/shaman/horse/run.mss	sound/pc2/shaman/horse/run.mss	1
sound2/sound/monster2/giant_desert_turtle/24.mss	sound/monster2/giant_desert_turtle/24.mss	1
sound2/sound/monster2/evil_eye/attack_act_2.wav	sound/monster2/evil_eye/attack_act_2.wav	1
sound2/sound/pc2/shaman/skill/hosin_3.mss	sound/pc2/shaman/skill/hosin_3.mss	1
sound2/sound/monster2/monkey/03.mss	sound/monster2/monkey/03.mss	1
sound2/sound/monster2/fire_ghost/attack_2.wav	sound/monster2/fire_ghost/attack_2.wav	1
sound2/sound/monster2/evil_eye/attakc_act_1.wav	sound/monster2/evil_eye/attakc_act_1.wav	1
sound2/sound/monster2/evil_eye/damage_1.wav	sound/monster2/evil_eye/damage_1.wav	1
sound2/sound/monster2/scorpionman_bow/31_2.mss	sound/monster2/scorpionman_bow/31_2.mss	1
sound2/sound/monster2/nersluck_3/20_1.mss	sound/monster2/nersluck_3/20_1.mss	1
sound2/sound/monster2/golem_3/03.mss	sound/monster2/golem_3/03.mss	1
sound2/sound/monster2/evil_eye/damage_act_1.wav	sound/monster2/evil_eye/damage_act_1.wav	1
sound2/sound/pc2/assassin/dualhand_sword/combo6.wav	sound/pc2/assassin/dualhand_sword/combo6.wav	1
sound2/sound/monster2/evil_eye/dead_1.wav	sound/monster2/evil_eye/dead_1.wav	1
sound2/sound/pc2/warrior/skill/nyegumdorae.wav	sound/pc2/warrior/skill/nyegumdorae.wav	1
sound2/sound/monster2/golem_pawn/damage_act_1.wav	sound/monster2/golem_pawn/damage_act_1.wav	1
sound2/sound/pc2/shaman/skill/boho_5.mss	sound/pc2/shaman/skill/boho_5.mss	1
sound2/sound/monster2/evil_eye/dead_act_1.wav	sound/monster2/evil_eye/dead_act_1.wav	1
sound2/sound/monster2/evil_eye/dead_act_2.wav	sound/monster2/evil_eye/dead_act_2.wav	1
sound2/sound/monster2/nersluck_3/31.mss	sound/monster2/nersluck_3/31.mss	1
sound2/sound/pc2/assassin/dualhand_sword/walk.mss	sound/pc2/assassin/dualhand_sword/walk.mss	1
sound2/sound/monster2/golem_pawn/dead_act_1.wav	sound/monster2/golem_pawn/dead_act_1.wav	1
sound2/sound/monster2/golem_pawn/20_1.mss	sound/monster2/golem_pawn/20_1.mss	1
sound2/sound/monster2/gold_monkey/32.mss	sound/monster2/gold_monkey/32.mss	1
sound2/sound/monster2/fennec_fox/32.mss	sound/monster2/fennec_fox/32.mss	1
sound2/sound/monster2/evil_eye/fall_1.wav	sound/monster2/evil_eye/fall_1.wav	1
sound2/sound/monster2/evil_eye/fall_act_1.wav	sound/monster2/evil_eye/fall_act_1.wav	1
sound2/sound/monster2/evil_eye/run_1.wav	sound/monster2/evil_eye/run_1.wav	1
sound2/sound/monster2/nersluck_3/34.mss	sound/monster2/nersluck_3/34.mss	1
sound2/sound/monster2/snakeman_sword/run_act_1.wav	sound/monster2/snakeman_sword/run_act_1.wav	1
sound2/sound/monster2/golem_3/35.mss	sound/monster2/golem_3/35.mss	1
sound2/sound/monster2/fennec_fox/20_1.mss	sound/monster2/fennec_fox/20_1.mss	1
sound2/sound/monster2/fennec_fox/20_2.mss	sound/monster2/fennec_fox/20_2.mss	1
sound2/sound/monster2/god_monkey/dead_1.wav	sound/monster2/god_monkey/dead_1.wav	1
sound2/sound/monster2/fire_ghost/35.mss	sound/monster2/fire_ghost/35.mss	1
sound2/sound/monster2/fennec_fox/30.mss	sound/monster2/fennec_fox/30.mss	1
sound2/sound/monster2/fennec_fox/31.mss	sound/monster2/fennec_fox/31.mss	1
sound2/sound/pc2/sura/onehand_sword/combo_06.mss	sound/pc2/sura/onehand_sword/combo_06.mss	1
sound2/sound/monster2/giant_scorpion/attack_1.wav	sound/monster2/giant_scorpion/attack_1.wav	1
sound2/sound/pc2/sura/skill/gumhwangak.wav	sound/pc2/sura/skill/gumhwangak.wav	1
sound2/sound/monster2/golem_pawn/drop_2.wav	sound/monster2/golem_pawn/drop_2.wav	1
sound2/sound/pc2/shaman/general/damage_flying.mss	sound/pc2/shaman/general/damage_flying.mss	1
sound2/sound/monster2/fennec_fox/31_1.mss	sound/monster2/fennec_fox/31_1.mss	1
sound2/sound/monster2/fennec_fox/attack_1.wav	sound/monster2/fennec_fox/attack_1.wav	1
sound2/sound/monster2/spider_king/24.mss	sound/monster2/spider_king/24.mss	1
sound2/sound/monster2/spider_king/attack_1.wav	sound/monster2/spider_king/attack_1.wav	1
sound2/sound/pc2/assassin/general/attack2.wav	sound/pc2/assassin/general/attack2.wav	1
sound2/sound/pc2/shaman/action/clap_one.wav	sound/pc2/shaman/action/clap_one.wav	1
sound2/sound/pc2/shaman/skill/targetme.wav	sound/pc2/shaman/skill/targetme.wav	1
sound2/sound/monster2/fire_dragon/00.mss	sound/monster2/fire_dragon/00.mss	1
sound2/sound/monster2/fennec_fox/dead_1.wav	sound/monster2/fennec_fox/dead_1.wav	1
sound2/sound/monster2/fennec_fox/fall_1.wav	sound/monster2/fennec_fox/fall_1.wav	1
sound2/sound/pc2/warrior/fishing/fishing_catch.mss	sound/pc2/warrior/fishing/fishing_catch.mss	1
sound2/sound/monster2/scorpionman_bow/31.mss	sound/monster2/scorpionman_bow/31.mss	1
sound2/sound/monster2/fire_dragon/02.mss	sound/monster2/fire_dragon/02.mss	1
sound2/sound/pc2/shaman/general/damage2.wav	sound/pc2/shaman/general/damage2.wav	1
sound2/sound/pc2/sura/skill/hwayeom_4.mss	sound/pc2/sura/skill/hwayeom_4.mss	1
sound2/sound/monster2/stone_monkey/drop_2.wav	sound/monster2/stone_monkey/drop_2.wav	1
sound2/sound/monster2/outlaw/30_1.mss	sound/monster2/outlaw/30_1.mss	1
sound2/sound/monster2/giant_scorpion/walk_1.wav	sound/monster2/giant_scorpion/walk_1.wav	1
sound2/sound/monster2/fire_dragon/03.mss	sound/monster2/fire_dragon/03.mss	1
sound2/sound/pc2/assassin/skill/sangong_3.mss	sound/pc2/assassin/skill/sangong_3.mss	1
sound2/sound/pc2/shaman/skill/jeongeop_me.mss	sound/pc2/shaman/skill/jeongeop_me.mss	1
sound2/sound/monster2/fire_dragon/20.mss	sound/monster2/fire_dragon/20.mss	1
sound2/sound/pc2/sura/onehand_sword/combo_01.mss	sound/pc2/sura/onehand_sword/combo_01.mss	1
sound2/sound/monster2/fire_dragon/20_2.mss	sound/monster2/fire_dragon/20_2.mss	1
sound2/sound/monster2/fire_tiger_boss/32.mss	sound/monster2/fire_tiger_boss/32.mss	1
sound2/sound/pc2/warrior/skill/gyeoksan_triple.mss	sound/pc2/warrior/skill/gyeoksan_triple.mss	1
sound2/sound/monster2/fire_dragon/31.mss	sound/monster2/fire_dragon/31.mss	1
sound2/sound/pc2/assassin/bow/run.mss	sound/pc2/assassin/bow/run.mss	1
sound2/sound/pc2/shaman/skill/gicheon_me.mss	sound/pc2/shaman/skill/gicheon_me.mss	1
sound2/sound/monster2/fire_dragon/attack1_2.wav	sound/monster2/fire_dragon/attack1_2.wav	1
sound2/sound/pc2/sura/skill/yonggwon_4.mss	sound/pc2/sura/skill/yonggwon_4.mss	1
sound2/sound/pc2/sura/skill/jumagap_5.mss	sound/pc2/sura/skill/jumagap_5.mss	1
sound2/sound/monster2/fire_dragon/attack1_3.wav	sound/monster2/fire_dragon/attack1_3.wav	1
sound2/sound/monster2/fire_dragon/attack1_4.wav	sound/monster2/fire_dragon/attack1_4.wav	1
sound2/sound/monster2/spider_king/dead_drop.wav	sound/monster2/spider_king/dead_drop.wav	1
sound2/sound/monster2/fire_dragon/attack2_1.wav	sound/monster2/fire_dragon/attack2_1.wav	1
sound2/sound/pc2/shaman/skill/soohojyunryung.wav	sound/pc2/shaman/skill/soohojyunryung.wav	1
sound2/sound/monster2/fire_tiger_boss/damage_act_1.wav	sound/monster2/fire_tiger_boss/damage_act_1.wav	1
sound2/sound/pc2/shaman/skill/bipabu.mss	sound/pc2/shaman/skill/bipabu.mss	1
sound2/sound/monster2/fire_dragon/attack2_2.wav	sound/monster2/fire_dragon/attack2_2.wav	1
sound2/sound/monster2/giant_scorpion/30_1.mss	sound/monster2/giant_scorpion/30_1.mss	1
sound2/sound/monster2/fire_dragon/attack2_3.wav	sound/monster2/fire_dragon/attack2_3.wav	1
sound2/sound/monster2/fire_dragon/attack3_1.wav	sound/monster2/fire_dragon/attack3_1.wav	1
sound2/sound/monster2/nersluck_2/31.mss	sound/monster2/nersluck_2/31.mss	1
sound2/sound/monster2/god_monkey/20_1.mss	sound/monster2/god_monkey/20_1.mss	1
sound2/sound/monster2/fire_dragon/attack3_2.wav	sound/monster2/fire_dragon/attack3_2.wav	1
sound2/sound/monster2/mutant/20_1.mss	sound/monster2/mutant/20_1.mss	1
sound2/sound/monster2/fire_ghost/03.mss	sound/monster2/fire_ghost/03.mss	1
sound2/sound/pc2/assassin/dualhand_sword/combo_08.mss	sound/pc2/assassin/dualhand_sword/combo_08.mss	1
sound2/sound/monster2/fire_dragon/dead_1.wav	sound/monster2/fire_dragon/dead_1.wav	1
sound2/sound/monster2/giant_scorpion/31.mss	sound/monster2/giant_scorpion/31.mss	1
sound2/sound/pc2/sura/general/damage2.wav	sound/pc2/sura/general/damage2.wav	1
sound2/sound/monster2/fire_dragon/dead_2.wav	sound/monster2/fire_dragon/dead_2.wav	1
sound2/sound/monster2/golem_pawn/31.mss	sound/monster2/golem_pawn/31.mss	1
sound2/sound/monster2/giant_scorpion/32.mss	sound/monster2/giant_scorpion/32.mss	1
sound2/sound/pc2/warrior/skill/samyeon_4.mss	sound/pc2/warrior/skill/samyeon_4.mss	1
sound2/sound/monster2/fire_dragon/dead_3.wav	sound/monster2/fire_dragon/dead_3.wav	1
sound2/sound/pc2/shaman/fan/damage_2.mss	sound/pc2/shaman/fan/damage_2.mss	1
sound2/sound/monster2/fire_man/32.mss	sound/monster2/fire_man/32.mss	1
sound2/sound/monster2/fire_tiger/31.mss	sound/monster2/fire_tiger/31.mss	1
sound2/sound/monster2/fire_dragon/wait1_1.wav	sound/monster2/fire_dragon/wait1_1.wav	1
sound2/sound/monster2/mutant_3/32.mss	sound/monster2/mutant_3/32.mss	1
sound2/sound/pc2/assassin/dualhand_sword/rampage.mss	sound/pc2/assassin/dualhand_sword/rampage.mss	1
sound2/sound/monster2/fire_dragon/wait2_1.wav	sound/monster2/fire_dragon/wait2_1.wav	1
sound2/sound/monster2/golem_1/34.mss	sound/monster2/golem_1/34.mss	1
sound2/sound/pc2/sura/skill/maryeong_5.mss	sound/pc2/sura/skill/maryeong_5.mss	1
sound2/sound/monster2/fire_dragon/walk_1.wav	sound/monster2/fire_dragon/walk_1.wav	1
sound2/sound/monster2/mutant_2/31.mss	sound/monster2/mutant_2/31.mss	1
sound2/sound/pc2/assassin/horse_onehand_sword/skill_splash.mss	sound/pc2/assassin/horse_onehand_sword/skill_splash.mss	1
sound2/sound/monster2/scorpionman_sword/31_1.mss	sound/monster2/scorpionman_sword/31_1.mss	1
sound2/sound/monster2/fire_dragon/walk_2.wav	sound/monster2/fire_dragon/walk_2.wav	1
sound2/sound/pc2/warrior/twohand_sword/damage_4.mss	sound/pc2/warrior/twohand_sword/damage_4.mss	1
sound2/sound/monster2/fire_ghost/20.mss	sound/monster2/fire_ghost/20.mss	1
sound2/sound/pc2/introsound/4.sfk	sound/pc2/introsound/4.sfk	1
sound2/sound/pc2/assassin/fishing/casting_success.wav	sound/pc2/assassin/fishing/casting_success.wav	1
sound2/sound/monster2/fire_ghost/20_1.mss	sound/monster2/fire_ghost/20_1.mss	1
sound2/sound/pc2/shaman/skill/yongpa_2.mss	sound/pc2/shaman/skill/yongpa_2.mss	1
sound2/sound/monster2/golem_pawn/fall_act_1.wav	sound/monster2/golem_pawn/fall_act_1.wav	1
sound2/sound/monster2/fire_man/03.mss	sound/monster2/fire_man/03.mss	1
sound2/sound/pc2/assassin/general/damage2.wav	sound/pc2/assassin/general/damage2.wav	1
sound2/sound/pc2/sura/onehand_sword/rampage.mss	sound/pc2/sura/onehand_sword/rampage.mss	1
sound2/sound/monster2/fire_ghost/30.mss	sound/monster2/fire_ghost/30.mss	1
sound2/sound/monster2/snakeman_bow/34.mss	sound/monster2/snakeman_bow/34.mss	1
sound2/sound/monster2/scorpionman_sword/31_2.mss	sound/monster2/scorpionman_sword/31_2.mss	1
sound2/sound/monster2/fire_ghost/30_1.mss	sound/monster2/fire_ghost/30_1.mss	1
sound2/sound/pc2/assassin/bow/attack_1.mss	sound/pc2/assassin/bow/attack_1.mss	1
sound2/sound/monster2/fire_ghost/31.mss	sound/monster2/fire_ghost/31.mss	1
sound2/sound/monster2/nersluck/34_1.mss	sound/monster2/nersluck/34_1.mss	1
sound2/sound/pc2/assassin/skill/gungsin_2.mss	sound/pc2/assassin/skill/gungsin_2.mss	1
sound2/sound/monster2/fire_ghost/31_1.mss	sound/monster2/fire_ghost/31_1.mss	1
sound2/sound/monster2/monkey/31.mss	sound/monster2/monkey/31.mss	1
sound2/sound/pc2/assassin/general/backdamage_flying.wav	sound/pc2/assassin/general/backdamage_flying.wav	1
sound2/sound/pc2/warrior/skill/tanhwan.mss	sound/pc2/warrior/skill/tanhwan.mss	1
sound2/sound/monster2/fire_ghost/32.mss	sound/monster2/fire_ghost/32.mss	1
sound2/sound/monster2/fire_ghost/34.mss	sound/monster2/fire_ghost/34.mss	1
sound2/sound/monster2/snakeman_sword/31_1.mss	sound/monster2/snakeman_sword/31_1.mss	1
sound2/sound/pc2/assassin/skill/gyeonggong_4.mss	sound/pc2/assassin/skill/gyeonggong_4.mss	1
sound2/sound/monster2/fire_ghost/34_1.mss	sound/monster2/fire_ghost/34_1.mss	1
sound2/sound/pc2/assassin/skill/gungsin_5.mss	sound/pc2/assassin/skill/gungsin_5.mss	1
sound2/sound/monster2/fire_ghost/37.mss	sound/monster2/fire_ghost/37.mss	1
sound2/sound/monster2/fire_ghost/attack_1.wav	sound/monster2/fire_ghost/attack_1.wav	1
sound2/sound/monster2/snakeman_bow/34_1.mss	sound/monster2/snakeman_bow/34_1.mss	1
sound2/sound/monster2/fire_ghost/attack_act_1.wav	sound/monster2/fire_ghost/attack_act_1.wav	1
sound2/sound/pc2/shaman/general/damage4.wav	sound/pc2/shaman/general/damage4.wav	1
sound2/sound/monster2/golem_1/03.mss	sound/monster2/golem_1/03.mss	1
sound2/sound/monster2/fire_king/dead_1.wav	sound/monster2/fire_king/dead_1.wav	1
sound2/sound/monster2/fire_ghost/attack_eff_1.wav	sound/monster2/fire_ghost/attack_eff_1.wav	1
sound2/sound/monster2/fire_ghost/attack_explo_1.wav	sound/monster2/fire_ghost/attack_explo_1.wav	1
sound2/sound/pc2/shaman/skill/pokroe_2.mss	sound/pc2/shaman/skill/pokroe_2.mss	1
sound2/sound/monster2/fire_knight/32.mss	sound/monster2/fire_knight/32.mss	1
sound2/sound/monster2/fire_ghost/damage_1.wav	sound/monster2/fire_ghost/damage_1.wav	1
sound2/sound/monster2/fire_tiger/walk_act_1.wav	sound/monster2/fire_tiger/walk_act_1.wav	1
sound2/sound/monster2/fire_ghost/damage_act_1.wav	sound/monster2/fire_ghost/damage_act_1.wav	1
sound2/sound/pc2/assassin/general/run.mss	sound/pc2/assassin/general/run.mss	1
sound2/sound/monster2/scorpionman_bow/attakc_act_1.wav	sound/monster2/scorpionman_bow/attakc_act_1.wav	1
sound2/sound/monster2/fire_knight/attack_1.wav	sound/monster2/fire_knight/attack_1.wav	1
sound2/sound/pc2/assassin/skill/cheonryong.mss	sound/pc2/assassin/skill/cheonryong.mss	1
sound2/sound/monster2/nersluck_2/34.mss	sound/monster2/nersluck_2/34.mss	1
sound2/sound/pc2/assassin/bow/attack_2.mss	sound/pc2/assassin/bow/attack_2.mss	1
sound2/sound/monster2/fire_ghost/dead_1.wav	sound/monster2/fire_ghost/dead_1.wav	1
sound2/sound/monster2/mutant/attack_1.wav	sound/monster2/mutant/attack_1.wav	1
sound2/sound/monster2/fire_ghost/dead_act_1.wav	sound/monster2/fire_ghost/dead_act_1.wav	1
sound2/sound/pc2/shaman/action/cheers_1.mss	sound/pc2/shaman/action/cheers_1.mss	1
sound2/sound/monster2/fire_ghost/fall_1.wav	sound/monster2/fire_ghost/fall_1.wav	1
sound2/sound/monster2/outlaw/20_1.mss	sound/monster2/outlaw/20_1.mss	1
sound2/sound/monster2/giant_scorpion/walk_act_1.wav	sound/monster2/giant_scorpion/walk_act_1.wav	1
sound2/sound/monster2/fire_knight/drop_2.wav	sound/monster2/fire_knight/drop_2.wav	1
sound2/sound/monster2/fire_king/attack_act_1.wav	sound/monster2/fire_king/attack_act_1.wav	1
sound2/sound/monster2/fire_ghost/fall_act_1.wav	sound/monster2/fire_ghost/fall_act_1.wav	1
sound2/sound/monster2/snakeman_sword/damage_1.wav	sound/monster2/snakeman_sword/damage_1.wav	1
sound2/sound/pc2/assassin/bow/damage_3.mss	sound/pc2/assassin/bow/damage_3.mss	1
sound2/sound/pc2/shaman/skill/nuejunryung.wav	sound/pc2/shaman/skill/nuejunryung.wav	1
sound2/sound/pc2/assassin/general/attack_1.mss	sound/pc2/assassin/general/attack_1.mss	1
sound2/sound/monster2/fire_ghost/walk_1.wav	sound/monster2/fire_ghost/walk_1.wav	1
sound2/sound/pc2/warrior/skill/samyeon_5.mss	sound/pc2/warrior/skill/samyeon_5.mss	1
sound2/sound/monster2/spider_king/skill_2.wav	sound/monster2/spider_king/skill_2.wav	1
sound2/sound/monster2/fire_ghost/walk_act_1.wav	sound/monster2/fire_ghost/walk_act_1.wav	1
sound2/sound/monster2/fire_king/03.mss	sound/monster2/fire_king/03.mss	1
sound2/sound/monster2/mutant/damage_1.wav	sound/monster2/mutant/damage_1.wav	1
sound2/sound/monster2/snakeman_sword/03.mss	sound/monster2/snakeman_sword/03.mss	1
sound2/sound/pc2/warrior/skill/gyeoksan_5.mss	sound/pc2/warrior/skill/gyeoksan_5.mss	1
sound2/sound/monster2/fire_king/20.mss	sound/monster2/fire_king/20.mss	1
sound2/sound/pc2/shaman/horse/skill_charge.mss	sound/pc2/shaman/horse/skill_charge.mss	1
sound2/sound/monster2/fire_king/20_1.mss	sound/monster2/fire_king/20_1.mss	1
sound2/sound/pc2/sura/skill/swaeryeong_3.mss	sound/pc2/sura/skill/swaeryeong_3.mss	1
sound2/sound/monster2/fire_king/24.mss	sound/monster2/fire_king/24.mss	1
sound2/sound/monster2/snakeman_bow/03.mss	sound/monster2/snakeman_bow/03.mss	1
sound2/sound/pc2/warrior/twohand_sword/damage_1.mss	sound/pc2/warrior/twohand_sword/damage_1.mss	1
sound2/sound/monster2/fire_king/30.mss	sound/monster2/fire_king/30.mss	1
sound2/sound/pc2/sura/skill/tusok.mss	sound/pc2/sura/skill/tusok.mss	1
sound2/sound/monster2/fire_tiger_boss/fall_act_1.wav	sound/monster2/fire_tiger_boss/fall_act_1.wav	1
sound2/sound/pc2/shaman/action/su_cheer1.wav	sound/pc2/shaman/action/su_cheer1.wav	1
sound2/sound/pc2/warrior/skill/gihyulchuymyung.wav	sound/pc2/warrior/skill/gihyulchuymyung.wav	1
sound2/sound/monster2/fire_king/30_1.mss	sound/monster2/fire_king/30_1.mss	1
sound2/sound/monster2/fire_king/31.mss	sound/monster2/fire_king/31.mss	1
sound2/sound/pc2/shaman/skill/gicheon_2.mss	sound/pc2/shaman/skill/gicheon_2.mss	1
sound2/sound/monster2/fire_king/32.mss	sound/monster2/fire_king/32.mss	1
sound2/sound/pc2/shaman/skill/buhwal.wav	sound/pc2/shaman/skill/buhwal.wav	1
sound2/sound/monster2/fire_king/34.mss	sound/monster2/fire_king/34.mss	1
sound2/sound/monster2/giant_desert_turtle/skll_2_v.wav	sound/monster2/giant_desert_turtle/skll_2_v.wav	1
sound2/sound/monster2/fire_king/34_1.mss	sound/monster2/fire_king/34_1.mss	1
sound2/sound/pc2/assassin/bow/damage_1.mss	sound/pc2/assassin/bow/damage_1.mss	1
sound2/sound/monster2/fire_king/37.mss	sound/monster2/fire_king/37.mss	1
sound2/sound/monster2/fire_king/attack_1.wav	sound/monster2/fire_king/attack_1.wav	1
sound2/sound/pc2/shaman/skill/jeungche_target.mss	sound/pc2/shaman/skill/jeungche_target.mss	1
sound2/sound/monster2/fire_king/attack_2.wav	sound/monster2/fire_king/attack_2.wav	1
sound2/sound/monster2/fire_king/attack_act_2.wav	sound/monster2/fire_king/attack_act_2.wav	1
sound2/sound/monster2/fire_king/damage_1.wav	sound/monster2/fire_king/damage_1.wav	1
sound2/sound/monster2/fire_king/damage_act_1.wav	sound/monster2/fire_king/damage_act_1.wav	1
sound2/sound/pc2/shaman/general/dead.mss	sound/pc2/shaman/general/dead.mss	1
sound2/sound/pc2/shaman/bell/combo2.wav	sound/pc2/shaman/bell/combo2.wav	1
sound2/sound/pc2/shaman/general/damage1.wav	sound/pc2/shaman/general/damage1.wav	1
sound2/sound/monster2/scorpionman_bow/03.mss	sound/monster2/scorpionman_bow/03.mss	1
sound2/sound/monster2/fire_king/fall_1.wav	sound/monster2/fire_king/fall_1.wav	1
sound2/sound/monster2/fire_king/fall_act_1.wav	sound/monster2/fire_king/fall_act_1.wav	1
sound2/sound/monster2/fire_king/skill_1.wav	sound/monster2/fire_king/skill_1.wav	1
sound2/sound/pc2/shaman/general/attack1.wav	sound/pc2/shaman/general/attack1.wav	1
sound2/sound/monster2/spider_queen/run_act_1.wav	sound/monster2/spider_queen/run_act_1.wav	1
sound2/sound/pc2/assassin/fishing/fishing_cancel.mss	sound/pc2/assassin/fishing/fishing_cancel.mss	1
sound2/sound/monster2/fire_knight/20.mss	sound/monster2/fire_knight/20.mss	1
sound2/sound/monster2/fire_knight/30.mss	sound/monster2/fire_knight/30.mss	1
sound2/sound/monster2/fire_knight/30_1.mss	sound/monster2/fire_knight/30_1.mss	1
sound2/sound/monster2/fire_knight/34.mss	sound/monster2/fire_knight/34.mss	1
sound2/sound/monster2/fire_knight/34_1.mss	sound/monster2/fire_knight/34_1.mss	1
sound2/sound/pc2/warrior/skill/tanhwan_5.mss	sound/pc2/warrior/skill/tanhwan_5.mss	1
sound2/sound/pc2/warrior/skill/geomgyeong_4.mss	sound/pc2/warrior/skill/geomgyeong_4.mss	1
sound2/sound/monster2/fire_knight/37.mss	sound/monster2/fire_knight/37.mss	1
sound2/sound/monster2/fire_knight/damage_1.wav	sound/monster2/fire_knight/damage_1.wav	1
sound2/sound/monster2/fire_knight/damage_act_1.wav	sound/monster2/fire_knight/damage_act_1.wav	1
sound2/sound/pc2/sura/general/walk.mss	sound/pc2/sura/general/walk.mss	1
sound2/sound/monster2/giant_scorpion/03.mss	sound/monster2/giant_scorpion/03.mss	1
sound2/sound/monster2/fire_tiger_boss/31.mss	sound/monster2/fire_tiger_boss/31.mss	1
sound2/sound/monster2/fire_knight/dead_1.wav	sound/monster2/fire_knight/dead_1.wav	1
sound2/sound/monster2/fire_knight/dead_act_1.wav	sound/monster2/fire_knight/dead_act_1.wav	1
sound2/sound/monster2/fire_knight/fall_1.wav	sound/monster2/fire_knight/fall_1.wav	1
sound2/sound/monster2/fire_knight/fall_act_1.wav	sound/monster2/fire_knight/fall_act_1.wav	1
sound2/sound/pc2/sura/skill/sueeryoungji.wav	sound/pc2/sura/skill/sueeryoungji.wav	1
sound2/sound/monster2/fire_man/20_1.mss	sound/monster2/fire_man/20_1.mss	1
sound2/sound/monster2/fire_man/30.mss	sound/monster2/fire_man/30.mss	1
sound2/sound/monster2/fire_man/34.mss	sound/monster2/fire_man/34.mss	1
sound2/sound/pc2/assassin/skill/talhungum.wav	sound/pc2/assassin/skill/talhungum.wav	1
sound2/sound/pc2/assassin/skill/gwangyeok_4.mss	sound/pc2/assassin/skill/gwangyeok_4.mss	1
sound2/sound/monster2/fire_man/34_1.mss	sound/monster2/fire_man/34_1.mss	1
sound2/sound/pc2/assassin/action/kiss_with_sura.mss	sound/pc2/assassin/action/kiss_with_sura.mss	1
sound2/sound/monster2/fire_man/attack_1.wav	sound/monster2/fire_man/attack_1.wav	1
sound2/sound/pc2/assassin/horse/dead.mss	sound/pc2/assassin/horse/dead.mss	1
sound2/sound/pc2/shaman/skill/boho_4.mss	sound/pc2/shaman/skill/boho_4.mss	1
sound2/sound/pc2/sura/skill/gongpo_4.mss	sound/pc2/sura/skill/gongpo_4.mss	1
sound2/sound/monster2/fire_man/attack_2.wav	sound/monster2/fire_man/attack_2.wav	1
sound2/sound/monster2/fire_man/attack_act_2.wav	sound/monster2/fire_man/attack_act_2.wav	1
sound2/sound/monster2/mutant_1/20_1.mss	sound/monster2/mutant_1/20_1.mss	1
sound2/sound/monster2/fire_man/dead_act_1.wav	sound/monster2/fire_man/dead_act_1.wav	1
sound2/sound/pc2/introsound/3.sfk	sound/pc2/introsound/3.sfk	1
sound2/sound/pc2/warrior/general/run.mss	sound/pc2/warrior/general/run.mss	1
sound2/sound/pc2/assassin/bow/attack.mss	sound/pc2/assassin/bow/attack.mss	1
sound2/sound/monster2/giant_desert_turtle/03.mss	sound/monster2/giant_desert_turtle/03.mss	1
sound2/sound/monster2/fire_man/fall_1.wav	sound/monster2/fire_man/fall_1.wav	1
sound2/sound/monster2/fire_tiger_boss/34.mss	sound/monster2/fire_tiger_boss/34.mss	1
sound2/sound/monster2/fire_man/fall_act_1.wav	sound/monster2/fire_man/fall_act_1.wav	1
sound2/sound/monster2/fire_man/walk_1.wav	sound/monster2/fire_man/walk_1.wav	1
sound2/sound/pc2/shaman/skill/kwaesok_2.mss	sound/pc2/shaman/skill/kwaesok_2.mss	1
sound2/sound/pc2/sura/skill/tusok_5.mss	sound/pc2/sura/skill/tusok_5.mss	1
sound2/sound/monster2/outlaw/20.mss	sound/monster2/outlaw/20.mss	1
sound2/sound/pc2/assassin/skill/hwajo_5.mss	sound/pc2/assassin/skill/hwajo_5.mss	1
sound2/sound/monster2/god_monkey/fall_1.wav	sound/monster2/god_monkey/fall_1.wav	1
sound2/sound/monster2/fire_man/walk_act_1.wav	sound/monster2/fire_man/walk_act_1.wav	1
sound2/sound/pc2/shaman/skill/paeryong_2.mss	sound/pc2/shaman/skill/paeryong_2.mss	1
sound2/sound/pc2/warrior/twohand_sword/combo7.wav	sound/pc2/warrior/twohand_sword/combo7.wav	1
sound2/sound/pc2/warrior/general/back_damage2.wav	sound/pc2/warrior/general/back_damage2.wav	1
sound2/sound/monster2/fire_tiger/20.mss	sound/monster2/fire_tiger/20.mss	1
sound2/sound/monster2/fire_tiger/30.mss	sound/monster2/fire_tiger/30.mss	1
sound2/sound/monster2/fire_tiger/32.mss	sound/monster2/fire_tiger/32.mss	1
sound2/sound/pc2/warrior/twohand_sword/combo_05.mss	sound/pc2/warrior/twohand_sword/combo_05.mss	1
sound2/sound/pc2/warrior/twohand_sword/combo_04.mss	sound/pc2/warrior/twohand_sword/combo_04.mss	1
sound2/sound/monster2/fire_tiger/34.mss	sound/monster2/fire_tiger/34.mss	1
sound2/sound/monster2/snakeman_sword/20_1.mss	sound/monster2/snakeman_sword/20_1.mss	1
sound2/sound/pc2/warrior/general/back_damage1.wav	sound/pc2/warrior/general/back_damage1.wav	1
sound2/sound/monster2/mutant_2/20.mss	sound/monster2/mutant_2/20.mss	1
sound2/sound/pc2/assassin/action/french_kiss_with_warrior.mss	sound/pc2/assassin/action/french_kiss_with_warrior.mss	1
sound2/sound/monster2/gold_monkey/30_1.mss	sound/monster2/gold_monkey/30_1.mss	1
sound2/sound/monster2/fire_tiger/37.mss	sound/monster2/fire_tiger/37.mss	1
sound2/sound/monster2/fire_tiger/attack_1.wav	sound/monster2/fire_tiger/attack_1.wav	1
sound2/sound/pc2/assassin/dualhand_sword/damage_2.mss	sound/pc2/assassin/dualhand_sword/damage_2.mss	1
sound2/sound/monster2/fire_tiger/attack_act_1.wav	sound/monster2/fire_tiger/attack_act_1.wav	1
sound2/sound/pc2/warrior/intro/selected.mss	sound/pc2/warrior/intro/selected.mss	1
sound2/sound/monster2/giant_desert_turtle/25.mss	sound/monster2/giant_desert_turtle/25.mss	1
sound2/sound/monster2/fire_tiger/damage_1.wav	sound/monster2/fire_tiger/damage_1.wav	1
sound2/sound/monster2/fire_tiger/damage_act_1.wav	sound/monster2/fire_tiger/damage_act_1.wav	1
sound2/sound/pc2/shaman/fishing/casting.wav	sound/pc2/shaman/fishing/casting.wav	1
sound2/sound/monster2/fire_tiger/fall_1.wav	sound/monster2/fire_tiger/fall_1.wav	1
sound2/sound/pc2/sura/skill/majugum.wav	sound/pc2/sura/skill/majugum.wav	1
sound2/sound/monster2/spider_queen/20.mss	sound/monster2/spider_queen/20.mss	1
sound2/sound/monster2/fire_tiger/walk_1.wav	sound/monster2/fire_tiger/walk_1.wav	1
sound2/sound/monster2/fire_tiger_boss/20.mss	sound/monster2/fire_tiger_boss/20.mss	1
sound2/sound/monster2/fire_tiger_boss/attack_1.wav	sound/monster2/fire_tiger_boss/attack_1.wav	1
sound2/sound/pc2/assassin/action/w_cheer2.wav	sound/pc2/assassin/action/w_cheer2.wav	1
sound2/sound/monster2/fire_tiger_boss/attack_act_1.wav	sound/monster2/fire_tiger_boss/attack_act_1.wav	1
sound2/sound/pc2/shaman/fishing/fishing_cancel.mss	sound/pc2/shaman/fishing/fishing_cancel.mss	1
sound2/sound/pc2/warrior/skill/gihyeol_5.mss	sound/pc2/warrior/skill/gihyeol_5.mss	1
sound2/sound/pc2/shaman/bell/pick_up.mss	sound/pc2/shaman/bell/pick_up.mss	1
sound2/sound/pc2/assassin/onehand_sword/rampage.mss	sound/pc2/assassin/onehand_sword/rampage.mss	1
sound2/sound/monster2/fire_tiger_boss/damage_1.wav	sound/monster2/fire_tiger_boss/damage_1.wav	1
sound2/sound/monster2/fire_tiger_boss/dead_1.wav	sound/monster2/fire_tiger_boss/dead_1.wav	1
sound2/sound/monster2/stone_monkey/20_1.mss	sound/monster2/stone_monkey/20_1.mss	1
sound2/sound/monster2/fire_tiger_boss/fall_1.wav	sound/monster2/fire_tiger_boss/fall_1.wav	1
sound2/sound/monster2/fire_tiger_boss/walk_1.wav	sound/monster2/fire_tiger_boss/walk_1.wav	1
sound2/sound/monster2/giant_desert_turtle/20.mss	sound/monster2/giant_desert_turtle/20.mss	1
sound2/sound/monster2/spider_king/walk_v_1.wav	sound/monster2/spider_king/walk_v_1.wav	1
sound2/sound/pc2/shaman/action/french_kiss_with_sura.mss	sound/pc2/shaman/action/french_kiss_with_sura.mss	1
sound2/sound/monster2/outlaw/attack_1.wav	sound/monster2/outlaw/attack_1.wav	1
sound2/sound/monster2/giant_desert_turtle/20_1.mss	sound/monster2/giant_desert_turtle/20_1.mss	1
sound2/sound/pc2/shaman/action/french_kiss_with_assassin.mss	sound/pc2/shaman/action/french_kiss_with_assassin.mss	1
sound2/sound/pc2/shaman/intro/selected.mss	sound/pc2/shaman/intro/selected.mss	1
sound2/sound/monster2/scorpionman_sword/30.mss	sound/monster2/scorpionman_sword/30.mss	1
sound2/sound/monster2/mutant/35.mss	sound/monster2/mutant/35.mss	1
sound2/sound/monster2/giant_desert_turtle/30.mss	sound/monster2/giant_desert_turtle/30.mss	1
sound2/sound/monster2/giant_desert_turtle/31.mss	sound/monster2/giant_desert_turtle/31.mss	1
sound2/sound/pc2/shaman/general/damage.mss	sound/pc2/shaman/general/damage.mss	1
sound2/sound/pc2/warrior/skill/geompung_2.mss	sound/pc2/warrior/skill/geompung_2.mss	1
sound2/sound/pc2/sura/onehand_sword/damage_3.mss	sound/pc2/sura/onehand_sword/damage_3.mss	1
sound2/sound/monster2/giant_desert_turtle/32.mss	sound/monster2/giant_desert_turtle/32.mss	1
sound2/sound/monster2/mutant_1/31.mss	sound/monster2/mutant_1/31.mss	1
sound2/sound/monster2/god_monkey/30.mss	sound/monster2/god_monkey/30.mss	1
sound2/sound/monster2/giant_desert_turtle/34.mss	sound/monster2/giant_desert_turtle/34.mss	1
sound2/sound/pc2/assassin/dualhand_sword/combo_03.mss	sound/pc2/assassin/dualhand_sword/combo_03.mss	1
sound2/sound/pc2/shaman/general/dead.sfk	sound/pc2/shaman/general/dead.sfk	1
sound2/sound/monster2/gold_monkey/34_1.mss	sound/monster2/gold_monkey/34_1.mss	1
sound2/sound/monster2/giant_desert_turtle/35.mss	sound/monster2/giant_desert_turtle/35.mss	1
sound2/sound/pc2/assassin/general/dead.wav	sound/pc2/assassin/general/dead.wav	1
sound2/sound/pc2/shaman/general/run.mss	sound/pc2/shaman/general/run.mss	1
sound2/sound/monster2/giant_desert_turtle/attack_1.wav	sound/monster2/giant_desert_turtle/attack_1.wav	1
sound2/sound/pc2/assassin/general/dig.mss	sound/pc2/assassin/general/dig.mss	1
sound2/sound/pc2/warrior/skill/palbangpoongwoo.wav	sound/pc2/warrior/skill/palbangpoongwoo.wav	1
sound2/sound/monster2/giant_desert_turtle/attack_act_1.wav	sound/monster2/giant_desert_turtle/attack_act_1.wav	1
sound2/sound/monster2/nersluck/32.mss	sound/monster2/nersluck/32.mss	1
sound2/sound/monster2/giant_desert_turtle/damage_act_1.wav	sound/monster2/giant_desert_turtle/damage_act_1.wav	1
sound2/sound/pc2/shaman/skill/kwaesok_3.mss	sound/pc2/shaman/skill/kwaesok_3.mss	1
sound2/sound/monster2/giant_desert_turtle/dead_1.wav	sound/monster2/giant_desert_turtle/dead_1.wav	1
sound2/sound/monster2/giant_desert_turtle/fall_act_1.wav	sound/monster2/giant_desert_turtle/fall_act_1.wav	1
sound2/sound/monster2/golem_pawn/03.mss	sound/monster2/golem_pawn/03.mss	1
sound2/sound/monster2/golem_2/35.mss	sound/monster2/golem_2/35.mss	1
sound2/sound/monster2/giant_desert_turtle/run_1.wav	sound/monster2/giant_desert_turtle/run_1.wav	1
sound2/sound/pc2/shaman/skill/paeryong_5.mss	sound/pc2/shaman/skill/paeryong_5.mss	1
sound2/sound/monster2/giant_scorpion/fall_act_1.wav	sound/monster2/giant_scorpion/fall_act_1.wav	1
sound2/sound/pc2/assassin/skill/yeonsa_4.mss	sound/pc2/assassin/skill/yeonsa_4.mss	1
sound2/sound/pc2/sura/onehand_sword/walk.mss	sound/pc2/sura/onehand_sword/walk.mss	1
sound2/sound/monster2/giant_desert_turtle/run_act_1.wav	sound/monster2/giant_desert_turtle/run_act_1.wav	1
sound2/sound/monster2/giant_desert_turtle/skill_1.wav	sound/monster2/giant_desert_turtle/skill_1.wav	1
sound2/sound/monster2/giant_desert_turtle/skill_1_v.wav	sound/monster2/giant_desert_turtle/skill_1_v.wav	1
sound2/sound/pc2/shaman/skill/byeorak_2.mss	sound/pc2/shaman/skill/byeorak_2.mss	1
sound2/sound/monster2/mutant_3/20.mss	sound/monster2/mutant_3/20.mss	1
sound2/sound/monster2/spider_queen/drop_1.wav	sound/monster2/spider_queen/drop_1.wav	1
sound2/sound/monster2/spider_king/31.mss	sound/monster2/spider_king/31.mss	1
sound2/sound/monster2/giant_scorpion/20_1.mss	sound/monster2/giant_scorpion/20_1.mss	1
sound2/sound/pc2/assassin/dualhand_sword/damage_3.mss	sound/pc2/assassin/dualhand_sword/damage_3.mss	1
sound2/sound/monster2/giant_scorpion/31_1.mss	sound/monster2/giant_scorpion/31_1.mss	1
sound2/sound/monster2/giant_scorpion/34_1.mss	sound/monster2/giant_scorpion/34_1.mss	1
sound2/sound/pc2/sura/action/sura_cheer2.wav	sound/pc2/sura/action/sura_cheer2.wav	1
sound2/sound/monster2/giant_scorpion/37.mss	sound/monster2/giant_scorpion/37.mss	1
sound2/sound/monster2/giant_scorpion/damage_act_1.wav	sound/monster2/giant_scorpion/damage_act_1.wav	1
sound2/sound/pc2/shaman/bell/combo_06.mss	sound/pc2/shaman/bell/combo_06.mss	1
sound2/sound/pc2/assassin/skill/dokgigung.mss	sound/pc2/assassin/skill/dokgigung.mss	1
sound2/sound/pc2/sura/skill/hugmagong.wav	sound/pc2/sura/skill/hugmagong.wav	1
sound2/sound/pc2/shaman/bell/combo4.wav	sound/pc2/shaman/bell/combo4.wav	1
sound2/sound/pc2/shaman/skill/byeorak.mss	sound/pc2/shaman/skill/byeorak.mss	1
sound2/sound/pc2/shaman/skill/gicheon_3.mss	sound/pc2/shaman/skill/gicheon_3.mss	1
sound2/sound/monster2/monkey/walk_1.wav	sound/monster2/monkey/walk_1.wav	1
sound2/sound/pc2/warrior/twohand_sword/pick_up.mss	sound/pc2/warrior/twohand_sword/pick_up.mss	1
sound2/sound/pc2/introsound/2.sfk	sound/pc2/introsound/2.sfk	1
sound2/sound/monster2/giant_scorpion/dead_1.wav	sound/monster2/giant_scorpion/dead_1.wav	1
sound2/sound/pc2/sura/skill/muyeong_2.mss	sound/pc2/sura/skill/muyeong_2.mss	1
sound2/sound/monster2/god_monkey/30_1.mss	sound/monster2/god_monkey/30_1.mss	1
sound2/sound/pc2/shaman/skill/yongpa_4.mss	sound/pc2/shaman/skill/yongpa_4.mss	1
sound2/sound/pc2/shaman/skill/jigam_target.mss	sound/pc2/shaman/skill/jigam_target.mss	1
sound2/sound/monster2/nersluck/dead_1.wav	sound/monster2/nersluck/dead_1.wav	1
sound2/sound/monster2/god_monkey/32.mss	sound/monster2/god_monkey/32.mss	1
sound2/sound/monster2/mutant/dead_1.wav	sound/monster2/mutant/dead_1.wav	1
sound2/sound/monster2/mutant/34_1.mss	sound/monster2/mutant/34_1.mss	1
sound2/sound/monster2/god_monkey/34.mss	sound/monster2/god_monkey/34.mss	1
sound2/sound/monster2/golem_2/32.mss	sound/monster2/golem_2/32.mss	1
sound2/sound/monster2/nersluck/fall_1.wav	sound/monster2/nersluck/fall_1.wav	1
sound2/sound/pc2/shaman/fan/pick_up.mss	sound/pc2/shaman/fan/pick_up.mss	1
sound2/sound/monster2/god_monkey/34_1.mss	sound/monster2/god_monkey/34_1.mss	1
sound2/sound/pc2/warrior/skill/samyeon.mss	sound/pc2/warrior/skill/samyeon.mss	1
sound2/sound/monster2/mutant_1/20.mss	sound/monster2/mutant_1/20.mss	1
sound2/sound/monster2/god_monkey/35.mss	sound/monster2/god_monkey/35.mss	1
sound2/sound/pc2/sura/fishing/run.mss	sound/pc2/sura/fishing/run.mss	1
sound2/sound/pc2/assassin/skill/gungsin_4.mss	sound/pc2/assassin/skill/gungsin_4.mss	1
sound2/sound/pc2/shaman/bell/combo1.wav	sound/pc2/shaman/bell/combo1.wav	1
sound2/sound/monster2/golem_1/32.mss	sound/monster2/golem_1/32.mss	1
sound2/sound/monster2/god_monkey/37.mss	sound/monster2/god_monkey/37.mss	1
sound2/sound/monster2/gold_monkey/attack_1.wav	sound/monster2/gold_monkey/attack_1.wav	1
sound2/sound/pc2/assassin/action/clap.mss	sound/pc2/assassin/action/clap.mss	1
sound2/sound/monster2/god_monkey/attack_2.wav	sound/monster2/god_monkey/attack_2.wav	1
sound2/sound/monster2/gold_monkey/35.mss	sound/monster2/gold_monkey/35.mss	1
sound2/sound/pc2/shaman/skill/kwaesok_target.mss	sound/pc2/shaman/skill/kwaesok_target.mss	1
sound2/sound/pc2/sura/skill/geomhwan.mss	sound/pc2/sura/skill/geomhwan.mss	1
sound2/sound/monster2/spider_king/dead_walk_1.wav	sound/monster2/spider_king/dead_walk_1.wav	1
sound2/sound/monster2/gold_monkey/37.mss	sound/monster2/gold_monkey/37.mss	1
sound2/sound/monster2/mutant_3/35.mss	sound/monster2/mutant_3/35.mss	1
sound2/sound/monster2/gold_monkey/damage_1.wav	sound/monster2/gold_monkey/damage_1.wav	1
sound2/sound/monster2/gold_monkey/dead_1.wav	sound/monster2/gold_monkey/dead_1.wav	1
sound2/sound/monster2/golem_pawn/35.mss	sound/monster2/golem_pawn/35.mss	1
sound2/sound/monster2/spider_queen/31.mss	sound/monster2/spider_queen/31.mss	1
sound2/sound/monster2/gold_monkey/fall_1.wav	sound/monster2/gold_monkey/fall_1.wav	1
sound2/sound/monster2/golem_1/20.mss	sound/monster2/golem_1/20.mss	1
sound2/sound/monster2/golem_1/30.mss	sound/monster2/golem_1/30.mss	1
sound2/sound/monster2/golem_1/31.mss	sound/monster2/golem_1/31.mss	1
sound2/sound/monster2/golem_2/03.mss	sound/monster2/golem_2/03.mss	1
sound2/sound/pc2/shaman/general/damage_flying.wav	sound/pc2/shaman/general/damage_flying.wav	1
sound2/sound/pc2/assassin/general/attack.mss	sound/pc2/assassin/general/attack.mss	1
sound2/sound/monster2/golem_2/20_1.mss	sound/monster2/golem_2/20_1.mss	1
sound2/sound/monster2/mutant_3/20_1.mss	sound/monster2/mutant_3/20_1.mss	1
sound2/sound/monster2/golem_2/34.mss	sound/monster2/golem_2/34.mss	1
sound2/sound/pc2/shaman/action/su_cheer3.wav	sound/pc2/shaman/action/su_cheer3.wav	1
sound2/sound/monster2/golem_3/20.mss	sound/monster2/golem_3/20.mss	1
sound2/sound/monster2/golem_pawn/34_1.mss	sound/monster2/golem_pawn/34_1.mss	1
sound2/sound/monster2/snakeman_sword/dead_1.wav	sound/monster2/snakeman_sword/dead_1.wav	1
sound2/sound/pc2/shaman/action/kiss_with_shaman.mss	sound/pc2/shaman/action/kiss_with_shaman.mss	1
sound2/sound/pc2/shaman/fan/damage.mss	sound/pc2/shaman/fan/damage.mss	1
sound2/sound/monster2/golem_3/20_1.mss	sound/monster2/golem_3/20_1.mss	1
sound2/sound/pc2/sura/onehand_sword/combo_04.mss	sound/pc2/sura/onehand_sword/combo_04.mss	1
sound2/sound/pc2/shaman/general/damage3.wav	sound/pc2/shaman/general/damage3.wav	1
sound2/sound/monster2/monkey/20_range.mss	sound/monster2/monkey/20_range.mss	1
sound2/sound/monster2/golem_3/30.mss	sound/monster2/golem_3/30.mss	1
sound2/sound/monster2/golem_3/31.mss	sound/monster2/golem_3/31.mss	1
sound2/sound/monster2/scorpionman_sword/attack_act_1.wav	sound/monster2/scorpionman_sword/attack_act_1.wav	1
sound2/sound/pc2/assassin/dualhand_sword/combo5.wav	sound/pc2/assassin/dualhand_sword/combo5.wav	1
sound2/sound/monster2/mutant/30_1.mss	sound/monster2/mutant/30_1.mss	1
sound2/sound/monster2/golem_pawn/32.mss	sound/monster2/golem_pawn/32.mss	1
sound2/sound/monster2/golem_3/32.mss	sound/monster2/golem_3/32.mss	1
sound2/sound/monster2/golem_3/34.mss	sound/monster2/golem_3/34.mss	1
sound2/sound/monster2/golem_pawn/20.mss	sound/monster2/golem_pawn/20.mss	1
sound2/sound/monster2/golem_pawn/30.mss	sound/monster2/golem_pawn/30.mss	1
sound2/sound/pc2/assassin/general/damage_4.mss	sound/pc2/assassin/general/damage_4.mss	1
sound2/sound/monster2/golem_pawn/30_1.mss	sound/monster2/golem_pawn/30_1.mss	1
sound2/sound/monster2/golem_pawn/34.mss	sound/monster2/golem_pawn/34.mss	1
sound2/sound/monster2/golem_pawn/attack_act_1.wav	sound/monster2/golem_pawn/attack_act_1.wav	1
sound2/sound/monster2/outlaw/34_1.mss	sound/monster2/outlaw/34_1.mss	1
sound2/sound/monster2/monkey/dead_1.wav	sound/monster2/monkey/dead_1.wav	1
sound2/sound/monster2/monkey/20.mss	sound/monster2/monkey/20.mss	1
sound2/sound/pc2/assassin/skill/dokgigung_4.mss	sound/pc2/assassin/skill/dokgigung_4.mss	1
sound2/sound/monster2/monkey/20_1.mss	sound/monster2/monkey/20_1.mss	1
sound2/sound/monster2/spider_queen/attack_1.wav	sound/monster2/spider_queen/attack_1.wav	1
sound2/sound/monster2/monkey/30.mss	sound/monster2/monkey/30.mss	1
sound2/sound/monster2/monkey/30_1.mss	sound/monster2/monkey/30_1.mss	1
sound2/sound/monster2/monkey/32.mss	sound/monster2/monkey/32.mss	1
sound2/sound/pc2/introsound/4.wav	sound/pc2/introsound/4.wav	1
sound2/sound/pc2/shaman/skill/target.wav	sound/pc2/shaman/skill/target.wav	1
sound2/sound/monster2/nersluck_2/30.mss	sound/monster2/nersluck_2/30.mss	1
sound2/sound/monster2/monkey/34.mss	sound/monster2/monkey/34.mss	1
sound2/sound/monster2/monkey/34_1.mss	sound/monster2/monkey/34_1.mss	1
sound2/sound/pc2/shaman/skill/bipabu.wav	sound/pc2/shaman/skill/bipabu.wav	1
sound2/sound/monster2/monkey/attack_1.wav	sound/monster2/monkey/attack_1.wav	1
sound2/sound/monster2/monkey/attack_eff_1.wav	sound/monster2/monkey/attack_eff_1.wav	1
sound2/sound/pc2/shaman/skill/jeungryeok_3.mss	sound/pc2/shaman/skill/jeungryeok_3.mss	1
sound2/sound/pc2/assassin/onehand_sword/walk.mss	sound/pc2/assassin/onehand_sword/walk.mss	1
sound2/sound/monster2/mutant/20.mss	sound/monster2/mutant/20.mss	1
sound2/sound/monster2/mutant/31.mss	sound/monster2/mutant/31.mss	1
sound2/sound/monster2/mutant/32.mss	sound/monster2/mutant/32.mss	1
sound2/sound/monster2/mutant/34.mss	sound/monster2/mutant/34.mss	1
sound2/sound/monster2/spider_queen/24.mss	sound/monster2/spider_queen/24.mss	1
sound2/sound/monster2/mutant/fall_1.wav	sound/monster2/mutant/fall_1.wav	1
sound2/sound/monster2/mutant_1/32.mss	sound/monster2/mutant_1/32.mss	1
sound2/sound/monster2/mutant_2/20_1.mss	sound/monster2/mutant_2/20_1.mss	1
sound2/sound/monster2/spider_king/attack_explo_2.wav	sound/monster2/spider_king/attack_explo_2.wav	1
sound2/sound/monster2/mutant_2/32.mss	sound/monster2/mutant_2/32.mss	1
sound2/sound/monster2/mutant_3/30.mss	sound/monster2/mutant_3/30.mss	1
sound2/sound/pc2/assassin/onehand_sword/damage.mss	sound/pc2/assassin/onehand_sword/damage.mss	1
sound2/sound/monster2/mutant_3/31.mss	sound/monster2/mutant_3/31.mss	1
sound2/sound/monster2/nersluck/20.mss	sound/monster2/nersluck/20.mss	1
sound2/sound/pc2/assassin/action/slap_hit.mss	sound/pc2/assassin/action/slap_hit.mss	1
sound2/sound/monster2/nersluck/30_1.mss	sound/monster2/nersluck/30_1.mss	1
sound2/sound/pc2/warrior/skill/geomgyeong_3.mss	sound/pc2/warrior/skill/geomgyeong_3.mss	1
sound2/sound/monster2/nersluck/31.mss	sound/monster2/nersluck/31.mss	1
sound2/sound/pc2/warrior/twohand_sword/run.mss	sound/pc2/warrior/twohand_sword/run.mss	1
sound2/sound/monster2/nersluck/37.mss	sound/monster2/nersluck/37.mss	1
sound2/sound/pc2/warrior/onehand_sword/walk.mss	sound/pc2/warrior/onehand_sword/walk.mss	1
sound2/sound/pc2/warrior/general/walk.mss	sound/pc2/warrior/general/walk.mss	1
sound2/sound/monster2/nersluck_1/20.mss	sound/monster2/nersluck_1/20.mss	1
sound2/sound/monster2/nersluck_1/20_1.mss	sound/monster2/nersluck_1/20_1.mss	1
sound2/sound/pc2/assassin/skill/gwangyeok.mss	sound/pc2/assassin/skill/gwangyeok.mss	1
sound2/sound/pc2/assassin/bow/damage_4.mss	sound/pc2/assassin/bow/damage_4.mss	1
sound2/sound/pc2/assassin/onehand_sword/combo4.wav	sound/pc2/assassin/onehand_sword/combo4.wav	1
sound2/sound/monster2/nersluck_1/30.mss	sound/monster2/nersluck_1/30.mss	1
sound2/sound/monster2/nersluck_1/31.mss	sound/monster2/nersluck_1/31.mss	1
sound2/sound/monster2/nersluck_1/32.mss	sound/monster2/nersluck_1/32.mss	1
sound2/sound/monster2/snakeman_bow/32.mss	sound/monster2/snakeman_bow/32.mss	1
sound2/sound/monster2/nersluck_1/34.mss	sound/monster2/nersluck_1/34.mss	1
sound2/sound/pc2/warrior/onehand_sword/combo_01.mss	sound/pc2/warrior/onehand_sword/combo_01.mss	1
sound2/sound/monster2/nersluck_2/20.mss	sound/monster2/nersluck_2/20.mss	1
sound2/sound/pc2/warrior/twohand_sword/damage_3.mss	sound/pc2/warrior/twohand_sword/damage_3.mss	1
sound2/sound/pc2/sura/skill/muyeong.mss	sound/pc2/sura/skill/muyeong.mss	1
sound2/sound/pc2/sura/general/damage_flying.mss	sound/pc2/sura/general/damage_flying.mss	1
sound2/sound/monster2/nersluck_2/20_1.mss	sound/monster2/nersluck_2/20_1.mss	1
sound2/sound/pc2/assassin/skill/gyeonggong_3.mss	sound/pc2/assassin/skill/gyeonggong_3.mss	1
sound2/sound/pc2/assassin/onehand_sword/combo_01.mss	sound/pc2/assassin/onehand_sword/combo_01.mss	1
sound2/sound/monster2/nersluck_2/32.mss	sound/monster2/nersluck_2/32.mss	1
sound2/sound/monster2/nersluck_3/20.mss	sound/monster2/nersluck_3/20.mss	1
sound2/sound/monster2/nersluck_3/30.mss	sound/monster2/nersluck_3/30.mss	1
sound2/sound/monster2/nersluck_3/32.mss	sound/monster2/nersluck_3/32.mss	1
sound2/sound/pc2/shaman/general/dig.mss	sound/pc2/shaman/general/dig.mss	1
sound2/sound/monster2/nersluck_3/35.mss	sound/monster2/nersluck_3/35.mss	1
sound2/sound/monster2/outlaw/03.mss	sound/monster2/outlaw/03.mss	1
sound2/sound/monster2/outlaw/31.mss	sound/monster2/outlaw/31.mss	1
sound2/sound/monster2/outlaw/31_1.mss	sound/monster2/outlaw/31_1.mss	1
sound2/sound/pc2/sura/skill/tusok_2.mss	sound/pc2/sura/skill/tusok_2.mss	1
sound2/sound/monster2/outlaw/32.mss	sound/monster2/outlaw/32.mss	1
sound2/sound/pc2/shaman/action/cheers_2.mss	sound/pc2/shaman/action/cheers_2.mss	1
sound2/sound/monster2/outlaw/34.mss	sound/monster2/outlaw/34.mss	1
sound2/sound/monster2/stone_monkey/03.mss	sound/monster2/stone_monkey/03.mss	1
sound2/sound/pc2/shaman/skill/daejeongeop_target.mss	sound/pc2/shaman/skill/daejeongeop_target.mss	1
sound2/sound/monster2/outlaw/35.mss	sound/monster2/outlaw/35.mss	1
sound2/sound/monster2/scorpionman_sword/fall_1.wav	sound/monster2/scorpionman_sword/fall_1.wav	1
sound2/sound/monster2/spider_king/03.mss	sound/monster2/spider_king/03.mss	1
sound2/sound/pc2/assassin/skill/amseup_2.mss	sound/pc2/assassin/skill/amseup_2.mss	1
sound2/sound/monster2/outlaw/37.mss	sound/monster2/outlaw/37.mss	1
sound2/sound/pc2/shaman/bell/damage.mss	sound/pc2/shaman/bell/damage.mss	1
sound2/sound/monster2/outlaw/damage_1.wav	sound/monster2/outlaw/damage_1.wav	1
sound2/sound/monster2/outlaw/dead_1.wav	sound/monster2/outlaw/dead_1.wav	1
sound2/sound/pc2/shaman/bell/damage_1.mss	sound/pc2/shaman/bell/damage_1.mss	1
sound2/sound/monster2/stone_monkey/30_1.mss	sound/monster2/stone_monkey/30_1.mss	1
sound2/sound/monster2/scorpionman_bow/20.mss	sound/monster2/scorpionman_bow/20.mss	1
sound2/sound/monster2/scorpionman_bow/30.mss	sound/monster2/scorpionman_bow/30.mss	1
sound2/sound/pc2/shaman/general/damage_4.mss	sound/pc2/shaman/general/damage_4.mss	1
sound2/sound/monster2/scorpionman_bow/30_1.mss	sound/monster2/scorpionman_bow/30_1.mss	1
sound2/sound/monster2/scorpionman_bow/31_1.mss	sound/monster2/scorpionman_bow/31_1.mss	1
sound2/sound/monster2/stone_monkey/35.mss	sound/monster2/stone_monkey/35.mss	1
sound2/sound/monster2/scorpionman_bow/32.mss	sound/monster2/scorpionman_bow/32.mss	1
sound2/sound/monster2/scorpionman_bow/34.mss	sound/monster2/scorpionman_bow/34.mss	1
sound2/sound/monster2/scorpionman_bow/34_1.mss	sound/monster2/scorpionman_bow/34_1.mss	1
sound2/sound/pc2/warrior/onehand_sword/combo4.wav	sound/pc2/warrior/onehand_sword/combo4.wav	1
sound2/sound/monster2/scorpionman_bow/37.mss	sound/monster2/scorpionman_bow/37.mss	1
sound2/sound/pc2/assassin/dualhand_sword/combo4.wav	sound/pc2/assassin/dualhand_sword/combo4.wav	1
sound2/sound/pc2/sura/skill/gongpo.mss	sound/pc2/sura/skill/gongpo.mss	1
sound2/sound/monster2/scorpionman_bow/attack_1.wav	sound/monster2/scorpionman_bow/attack_1.wav	1
sound2/sound/pc2/assassin/horse_dualhand_sword/skill_splash.mss	sound/pc2/assassin/horse_dualhand_sword/skill_splash.mss	1
sound2/sound/monster2/scorpionman_sword/03.mss	sound/monster2/scorpionman_sword/03.mss	1
sound2/sound/monster2/scorpionman_sword/20.mss	sound/monster2/scorpionman_sword/20.mss	1
sound2/sound/monster2/scorpionman_sword/31.mss	sound/monster2/scorpionman_sword/31.mss	1
sound2/sound/pc2/sura/general/back_damage_flying.mss	sound/pc2/sura/general/back_damage_flying.mss	1
sound2/sound/monster2/scorpionman_sword/32.mss	sound/monster2/scorpionman_sword/32.mss	1
sound2/sound/pc2/warrior/skill/jeongwi_5.mss	sound/pc2/warrior/skill/jeongwi_5.mss	1
sound2/sound/pc2/sura/action/clap.mss	sound/pc2/sura/action/clap.mss	1
sound2/sound/pc2/sura/skill/jeoju.mss	sound/pc2/sura/skill/jeoju.mss	1
sound2/sound/monster2/scorpionman_sword/34_1.mss	sound/monster2/scorpionman_sword/34_1.mss	1
sound2/sound/monster2/scorpionman_sword/37.mss	sound/monster2/scorpionman_sword/37.mss	1
sound2/sound/pc2/assassin/skill/yeonsa.mss	sound/pc2/assassin/skill/yeonsa.mss	1
sound2/sound/monster2/scorpionman_sword/attack_1.wav	sound/monster2/scorpionman_sword/attack_1.wav	1
sound2/sound/monster2/scorpionman_sword/damage_1.wav	sound/monster2/scorpionman_sword/damage_1.wav	1
sound2/sound/monster2/scorpionman_sword/damage_act_1.wav	sound/monster2/scorpionman_sword/damage_act_1.wav	1
sound2/sound/monster2/scorpionman_sword/dead_act_1.wav	sound/monster2/scorpionman_sword/dead_act_1.wav	1
sound2/sound/pc2/shaman/fan/combo4.wav	sound/pc2/shaman/fan/combo4.wav	1
sound2/sound/pc2/shaman/skill/jeongeop_5.mss	sound/pc2/shaman/skill/jeongeop_5.mss	1
sound2/sound/monster2/snakeman_bow/30.mss	sound/monster2/snakeman_bow/30.mss	1
sound2/sound/pc2/shaman/skill/budongbakbu.wav	sound/pc2/shaman/skill/budongbakbu.wav	1
sound2/sound/monster2/snakeman_bow/30_1.mss	sound/monster2/snakeman_bow/30_1.mss	1
sound2/sound/pc2/assassin/skill/gyeonggong_5.mss	sound/pc2/assassin/skill/gyeonggong_5.mss	1
sound2/sound/monster2/snakeman_bow/31.mss	sound/monster2/snakeman_bow/31.mss	1
sound2/sound/monster2/snakeman_bow/37.mss	sound/monster2/snakeman_bow/37.mss	1
sound2/sound/monster2/snakeman_sword/30.mss	sound/monster2/snakeman_sword/30.mss	1
sound2/sound/monster2/spider_king/dead_act_1.wav	sound/monster2/spider_king/dead_act_1.wav	1
sound2/sound/pc2/shaman/fan/combo_05.mss	sound/pc2/shaman/fan/combo_05.mss	1
sound2/sound/monster2/snakeman_sword/31.mss	sound/monster2/snakeman_sword/31.mss	1
sound2/sound/monster2/snakeman_sword/34.mss	sound/monster2/snakeman_sword/34.mss	1
sound2/sound/monster2/snakeman_sword/34_1.mss	sound/monster2/snakeman_sword/34_1.mss	1
sound2/sound/monster2/snakeman_sword/37.mss	sound/monster2/snakeman_sword/37.mss	1
sound2/sound/monster2/snakeman_sword/attack_1.wav	sound/monster2/snakeman_sword/attack_1.wav	1
sound2/sound/monster2/stone_monkey/dead_act_1.wav	sound/monster2/stone_monkey/dead_act_1.wav	1
sound2/sound/pc2/assassin/onehand_sword/combo3.wav	sound/pc2/assassin/onehand_sword/combo3.wav	1
sound2/sound/pc2/sura/onehand_sword/damage_4.mss	sound/pc2/sura/onehand_sword/damage_4.mss	1
sound2/sound/monster2/snakeman_sword/damage_act_1.wav	sound/monster2/snakeman_sword/damage_act_1.wav	1
sound2/sound/monster2/snakeman_sword/drop_1.wav	sound/monster2/snakeman_sword/drop_1.wav	1
sound2/sound/monster2/snakeman_sword/fall_1.wav	sound/monster2/snakeman_sword/fall_1.wav	1
sound2/sound/monster2/spider_king/20.mss	sound/monster2/spider_king/20.mss	1
sound2/sound/pc2/assassin/skill/yeonsa_5.mss	sound/pc2/assassin/skill/yeonsa_5.mss	1
sound2/sound/pc2/shaman/skill/bipabu_3.mss	sound/pc2/shaman/skill/bipabu_3.mss	1
sound2/sound/pc2/shaman/skill/pokroe.mss	sound/pc2/shaman/skill/pokroe.mss	1
sound2/sound/monster2/spider_king/20_1.mss	sound/monster2/spider_king/20_1.mss	1
sound2/sound/pc2/shaman/fan/run.mss	sound/pc2/shaman/fan/run.mss	1
sound2/sound/monster2/spider_king/25.mss	sound/monster2/spider_king/25.mss	1
sound2/sound/monster2/spider_king/attack_act_1.wav	sound/monster2/spider_king/attack_act_1.wav	1
sound2/sound/pc2/assassin/action/kiss_with_shaman.mss	sound/pc2/assassin/action/kiss_with_shaman.mss	1
sound2/sound/monster2/spider_king/attack_act_2.wav	sound/monster2/spider_king/attack_act_2.wav	1
sound2/sound/monster2/spider_king/attack_eff_2.wav	sound/monster2/spider_king/attack_eff_2.wav	1
sound2/sound/monster2/spider_queen/attack_act_1.wav	sound/monster2/spider_queen/attack_act_1.wav	1
sound2/sound/pc2/assassin/horse_bow/attack.mss	sound/pc2/assassin/horse_bow/attack.mss	1
sound2/sound/pc2/assassin/skill/amseup_4.mss	sound/pc2/assassin/skill/amseup_4.mss	1
sound2/sound/monster2/spider_king/attack_v_1.wav	sound/monster2/spider_king/attack_v_1.wav	1
sound2/sound/monster2/spider_king/attack_v_2.wav	sound/monster2/spider_king/attack_v_2.wav	1
sound2/sound/monster2/spider_king/dead_v_1.wav	sound/monster2/spider_king/dead_v_1.wav	1
sound2/sound/pc2/assassin/horse/damage.mss	sound/pc2/assassin/horse/damage.mss	1
sound2/sound/monster2/spider_king/skill_1.wav	sound/monster2/spider_king/skill_1.wav	1
sound2/sound/pc2/sura/skill/gwigeom_4.mss	sound/pc2/sura/skill/gwigeom_4.mss	1
sound2/sound/monster2/spider_king/walk_act.wav	sound/monster2/spider_king/walk_act.wav	1
sound2/sound/monster2/spider_king/walk_act_foot.wav	sound/monster2/spider_king/walk_act_foot.wav	1
sound2/sound/monster2/spider_queen/03.mss	sound/monster2/spider_queen/03.mss	1
sound2/sound/monster2/spider_queen/dead_1.wav	sound/monster2/spider_queen/dead_1.wav	1
sound2/sound/monster2/spider_queen/skill_1.wav	sound/monster2/spider_queen/skill_1.wav	1
sound2/sound/monster2/stone_monkey/20.mss	sound/monster2/stone_monkey/20.mss	1
sound2/sound/monster2/stone_monkey/30.mss	sound/monster2/stone_monkey/30.mss	1
sound2/sound/pc2/shaman/skill/bierak.wav	sound/pc2/shaman/skill/bierak.wav	1
sound2/sound/monster2/stone_monkey/32.mss	sound/monster2/stone_monkey/32.mss	1
sound2/sound/pc2/shaman/fan/combo3.wav	sound/pc2/shaman/fan/combo3.wav	1
sound2/sound/monster2/stone_monkey/34.mss	sound/monster2/stone_monkey/34.mss	1
sound2/sound/monster2/stone_monkey/34_1.mss	sound/monster2/stone_monkey/34_1.mss	1
sound2/sound/monster2/stone_monkey/37.mss	sound/monster2/stone_monkey/37.mss	1
sound2/sound/monster2/stone_monkey/attack_act_1.wav	sound/monster2/stone_monkey/attack_act_1.wav	1
sound2/sound/monster2/stone_monkey/damage_act_1.wav	sound/monster2/stone_monkey/damage_act_1.wav	1
sound2/sound/pc2/shaman/skill/gichundaegong.wav	sound/pc2/shaman/skill/gichundaegong.wav	1
sound2/sound/monster2/stone_monkey/drop_1.wav	sound/monster2/stone_monkey/drop_1.wav	1
sound2/sound/monster2/stone_monkey/fall_act_1.wav	sound/monster2/stone_monkey/fall_act_1.wav	1
sound2/sound/pc2/warrior/skill/palbang.mss	sound/pc2/warrior/skill/palbang.mss	1
sound2/sound/pc2/copy_prefect.py	sound/pc2/copy_prefect.py	1
sound2/sound/pc2/shaman/skill/jeongeop_2.mss	sound/pc2/shaman/skill/jeongeop_2.mss	1
sound2/sound/pc2/assassin/action/french_kiss_with_shaman.mss	sound/pc2/assassin/action/french_kiss_with_shaman.mss	1
sound2/sound/pc2/assassin/action/french_kiss_with_sura.mss	sound/pc2/assassin/action/french_kiss_with_sura.mss	1
sound2/sound/pc2/shaman/fan/combo_06.mss	sound/pc2/shaman/fan/combo_06.mss	1
sound2/sound/pc2/sura/general/damage_2.mss	sound/pc2/sura/general/damage_2.mss	1
sound2/sound/pc2/shaman/fan/walk.mss	sound/pc2/shaman/fan/walk.mss	1
sound2/sound/pc2/assassin/action/kiss_with_assassin.mss	sound/pc2/assassin/action/kiss_with_assassin.mss	1
sound2/sound/pc2/assassin/action/kiss_with_warrior.mss	sound/pc2/assassin/action/kiss_with_warrior.mss	1
sound2/sound/pc2/warrior/skill/geomgyeong_2.mss	sound/pc2/warrior/skill/geomgyeong_2.mss	1
sound2/sound/pc2/sura/action/kiss_with_shaman.mss	sound/pc2/sura/action/kiss_with_shaman.mss	1
sound2/sound/pc2/assassin/action/w_cheer1.wav	sound/pc2/assassin/action/w_cheer1.wav	1
sound2/sound/pc2/assassin/dualhand_sword/run.mss	sound/pc2/assassin/dualhand_sword/run.mss	1
sound2/sound/pc2/assassin/bow/attack.wav	sound/pc2/assassin/bow/attack.wav	1
sound2/sound/pc2/assassin/bow/damage.mss	sound/pc2/assassin/bow/damage.mss	1
sound2/sound/pc2/assassin/bow/damage_2.mss	sound/pc2/assassin/bow/damage_2.mss	1
sound2/sound/pc2/assassin/dualhand_sword/combo1.wav	sound/pc2/assassin/dualhand_sword/combo1.wav	1
sound2/sound/pc2/assassin/dualhand_sword/combo2.wav	sound/pc2/assassin/dualhand_sword/combo2.wav	1
sound2/sound/pc2/assassin/dualhand_sword/combo3.wav	sound/pc2/assassin/dualhand_sword/combo3.wav	1
sound2/sound/pc2/assassin/dualhand_sword/combo_01.mss	sound/pc2/assassin/dualhand_sword/combo_01.mss	1
sound2/sound/pc2/warrior/action/french_kiss_with_shaman.mss	sound/pc2/warrior/action/french_kiss_with_shaman.mss	1
sound2/sound/pc2/assassin/dualhand_sword/combo_02.mss	sound/pc2/assassin/dualhand_sword/combo_02.mss	1
sound2/sound/pc2/sura/action/kiss_with_assassin.mss	sound/pc2/sura/action/kiss_with_assassin.mss	1
sound2/sound/pc2/assassin/dualhand_sword/combo_04.mss	sound/pc2/assassin/dualhand_sword/combo_04.mss	1
sound2/sound/pc2/assassin/dualhand_sword/combo_06.mss	sound/pc2/assassin/dualhand_sword/combo_06.mss	1
sound2/sound/pc2/assassin/dualhand_sword/combo_07.mss	sound/pc2/assassin/dualhand_sword/combo_07.mss	1
sound2/sound/pc2/assassin/dualhand_sword/damage.mss	sound/pc2/assassin/dualhand_sword/damage.mss	1
sound2/sound/pc2/assassin/dualhand_sword/damage_1.mss	sound/pc2/assassin/dualhand_sword/damage_1.mss	1
sound2/sound/pc2/assassin/dualhand_sword/damage_4.mss	sound/pc2/assassin/dualhand_sword/damage_4.mss	1
sound2/sound/pc2/assassin/dualhand_sword/pick_up.mss	sound/pc2/assassin/dualhand_sword/pick_up.mss	1
sound2/sound/pc2/assassin/fishing/casting.wav	sound/pc2/assassin/fishing/casting.wav	1
sound2/sound/pc2/sura/skill/muyoungjin.wav	sound/pc2/sura/skill/muyoungjin.wav	1
sound2/sound/pc2/assassin/fishing/fishing_catch.mss	sound/pc2/assassin/fishing/fishing_catch.mss	1
sound2/sound/pc2/shaman/skill/wonsin_me.mss	sound/pc2/shaman/skill/wonsin_me.mss	1
sound2/sound/pc2/assassin/fishing/fishing_fail.mss	sound/pc2/assassin/fishing/fishing_fail.mss	1
sound2/sound/pc2/assassin/fishing/run.mss	sound/pc2/assassin/fishing/run.mss	1
sound2/sound/pc2/assassin/fishing/throw.mss	sound/pc2/assassin/fishing/throw.mss	1
sound2/sound/pc2/assassin/fishing/walk.mss	sound/pc2/assassin/fishing/walk.mss	1
sound2/sound/pc2/assassin/general/back_damage_flying.mss	sound/pc2/assassin/general/back_damage_flying.mss	1
sound2/sound/pc2/assassin/general/damage.mss	sound/pc2/assassin/general/damage.mss	1
sound2/sound/pc2/assassin/general/damage3.wav	sound/pc2/assassin/general/damage3.wav	1
sound2/sound/pc2/assassin/skill/seomgwang_5.mss	sound/pc2/assassin/skill/seomgwang_5.mss	1
sound2/sound/pc2/assassin/horse_onehand_sword/skill_wildattack.mss	sound/pc2/assassin/horse_onehand_sword/skill_wildattack.mss	1
sound2/sound/pc2/assassin/general/damage4.wav	sound/pc2/assassin/general/damage4.wav	1
sound2/sound/pc2/assassin/general/damage_1.mss	sound/pc2/assassin/general/damage_1.mss	1
sound2/sound/pc2/assassin/general/damage_2.mss	sound/pc2/assassin/general/damage_2.mss	1
sound2/sound/pc2/shaman/fishing/throw.mss	sound/pc2/shaman/fishing/throw.mss	1
sound2/sound/pc2/assassin/skill/gungsin.mss	sound/pc2/assassin/skill/gungsin.mss	1
sound2/sound/pc2/assassin/general/damage_3.mss	sound/pc2/assassin/general/damage_3.mss	1
sound2/sound/pc2/assassin/general/damage_flying.mss	sound/pc2/assassin/general/damage_flying.mss	1
sound2/sound/pc2/assassin/general/damage_flying.wav	sound/pc2/assassin/general/damage_flying.wav	1
sound2/sound/pc2/assassin/general/dead.mss	sound/pc2/assassin/general/dead.mss	1
sound2/sound/pc2/assassin/general/walk.mss	sound/pc2/assassin/general/walk.mss	1
sound2/sound/pc2/assassin/horse/run.mss	sound/pc2/assassin/horse/run.mss	1
sound2/sound/pc2/assassin/skill/eunhyeong_4.mss	sound/pc2/assassin/skill/eunhyeong_4.mss	1
sound2/sound/pc2/assassin/horse/skill_charge.mss	sound/pc2/assassin/horse/skill_charge.mss	1
sound2/sound/pc2/assassin/horse/walk.mss	sound/pc2/assassin/horse/walk.mss	1
sound2/sound/pc2/assassin/horse_bow/damage.mss	sound/pc2/assassin/horse_bow/damage.mss	1
sound2/sound/pc2/assassin/horse_bow/dead.mss	sound/pc2/assassin/horse_bow/dead.mss	1
sound2/sound/pc2/assassin/horse_bow/skill_splash.mss	sound/pc2/assassin/horse_bow/skill_splash.mss	1
sound2/sound/pc2/assassin/horse_bow/skill_wildattack.mss	sound/pc2/assassin/horse_bow/skill_wildattack.mss	1
sound2/sound/pc2/assassin/horse_dualhand_sword/skill_wildattack.mss	sound/pc2/assassin/horse_dualhand_sword/skill_wildattack.mss	1
sound2/sound/pc2/assassin/intro/selected.mss	sound/pc2/assassin/intro/selected.mss	1
sound2/sound/pc2/assassin/intro/selected.wav	sound/pc2/assassin/intro/selected.wav	1
sound2/sound/pc2/shaman/skill/guihwan.wav	sound/pc2/shaman/skill/guihwan.wav	1
sound2/sound/pc2/assassin/onehand_sword/combo1.wav	sound/pc2/assassin/onehand_sword/combo1.wav	1
sound2/sound/pc2/assassin/onehand_sword/combo2.wav	sound/pc2/assassin/onehand_sword/combo2.wav	1
sound2/sound/pc2/assassin/onehand_sword/combo5.wav	sound/pc2/assassin/onehand_sword/combo5.wav	1
sound2/sound/pc2/assassin/onehand_sword/combo6.wav	sound/pc2/assassin/onehand_sword/combo6.wav	1
sound2/sound/pc2/assassin/onehand_sword/combo7.wav	sound/pc2/assassin/onehand_sword/combo7.wav	1
sound2/sound/pc2/assassin/onehand_sword/combo_02.mss	sound/pc2/assassin/onehand_sword/combo_02.mss	1
sound2/sound/pc2/warrior/onehand_sword/rampage.mss	sound/pc2/warrior/onehand_sword/rampage.mss	1
sound2/sound/pc2/assassin/onehand_sword/combo_03.mss	sound/pc2/assassin/onehand_sword/combo_03.mss	1
sound2/sound/pc2/shaman/bell/combo_01.mss	sound/pc2/shaman/bell/combo_01.mss	1
sound2/sound/pc2/assassin/onehand_sword/combo_04.mss	sound/pc2/assassin/onehand_sword/combo_04.mss	1
sound2/sound/pc2/assassin/onehand_sword/combo_05.mss	sound/pc2/assassin/onehand_sword/combo_05.mss	1
sound2/sound/pc2/assassin/onehand_sword/combo_06.mss	sound/pc2/assassin/onehand_sword/combo_06.mss	1
sound2/sound/pc2/assassin/onehand_sword/damage_1.mss	sound/pc2/assassin/onehand_sword/damage_1.mss	1
sound2/sound/pc2/assassin/onehand_sword/damage_3.mss	sound/pc2/assassin/onehand_sword/damage_3.mss	1
sound2/sound/pc2/assassin/onehand_sword/damage_4.mss	sound/pc2/assassin/onehand_sword/damage_4.mss	1
sound2/sound/pc2/assassin/onehand_sword/pick_up.mss	sound/pc2/assassin/onehand_sword/pick_up.mss	1
sound2/sound/pc2/shaman/action/kiss_with_assassin.mss	sound/pc2/shaman/action/kiss_with_assassin.mss	1
sound2/sound/pc2/assassin/skill/amseup.mss	sound/pc2/assassin/skill/amseup.mss	1
sound2/sound/pc2/assassin/skill/amseup_3.mss	sound/pc2/assassin/skill/amseup_3.mss	1
sound2/sound/pc2/shaman/skill/daegungupin.wav	sound/pc2/shaman/skill/daegungupin.wav	1
sound2/sound/pc2/assassin/skill/amseup_5.mss	sound/pc2/assassin/skill/amseup_5.mss	1
sound2/sound/pc2/sura/fishing/walk.mss	sound/pc2/sura/fishing/walk.mss	1
sound2/sound/pc2/assassin/skill/charyoonsal.wav	sound/pc2/assassin/skill/charyoonsal.wav	1
sound2/sound/pc2/assassin/skill/charyun_2.mss	sound/pc2/assassin/skill/charyun_2.mss	1
sound2/sound/pc2/assassin/skill/charyun_3.mss	sound/pc2/assassin/skill/charyun_3.mss	1
sound2/sound/pc2/assassin/skill/charyun_5.mss	sound/pc2/assassin/skill/charyun_5.mss	1
sound2/sound/pc2/assassin/skill/chunryongchuta.wav	sound/pc2/assassin/skill/chunryongchuta.wav	1
sound2/sound/pc2/sura/skill/pabeop_5.mss	sound/pc2/sura/skill/pabeop_5.mss	1
sound2/sound/pc2/assassin/skill/dokgigung_2.mss	sound/pc2/assassin/skill/dokgigung_2.mss	1
sound2/sound/pc2/assassin/skill/dokgigung_3.mss	sound/pc2/assassin/skill/dokgigung_3.mss	1
sound2/sound/pc2/assassin/skill/dokgigung_5.mss	sound/pc2/assassin/skill/dokgigung_5.mss	1
sound2/sound/pc2/assassin/skill/eunhyeong_3.mss	sound/pc2/assassin/skill/eunhyeong_3.mss	1
sound2/sound/pc2/sura/skill/maryeong_2.mss	sound/pc2/sura/skill/maryeong_2.mss	1
sound2/sound/pc2/assassin/skill/eunhyeong_5.mss	sound/pc2/assassin/skill/eunhyeong_5.mss	1
sound2/sound/pc2/warrior/horse/dead.mss	sound/pc2/warrior/horse/dead.mss	1
sound2/sound/pc2/assassin/skill/gigung.mss	sound/pc2/assassin/skill/gigung.mss	1
sound2/sound/pc2/assassin/skill/hwajo_4.mss	sound/pc2/assassin/skill/hwajo_4.mss	1
sound2/sound/pc2/assassin/skill/gungsin_3.mss	sound/pc2/assassin/skill/gungsin_3.mss	1
sound2/sound/pc2/sura/skill/pabeop_2.mss	sound/pc2/sura/skill/pabeop_2.mss	1
sound2/sound/pc2/assassin/skill/gwangyeok_2.mss	sound/pc2/assassin/skill/gwangyeok_2.mss	1
sound2/sound/pc2/assassin/skill/gwangyeok_3.mss	sound/pc2/assassin/skill/gwangyeok_3.mss	1
sound2/sound/pc2/assassin/skill/sangong_5.mss	sound/pc2/assassin/skill/sangong_5.mss	1
sound2/sound/pc2/assassin/skill/gwangyeok_5.mss	sound/pc2/assassin/skill/gwangyeok_5.mss	1
sound2/sound/pc2/assassin/skill/gyeonggong_2.mss	sound/pc2/assassin/skill/gyeonggong_2.mss	1
sound2/sound/pc2/assassin/skill/hwajo.mss	sound/pc2/assassin/skill/hwajo.mss	1
sound2/sound/pc2/assassin/skill/sangong.mss	sound/pc2/assassin/skill/sangong.mss	1
sound2/sound/pc2/assassin/skill/hwajo_2.mss	sound/pc2/assassin/skill/hwajo_2.mss	1
sound2/sound/pc2/sura/action/cheers_2.mss	sound/pc2/sura/action/cheers_2.mss	1
sound2/sound/pc2/assassin/skill/hwajo_3.mss	sound/pc2/assassin/skill/hwajo_3.mss	1
sound2/sound/pc2/assassin/skill/kwangyuksool.wav	sound/pc2/assassin/skill/kwangyuksool.wav	1
sound2/sound/pc2/warrior/general/dig.mss	sound/pc2/warrior/general/dig.mss	1
sound2/sound/pc2/assassin/skill/poison_cloud.mss	sound/pc2/assassin/skill/poison_cloud.mss	1
sound2/sound/pc2/assassin/skill/samgongboon.wav	sound/pc2/assassin/skill/samgongboon.wav	1
sound2/sound/pc2/assassin/skill/sangong_2.mss	sound/pc2/assassin/skill/sangong_2.mss	1
sound2/sound/pc2/sura/skill/suragumpung.wav	sound/pc2/sura/skill/suragumpung.wav	1
sound2/sound/pc2/assassin/skill/sangong_4.mss	sound/pc2/assassin/skill/sangong_4.mss	1
sound2/sound/pc2/shaman/general/attack2.wav	sound/pc2/shaman/general/attack2.wav	1
sound2/sound/pc2/assassin/skill/seomjeon.mss	sound/pc2/assassin/skill/seomjeon.mss	1
sound2/sound/pc2/warrior/general/damage_flying.mss	sound/pc2/warrior/general/damage_flying.mss	1
sound2/sound/pc2/shaman/intro/selected.wav	sound/pc2/shaman/intro/selected.wav	1
sound2/sound/pc2/assassin/skill/seomjeon_5.mss	sound/pc2/assassin/skill/seomjeon_5.mss	1
sound2/sound/pc2/assassin/skill/sumjingum.wav	sound/pc2/assassin/skill/sumjingum.wav	1
sound2/sound/pc2/shaman/fan/damage_1.mss	sound/pc2/shaman/fan/damage_1.mss	1
sound2/sound/pc2/assassin/skill/yeonsa_2.mss	sound/pc2/assassin/skill/yeonsa_2.mss	1
sound2/sound/pc2/shaman/fan/combo_01.mss	sound/pc2/shaman/fan/combo_01.mss	1
sound2/sound/pc2/assassin/skill/yeonsa_3.mss	sound/pc2/assassin/skill/yeonsa_3.mss	1
sound2/sound/pc2/assassin/skill/yernsa.wav	sound/pc2/assassin/skill/yernsa.wav	1
sound2/sound/pc2/introsound/1.sfk	sound/pc2/introsound/1.sfk	1
sound2/sound/pc2/introsound/1.wav	sound/pc2/introsound/1.wav	1
sound2/sound/pc2/shaman/skill/byeorak_5.mss	sound/pc2/shaman/skill/byeorak_5.mss	1
sound2/sound/pc2/introsound/2.wav	sound/pc2/introsound/2.wav	1
sound2/sound/pc2/shaman/action/clap.mss	sound/pc2/shaman/action/clap.mss	1
sound2/sound/pc2/shaman/action/french_kiss_with_warrior.mss	sound/pc2/shaman/action/french_kiss_with_warrior.mss	1
sound2/sound/pc2/warrior/skill/daejin.mss	sound/pc2/warrior/skill/daejin.mss	1
sound2/sound/pc2/shaman/action/kiss_with_warrior.mss	sound/pc2/shaman/action/kiss_with_warrior.mss	1
sound2/sound/pc2/shaman/action/su_cheer2.wav	sound/pc2/shaman/action/su_cheer2.wav	1
sound2/sound/pc2/sura/action/kiss_with_sura.mss	sound/pc2/sura/action/kiss_with_sura.mss	1
sound2/sound/pc2/warrior/action/slap_hit.mss	sound/pc2/warrior/action/slap_hit.mss	1
sound2/sound/pc2/sura/action/french_kiss_with_assassin.mss	sound/pc2/sura/action/french_kiss_with_assassin.mss	1
sound2/sound/pc2/shaman/bell/combo5.wav	sound/pc2/shaman/bell/combo5.wav	1
sound2/sound/pc2/shaman/bell/combo6.wav	sound/pc2/shaman/bell/combo6.wav	1
sound2/sound/pc2/shaman/bell/combo7.wav	sound/pc2/shaman/bell/combo7.wav	1
sound2/sound/pc2/shaman/bell/combo_02.mss	sound/pc2/shaman/bell/combo_02.mss	1
sound2/sound/pc2/shaman/bell/combo_03.mss	sound/pc2/shaman/bell/combo_03.mss	1
sound2/sound/pc2/shaman/bell/combo_04.mss	sound/pc2/shaman/bell/combo_04.mss	1
sound2/sound/pc2/shaman/bell/combo_05.mss	sound/pc2/shaman/bell/combo_05.mss	1
sound2/sound/pc2/shaman/bell/damage_2.mss	sound/pc2/shaman/bell/damage_2.mss	1
sound2/sound/pc2/shaman/bell/damage_3.mss	sound/pc2/shaman/bell/damage_3.mss	1
sound2/sound/pc2/shaman/bell/damage_4.mss	sound/pc2/shaman/bell/damage_4.mss	1
sound2/sound/pc2/shaman/bell/rampage.mss	sound/pc2/shaman/bell/rampage.mss	1
sound2/sound/pc2/shaman/bell/run.mss	sound/pc2/shaman/bell/run.mss	1
sound2/sound/pc2/shaman/bell/walk.mss	sound/pc2/shaman/bell/walk.mss	1
sound2/sound/pc2/shaman/general/pick_up.mss	sound/pc2/shaman/general/pick_up.mss	1
sound2/sound/pc2/shaman/fan/combo1.wav	sound/pc2/shaman/fan/combo1.wav	1
sound2/sound/pc2/shaman/general/walk.mss	sound/pc2/shaman/general/walk.mss	1
sound2/sound/pc2/shaman/fan/combo2.wav	sound/pc2/shaman/fan/combo2.wav	1
sound2/sound/pc2/shaman/fan/combo6.wav	sound/pc2/shaman/fan/combo6.wav	1
sound2/sound/pc2/shaman/fan/combo7.wav	sound/pc2/shaman/fan/combo7.wav	1
sound2/sound/pc2/shaman/fan/combo_02.mss	sound/pc2/shaman/fan/combo_02.mss	1
sound2/sound/pc2/sura/action/slap_hit.mss	sound/pc2/sura/action/slap_hit.mss	1
sound2/sound/pc2/shaman/fan/combo_07.mss	sound/pc2/shaman/fan/combo_07.mss	1
sound2/sound/pc2/shaman/fan/damage_3.mss	sound/pc2/shaman/fan/damage_3.mss	1
sound2/sound/pc2/shaman/skill/chojunboo.wav	sound/pc2/shaman/skill/chojunboo.wav	1
sound2/sound/pc2/shaman/fan/damage_4.mss	sound/pc2/shaman/fan/damage_4.mss	1
sound2/sound/pc2/shaman/fan/rampage.mss	sound/pc2/shaman/fan/rampage.mss	1
sound2/sound/pc2/shaman/fishing/casting_fail.wav	sound/pc2/shaman/fishing/casting_fail.wav	1
sound2/sound/pc2/shaman/skill/boho_me.mss	sound/pc2/shaman/skill/boho_me.mss	1
sound2/sound/pc2/shaman/fishing/casting_success.wav	sound/pc2/shaman/fishing/casting_success.wav	1
sound2/sound/pc2/warrior/fishing/casting.wav	sound/pc2/warrior/fishing/casting.wav	1
sound2/sound/pc2/shaman/fishing/fishing_catch.mss	sound/pc2/shaman/fishing/fishing_catch.mss	1
sound2/sound/pc2/shaman/fishing/fishing_fail.mss	sound/pc2/shaman/fishing/fishing_fail.mss	1
sound2/sound/pc2/sura/skill/tusok_4.mss	sound/pc2/sura/skill/tusok_4.mss	1
sound2/sound/pc2/shaman/fishing/run.mss	sound/pc2/shaman/fishing/run.mss	1
sound2/sound/pc2/shaman/fishing/walk.mss	sound/pc2/shaman/fishing/walk.mss	1
sound2/sound/pc2/shaman/general/attack.mss	sound/pc2/shaman/general/attack.mss	1
sound2/sound/pc2/warrior/onehand_sword/combo1.wav	sound/pc2/warrior/onehand_sword/combo1.wav	1
sound2/sound/pc2/shaman/general/backdamage_flying.wav	sound/pc2/shaman/general/backdamage_flying.wav	1
sound2/sound/pc2/shaman/skill/kwaesok_me.mss	sound/pc2/shaman/skill/kwaesok_me.mss	1
sound2/sound/pc2/shaman/general/damage_1.mss	sound/pc2/shaman/general/damage_1.mss	1
sound2/sound/pc2/shaman/general/damage_2.mss	sound/pc2/shaman/general/damage_2.mss	1
sound2/sound/pc2/shaman/general/damage_3.mss	sound/pc2/shaman/general/damage_3.mss	1
sound2/sound/pc2/shaman/skill/jeunghon_target.mss	sound/pc2/shaman/skill/jeunghon_target.mss	1
sound2/sound/pc2/shaman/horse/damage.mss	sound/pc2/shaman/horse/damage.mss	1
sound2/sound/pc2/shaman/horse/dead.mss	sound/pc2/shaman/horse/dead.mss	1
sound2/sound/pc2/warrior/horse/run.mss	sound/pc2/warrior/horse/run.mss	1
sound2/sound/pc2/shaman/horse/skill_splash.mss	sound/pc2/shaman/horse/skill_splash.mss	1
sound2/sound/pc2/shaman/horse/walk.mss	sound/pc2/shaman/horse/walk.mss	1
sound2/sound/pc2/shaman/horse_fan/skill_wildattack.mss	sound/pc2/shaman/horse_fan/skill_wildattack.mss	1
sound2/sound/pc2/shaman/skill/bipabu_5.mss	sound/pc2/shaman/skill/bipabu_5.mss	1
sound2/sound/pc2/sura/action/kiss_with_warrior.mss	sound/pc2/sura/action/kiss_with_warrior.mss	1
sound2/sound/pc2/shaman/skill/boho_2.mss	sound/pc2/shaman/skill/boho_2.mss	1
sound2/sound/pc2/shaman/skill/byeorak_4.mss	sound/pc2/shaman/skill/byeorak_4.mss	1
sound2/sound/pc2/warrior/onehand_sword/pick_up.mss	sound/pc2/warrior/onehand_sword/pick_up.mss	1
sound2/sound/pc2/sura/fishing/casting_success.wav	sound/pc2/sura/fishing/casting_success.wav	1
sound2/sound/pc2/shaman/skill/chojeon.mss	sound/pc2/shaman/skill/chojeon.mss	1
sound2/sound/pc2/shaman/skill/daejeongeop_me.mss	sound/pc2/shaman/skill/daejeongeop_me.mss	1
sound2/sound/pc2/shaman/skill/gicheon_4.mss	sound/pc2/shaman/skill/gicheon_4.mss	1
sound2/sound/pc2/warrior/skill/noegeom.mss	sound/pc2/warrior/skill/noegeom.mss	1
sound2/sound/pc2/sura/onehand_sword/combo_07.mss	sound/pc2/sura/onehand_sword/combo_07.mss	1
sound2/sound/pc2/shaman/skill/gicheon_target.mss	sound/pc2/shaman/skill/gicheon_target.mss	1
sound2/sound/pc2/shaman/skill/gungupin.wav	sound/pc2/shaman/skill/gungupin.wav	1
sound2/sound/pc2/sura/skill/maryung.wav	sound/pc2/sura/skill/maryung.wav	1
sound2/sound/pc2/shaman/skill/gwihwan.mss	sound/pc2/shaman/skill/gwihwan.mss	1
sound2/sound/pc2/shaman/skill/hosin_2.mss	sound/pc2/shaman/skill/hosin_2.mss	1
sound2/sound/pc2/shaman/skill/hosin_4.mss	sound/pc2/shaman/skill/hosin_4.mss	1
sound2/sound/pc2/shaman/skill/hosin_me.mss	sound/pc2/shaman/skill/hosin_me.mss	1
sound2/sound/pc2/shaman/skill/hosin_target.mss	sound/pc2/shaman/skill/hosin_target.mss	1
sound2/sound/pc2/shaman/skill/inmahabsin.wav	sound/pc2/shaman/skill/inmahabsin.wav	1
sound2/sound/pc2/shaman/skill/jeongeop.mss	sound/pc2/shaman/skill/jeongeop.mss	1
sound2/sound/pc2/warrior/onehand_sword/damage_4.mss	sound/pc2/warrior/onehand_sword/damage_4.mss	1
sound2/sound/pc2/shaman/skill/jeongeop_3.mss	sound/pc2/shaman/skill/jeongeop_3.mss	1
sound2/sound/pc2/warrior/skill/geompung_3.mss	sound/pc2/warrior/skill/geompung_3.mss	1
sound2/sound/pc2/shaman/skill/jeungche_me.mss	sound/pc2/shaman/skill/jeungche_me.mss	1
sound2/sound/pc2/shaman/skill/jeunghon_me.mss	sound/pc2/shaman/skill/jeunghon_me.mss	1
sound2/sound/pc2/shaman/skill/jeungryeok_2.mss	sound/pc2/shaman/skill/jeungryeok_2.mss	1
sound2/sound/pc2/warrior/general/damage_1.mss	sound/pc2/warrior/general/damage_1.mss	1
sound2/sound/pc2/shaman/skill/jeungryeok_4.mss	sound/pc2/shaman/skill/jeungryeok_4.mss	1
sound2/sound/pc2/warrior/action/a_cheer3.wav	sound/pc2/warrior/action/a_cheer3.wav	1
sound2/sound/pc2/shaman/skill/jeungryeok_5.mss	sound/pc2/shaman/skill/jeungryeok_5.mss	1
sound2/sound/pc2/shaman/skill/jeungryeok_me.mss	sound/pc2/shaman/skill/jeungryeok_me.mss	1
sound2/sound/pc2/shaman/skill/jeungryeok_target.mss	sound/pc2/shaman/skill/jeungryeok_target.mss	1
sound2/sound/pc2/shaman/skill/kwaesok_4.mss	sound/pc2/shaman/skill/kwaesok_4.mss	1
sound2/sound/pc2/shaman/skill/kwaesok_5.mss	sound/pc2/shaman/skill/kwaesok_5.mss	1
sound2/sound/pc2/shaman/skill/noejeon.mss	sound/pc2/shaman/skill/noejeon.mss	1
sound2/sound/pc2/shaman/skill/noejeon_3.mss	sound/pc2/shaman/skill/noejeon_3.mss	1
sound2/sound/pc2/sura/skill/gwigeom_3.mss	sound/pc2/sura/skill/gwigeom_3.mss	1
sound2/sound/pc2/shaman/skill/noejeon_5.mss	sound/pc2/shaman/skill/noejeon_5.mss	1
sound2/sound/pc2/shaman/skill/paeryong.mss	sound/pc2/shaman/skill/paeryong.mss	1
sound2/sound/pc2/shaman/skill/paeryong_3.mss	sound/pc2/shaman/skill/paeryong_3.mss	1
sound2/sound/pc2/shaman/skill/targetme2.wav	sound/pc2/shaman/skill/targetme2.wav	1
sound2/sound/pc2/warrior/skill/gyeoksan_3.mss	sound/pc2/warrior/skill/gyeoksan_3.mss	1
sound2/sound/pc2/shaman/skill/paeryong_4.mss	sound/pc2/shaman/skill/paeryong_4.mss	1
sound2/sound/pc2/shaman/skill/paeryongpog.wav	sound/pc2/shaman/skill/paeryongpog.wav	1
sound2/sound/pc2/shaman/skill/pokroe_3.mss	sound/pc2/shaman/skill/pokroe_3.mss	1
sound2/sound/pc2/shaman/skill/pokroe_5.mss	sound/pc2/shaman/skill/pokroe_5.mss	1
sound2/sound/pc2/shaman/skill/suho.mss	sound/pc2/shaman/skill/suho.mss	1
sound2/sound/pc2/shaman/skill/target2.wav	sound/pc2/shaman/skill/target2.wav	1
sound2/sound/pc2/shaman/skill/wonsin_target.mss	sound/pc2/shaman/skill/wonsin_target.mss	1
sound2/sound/pc2/shaman/skill/yongpa.mss	sound/pc2/shaman/skill/yongpa.mss	1
sound2/sound/pc2/shaman/skill/yongsin.mss	sound/pc2/shaman/skill/yongsin.mss	1
sound2/sound/pc2/shaman/skill/yongsintooho.wav	sound/pc2/shaman/skill/yongsintooho.wav	1
sound2/sound/pc2/sura/action/cheers_1.mss	sound/pc2/sura/action/cheers_1.mss	1
sound2/sound/pc2/sura/action/french_kiss_with_shaman.mss	sound/pc2/sura/action/french_kiss_with_shaman.mss	1
sound2/sound/pc2/sura/action/french_kiss_with_sura.mss	sound/pc2/sura/action/french_kiss_with_sura.mss	1
sound2/sound/pc2/sura/action/french_kiss_with_warrior.mss	sound/pc2/sura/action/french_kiss_with_warrior.mss	1
sound2/sound/pc2/sura/action/sura_cheer1.wav	sound/pc2/sura/action/sura_cheer1.wav	1
sound2/sound/pc2/sura/fishing/casting.wav	sound/pc2/sura/fishing/casting.wav	1
sound2/sound/pc2/sura/fishing/casting_fail.wav	sound/pc2/sura/fishing/casting_fail.wav	1
sound2/sound/pc2/sura/fishing/fishing_cancel.mss	sound/pc2/sura/fishing/fishing_cancel.mss	1
sound2/sound/pc2/sura/fishing/fishing_catch.mss	sound/pc2/sura/fishing/fishing_catch.mss	1
sound2/sound/pc2/sura/fishing/throw.mss	sound/pc2/sura/fishing/throw.mss	1
sound2/sound/pc2/sura/general/attack.mss	sound/pc2/sura/general/attack.mss	1
sound2/sound/pc2/sura/general/attack_1.mss	sound/pc2/sura/general/attack_1.mss	1
sound2/sound/pc2/sura/skill/muyeong_4.mss	sound/pc2/sura/skill/muyeong_4.mss	1
sound2/sound/pc2/sura/general/backdamage_flying.wav	sound/pc2/sura/general/backdamage_flying.wav	1
sound2/sound/pc2/sura/general/damage.mss	sound/pc2/sura/general/damage.mss	1
sound2/sound/pc2/sura/general/damage1.wav	sound/pc2/sura/general/damage1.wav	1
sound2/sound/pc2/sura/general/damage3.wav	sound/pc2/sura/general/damage3.wav	1
sound2/sound/pc2/sura/general/damage4.wav	sound/pc2/sura/general/damage4.wav	1
sound2/sound/pc2/sura/general/damage_3.mss	sound/pc2/sura/general/damage_3.mss	1
sound2/sound/pc2/sura/general/damage_4.mss	sound/pc2/sura/general/damage_4.mss	1
sound2/sound/pc2/sura/general/damage_flying.wav	sound/pc2/sura/general/damage_flying.wav	1
sound2/sound/pc2/sura/general/dead.mss	sound/pc2/sura/general/dead.mss	1
sound2/sound/pc2/sura/general/dead.wav	sound/pc2/sura/general/dead.wav	1
sound2/sound/pc2/sura/general/dig.mss	sound/pc2/sura/general/dig.mss	1
sound2/sound/pc2/warrior/onehand_sword/attack.mss	sound/pc2/warrior/onehand_sword/attack.mss	1
sound2/sound/pc2/sura/general/pick_up.mss	sound/pc2/sura/general/pick_up.mss	1
sound2/sound/pc2/warrior/onehand_sword/damage_3.mss	sound/pc2/warrior/onehand_sword/damage_3.mss	1
sound2/sound/pc2/sura/general/run.mss	sound/pc2/sura/general/run.mss	1
sound2/sound/pc2/sura/horse/dead.mss	sound/pc2/sura/horse/dead.mss	1
sound2/sound/pc2/sura/horse/run.mss	sound/pc2/sura/horse/run.mss	1
sound2/sound/pc2/sura/horse/skill_charge.mss	sound/pc2/sura/horse/skill_charge.mss	1
sound2/sound/pc2/sura/horse/skill_splash.mss	sound/pc2/sura/horse/skill_splash.mss	1
sound2/sound/pc2/sura/horse/walk.mss	sound/pc2/sura/horse/walk.mss	1
sound2/sound/pc2/sura/horse_onehand_sword/skill_wildattack.mss	sound/pc2/sura/horse_onehand_sword/skill_wildattack.mss	1
sound2/sound/pc2/sura/intro/selected.wav	sound/pc2/sura/intro/selected.wav	1
sound2/sound/pc2/sura/onehand_sword/combo1.wav	sound/pc2/sura/onehand_sword/combo1.wav	1
sound2/sound/pc2/sura/onehand_sword/combo2.wav	sound/pc2/sura/onehand_sword/combo2.wav	1
sound2/sound/pc2/warrior/skill/qaegumsool.wav	sound/pc2/warrior/skill/qaegumsool.wav	1
sound2/sound/pc2/sura/onehand_sword/combo3.wav	sound/pc2/sura/onehand_sword/combo3.wav	1
sound2/sound/pc2/sura/skill/geongon.mss	sound/pc2/sura/skill/geongon.mss	1
sound2/sound/pc2/sura/onehand_sword/combo4.wav	sound/pc2/sura/onehand_sword/combo4.wav	1
sound2/sound/pc2/sura/onehand_sword/combo5.wav	sound/pc2/sura/onehand_sword/combo5.wav	1
sound2/sound/pc2/sura/onehand_sword/combo6.wav	sound/pc2/sura/onehand_sword/combo6.wav	1
sound2/sound/pc2/sura/onehand_sword/combo7.wav	sound/pc2/sura/onehand_sword/combo7.wav	1
sound2/sound/pc2/sura/onehand_sword/combo_02.mss	sound/pc2/sura/onehand_sword/combo_02.mss	1
sound2/sound/pc2/sura/onehand_sword/combo_03.mss	sound/pc2/sura/onehand_sword/combo_03.mss	1
sound2/sound/pc2/sura/onehand_sword/combo_05.mss	sound/pc2/sura/onehand_sword/combo_05.mss	1
sound2/sound/pc2/sura/onehand_sword/damage_2.mss	sound/pc2/sura/onehand_sword/damage_2.mss	1
sound2/sound/pc2/sura/onehand_sword/pick_up.mss	sound/pc2/sura/onehand_sword/pick_up.mss	1
sound2/sound/pc2/sura/onehand_sword/run.mss	sound/pc2/sura/onehand_sword/run.mss	1
sound2/sound/pc2/sura/skill/gongpo_3.mss	sound/pc2/sura/skill/gongpo_3.mss	1
sound2/sound/pc2/sura/skill/gongpo_5.mss	sound/pc2/sura/skill/gongpo_5.mss	1
sound2/sound/pc2/sura/skill/gungonchihwan.wav	sound/pc2/sura/skill/gungonchihwan.wav	1
sound2/sound/pc2/sura/skill/gwegum.wav	sound/pc2/sura/skill/gwegum.wav	1
sound2/sound/pc2/sura/skill/gwigeom.mss	sound/pc2/sura/skill/gwigeom.mss	1
sound2/sound/pc2/sura/skill/gwigeom_2.mss	sound/pc2/sura/skill/gwigeom_2.mss	1
sound2/sound/pc2/sura/skill/heuksin.mss	sound/pc2/sura/skill/heuksin.mss	1
sound2/sound/pc2/sura/skill/heuksin_4.mss	sound/pc2/sura/skill/heuksin_4.mss	1
sound2/sound/pc2/sura/skill/heuksin_5.mss	sound/pc2/sura/skill/heuksin_5.mss	1
sound2/sound/pc2/sura/skill/hwayeom.mss	sound/pc2/sura/skill/hwayeom.mss	1
sound2/sound/pc2/sura/skill/hwayeom_2.mss	sound/pc2/sura/skill/hwayeom_2.mss	1
sound2/sound/pc2/sura/skill/hwayeom_5.mss	sound/pc2/sura/skill/hwayeom_5.mss	1
sound2/sound/pc2/sura/skill/hwayoumpog.wav	sound/pc2/sura/skill/hwayoumpog.wav	1
sound2/sound/pc2/warrior/skill/cheongeun_2.mss	sound/pc2/warrior/skill/cheongeun_2.mss	1
sound2/sound/pc2/sura/skill/hyeolhwan.mss	sound/pc2/sura/skill/hyeolhwan.mss	1
sound2/sound/pc2/sura/skill/hyeolma.mss	sound/pc2/sura/skill/hyeolma.mss	1
sound2/sound/pc2/sura/skill/swaeryeong_4.mss	sound/pc2/sura/skill/swaeryeong_4.mss	1
sound2/sound/pc2/sura/skill/hyulhwanjungbub.wav	sound/pc2/sura/skill/hyulhwanjungbub.wav	1
sound2/sound/pc2/sura/skill/ihyeol.mss	sound/pc2/sura/skill/ihyeol.mss	1
sound2/sound/pc2/sura/skill/johon.mss	sound/pc2/sura/skill/johon.mss	1
sound2/sound/pc2/sura/skill/jumagab.wav	sound/pc2/sura/skill/jumagab.wav	1
sound2/sound/pc2/sura/skill/jumagap.mss	sound/pc2/sura/skill/jumagap.mss	1
sound2/sound/pc2/sura/skill/jumagap_2.mss	sound/pc2/sura/skill/jumagap_2.mss	1
sound2/sound/pc2/sura/skill/jumagap_3.mss	sound/pc2/sura/skill/jumagap_3.mss	1
sound2/sound/pc2/sura/skill/jumagap_4.mss	sound/pc2/sura/skill/jumagap_4.mss	1
sound2/sound/pc2/warrior/twohand_sword/combo5.wav	sound/pc2/warrior/twohand_sword/combo5.wav	1
sound2/sound/pc2/sura/skill/leehyulsool.wav	sound/pc2/sura/skill/leehyulsool.wav	1
sound2/sound/pc2/sura/skill/mahwan.mss	sound/pc2/sura/skill/mahwan.mss	1
sound2/sound/pc2/sura/skill/mahwan_2.mss	sound/pc2/sura/skill/mahwan_2.mss	1
sound2/sound/pc2/sura/skill/mahwan_3.mss	sound/pc2/sura/skill/mahwan_3.mss	1
sound2/sound/pc2/sura/skill/mahwan_4.mss	sound/pc2/sura/skill/mahwan_4.mss	1
sound2/sound/pc2/sura/skill/mahwan_5.mss	sound/pc2/sura/skill/mahwan_5.mss	1
sound2/sound/pc2/sura/skill/maryeong.mss	sound/pc2/sura/skill/maryeong.mss	1
sound2/sound/pc2/sura/skill/maryeong_3.mss	sound/pc2/sura/skill/maryeong_3.mss	1
sound2/sound/pc2/sura/skill/muyeong_3.mss	sound/pc2/sura/skill/muyeong_3.mss	1
sound2/sound/pc2/sura/skill/muyeong_5.mss	sound/pc2/sura/skill/muyeong_5.mss	1
sound2/sound/pc2/sura/skill/pabeop.mss	sound/pc2/sura/skill/pabeop.mss	1
sound2/sound/pc2/sura/skill/pabeop_3.mss	sound/pc2/sura/skill/pabeop_3.mss	1
sound2/sound/pc2/sura/skill/pabeop_4.mss	sound/pc2/sura/skill/pabeop_4.mss	1
sound2/sound/pc2/sura/skill/pabubsool.wav	sound/pc2/sura/skill/pabubsool.wav	1
sound2/sound/pc2/sura/skill/ryonggyunpa.wav	sound/pc2/sura/skill/ryonggyunpa.wav	1
sound2/sound/pc2/sura/skill/swaeryeong.mss	sound/pc2/sura/skill/swaeryeong.mss	1
sound2/sound/pc2/sura/skill/swaeryeong_5.mss	sound/pc2/sura/skill/swaeryeong_5.mss	1
sound2/sound/pc2/sura/skill/tusok_3.mss	sound/pc2/sura/skill/tusok_3.mss	1
sound2/sound/pc2/sura/skill/yonggwon.mss	sound/pc2/sura/skill/yonggwon.mss	1
sound2/sound/pc2/sura/skill/yonggwon_2.mss	sound/pc2/sura/skill/yonggwon_2.mss	1
sound2/sound/pc2/sura/skill/yonggwon_3.mss	sound/pc2/sura/skill/yonggwon_3.mss	1
sound2/sound/pc2/sura/skill/yonggwon_5.mss	sound/pc2/sura/skill/yonggwon_5.mss	1
sound2/sound/pc2/warrior/action/a_cheer1.wav	sound/pc2/warrior/action/a_cheer1.wav	1
sound2/sound/pc2/warrior/action/a_cheer2.wav	sound/pc2/warrior/action/a_cheer2.wav	1
sound2/sound/pc2/warrior/action/cheers_1.mss	sound/pc2/warrior/action/cheers_1.mss	1
sound2/sound/pc2/warrior/action/cheers_2.mss	sound/pc2/warrior/action/cheers_2.mss	1
sound2/sound/pc2/warrior/action/clap.mss	sound/pc2/warrior/action/clap.mss	1
sound2/sound/pc2/warrior/action/kiss_with_sura.mss	sound/pc2/warrior/action/kiss_with_sura.mss	1
sound2/sound/pc2/warrior/action/french_kiss_with_assassin.mss	sound/pc2/warrior/action/french_kiss_with_assassin.mss	1
sound2/sound/pc2/warrior/action/french_kiss_with_sura.mss	sound/pc2/warrior/action/french_kiss_with_sura.mss	1
sound2/sound/pc2/warrior/action/french_kiss_with_warrior.mss	sound/pc2/warrior/action/french_kiss_with_warrior.mss	1
sound2/sound/pc2/warrior/action/kiss_with_shaman.mss	sound/pc2/warrior/action/kiss_with_shaman.mss	1
sound2/sound/pc2/warrior/action/kiss_with_warrior.mss	sound/pc2/warrior/action/kiss_with_warrior.mss	1
sound2/sound/pc2/warrior/fishing/casting_fail.wav	sound/pc2/warrior/fishing/casting_fail.wav	1
sound2/sound/pc2/warrior/fishing/casting_success.wav	sound/pc2/warrior/fishing/casting_success.wav	1
sound2/sound/pc2/warrior/fishing/fishing_fail.mss	sound/pc2/warrior/fishing/fishing_fail.mss	1
sound2/sound/pc2/warrior/skill/palbang_4.mss	sound/pc2/warrior/skill/palbang_4.mss	1
sound2/sound/pc2/warrior/fishing/run.mss	sound/pc2/warrior/fishing/run.mss	1
sound2/sound/pc2/warrior/fishing/throw.mss	sound/pc2/warrior/fishing/throw.mss	1
sound2/sound/pc2/warrior/fishing/walk.mss	sound/pc2/warrior/fishing/walk.mss	1
sound2/sound/pc2/warrior/general/attack.mss	sound/pc2/warrior/general/attack.mss	1
sound2/sound/pc2/warrior/general/attack1.wav	sound/pc2/warrior/general/attack1.wav	1
sound2/sound/pc2/warrior/general/attack2.wav	sound/pc2/warrior/general/attack2.wav	1
sound2/sound/pc2/warrior/general/attack_1.mss	sound/pc2/warrior/general/attack_1.mss	1
sound2/sound/pc2/warrior/general/back_damage_flying.mss	sound/pc2/warrior/general/back_damage_flying.mss	1
sound2/sound/pc2/warrior/general/backdamage_flying.wav	sound/pc2/warrior/general/backdamage_flying.wav	1
sound2/sound/pc2/warrior/general/damage.mss	sound/pc2/warrior/general/damage.mss	1
sound2/sound/pc2/warrior/general/damage1.wav	sound/pc2/warrior/general/damage1.wav	1
sound2/sound/pc2/warrior/general/damage2.wav	sound/pc2/warrior/general/damage2.wav	1
sound2/sound/pc2/warrior/general/damage_3.mss	sound/pc2/warrior/general/damage_3.mss	1
sound2/sound/pc2/warrior/general/damage_4.mss	sound/pc2/warrior/general/damage_4.mss	1
sound2/sound/pc2/warrior/general/damage_flying.wav	sound/pc2/warrior/general/damage_flying.wav	1
sound2/sound/pc2/warrior/general/dead.mss	sound/pc2/warrior/general/dead.mss	1
sound2/sound/pc2/warrior/general/dead.wav	sound/pc2/warrior/general/dead.wav	1
sound2/sound/pc2/warrior/general/pick_up.mss	sound/pc2/warrior/general/pick_up.mss	1
sound2/sound/pc2/warrior/horse/walk.mss	sound/pc2/warrior/horse/walk.mss	1
sound2/sound/pc2/warrior/horse_twohand_sword/skill_splash.mss	sound/pc2/warrior/horse_twohand_sword/skill_splash.mss	1
sound2/sound/pc2/warrior/horse_twohand_sword/skill_wildattack.mss	sound/pc2/warrior/horse_twohand_sword/skill_wildattack.mss	1
sound2/sound/pc2/warrior/onehand_sword/attack_2.mss	sound/pc2/warrior/onehand_sword/attack_2.mss	1
sound2/sound/pc2/warrior/onehand_sword/combo2.wav	sound/pc2/warrior/onehand_sword/combo2.wav	1
sound2/sound/pc2/warrior/onehand_sword/combo3.wav	sound/pc2/warrior/onehand_sword/combo3.wav	1
sound2/sound/pc2/warrior/onehand_sword/combo5.wav	sound/pc2/warrior/onehand_sword/combo5.wav	1
sound2/sound/pc2/warrior/onehand_sword/combo6.wav	sound/pc2/warrior/onehand_sword/combo6.wav	1
sound2/sound/pc2/warrior/skill/gyeoksan_4.mss	sound/pc2/warrior/skill/gyeoksan_4.mss	1
sound2/sound/pc2/warrior/onehand_sword/combo7.wav	sound/pc2/warrior/onehand_sword/combo7.wav	1
sound2/sound/pc2/warrior/onehand_sword/combo_02.mss	sound/pc2/warrior/onehand_sword/combo_02.mss	1
sound2/sound/pc2/warrior/onehand_sword/combo_03.mss	sound/pc2/warrior/onehand_sword/combo_03.mss	1
sound2/sound/pc2/warrior/onehand_sword/combo_04.mss	sound/pc2/warrior/onehand_sword/combo_04.mss	1
sound2/sound/pc2/warrior/onehand_sword/combo_05.mss	sound/pc2/warrior/onehand_sword/combo_05.mss	1
sound2/sound/pc2/warrior/onehand_sword/combo_06.mss	sound/pc2/warrior/onehand_sword/combo_06.mss	1
sound2/sound/pc2/warrior/onehand_sword/combo_07.mss	sound/pc2/warrior/onehand_sword/combo_07.mss	1
sound2/sound/pc2/warrior/onehand_sword/damage.mss	sound/pc2/warrior/onehand_sword/damage.mss	1
sound2/sound/pc2/warrior/onehand_sword/damage_1.mss	sound/pc2/warrior/onehand_sword/damage_1.mss	1
sound2/sound/pc2/warrior/onehand_sword/run.mss	sound/pc2/warrior/onehand_sword/run.mss	1
sound2/sound/pc2/warrior/skill/cheongeun.mss	sound/pc2/warrior/skill/cheongeun.mss	1
sound2/sound/pc2/warrior/skill/cheongeun_3.mss	sound/pc2/warrior/skill/cheongeun_3.mss	1
sound2/sound/pc2/warrior/skill/cheongeun_4.mss	sound/pc2/warrior/skill/cheongeun_4.mss	1
sound2/sound/pc2/warrior/skill/cheongeun_5.mss	sound/pc2/warrior/skill/cheongeun_5.mss	1
sound2/sound/pc2/warrior/skill/daejin_2.mss	sound/pc2/warrior/skill/daejin_2.mss	1
sound2/sound/pc2/warrior/skill/daejin_3.mss	sound/pc2/warrior/skill/daejin_3.mss	1
sound2/sound/pc2/warrior/skill/daejin_4.mss	sound/pc2/warrior/skill/daejin_4.mss	1
sound2/sound/pc2/warrior/skill/daejingak.wav	sound/pc2/warrior/skill/daejingak.wav	1
sound2/sound/pc2/warrior/skill/geomgyeong.mss	sound/pc2/warrior/skill/geomgyeong.mss	1
sound2/sound/pc2/warrior/skill/geomgyeong_5.mss	sound/pc2/warrior/skill/geomgyeong_5.mss	1
sound2/sound/pc2/warrior/skill/geompung.mss	sound/pc2/warrior/skill/geompung.mss	1
sound2/sound/pc2/warrior/skill/geompung_4.mss	sound/pc2/warrior/skill/geompung_4.mss	1
sound2/sound/pc2/warrior/skill/geompung_5.mss	sound/pc2/warrior/skill/geompung_5.mss	1
sound2/sound/pc2/warrior/skill/gigongcham.mss	sound/pc2/warrior/skill/gigongcham.mss	1
sound2/sound/pc2/warrior/skill/gigongcham_2.mss	sound/pc2/warrior/skill/gigongcham_2.mss	1
sound2/sound/pc2/warrior/skill/gigongcham_3.mss	sound/pc2/warrior/skill/gigongcham_3.mss	1
sound2/sound/pc2/warrior/skill/gigongsul.mss	sound/pc2/warrior/skill/gigongsul.mss	1
sound2/sound/pc2/warrior/skill/gigongcham_4.mss	sound/pc2/warrior/skill/gigongcham_4.mss	1
sound2/sound/pc2/warrior/skill/gigongcham_5.mss	sound/pc2/warrior/skill/gigongcham_5.mss	1
sound2/sound/pc2/warrior/skill/gihyeol.mss	sound/pc2/warrior/skill/gihyeol.mss	1
sound2/sound/pc2/warrior/skill/gitoochihwan.wav	sound/pc2/warrior/skill/gitoochihwan.wav	1
sound2/sound/pc2/warrior/twohand_sword/combo_06.mss	sound/pc2/warrior/twohand_sword/combo_06.mss	1
sound2/sound/pc2/warrior/skill/gumgyung.wav	sound/pc2/warrior/skill/gumgyung.wav	1
sound2/sound/pc2/warrior/skill/gyeoksan.mss	sound/pc2/warrior/skill/gyeoksan.mss	1
sound2/sound/pc2/warrior/skill/gyeoksan_2.mss	sound/pc2/warrior/skill/gyeoksan_2.mss	1
sound2/sound/pc2/warrior/skill/gyeoksan_double.mss	sound/pc2/warrior/skill/gyeoksan_double.mss	1
sound2/sound/pc2/warrior/skill/gyukkongjang.wav	sound/pc2/warrior/skill/gyukkongjang.wav	1
sound2/sound/pc2/warrior/skill/gyuksantau.wav	sound/pc2/warrior/skill/gyuksantau.wav	1
sound2/sound/pc2/warrior/skill/jeongwi.mss	sound/pc2/warrior/skill/jeongwi.mss	1
sound2/sound/pc2/warrior/skill/jeongwi_2.mss	sound/pc2/warrior/skill/jeongwi_2.mss	1
sound2/sound/pc2/warrior/skill/jeongwi_3.mss	sound/pc2/warrior/skill/jeongwi_3.mss	1
sound2/sound/pc2/warrior/skill/jibjungbanga.wav	sound/pc2/warrior/skill/jibjungbanga.wav	1
sound2/sound/pc2/warrior/skill/jipjung.mss	sound/pc2/warrior/skill/jipjung.mss	1
sound2/sound/pc2/warrior/skill/jungyehon.wav	sound/pc2/warrior/skill/jungyehon.wav	1
sound2/sound/pc2/warrior/skill/junsinbanga.wav	sound/pc2/warrior/skill/junsinbanga.wav	1
sound2/sound/pc2/warrior/skill/musahon.wav	sound/pc2/warrior/skill/musahon.wav	1
sound2/sound/pc2/warrior/skill/palbang_2.mss	sound/pc2/warrior/skill/palbang_2.mss	1
sound2/sound/pc2/warrior/skill/palbang_3.mss	sound/pc2/warrior/skill/palbang_3.mss	1
sound2/sound/pc2/warrior/skill/palbang_5.mss	sound/pc2/warrior/skill/palbang_5.mss	1
sound2/sound/pc2/warrior/skill/sajahoo.wav	sound/pc2/warrior/skill/sajahoo.wav	1
sound2/sound/pc2/warrior/skill/samyeon_2.mss	sound/pc2/warrior/skill/samyeon_2.mss	1
sound2/sound/pc2/warrior/skill/samyeon_3.mss	sound/pc2/warrior/skill/samyeon_3.mss	1
sound2/sound/pc2/warrior/skill/tanhwan_3.mss	sound/pc2/warrior/skill/tanhwan_3.mss	1
sound2/sound/pc2/warrior/skill/tanhwan_4.mss	sound/pc2/warrior/skill/tanhwan_4.mss	1
sound2/sound/pc2/warrior/skill/tanwhan.wav	sound/pc2/warrior/skill/tanwhan.wav	1
sound2/sound/pc2/warrior/twohand_sword/combo1.wav	sound/pc2/warrior/twohand_sword/combo1.wav	1
sound2/sound/pc2/warrior/twohand_sword/combo2.wav	sound/pc2/warrior/twohand_sword/combo2.wav	1
sound2/sound/pc2/warrior/twohand_sword/combo3.wav	sound/pc2/warrior/twohand_sword/combo3.wav	1
sound2/sound/pc2/warrior/twohand_sword/combo6.wav	sound/pc2/warrior/twohand_sword/combo6.wav	1
sound2/sound/pc2/warrior/twohand_sword/combo_01.mss	sound/pc2/warrior/twohand_sword/combo_01.mss	1
sound2/sound/pc2/warrior/twohand_sword/combo_02.mss	sound/pc2/warrior/twohand_sword/combo_02.mss	1
sound2/sound/pc2/warrior/twohand_sword/combo_03.mss	sound/pc2/warrior/twohand_sword/combo_03.mss	1
sound2/sound/pc2/warrior/twohand_sword/combo_07.mss	sound/pc2/warrior/twohand_sword/combo_07.mss	1
sound2/sound/pc2/warrior/twohand_sword/damage.mss	sound/pc2/warrior/twohand_sword/damage.mss	1
sound2/sound/pc2/warrior/twohand_sword/rampage.mss	sound/pc2/warrior/twohand_sword/rampage.mss	1
sound2/sound/pc2/warrior/twohand_sword/walk.mss	sound/pc2/warrior/twohand_sword/walk.mss	1
