Zone/ymir work/zone/n/obj/map_n_desert_01/general_obj_woodbed.gr2	d:/ymir work/zone/n/obj/map_n_desert_01/general_obj_woodbed.gr2	0
Zone/ymir work/zone/b/obj/ob-bigstatue03.mdatr	d:/ymir work/zone/b/obj/ob-bigstatue03.mdatr	0
Zone/ymir work/zone/n/desert/desert-bigstone04_lod_01.gr2	d:/ymir work/zone/n/desert/desert-bigstone04_lod_01.gr2	0
Zone/ymir work/zone/b/obj/general_obj_fence01.mdatr	d:/ymir work/zone/b/obj/general_obj_fence01.mdatr	0
Zone/ymir work/zone/ghost/obj/general_obj_bigtower02_01.gr2	d:/ymir work/zone/ghost/obj/general_obj_bigtower02_01.gr2	0
Zone/ymir work/zone/b/building/b1s-002-inwall-01.dds	d:/ymir work/zone/b/building/b1s-002-inwall-01.dds	1
Zone/ymir work/zone/dungeon/thief_dungeon/thief_dungeon_gate.mdatr	d:/ymir work/zone/dungeon/thief_dungeon/thief_dungeon_gate.mdatr	0
Zone/ymir work/zone/n/obj/snow.m/general_obj_ferryboat01_lod_01.gr2	d:/ymir work/zone/n/obj/snow.m/general_obj_ferryboat01_lod_01.gr2	0
Zone/ymir work/zone/b/building/b1-038-wall-door.mdatr	d:/ymir work/zone/b/building/b1-038-wall-door.mdatr	0
Zone/ymir work/zone/dungeon/monkey_dungeon/20050218/monkey02_dungeon_cave04.gr2	d:/ymir work/zone/dungeon/monkey_dungeon/20050218/monkey02_dungeon_cave04.gr2	0
Zone/ymir work/zone/a/building/a1-001-house3.dds	d:/ymir work/zone/a/building/a1-001-house3.dds	1
Zone/ymir work/zone/n/icemount/n_snow_m_empiregate_01.gr2	d:/ymir work/zone/n/icemount/n_snow_m_empiregate_01.gr2	0
Zone/ymir work/zone/a/building/a1-010-bank-01.dds	d:/ymir work/zone/a/building/a1-010-bank-01.dds	1
Zone/ymir work/zone/b/obj/ob-11-01-skeletontower05.gr2	d:/ymir work/zone/b/obj/ob-11-01-skeletontower05.gr2	0
Zone/ymir work/zone/a/building/a1-004-house2.dds	d:/ymir work/zone/a/building/a1-004-house2.dds	1
Zone/ymir work/zone/dungeon/spider_dungeon/spider_dungeongate_up.mdatr	d:/ymir work/zone/dungeon/spider_dungeon/spider_dungeongate_up.mdatr	0
Zone/ymir work/zone/n/obj/snow.m/ob-bigstatue02.gr2	d:/ymir work/zone/n/obj/snow.m/ob-bigstatue02.gr2	0
Zone/ymir work/zone/dungeon/haven_dungeon/light_passic_bottom.dds	d:/ymir work/zone/dungeon/haven_dungeon/light_passic_bottom.dds	1
Zone/ymir work/zone/b/obj/ob-standganpan-04.mdatr	d:/ymir work/zone/b/obj/ob-standganpan-04.mdatr	0
Zone/ymir work/zone/b/obj/general_obj_bigtoewr03.mdatr	d:/ymir work/zone/b/obj/general_obj_bigtoewr03.mdatr	0
Zone/ymir work/zone/b/obj/ob-10-02-wall-lin2.gr2	d:/ymir work/zone/b/obj/ob-10-02-wall-lin2.gr2	0
Zone/ymir work/zone/n/obj/snow.m/snow-middledam-05.mdatr	d:/ymir work/zone/n/obj/snow.m/snow-middledam-05.mdatr	0
Zone/ymir work/zone/b/building/b1-bigdam-01.gr2	d:/ymir work/zone/b/building/b1-bigdam-01.gr2	0
Zone/ymir work/zone/a/building/a1-032-shamanhouse-1.dds	d:/ymir work/zone/a/building/a1-032-shamanhouse-1.dds	1
Zone/ymir work/zone/b/building/b1-008-house5-02.dds	d:/ymir work/zone/b/building/b1-008-house5-02.dds	1
Zone/ymir work/zone/b/obj/ob-tower01_03.gr2	d:/ymir work/zone/b/obj/ob-tower01_03.gr2	0
Zone/ymir work/zone/a/building/a1-middledam-01.dds	d:/ymir work/zone/a/building/a1-middledam-01.dds	1
Zone/ymir work/zone/c/building/c1-002-inwall-02.gr2	d:/ymir work/zone/c/building/c1-002-inwall-02.gr2	0
Zone/ymir work/zone/n/obj/snow.m/general_obj_bigstonegate.dds	d:/ymir work/zone/n/obj/snow.m/general_obj_bigstonegate.dds	1
Zone/ymir work/zone/b/obj/general_obj_brazier_01.dds	d:/ymir work/zone/b/obj/general_obj_brazier_01.dds	1
Zone/ymir work/zone/n/desert/desert-004-house2.gr2	d:/ymir work/zone/n/desert/desert-004-house2.gr2	0
Zone/ymir work/zone/b/obj/ob-11-01-skeletonwall01.gr2	d:/ymir work/zone/b/obj/ob-11-01-skeletonwall01.gr2	0
Zone/ymir work/zone/n/obj/snow.m/snow-middledam-02.gr2	d:/ymir work/zone/n/obj/snow.m/snow-middledam-02.gr2	0
Zone/ymir work/zone/a/building/a1-001-house3.gr2	d:/ymir work/zone/a/building/a1-001-house3.gr2	0
Zone/ymir work/zone/b/building/b1-middledam-06.mdatr	d:/ymir work/zone/b/building/b1-middledam-06.mdatr	0
Zone/ymir work/zone/b/obj/general_obj_watchtower03.mdatr	d:/ymir work/zone/b/obj/general_obj_watchtower03.mdatr	0
Zone/ymir work/zone/a/building/a1-004-house2.mdatr	d:/ymir work/zone/a/building/a1-004-house2.mdatr	0
Zone/ymir work/zone/n/obj/snow.m/snow_bigstone.dds	d:/ymir work/zone/n/obj/snow.m/snow_bigstone.dds	1
Zone/ymir work/zone/b/obj/grass01.tga	d:/ymir work/zone/b/obj/grass01.tga	1
Zone/ymir work/zone/n/obj/map_n_desert_01/general_obj_jar_blue02.gr2	d:/ymir work/zone/n/obj/map_n_desert_01/general_obj_jar_blue02.gr2	0
Zone/ymir work/zone/dungeon/old_resources picking zon/jhtest.gr2	d:/ymir work/zone/dungeon/old_resources picking zon/jhtest.gr2	0
Zone/ymir work/zone/n/obj/snow.m/snow-006-castle-01.dds	d:/ymir work/zone/n/obj/snow.m/snow-006-castle-01.dds	1
Zone/ymir work/zone/a/building/a1-010-bank_lod_01.gr2	d:/ymir work/zone/a/building/a1-010-bank_lod_01.gr2	0
Zone/ymir work/zone/a/building/a1-001-house3.mdatr	d:/ymir work/zone/a/building/a1-001-house3.mdatr	0
Zone/ymir work/zone/c/building/c1-013-6tower.mdatr	d:/ymir work/zone/c/building/c1-013-6tower.mdatr	0
Zone/ymir work/zone/b/obj/ob-tower01_01.gr2	d:/ymir work/zone/b/obj/ob-tower01_01.gr2	0
Zone/ymir work/zone/b/obj/general_obj_jar_red02.gr2	d:/ymir work/zone/b/obj/general_obj_jar_red02.gr2	0
Zone/ymir work/zone/b/obj/b_general_obj_05.mdatr	d:/ymir work/zone/b/obj/b_general_obj_05.mdatr	0
Zone/ymir work/zone/dungeon/monkey_dungeon/monkey_dungeon03_bridgelm.dds	d:/ymir work/zone/dungeon/monkey_dungeon/monkey_dungeon03_bridgelm.dds	1
Zone/ymir work/zone/dungeon/monkey_dungeon/20050218/monkey_dungeon_cave02.gr2	d:/ymir work/zone/dungeon/monkey_dungeon/20050218/monkey_dungeon_cave02.gr2	0
Zone/ymir work/zone/a/building/a1-008-house5-1.dds	d:/ymir work/zone/a/building/a1-008-house5-1.dds	1
Zone/ymir work/zone/b/obj/general_obj_target 01-01.gr2	d:/ymir work/zone/b/obj/general_obj_target 01-01.gr2	0
Zone/ymir work/zone/n/milgyo/milgyo_tower02.mdatr	d:/ymir work/zone/n/milgyo/milgyo_tower02.mdatr	0
Zone/ymir work/zone/a/building/a1-001-house3_lod_01.gr2	d:/ymir work/zone/a/building/a1-001-house3_lod_01.gr2	0
Zone/ymir work/zone/n/desert/desert-bigdam-03.mdatr	d:/ymir work/zone/n/desert/desert-bigdam-03.mdatr	0
Zone/ymir work/zone/b/obj/general_obj_tent.dds	d:/ymir work/zone/b/obj/general_obj_tent.dds	1
Zone/ymir work/zone/a/building/a1-008-house5.mdatr	d:/ymir work/zone/a/building/a1-008-house5.mdatr	0
Zone/ymir work/zone/dungeon/haven_dungeon/light_boss_gate.dds	d:/ymir work/zone/dungeon/haven_dungeon/light_boss_gate.dds	1
Zone/ymir work/zone/b/obj/general_obj_lionstoneimage.mdatr	d:/ymir work/zone/b/obj/general_obj_lionstoneimage.mdatr	0
Zone/ymir work/zone/b/obj/general_obj_watchtower03.gr2	d:/ymir work/zone/b/obj/general_obj_watchtower03.gr2	0
Zone/ymir work/zone/a/building/a1-038-wall-door.mdatr	d:/ymir work/zone/a/building/a1-038-wall-door.mdatr	0
Zone/ymir work/zone/a/building/a1-004-house2.gr2	d:/ymir work/zone/a/building/a1-004-house2.gr2	0
Zone/ymir work/zone/a/building/a1-031-tower.gr2	d:/ymir work/zone/a/building/a1-031-tower.gr2	0
Zone/ymir work/zone/a/building/a1-middledam-03.mdatr	d:/ymir work/zone/a/building/a1-middledam-03.mdatr	0
Zone/ymir work/zone/b/tree/1/beechbark.dds	d:/ymir work/zone/b/tree/1/beechbark.dds	1
Zone/ymir work/zone/b/building/b1-033-guesthouse-01_lod_01.gr2	d:/ymir work/zone/b/building/b1-033-guesthouse-01_lod_01.gr2	0
Zone/ymir work/zone/a/building/a1-004-house2_lod_01.gr2	d:/ymir work/zone/a/building/a1-004-house2_lod_01.gr2	0
Zone/ymir work/zone/a/building/a1-middledam-03.gr2	d:/ymir work/zone/a/building/a1-middledam-03.gr2	0
Zone/ymir work/zone/n/obj/map_n_desert_01/general_obj_stonedoor.gr2	d:/ymir work/zone/n/obj/map_n_desert_01/general_obj_stonedoor.gr2	0
Zone/ymir work/zone/a/building/a1-007-itemshop-01.dds	d:/ymir work/zone/a/building/a1-007-itemshop-01.dds	1
Zone/ymir work/zone/n/obj/snow.m/ob-bigstone03_lod_01.gr2	d:/ymir work/zone/n/obj/snow.m/ob-bigstone03_lod_01.gr2	0
Zone/ymir work/zone/dungeon/monkey_dungeon/monkey01_dungeon03_objlm.dds	d:/ymir work/zone/dungeon/monkey_dungeon/monkey01_dungeon03_objlm.dds	1
Zone/ymir work/zone/b/obj/b_general_obj_21.gr2	d:/ymir work/zone/b/obj/b_general_obj_21.gr2	0
Zone/ymir work/zone/b/building/b1-033-guesthouse-02.gr2	d:/ymir work/zone/b/building/b1-033-guesthouse-02.gr2	0
Zone/ymir work/zone/a/building/a1-032-shamanhouse.mdatr	d:/ymir work/zone/a/building/a1-032-shamanhouse.mdatr	0
Zone/ymir work/zone/n/obj/snow.m/snow_tower01_03.prb	d:/ymir work/zone/n/obj/snow.m/snow_tower01_03.prb	0
Zone/ymir work/zone/a/building/a1-010-bank-04.dds	d:/ymir work/zone/a/building/a1-010-bank-04.dds	1
Zone/ymir work/zone/a/building/a1-007-itemshop-02.dds	d:/ymir work/zone/a/building/a1-007-itemshop-02.dds	1
Zone/ymir work/zone/b/obj/obj-0011.mdatr	d:/ymir work/zone/b/obj/obj-0011.mdatr	0
Zone/ymir work/zone/b/obj/ob-10-04-house02.gr2	d:/ymir work/zone/b/obj/ob-10-04-house02.gr2	0
Zone/ymir work/zone/a/building/a1-007-itemshop.gr2	d:/ymir work/zone/a/building/a1-007-itemshop.gr2	0
Zone/ymir work/zone/b/obj/ob-bigdam-02.mdatr	d:/ymir work/zone/b/obj/ob-bigdam-02.mdatr	0
Zone/ymir work/zone/a/building/a1-007-itemshop.mdatr	d:/ymir work/zone/a/building/a1-007-itemshop.mdatr	0
Zone/ymir work/zone/dungeon/monkey_dungeon/20050218/monkey_dungeon03_dome05.dds	d:/ymir work/zone/dungeon/monkey_dungeon/20050218/monkey_dungeon03_dome05.dds	1
Zone/ymir work/zone/b/obj/ob-12-all.dds	d:/ymir work/zone/b/obj/ob-12-all.dds	1
Zone/ymir work/zone/b/obj/general_obj_bridge.gr2	d:/ymir work/zone/b/obj/general_obj_bridge.gr2	0
Zone/ymir work/zone/n/obj/snow.m/general_obj_watchtower02.mdatr	d:/ymir work/zone/n/obj/snow.m/general_obj_watchtower02.mdatr	0
Zone/ymir work/zone/b/obj/general_obj_stone07.gr2	d:/ymir work/zone/b/obj/general_obj_stone07.gr2	0
Zone/ymir work/zone/dungeon/monkey_dungeon/monkey02_dungeon_cave03.mdatr	d:/ymir work/zone/dungeon/monkey_dungeon/monkey02_dungeon_cave03.mdatr	0
Zone/ymir work/zone/a/building/a1-009-hotel03.dds	d:/ymir work/zone/a/building/a1-009-hotel03.dds	1
Zone/ymir work/zone/c/building/c1-011-workhouse.mdatr	d:/ymir work/zone/c/building/c1-011-workhouse.mdatr	0
Zone/ymir work/zone/a/building/a1-007-itemshop_lod_01.gr2	d:/ymir work/zone/a/building/a1-007-itemshop_lod_01.gr2	0
Zone/ymir work/zone/b/obj/b_general_obj_03.mdatr	d:/ymir work/zone/b/obj/b_general_obj_03.mdatr	0
Zone/ymir work/zone/n/obj/map_n_desert_01/ob-b1-001-box02.mdatr	d:/ymir work/zone/n/obj/map_n_desert_01/ob-b1-001-box02.mdatr	0
Zone/ymir work/zone/b/building/b1-008-house5.mdatr	d:/ymir work/zone/b/building/b1-008-house5.mdatr	0
Zone/ymir work/zone/b/obj/ob-12-03gate01.gr2	d:/ymir work/zone/b/obj/ob-12-03gate01.gr2	0
Zone/ymir work/zone/dungeon/spider_dungeon/spider_dungeon03lightingmap.tga	d:/ymir work/zone/dungeon/spider_dungeon/spider_dungeon03lightingmap.tga	1
Zone/ymir work/zone/n/obj/snow.m/general_obj_stonepillar_01.gr2	d:/ymir work/zone/n/obj/snow.m/general_obj_stonepillar_01.gr2	0
Zone/ymir work/zone/c/building/c1-landmark-01-bellhouse-02.dds	d:/ymir work/zone/c/building/c1-landmark-01-bellhouse-02.dds	1
Zone/ymir work/zone/n/obj/map_n_desert_01/general_obj_bigtoewr11.gr2	d:/ymir work/zone/n/obj/map_n_desert_01/general_obj_bigtoewr11.gr2	0
Zone/ymir work/zone/a/building/a1-008-house5-02.dds	d:/ymir work/zone/a/building/a1-008-house5-02.dds	1
Zone/ymir work/zone/b/obj/general_obj_boat01.gr2	d:/ymir work/zone/b/obj/general_obj_boat01.gr2	0
Zone/ymir work/zone/dungeon/devil_tower/deviltower_1f_02.dds	d:/ymir work/zone/dungeon/devil_tower/deviltower_1f_02.dds	1
Zone/ymir work/zone/a/building/a1-032-shamanhouse.gr2	d:/ymir work/zone/a/building/a1-032-shamanhouse.gr2	0
Zone/ymir work/zone/n/obj/snow.m/nsm-general_obj_21_1.gr2	d:/ymir work/zone/n/obj/snow.m/nsm-general_obj_21_1.gr2	0
Zone/ymir work/zone/b/obj/ob-standganpan-06.mdatr	d:/ymir work/zone/b/obj/ob-standganpan-06.mdatr	0
Zone/ymir work/zone/c/building/c1-034-stonedoor.mdatr	d:/ymir work/zone/c/building/c1-034-stonedoor.mdatr	0
Zone/ymir work/zone/a/building/a1-022-10m-bridge.dds	d:/ymir work/zone/a/building/a1-022-10m-bridge.dds	1
Zone/ymir work/zone/a/building/a1s-002-inwall-02.dds	d:/ymir work/zone/a/building/a1s-002-inwall-02.dds	1
Zone/ymir work/zone/a/building/a1-008-house5-03.dds	d:/ymir work/zone/a/building/a1-008-house5-03.dds	1
Zone/ymir work/zone/b/obj/general_obj_pillar.mdatr	d:/ymir work/zone/b/obj/general_obj_pillar.mdatr	0
Zone/ymir work/zone/c/building/c1_018-stonelight-1.gr2	d:/ymir work/zone/c/building/c1_018-stonelight-1.gr2	0
Zone/ymir work/zone/a/building/a1-013-6tower.mdatr	d:/ymir work/zone/a/building/a1-013-6tower.mdatr	0
Zone/ymir work/zone/b/building/b1-007-itemshop.gr2	d:/ymir work/zone/b/building/b1-007-itemshop.gr2	0
Zone/ymir work/zone/b/building/b1-006-castle01_lod_01.gr2	d:/ymir work/zone/b/building/b1-006-castle01_lod_01.gr2	0
Zone/ymir work/zone/a/building/a1-008-house5.gr2	d:/ymir work/zone/a/building/a1-008-house5.gr2	0
Zone/ymir work/zone/n/desert/desert-033-guesthouse-01.gr2	d:/ymir work/zone/n/desert/desert-033-guesthouse-01.gr2	0
Zone/ymir work/zone/a/building/a1-008-house5_lod_01.gr2	d:/ymir work/zone/a/building/a1-008-house5_lod_01.gr2	0
Zone/ymir work/zone/n/obj/snow.m/general_obj_stone18.mdatr	d:/ymir work/zone/n/obj/snow.m/general_obj_stone18.mdatr	0
Zone/ymir work/zone/n/obj/map_n_desert_01/general_obj_bigtoewr06.gr2	d:/ymir work/zone/n/obj/map_n_desert_01/general_obj_bigtoewr06.gr2	0
Zone/ymir work/zone/dungeon/monkey_dungeon/monkey_dungeon_cave_02.dds	d:/ymir work/zone/dungeon/monkey_dungeon/monkey_dungeon_cave_02.dds	1
Zone/ymir work/zone/b/obj/general_obj_suspension bridge02.mdatr	d:/ymir work/zone/b/obj/general_obj_suspension bridge02.mdatr	0
Zone/ymir work/zone/ghost/obj/ob-b1-001-box02_01.mdatr	d:/ymir work/zone/ghost/obj/ob-b1-001-box02_01.mdatr	0
Zone/ymir work/zone/b/obj/general_obj_jar_yellow02.gr2	d:/ymir work/zone/b/obj/general_obj_jar_yellow02.gr2	0
Zone/ymir work/zone/a/building/a1-022-10m-bridge.mdatr	d:/ymir work/zone/a/building/a1-022-10m-bridge.mdatr	0
Zone/ymir work/zone/a/building/a1-031.dds	d:/ymir work/zone/a/building/a1-031.dds	1
Zone/ymir work/zone/b/obj/b-general_wbridge02.dds	d:/ymir work/zone/b/obj/b-general_wbridge02.dds	1
Zone/ymir work/zone/b/obj/ob-11-03-bonetunnel04_03.mdatr	d:/ymir work/zone/b/obj/ob-11-03-bonetunnel04_03.mdatr	0
Zone/ymir work/zone/n/obj/snow.m/nsm-general_obj_06.mdatr	d:/ymir work/zone/n/obj/snow.m/nsm-general_obj_06.mdatr	0
Zone/ymir work/zone/ghost/obj/ob-b1-005-woodbarrel_01.gr2	d:/ymir work/zone/ghost/obj/ob-b1-005-woodbarrel_01.gr2	0
Zone/ymir work/zone/a/building/a1-009-hotel.gr2	d:/ymir work/zone/a/building/a1-009-hotel.gr2	0
Zone/ymir work/zone/b/obj/general_obj_stonebox.dds	d:/ymir work/zone/b/obj/general_obj_stonebox.dds	1
Zone/ymir work/zone/c/building/c1-017-02.dds	d:/ymir work/zone/c/building/c1-017-02.dds	1
Zone/ymir work/zone/n/obj/map_n_desert_01/general_obj_fence04.gr2	d:/ymir work/zone/n/obj/map_n_desert_01/general_obj_fence04.gr2	0
Zone/ymir work/zone/dungeon/haven_dungeon/wall.dds	d:/ymir work/zone/dungeon/haven_dungeon/wall.dds	1
Zone/ymir work/zone/b/building/b1-007-itemshop-01.dds	d:/ymir work/zone/b/building/b1-007-itemshop-01.dds	1
Zone/ymir work/zone/n/obj/map_n_desert_01/general_obj_tent02.mdatr	d:/ymir work/zone/n/obj/map_n_desert_01/general_obj_tent02.mdatr	0
Zone/ymir work/zone/n/desert/desert_tower02_02.dds	d:/ymir work/zone/n/desert/desert_tower02_02.dds	1
Zone/ymir work/zone/b/obj/ob-12-03gate06.gr2	d:/ymir work/zone/b/obj/ob-12-03gate06.gr2	0
Zone/ymir work/zone/b/obj/hay_01.gr2	d:/ymir work/zone/b/obj/hay_01.gr2	0
Zone/ymir work/zone/a/building/a1-016-house9.dds	d:/ymir work/zone/a/building/a1-016-house9.dds	1
Zone/ymir work/zone/b/obj/ob-11-03-bonetunnel04_01.mdatr	d:/ymir work/zone/b/obj/ob-11-03-bonetunnel04_01.mdatr	0
Zone/ymir work/zone/dungeon/monkey_dungeon/monkey_dungeon02.mdatr	d:/ymir work/zone/dungeon/monkey_dungeon/monkey_dungeon02.mdatr	0
Zone/ymir work/zone/a/building/a1-009-hotel.mdatr	d:/ymir work/zone/a/building/a1-009-hotel.mdatr	0
Zone/ymir work/zone/a/building/a1-landmark-01-bellhouse-02.dds	d:/ymir work/zone/a/building/a1-landmark-01-bellhouse-02.dds	1
Zone/ymir work/zone/dungeon/monkey_dungeon/monkey01_dungeon03_obj_bottoma.dds	d:/ymir work/zone/dungeon/monkey_dungeon/monkey01_dungeon03_obj_bottoma.dds	1
Zone/ymir work/zone/a/building/a1-009-hotel01.dds	d:/ymir work/zone/a/building/a1-009-hotel01.dds	1
Zone/ymir work/zone/b/obj/ob-7-all-01.dds	d:/ymir work/zone/b/obj/ob-7-all-01.dds	1
Zone/ymir work/zone/b/obj/general_obj_cliffgate01.gr2	d:/ymir work/zone/b/obj/general_obj_cliffgate01.gr2	0
Zone/ymir work/zone/dungeon/monkey_dungeon/monkey03_dungeon03_obj_plt.dds	d:/ymir work/zone/dungeon/monkey_dungeon/monkey03_dungeon03_obj_plt.dds	1
Zone/ymir work/zone/a/building/a1-013-6tower-02.dds	d:/ymir work/zone/a/building/a1-013-6tower-02.dds	1
Zone/ymir work/zone/b/obj/ob-013-tower01_01.dds	d:/ymir work/zone/b/obj/ob-013-tower01_01.dds	1
Zone/ymir work/zone/b/building/b1-024-10m-bridge.mdatr	d:/ymir work/zone/b/building/b1-024-10m-bridge.mdatr	0
Zone/ymir work/zone/a/building/a1-009-hotel02.dds	d:/ymir work/zone/a/building/a1-009-hotel02.dds	1
Zone/ymir work/zone/n/obj/snow.m/general_obj_watchtower03-01.mdatr	d:/ymir work/zone/n/obj/snow.m/general_obj_watchtower03-01.mdatr	0
Zone/ymir work/zone/b/obj/obj-0003.mdatr	d:/ymir work/zone/b/obj/obj-0003.mdatr	0
Zone/ymir work/zone/b/obj/general_obj_bigstone03.gr2	d:/ymir work/zone/b/obj/general_obj_bigstone03.gr2	0
Zone/ymir work/zone/b/obj/general_obj_jar_red01.mdatr	d:/ymir work/zone/b/obj/general_obj_jar_red01.mdatr	0
Zone/ymir work/zone/ghost/obj/general_obj_woodchair_01.gr2	d:/ymir work/zone/ghost/obj/general_obj_woodchair_01.gr2	0
Zone/ymir work/zone/a/building/a1-016-house9.mdatr	d:/ymir work/zone/a/building/a1-016-house9.mdatr	0
Zone/ymir work/zone/n/desert/desert_brazier.mdatr	d:/ymir work/zone/n/desert/desert_brazier.mdatr	0
Zone/ymir work/zone/b/building/b1s-002-inwall-02.mdatr	d:/ymir work/zone/b/building/b1s-002-inwall-02.mdatr	0
Zone/ymir work/zone/a/building/a1-009-hotel_lod_01.gr2	d:/ymir work/zone/a/building/a1-009-hotel_lod_01.gr2	0
Zone/ymir work/zone/b/obj/general_obj_watermill_01.mdatr	d:/ymir work/zone/b/obj/general_obj_watermill_01.mdatr	0
Zone/ymir work/zone/a/building/a1-010-bank-02.dds	d:/ymir work/zone/a/building/a1-010-bank-02.dds	1
Zone/ymir work/zone/a/building/a1-033-guesthouse-01.dds	d:/ymir work/zone/a/building/a1-033-guesthouse-01.dds	1
Zone/ymir work/zone/b/obj/ob-11-03-bonetunnel02_15.gr2	d:/ymir work/zone/b/obj/ob-11-03-bonetunnel02_15.gr2	0
Zone/ymir work/zone/a/building/a1-010-bank-03.dds	d:/ymir work/zone/a/building/a1-010-bank-03.dds	1
Zone/ymir work/zone/b/obj/b_general_obj_08.mdatr	d:/ymir work/zone/b/obj/b_general_obj_08.mdatr	0
Zone/ymir work/zone/ghost/obj/general_obj_bigtower10_01.gr2	d:/ymir work/zone/ghost/obj/general_obj_bigtower10_01.gr2	0
Zone/ymir work/zone/b/obj/ob-11-03-bonetunnel02_11.mdatr	d:/ymir work/zone/b/obj/ob-11-03-bonetunnel02_11.mdatr	0
Zone/ymir work/zone/ghost/obj/general_obj_fence03_01.mdatr	d:/ymir work/zone/ghost/obj/general_obj_fence03_01.mdatr	0
Zone/ymir work/zone/ghost/c1-016-house9_01.gr2	d:/ymir work/zone/ghost/c1-016-house9_01.gr2	0
Zone/ymir work/zone/n/desert/desert_tower.gr2	d:/ymir work/zone/n/desert/desert_tower.gr2	0
Zone/ymir work/zone/a/building/a1-010-bank.gr2	d:/ymir work/zone/a/building/a1-010-bank.gr2	0
Zone/ymir work/zone/dungeon/monkey_dungeon/20050218/monkey03_dungeon02.gr2	d:/ymir work/zone/dungeon/monkey_dungeon/20050218/monkey03_dungeon02.gr2	0
Zone/ymir work/zone/a/building/a1-010-bank.mdatr	d:/ymir work/zone/a/building/a1-010-bank.mdatr	0
Zone/ymir work/zone/b/obj/b_general_obj_34.gr2	d:/ymir work/zone/b/obj/b_general_obj_34.gr2	0
Zone/ymir work/zone/b/obj/general_obj_brazier.gr2	d:/ymir work/zone/b/obj/general_obj_brazier.gr2	0
Zone/ymir work/zone/a/building/a1-011-workhouse-01.dds	d:/ymir work/zone/a/building/a1-011-workhouse-01.dds	1
Zone/ymir work/zone/dungeon/monkey_dungeon/20050218/monkey_dungeon_cave03.mdatr	d:/ymir work/zone/dungeon/monkey_dungeon/20050218/monkey_dungeon_cave03.mdatr	0
Zone/ymir work/zone/nusluck/tent_02.dds	d:/ymir work/zone/nusluck/tent_02.dds	1
Zone/ymir work/zone/b/building/b1-004-house2.mdatr	d:/ymir work/zone/b/building/b1-004-house2.mdatr	0
Zone/ymir work/zone/b/obj/b_general_obj_22.gr2	d:/ymir work/zone/b/obj/b_general_obj_22.gr2	0
Zone/ymir work/zone/a/building/a1-011-workhouse-02.dds	d:/ymir work/zone/a/building/a1-011-workhouse-02.dds	1
Zone/ymir work/zone/b/obj/obj-0002.mdatr	d:/ymir work/zone/b/obj/obj-0002.mdatr	0
Zone/ymir work/zone/a/building/a1-024-10m-bridge.gr2	d:/ymir work/zone/a/building/a1-024-10m-bridge.gr2	0
Zone/ymir work/zone/a/building/a1-011-workhouse-03.dds	d:/ymir work/zone/a/building/a1-011-workhouse-03.dds	1
Zone/ymir work/zone/a/building/a1-011-workhouse.gr2	d:/ymir work/zone/a/building/a1-011-workhouse.gr2	0
Zone/ymir work/zone/n/obj/snow.m/general_obj_stone19.gr2	d:/ymir work/zone/n/obj/snow.m/general_obj_stone19.gr2	0
Zone/ymir work/zone/a/building/a1-011-workhouse.mdatr	d:/ymir work/zone/a/building/a1-011-workhouse.mdatr	0
Zone/ymir work/zone/b/building/b1s-017.gr2	d:/ymir work/zone/b/building/b1s-017.gr2	0
Zone/ymir work/zone/b/building/b1-bigdam-05.mdatr	d:/ymir work/zone/b/building/b1-bigdam-05.mdatr	0
Zone/ymir work/zone/b/obj/general_obj_watchtower02-01.mdatr	d:/ymir work/zone/b/obj/general_obj_watchtower02-01.mdatr	0
Zone/ymir work/zone/a/building/a1-011-workhouse_lod_01.gr2	d:/ymir work/zone/a/building/a1-011-workhouse_lod_01.gr2	0
Zone/ymir work/zone/b/obj/b_general_obj_26.gr2	d:/ymir work/zone/b/obj/b_general_obj_26.gr2	0
Zone/ymir work/zone/a/building/a1-013-6tower-01.dds	d:/ymir work/zone/a/building/a1-013-6tower-01.dds	1
Zone/ymir work/zone/a/building/a1-024-10m-bridge-1.dds	d:/ymir work/zone/a/building/a1-024-10m-bridge-1.dds	1
Zone/ymir work/zone/dungeon/spider_dungeon/spider_dungeon04lightingmap.dds	d:/ymir work/zone/dungeon/spider_dungeon/spider_dungeon04lightingmap.dds	1
Zone/ymir work/zone/dungeon/monkey_dungeon/20050218/monkey_dungeon_cave04.gr2	d:/ymir work/zone/dungeon/monkey_dungeon/20050218/monkey_dungeon_cave04.gr2	0
Zone/ymir work/zone/ghost/c1-010-bank-02_02.dds	d:/ymir work/zone/ghost/c1-010-bank-02_02.dds	1
Zone/ymir work/zone/b/building/b1-032-shamanhouse.mdatr	d:/ymir work/zone/b/building/b1-032-shamanhouse.mdatr	0
Zone/ymir work/zone/b/obj/obj-0010.gr2	d:/ymir work/zone/b/obj/obj-0010.gr2	0
Zone/ymir work/zone/n/obj/map_n_desert_01/ob-bigstatue01-02.dds	d:/ymir work/zone/n/obj/map_n_desert_01/ob-bigstatue01-02.dds	1
Zone/ymir work/zone/c/building/c1-016-house9.gr2	d:/ymir work/zone/c/building/c1-016-house9.gr2	0
Zone/ymir work/zone/ghost/c1-038-wall-lin_01.mdatr	d:/ymir work/zone/ghost/c1-038-wall-lin_01.mdatr	0
Zone/ymir work/zone/a/building/a1-013-6tower.gr2	d:/ymir work/zone/a/building/a1-013-6tower.gr2	0
Zone/ymir work/zone/n/obj/snow.m/general_obj_suspension bridge02.mdatr	d:/ymir work/zone/n/obj/snow.m/general_obj_suspension bridge02.mdatr	0
Zone/ymir work/zone/c/building/c1-middledam-03.gr2	d:/ymir work/zone/c/building/c1-middledam-03.gr2	0
Zone/ymir work/zone/n/desert/desert-castle02_lod_01.gr2	d:/ymir work/zone/n/desert/desert-castle02_lod_01.gr2	0
Zone/ymir work/zone/b/building/b1-037-tower.gr2	d:/ymir work/zone/b/building/b1-037-tower.gr2	0
Zone/ymir work/zone/b/obj/general_obj_boat02.mdatr	d:/ymir work/zone/b/obj/general_obj_boat02.mdatr	0
Zone/ymir work/zone/n/obj/map_n_desert_01/general_obj_bigstone10.gr2	d:/ymir work/zone/n/obj/map_n_desert_01/general_obj_bigstone10.gr2	0
Zone/ymir work/zone/b/obj/ob-033-guesthouse-02.dds	d:/ymir work/zone/b/obj/ob-033-guesthouse-02.dds	1
Zone/ymir work/zone/a/building/a1-013-6tower_lod_01.gr2	d:/ymir work/zone/a/building/a1-013-6tower_lod_01.gr2	0
Zone/ymir work/zone/b/obj/b_general_obj_30.dds	d:/ymir work/zone/b/obj/b_general_obj_30.dds	1
Zone/ymir work/zone/dungeon/haven_dungeon/light_pass_wall.dds	d:/ymir work/zone/dungeon/haven_dungeon/light_pass_wall.dds	1
Zone/ymir work/zone/c/building/c1-024-10m-bridge.gr2	d:/ymir work/zone/c/building/c1-024-10m-bridge.gr2	0
Zone/ymir work/zone/b/obj/ob-standganpan-02.gr2	d:/ymir work/zone/b/obj/ob-standganpan-02.gr2	0
Zone/ymir work/zone/dungeon/old_resources picking zon/vssver.scc	d:/ymir work/zone/dungeon/old_resources picking zon/vssver.scc	0
Zone/ymir work/zone/b/obj/b_general_obj_11.gr2	d:/ymir work/zone/b/obj/b_general_obj_11.gr2	0
Zone/ymir work/zone/b/building/b1-middledam-01.mdatr	d:/ymir work/zone/b/building/b1-middledam-01.mdatr	0
Zone/ymir work/zone/b/obj/ob-12-02.mdatr	d:/ymir work/zone/b/obj/ob-12-02.mdatr	0
Zone/ymir work/zone/a/building/a1-016-house9.gr2	d:/ymir work/zone/a/building/a1-016-house9.gr2	0
Zone/ymir work/zone/ghost/obj/general_obj_fence02_01.mdatr	d:/ymir work/zone/ghost/obj/general_obj_fence02_01.mdatr	0
Zone/ymir work/zone/b/obj/ob-033-guesthouse-01.gr2	d:/ymir work/zone/b/obj/ob-033-guesthouse-01.gr2	0
Zone/ymir work/zone/a/building/a1-024-10m-bridge-2.dds	d:/ymir work/zone/a/building/a1-024-10m-bridge-2.dds	1
Zone/ymir work/zone/n/obj/map_n_desert_01/warpgate01-02.dds	d:/ymir work/zone/n/obj/map_n_desert_01/warpgate01-02.dds	1
Zone/ymir work/zone/n/milgyo/milgyo_tower01_01.dds	d:/ymir work/zone/n/milgyo/milgyo_tower01_01.dds	1
Zone/ymir work/zone/n/milgyo/milgyo_building02.gr2	d:/ymir work/zone/n/milgyo/milgyo_building02.gr2	0
Zone/ymir work/zone/b/obj/b_general_obj_01_1.gr2	d:/ymir work/zone/b/obj/b_general_obj_01_1.gr2	0
Zone/ymir work/zone/a/building/a1-016-house9_lod_01.gr2	d:/ymir work/zone/a/building/a1-016-house9_lod_01.gr2	0
Zone/ymir work/zone/b/obj/ob-11-05-bonelight_04.gr2	d:/ymir work/zone/b/obj/ob-11-05-bonelight_04.gr2	0
Zone/ymir work/zone/b/obj/ob-11-05-bonelight_02.mdatr	d:/ymir work/zone/b/obj/ob-11-05-bonelight_02.mdatr	0
Zone/ymir work/zone/a/building/a1-018-stonelight-01.dds	d:/ymir work/zone/a/building/a1-018-stonelight-01.dds	1
Zone/ymir work/zone/b/tree/1/montereycypressbark.dds	d:/ymir work/zone/b/tree/1/montereycypressbark.dds	1
Zone/ymir work/zone/b/obj/obj-0006.gr2	d:/ymir work/zone/b/obj/obj-0006.gr2	0
Zone/ymir work/zone/a/building/a1-022-10m-bridge.gr2	d:/ymir work/zone/a/building/a1-022-10m-bridge.gr2	0
Zone/ymir work/zone/a/building/a1-024-10m-bridge.mdatr	d:/ymir work/zone/a/building/a1-024-10m-bridge.mdatr	0
Zone/ymir work/zone/a/building/a1-031-tower.mdatr	d:/ymir work/zone/a/building/a1-031-tower.mdatr	0
Zone/ymir work/zone/b/obj/b-general_wbridge01.dds	d:/ymir work/zone/b/obj/b-general_wbridge01.dds	1
Zone/ymir work/zone/n/obj/snow.m/ob-bigstatue01.mdatr	d:/ymir work/zone/n/obj/snow.m/ob-bigstatue01.mdatr	0
Zone/ymir work/zone/b/obj/ob-standganpan-01.gr2	d:/ymir work/zone/b/obj/ob-standganpan-01.gr2	0
Zone/ymir work/zone/b/obj/b_general_obj_24.gr2	d:/ymir work/zone/b/obj/b_general_obj_24.gr2	0
Zone/ymir work/zone/ghost/obj/general_obj_fence05_01.gr2	d:/ymir work/zone/ghost/obj/general_obj_fence05_01.gr2	0
Zone/ymir work/zone/a/building/a1-032-shamanhouse-2.dds	d:/ymir work/zone/a/building/a1-032-shamanhouse-2.dds	1
Zone/ymir work/zone/b/obj/ob-11-03-bonetunnel02_01.gr2	d:/ymir work/zone/b/obj/ob-11-03-bonetunnel02_01.gr2	0
Zone/ymir work/zone/b/building/b1-037-tower.dds	d:/ymir work/zone/b/building/b1-037-tower.dds	1
Zone/ymir work/zone/n/desert/desert-032-shamanhouse.mdatr	d:/ymir work/zone/n/desert/desert-032-shamanhouse.mdatr	0
Zone/ymir work/zone/a/building/a1-032-shamanhouse-3.dds	d:/ymir work/zone/a/building/a1-032-shamanhouse-3.dds	1
Zone/ymir work/zone/c/building/c1-008-house5-03.dds	d:/ymir work/zone/c/building/c1-008-house5-03.dds	1
Zone/ymir work/zone/a/building/a1-033-guesthouse-01.gr2	d:/ymir work/zone/a/building/a1-033-guesthouse-01.gr2	0
Zone/ymir work/zone/dungeon/monkey_dungeon/20050218/monkey_dungeon_cave_02.dds	d:/ymir work/zone/dungeon/monkey_dungeon/20050218/monkey_dungeon_cave_02.dds	1
Zone/ymir work/zone/b/obj/landmark_statuestone.gr2	d:/ymir work/zone/b/obj/landmark_statuestone.gr2	0
Zone/ymir work/zone/a/building/a1-033-guesthouse-01.mdatr	d:/ymir work/zone/a/building/a1-033-guesthouse-01.mdatr	0
Zone/ymir work/zone/b/obj/b_general_obj_38.gr2	d:/ymir work/zone/b/obj/b_general_obj_38.gr2	0
Zone/ymir work/zone/a/building/a1-middledam-02.mdatr	d:/ymir work/zone/a/building/a1-middledam-02.mdatr	0
Zone/ymir work/zone/ghost/c1-007-itemshop_02.mdatr	d:/ymir work/zone/ghost/c1-007-itemshop_02.mdatr	0
Zone/ymir work/zone/b/obj/ob-11-01-skeletontower02.mdatr	d:/ymir work/zone/b/obj/ob-11-01-skeletontower02.mdatr	0
Zone/ymir work/zone/a/building/a1-033-guesthouse-01_lod_01.gr2	d:/ymir work/zone/a/building/a1-033-guesthouse-01_lod_01.gr2	0
Zone/ymir work/zone/a/building/a1-033-guesthouse-02.dds	d:/ymir work/zone/a/building/a1-033-guesthouse-02.dds	1
Zone/ymir work/zone/b/obj/b-general_external04.mdatr	d:/ymir work/zone/b/obj/b-general_external04.mdatr	0
Zone/ymir work/zone/b/obj/general_obj_bigstone07.gr2	d:/ymir work/zone/b/obj/general_obj_bigstone07.gr2	0
Zone/ymir work/zone/b/building/b1-009-hotel02.dds	d:/ymir work/zone/b/building/b1-009-hotel02.dds	1
Zone/ymir work/zone/b/building/rms-001.gr2	d:/ymir work/zone/b/building/rms-001.gr2	0
Zone/ymir work/zone/b/obj/b_general_obj_16.gr2	d:/ymir work/zone/b/obj/b_general_obj_16.gr2	0
Zone/ymir work/zone/b/obj/ob-11-03-bonetunnel04_05.mdatr	d:/ymir work/zone/b/obj/ob-11-03-bonetunnel04_05.mdatr	0
Zone/ymir work/zone/a/building/a1-033-guesthouse-02.gr2	d:/ymir work/zone/a/building/a1-033-guesthouse-02.gr2	0
Zone/ymir work/zone/n/desert/desert_4fbuilding_03.dds	d:/ymir work/zone/n/desert/desert_4fbuilding_03.dds	1
Zone/ymir work/zone/a/building/a1-033-guesthouse-02.mdatr	d:/ymir work/zone/a/building/a1-033-guesthouse-02.mdatr	0
Zone/ymir work/zone/n/obj/snow.m/general_obj_bigstone07.gr2	d:/ymir work/zone/n/obj/snow.m/general_obj_bigstone07.gr2	0
Zone/ymir work/zone/n/obj/map_n_flame_01/general_obj_stoneimage02.gr2	d:/ymir work/zone/n/obj/map_n_flame_01/general_obj_stoneimage02.gr2	0
Zone/ymir work/zone/b/obj/ob-4-04-03.gr2	d:/ymir work/zone/b/obj/ob-4-04-03.gr2	0
Zone/ymir work/zone/b/obj/hay_01.dds	d:/ymir work/zone/b/obj/hay_01.dds	1
Zone/ymir work/zone/dungeon/monkey_dungeon/20050218/monkey01_dungeon03_boxlm.dds	d:/ymir work/zone/dungeon/monkey_dungeon/20050218/monkey01_dungeon03_boxlm.dds	1
Zone/ymir work/zone/b/obj/general_obj_bigtoewr06.mdatr	d:/ymir work/zone/b/obj/general_obj_bigtoewr06.mdatr	0
Zone/ymir work/zone/a/building/a1-033-guesthouse-02_lod_01.gr2	d:/ymir work/zone/a/building/a1-033-guesthouse-02_lod_01.gr2	0
Zone/ymir work/zone/a/building/a1-034-stonedoor-01.dds	d:/ymir work/zone/a/building/a1-034-stonedoor-01.dds	1
Zone/ymir work/zone/b/obj/hay_02.mdatr	d:/ymir work/zone/b/obj/hay_02.mdatr	0
Zone/ymir work/zone/a/building/a1-034-stonedoor-02.dds	d:/ymir work/zone/a/building/a1-034-stonedoor-02.dds	1
Zone/ymir work/zone/ghost/obj/general_obj_bigtower01_01.dds	d:/ymir work/zone/ghost/obj/general_obj_bigtower01_01.dds	1
Zone/ymir work/zone/dungeon/spider_dungeon/spider_dungeon_gate.gr2	d:/ymir work/zone/dungeon/spider_dungeon/spider_dungeon_gate.gr2	0
Zone/ymir work/zone/b/obj/b_general_obj_39.mdatr	d:/ymir work/zone/b/obj/b_general_obj_39.mdatr	0
Zone/ymir work/zone/a/building/a1-034-stonedoor.gr2	d:/ymir work/zone/a/building/a1-034-stonedoor.gr2	0
Zone/ymir work/zone/a/building/a1-034-stonedoor.mdatr	d:/ymir work/zone/a/building/a1-034-stonedoor.mdatr	0
Zone/ymir work/zone/ghost/c1-010-bank_01.mdatr	d:/ymir work/zone/ghost/c1-010-bank_01.mdatr	0
Zone/ymir work/zone/b/obj/general_obj_stone04.mdatr	d:/ymir work/zone/b/obj/general_obj_stone04.mdatr	0
Zone/ymir work/zone/a/building/a1-035-wooddoor.dds	d:/ymir work/zone/a/building/a1-035-wooddoor.dds	1
Zone/ymir work/zone/dungeon/spider_dungeon/spider_dungeon07.gr2	d:/ymir work/zone/dungeon/spider_dungeon/spider_dungeon07.gr2	0
Zone/ymir work/zone/a/building/a1s-002-inwall-01.dds	d:/ymir work/zone/a/building/a1s-002-inwall-01.dds	1
Zone/ymir work/zone/dungeon/monkey_dungeon/monkey01_dungeon01_lightingmap.dds	d:/ymir work/zone/dungeon/monkey_dungeon/monkey01_dungeon01_lightingmap.dds	1
Zone/ymir work/zone/b/obj/general_obj_stoneimage03.mdatr	d:/ymir work/zone/b/obj/general_obj_stoneimage03.mdatr	0
Zone/ymir work/zone/b/obj/general_obj_bigtower01.dds	d:/ymir work/zone/b/obj/general_obj_bigtower01.dds	1
Zone/ymir work/zone/n/obj/snow.m/landmark_grandstone02_lod_01.gr2	d:/ymir work/zone/n/obj/snow.m/landmark_grandstone02_lod_01.gr2	0
Zone/ymir work/zone/a/building/a1-035-woodgate.gr2	d:/ymir work/zone/a/building/a1-035-woodgate.gr2	0
Zone/ymir work/zone/b/tree/1/montereycypress_rt.spt	d:/ymir work/zone/b/tree/1/montereycypress_rt.spt	1
Zone/ymir work/zone/b/obj/ob-bigdam-02.gr2	d:/ymir work/zone/b/obj/ob-bigdam-02.gr2	0
Zone/ymir work/zone/b/obj/b_general_obj_20.gr2	d:/ymir work/zone/b/obj/b_general_obj_20.gr2	0
Zone/ymir work/zone/a/building/a1-035-woodgate.mdatr	d:/ymir work/zone/a/building/a1-035-woodgate.mdatr	0
Zone/ymir work/zone/n/desert/aa_1.dds	d:/ymir work/zone/n/desert/aa_1.dds	1
Zone/ymir work/zone/b/obj/ob-5-03-1thiefden.mdatr	d:/ymir work/zone/b/obj/ob-5-03-1thiefden.mdatr	0
Zone/ymir work/zone/c/building/c1-038-wall-corner.mdatr	d:/ymir work/zone/c/building/c1-038-wall-corner.mdatr	0
Zone/ymir work/zone/b/building/b1s-017.mdatr	d:/ymir work/zone/b/building/b1s-017.mdatr	0
Zone/ymir work/zone/b/obj/general_obj_target 02-02.gr2	d:/ymir work/zone/b/obj/general_obj_target 02-02.gr2	0
Zone/ymir work/zone/dungeon/haven_dungeon/smallb_resorce.mse	d:/ymir work/zone/dungeon/haven_dungeon/smallb_resorce.mse	1
Zone/ymir work/zone/b/building/landmark-01-bellhouse.mdatr	d:/ymir work/zone/b/building/landmark-01-bellhouse.mdatr	0
Zone/ymir work/zone/a/building/a1-037-tower.dds	d:/ymir work/zone/a/building/a1-037-tower.dds	1
Zone/ymir work/zone/ghost/obj/b_general_obj_27_01.mdatr	d:/ymir work/zone/ghost/obj/b_general_obj_27_01.mdatr	0
Zone/ymir work/zone/dungeon/haven_dungeon/skipia_dungeon_01.dds	d:/ymir work/zone/dungeon/haven_dungeon/skipia_dungeon_01.dds	1
Zone/ymir work/zone/b/building/b1-034-stonedoor.gr2	d:/ymir work/zone/b/building/b1-034-stonedoor.gr2	0
Zone/ymir work/zone/n/obj/map_n_flame_01/warpgate02_01.mdatr	d:/ymir work/zone/n/obj/map_n_flame_01/warpgate02_01.mdatr	0
Zone/ymir work/zone/b/obj/general_obj_jar_blue02.gr2	d:/ymir work/zone/b/obj/general_obj_jar_blue02.gr2	0
Zone/ymir work/zone/a/building/a1-037-tower.gr2	d:/ymir work/zone/a/building/a1-037-tower.gr2	0
Zone/ymir work/zone/b/obj/general_obj_bottle.gr2	d:/ymir work/zone/b/obj/general_obj_bottle.gr2	0
Zone/ymir work/zone/dungeon/haven_dungeon/skipia_passis1.gr2	d:/ymir work/zone/dungeon/haven_dungeon/skipia_passis1.gr2	0
Zone/ymir work/zone/b/obj/ob-tower01_02.gr2	d:/ymir work/zone/b/obj/ob-tower01_02.gr2	0
Zone/ymir work/zone/a/building/a1-037-tower.mdatr	d:/ymir work/zone/a/building/a1-037-tower.mdatr	0
Zone/ymir work/zone/n/obj/snow.m/general_obj_stoneimage03.mdatr	d:/ymir work/zone/n/obj/snow.m/general_obj_stoneimage03.mdatr	0
Zone/ymir work/zone/b/obj/b_general_obj_19.gr2	d:/ymir work/zone/b/obj/b_general_obj_19.gr2	0
Zone/ymir work/zone/c/building/c1-038-wall-door.mdatr	d:/ymir work/zone/c/building/c1-038-wall-door.mdatr	0
Zone/ymir work/zone/b/building/b1-009-hotel_lod_01.gr2	d:/ymir work/zone/b/building/b1-009-hotel_lod_01.gr2	0
Zone/ymir work/zone/b/obj/ob-11-02-stonelight01.gr2	d:/ymir work/zone/b/obj/ob-11-02-stonelight01.gr2	0
Zone/ymir work/zone/a/building/a1-038-wall-corner.gr2	d:/ymir work/zone/a/building/a1-038-wall-corner.gr2	0
Zone/ymir work/zone/n/obj/map_n_flame_01/general_obj_stoneimage02.mdatr	d:/ymir work/zone/n/obj/map_n_flame_01/general_obj_stoneimage02.mdatr	0
Zone/ymir work/zone/a/building/a1-rms-001.mdatr	d:/ymir work/zone/a/building/a1-rms-001.mdatr	0
Zone/ymir work/zone/dungeon/monkey_dungeon/20050218/monkey_dungeon03_obj_plb.dds	d:/ymir work/zone/dungeon/monkey_dungeon/20050218/monkey_dungeon03_obj_plb.dds	1
Zone/ymir work/zone/a/building/a1-038-wall-corner.mdatr	d:/ymir work/zone/a/building/a1-038-wall-corner.mdatr	0
Zone/ymir work/zone/nusluck/untitled-1.dds	d:/ymir work/zone/nusluck/untitled-1.dds	1
Zone/ymir work/zone/dungeon/monkey_dungeon/20050218/monkey01_dungeon03_objlm.dds	d:/ymir work/zone/dungeon/monkey_dungeon/20050218/monkey01_dungeon03_objlm.dds	1
Zone/ymir work/zone/a/building/a1-rms-001_1.dds	d:/ymir work/zone/a/building/a1-rms-001_1.dds	1
Zone/ymir work/zone/b/building/b1-013-6tower_lod_01.gr2	d:/ymir work/zone/b/building/b1-013-6tower_lod_01.gr2	0
Zone/ymir work/zone/a/building/a1-038-wall-door.gr2	d:/ymir work/zone/a/building/a1-038-wall-door.gr2	0
Zone/ymir work/zone/b/obj/ob-11-01-skeletontower01.gr2	d:/ymir work/zone/b/obj/ob-11-01-skeletontower01.gr2	0
Zone/ymir work/zone/dungeon/monkey_dungeon/monkey_dungeon03_obj_bottoma.dds	d:/ymir work/zone/dungeon/monkey_dungeon/monkey_dungeon03_obj_bottoma.dds	1
Zone/ymir work/zone/n/obj/snow.m/warpgate02.mdatr	d:/ymir work/zone/n/obj/snow.m/warpgate02.mdatr	0
Zone/ymir work/zone/a/building/a1-038-wall-lin.gr2	d:/ymir work/zone/a/building/a1-038-wall-lin.gr2	0
Zone/ymir work/zone/a/building/a1-middledam-06.mdatr	d:/ymir work/zone/a/building/a1-middledam-06.mdatr	0
Zone/ymir work/zone/dungeon/monkey_dungeon/20050218/monkey_dungeon01_03.dds	d:/ymir work/zone/dungeon/monkey_dungeon/20050218/monkey_dungeon01_03.dds	1
Zone/ymir work/zone/n/obj/snow.m/general_obj_watchtower02.gr2	d:/ymir work/zone/n/obj/snow.m/general_obj_watchtower02.gr2	0
Zone/ymir work/zone/a/building/a1-038-wall-lin.mdatr	d:/ymir work/zone/a/building/a1-038-wall-lin.mdatr	0
Zone/ymir work/zone/b/obj/ob_4fbuilding_01.dds	d:/ymir work/zone/b/obj/ob_4fbuilding_01.dds	1
Zone/ymir work/zone/n/obj/map_n_desert_01/general_obj_woodchair.mdatr	d:/ymir work/zone/n/obj/map_n_desert_01/general_obj_woodchair.mdatr	0
Zone/ymir work/zone/a/building/a1-038-wall-lin2.gr2	d:/ymir work/zone/a/building/a1-038-wall-lin2.gr2	0
Zone/ymir work/zone/a/building/a1-038-wall-lin2.mdatr	d:/ymir work/zone/a/building/a1-038-wall-lin2.mdatr	0
Zone/ymir work/zone/n/obj/snow.m/snow-006-castle-04.dds	d:/ymir work/zone/n/obj/snow.m/snow-006-castle-04.dds	1
Zone/ymir work/zone/n/obj/map_n_desert_01/general_obj_bigtoewr08.mdatr	d:/ymir work/zone/n/obj/map_n_desert_01/general_obj_bigtoewr08.mdatr	0
Zone/ymir work/zone/b/obj/ob-11-03-bonetunnel04_02.mdatr	d:/ymir work/zone/b/obj/ob-11-03-bonetunnel04_02.mdatr	0
Zone/ymir work/zone/n/obj/snow.m/general_obj_fence05_lod_01.gr2	d:/ymir work/zone/n/obj/snow.m/general_obj_fence05_lod_01.gr2	0
Zone/ymir work/zone/b/building/b1-007-itemshop.mdatr	d:/ymir work/zone/b/building/b1-007-itemshop.mdatr	0
Zone/ymir work/zone/n/obj/snow.m/nsm-018-stonelight-1.mdatr	d:/ymir work/zone/n/obj/snow.m/nsm-018-stonelight-1.mdatr	0
Zone/ymir work/zone/dungeon/devil_tower2/deviltower2_04.dds	d:/ymir work/zone/dungeon/devil_tower2/deviltower2_04.dds	1
Zone/ymir work/zone/a/building/a1-038-wall.dds	d:/ymir work/zone/a/building/a1-038-wall.dds	1
Zone/ymir work/zone/b/obj/ob-11-05-bonetomb_01.mdatr	d:/ymir work/zone/b/obj/ob-11-05-bonetomb_01.mdatr	0
Zone/ymir work/zone/a/building/a1-landmark-01-bellhouse-01.dds	d:/ymir work/zone/a/building/a1-landmark-01-bellhouse-01.dds	1
Zone/ymir work/zone/nusluck/tent_small.gr2	d:/ymir work/zone/nusluck/tent_small.gr2	0
Zone/ymir work/zone/b/building/b1s-002-inwall-02.gr2	d:/ymir work/zone/b/building/b1s-002-inwall-02.gr2	0
Zone/ymir work/zone/dungeon/monkey_dungeon/monkey_dungeon03_01lm.dds	d:/ymir work/zone/dungeon/monkey_dungeon/monkey_dungeon03_01lm.dds	1
Zone/ymir work/zone/b/obj/grass01.gr2	d:/ymir work/zone/b/obj/grass01.gr2	0
Zone/ymir work/zone/n/desert/desert_tower02.mdatr	d:/ymir work/zone/n/desert/desert_tower02.mdatr	0
Zone/ymir work/zone/b/building/b1-013-6tower.mdatr	d:/ymir work/zone/b/building/b1-013-6tower.mdatr	0
Zone/ymir work/zone/b/obj/b-general_wbridge01.mdatr	d:/ymir work/zone/b/obj/b-general_wbridge01.mdatr	0
Zone/ymir work/zone/c/building/c1-032-shamanhouse.mdatr	d:/ymir work/zone/c/building/c1-032-shamanhouse.mdatr	0
Zone/ymir work/zone/b/obj/ob-7-13-building04.gr2	d:/ymir work/zone/b/obj/ob-7-13-building04.gr2	0
Zone/ymir work/zone/a/building/a1-landmark-01-bellhouse.gr2	d:/ymir work/zone/a/building/a1-landmark-01-bellhouse.gr2	0
Zone/ymir work/zone/a/building/a1-landmark-01-bellhouse.mdatr	d:/ymir work/zone/a/building/a1-landmark-01-bellhouse.mdatr	0
Zone/ymir work/zone/dungeon/resources_picking_zon/mushroom04.mdatr	d:/ymir work/zone/dungeon/resources_picking_zon/mushroom04.mdatr	0
Zone/ymir work/zone/a/building/a1-middledam-01.gr2	d:/ymir work/zone/a/building/a1-middledam-01.gr2	0
Zone/ymir work/zone/dungeon/monkey_dungeon/monkey03_dungeon02.gr2	d:/ymir work/zone/dungeon/monkey_dungeon/monkey03_dungeon02.gr2	0
Zone/ymir work/zone/n/obj/map_n_desert_01/ob-bigstone04.gr2	d:/ymir work/zone/n/obj/map_n_desert_01/ob-bigstone04.gr2	0
Zone/ymir work/zone/b/obj/b_general_obj_02.gr2	d:/ymir work/zone/b/obj/b_general_obj_02.gr2	0
Zone/ymir work/zone/b/obj/general_obj_cliffgate01.dds	d:/ymir work/zone/b/obj/general_obj_cliffgate01.dds	1
Zone/ymir work/zone/a/building/a1-middledam-01.mdatr	d:/ymir work/zone/a/building/a1-middledam-01.mdatr	0
Zone/ymir work/zone/b/building/b1-004-house2_lod_01.gr2	d:/ymir work/zone/b/building/b1-004-house2_lod_01.gr2	0
Zone/ymir work/zone/b/obj/ob-bigstone04.mdatr	d:/ymir work/zone/b/obj/ob-bigstone04.mdatr	0
Zone/ymir work/zone/n/desert/desert-032-shamanhouse.gr2	d:/ymir work/zone/n/desert/desert-032-shamanhouse.gr2	0
Zone/ymir work/zone/n/obj/snow.m/nsm-10m-bridge02.mdatr	d:/ymir work/zone/n/obj/snow.m/nsm-10m-bridge02.mdatr	0
Zone/ymir work/zone/a/building/a1-middledam-02.dds	d:/ymir work/zone/a/building/a1-middledam-02.dds	1
Zone/ymir work/zone/n/obj/snow.m/ob-7-02-02_lod_01.gr2	d:/ymir work/zone/n/obj/snow.m/ob-7-02-02_lod_01.gr2	0
Zone/ymir work/zone/dungeon/spider_dungeon/spider_dungeon.mdatr	d:/ymir work/zone/dungeon/spider_dungeon/spider_dungeon.mdatr	0
Zone/ymir work/zone/n/obj/snow.m/snow-032-shamanhouse-1.dds	d:/ymir work/zone/n/obj/snow.m/snow-032-shamanhouse-1.dds	1
Zone/ymir work/zone/a/building/a1-middledam-02.gr2	d:/ymir work/zone/a/building/a1-middledam-02.gr2	0
Zone/ymir work/zone/n/obj/snow.m/general_obj_tent02.mdatr	d:/ymir work/zone/n/obj/snow.m/general_obj_tent02.mdatr	0
Zone/ymir work/zone/n/desert/desert_bridge01_02.dds	d:/ymir work/zone/n/desert/desert_bridge01_02.dds	1
Zone/ymir work/zone/b/obj/b_general_obj_06.mdatr	d:/ymir work/zone/b/obj/b_general_obj_06.mdatr	0
Zone/ymir work/zone/n/obj/map_n_desert_01/warpgate02.gr2	d:/ymir work/zone/n/obj/map_n_desert_01/warpgate02.gr2	0
Zone/ymir work/zone/a/building/a1-middledam-03.dds	d:/ymir work/zone/a/building/a1-middledam-03.dds	1
Zone/ymir work/zone/b/obj/b_general_obj_01_4.mdatr	d:/ymir work/zone/b/obj/b_general_obj_01_4.mdatr	0
Zone/ymir work/zone/b/obj/general_obj_jar_blue01.mdatr	d:/ymir work/zone/b/obj/general_obj_jar_blue01.mdatr	0
Zone/ymir work/zone/b/obj/ob-7-11-building01.gr2	d:/ymir work/zone/b/obj/ob-7-11-building01.gr2	0
Zone/ymir work/zone/n/obj/snow.m/general_obj_stone02.dds	d:/ymir work/zone/n/obj/snow.m/general_obj_stone02.dds	1
Zone/ymir work/zone/b/obj/ob-12-03.gr2	d:/ymir work/zone/b/obj/ob-12-03.gr2	0
Zone/ymir work/zone/a/building/a1-middledam-04.dds	d:/ymir work/zone/a/building/a1-middledam-04.dds	1
Zone/ymir work/zone/b/obj/general_obj_pieceofstone02.gr2	d:/ymir work/zone/b/obj/general_obj_pieceofstone02.gr2	0
Zone/ymir work/zone/a/building/a1-middledam-04.gr2	d:/ymir work/zone/a/building/a1-middledam-04.gr2	0
Zone/ymir work/zone/dungeon/monkey_dungeon/20050218/monkey03_dungeon03_objlm.dds	d:/ymir work/zone/dungeon/monkey_dungeon/20050218/monkey03_dungeon03_objlm.dds	1
Zone/ymir work/zone/dungeon/devil_tower/deviltowergate03.dds	d:/ymir work/zone/dungeon/devil_tower/deviltowergate03.dds	1
Zone/ymir work/zone/b/building/b1-008-house5.gr2	d:/ymir work/zone/b/building/b1-008-house5.gr2	0
Zone/ymir work/zone/a/building/a1-middledam-04.mdatr	d:/ymir work/zone/a/building/a1-middledam-04.mdatr	0
Zone/ymir work/zone/c/building/c1-038-wall-lin2.mdatr	d:/ymir work/zone/c/building/c1-038-wall-lin2.mdatr	0
Zone/ymir work/zone/b/obj/general_obj_breakenbox03.gr2	d:/ymir work/zone/b/obj/general_obj_breakenbox03.gr2	0
Zone/ymir work/zone/n/obj/snow.m/warpgate01-02.dds	d:/ymir work/zone/n/obj/snow.m/warpgate01-02.dds	1
Zone/ymir work/zone/dungeon/thief_dungeon/thief_dungeon_gate.gr2	d:/ymir work/zone/dungeon/thief_dungeon/thief_dungeon_gate.gr2	0
Zone/ymir work/zone/b/obj/b_general_obj_25_1.mdatr	d:/ymir work/zone/b/obj/b_general_obj_25_1.mdatr	0
Zone/ymir work/zone/b/building/b1-006-castle-01.dds	d:/ymir work/zone/b/building/b1-006-castle-01.dds	1
Zone/ymir work/zone/dungeon/monkey_dungeon/20050218/monkey02_dungeon_cave02.mdatr	d:/ymir work/zone/dungeon/monkey_dungeon/20050218/monkey02_dungeon_cave02.mdatr	0
Zone/ymir work/zone/a/building/a1-middledam-05.gr2	d:/ymir work/zone/a/building/a1-middledam-05.gr2	0
Zone/ymir work/zone/b/building/rms-001.mdatr	d:/ymir work/zone/b/building/rms-001.mdatr	0
Zone/ymir work/zone/b/obj/ob-11-01-skeletontower06.mdatr	d:/ymir work/zone/b/obj/ob-11-01-skeletontower06.mdatr	0
Zone/ymir work/zone/n/desert/desert-bigdam-02.dds	d:/ymir work/zone/n/desert/desert-bigdam-02.dds	1
Zone/ymir work/zone/nusluck/top_02.dds	d:/ymir work/zone/nusluck/top_02.dds	1
Zone/ymir work/zone/n/obj/snow.m/general_obj_fence04.mdatr	d:/ymir work/zone/n/obj/snow.m/general_obj_fence04.mdatr	0
Zone/ymir work/zone/b/building/b1-middledam-stonedoor_model.gr2	d:/ymir work/zone/b/building/b1-middledam-stonedoor_model.gr2	0
Zone/ymir work/zone/n/obj/map_n_desert_01/b_general_obj_01_1.mdatr	d:/ymir work/zone/n/obj/map_n_desert_01/b_general_obj_01_1.mdatr	0
Zone/ymir work/zone/a/building/a1-middledam-05.mdatr	d:/ymir work/zone/a/building/a1-middledam-05.mdatr	0
Zone/ymir work/zone/a/building/a1-middledam-06.gr2	d:/ymir work/zone/a/building/a1-middledam-06.gr2	0
Zone/ymir work/zone/ghost/obj/general_obj_bigtower11_01.gr2	d:/ymir work/zone/ghost/obj/general_obj_bigtower11_01.gr2	0
Zone/ymir work/zone/b/building/b1-006-castle01.gr2	d:/ymir work/zone/b/building/b1-006-castle01.gr2	0
Zone/ymir work/zone/n/obj/map_n_desert_01/b_general_obj_09.gr2	d:/ymir work/zone/n/obj/map_n_desert_01/b_general_obj_09.gr2	0
Zone/ymir work/zone/a/building/a1-middledam-07.gr2	d:/ymir work/zone/a/building/a1-middledam-07.gr2	0
Zone/ymir work/zone/b/obj/ob-tower01.mdatr	d:/ymir work/zone/b/obj/ob-tower01.mdatr	0
Zone/ymir work/zone/ghost/c1-033-guesthouse-02_01.mdatr	d:/ymir work/zone/ghost/c1-033-guesthouse-02_01.mdatr	0
Zone/ymir work/zone/a/building/a1-middledam-07.mdatr	d:/ymir work/zone/a/building/a1-middledam-07.mdatr	0
Zone/ymir work/zone/n/obj/snow.m/snow_building04_03.dds	d:/ymir work/zone/n/obj/snow.m/snow_building04_03.dds	1
Zone/ymir work/zone/b/obj/general_obj_bigtoewr05.mdatr	d:/ymir work/zone/b/obj/general_obj_bigtoewr05.mdatr	0
Zone/ymir work/zone/b/obj/ob-10-02.dds	d:/ymir work/zone/b/obj/ob-10-02.dds	1
Zone/ymir work/zone/n/desert/desert-middledam-05_lod_01.gr2	d:/ymir work/zone/n/desert/desert-middledam-05_lod_01.gr2	0
Zone/ymir work/zone/n/obj/map_n_flame_01/general_obj_stoneimage.dds	d:/ymir work/zone/n/obj/map_n_flame_01/general_obj_stoneimage.dds	1
Zone/ymir work/zone/n/desert/desert-middledam-03.mdatr	d:/ymir work/zone/n/desert/desert-middledam-03.mdatr	0
Zone/ymir work/zone/a/building/a1-rms-001.gr2	d:/ymir work/zone/a/building/a1-rms-001.gr2	0
Zone/ymir work/zone/b/building/b1-middledam-stonedoor_ani_close.gr2	d:/ymir work/zone/b/building/b1-middledam-stonedoor_ani_close.gr2	0
Zone/ymir work/zone/a/building/a1-rms-001_2.dds	d:/ymir work/zone/a/building/a1-rms-001_2.dds	1
Zone/ymir work/zone/b/obj/general_obj_drum.gr2	d:/ymir work/zone/b/obj/general_obj_drum.gr2	0
Zone/ymir work/zone/n/obj/snow.m/landmark-01-bellhouse.gr2	d:/ymir work/zone/n/obj/snow.m/landmark-01-bellhouse.gr2	0
Zone/ymir work/zone/a/building/a1s-002-inwall-01.gr2	d:/ymir work/zone/a/building/a1s-002-inwall-01.gr2	0
Zone/ymir work/zone/a/building/a1s-002-inwall-01.mdatr	d:/ymir work/zone/a/building/a1s-002-inwall-01.mdatr	0
Zone/ymir work/zone/b/building/b1-bigdam-03.mdatr	d:/ymir work/zone/b/building/b1-bigdam-03.mdatr	0
Zone/ymir work/zone/b/obj/general_obj_stone02.gr2	d:/ymir work/zone/b/obj/general_obj_stone02.gr2	0
Zone/ymir work/zone/n/obj/snow.m/snow-middledam-01.prb	d:/ymir work/zone/n/obj/snow.m/snow-middledam-01.prb	0
Zone/ymir work/zone/a/building/a1s-002-inwall-02.gr2	d:/ymir work/zone/a/building/a1s-002-inwall-02.gr2	0
Zone/ymir work/zone/a/building/a1s-002-inwall-02.mdatr	d:/ymir work/zone/a/building/a1s-002-inwall-02.mdatr	0
Zone/ymir work/zone/b/obj/general_obj_stoneimage.dds	d:/ymir work/zone/b/obj/general_obj_stoneimage.dds	1
Zone/ymir work/zone/a/building/a1s-017-01.dds	d:/ymir work/zone/a/building/a1s-017-01.dds	1
Zone/ymir work/zone/b/obj/b_general_obj_01_3.mdatr	d:/ymir work/zone/b/obj/b_general_obj_01_3.mdatr	0
Zone/ymir work/zone/b/obj/ob-12-05.mdatr	d:/ymir work/zone/b/obj/ob-12-05.mdatr	0
Zone/ymir work/zone/a/building/a1s-017-02.dds	d:/ymir work/zone/a/building/a1s-017-02.dds	1
Zone/ymir work/zone/b/obj/ob-11-05-bonelight_02.gr2	d:/ymir work/zone/b/obj/ob-11-05-bonelight_02.gr2	0
Zone/ymir work/zone/b/obj/ob-11-03-bonetunnel02_03.gr2	d:/ymir work/zone/b/obj/ob-11-03-bonetunnel02_03.gr2	0
Zone/ymir work/zone/n/obj/snow.m/snow-bigdam-06.prb	d:/ymir work/zone/n/obj/snow.m/snow-bigdam-06.prb	0
Zone/ymir work/zone/b/obj/ob-12-03gate03.gr2	d:/ymir work/zone/b/obj/ob-12-03gate03.gr2	0
Zone/ymir work/zone/a/building/a1s-017.gr2	d:/ymir work/zone/a/building/a1s-017.gr2	0
Zone/ymir work/zone/n/obj/snow.m/obj-0006.mdatr	d:/ymir work/zone/n/obj/snow.m/obj-0006.mdatr	0
Zone/ymir work/zone/b/obj/general_obj_bigstone10.gr2	d:/ymir work/zone/b/obj/general_obj_bigstone10.gr2	0
Zone/ymir work/zone/b/building/b1-033-guesthouse-01.mdatr	d:/ymir work/zone/b/building/b1-033-guesthouse-01.mdatr	0
Zone/ymir work/zone/a/building/a1s-017.mdatr	d:/ymir work/zone/a/building/a1s-017.mdatr	0
Zone/ymir work/zone/a/building/a1_018-stonelight-1.gr2	d:/ymir work/zone/a/building/a1_018-stonelight-1.gr2	0
Zone/ymir work/zone/b/building/b1-038-wall-lin2.mdatr	d:/ymir work/zone/b/building/b1-038-wall-lin2.mdatr	0
Zone/ymir work/zone/b/obj/general_obj_bigtoewr02.mdatr	d:/ymir work/zone/b/obj/general_obj_bigtoewr02.mdatr	0
Zone/ymir work/zone/dungeon/spider_dungeon/spider_dungeon_04.dds	d:/ymir work/zone/dungeon/spider_dungeon/spider_dungeon_04.dds	1
Zone/ymir work/zone/n/obj/snow.m/nsm-general_obj_06.gr2	d:/ymir work/zone/n/obj/snow.m/nsm-general_obj_06.gr2	0
Zone/ymir work/zone/b/obj/obj-0001.gr2	d:/ymir work/zone/b/obj/obj-0001.gr2	0
Zone/ymir work/zone/a/building/a1_018-stonelight-1.mdatr	d:/ymir work/zone/a/building/a1_018-stonelight-1.mdatr	0
Zone/ymir work/zone/b/building/b1_018-stonelight-1.gr2	d:/ymir work/zone/b/building/b1_018-stonelight-1.gr2	0
Zone/ymir work/zone/n/obj/snow.m/nsm-general_obj_07_lod_01.gr2	d:/ymir work/zone/n/obj/snow.m/nsm-general_obj_07_lod_01.gr2	0
Zone/ymir work/zone/b/obj/general_obj_stoneimage01.mdatr	d:/ymir work/zone/b/obj/general_obj_stoneimage01.mdatr	0
Zone/ymir work/zone/ghost/c1-033-guesthouse-02_02.dds	d:/ymir work/zone/ghost/c1-033-guesthouse-02_02.dds	1
Zone/ymir work/zone/a/building/a1_018-stonelight.gr2	d:/ymir work/zone/a/building/a1_018-stonelight.gr2	0
Zone/ymir work/zone/b/obj/general_obj_bigtoewr09.gr2	d:/ymir work/zone/b/obj/general_obj_bigtoewr09.gr2	0
Zone/ymir work/zone/a/building/a1_018-stonelight.mdatr	d:/ymir work/zone/a/building/a1_018-stonelight.mdatr	0
Zone/ymir work/zone/dungeon/monkey_dungeon/20050218/monkey02_dungeon_cave02.gr2	d:/ymir work/zone/dungeon/monkey_dungeon/20050218/monkey02_dungeon_cave02.gr2	0
Zone/ymir work/zone/c/building/c1-033-guesthouse-02.mdatr	d:/ymir work/zone/c/building/c1-033-guesthouse-02.mdatr	0
Zone/ymir work/zone/a/building/vssver.scc	d:/ymir work/zone/a/building/vssver.scc	0
Zone/ymir work/zone/b/obj/b_general_obj_29.gr2	d:/ymir work/zone/b/obj/b_general_obj_29.gr2	0
Zone/ymir work/zone/b/building/b1-001-house3.dds	d:/ymir work/zone/b/building/b1-001-house3.dds	1
Zone/ymir work/zone/dungeon/monkey_dungeon/monkey03_dungeon_cave01.gr2	d:/ymir work/zone/dungeon/monkey_dungeon/monkey03_dungeon_cave01.gr2	0
Zone/ymir work/zone/n/desert/desert_building04_01.dds	d:/ymir work/zone/n/desert/desert_building04_01.dds	1
Zone/ymir work/zone/n/obj/map_n_flame_01/general_obj_bigtower09.mdatr	d:/ymir work/zone/n/obj/map_n_flame_01/general_obj_bigtower09.mdatr	0
Zone/ymir work/zone/dungeon/haven_dungeon/light_passi_top.dds	d:/ymir work/zone/dungeon/haven_dungeon/light_passi_top.dds	1
Zone/ymir work/zone/b/obj/general_obj_target 02.mdatr	d:/ymir work/zone/b/obj/general_obj_target 02.mdatr	0
Zone/ymir work/zone/b/building/b1-008-house5-03.dds	d:/ymir work/zone/b/building/b1-008-house5-03.dds	1
Zone/ymir work/zone/n/desert/desert-bigstone04.gr2	d:/ymir work/zone/n/desert/desert-bigstone04.gr2	0
Zone/ymir work/zone/c/building/c1-035-woodgate.gr2	d:/ymir work/zone/c/building/c1-035-woodgate.gr2	0
Zone/ymir work/zone/b/building/b1-001-house3.gr2	d:/ymir work/zone/b/building/b1-001-house3.gr2	0
Zone/ymir work/zone/b/obj/ob-11-02-stonelight03.gr2	d:/ymir work/zone/b/obj/ob-11-02-stonelight03.gr2	0
Zone/ymir work/zone/c/building/c1-001-house3.gr2	d:/ymir work/zone/c/building/c1-001-house3.gr2	0
Zone/ymir work/zone/n/obj/map_n_desert_01/general_obj_bigtoewr01.mdatr	d:/ymir work/zone/n/obj/map_n_desert_01/general_obj_bigtoewr01.mdatr	0
Zone/ymir work/zone/b/obj/general_obj_stump.mdatr	d:/ymir work/zone/b/obj/general_obj_stump.mdatr	0
Zone/ymir work/zone/b/building/b1-001-house3.mdatr	d:/ymir work/zone/b/building/b1-001-house3.mdatr	0
Zone/ymir work/zone/b/building/b1-001-house3_lod_01.gr2	d:/ymir work/zone/b/building/b1-001-house3_lod_01.gr2	0
Zone/ymir work/zone/dungeon/monkey_dungeon/monkey_dungeon_cave03.gr2	d:/ymir work/zone/dungeon/monkey_dungeon/monkey_dungeon_cave03.gr2	0
Zone/ymir work/zone/b/obj/general_obj_bigstone05.gr2	d:/ymir work/zone/b/obj/general_obj_bigstone05.gr2	0
Zone/ymir work/zone/n/obj/snow.m/snow-bigdam-03.dds	d:/ymir work/zone/n/obj/snow.m/snow-bigdam-03.dds	1
Zone/ymir work/zone/b/obj/ob-11-02-stonelight02.mdatr	d:/ymir work/zone/b/obj/ob-11-02-stonelight02.mdatr	0
Zone/ymir work/zone/dungeon/haven_dungeon/tower.dds	d:/ymir work/zone/dungeon/haven_dungeon/tower.dds	1
Zone/ymir work/zone/b/building/b1-004-hause2.dds	d:/ymir work/zone/b/building/b1-004-hause2.dds	1
Zone/ymir work/zone/b/building/b1-004-house2.gr2	d:/ymir work/zone/b/building/b1-004-house2.gr2	0
Zone/ymir work/zone/dungeon/resources_picking_zon/resources_picking_wall.mdatr	d:/ymir work/zone/dungeon/resources_picking_zon/resources_picking_wall.mdatr	0
Zone/ymir work/zone/b/building/b1-006-castle-02.dds	d:/ymir work/zone/b/building/b1-006-castle-02.dds	1
Zone/ymir work/zone/b/building/b1-006-castle-03.dds	d:/ymir work/zone/b/building/b1-006-castle-03.dds	1
Zone/ymir work/zone/b/obj/b_general_obj_27.gr2	d:/ymir work/zone/b/obj/b_general_obj_27.gr2	0
Zone/ymir work/zone/b/obj/ob-11-05-bonelight_03.mdatr	d:/ymir work/zone/b/obj/ob-11-05-bonelight_03.mdatr	0
Zone/ymir work/zone/b/building/b1-038-wall-lin2.gr2	d:/ymir work/zone/b/building/b1-038-wall-lin2.gr2	0
Zone/ymir work/zone/b/obj/ob-7-13-building04.mdatr	d:/ymir work/zone/b/obj/ob-7-13-building04.mdatr	0
Zone/ymir work/zone/c/building/c1-033-guesthouse-02.gr2	d:/ymir work/zone/c/building/c1-033-guesthouse-02.gr2	0
Zone/ymir work/zone/n/obj/map_n_desert_01/general_obj_fence04.mdatr	d:/ymir work/zone/n/obj/map_n_desert_01/general_obj_fence04.mdatr	0
Zone/ymir work/zone/b/building/b1-006-castle-04.dds	d:/ymir work/zone/b/building/b1-006-castle-04.dds	1
Zone/ymir work/zone/c/building/c1-032-shamanhouse.gr2	d:/ymir work/zone/c/building/c1-032-shamanhouse.gr2	0
Zone/ymir work/zone/ghost/obj/general_obj_brazier_01_01.dds	d:/ymir work/zone/ghost/obj/general_obj_brazier_01_01.dds	1
Zone/ymir work/zone/b/obj/general_obj_jar_blue01.gr2	d:/ymir work/zone/b/obj/general_obj_jar_blue01.gr2	0
Zone/ymir work/zone/b/obj/general_obj_bigstone09.gr2	d:/ymir work/zone/b/obj/general_obj_bigstone09.gr2	0
Zone/ymir work/zone/b/obj/b_general_obj_42.gr2	d:/ymir work/zone/b/obj/b_general_obj_42.gr2	0
Zone/ymir work/zone/c/building/c1-008-house5.gr2	d:/ymir work/zone/c/building/c1-008-house5.gr2	0
Zone/ymir work/zone/ghost/obj/general_obj_fence02_01_01.mdatr	d:/ymir work/zone/ghost/obj/general_obj_fence02_01_01.mdatr	0
Zone/ymir work/zone/b/obj/general_obj_jar_red01-01.mdatr	d:/ymir work/zone/b/obj/general_obj_jar_red01-01.mdatr	0
Zone/ymir work/zone/b/building/b1-006-castle-05.dds	d:/ymir work/zone/b/building/b1-006-castle-05.dds	1
Zone/ymir work/zone/b/building/b1-006-castle.gr2	d:/ymir work/zone/b/building/b1-006-castle.gr2	0
Zone/ymir work/zone/b/obj/b_general_obj_26.mdatr	d:/ymir work/zone/b/obj/b_general_obj_26.mdatr	0
Zone/ymir work/zone/n/obj/snow.m/nsm-022-10m-bridge.gr2	d:/ymir work/zone/n/obj/snow.m/nsm-022-10m-bridge.gr2	0
Zone/ymir work/zone/n/desert/desert_woodfence01.mdatr	d:/ymir work/zone/n/desert/desert_woodfence01.mdatr	0
Zone/ymir work/zone/b/obj/b-general_external01.mdatr	d:/ymir work/zone/b/obj/b-general_external01.mdatr	0
Zone/ymir work/zone/b/tree/c/greenash_rt_03.spt	d:/ymir work/zone/b/tree/c/greenash_rt_03.spt	1
Zone/ymir work/zone/b/obj/b_general_obj_24.mdatr	d:/ymir work/zone/b/obj/b_general_obj_24.mdatr	0
Zone/ymir work/zone/n/milgyo/milgyo_building02_04.dds	d:/ymir work/zone/n/milgyo/milgyo_building02_04.dds	1
Zone/ymir work/zone/b/obj/b_general_obj_19.mdatr	d:/ymir work/zone/b/obj/b_general_obj_19.mdatr	0
Zone/ymir work/zone/ghost/obj/b_general_obj_22_01.gr2	d:/ymir work/zone/ghost/obj/b_general_obj_22_01.gr2	0
Zone/ymir work/zone/n/obj/snow.m/general_obj_stone01.mdatr	d:/ymir work/zone/n/obj/snow.m/general_obj_stone01.mdatr	0
Zone/ymir work/zone/b/obj/landmark_observatory.mdatr	d:/ymir work/zone/b/obj/landmark_observatory.mdatr	0
Zone/ymir work/zone/b/building/b1-006-castle.mdatr	d:/ymir work/zone/b/building/b1-006-castle.mdatr	0
Zone/ymir work/zone/b/obj/ob-11-02-stonelight01.mdatr	d:/ymir work/zone/b/obj/ob-11-02-stonelight01.mdatr	0
Zone/ymir work/zone/b/building/b1-007-itemshop-02.dds	d:/ymir work/zone/b/building/b1-007-itemshop-02.dds	1
Zone/ymir work/zone/b/obj/b_general_obj_01.gr2	d:/ymir work/zone/b/obj/b_general_obj_01.gr2	0
Zone/ymir work/zone/duel/ring.mdatr	d:/ymir work/zone/duel/ring.mdatr	0
Zone/ymir work/zone/b/obj/b_general_obj_01_1.mdatr	d:/ymir work/zone/b/obj/b_general_obj_01_1.mdatr	0
Zone/ymir work/zone/b/building/b1-007-itemshop_lod_01.gr2	d:/ymir work/zone/b/building/b1-007-itemshop_lod_01.gr2	0
Zone/ymir work/zone/b/building/b1-035-woodgate.mdatr	d:/ymir work/zone/b/building/b1-035-woodgate.mdatr	0
Zone/ymir work/zone/b/building/b1-bigdam-02.gr2	d:/ymir work/zone/b/building/b1-bigdam-02.gr2	0
Zone/ymir work/zone/b/obj/hay_02.dds	d:/ymir work/zone/b/obj/hay_02.dds	1
Zone/ymir work/zone/b/obj/general_obj_stone06.mdatr	d:/ymir work/zone/b/obj/general_obj_stone06.mdatr	0
Zone/ymir work/zone/b/obj/obj-0002.gr2	d:/ymir work/zone/b/obj/obj-0002.gr2	0
Zone/ymir work/zone/b/obj/warpgate03_01.mdatr	d:/ymir work/zone/b/obj/warpgate03_01.mdatr	0
Zone/ymir work/zone/b/obj/b_general_obj_12.gr2	d:/ymir work/zone/b/obj/b_general_obj_12.gr2	0
Zone/ymir work/zone/n/obj/snow.m/general_obj_bigstonegate02_lod_01.gr2	d:/ymir work/zone/n/obj/snow.m/general_obj_bigstonegate02_lod_01.gr2	0
Zone/ymir work/zone/b/obj/general_obj_lamp.mdatr	d:/ymir work/zone/b/obj/general_obj_lamp.mdatr	0
Zone/ymir work/zone/b/building/b1-008-house5-01.dds	d:/ymir work/zone/b/building/b1-008-house5-01.dds	1
Zone/ymir work/zone/n/obj/snow.m/warpgate02_01.mdatr	d:/ymir work/zone/n/obj/snow.m/warpgate02_01.mdatr	0
Zone/ymir work/zone/b/building/b1-008-house5_lod_01.gr2	d:/ymir work/zone/b/building/b1-008-house5_lod_01.gr2	0
Zone/ymir work/zone/dungeon/monkey_dungeon/monkey02_dungeon_cave02.mdatr	d:/ymir work/zone/dungeon/monkey_dungeon/monkey02_dungeon_cave02.mdatr	0
Zone/ymir work/zone/b/obj/ob-12-03gate06.mdatr	d:/ymir work/zone/b/obj/ob-12-03gate06.mdatr	0
Zone/ymir work/zone/n/obj/snow.m/snow-bigdam-03.mdatr	d:/ymir work/zone/n/obj/snow.m/snow-bigdam-03.mdatr	0
Zone/ymir work/zone/n/obj/snow.m/general_obj_stone04.dds	d:/ymir work/zone/n/obj/snow.m/general_obj_stone04.dds	1
Zone/ymir work/zone/b/obj/ob-11-01-skeletontower06.gr2	d:/ymir work/zone/b/obj/ob-11-01-skeletontower06.gr2	0
Zone/ymir work/zone/b/building/b1-009-hotel.gr2	d:/ymir work/zone/b/building/b1-009-hotel.gr2	0
Zone/ymir work/zone/b/obj/general_obj_brazier_01.gr2	d:/ymir work/zone/b/obj/general_obj_brazier_01.gr2	0
Zone/ymir work/zone/oxevent/ox_01.mdatr	d:/ymir work/zone/oxevent/ox_01.mdatr	0
Zone/ymir work/zone/b/building/b1-009-hotel.mdatr	d:/ymir work/zone/b/building/b1-009-hotel.mdatr	0
Zone/ymir work/zone/ghost/c1-033-guesthouse-02_01.gr2	d:/ymir work/zone/ghost/c1-033-guesthouse-02_01.gr2	0
Zone/ymir work/zone/b/obj/ob-bigstone02.mdatr	d:/ymir work/zone/b/obj/ob-bigstone02.mdatr	0
Zone/ymir work/zone/b/obj/general_obj_charcoal.mdatr	d:/ymir work/zone/b/obj/general_obj_charcoal.mdatr	0
Zone/ymir work/zone/c/building/c1-middledam-04.gr2	d:/ymir work/zone/c/building/c1-middledam-04.gr2	0
Zone/ymir work/zone/b/building/b1-009-hotel01.dds	d:/ymir work/zone/b/building/b1-009-hotel01.dds	1
Zone/ymir work/zone/b/building/b1-009-hotel03.dds	d:/ymir work/zone/b/building/b1-009-hotel03.dds	1
Zone/ymir work/zone/ghost/obj/obj-0010jomyoung-all_01.dds	d:/ymir work/zone/ghost/obj/obj-0010jomyoung-all_01.dds	1
Zone/ymir work/zone/b/obj/general_obj_cliffgate_wall01.gr2	d:/ymir work/zone/b/obj/general_obj_cliffgate_wall01.gr2	0
Zone/ymir work/zone/c/building/c1-031-tower.mdatr	d:/ymir work/zone/c/building/c1-031-tower.mdatr	0
Zone/ymir work/zone/n/obj/snow.m/general_obj_stone10_lod_01.gr2	d:/ymir work/zone/n/obj/snow.m/general_obj_stone10_lod_01.gr2	0
Zone/ymir work/zone/b/obj/ob-11-03-bonetunnel02_14.gr2	d:/ymir work/zone/b/obj/ob-11-03-bonetunnel02_14.gr2	0
Zone/ymir work/zone/b/obj/ob-11-03-bonetunnel02_09.mdatr	d:/ymir work/zone/b/obj/ob-11-03-bonetunnel02_09.mdatr	0
Zone/ymir work/zone/b/building/b1-010-bank-01.dds	d:/ymir work/zone/b/building/b1-010-bank-01.dds	1
Zone/ymir work/zone/dungeon/devil_tower/deviltowergate02.dds	d:/ymir work/zone/dungeon/devil_tower/deviltowergate02.dds	1
Zone/ymir work/zone/b/obj/ob-11-03-bonetunnel04_05.gr2	d:/ymir work/zone/b/obj/ob-11-03-bonetunnel04_05.gr2	0
Zone/ymir work/zone/b/obj/b_general_obj_07.gr2	d:/ymir work/zone/b/obj/b_general_obj_07.gr2	0
Zone/ymir work/zone/b/tree/1/montereycypress_rt3.spt	d:/ymir work/zone/b/tree/1/montereycypress_rt3.spt	1
Zone/ymir work/zone/b/building/b1-010-bank-02.dds	d:/ymir work/zone/b/building/b1-010-bank-02.dds	1
Zone/ymir work/zone/b/obj/ob-7-01.mdatr	d:/ymir work/zone/b/obj/ob-7-01.mdatr	0
Zone/ymir work/zone/b/building/b1-010-bank-03.dds	d:/ymir work/zone/b/building/b1-010-bank-03.dds	1
Zone/ymir work/zone/b/obj/general_obj_bigtoewr07.mdatr	d:/ymir work/zone/b/obj/general_obj_bigtoewr07.mdatr	0
Zone/ymir work/zone/n/obj/snow.m/ob-7-02-01.gr2	d:/ymir work/zone/n/obj/snow.m/ob-7-02-01.gr2	0
Zone/ymir work/zone/b/obj/structure_top_collector.dds	d:/ymir work/zone/b/obj/structure_top_collector.dds	1
Zone/ymir work/zone/b/building/b1-010-bank-04.dds	d:/ymir work/zone/b/building/b1-010-bank-04.dds	1
Zone/ymir work/zone/dungeon/monkey_dungeon/20050218/monkey_dungeon03_objlm.dds	d:/ymir work/zone/dungeon/monkey_dungeon/20050218/monkey_dungeon03_objlm.dds	1
Zone/ymir work/zone/b/obj/general_obj_brazier.mdatr	d:/ymir work/zone/b/obj/general_obj_brazier.mdatr	0
Zone/ymir work/zone/b/building/b1-010-bank.gr2	d:/ymir work/zone/b/building/b1-010-bank.gr2	0
Zone/ymir work/zone/b/building/b1-010-bank.mdatr	d:/ymir work/zone/b/building/b1-010-bank.mdatr	0
Zone/ymir work/zone/b/tree/c/redmaple_rt_03.spt	d:/ymir work/zone/b/tree/c/redmaple_rt_03.spt	1
Zone/ymir work/zone/b/building/b1-010-bank_lod_01.gr2	d:/ymir work/zone/b/building/b1-010-bank_lod_01.gr2	0
Zone/ymir work/zone/b/building/b1-011-workhouse-01.dds	d:/ymir work/zone/b/building/b1-011-workhouse-01.dds	1
Zone/ymir work/zone/b/building/b1-011-workhouse-02.dds	d:/ymir work/zone/b/building/b1-011-workhouse-02.dds	1
Zone/ymir work/zone/b/building/b1-011-workhouse-03.dds	d:/ymir work/zone/b/building/b1-011-workhouse-03.dds	1
Zone/ymir work/zone/b/obj/b_general_obj_20.mdatr	d:/ymir work/zone/b/obj/b_general_obj_20.mdatr	0
Zone/ymir work/zone/n/obj/snow.m/nsm-022-10m-bridge.mdatr	d:/ymir work/zone/n/obj/snow.m/nsm-022-10m-bridge.mdatr	0
Zone/ymir work/zone/n/obj/snow.m/general_obj_bigstonegate01.mdatr	d:/ymir work/zone/n/obj/snow.m/general_obj_bigstonegate01.mdatr	0
Zone/ymir work/zone/n/obj/map_n_flame_01/general_obj_bigtower10.gr2	d:/ymir work/zone/n/obj/map_n_flame_01/general_obj_bigtower10.gr2	0
Zone/ymir work/zone/b/building/b1-011-workhouse.gr2	d:/ymir work/zone/b/building/b1-011-workhouse.gr2	0
Zone/ymir work/zone/b/building/b1-013-6tower.gr2	d:/ymir work/zone/b/building/b1-013-6tower.gr2	0
Zone/ymir work/zone/n/obj/map_n_flame_01/general_obj_bigtower05.mdatr	d:/ymir work/zone/n/obj/map_n_flame_01/general_obj_bigtower05.mdatr	0
Zone/ymir work/zone/ghost/b1-001-house3_01_01.gr2	d:/ymir work/zone/ghost/b1-001-house3_01_01.gr2	0
Zone/ymir work/zone/b/building/b1-011-workhouse.mdatr	d:/ymir work/zone/b/building/b1-011-workhouse.mdatr	0
Zone/ymir work/zone/n/obj/snow.m/snow-004-house2.gr2	d:/ymir work/zone/n/obj/snow.m/snow-004-house2.gr2	0
Zone/ymir work/zone/n/obj/map_n_flame_01/general_obj_stoneimage01.gr2	d:/ymir work/zone/n/obj/map_n_flame_01/general_obj_stoneimage01.gr2	0
Zone/ymir work/zone/b/obj/ob-b1-001-box03.gr2	d:/ymir work/zone/b/obj/ob-b1-001-box03.gr2	0
Zone/ymir work/zone/dungeon/monkey_dungeon/monkey03_dungeon_cave04.gr2	d:/ymir work/zone/dungeon/monkey_dungeon/monkey03_dungeon_cave04.gr2	0
Zone/ymir work/zone/n/obj/snow.m/general_obj_stoneimage03.gr2	d:/ymir work/zone/n/obj/snow.m/general_obj_stoneimage03.gr2	0
Zone/ymir work/zone/b/building/b1-033-guesthouse-02.mdatr	d:/ymir work/zone/b/building/b1-033-guesthouse-02.mdatr	0
Zone/ymir work/zone/b/obj/general_obj_stone15.dds	d:/ymir work/zone/b/obj/general_obj_stone15.dds	1
Zone/ymir work/zone/b/obj/ob-12-03gate02.gr2	d:/ymir work/zone/b/obj/ob-12-03gate02.gr2	0
Zone/ymir work/zone/b/building/b1-011-workhouse_lod_01.gr2	d:/ymir work/zone/b/building/b1-011-workhouse_lod_01.gr2	0
Zone/ymir work/zone/b/building/b1-013-6tower-01.dds	d:/ymir work/zone/b/building/b1-013-6tower-01.dds	1
Zone/ymir work/zone/b/building/b1-013-6tower-02.dds	d:/ymir work/zone/b/building/b1-013-6tower-02.dds	1
Zone/ymir work/zone/dungeon/monkey_dungeon/monkey02_dungeon_cave01.mdatr	d:/ymir work/zone/dungeon/monkey_dungeon/monkey02_dungeon_cave01.mdatr	0
Zone/ymir work/zone/b/obj/b_general_obj_06.gr2	d:/ymir work/zone/b/obj/b_general_obj_06.gr2	0
Zone/ymir work/zone/b/obj/b_general_obj_29.mdatr	d:/ymir work/zone/b/obj/b_general_obj_29.mdatr	0
Zone/ymir work/zone/b/obj/ob-10-01.dds	d:/ymir work/zone/b/obj/ob-10-01.dds	1
Zone/ymir work/zone/dungeon/monkey_dungeon/20050218/monkey03_dungeon01.gr2	d:/ymir work/zone/dungeon/monkey_dungeon/20050218/monkey03_dungeon01.gr2	0
Zone/ymir work/zone/ghost/obj/general_obj_bigtower04_01.gr2	d:/ymir work/zone/ghost/obj/general_obj_bigtower04_01.gr2	0
Zone/ymir work/zone/b/building/b1-middledam-door.dds	d:/ymir work/zone/b/building/b1-middledam-door.dds	1
Zone/ymir work/zone/b/building/b1-018-stonelight-01.dds	d:/ymir work/zone/b/building/b1-018-stonelight-01.dds	1
Zone/ymir work/zone/duel/a1-038-wall-corner_duel.gr2	d:/ymir work/zone/duel/a1-038-wall-corner_duel.gr2	0
Zone/ymir work/zone/ghost/obj/b_general_obj_18_01.dds	d:/ymir work/zone/ghost/obj/b_general_obj_18_01.dds	1
Zone/ymir work/zone/b/building/b1-016-house9.dds	d:/ymir work/zone/b/building/b1-016-house9.dds	1
Zone/ymir work/zone/dungeon/haven_dungeon/light_boss_bottom.dds	d:/ymir work/zone/dungeon/haven_dungeon/light_boss_bottom.dds	1
Zone/ymir work/zone/b/obj/general_obj_stone05.gr2	d:/ymir work/zone/b/obj/general_obj_stone05.gr2	0
Zone/ymir work/zone/b/building/b1-middledam-01.gr2	d:/ymir work/zone/b/building/b1-middledam-01.gr2	0
Zone/ymir work/zone/b/building/b1-016-house9.gr2	d:/ymir work/zone/b/building/b1-016-house9.gr2	0
Zone/ymir work/zone/b/obj/general_obj_bigtoewr09.mdatr	d:/ymir work/zone/b/obj/general_obj_bigtoewr09.mdatr	0
Zone/ymir work/zone/dungeon/monkey_dungeon/20050218/monkey03_dungeon02.mdatr	d:/ymir work/zone/dungeon/monkey_dungeon/20050218/monkey03_dungeon02.mdatr	0
Zone/ymir work/zone/b/building/b1-016-house9.mdatr	d:/ymir work/zone/b/building/b1-016-house9.mdatr	0
Zone/ymir work/zone/b/building/b1-middledam-02.gr2	d:/ymir work/zone/b/building/b1-middledam-02.gr2	0
Zone/ymir work/zone/b/building/b1-016-house9_lod_01.gr2	d:/ymir work/zone/b/building/b1-016-house9_lod_01.gr2	0
Zone/ymir work/zone/b/obj/general_obj_carriage.gr2	d:/ymir work/zone/b/obj/general_obj_carriage.gr2	0
Zone/ymir work/zone/n/obj/snow.m/general_obj_carriage.gr2	d:/ymir work/zone/n/obj/snow.m/general_obj_carriage.gr2	0
Zone/ymir work/zone/b/building/b1-022-10m-bridge.dds	d:/ymir work/zone/b/building/b1-022-10m-bridge.dds	1
Zone/ymir work/zone/nusluck/tent_01.mdatr	d:/ymir work/zone/nusluck/tent_01.mdatr	0
Zone/ymir work/zone/b/obj/general_obj_breakenbox02.mdatr	d:/ymir work/zone/b/obj/general_obj_breakenbox02.mdatr	0
Zone/ymir work/zone/n/milgyo/milgyo_brazier.mdatr	d:/ymir work/zone/n/milgyo/milgyo_brazier.mdatr	0
Zone/ymir work/zone/b/obj/ob-11-05-bonetomb_02.mdatr	d:/ymir work/zone/b/obj/ob-11-05-bonetomb_02.mdatr	0
Zone/ymir work/zone/b/building/b1-022-10m-bridge.gr2	d:/ymir work/zone/b/building/b1-022-10m-bridge.gr2	0
Zone/ymir work/zone/dungeon/haven_dungeon/light_passic_wall.dds	d:/ymir work/zone/dungeon/haven_dungeon/light_passic_wall.dds	1
Zone/ymir work/zone/b/building/b1-022-10m-bridge.mdatr	d:/ymir work/zone/b/building/b1-022-10m-bridge.mdatr	0
Zone/ymir work/zone/dungeon/spider_dungeon/spider_dungeon04.gr2	d:/ymir work/zone/dungeon/spider_dungeon/spider_dungeon04.gr2	0
Zone/ymir work/zone/b/obj/b_general_obj_36.mdatr	d:/ymir work/zone/b/obj/b_general_obj_36.mdatr	0
Zone/ymir work/zone/b/tree/1/sassafras_rt_fall2.spt	d:/ymir work/zone/b/tree/1/sassafras_rt_fall2.spt	1
Zone/ymir work/zone/b/building/b1-024-10m-bridge-1.dds	d:/ymir work/zone/b/building/b1-024-10m-bridge-1.dds	1
Zone/ymir work/zone/ghost/obj/c1-004-house2_02_01.mdatr	d:/ymir work/zone/ghost/obj/c1-004-house2_02_01.mdatr	0
Zone/ymir work/zone/b/building/b1-bigdam-05.gr2	d:/ymir work/zone/b/building/b1-bigdam-05.gr2	0
Zone/ymir work/zone/n/obj/snow.m/general_obj_stone03.dds	d:/ymir work/zone/n/obj/snow.m/general_obj_stone03.dds	1
Zone/ymir work/zone/b/building/b1-024-10m-bridge-2.dds	d:/ymir work/zone/b/building/b1-024-10m-bridge-2.dds	1
Zone/ymir work/zone/n/obj/snow.m/nsm-035-woodgate.mdatr	d:/ymir work/zone/n/obj/snow.m/nsm-035-woodgate.mdatr	0
Zone/ymir work/zone/b/building/b1-024-10m-bridge.gr2	d:/ymir work/zone/b/building/b1-024-10m-bridge.gr2	0
Zone/ymir work/zone/dungeon/haven_dungeon/bossroom_heigh.mdatr	d:/ymir work/zone/dungeon/haven_dungeon/bossroom_heigh.mdatr	0
Zone/ymir work/zone/b/obj/general_obj_jar_yellow01.gr2	d:/ymir work/zone/b/obj/general_obj_jar_yellow01.gr2	0
Zone/ymir work/zone/n/obj/snow.m/snow_brazier.mdatr	d:/ymir work/zone/n/obj/snow.m/snow_brazier.mdatr	0
Zone/ymir work/zone/b/building/b1-031-tower.gr2	d:/ymir work/zone/b/building/b1-031-tower.gr2	0
Zone/ymir work/zone/dungeon/devil_tower/deviltowergate04.dds	d:/ymir work/zone/dungeon/devil_tower/deviltowergate04.dds	1
Zone/ymir work/zone/dungeon/monkey_dungeon/monkey_dungeon01_lightingmap.dds	d:/ymir work/zone/dungeon/monkey_dungeon/monkey_dungeon01_lightingmap.dds	1
Zone/ymir work/zone/b/building/b1-middledam-01.dds	d:/ymir work/zone/b/building/b1-middledam-01.dds	1
Zone/ymir work/zone/n/obj/map_n_flame_01/general_obj_stonedoor.mdatr	d:/ymir work/zone/n/obj/map_n_flame_01/general_obj_stonedoor.mdatr	0
Zone/ymir work/zone/b/building/b1-031-tower.mdatr	d:/ymir work/zone/b/building/b1-031-tower.mdatr	0
Zone/ymir work/zone/b/obj/b_general_obj_32.gr2	d:/ymir work/zone/b/obj/b_general_obj_32.gr2	0
Zone/ymir work/zone/b/building/b1-031.dds	d:/ymir work/zone/b/building/b1-031.dds	1
Zone/ymir work/zone/c/building/c1-middledam-06.gr2	d:/ymir work/zone/c/building/c1-middledam-06.gr2	0
Zone/ymir work/zone/b/building/b1-032-shamanhouse-1.dds	d:/ymir work/zone/b/building/b1-032-shamanhouse-1.dds	1
Zone/ymir work/zone/ghost/obj/general_obj_lamp_01.mdatr	d:/ymir work/zone/ghost/obj/general_obj_lamp_01.mdatr	0
Zone/ymir work/zone/b/obj/b_general_obj_39.gr2	d:/ymir work/zone/b/obj/b_general_obj_39.gr2	0
Zone/ymir work/zone/b/tree/c/redmaple_rt_02.spt	d:/ymir work/zone/b/tree/c/redmaple_rt_02.spt	1
Zone/ymir work/zone/b/building/b1-032-shamanhouse-2.dds	d:/ymir work/zone/b/building/b1-032-shamanhouse-2.dds	1
Zone/ymir work/zone/n/obj/snow.m/ob-bigstatue01.gr2	d:/ymir work/zone/n/obj/snow.m/ob-bigstatue01.gr2	0
Zone/ymir work/zone/b/building/b1-032-shamanhouse-3.dds	d:/ymir work/zone/b/building/b1-032-shamanhouse-3.dds	1
Zone/ymir work/zone/dungeon/haven_dungeon/big_resource.tga	d:/ymir work/zone/dungeon/haven_dungeon/big_resource.tga	1
Zone/ymir work/zone/b/building/b1-032-shamanhouse.gr2	d:/ymir work/zone/b/building/b1-032-shamanhouse.gr2	0
Zone/ymir work/zone/b/obj/general_obj_bigstonegate.mdatr	d:/ymir work/zone/b/obj/general_obj_bigstonegate.mdatr	0
Zone/ymir work/zone/b/building/b1-033-guesthouse-01.dds	d:/ymir work/zone/b/building/b1-033-guesthouse-01.dds	1
Zone/ymir work/zone/b/building/b1-033-guesthouse-01.gr2	d:/ymir work/zone/b/building/b1-033-guesthouse-01.gr2	0
Zone/ymir work/zone/n/obj/snow.m/snow_4fbuilding_04.dds	d:/ymir work/zone/n/obj/snow.m/snow_4fbuilding_04.dds	1
Zone/ymir work/zone/b/building/b1-033-guesthouse-02.dds	d:/ymir work/zone/b/building/b1-033-guesthouse-02.dds	1
Zone/ymir work/zone/b/obj/general_obj_bigtoewr12.mdatr	d:/ymir work/zone/b/obj/general_obj_bigtoewr12.mdatr	0
Zone/ymir work/zone/b/obj/b-general_external03.mdatr	d:/ymir work/zone/b/obj/b-general_external03.mdatr	0
Zone/ymir work/zone/b/obj/b_general_obj_21.mdatr	d:/ymir work/zone/b/obj/b_general_obj_21.mdatr	0
Zone/ymir work/zone/b/obj/general_obj_jar_red02-01.gr2	d:/ymir work/zone/b/obj/general_obj_jar_red02-01.gr2	0
Zone/ymir work/zone/ghost/obj/b_general_obj_06_01.gr2	d:/ymir work/zone/ghost/obj/b_general_obj_06_01.gr2	0
Zone/ymir work/zone/b/building/b1-033-guesthouse-02_lod_01.gr2	d:/ymir work/zone/b/building/b1-033-guesthouse-02_lod_01.gr2	0
Zone/ymir work/zone/b/building/b1-034-stonedoor-01.dds	d:/ymir work/zone/b/building/b1-034-stonedoor-01.dds	1
Zone/ymir work/zone/ghost/obj/ob-b1-001-box01_01_01.gr2	d:/ymir work/zone/ghost/obj/ob-b1-001-box01_01_01.gr2	0
Zone/ymir work/zone/b/building/b1-034-stonedoor-02.dds	d:/ymir work/zone/b/building/b1-034-stonedoor-02.dds	1
Zone/ymir work/zone/n/desert/desert-006-castle-01.dds	d:/ymir work/zone/n/desert/desert-006-castle-01.dds	1
Zone/ymir work/zone/b/building/b1-034-stonedoor.mdatr	d:/ymir work/zone/b/building/b1-034-stonedoor.mdatr	0
Zone/ymir work/zone/dungeon/monkey_dungeon/20050218/monkey03_dungeon_cave02.mdatr	d:/ymir work/zone/dungeon/monkey_dungeon/20050218/monkey03_dungeon_cave02.mdatr	0
Zone/ymir work/zone/b/building/b1-035-wooddoor.dds	d:/ymir work/zone/b/building/b1-035-wooddoor.dds	1
Zone/ymir work/zone/ghost/b1-001-house3_01.dds	d:/ymir work/zone/ghost/b1-001-house3_01.dds	1
Zone/ymir work/zone/n/desert/desert_tower01.gr2	d:/ymir work/zone/n/desert/desert_tower01.gr2	0
Zone/ymir work/zone/b/obj/general_obj_fence04.gr2	d:/ymir work/zone/b/obj/general_obj_fence04.gr2	0
Zone/ymir work/zone/b/building/b1-035-woodgate.gr2	d:/ymir work/zone/b/building/b1-035-woodgate.gr2	0
Zone/ymir work/zone/n/obj/snow.m/general_obj_watchtower01.mdatr	d:/ymir work/zone/n/obj/snow.m/general_obj_watchtower01.mdatr	0
Zone/ymir work/zone/b/obj/b_general_obj_28.mdatr	d:/ymir work/zone/b/obj/b_general_obj_28.mdatr	0
Zone/ymir work/zone/b/obj/ob-7-02-02.gr2	d:/ymir work/zone/b/obj/ob-7-02-02.gr2	0
Zone/ymir work/zone/b/obj/ob-5-03thiefden_02.dds	d:/ymir work/zone/b/obj/ob-5-03thiefden_02.dds	1
Zone/ymir work/zone/b/building/b1-037-tower.mdatr	d:/ymir work/zone/b/building/b1-037-tower.mdatr	0
Zone/ymir work/zone/ghost/obj/general_obj_brazier_01.dds	d:/ymir work/zone/ghost/obj/general_obj_brazier_01.dds	1
Zone/ymir work/zone/n/obj/snow.m/snow-bigdam-01.dds	d:/ymir work/zone/n/obj/snow.m/snow-bigdam-01.dds	1
Zone/ymir work/zone/b/obj/general_obj_carriage.mdatr	d:/ymir work/zone/b/obj/general_obj_carriage.mdatr	0
Zone/ymir work/zone/n/milgyo/milgyo_building02_02.dds	d:/ymir work/zone/n/milgyo/milgyo_building02_02.dds	1
Zone/ymir work/zone/b/obj/ob-bigstone01.gr2	d:/ymir work/zone/b/obj/ob-bigstone01.gr2	0
Zone/ymir work/zone/n/obj/map_n_desert_01/b_general_obj_06.mdatr	d:/ymir work/zone/n/obj/map_n_desert_01/b_general_obj_06.mdatr	0
Zone/ymir work/zone/b/obj/ob-bigstatue03.gr2	d:/ymir work/zone/b/obj/ob-bigstatue03.gr2	0
Zone/ymir work/zone/dungeon/devil_tower/deviltower_1f_04.dds	d:/ymir work/zone/dungeon/devil_tower/deviltower_1f_04.dds	1
Zone/ymir work/zone/dungeon/spider_dungeon/spider_dungeon03lightingmap.dds	d:/ymir work/zone/dungeon/spider_dungeon/spider_dungeon03lightingmap.dds	1
Zone/ymir work/zone/n/desert/desert-002-inwall-02.gr2	d:/ymir work/zone/n/desert/desert-002-inwall-02.gr2	0
Zone/ymir work/zone/n/obj/snow.m/general_obj_stone06.gr2	d:/ymir work/zone/n/obj/snow.m/general_obj_stone06.gr2	0
Zone/ymir work/zone/b/building/b1-038-wall-corner.gr2	d:/ymir work/zone/b/building/b1-038-wall-corner.gr2	0
Zone/ymir work/zone/n/obj/snow.m/nsm-general_obj_02_lod_01.gr2	d:/ymir work/zone/n/obj/snow.m/nsm-general_obj_02_lod_01.gr2	0
Zone/ymir work/zone/b/building/b1-038-wall-corner.mdatr	d:/ymir work/zone/b/building/b1-038-wall-corner.mdatr	0
Zone/ymir work/zone/b/obj/general_obj_itembox02.gr2	d:/ymir work/zone/b/obj/general_obj_itembox02.gr2	0
Zone/ymir work/zone/dungeon/old_resources picking zon/resources_picking_wall.mdatr	d:/ymir work/zone/dungeon/old_resources picking zon/resources_picking_wall.mdatr	0
Zone/ymir work/zone/b/building/b1-038-wall-door.gr2	d:/ymir work/zone/b/building/b1-038-wall-door.gr2	0
Zone/ymir work/zone/b/obj/b_general_obj_36.gr2	d:/ymir work/zone/b/obj/b_general_obj_36.gr2	0
Zone/ymir work/zone/ghost/obj/general_obj_bigtower08_01.gr2	d:/ymir work/zone/ghost/obj/general_obj_bigtower08_01.gr2	0
Zone/ymir work/zone/n/obj/snow.m/snow-009-hotel02.dds	d:/ymir work/zone/n/obj/snow.m/snow-009-hotel02.dds	1
Zone/ymir work/zone/ghost/b1-007-itemshop-01_01.dds	d:/ymir work/zone/ghost/b1-007-itemshop-01_01.dds	1
Zone/ymir work/zone/dungeon/monkey_dungeon/20050218/monkey03_dungeon03_04lm.dds	d:/ymir work/zone/dungeon/monkey_dungeon/20050218/monkey03_dungeon03_04lm.dds	1
Zone/ymir work/zone/b/obj/landmark_grandstone01.gr2	d:/ymir work/zone/b/obj/landmark_grandstone01.gr2	0
Zone/ymir work/zone/b/building/b1-038-wall-lin.gr2	d:/ymir work/zone/b/building/b1-038-wall-lin.gr2	0
Zone/ymir work/zone/b/obj/general_obj_stone08.mdatr	d:/ymir work/zone/b/obj/general_obj_stone08.mdatr	0
Zone/ymir work/zone/b/building/b1-038-wall-lin.mdatr	d:/ymir work/zone/b/building/b1-038-wall-lin.mdatr	0
Zone/ymir work/zone/b/obj/b_general_obj_04.gr2	d:/ymir work/zone/b/obj/b_general_obj_04.gr2	0
Zone/ymir work/zone/b/obj/b_general_obj_02.dds	d:/ymir work/zone/b/obj/b_general_obj_02.dds	1
Zone/ymir work/zone/b/obj/b_general_obj_34.mdatr	d:/ymir work/zone/b/obj/b_general_obj_34.mdatr	0
Zone/ymir work/zone/b/obj/ob-10-02-wall-corner.gr2	d:/ymir work/zone/b/obj/ob-10-02-wall-corner.gr2	0
Zone/ymir work/zone/dungeon/deviltower2f/deviltower2f.mdatr	d:/ymir work/zone/dungeon/deviltower2f/deviltower2f.mdatr	0
Zone/ymir work/zone/b/obj/general_obj_bigtoewr12.gr2	d:/ymir work/zone/b/obj/general_obj_bigtoewr12.gr2	0
Zone/ymir work/zone/b/building/b1-038-wall.dds	d:/ymir work/zone/b/building/b1-038-wall.dds	1
Zone/ymir work/zone/b/obj/ob-10-02-wall-door.mdatr	d:/ymir work/zone/b/obj/ob-10-02-wall-door.mdatr	0
Zone/ymir work/zone/b/building/b1-038-wall.mdatr	d:/ymir work/zone/b/building/b1-038-wall.mdatr	0
Zone/ymir work/zone/dungeon/spider_dungeon/spider_dungeon_boss.gr2	d:/ymir work/zone/dungeon/spider_dungeon/spider_dungeon_boss.gr2	0
Zone/ymir work/zone/b/obj/b_general_obj_25_1.gr2	d:/ymir work/zone/b/obj/b_general_obj_25_1.gr2	0
Zone/ymir work/zone/dungeon/haven_dungeon/light_passp_pole.dds	d:/ymir work/zone/dungeon/haven_dungeon/light_passp_pole.dds	1
Zone/ymir work/zone/n/obj/snow.m/general_obj_bigstone02_lod_01.gr2	d:/ymir work/zone/n/obj/snow.m/general_obj_bigstone02_lod_01.gr2	0
Zone/ymir work/zone/dungeon/haven_dungeon/skipia_passc.gr2	d:/ymir work/zone/dungeon/haven_dungeon/skipia_passc.gr2	0
Zone/ymir work/zone/n/obj/snow.m/general_obj_carriage_lod_01.gr2	d:/ymir work/zone/n/obj/snow.m/general_obj_carriage_lod_01.gr2	0
Zone/ymir work/zone/n/obj/snow.m/general_obj_bigtower10_lod_01.gr2	d:/ymir work/zone/n/obj/snow.m/general_obj_bigtower10_lod_01.gr2	0
Zone/ymir work/zone/n/obj/snow.m/general_obj_bigtower09.gr2	d:/ymir work/zone/n/obj/snow.m/general_obj_bigtower09.gr2	0
Zone/ymir work/zone/b/obj/ob-b1-005-woodbarrel.mdatr	d:/ymir work/zone/b/obj/ob-b1-005-woodbarrel.mdatr	0
Zone/ymir work/zone/b/building/b1-middledam-06.gr2	d:/ymir work/zone/b/building/b1-middledam-06.gr2	0
Zone/ymir work/zone/b/building/b1-bigdam-01.dds	d:/ymir work/zone/b/building/b1-bigdam-01.dds	1
Zone/ymir work/zone/duel/a1-038-corner_duel.mdatr	d:/ymir work/zone/duel/a1-038-corner_duel.mdatr	0
Zone/ymir work/zone/dungeon/old_resources picking zon/mushroom01.mdatr	d:/ymir work/zone/dungeon/old_resources picking zon/mushroom01.mdatr	0
Zone/ymir work/zone/n/obj/snow.m/general_obj_bigtower12.mdatr	d:/ymir work/zone/n/obj/snow.m/general_obj_bigtower12.mdatr	0
Zone/ymir work/zone/dungeon/monkey_dungeon/monkey01_dungeon03_obj_plt.dds	d:/ymir work/zone/dungeon/monkey_dungeon/monkey01_dungeon03_obj_plt.dds	1
Zone/ymir work/zone/b/building/b1-bigdam-01.mdatr	d:/ymir work/zone/b/building/b1-bigdam-01.mdatr	0
Zone/ymir work/zone/dungeon/monkey_dungeon/monkey01_dungeon03_obj_tablea.dds	d:/ymir work/zone/dungeon/monkey_dungeon/monkey01_dungeon03_obj_tablea.dds	1
Zone/ymir work/zone/b/building/b1-bigdam-02.dds	d:/ymir work/zone/b/building/b1-bigdam-02.dds	1
Zone/ymir work/zone/b/building/b1-bigdam-02.mdatr	d:/ymir work/zone/b/building/b1-bigdam-02.mdatr	0
Zone/ymir work/zone/b/building/b1-bigdam-03.dds	d:/ymir work/zone/b/building/b1-bigdam-03.dds	1
Zone/ymir work/zone/n/obj/snow.m/general_obj_bigtower10.gr2	d:/ymir work/zone/n/obj/snow.m/general_obj_bigtower10.gr2	0
Zone/ymir work/zone/b/obj/b_general_obj_05_1.mdatr	d:/ymir work/zone/b/obj/b_general_obj_05_1.mdatr	0
Zone/ymir work/zone/n/obj/map_n_flame_01/general_obj_bigtower07.gr2	d:/ymir work/zone/n/obj/map_n_flame_01/general_obj_bigtower07.gr2	0
Zone/ymir work/zone/b/obj/general_obj_stonepillar_01.mdatr	d:/ymir work/zone/b/obj/general_obj_stonepillar_01.mdatr	0
Zone/ymir work/zone/b/building/b1-bigdam-03.gr2	d:/ymir work/zone/b/building/b1-bigdam-03.gr2	0
Zone/ymir work/zone/dungeon/monkey_dungeon/monkey_dungeon03_objlm.dds	d:/ymir work/zone/dungeon/monkey_dungeon/monkey_dungeon03_objlm.dds	1
Zone/ymir work/zone/b/obj/b-general_external03.gr2	d:/ymir work/zone/b/obj/b-general_external03.gr2	0
Zone/ymir work/zone/n/obj/snow.m/nsm-general_obj_02.gr2	d:/ymir work/zone/n/obj/snow.m/nsm-general_obj_02.gr2	0
Zone/ymir work/zone/b/obj/general_obj_breakenbox03.mdatr	d:/ymir work/zone/b/obj/general_obj_breakenbox03.mdatr	0
Zone/ymir work/zone/b/building/b1-bigdam-04.gr2	d:/ymir work/zone/b/building/b1-bigdam-04.gr2	0
Zone/ymir work/zone/b/building/b1-bigdam-04.mdatr	d:/ymir work/zone/b/building/b1-bigdam-04.mdatr	0
Zone/ymir work/zone/n/obj/snow.m/general_obj_bigtower03.mdatr	d:/ymir work/zone/n/obj/snow.m/general_obj_bigtower03.mdatr	0
Zone/ymir work/zone/b/building/b1-bigdam-06.gr2	d:/ymir work/zone/b/building/b1-bigdam-06.gr2	0
Zone/ymir work/zone/n/obj/map_n_desert_01/b_general_obj_28.mdatr	d:/ymir work/zone/n/obj/map_n_desert_01/b_general_obj_28.mdatr	0
Zone/ymir work/zone/b/obj/general_obj_watermill_01.gr2	d:/ymir work/zone/b/obj/general_obj_watermill_01.gr2	0
Zone/ymir work/zone/b/building/b1-bigdam-06.mdatr	d:/ymir work/zone/b/building/b1-bigdam-06.mdatr	0
Zone/ymir work/zone/b/obj/general_obj_suspension bridge02.gr2	d:/ymir work/zone/b/obj/general_obj_suspension bridge02.gr2	0
Zone/ymir work/zone/b/obj/ob_4fbuilding.gr2	d:/ymir work/zone/b/obj/ob_4fbuilding.gr2	0
Zone/ymir work/zone/dungeon/old_resources picking zon/mushroom04.mdatr	d:/ymir work/zone/dungeon/old_resources picking zon/mushroom04.mdatr	0
Zone/ymir work/zone/b/obj/ob-11-03-bonetunnel04_04.mdatr	d:/ymir work/zone/b/obj/ob-11-03-bonetunnel04_04.mdatr	0
Zone/ymir work/zone/b/building/b1-c-0013.gr2	d:/ymir work/zone/b/building/b1-c-0013.gr2	0
Zone/ymir work/zone/b/building/b1-middledam-02.dds	d:/ymir work/zone/b/building/b1-middledam-02.dds	1
Zone/ymir work/zone/dungeon/monkey_dungeon/20050218/monkey_dungeon03_dome02.dds	d:/ymir work/zone/dungeon/monkey_dungeon/20050218/monkey_dungeon03_dome02.dds	1
Zone/ymir work/zone/b/building/b1s-017-01.dds	d:/ymir work/zone/b/building/b1s-017-01.dds	1
Zone/ymir work/zone/b/building/b1-middledam-02.mdatr	d:/ymir work/zone/b/building/b1-middledam-02.mdatr	0
Zone/ymir work/zone/b/building/b1-middledam-03.mdatr	d:/ymir work/zone/b/building/b1-middledam-03.mdatr	0
Zone/ymir work/zone/b/obj/b_general_obj_18.gr2	d:/ymir work/zone/b/obj/b_general_obj_18.gr2	0
Zone/ymir work/zone/b/building/b1-middledam-03.dds	d:/ymir work/zone/b/building/b1-middledam-03.dds	1
Zone/ymir work/zone/dungeon/old_resources picking zon/resources_picking_ground_01.dds	d:/ymir work/zone/dungeon/old_resources picking zon/resources_picking_ground_01.dds	1
Zone/ymir work/zone/n/icemount/n_snow_m_empiregate_03.dds	d:/ymir work/zone/n/icemount/n_snow_m_empiregate_03.dds	1
Zone/ymir work/zone/b/building/b1-middledam-05.gr2	d:/ymir work/zone/b/building/b1-middledam-05.gr2	0
Zone/ymir work/zone/n/desert/desert-006-castle-04.dds	d:/ymir work/zone/n/desert/desert-006-castle-04.dds	1
Zone/ymir work/zone/n/desert/desert-bigdam-06.mdatr	d:/ymir work/zone/n/desert/desert-bigdam-06.mdatr	0
Zone/ymir work/zone/b/building/b1-middledam-03.gr2	d:/ymir work/zone/b/building/b1-middledam-03.gr2	0
Zone/ymir work/zone/n/obj/snow.m/general_obj_bigstone05.gr2	d:/ymir work/zone/n/obj/snow.m/general_obj_bigstone05.gr2	0
Zone/ymir work/zone/b/obj/ob-b1-001-box01.mdatr	d:/ymir work/zone/b/obj/ob-b1-001-box01.mdatr	0
Zone/ymir work/zone/b/building/b1-middledam-03_1.dds	d:/ymir work/zone/b/building/b1-middledam-03_1.dds	1
Zone/ymir work/zone/b/obj/general_obj_jar_red01-01.gr2	d:/ymir work/zone/b/obj/general_obj_jar_red01-01.gr2	0
Zone/ymir work/zone/dungeon/monkey_dungeon/monkey_dungeon03_chairlm.dds	d:/ymir work/zone/dungeon/monkey_dungeon/monkey_dungeon03_chairlm.dds	1
Zone/ymir work/zone/ghost/c1-011-workhouse-01_01.dds	d:/ymir work/zone/ghost/c1-011-workhouse-01_01.dds	1
Zone/ymir work/zone/b/obj/b_general_obj_02.mdatr	d:/ymir work/zone/b/obj/b_general_obj_02.mdatr	0
Zone/ymir work/zone/b/obj/b_general_obj_13.gr2	d:/ymir work/zone/b/obj/b_general_obj_13.gr2	0
Zone/ymir work/zone/b/obj/general_obj_stonebox.mdatr	d:/ymir work/zone/b/obj/general_obj_stonebox.mdatr	0
Zone/ymir work/zone/b/obj/general_obj_brimstone.gr2	d:/ymir work/zone/b/obj/general_obj_brimstone.gr2	0
Zone/ymir work/zone/n/desert/desert_woodfence03.gr2	d:/ymir work/zone/n/desert/desert_woodfence03.gr2	0
Zone/ymir work/zone/b/building/b1-middledam-04.dds	d:/ymir work/zone/b/building/b1-middledam-04.dds	1
Zone/ymir work/zone/b/obj/b_general_obj_21_1.mdatr	d:/ymir work/zone/b/obj/b_general_obj_21_1.mdatr	0
Zone/ymir work/zone/dungeon/monkey_dungeon/monkey_dungeon_cave02.gr2	d:/ymir work/zone/dungeon/monkey_dungeon/monkey_dungeon_cave02.gr2	0
Zone/ymir work/zone/n/obj/map_n_desert_01/b_general_obj_03.gr2	d:/ymir work/zone/n/obj/map_n_desert_01/b_general_obj_03.gr2	0
Zone/ymir work/zone/b/obj/b_general_obj_04.mdatr	d:/ymir work/zone/b/obj/b_general_obj_04.mdatr	0
Zone/ymir work/zone/b/obj/general_obj_bigstone04.gr2	d:/ymir work/zone/b/obj/general_obj_bigstone04.gr2	0
Zone/ymir work/zone/b/building/b1s-002-inwall-02.dds	d:/ymir work/zone/b/building/b1s-002-inwall-02.dds	1
Zone/ymir work/zone/c/building/c1-010-bank_lod_01.gr2	d:/ymir work/zone/c/building/c1-010-bank_lod_01.gr2	0
Zone/ymir work/zone/n/desert/desert_-bridge01.mdatr	d:/ymir work/zone/n/desert/desert_-bridge01.mdatr	0
Zone/ymir work/zone/n/obj/map_n_desert_01/general_obj_stoneimage03.gr2	d:/ymir work/zone/n/obj/map_n_desert_01/general_obj_stoneimage03.gr2	0
Zone/ymir work/zone/b/building/b1-middledam-04.gr2	d:/ymir work/zone/b/building/b1-middledam-04.gr2	0
Zone/ymir work/zone/b/obj/general_obj_bigtoewr01.mdatr	d:/ymir work/zone/b/obj/general_obj_bigtoewr01.mdatr	0
Zone/ymir work/zone/b/building/b1-middledam-04.mdatr	d:/ymir work/zone/b/building/b1-middledam-04.mdatr	0
Zone/ymir work/zone/b/building/b1-middledam-05.mdatr	d:/ymir work/zone/b/building/b1-middledam-05.mdatr	0
Zone/ymir work/zone/n/obj/snow.m/nsm-general_obj_01_4.mdatr	d:/ymir work/zone/n/obj/snow.m/nsm-general_obj_01_4.mdatr	0
Zone/ymir work/zone/n/obj/map_n_desert_01/general_obj_fence05.gr2	d:/ymir work/zone/n/obj/map_n_desert_01/general_obj_fence05.gr2	0
Zone/ymir work/zone/b/building/b1-middledam-07.gr2	d:/ymir work/zone/b/building/b1-middledam-07.gr2	0
Zone/ymir work/zone/b/building/b1-middledam-07.mdatr	d:/ymir work/zone/b/building/b1-middledam-07.mdatr	0
Zone/ymir work/zone/b/obj/ob-11-03-bonetunnel02_14.mdatr	d:/ymir work/zone/b/obj/ob-11-03-bonetunnel02_14.mdatr	0
Zone/ymir work/zone/b/building/b1-middledam-stonedoor_ani_open.gr2	d:/ymir work/zone/b/building/b1-middledam-stonedoor_ani_open.gr2	0
Zone/ymir work/zone/b/building/b1-middledam-wooddoor-ani-close.gr2	d:/ymir work/zone/b/building/b1-middledam-wooddoor-ani-close.gr2	0
Zone/ymir work/zone/n/obj/map_n_desert_01/b_general_obj_29.mdatr	d:/ymir work/zone/n/obj/map_n_desert_01/b_general_obj_29.mdatr	0
Zone/ymir work/zone/b/building/b1_018-stonelight.gr2	d:/ymir work/zone/b/building/b1_018-stonelight.gr2	0
Zone/ymir work/zone/b/building/b1-middledam-wooddoor-ani-open.gr2	d:/ymir work/zone/b/building/b1-middledam-wooddoor-ani-open.gr2	0
Zone/ymir work/zone/b/building/b1-middledam-wooddoor_ani_close.gr2	d:/ymir work/zone/b/building/b1-middledam-wooddoor_ani_close.gr2	0
Zone/ymir work/zone/b/building/b1-middledam-wooddoor_ani_open.gr2	d:/ymir work/zone/b/building/b1-middledam-wooddoor_ani_open.gr2	0
Zone/ymir work/zone/b/obj/landmark_grandstone01.dds	d:/ymir work/zone/b/obj/landmark_grandstone01.dds	1
Zone/ymir work/zone/b/building/b1-middledam-wooddoor_model.gr2	d:/ymir work/zone/b/building/b1-middledam-wooddoor_model.gr2	0
Zone/ymir work/zone/b/obj/ob-4-04-04.gr2	d:/ymir work/zone/b/obj/ob-4-04-04.gr2	0
Zone/ymir work/zone/b/obj/ob-12-03gate04.dds	d:/ymir work/zone/b/obj/ob-12-03gate04.dds	1
Zone/ymir work/zone/b/building/b1-middledam.dds	d:/ymir work/zone/b/building/b1-middledam.dds	1
Zone/ymir work/zone/b/obj/b_general_obj_30.gr2	d:/ymir work/zone/b/obj/b_general_obj_30.gr2	0
Zone/ymir work/zone/b/building/b1-middledam_00.gr2	d:/ymir work/zone/b/building/b1-middledam_00.gr2	0
Zone/ymir work/zone/c/building/c1-034-stonedoor-02.dds	d:/ymir work/zone/c/building/c1-034-stonedoor-02.dds	1
Zone/ymir work/zone/b/obj/b_general_obj_06.dds	d:/ymir work/zone/b/obj/b_general_obj_06.dds	1
Zone/ymir work/zone/dungeon/devil_tower2/deviltower2_07.dds	d:/ymir work/zone/dungeon/devil_tower2/deviltower2_07.dds	1
Zone/ymir work/zone/b/building/b1-middledam_00.mdatr	d:/ymir work/zone/b/building/b1-middledam_00.mdatr	0
Zone/ymir work/zone/b/obj/ob-bigstone01.mdatr	d:/ymir work/zone/b/obj/ob-bigstone01.mdatr	0
Zone/ymir work/zone/b/building/b1-middledam_wooddoor.uvw	d:/ymir work/zone/b/building/b1-middledam_wooddoor.uvw	0
Zone/ymir work/zone/c/building/c1-010-bank.mdatr	d:/ymir work/zone/c/building/c1-010-bank.mdatr	0
Zone/ymir work/zone/b/obj/ob-11-03-bonetunnel02_03.mdatr	d:/ymir work/zone/b/obj/ob-11-03-bonetunnel02_03.mdatr	0
Zone/ymir work/zone/b/building/b1s-002-inwall-01.gr2	d:/ymir work/zone/b/building/b1s-002-inwall-01.gr2	0
Zone/ymir work/zone/n/desert/cactus_02.gr2	d:/ymir work/zone/n/desert/cactus_02.gr2	0
Zone/ymir work/zone/b/obj/b_general_obj_30.mdatr	d:/ymir work/zone/b/obj/b_general_obj_30.mdatr	0
Zone/ymir work/zone/b/obj/warpgate01-01.dds	d:/ymir work/zone/b/obj/warpgate01-01.dds	1
Zone/ymir work/zone/ghost/c1-038-wqll-lin_01.gr2	d:/ymir work/zone/ghost/c1-038-wqll-lin_01.gr2	0
Zone/ymir work/zone/b/building/b1s-002-inwall-01.mdatr	d:/ymir work/zone/b/building/b1s-002-inwall-01.mdatr	0
Zone/ymir work/zone/n/obj/map_n_desert_01/general_obj_brazier.gr2	d:/ymir work/zone/n/obj/map_n_desert_01/general_obj_brazier.gr2	0
Zone/ymir work/zone/b/building/b1s-002-inwall-01_1.dds	d:/ymir work/zone/b/building/b1s-002-inwall-01_1.dds	1
Zone/ymir work/zone/dungeon/monkey_dungeon/20050218/monkey_dungeon_cave04.mdatr	d:/ymir work/zone/dungeon/monkey_dungeon/20050218/monkey_dungeon_cave04.mdatr	0
Zone/ymir work/zone/b/building/b1s-017-02.dds	d:/ymir work/zone/b/building/b1s-017-02.dds	1
Zone/ymir work/zone/b/obj/b_general_obj_10_1.gr2	d:/ymir work/zone/b/obj/b_general_obj_10_1.gr2	0
Zone/ymir work/zone/dungeon/monkey_dungeon/monkey01_dungeon03_obj_prb.dds	d:/ymir work/zone/dungeon/monkey_dungeon/monkey01_dungeon03_obj_prb.dds	1
Zone/ymir work/zone/b/obj/general_obj_fence06.mdatr	d:/ymir work/zone/b/obj/general_obj_fence06.mdatr	0
Zone/ymir work/zone/c/building/c1-038-wall-corner.gr2	d:/ymir work/zone/c/building/c1-038-wall-corner.gr2	0
Zone/ymir work/zone/b/obj/ob-035-woodgate.dds	d:/ymir work/zone/b/obj/ob-035-woodgate.dds	1
Zone/ymir work/zone/b/building/b1_018-stonelight-1.mdatr	d:/ymir work/zone/b/building/b1_018-stonelight-1.mdatr	0
Zone/ymir work/zone/b/obj/ob-12-09.mdatr	d:/ymir work/zone/b/obj/ob-12-09.mdatr	0
Zone/ymir work/zone/dungeon/devil_tower/skeleton.dds	d:/ymir work/zone/dungeon/devil_tower/skeleton.dds	1
Zone/ymir work/zone/b/obj/b_general_obj_11.mdatr	d:/ymir work/zone/b/obj/b_general_obj_11.mdatr	0
Zone/ymir work/zone/c/building/c1-022-10m-bridge.gr2	d:/ymir work/zone/c/building/c1-022-10m-bridge.gr2	0
Zone/ymir work/zone/n/desert/desert-035-woodgate.gr2	d:/ymir work/zone/n/desert/desert-035-woodgate.gr2	0
Zone/ymir work/zone/b/building/b1_018-stonelight.mdatr	d:/ymir work/zone/b/building/b1_018-stonelight.mdatr	0
Zone/ymir work/zone/b/obj/b-general_external02.mdatr	d:/ymir work/zone/b/obj/b-general_external02.mdatr	0
Zone/ymir work/zone/b/obj/b_general_obj_33.mdatr	d:/ymir work/zone/b/obj/b_general_obj_33.mdatr	0
Zone/ymir work/zone/b/obj/general_obj_jar_red01.gr2	d:/ymir work/zone/b/obj/general_obj_jar_red01.gr2	0
Zone/ymir work/zone/b/building/landmark-01-bellhouse-01.dds	d:/ymir work/zone/b/building/landmark-01-bellhouse-01.dds	1
Zone/ymir work/zone/c/building/c1-009-hotel.gr2	d:/ymir work/zone/c/building/c1-009-hotel.gr2	0
Zone/ymir work/zone/b/building/landmark-01-bellhouse-02.dds	d:/ymir work/zone/b/building/landmark-01-bellhouse-02.dds	1
Zone/ymir work/zone/dungeon/monkey_dungeon/20050218/monkey_dungeon03_boxlm.dds	d:/ymir work/zone/dungeon/monkey_dungeon/20050218/monkey_dungeon03_boxlm.dds	1
Zone/ymir work/zone/b/obj/general_obj_bigstone08.mdatr	d:/ymir work/zone/b/obj/general_obj_bigstone08.mdatr	0
Zone/ymir work/zone/b/building/landmark-01-bellhouse.gr2	d:/ymir work/zone/b/building/landmark-01-bellhouse.gr2	0
Zone/ymir work/zone/b/building/rms-001_1.dds	d:/ymir work/zone/b/building/rms-001_1.dds	1
Zone/ymir work/zone/b/building/rms-001_2.dds	d:/ymir work/zone/b/building/rms-001_2.dds	1
Zone/ymir work/zone/b/obj/ob_4fbuilding_04.dds	d:/ymir work/zone/b/obj/ob_4fbuilding_04.dds	1
Zone/ymir work/zone/n/obj/snow.m/snow-middledam-05.gr2	d:/ymir work/zone/n/obj/snow.m/snow-middledam-05.gr2	0
Zone/ymir work/zone/n/obj/snow.m/general_obj_ferryboat01.mdatr	d:/ymir work/zone/n/obj/snow.m/general_obj_ferryboat01.mdatr	0
Zone/ymir work/zone/b/building/vssver.scc	d:/ymir work/zone/b/building/vssver.scc	0
Zone/ymir work/zone/ghost/c1-007-itemshop_01_02.gr2	d:/ymir work/zone/ghost/c1-007-itemshop_01_02.gr2	0
Zone/ymir work/zone/dungeon/deviltower2f/deviltower2f_03.dds	d:/ymir work/zone/dungeon/deviltower2f/deviltower2f_03.dds	1
Zone/ymir work/zone/dungeon/monkey_dungeon/monkey03_dungeon_cave01.mdatr	d:/ymir work/zone/dungeon/monkey_dungeon/monkey03_dungeon_cave01.mdatr	0
Zone/ymir work/zone/n/obj/snow.m/general_obj_stoneimage01.mdatr	d:/ymir work/zone/n/obj/snow.m/general_obj_stoneimage01.mdatr	0
Zone/ymir work/zone/b/obj/general_obj_bigstone06.gr2	d:/ymir work/zone/b/obj/general_obj_bigstone06.gr2	0
Zone/ymir work/zone/dungeon/monkey_dungeon/20050218/monkey_dungeon_cave01.gr2	d:/ymir work/zone/dungeon/monkey_dungeon/20050218/monkey_dungeon_cave01.gr2	0
Zone/ymir work/zone/b/obj/b-general_external01.dds	d:/ymir work/zone/b/obj/b-general_external01.dds	1
Zone/ymir work/zone/b/obj/b-general_external01.gr2	d:/ymir work/zone/b/obj/b-general_external01.gr2	0
Zone/ymir work/zone/b/obj/b-general_external02.dds	d:/ymir work/zone/b/obj/b-general_external02.dds	1
Zone/ymir work/zone/b/obj/ob-013-tower01.mdatr	d:/ymir work/zone/b/obj/ob-013-tower01.mdatr	0
Zone/ymir work/zone/b/obj/general_obj_target 01-01.mdatr	d:/ymir work/zone/b/obj/general_obj_target 01-01.mdatr	0
Zone/ymir work/zone/b/obj/b-general_external02.gr2	d:/ymir work/zone/b/obj/b-general_external02.gr2	0
Zone/ymir work/zone/b/obj/b-general_external04.gr2	d:/ymir work/zone/b/obj/b-general_external04.gr2	0
Zone/ymir work/zone/b/obj/b-general_wbridge01.gr2	d:/ymir work/zone/b/obj/b-general_wbridge01.gr2	0
Zone/ymir work/zone/b/obj/ob-013-tower01.gr2	d:/ymir work/zone/b/obj/ob-013-tower01.gr2	0
Zone/ymir work/zone/b/obj/b_general_obj_01.mdatr	d:/ymir work/zone/b/obj/b_general_obj_01.mdatr	0
Zone/ymir work/zone/b/obj/ob_brazier_02.dds	d:/ymir work/zone/b/obj/ob_brazier_02.dds	1
Zone/ymir work/zone/b/obj/b_general_obj_01.dds	d:/ymir work/zone/b/obj/b_general_obj_01.dds	1
Zone/ymir work/zone/b/obj/b_general_obj_01_2.gr2	d:/ymir work/zone/b/obj/b_general_obj_01_2.gr2	0
Zone/ymir work/zone/b/obj/ob-11-03-bonetunnel02_06.gr2	d:/ymir work/zone/b/obj/ob-11-03-bonetunnel02_06.gr2	0
Zone/ymir work/zone/n/milgyo/milgyo_brazier_01.dds	d:/ymir work/zone/n/milgyo/milgyo_brazier_01.dds	1
Zone/ymir work/zone/b/obj/ob-11-03-bonetunnel01.mdatr	d:/ymir work/zone/b/obj/ob-11-03-bonetunnel01.mdatr	0
Zone/ymir work/zone/b/obj/b_general_obj_01_2.mdatr	d:/ymir work/zone/b/obj/b_general_obj_01_2.mdatr	0
Zone/ymir work/zone/b/tree/1/compositeshadowmap.dds	d:/ymir work/zone/b/tree/1/compositeshadowmap.dds	1
Zone/ymir work/zone/n/obj/snow.m/snow-bigdam-04.gr2	d:/ymir work/zone/n/obj/snow.m/snow-bigdam-04.gr2	0
Zone/ymir work/zone/b/obj/b_general_obj_01_3.gr2	d:/ymir work/zone/b/obj/b_general_obj_01_3.gr2	0
Zone/ymir work/zone/b/obj/b_general_obj_01_4.gr2	d:/ymir work/zone/b/obj/b_general_obj_01_4.gr2	0
Zone/ymir work/zone/b/obj/b_general_obj_03.dds	d:/ymir work/zone/b/obj/b_general_obj_03.dds	1
Zone/ymir work/zone/b/obj/general_obj_stonedoor.mdatr	d:/ymir work/zone/b/obj/general_obj_stonedoor.mdatr	0
Zone/ymir work/zone/b/obj/b_general_obj_03.gr2	d:/ymir work/zone/b/obj/b_general_obj_03.gr2	0
Zone/ymir work/zone/dungeon/haven_dungeon/smalla_resorce.mde	d:/ymir work/zone/dungeon/haven_dungeon/smalla_resorce.mde	1
Zone/ymir work/zone/b/obj/b_general_obj_05.gr2	d:/ymir work/zone/b/obj/b_general_obj_05.gr2	0
Zone/ymir work/zone/b/obj/b_general_obj_05_1.gr2	d:/ymir work/zone/b/obj/b_general_obj_05_1.gr2	0
Zone/ymir work/zone/n/obj/map_n_desert_01/b_general_obj_01_1.gr2	d:/ymir work/zone/n/obj/map_n_desert_01/b_general_obj_01_1.gr2	0
Zone/ymir work/zone/b/obj/b_general_obj_07.mdatr	d:/ymir work/zone/b/obj/b_general_obj_07.mdatr	0
Zone/ymir work/zone/b/obj/general_obj_itembox03.gr2	d:/ymir work/zone/b/obj/general_obj_itembox03.gr2	0
Zone/ymir work/zone/b/obj/b_general_obj_08.gr2	d:/ymir work/zone/b/obj/b_general_obj_08.gr2	0
Zone/ymir work/zone/b/obj/general_obj_watchtower01.gr2	d:/ymir work/zone/b/obj/general_obj_watchtower01.gr2	0
Zone/ymir work/zone/b/obj/ob-033-guesthouse-02_lod_01.gr2	d:/ymir work/zone/b/obj/ob-033-guesthouse-02_lod_01.gr2	0
Zone/ymir work/zone/b/obj/general_obj_bridge.mdatr	d:/ymir work/zone/b/obj/general_obj_bridge.mdatr	0
Zone/ymir work/zone/n/milgyo/milgyo_4fbuilding.gr2	d:/ymir work/zone/n/milgyo/milgyo_4fbuilding.gr2	0
Zone/ymir work/zone/b/obj/ob-tower01_04.mdatr	d:/ymir work/zone/b/obj/ob-tower01_04.mdatr	0
Zone/ymir work/zone/b/obj/b_general_obj_09.gr2	d:/ymir work/zone/b/obj/b_general_obj_09.gr2	0
Zone/ymir work/zone/b/obj/b_general_obj_09.mdatr	d:/ymir work/zone/b/obj/b_general_obj_09.mdatr	0
Zone/ymir work/zone/b/obj/general_obj_stonepillar_01.gr2	d:/ymir work/zone/b/obj/general_obj_stonepillar_01.gr2	0
Zone/ymir work/zone/b/obj/ob-10-01.mdatr	d:/ymir work/zone/b/obj/ob-10-01.mdatr	0
Zone/ymir work/zone/b/obj/b_general_obj_10.gr2	d:/ymir work/zone/b/obj/b_general_obj_10.gr2	0
Zone/ymir work/zone/b/obj/general_obj_watermill.mdatr	d:/ymir work/zone/b/obj/general_obj_watermill.mdatr	0
Zone/ymir work/zone/b/obj/ob-10-02-wall-lin.gr2	d:/ymir work/zone/b/obj/ob-10-02-wall-lin.gr2	0
Zone/ymir work/zone/b/obj/b_general_obj_10.mdatr	d:/ymir work/zone/b/obj/b_general_obj_10.mdatr	0
Zone/ymir work/zone/n/obj/snow.m/nsm-general_obj_06.dds	d:/ymir work/zone/n/obj/snow.m/nsm-general_obj_06.dds	1
Zone/ymir work/zone/b/obj/general_obj_bell.gr2	d:/ymir work/zone/b/obj/general_obj_bell.gr2	0
Zone/ymir work/zone/b/obj/b_general_obj_10_1.mdatr	d:/ymir work/zone/b/obj/b_general_obj_10_1.mdatr	0
Zone/ymir work/zone/b/obj/b_general_obj_38.mdatr	d:/ymir work/zone/b/obj/b_general_obj_38.mdatr	0
Zone/ymir work/zone/ghost/obj/general_obj_bigtower05_01.gr2	d:/ymir work/zone/ghost/obj/general_obj_bigtower05_01.gr2	0
Zone/ymir work/zone/dungeon/haven_dungeon/skipia_passis2.gr2	d:/ymir work/zone/dungeon/haven_dungeon/skipia_passis2.gr2	0
Zone/ymir work/zone/b/obj/b_general_obj_12.mdatr	d:/ymir work/zone/b/obj/b_general_obj_12.mdatr	0
Zone/ymir work/zone/n/desert/desert-middledam-04_lod_01.gr2	d:/ymir work/zone/n/desert/desert-middledam-04_lod_01.gr2	0
Zone/ymir work/zone/b/obj/b_general_obj_13.mdatr	d:/ymir work/zone/b/obj/b_general_obj_13.mdatr	0
Zone/ymir work/zone/b/obj/b_general_obj_14.gr2	d:/ymir work/zone/b/obj/b_general_obj_14.gr2	0
Zone/ymir work/zone/b/obj/b_general_obj_14.mdatr	d:/ymir work/zone/b/obj/b_general_obj_14.mdatr	0
Zone/ymir work/zone/dungeon/monkey_dungeon/20050218/monkey03_dungeon_cave03.gr2	d:/ymir work/zone/dungeon/monkey_dungeon/20050218/monkey03_dungeon_cave03.gr2	0
Zone/ymir work/zone/b/obj/b_general_obj_15.gr2	d:/ymir work/zone/b/obj/b_general_obj_15.gr2	0
Zone/ymir work/zone/n/obj/map_n_flame_01/general_obj_bigtower07.mdatr	d:/ymir work/zone/n/obj/map_n_flame_01/general_obj_bigtower07.mdatr	0
Zone/ymir work/zone/n/obj/map_n_flame_01/general_obj_bigtower04.mdatr	d:/ymir work/zone/n/obj/map_n_flame_01/general_obj_bigtower04.mdatr	0
Zone/ymir work/zone/b/obj/general_obj_fence06.gr2	d:/ymir work/zone/b/obj/general_obj_fence06.gr2	0
Zone/ymir work/zone/b/obj/b_general_obj_15.mdatr	d:/ymir work/zone/b/obj/b_general_obj_15.mdatr	0
Zone/ymir work/zone/b/obj/ob-b1-001-015.dds	d:/ymir work/zone/b/obj/ob-b1-001-015.dds	1
Zone/ymir work/zone/dungeon/spider_dungeon/object01lightingmap.tga	d:/ymir work/zone/dungeon/spider_dungeon/object01lightingmap.tga	1
Zone/ymir work/zone/b/obj/b_general_obj_16.mdatr	d:/ymir work/zone/b/obj/b_general_obj_16.mdatr	0
Zone/ymir work/zone/n/obj/map_n_desert_01/general_obj_fence02.mdatr	d:/ymir work/zone/n/obj/map_n_desert_01/general_obj_fence02.mdatr	0
Zone/ymir work/zone/b/obj/b_general_obj_17.gr2	d:/ymir work/zone/b/obj/b_general_obj_17.gr2	0
Zone/ymir work/zone/b/obj/ob-013-tower01_04.dds	d:/ymir work/zone/b/obj/ob-013-tower01_04.dds	1
Zone/ymir work/zone/b/obj/ob-b1-013-lamp02.gr2	d:/ymir work/zone/b/obj/ob-b1-013-lamp02.gr2	0
Zone/ymir work/zone/b/obj/general_obj_stone03.mdatr	d:/ymir work/zone/b/obj/general_obj_stone03.mdatr	0
Zone/ymir work/zone/dungeon/monkey_dungeon/20050218/monkey01_dungeon03_obj_prt.dds	d:/ymir work/zone/dungeon/monkey_dungeon/20050218/monkey01_dungeon03_obj_prt.dds	1
Zone/ymir work/zone/dungeon/monkey_dungeon/20050218/monkey_dungeon03_03lm.dds	d:/ymir work/zone/dungeon/monkey_dungeon/20050218/monkey_dungeon03_03lm.dds	1
Zone/ymir work/zone/dungeon/resources_picking_zon/mushroom03.gr2	d:/ymir work/zone/dungeon/resources_picking_zon/mushroom03.gr2	0
Zone/ymir work/zone/b/obj/b_general_obj_17.mdatr	d:/ymir work/zone/b/obj/b_general_obj_17.mdatr	0
Zone/ymir work/zone/b/obj/ob-11-05-bonelight_01.mdatr	d:/ymir work/zone/b/obj/ob-11-05-bonelight_01.mdatr	0
Zone/ymir work/zone/b/obj/b_general_obj_18.dds	d:/ymir work/zone/b/obj/b_general_obj_18.dds	1
Zone/ymir work/zone/b/obj/ob-11-03-bonetunnel02_10.mdatr	d:/ymir work/zone/b/obj/ob-11-03-bonetunnel02_10.mdatr	0
Zone/ymir work/zone/b/obj/ob-11-03-bonetunnel02_04.mdatr	d:/ymir work/zone/b/obj/ob-11-03-bonetunnel02_04.mdatr	0
Zone/ymir work/zone/duel/a1-038-wall-corner_01.dds	d:/ymir work/zone/duel/a1-038-wall-corner_01.dds	1
Zone/ymir work/zone/dungeon/resources_picking_zon/spider_dungeon_01lightingmap.tga	d:/ymir work/zone/dungeon/resources_picking_zon/spider_dungeon_01lightingmap.tga	1
Zone/ymir work/zone/b/obj/b_general_obj_18.mdatr	d:/ymir work/zone/b/obj/b_general_obj_18.mdatr	0
Zone/ymir work/zone/b/obj/ob-4-04-01.mdatr	d:/ymir work/zone/b/obj/ob-4-04-01.mdatr	0
Zone/ymir work/zone/b/obj/general_obj_breakenbox02.gr2	d:/ymir work/zone/b/obj/general_obj_breakenbox02.gr2	0
Zone/ymir work/zone/n/obj/snow.m/general_obj_bigtower11_lod_01.gr2	d:/ymir work/zone/n/obj/snow.m/general_obj_bigtower11_lod_01.gr2	0
Zone/ymir work/zone/dungeon/monkey_dungeon/20050218/monkey01_dungeon03_tableboxlm.dds	d:/ymir work/zone/dungeon/monkey_dungeon/20050218/monkey01_dungeon03_tableboxlm.dds	1
Zone/ymir work/zone/b/obj/b_general_obj_21_1.gr2	d:/ymir work/zone/b/obj/b_general_obj_21_1.gr2	0
Zone/ymir work/zone/b/obj/b_general_obj_22.mdatr	d:/ymir work/zone/b/obj/b_general_obj_22.mdatr	0
Zone/ymir work/zone/n/obj/snow.m/general_obj_lionstoneimage.gr2	d:/ymir work/zone/n/obj/snow.m/general_obj_lionstoneimage.gr2	0
Zone/ymir work/zone/b/obj/b_general_obj_23.gr2	d:/ymir work/zone/b/obj/b_general_obj_23.gr2	0
Zone/ymir work/zone/b/obj/b_general_obj_23.mdatr	d:/ymir work/zone/b/obj/b_general_obj_23.mdatr	0
Zone/ymir work/zone/dungeon/monkey_dungeon/20050218/monkey03_dungeon03_obj_ta.dds	d:/ymir work/zone/dungeon/monkey_dungeon/20050218/monkey03_dungeon03_obj_ta.dds	1
Zone/ymir work/zone/dungeon/deviltower2f/deviltower2f_10.dds	d:/ymir work/zone/dungeon/deviltower2f/deviltower2f_10.dds	1
Zone/ymir work/zone/b/obj/b_general_obj_25-2.gr2	d:/ymir work/zone/b/obj/b_general_obj_25-2.gr2	0
Zone/ymir work/zone/n/obj/snow.m/snow_tower.mdatr	d:/ymir work/zone/n/obj/snow.m/snow_tower.mdatr	0
Zone/ymir work/zone/b/obj/general_obj_bigstonegate.dds	d:/ymir work/zone/b/obj/general_obj_bigstonegate.dds	1
Zone/ymir work/zone/b/obj/b_general_obj_25-2.mdatr	d:/ymir work/zone/b/obj/b_general_obj_25-2.mdatr	0
Zone/ymir work/zone/b/obj/warpgate01.gr2	d:/ymir work/zone/b/obj/warpgate01.gr2	0
Zone/ymir work/zone/dungeon/resources_picking_zon/resources_picking_ground.gr2	d:/ymir work/zone/dungeon/resources_picking_zon/resources_picking_ground.gr2	0
Zone/ymir work/zone/b/obj/b_general_obj_25.gr2	d:/ymir work/zone/b/obj/b_general_obj_25.gr2	0
Zone/ymir work/zone/b/obj/b_general_obj_31.gr2	d:/ymir work/zone/b/obj/b_general_obj_31.gr2	0
Zone/ymir work/zone/dungeon/devil_tower/deviltower_1f.gr2	d:/ymir work/zone/dungeon/devil_tower/deviltower_1f.gr2	0
Zone/ymir work/zone/b/obj/ob-12-03gate04.mdatr	d:/ymir work/zone/b/obj/ob-12-03gate04.mdatr	0
Zone/ymir work/zone/b/obj/b_general_obj_25.mdatr	d:/ymir work/zone/b/obj/b_general_obj_25.mdatr	0
Zone/ymir work/zone/b/obj/b_general_obj_27.mdatr	d:/ymir work/zone/b/obj/b_general_obj_27.mdatr	0
Zone/ymir work/zone/b/obj/b_general_obj_31.mdatr	d:/ymir work/zone/b/obj/b_general_obj_31.mdatr	0
Zone/ymir work/zone/duel/a1-038-wall-corner_duel_01.mdatr	d:/ymir work/zone/duel/a1-038-wall-corner_duel_01.mdatr	0
Zone/ymir work/zone/b/obj/b_general_obj_28.gr2	d:/ymir work/zone/b/obj/b_general_obj_28.gr2	0
Zone/ymir work/zone/nusluck/torch_2.gr2	d:/ymir work/zone/nusluck/torch_2.gr2	0
Zone/ymir work/zone/b/obj/general_obj_stone19.gr2	d:/ymir work/zone/b/obj/general_obj_stone19.gr2	0
Zone/ymir work/zone/b/obj/b_general_obj_33.gr2	d:/ymir work/zone/b/obj/b_general_obj_33.gr2	0
Zone/ymir work/zone/b/obj/b_general_obj_32.mdatr	d:/ymir work/zone/b/obj/b_general_obj_32.mdatr	0
Zone/ymir work/zone/b/obj/ob-11-01-skeletontower03.gr2	d:/ymir work/zone/b/obj/ob-11-01-skeletontower03.gr2	0
Zone/ymir work/zone/b/obj/b_general_obj_35.gr2	d:/ymir work/zone/b/obj/b_general_obj_35.gr2	0
Zone/ymir work/zone/b/obj/general_obj_stonebridge.gr2	d:/ymir work/zone/b/obj/general_obj_stonebridge.gr2	0
Zone/ymir work/zone/b/obj/ob-5-03thiefden01.dds	d:/ymir work/zone/b/obj/ob-5-03thiefden01.dds	1
Zone/ymir work/zone/b/obj/general_obj_brazier.dds	d:/ymir work/zone/b/obj/general_obj_brazier.dds	1
Zone/ymir work/zone/n/obj/snow.m/general_obj_stone10.mdatr	d:/ymir work/zone/n/obj/snow.m/general_obj_stone10.mdatr	0
Zone/ymir work/zone/b/obj/b_general_obj_35.mdatr	d:/ymir work/zone/b/obj/b_general_obj_35.mdatr	0
Zone/ymir work/zone/n/obj/snow.m/general_obj_stone15_lod_01.gr2	d:/ymir work/zone/n/obj/snow.m/general_obj_stone15_lod_01.gr2	0
Zone/ymir work/zone/b/obj/general_obj_tent02.gr2	d:/ymir work/zone/b/obj/general_obj_tent02.gr2	0
Zone/ymir work/zone/b/obj/general_obj_bell.mdatr	d:/ymir work/zone/b/obj/general_obj_bell.mdatr	0
Zone/ymir work/zone/c/building/c1-009-hotel_lod_01.gr2	d:/ymir work/zone/c/building/c1-009-hotel_lod_01.gr2	0
Zone/ymir work/zone/n/desert/desert-bigstone02_lod_01.gr2	d:/ymir work/zone/n/desert/desert-bigstone02_lod_01.gr2	0
Zone/ymir work/zone/b/obj/general_obj_bigstone01.mdatr	d:/ymir work/zone/b/obj/general_obj_bigstone01.mdatr	0
Zone/ymir work/zone/ghost/c1-032-shamanhouse-3_03.dds	d:/ymir work/zone/ghost/c1-032-shamanhouse-3_03.dds	1
Zone/ymir work/zone/b/obj/b_general_obj_37.gr2	d:/ymir work/zone/b/obj/b_general_obj_37.gr2	0
Zone/ymir work/zone/nusluck/grass_ok.gr2	d:/ymir work/zone/nusluck/grass_ok.gr2	0
Zone/ymir work/zone/b/obj/general_obj_fence03.gr2	d:/ymir work/zone/b/obj/general_obj_fence03.gr2	0
Zone/ymir work/zone/b/obj/b_general_obj_37.mdatr	d:/ymir work/zone/b/obj/b_general_obj_37.mdatr	0
Zone/ymir work/zone/b/obj/b_general_obj_39.dds	d:/ymir work/zone/b/obj/b_general_obj_39.dds	1
Zone/ymir work/zone/b/obj/general_obj_bigstone04.mdatr	d:/ymir work/zone/b/obj/general_obj_bigstone04.mdatr	0
Zone/ymir work/zone/b/obj/b_general_obj_40.gr2	d:/ymir work/zone/b/obj/b_general_obj_40.gr2	0
Zone/ymir work/zone/b/obj/general_obj_bigtoewr06.gr2	d:/ymir work/zone/b/obj/general_obj_bigtoewr06.gr2	0
Zone/ymir work/zone/b/obj/b_general_obj_40.mdatr	d:/ymir work/zone/b/obj/b_general_obj_40.mdatr	0
Zone/ymir work/zone/dungeon/devil_tower2/deviltower2_lightingmap.tga	d:/ymir work/zone/dungeon/devil_tower2/deviltower2_lightingmap.tga	1
Zone/ymir work/zone/dungeon/spider_dungeon/spider_dungeon_gatelightingmap.dds	d:/ymir work/zone/dungeon/spider_dungeon/spider_dungeon_gatelightingmap.dds	1
Zone/ymir work/zone/b/obj/ob-bigdam-01.gr2	d:/ymir work/zone/b/obj/ob-bigdam-01.gr2	0
Zone/ymir work/zone/b/obj/landmark_statuestone.mdatr	d:/ymir work/zone/b/obj/landmark_statuestone.mdatr	0
Zone/ymir work/zone/n/obj/snow.m/snow-004-hause2.mdatr	d:/ymir work/zone/n/obj/snow.m/snow-004-hause2.mdatr	0
Zone/ymir work/zone/b/obj/b_general_obj_41.gr2	d:/ymir work/zone/b/obj/b_general_obj_41.gr2	0
Zone/ymir work/zone/n/desert/desert-006-castle-02.dds	d:/ymir work/zone/n/desert/desert-006-castle-02.dds	1
Zone/ymir work/zone/duel/a1-038-wall-corner.gr2	d:/ymir work/zone/duel/a1-038-wall-corner.gr2	0
Zone/ymir work/zone/dungeon/haven_dungeon/boss_wall.dds	d:/ymir work/zone/dungeon/haven_dungeon/boss_wall.dds	1
Zone/ymir work/zone/b/obj/ob-4-04-03.mdatr	d:/ymir work/zone/b/obj/ob-4-04-03.mdatr	0
Zone/ymir work/zone/b/obj/b_general_obj_41.mdatr	d:/ymir work/zone/b/obj/b_general_obj_41.mdatr	0
Zone/ymir work/zone/b/obj/b_general_obj_42.mdatr	d:/ymir work/zone/b/obj/b_general_obj_42.mdatr	0
Zone/ymir work/zone/b/obj/general_obj_watchtower03-01.mdatr	d:/ymir work/zone/b/obj/general_obj_watchtower03-01.mdatr	0
Zone/ymir work/zone/b/obj/general_obj_bigstone01.gr2	d:/ymir work/zone/b/obj/general_obj_bigstone01.gr2	0
Zone/ymir work/zone/b/obj/ob-11-03-bonetunnel02_13.gr2	d:/ymir work/zone/b/obj/ob-11-03-bonetunnel02_13.gr2	0
Zone/ymir work/zone/n/desert/desert-bigstone01.gr2	d:/ymir work/zone/n/desert/desert-bigstone01.gr2	0
Zone/ymir work/zone/b/obj/general_obj_bigstone02.gr2	d:/ymir work/zone/b/obj/general_obj_bigstone02.gr2	0
Zone/ymir work/zone/b/obj/general_obj_bigstone02.mdatr	d:/ymir work/zone/b/obj/general_obj_bigstone02.mdatr	0
Zone/ymir work/zone/b/obj/general_obj_bigstone05.mdatr	d:/ymir work/zone/b/obj/general_obj_bigstone05.mdatr	0
Zone/ymir work/zone/dungeon/monkey_dungeon/monkey03_dungeon03_04lm.dds	d:/ymir work/zone/dungeon/monkey_dungeon/monkey03_dungeon03_04lm.dds	1
Zone/ymir work/zone/b/obj/general_obj_bigstone03.mdatr	d:/ymir work/zone/b/obj/general_obj_bigstone03.mdatr	0
Zone/ymir work/zone/n/obj/map_n_desert_01/general_obj_bigstone04.gr2	d:/ymir work/zone/n/obj/map_n_desert_01/general_obj_bigstone04.gr2	0
Zone/ymir work/zone/b/obj/obj-0004.mdatr	d:/ymir work/zone/b/obj/obj-0004.mdatr	0
Zone/ymir work/zone/b/obj/ob-4-04-04.mdatr	d:/ymir work/zone/b/obj/ob-4-04-04.mdatr	0
Zone/ymir work/zone/b/obj/ob-4-04-02.mdatr	d:/ymir work/zone/b/obj/ob-4-04-02.mdatr	0
Zone/ymir work/zone/b/obj/general_obj_bigstone06.mdatr	d:/ymir work/zone/b/obj/general_obj_bigstone06.mdatr	0
Zone/ymir work/zone/b/obj/ob-11-05-bonetomb_04.gr2	d:/ymir work/zone/b/obj/ob-11-05-bonetomb_04.gr2	0
Zone/ymir work/zone/b/obj/general_obj_bigstone07.mdatr	d:/ymir work/zone/b/obj/general_obj_bigstone07.mdatr	0
Zone/ymir work/zone/b/obj/general_obj_bigstone08.gr2	d:/ymir work/zone/b/obj/general_obj_bigstone08.gr2	0
Zone/ymir work/zone/n/obj/snow.m/general_obj_bigtower05.mdatr	d:/ymir work/zone/n/obj/snow.m/general_obj_bigtower05.mdatr	0
Zone/ymir work/zone/n/desert/desert-bigdam-06.gr2	d:/ymir work/zone/n/desert/desert-bigdam-06.gr2	0
Zone/ymir work/zone/n/desert/desert-middledam-03.gr2	d:/ymir work/zone/n/desert/desert-middledam-03.gr2	0
Zone/ymir work/zone/b/obj/general_obj_bigstone09.mdatr	d:/ymir work/zone/b/obj/general_obj_bigstone09.mdatr	0
Zone/ymir work/zone/b/obj/general_obj_bigstone10.mdatr	d:/ymir work/zone/b/obj/general_obj_bigstone10.mdatr	0
Zone/ymir work/zone/b/obj/ob-11-03-bonetunnel02_15.mdatr	d:/ymir work/zone/b/obj/ob-11-03-bonetunnel02_15.mdatr	0
Zone/ymir work/zone/b/obj/general_obj_bigstonegate01.gr2	d:/ymir work/zone/b/obj/general_obj_bigstonegate01.gr2	0
Zone/ymir work/zone/b/obj/ob-11-03-bonetunnel02_12.mdatr	d:/ymir work/zone/b/obj/ob-11-03-bonetunnel02_12.mdatr	0
Zone/ymir work/zone/b/obj/general_obj_bigstonegate01.mdatr	d:/ymir work/zone/b/obj/general_obj_bigstonegate01.mdatr	0
Zone/ymir work/zone/ghost/obj/b_general_obj_10_01.mdatr	d:/ymir work/zone/ghost/obj/b_general_obj_10_01.mdatr	0
Zone/ymir work/zone/b/obj/general_obj_bigstonegate02.gr2	d:/ymir work/zone/b/obj/general_obj_bigstonegate02.gr2	0
Zone/ymir work/zone/b/obj/general_obj_stone19.dds	d:/ymir work/zone/b/obj/general_obj_stone19.dds	1
Zone/ymir work/zone/b/obj/general_obj_jar_blue01-01.mdatr	d:/ymir work/zone/b/obj/general_obj_jar_blue01-01.mdatr	0
Zone/ymir work/zone/b/obj/general_obj_bigstonegate02.mdatr	d:/ymir work/zone/b/obj/general_obj_bigstonegate02.mdatr	0
Zone/ymir work/zone/dungeon/spider_dungeon/spider_dungeon_bosslightmap.dds	d:/ymir work/zone/dungeon/spider_dungeon/spider_dungeon_bosslightmap.dds	1
Zone/ymir work/zone/b/obj/general_obj_pillar.gr2	d:/ymir work/zone/b/obj/general_obj_pillar.gr2	0
Zone/ymir work/zone/b/obj/general_obj_bigtoewr01.gr2	d:/ymir work/zone/b/obj/general_obj_bigtoewr01.gr2	0
Zone/ymir work/zone/b/obj/ob-12-07.gr2	d:/ymir work/zone/b/obj/ob-12-07.gr2	0
Zone/ymir work/zone/b/obj/general_obj_bigtoewr02.gr2	d:/ymir work/zone/b/obj/general_obj_bigtoewr02.gr2	0
Zone/ymir work/zone/b/obj/general_obj_bigtoewr11.mdatr	d:/ymir work/zone/b/obj/general_obj_bigtoewr11.mdatr	0
Zone/ymir work/zone/n/desert/desert-middledam-04.mdatr	d:/ymir work/zone/n/desert/desert-middledam-04.mdatr	0
Zone/ymir work/zone/b/obj/ob-12-06.gr2	d:/ymir work/zone/b/obj/ob-12-06.gr2	0
Zone/ymir work/zone/b/obj/general_obj_bigtoewr03.gr2	d:/ymir work/zone/b/obj/general_obj_bigtoewr03.gr2	0
Zone/ymir work/zone/dungeon/haven_dungeon/light_pass_gate.dds	d:/ymir work/zone/dungeon/haven_dungeon/light_pass_gate.dds	1
Zone/ymir work/zone/b/obj/general_obj_bigtoewr04.gr2	d:/ymir work/zone/b/obj/general_obj_bigtoewr04.gr2	0
Zone/ymir work/zone/n/obj/snow.m/landmark_grandstone01.dds	d:/ymir work/zone/n/obj/snow.m/landmark_grandstone01.dds	1
Zone/ymir work/zone/b/obj/ob-12-14.gr2	d:/ymir work/zone/b/obj/ob-12-14.gr2	0
Zone/ymir work/zone/b/obj/general_obj_bigtoewr04.mdatr	d:/ymir work/zone/b/obj/general_obj_bigtoewr04.mdatr	0
Zone/ymir work/zone/ghost/obj/b_general_obj_10_11_01.mdatr	d:/ymir work/zone/ghost/obj/b_general_obj_10_11_01.mdatr	0
Zone/ymir work/zone/n/desert/desert_-bridge01_lod_01.gr2	d:/ymir work/zone/n/desert/desert_-bridge01_lod_01.gr2	0
Zone/ymir work/zone/b/obj/general_obj_bigtoewr05.gr2	d:/ymir work/zone/b/obj/general_obj_bigtoewr05.gr2	0
Zone/ymir work/zone/dungeon/spider_dungeon/spider_dungeon06lightingmap.tga	d:/ymir work/zone/dungeon/spider_dungeon/spider_dungeon06lightingmap.tga	1
Zone/ymir work/zone/ghost/obj/general_obj_bigtower05_01.mdatr	d:/ymir work/zone/ghost/obj/general_obj_bigtower05_01.mdatr	0
Zone/ymir work/zone/b/obj/general_obj_bigtoewr07.gr2	d:/ymir work/zone/b/obj/general_obj_bigtoewr07.gr2	0
Zone/ymir work/zone/b/obj/ob-11-03-bonetunnel05.gr2	d:/ymir work/zone/b/obj/ob-11-03-bonetunnel05.gr2	0
Zone/ymir work/zone/b/obj/general_obj_bigtoewr08.gr2	d:/ymir work/zone/b/obj/general_obj_bigtoewr08.gr2	0
Zone/ymir work/zone/n/obj/snow.m/landmark-01-bellhouse.mdatr	d:/ymir work/zone/n/obj/snow.m/landmark-01-bellhouse.mdatr	0
Zone/ymir work/zone/b/obj/general_obj_bigtoewr08.mdatr	d:/ymir work/zone/b/obj/general_obj_bigtoewr08.mdatr	0
Zone/ymir work/zone/dungeon/monkey_dungeon/20050218/monkey03_dungeon03_boxlm.dds	d:/ymir work/zone/dungeon/monkey_dungeon/20050218/monkey03_dungeon03_boxlm.dds	1
Zone/ymir work/zone/dungeon/monkey_dungeon/20050218/monkey_dungeon03_tableboxlm.dds	d:/ymir work/zone/dungeon/monkey_dungeon/20050218/monkey_dungeon03_tableboxlm.dds	1
Zone/ymir work/zone/n/desert/desert-033-guesthouse-02.dds	d:/ymir work/zone/n/desert/desert-033-guesthouse-02.dds	1
Zone/ymir work/zone/b/obj/general_obj_bigtoewr10.gr2	d:/ymir work/zone/b/obj/general_obj_bigtoewr10.gr2	0
Zone/ymir work/zone/b/obj/ob-bigdam-04.gr2	d:/ymir work/zone/b/obj/ob-bigdam-04.gr2	0
Zone/ymir work/zone/dungeon/old_resources picking zon/resources_picking_all.mdatr	d:/ymir work/zone/dungeon/old_resources picking zon/resources_picking_all.mdatr	0
Zone/ymir work/zone/b/obj/general_obj_bigtoewr10.mdatr	d:/ymir work/zone/b/obj/general_obj_bigtoewr10.mdatr	0
Zone/ymir work/zone/b/obj/ob-7-03-01.mdatr	d:/ymir work/zone/b/obj/ob-7-03-01.mdatr	0
Zone/ymir work/zone/b/obj/general_obj_bigtoewr11.gr2	d:/ymir work/zone/b/obj/general_obj_bigtoewr11.gr2	0
Zone/ymir work/zone/ghost/obj/general_obj_bigtower09_01.mdatr	d:/ymir work/zone/ghost/obj/general_obj_bigtower09_01.mdatr	0
Zone/ymir work/zone/b/obj/ob-tower01_01.mdatr	d:/ymir work/zone/b/obj/ob-tower01_01.mdatr	0
Zone/ymir work/zone/b/obj/general_obj_boat01.mdatr	d:/ymir work/zone/b/obj/general_obj_boat01.mdatr	0
Zone/ymir work/zone/b/obj/general_obj_boat02.gr2	d:/ymir work/zone/b/obj/general_obj_boat02.gr2	0
Zone/ymir work/zone/b/obj/general_obj_suspension bridge03.gr2	d:/ymir work/zone/b/obj/general_obj_suspension bridge03.gr2	0
Zone/ymir work/zone/b/obj/general_obj_brazier_01.mdatr	d:/ymir work/zone/b/obj/general_obj_brazier_01.mdatr	0
Zone/ymir work/zone/b/obj/general_obj_breakenbox01.gr2	d:/ymir work/zone/b/obj/general_obj_breakenbox01.gr2	0
Zone/ymir work/zone/ghost/obj/ob-b1-001-bix02_01.mdatr	d:/ymir work/zone/ghost/obj/ob-b1-001-bix02_01.mdatr	0
Zone/ymir work/zone/b/obj/general_obj_breakenbox01.mdatr	d:/ymir work/zone/b/obj/general_obj_breakenbox01.mdatr	0
Zone/ymir work/zone/b/obj/general_obj_brimstone.mdatr	d:/ymir work/zone/b/obj/general_obj_brimstone.mdatr	0
Zone/ymir work/zone/b/obj/general_obj_campfire.gr2	d:/ymir work/zone/b/obj/general_obj_campfire.gr2	0
Zone/ymir work/zone/b/obj/ob-11-03-bonetunnel04_04.gr2	d:/ymir work/zone/b/obj/ob-11-03-bonetunnel04_04.gr2	0
Zone/ymir work/zone/b/obj/general_obj_campfire.mdatr	d:/ymir work/zone/b/obj/general_obj_campfire.mdatr	0
Zone/ymir work/zone/b/obj/general_obj_unglazed.gr2	d:/ymir work/zone/b/obj/general_obj_unglazed.gr2	0
Zone/ymir work/zone/b/obj/general_obj_carriage.dds	d:/ymir work/zone/b/obj/general_obj_carriage.dds	1
Zone/ymir work/zone/n/desert/desert_cart01.dds	d:/ymir work/zone/n/desert/desert_cart01.dds	1
Zone/ymir work/zone/n/desert/cactus_03.mdatr	d:/ymir work/zone/n/desert/cactus_03.mdatr	0
Zone/ymir work/zone/n/obj/map_n_desert_01/b_general_obj_15.mdatr	d:/ymir work/zone/n/obj/map_n_desert_01/b_general_obj_15.mdatr	0
Zone/ymir work/zone/b/obj/general_obj_charcoal.gr2	d:/ymir work/zone/b/obj/general_obj_charcoal.gr2	0
Zone/ymir work/zone/b/obj/general_obj_cliffgate01.mdatr	d:/ymir work/zone/b/obj/general_obj_cliffgate01.mdatr	0
Zone/ymir work/zone/ghost/obj/general_obj_fence02_01_01.gr2	d:/ymir work/zone/ghost/obj/general_obj_fence02_01_01.gr2	0
Zone/ymir work/zone/b/obj/general_obj_cliffgate_wall01.mdatr	d:/ymir work/zone/b/obj/general_obj_cliffgate_wall01.mdatr	0
Zone/ymir work/zone/ghost/c1-008-house5-1_01.dds	d:/ymir work/zone/ghost/c1-008-house5-1_01.dds	1
Zone/ymir work/zone/ghost/c1-009-hotel01.mdatr	d:/ymir work/zone/ghost/c1-009-hotel01.mdatr	0
Zone/ymir work/zone/n/obj/snow.m/general_obj_pilla_lod_01.gr2	d:/ymir work/zone/n/obj/snow.m/general_obj_pilla_lod_01.gr2	0
Zone/ymir work/zone/b/obj/general_obj_itembox01.mdatr	d:/ymir work/zone/b/obj/general_obj_itembox01.mdatr	0
Zone/ymir work/zone/n/obj/snow.m/general_obj_flag_lod_01.gr2	d:/ymir work/zone/n/obj/snow.m/general_obj_flag_lod_01.gr2	0
Zone/ymir work/zone/b/obj/general_obj_drum.mdatr	d:/ymir work/zone/b/obj/general_obj_drum.mdatr	0
Zone/ymir work/zone/c/building/c1_018-stonelight-1.mdatr	d:/ymir work/zone/c/building/c1_018-stonelight-1.mdatr	0
Zone/ymir work/zone/b/obj/general_obj_cliffgate_wall02.gr2	d:/ymir work/zone/b/obj/general_obj_cliffgate_wall02.gr2	0
Zone/ymir work/zone/dungeon/monkey_dungeon/monkey_dungeon_cave02.mdatr	d:/ymir work/zone/dungeon/monkey_dungeon/monkey_dungeon_cave02.mdatr	0
Zone/ymir work/zone/c/building/c1-middledam-02.mdatr	d:/ymir work/zone/c/building/c1-middledam-02.mdatr	0
Zone/ymir work/zone/n/obj/map_n_flame_01/general_obj_stonedoor.gr2	d:/ymir work/zone/n/obj/map_n_flame_01/general_obj_stonedoor.gr2	0
Zone/ymir work/zone/b/obj/general_obj_cliffgate_wall02.mdatr	d:/ymir work/zone/b/obj/general_obj_cliffgate_wall02.mdatr	0
Zone/ymir work/zone/b/obj/general_obj_cliffgate_wall03.gr2	d:/ymir work/zone/b/obj/general_obj_cliffgate_wall03.gr2	0
Zone/ymir work/zone/b/obj/ob-standganpan-03.gr2	d:/ymir work/zone/b/obj/ob-standganpan-03.gr2	0
Zone/ymir work/zone/b/obj/ob-12-07.mdatr	d:/ymir work/zone/b/obj/ob-12-07.mdatr	0
Zone/ymir work/zone/n/obj/snow.m/snow-009-hotel03.dds	d:/ymir work/zone/n/obj/snow.m/snow-009-hotel03.dds	1
Zone/ymir work/zone/n/obj/map_n_desert_01/general_obj_charcoal.mdatr	d:/ymir work/zone/n/obj/map_n_desert_01/general_obj_charcoal.mdatr	0
Zone/ymir work/zone/b/obj/general_obj_stone14.gr2	d:/ymir work/zone/b/obj/general_obj_stone14.gr2	0
Zone/ymir work/zone/b/obj/general_obj_ferryboat02.mdatr	d:/ymir work/zone/b/obj/general_obj_ferryboat02.mdatr	0
Zone/ymir work/zone/b/obj/general_obj_cliffgate_wall03.mdatr	d:/ymir work/zone/b/obj/general_obj_cliffgate_wall03.mdatr	0
Zone/ymir work/zone/b/obj/general_obj_drum.dds	d:/ymir work/zone/b/obj/general_obj_drum.dds	1
Zone/ymir work/zone/dungeon/haven_dungeon/skipia_passp.mdatr	d:/ymir work/zone/dungeon/haven_dungeon/skipia_passp.mdatr	0
Zone/ymir work/zone/b/obj/general_obj_farming tool01.gr2	d:/ymir work/zone/b/obj/general_obj_farming tool01.gr2	0
Zone/ymir work/zone/n/obj/map_n_flame_01/general_obj_bigtower12.gr2	d:/ymir work/zone/n/obj/map_n_flame_01/general_obj_bigtower12.gr2	0
Zone/ymir work/zone/b/obj/ob-10-02-wall-door.gr2	d:/ymir work/zone/b/obj/ob-10-02-wall-door.gr2	0
Zone/ymir work/zone/b/obj/general_obj_farming tool01.mdatr	d:/ymir work/zone/b/obj/general_obj_farming tool01.mdatr	0
Zone/ymir work/zone/b/obj/ob-5-03thiefden.mdatr	d:/ymir work/zone/b/obj/ob-5-03thiefden.mdatr	0
Zone/ymir work/zone/b/obj/general_obj_farming tool02.gr2	d:/ymir work/zone/b/obj/general_obj_farming tool02.gr2	0
Zone/ymir work/zone/ghost/c1-016-house9_01.dds	d:/ymir work/zone/ghost/c1-016-house9_01.dds	1
Zone/ymir work/zone/ghost/c1-035-woodgate_01.gr2	d:/ymir work/zone/ghost/c1-035-woodgate_01.gr2	0
Zone/ymir work/zone/dungeon/spider_dungeon/spider_dungeon_03.dds	d:/ymir work/zone/dungeon/spider_dungeon/spider_dungeon_03.dds	1
Zone/ymir work/zone/n/obj/snow.m/warpgate03_01.gr2	d:/ymir work/zone/n/obj/snow.m/warpgate03_01.gr2	0
Zone/ymir work/zone/b/obj/ob-12-03gate01.dds	d:/ymir work/zone/b/obj/ob-12-03gate01.dds	1
Zone/ymir work/zone/b/obj/general_obj_farming tool02.mdatr	d:/ymir work/zone/b/obj/general_obj_farming tool02.mdatr	0
Zone/ymir work/zone/b/obj/general_obj_fence01.gr2	d:/ymir work/zone/b/obj/general_obj_fence01.gr2	0
Zone/ymir work/zone/c/building/c1-009-hotel.mdatr	d:/ymir work/zone/c/building/c1-009-hotel.mdatr	0
Zone/ymir work/zone/b/obj/ob-11-03-bonetunnel02_06.mdatr	d:/ymir work/zone/b/obj/ob-11-03-bonetunnel02_06.mdatr	0
Zone/ymir work/zone/b/obj/general_obj_target 01.dds	d:/ymir work/zone/b/obj/general_obj_target 01.dds	1
Zone/ymir work/zone/b/obj/general_obj_fence02.gr2	d:/ymir work/zone/b/obj/general_obj_fence02.gr2	0
Zone/ymir work/zone/b/tree/c/redmaple_rt_01.spt	d:/ymir work/zone/b/tree/c/redmaple_rt_01.spt	1
Zone/ymir work/zone/n/obj/snow.m/nsm-035-wooddoor.dds	d:/ymir work/zone/n/obj/snow.m/nsm-035-wooddoor.dds	1
Zone/ymir work/zone/n/obj/map_n_flame_01/general_obj_bigtower08.mdatr	d:/ymir work/zone/n/obj/map_n_flame_01/general_obj_bigtower08.mdatr	0
Zone/ymir work/zone/b/obj/general_obj_fence02.mdatr	d:/ymir work/zone/b/obj/general_obj_fence02.mdatr	0
Zone/ymir work/zone/b/obj/general_obj_fence03.mdatr	d:/ymir work/zone/b/obj/general_obj_fence03.mdatr	0
Zone/ymir work/zone/c/building/c1-038-wall-door.gr2	d:/ymir work/zone/c/building/c1-038-wall-door.gr2	0
Zone/ymir work/zone/b/obj/general_obj_fence04.mdatr	d:/ymir work/zone/b/obj/general_obj_fence04.mdatr	0
Zone/ymir work/zone/b/obj/general_obj_fence05.gr2	d:/ymir work/zone/b/obj/general_obj_fence05.gr2	0
Zone/ymir work/zone/n/obj/snow.m/nsm-022-10m-bridge.dds	d:/ymir work/zone/n/obj/snow.m/nsm-022-10m-bridge.dds	1
Zone/ymir work/zone/b/obj/general_obj_fence05.mdatr	d:/ymir work/zone/b/obj/general_obj_fence05.mdatr	0
Zone/ymir work/zone/b/obj/general_obj_ferryboat.dds	d:/ymir work/zone/b/obj/general_obj_ferryboat.dds	1
Zone/ymir work/zone/b/obj/ob-7-13-building03.gr2	d:/ymir work/zone/b/obj/ob-7-13-building03.gr2	0
Zone/ymir work/zone/b/obj/general_obj_ferryboat01.gr2	d:/ymir work/zone/b/obj/general_obj_ferryboat01.gr2	0
Zone/ymir work/zone/b/obj/general_obj_ferryboat01.mdatr	d:/ymir work/zone/b/obj/general_obj_ferryboat01.mdatr	0
Zone/ymir work/zone/n/obj/map_n_desert_01/general_obj_drum.dds	d:/ymir work/zone/n/obj/map_n_desert_01/general_obj_drum.dds	1
Zone/ymir work/zone/b/obj/general_obj_ferryboat02.gr2	d:/ymir work/zone/b/obj/general_obj_ferryboat02.gr2	0
Zone/ymir work/zone/ghost/obj/b_general_obj_06_01.dds	d:/ymir work/zone/ghost/obj/b_general_obj_06_01.dds	1
Zone/ymir work/zone/b/obj/general_obj_jar_blue01-01.gr2	d:/ymir work/zone/b/obj/general_obj_jar_blue01-01.gr2	0
Zone/ymir work/zone/b/obj/general_obj_ferryboat03.gr2	d:/ymir work/zone/b/obj/general_obj_ferryboat03.gr2	0
Zone/ymir work/zone/b/obj/general_obj_ferryboat03.mdatr	d:/ymir work/zone/b/obj/general_obj_ferryboat03.mdatr	0
Zone/ymir work/zone/n/obj/snow.m/general_obj_watchtower01_lod_01.gr2	d:/ymir work/zone/n/obj/snow.m/general_obj_watchtower01_lod_01.gr2	0
Zone/ymir work/zone/b/obj/general_obj_flag.gr2	d:/ymir work/zone/b/obj/general_obj_flag.gr2	0
Zone/ymir work/zone/b/obj/ob-tower01.gr2	d:/ymir work/zone/b/obj/ob-tower01.gr2	0
Zone/ymir work/zone/c/building/c1-middledam-03.mdatr	d:/ymir work/zone/c/building/c1-middledam-03.mdatr	0
Zone/ymir work/zone/b/obj/general_obj_flag.mdatr	d:/ymir work/zone/b/obj/general_obj_flag.mdatr	0
Zone/ymir work/zone/b/obj/general_obj_target 01.mdatr	d:/ymir work/zone/b/obj/general_obj_target 01.mdatr	0
Zone/ymir work/zone/b/obj/general_obj_itembox01.gr2	d:/ymir work/zone/b/obj/general_obj_itembox01.gr2	0
Zone/ymir work/zone/dungeon/monkey_dungeon/20050218/monkey01_dungeon01_lightingmap.dds	d:/ymir work/zone/dungeon/monkey_dungeon/20050218/monkey01_dungeon01_lightingmap.dds	1
Zone/ymir work/zone/n/desert/desert_brazier_lod_01.gr2	d:/ymir work/zone/n/desert/desert_brazier_lod_01.gr2	0
Zone/ymir work/zone/b/obj/ob-12-03gate04.gr2	d:/ymir work/zone/b/obj/ob-12-03gate04.gr2	0
Zone/ymir work/zone/ghost/c1-010-bank-01_01.dds	d:/ymir work/zone/ghost/c1-010-bank-01_01.dds	1
Zone/ymir work/zone/b/obj/general_obj_itembox02.mdatr	d:/ymir work/zone/b/obj/general_obj_itembox02.mdatr	0
Zone/ymir work/zone/b/obj/general_obj_stone15.gr2	d:/ymir work/zone/b/obj/general_obj_stone15.gr2	0
Zone/ymir work/zone/b/obj/general_obj_itembox03.mdatr	d:/ymir work/zone/b/obj/general_obj_itembox03.mdatr	0
Zone/ymir work/zone/dungeon/monkey_dungeon/monkey_dungeon03_obj_plb.dds	d:/ymir work/zone/dungeon/monkey_dungeon/monkey_dungeon03_obj_plb.dds	1
Zone/ymir work/zone/n/obj/snow.m/snow-006-castle.gr2	d:/ymir work/zone/n/obj/snow.m/snow-006-castle.gr2	0
Zone/ymir work/zone/dungeon/spider_dungeon/spider_dungeongate_up02.dds	d:/ymir work/zone/dungeon/spider_dungeon/spider_dungeongate_up02.dds	1
Zone/ymir work/zone/b/obj/general_obj_jar_blue02-01.gr2	d:/ymir work/zone/b/obj/general_obj_jar_blue02-01.gr2	0
Zone/ymir work/zone/b/obj/general_obj_jar_blue02-01.mdatr	d:/ymir work/zone/b/obj/general_obj_jar_blue02-01.mdatr	0
Zone/ymir work/zone/c/building/c1-033-guesthouse-01.gr2	d:/ymir work/zone/c/building/c1-033-guesthouse-01.gr2	0
Zone/ymir work/zone/b/obj/general_obj_watermill.gr2	d:/ymir work/zone/b/obj/general_obj_watermill.gr2	0
Zone/ymir work/zone/b/obj/general_obj_jar_blue02.mdatr	d:/ymir work/zone/b/obj/general_obj_jar_blue02.mdatr	0
Zone/ymir work/zone/b/obj/general_obj_jar_red02-01.mdatr	d:/ymir work/zone/b/obj/general_obj_jar_red02-01.mdatr	0
Zone/ymir work/zone/b/obj/ob-11-03-bonetunnel02_10.gr2	d:/ymir work/zone/b/obj/ob-11-03-bonetunnel02_10.gr2	0
Zone/ymir work/zone/b/obj/general_obj_jar_red02.mdatr	d:/ymir work/zone/b/obj/general_obj_jar_red02.mdatr	0
Zone/ymir work/zone/ghost/c1_0004_house2_03.mdatr	d:/ymir work/zone/ghost/c1_0004_house2_03.mdatr	0
Zone/ymir work/zone/b/obj/ob-11-03-bonetunnel02_08.gr2	d:/ymir work/zone/b/obj/ob-11-03-bonetunnel02_08.gr2	0
Zone/ymir work/zone/b/obj/general_obj_stone13.mdatr	d:/ymir work/zone/b/obj/general_obj_stone13.mdatr	0
Zone/ymir work/zone/b/obj/general_obj_jar_yellow01-01.gr2	d:/ymir work/zone/b/obj/general_obj_jar_yellow01-01.gr2	0
Zone/ymir work/zone/dungeon/haven_dungeon/skipia_passt.gr2	d:/ymir work/zone/dungeon/haven_dungeon/skipia_passt.gr2	0
Zone/ymir work/zone/n/desert/desert_lionstone.dds	d:/ymir work/zone/n/desert/desert_lionstone.dds	1
Zone/ymir work/zone/b/obj/general_obj_suspension bridge01.mdatr	d:/ymir work/zone/b/obj/general_obj_suspension bridge01.mdatr	0
Zone/ymir work/zone/n/obj/snow.m/general_obj_ferryboat02.gr2	d:/ymir work/zone/n/obj/snow.m/general_obj_ferryboat02.gr2	0
Zone/ymir work/zone/b/obj/general_obj_stone08.gr2	d:/ymir work/zone/b/obj/general_obj_stone08.gr2	0
Zone/ymir work/zone/b/obj/general_obj_jar_yellow01-01.mdatr	d:/ymir work/zone/b/obj/general_obj_jar_yellow01-01.mdatr	0
Zone/ymir work/zone/b/obj/general_obj_jar_yellow01.mdatr	d:/ymir work/zone/b/obj/general_obj_jar_yellow01.mdatr	0
Zone/ymir work/zone/b/obj/ob-013-tower01_02.dds	d:/ymir work/zone/b/obj/ob-013-tower01_02.dds	1
Zone/ymir work/zone/b/obj/general_obj_jar_yellow02-01.gr2	d:/ymir work/zone/b/obj/general_obj_jar_yellow02-01.gr2	0
Zone/ymir work/zone/b/obj/general_obj_jar_yellow02-01.mdatr	d:/ymir work/zone/b/obj/general_obj_jar_yellow02-01.mdatr	0
Zone/ymir work/zone/ghost/c1-034-stonedoor-01_01.dds	d:/ymir work/zone/ghost/c1-034-stonedoor-01_01.dds	1
Zone/ymir work/zone/dungeon/devil_tower3/deviltower3_01.dds	d:/ymir work/zone/dungeon/devil_tower3/deviltower3_01.dds	1
Zone/ymir work/zone/n/obj/snow.m/nsm-037-tower.dds	d:/ymir work/zone/n/obj/snow.m/nsm-037-tower.dds	1
Zone/ymir work/zone/b/obj/general_obj_stone04.gr2	d:/ymir work/zone/b/obj/general_obj_stone04.gr2	0
Zone/ymir work/zone/b/obj/general_obj_jar_yellow02.mdatr	d:/ymir work/zone/b/obj/general_obj_jar_yellow02.mdatr	0
Zone/ymir work/zone/dungeon/spider_dungeon/spider_dungeon06.mdatr	d:/ymir work/zone/dungeon/spider_dungeon/spider_dungeon06.mdatr	0
Zone/ymir work/zone/nusluck/door_02.dds	d:/ymir work/zone/nusluck/door_02.dds	1
Zone/ymir work/zone/b/obj/general_obj_lamp.gr2	d:/ymir work/zone/b/obj/general_obj_lamp.gr2	0
Zone/ymir work/zone/n/obj/snow.m/nsm-018-stonelight-01.dds	d:/ymir work/zone/n/obj/snow.m/nsm-018-stonelight-01.dds	1
Zone/ymir work/zone/b/obj/general_obj_lionstoneimage.gr2	d:/ymir work/zone/b/obj/general_obj_lionstoneimage.gr2	0
Zone/ymir work/zone/n/desert/desert_tent01.gr2	d:/ymir work/zone/n/desert/desert_tent01.gr2	0
Zone/ymir work/zone/b/obj/general_obj_pieceofstone01 .gr2	d:/ymir work/zone/b/obj/general_obj_pieceofstone01 .gr2	0
Zone/ymir work/zone/b/obj/general_obj_pieceofstone03.gr2	d:/ymir work/zone/b/obj/general_obj_pieceofstone03.gr2	0
Zone/ymir work/zone/b/obj/general_obj_pieceofstone04.gr2	d:/ymir work/zone/b/obj/general_obj_pieceofstone04.gr2	0
Zone/ymir work/zone/dungeon/monkey_dungeon/20050218/monkey03_dungeon03_02lm.dds	d:/ymir work/zone/dungeon/monkey_dungeon/20050218/monkey03_dungeon03_02lm.dds	1
Zone/ymir work/zone/b/obj/general_obj_watchtower02.mdatr	d:/ymir work/zone/b/obj/general_obj_watchtower02.mdatr	0
Zone/ymir work/zone/n/milgyo/milgyo_building04_03.dds	d:/ymir work/zone/n/milgyo/milgyo_building04_03.dds	1
Zone/ymir work/zone/b/obj/general_obj_stone01.dds	d:/ymir work/zone/b/obj/general_obj_stone01.dds	1
Zone/ymir work/zone/b/obj/ob-10-05-house03-02.dds	d:/ymir work/zone/b/obj/ob-10-05-house03-02.dds	1
Zone/ymir work/zone/ghost/obj/b_general_obj_16_01.gr2	d:/ymir work/zone/ghost/obj/b_general_obj_16_01.gr2	0
Zone/ymir work/zone/b/obj/ob-033-guesthouse-02.mdatr	d:/ymir work/zone/b/obj/ob-033-guesthouse-02.mdatr	0
Zone/ymir work/zone/b/obj/general_obj_stone01.gr2	d:/ymir work/zone/b/obj/general_obj_stone01.gr2	0
Zone/ymir work/zone/b/obj/general_obj_stone01.mdatr	d:/ymir work/zone/b/obj/general_obj_stone01.mdatr	0
Zone/ymir work/zone/n/obj/snow.m/warpgate01-01.dds	d:/ymir work/zone/n/obj/snow.m/warpgate01-01.dds	1
Zone/ymir work/zone/duel/a1-038-wall-lin_duel.gr2	d:/ymir work/zone/duel/a1-038-wall-lin_duel.gr2	0
Zone/ymir work/zone/n/obj/map_n_desert_01/general_obj_flag.gr2	d:/ymir work/zone/n/obj/map_n_desert_01/general_obj_flag.gr2	0
Zone/ymir work/zone/b/obj/ob-032-shamanhouse.mdatr	d:/ymir work/zone/b/obj/ob-032-shamanhouse.mdatr	0
Zone/ymir work/zone/b/obj/general_obj_stone02.dds	d:/ymir work/zone/b/obj/general_obj_stone02.dds	1
Zone/ymir work/zone/n/obj/snow.m/general_obj_stone01_lod_01.gr2	d:/ymir work/zone/n/obj/snow.m/general_obj_stone01_lod_01.gr2	0
Zone/ymir work/zone/b/obj/general_obj_stone02.mdatr	d:/ymir work/zone/b/obj/general_obj_stone02.mdatr	0
Zone/ymir work/zone/n/obj/snow.m/general_obj_stoneimage01.gr2	d:/ymir work/zone/n/obj/snow.m/general_obj_stoneimage01.gr2	0
Zone/ymir work/zone/b/obj/general_obj_stone03.dds	d:/ymir work/zone/b/obj/general_obj_stone03.dds	1
Zone/ymir work/zone/b/obj/general_obj_stone03.gr2	d:/ymir work/zone/b/obj/general_obj_stone03.gr2	0
Zone/ymir work/zone/b/obj/general_obj_stone04.dds	d:/ymir work/zone/b/obj/general_obj_stone04.dds	1
Zone/ymir work/zone/n/desert/cactus_04.gr2	d:/ymir work/zone/n/desert/cactus_04.gr2	0
Zone/ymir work/zone/b/obj/ob-11-05-bonetomb_02.gr2	d:/ymir work/zone/b/obj/ob-11-05-bonetomb_02.gr2	0
Zone/ymir work/zone/b/obj/general_obj_stone11.mdatr	d:/ymir work/zone/b/obj/general_obj_stone11.mdatr	0
Zone/ymir work/zone/b/obj/general_obj_stone05.mdatr	d:/ymir work/zone/b/obj/general_obj_stone05.mdatr	0
Zone/ymir work/zone/ghost/obj/ob-b1-001-box03_01.mdatr	d:/ymir work/zone/ghost/obj/ob-b1-001-box03_01.mdatr	0
Zone/ymir work/zone/n/obj/map_n_desert_01/b_general_obj_29.gr2	d:/ymir work/zone/n/obj/map_n_desert_01/b_general_obj_29.gr2	0
Zone/ymir work/zone/b/obj/general_obj_stone06.gr2	d:/ymir work/zone/b/obj/general_obj_stone06.gr2	0
Zone/ymir work/zone/b/obj/general_obj_suspension bridge03.mdatr	d:/ymir work/zone/b/obj/general_obj_suspension bridge03.mdatr	0
Zone/ymir work/zone/b/obj/general_obj_stone07.mdatr	d:/ymir work/zone/b/obj/general_obj_stone07.mdatr	0
Zone/ymir work/zone/dungeon/haven_dungeon/light_passp_wall.dds	d:/ymir work/zone/dungeon/haven_dungeon/light_passp_wall.dds	1
Zone/ymir work/zone/b/obj/general_obj_stone09.gr2	d:/ymir work/zone/b/obj/general_obj_stone09.gr2	0
Zone/ymir work/zone/b/obj/general_obj_stone09.mdatr	d:/ymir work/zone/b/obj/general_obj_stone09.mdatr	0
Zone/ymir work/zone/n/obj/snow.m/general_obj_stone15.gr2	d:/ymir work/zone/n/obj/snow.m/general_obj_stone15.gr2	0
Zone/ymir work/zone/b/obj/ob-12-06.mdatr	d:/ymir work/zone/b/obj/ob-12-06.mdatr	0
Zone/ymir work/zone/b/obj/general_obj_stone10.gr2	d:/ymir work/zone/b/obj/general_obj_stone10.gr2	0
Zone/ymir work/zone/n/obj/map_n_flame_01/warpgate01.mdatr	d:/ymir work/zone/n/obj/map_n_flame_01/warpgate01.mdatr	0
Zone/ymir work/zone/b/obj/general_obj_stone10.mdatr	d:/ymir work/zone/b/obj/general_obj_stone10.mdatr	0
Zone/ymir work/zone/b/obj/general_obj_stone11.gr2	d:/ymir work/zone/b/obj/general_obj_stone11.gr2	0
Zone/ymir work/zone/n/obj/map_n_desert_01/general_obj_jar_red02.gr2	d:/ymir work/zone/n/obj/map_n_desert_01/general_obj_jar_red02.gr2	0
Zone/ymir work/zone/b/obj/general_obj_stone12.gr2	d:/ymir work/zone/b/obj/general_obj_stone12.gr2	0
Zone/ymir work/zone/b/obj/ob-12-03gate03.mdatr	d:/ymir work/zone/b/obj/ob-12-03gate03.mdatr	0
Zone/ymir work/zone/b/obj/general_obj_stone12.mdatr	d:/ymir work/zone/b/obj/general_obj_stone12.mdatr	0
Zone/ymir work/zone/b/obj/ob-10-02-wall-corner.mdatr	d:/ymir work/zone/b/obj/ob-10-02-wall-corner.mdatr	0
Zone/ymir work/zone/ghost/c1-008-house5-2_02.mdatr	d:/ymir work/zone/ghost/c1-008-house5-2_02.mdatr	0
Zone/ymir work/zone/c/building/c1-024-10m-bridge-1.dds	d:/ymir work/zone/c/building/c1-024-10m-bridge-1.dds	1
Zone/ymir work/zone/b/obj/general_obj_stone13.dds	d:/ymir work/zone/b/obj/general_obj_stone13.dds	1
Zone/ymir work/zone/c/building/c1-002-inwall-02.mdatr	d:/ymir work/zone/c/building/c1-002-inwall-02.mdatr	0
Zone/ymir work/zone/n/obj/map_n_flame_01/general_obj_lionstoneimage.gr2	d:/ymir work/zone/n/obj/map_n_flame_01/general_obj_lionstoneimage.gr2	0
Zone/ymir work/zone/b/obj/general_obj_stone13.gr2	d:/ymir work/zone/b/obj/general_obj_stone13.gr2	0
Zone/ymir work/zone/n/desert/desert-009-hotel_lod_01.gr2	d:/ymir work/zone/n/desert/desert-009-hotel_lod_01.gr2	0
Zone/ymir work/zone/b/obj/general_obj_stone14.dds	d:/ymir work/zone/b/obj/general_obj_stone14.dds	1
Zone/ymir work/zone/dungeon/haven_dungeon/light_passl_bottom.dds	d:/ymir work/zone/dungeon/haven_dungeon/light_passl_bottom.dds	1
Zone/ymir work/zone/b/obj/ob-b1-001-box02.mdatr	d:/ymir work/zone/b/obj/ob-b1-001-box02.mdatr	0
Zone/ymir work/zone/n/obj/snow.m/snow-middledam-01.gr2	d:/ymir work/zone/n/obj/snow.m/snow-middledam-01.gr2	0
Zone/ymir work/zone/b/obj/general_obj_stone14.mdatr	d:/ymir work/zone/b/obj/general_obj_stone14.mdatr	0
Zone/ymir work/zone/n/obj/snow.m/general_obj_stonepillar_02_lod_01.gr2	d:/ymir work/zone/n/obj/snow.m/general_obj_stonepillar_02_lod_01.gr2	0
Zone/ymir work/zone/b/obj/general_obj_stone15.mdatr	d:/ymir work/zone/b/obj/general_obj_stone15.mdatr	0
Zone/ymir work/zone/n/obj/snow.m/snow-middledam-05_lod_01.gr2	d:/ymir work/zone/n/obj/snow.m/snow-middledam-05_lod_01.gr2	0
Zone/ymir work/zone/b/obj/ob-bigdam-01.dds	d:/ymir work/zone/b/obj/ob-bigdam-01.dds	1
Zone/ymir work/zone/b/obj/ob-5-03-1thiefden.gr2	d:/ymir work/zone/b/obj/ob-5-03-1thiefden.gr2	0
Zone/ymir work/zone/b/obj/general_obj_stone18.dds	d:/ymir work/zone/b/obj/general_obj_stone18.dds	1
Zone/ymir work/zone/n/obj/snow.m/general_obj_bigtower03_lod_01.gr2	d:/ymir work/zone/n/obj/snow.m/general_obj_bigtower03_lod_01.gr2	0
Zone/ymir work/zone/b/obj/ob-10-04-house02.mdatr	d:/ymir work/zone/b/obj/ob-10-04-house02.mdatr	0
Zone/ymir work/zone/b/obj/general_obj_stone18.gr2	d:/ymir work/zone/b/obj/general_obj_stone18.gr2	0
Zone/ymir work/zone/b/obj/ob-c-0013.mdatr	d:/ymir work/zone/b/obj/ob-c-0013.mdatr	0
Zone/ymir work/zone/n/obj/snow.m/snow-033-guesthouse-02.mdatr	d:/ymir work/zone/n/obj/snow.m/snow-033-guesthouse-02.mdatr	0
Zone/ymir work/zone/b/obj/general_obj_stone18.mdatr	d:/ymir work/zone/b/obj/general_obj_stone18.mdatr	0
Zone/ymir work/zone/c/building/c1-rms-001.mdatr	d:/ymir work/zone/c/building/c1-rms-001.mdatr	0
Zone/ymir work/zone/b/obj/general_obj_stone19.mdatr	d:/ymir work/zone/b/obj/general_obj_stone19.mdatr	0
Zone/ymir work/zone/c/building/c1-033-guesthouse-01.mdatr	d:/ymir work/zone/c/building/c1-033-guesthouse-01.mdatr	0
Zone/ymir work/zone/b/obj/general_obj_stonebox.gr2	d:/ymir work/zone/b/obj/general_obj_stonebox.gr2	0
Zone/ymir work/zone/n/obj/snow.m/general_obj_lionstoneimage.mdatr	d:/ymir work/zone/n/obj/snow.m/general_obj_lionstoneimage.mdatr	0
Zone/ymir work/zone/b/tree/c/greenash_rt_02.spt	d:/ymir work/zone/b/tree/c/greenash_rt_02.spt	1
Zone/ymir work/zone/c/building/c1_018-stonelight.mdatr	d:/ymir work/zone/c/building/c1_018-stonelight.mdatr	0
Zone/ymir work/zone/b/obj/ob-004-hause2.dds	d:/ymir work/zone/b/obj/ob-004-hause2.dds	1
Zone/ymir work/zone/b/obj/general_obj_stonebridge.dds	d:/ymir work/zone/b/obj/general_obj_stonebridge.dds	1
Zone/ymir work/zone/b/obj/general_obj_stonebridge.mdatr	d:/ymir work/zone/b/obj/general_obj_stonebridge.mdatr	0
Zone/ymir work/zone/b/obj/general_obj_stonedoor.gr2	d:/ymir work/zone/b/obj/general_obj_stonedoor.gr2	0
Zone/ymir work/zone/ghost/c1-011-workhouse-02_02.dds	d:/ymir work/zone/ghost/c1-011-workhouse-02_02.dds	1
Zone/ymir work/zone/b/obj/general_obj_stoneimage01.gr2	d:/ymir work/zone/b/obj/general_obj_stoneimage01.gr2	0
Zone/ymir work/zone/b/obj/general_obj_stoneimage02.gr2	d:/ymir work/zone/b/obj/general_obj_stoneimage02.gr2	0
Zone/ymir work/zone/b/obj/landmark_grandstone03.gr2	d:/ymir work/zone/b/obj/landmark_grandstone03.gr2	0
Zone/ymir work/zone/b/obj/general_obj_stoneimage02.mdatr	d:/ymir work/zone/b/obj/general_obj_stoneimage02.mdatr	0
Zone/ymir work/zone/b/obj/ob-7-all-02.dds	d:/ymir work/zone/b/obj/ob-7-all-02.dds	1
Zone/ymir work/zone/b/obj/general_obj_stoneimage03.gr2	d:/ymir work/zone/b/obj/general_obj_stoneimage03.gr2	0
Zone/ymir work/zone/b/obj/general_obj_stonepillar_02.gr2	d:/ymir work/zone/b/obj/general_obj_stonepillar_02.gr2	0
Zone/ymir work/zone/b/obj/general_obj_stonepillar_02.mdatr	d:/ymir work/zone/b/obj/general_obj_stonepillar_02.mdatr	0
Zone/ymir work/zone/n/obj/snow.m/general_obj_stonebox.dds	d:/ymir work/zone/n/obj/snow.m/general_obj_stonebox.dds	1
Zone/ymir work/zone/b/obj/general_obj_stump.gr2	d:/ymir work/zone/b/obj/general_obj_stump.gr2	0
Zone/ymir work/zone/b/obj/general_obj_suspension bridge01.dds	d:/ymir work/zone/b/obj/general_obj_suspension bridge01.dds	1
Zone/ymir work/zone/ghost/c1-008-house5-2_02.gr2	d:/ymir work/zone/ghost/c1-008-house5-2_02.gr2	0
Zone/ymir work/zone/b/obj/general_obj_suspension bridge01.gr2	d:/ymir work/zone/b/obj/general_obj_suspension bridge01.gr2	0
Zone/ymir work/zone/dungeon/monkey_dungeon/20050218/monkey01_dungeon03_02lm.dds	d:/ymir work/zone/dungeon/monkey_dungeon/20050218/monkey01_dungeon03_02lm.dds	1
Zone/ymir work/zone/ghost/c1-038-wall-lin2_01.gr2	d:/ymir work/zone/ghost/c1-038-wall-lin2_01.gr2	0
Zone/ymir work/zone/b/obj/general_obj_woodbed.mdatr	d:/ymir work/zone/b/obj/general_obj_woodbed.mdatr	0
Zone/ymir work/zone/b/obj/general_obj_suspensionbridge03.mdatr	d:/ymir work/zone/b/obj/general_obj_suspensionbridge03.mdatr	0
Zone/ymir work/zone/b/obj/ob-033-guesthouse-01_lod_01.gr2	d:/ymir work/zone/b/obj/ob-033-guesthouse-01_lod_01.gr2	0
Zone/ymir work/zone/b/obj/landmark_grandstone02.gr2	d:/ymir work/zone/b/obj/landmark_grandstone02.gr2	0
Zone/ymir work/zone/b/obj/general_obj_target 01-02.gr2	d:/ymir work/zone/b/obj/general_obj_target 01-02.gr2	0
Zone/ymir work/zone/b/obj/general_obj_target 01-02.mdatr	d:/ymir work/zone/b/obj/general_obj_target 01-02.mdatr	0
Zone/ymir work/zone/b/obj/general_obj_target 01.gr2	d:/ymir work/zone/b/obj/general_obj_target 01.gr2	0
Zone/ymir work/zone/n/desert/desert_lamp01.gr2	d:/ymir work/zone/n/desert/desert_lamp01.gr2	0
Zone/ymir work/zone/b/obj/general_obj_target 02-01.gr2	d:/ymir work/zone/b/obj/general_obj_target 02-01.gr2	0
Zone/ymir work/zone/b/obj/general_obj_target 02-01.mdatr	d:/ymir work/zone/b/obj/general_obj_target 02-01.mdatr	0
Zone/ymir work/zone/b/tree/1/montereycypress_rt4.spt	d:/ymir work/zone/b/tree/1/montereycypress_rt4.spt	1
Zone/ymir work/zone/ghost/obj/sign_01.gr2	d:/ymir work/zone/ghost/obj/sign_01.gr2	0
Zone/ymir work/zone/b/obj/general_obj_target 02.gr2	d:/ymir work/zone/b/obj/general_obj_target 02.gr2	0
Zone/ymir work/zone/b/obj/general_obj_tent01.gr2	d:/ymir work/zone/b/obj/general_obj_tent01.gr2	0
Zone/ymir work/zone/b/obj/general_obj_tent01.mdatr	d:/ymir work/zone/b/obj/general_obj_tent01.mdatr	0
Zone/ymir work/zone/dungeon/old_resources picking zon/mushroom03.gr2	d:/ymir work/zone/dungeon/old_resources picking zon/mushroom03.gr2	0
Zone/ymir work/zone/dungeon/monkey_dungeon/monkey_dungeon01_01.dds	d:/ymir work/zone/dungeon/monkey_dungeon/monkey_dungeon01_01.dds	1
Zone/ymir work/zone/b/obj/general_obj_tent02.mdatr	d:/ymir work/zone/b/obj/general_obj_tent02.mdatr	0
Zone/ymir work/zone/dungeon/haven_dungeon/big_resorce01.mse	d:/ymir work/zone/dungeon/haven_dungeon/big_resorce01.mse	1
Zone/ymir work/zone/dungeon/monkey_dungeon/monkey01_dungeon03_censerlm.dds	d:/ymir work/zone/dungeon/monkey_dungeon/monkey01_dungeon03_censerlm.dds	1
Zone/ymir work/zone/b/obj/general_obj_txtstone.dds	d:/ymir work/zone/b/obj/general_obj_txtstone.dds	1
Zone/ymir work/zone/b/obj/general_obj_txtstone.gr2	d:/ymir work/zone/b/obj/general_obj_txtstone.gr2	0
Zone/ymir work/zone/n/obj/map_n_desert_01/warpgate02.dds	d:/ymir work/zone/n/obj/map_n_desert_01/warpgate02.dds	1
Zone/ymir work/zone/b/obj/general_obj_txtstone.mdatr	d:/ymir work/zone/b/obj/general_obj_txtstone.mdatr	0
Zone/ymir work/zone/dungeon/haven_dungeon/light_passt_wall.dds	d:/ymir work/zone/dungeon/haven_dungeon/light_passt_wall.dds	1
Zone/ymir work/zone/n/desert/desert_board01.dds	d:/ymir work/zone/n/desert/desert_board01.dds	1
Zone/ymir work/zone/b/obj/general_obj_watchtower01.dds	d:/ymir work/zone/b/obj/general_obj_watchtower01.dds	1
Zone/ymir work/zone/b/obj/landmark_observatory.dds	d:/ymir work/zone/b/obj/landmark_observatory.dds	1
Zone/ymir work/zone/b/obj/general_obj_watchtower01.mdatr	d:/ymir work/zone/b/obj/general_obj_watchtower01.mdatr	0
Zone/ymir work/zone/b/obj/general_obj_watchtower02-01.gr2	d:/ymir work/zone/b/obj/general_obj_watchtower02-01.gr2	0
Zone/ymir work/zone/b/obj/general_obj_watchtower02.dds	d:/ymir work/zone/b/obj/general_obj_watchtower02.dds	1
Zone/ymir work/zone/b/obj/obj-0012.gr2	d:/ymir work/zone/b/obj/obj-0012.gr2	0
Zone/ymir work/zone/b/tree/1/vssver.scc	d:/ymir work/zone/b/tree/1/vssver.scc	0
Zone/ymir work/zone/b/obj/general_obj_watchtower02.gr2	d:/ymir work/zone/b/obj/general_obj_watchtower02.gr2	0
Zone/ymir work/zone/n/milgyo/milgyo_tower02_05.dds	d:/ymir work/zone/n/milgyo/milgyo_tower02_05.dds	1
Zone/ymir work/zone/b/obj/general_obj_watchtower03-01.gr2	d:/ymir work/zone/b/obj/general_obj_watchtower03-01.gr2	0
Zone/ymir work/zone/duel/a1-038-wall-door_duel.gr2	d:/ymir work/zone/duel/a1-038-wall-door_duel.gr2	0
Zone/ymir work/zone/c/building/c1-middledam-07.mdatr	d:/ymir work/zone/c/building/c1-middledam-07.mdatr	0
Zone/ymir work/zone/b/obj/general_obj_watermill1.dds	d:/ymir work/zone/b/obj/general_obj_watermill1.dds	1
Zone/ymir work/zone/b/obj/ob-11-03-bonetunnel02_09.gr2	d:/ymir work/zone/b/obj/ob-11-03-bonetunnel02_09.gr2	0
Zone/ymir work/zone/c/building/c1-middledam-04.mdatr	d:/ymir work/zone/c/building/c1-middledam-04.mdatr	0
Zone/ymir work/zone/dungeon/monkey_dungeon/monkey_dungeon_cave_01.dds	d:/ymir work/zone/dungeon/monkey_dungeon/monkey_dungeon_cave_01.dds	1
Zone/ymir work/zone/b/obj/general_obj_watermill2.dds	d:/ymir work/zone/b/obj/general_obj_watermill2.dds	1
Zone/ymir work/zone/b/obj/general_obj_woodbed.gr2	d:/ymir work/zone/b/obj/general_obj_woodbed.gr2	0
Zone/ymir work/zone/b/obj/general_obj_woodbox.gr2	d:/ymir work/zone/b/obj/general_obj_woodbox.gr2	0
Zone/ymir work/zone/dungeon/monkey_dungeon/monkey03_dungeon03_obj_prb.dds	d:/ymir work/zone/dungeon/monkey_dungeon/monkey03_dungeon03_obj_prb.dds	1
Zone/ymir work/zone/b/obj/ob-bigdam-03.mdatr	d:/ymir work/zone/b/obj/ob-bigdam-03.mdatr	0
Zone/ymir work/zone/b/obj/general_obj_woodbox.mdatr	d:/ymir work/zone/b/obj/general_obj_woodbox.mdatr	0
Zone/ymir work/zone/ghost/obj/ob-b1-001-015_01.dds	d:/ymir work/zone/ghost/obj/ob-b1-001-015_01.dds	1
Zone/ymir work/zone/b/obj/general_obj_woodchair.gr2	d:/ymir work/zone/b/obj/general_obj_woodchair.gr2	0
Zone/ymir work/zone/b/obj/general_obj_woodchair.mdatr	d:/ymir work/zone/b/obj/general_obj_woodchair.mdatr	0
Zone/ymir work/zone/ghost/c1-034-stonedoor-01.gr2	d:/ymir work/zone/ghost/c1-034-stonedoor-01.gr2	0
Zone/ymir work/zone/b/obj/grass01.dds	d:/ymir work/zone/b/obj/grass01.dds	1
Zone/ymir work/zone/dungeon/monkey_dungeon/monkey01_dungeon03_stonelionlm.dds	d:/ymir work/zone/dungeon/monkey_dungeon/monkey01_dungeon03_stonelionlm.dds	1
Zone/ymir work/zone/b/obj/hay_01.mdatr	d:/ymir work/zone/b/obj/hay_01.mdatr	0
Zone/ymir work/zone/n/obj/snow.m/general_obj_suspension bridge03_lod_01.gr2	d:/ymir work/zone/n/obj/snow.m/general_obj_suspension bridge03_lod_01.gr2	0
Zone/ymir work/zone/b/obj/hay_02.gr2	d:/ymir work/zone/b/obj/hay_02.gr2	0
Zone/ymir work/zone/n/obj/snow.m/snow_tower01_01.gr2	d:/ymir work/zone/n/obj/snow.m/snow_tower01_01.gr2	0
Zone/ymir work/zone/b/obj/landmark_grandstone01.mdatr	d:/ymir work/zone/b/obj/landmark_grandstone01.mdatr	0
Zone/ymir work/zone/dungeon/monkey_dungeon/monkey01_dungeon03_02lm.dds	d:/ymir work/zone/dungeon/monkey_dungeon/monkey01_dungeon03_02lm.dds	1
Zone/ymir work/zone/n/milgyo/milgyo_building03.mdatr	d:/ymir work/zone/n/milgyo/milgyo_building03.mdatr	0
Zone/ymir work/zone/c/building/c1-001-house3.dds	d:/ymir work/zone/c/building/c1-001-house3.dds	1
Zone/ymir work/zone/b/obj/landmark_grandstone02.mdatr	d:/ymir work/zone/b/obj/landmark_grandstone02.mdatr	0
Zone/ymir work/zone/b/obj/landmark_grandstone03.mdatr	d:/ymir work/zone/b/obj/landmark_grandstone03.mdatr	0
Zone/ymir work/zone/ghost/c1-011-workhouse-03_03.dds	d:/ymir work/zone/ghost/c1-011-workhouse-03_03.dds	1
Zone/ymir work/zone/n/desert/desert_cart01_lod_01.gr2	d:/ymir work/zone/n/desert/desert_cart01_lod_01.gr2	0
Zone/ymir work/zone/b/obj/landmark_observatory.gr2	d:/ymir work/zone/b/obj/landmark_observatory.gr2	0
Zone/ymir work/zone/c/building/c1-007-itemshop.gr2	d:/ymir work/zone/c/building/c1-007-itemshop.gr2	0
Zone/ymir work/zone/n/desert/desert_building04_03.dds	d:/ymir work/zone/n/desert/desert_building04_03.dds	1
Zone/ymir work/zone/b/obj/ob-004-hause2.gr2	d:/ymir work/zone/b/obj/ob-004-hause2.gr2	0
Zone/ymir work/zone/b/obj/ob-004-hause2.mdatr	d:/ymir work/zone/b/obj/ob-004-hause2.mdatr	0
Zone/ymir work/zone/b/obj/warpgate02.dds	d:/ymir work/zone/b/obj/warpgate02.dds	1
Zone/ymir work/zone/n/desert/desert_woodfence03_lod_01.gr2	d:/ymir work/zone/n/desert/desert_woodfence03_lod_01.gr2	0
Zone/ymir work/zone/b/obj/ob-004-hause2_lod_01.gr2	d:/ymir work/zone/b/obj/ob-004-hause2_lod_01.gr2	0
Zone/ymir work/zone/n/desert/desert-castle02.mdatr	d:/ymir work/zone/n/desert/desert-castle02.mdatr	0
Zone/ymir work/zone/n/obj/snow.m/obj-0010.gr2	d:/ymir work/zone/n/obj/snow.m/obj-0010.gr2	0
Zone/ymir work/zone/c/building/c1-001-house3.mdatr	d:/ymir work/zone/c/building/c1-001-house3.mdatr	0
Zone/ymir work/zone/n/desert/desert-bigdam-02.mdatr	d:/ymir work/zone/n/desert/desert-bigdam-02.mdatr	0
Zone/ymir work/zone/ghost/obj/general_obj_woodchair_01.mdatr	d:/ymir work/zone/ghost/obj/general_obj_woodchair_01.mdatr	0
Zone/ymir work/zone/b/obj/ob-013-tower01_03.dds	d:/ymir work/zone/b/obj/ob-013-tower01_03.dds	1
Zone/ymir work/zone/dungeon/devil_tower2/deviltower2_06.dds	d:/ymir work/zone/dungeon/devil_tower2/deviltower2_06.dds	1
Zone/ymir work/zone/n/obj/snow.m/general_obj_watchtower03.gr2	d:/ymir work/zone/n/obj/snow.m/general_obj_watchtower03.gr2	0
Zone/ymir work/zone/b/obj/ob-032-shamanhouse-1.dds	d:/ymir work/zone/b/obj/ob-032-shamanhouse-1.dds	1
Zone/ymir work/zone/c/building/c1-middledam-01.gr2	d:/ymir work/zone/c/building/c1-middledam-01.gr2	0
Zone/ymir work/zone/b/obj/ob-032-shamanhouse-2.dds	d:/ymir work/zone/b/obj/ob-032-shamanhouse-2.dds	1
Zone/ymir work/zone/n/obj/snow.m/general_obj_bigtower02_lod_01.gr2	d:/ymir work/zone/n/obj/snow.m/general_obj_bigtower02_lod_01.gr2	0
Zone/ymir work/zone/b/obj/ob-11-01-skeletonwall02.gr2	d:/ymir work/zone/b/obj/ob-11-01-skeletonwall02.gr2	0
Zone/ymir work/zone/dungeon/monkey_dungeon/monkey01_dungeon03_obj_prt.dds	d:/ymir work/zone/dungeon/monkey_dungeon/monkey01_dungeon03_obj_prt.dds	1
Zone/ymir work/zone/b/obj/ob-032-shamanhouse.gr2	d:/ymir work/zone/b/obj/ob-032-shamanhouse.gr2	0
Zone/ymir work/zone/dungeon/haven_dungeon/light_boss_wall.dds	d:/ymir work/zone/dungeon/haven_dungeon/light_boss_wall.dds	1
Zone/ymir work/zone/n/obj/map_n_desert_01/b_general_obj_07.mdatr	d:/ymir work/zone/n/obj/map_n_desert_01/b_general_obj_07.mdatr	0
Zone/ymir work/zone/b/obj/ob-033-guesthouse-01.dds	d:/ymir work/zone/b/obj/ob-033-guesthouse-01.dds	1
Zone/ymir work/zone/n/obj/snow.m/warpgate02_01_lod_01.gr2	d:/ymir work/zone/n/obj/snow.m/warpgate02_01_lod_01.gr2	0
Zone/ymir work/zone/n/obj/snow.m/general_obj_stone12_lod_01.gr2	d:/ymir work/zone/n/obj/snow.m/general_obj_stone12_lod_01.gr2	0
Zone/ymir work/zone/b/obj/ob-standganpan-06.gr2	d:/ymir work/zone/b/obj/ob-standganpan-06.gr2	0
Zone/ymir work/zone/b/obj/ob-033-guesthouse-01.mdatr	d:/ymir work/zone/b/obj/ob-033-guesthouse-01.mdatr	0
Zone/ymir work/zone/n/desert/desert-middledam-01.dds	d:/ymir work/zone/n/desert/desert-middledam-01.dds	1
Zone/ymir work/zone/n/obj/snow.m/general_obj_watchtower03-01.gr2	d:/ymir work/zone/n/obj/snow.m/general_obj_watchtower03-01.gr2	0
Zone/ymir work/zone/b/obj/ob-033-guesthouse-02.gr2	d:/ymir work/zone/b/obj/ob-033-guesthouse-02.gr2	0
Zone/ymir work/zone/n/icemount/n_snow_m_resoucegate.mdatr	d:/ymir work/zone/n/icemount/n_snow_m_resoucegate.mdatr	0
Zone/ymir work/zone/b/obj/ob-035-woodgate.gr2	d:/ymir work/zone/b/obj/ob-035-woodgate.gr2	0
Zone/ymir work/zone/n/desert/desert-bigdam-01.dds	d:/ymir work/zone/n/desert/desert-bigdam-01.dds	1
Zone/ymir work/zone/dungeon/haven_dungeon/light_passt_bottom.dds	d:/ymir work/zone/dungeon/haven_dungeon/light_passt_bottom.dds	1
Zone/ymir work/zone/b/obj/ob-035-woodgate.mdatr	d:/ymir work/zone/b/obj/ob-035-woodgate.mdatr	0
Zone/ymir work/zone/b/obj/ob-035-woodgate_lod_01.gr2	d:/ymir work/zone/b/obj/ob-035-woodgate_lod_01.gr2	0
Zone/ymir work/zone/b/obj/ob-11-03-bonetunnel02_05.gr2	d:/ymir work/zone/b/obj/ob-11-03-bonetunnel02_05.gr2	0
Zone/ymir work/zone/dungeon/devil_tower2/deviltower2_lm.dds	d:/ymir work/zone/dungeon/devil_tower2/deviltower2_lm.dds	1
Zone/ymir work/zone/b/obj/ob-1-01.dds	d:/ymir work/zone/b/obj/ob-1-01.dds	1
Zone/ymir work/zone/n/flame/vssver.scc	d:/ymir work/zone/n/flame/vssver.scc	0
Zone/ymir work/zone/b/obj/ob-1-01.gr2	d:/ymir work/zone/b/obj/ob-1-01.gr2	0
Zone/ymir work/zone/b/obj/ob-11-01-skeletontower02.dds	d:/ymir work/zone/b/obj/ob-11-01-skeletontower02.dds	1
Zone/ymir work/zone/b/obj/ob-1-01.mdatr	d:/ymir work/zone/b/obj/ob-1-01.mdatr	0
Zone/ymir work/zone/b/obj/ob-10-01.gr2	d:/ymir work/zone/b/obj/ob-10-01.gr2	0
Zone/ymir work/zone/b/obj/ob-10-02-wall-lin.mdatr	d:/ymir work/zone/b/obj/ob-10-02-wall-lin.mdatr	0
Zone/ymir work/zone/b/obj/ob-10-02-wall-lin2.mdatr	d:/ymir work/zone/b/obj/ob-10-02-wall-lin2.mdatr	0
Zone/ymir work/zone/b/obj/ob_brazier_lod_01.gr2	d:/ymir work/zone/b/obj/ob_brazier_lod_01.gr2	0
Zone/ymir work/zone/dungeon/monkey_dungeon/monkey03_dungeon_cave02.mdatr	d:/ymir work/zone/dungeon/monkey_dungeon/monkey03_dungeon_cave02.mdatr	0
Zone/ymir work/zone/b/obj/ob-11-03-bonetunnel01.gr2	d:/ymir work/zone/b/obj/ob-11-03-bonetunnel01.gr2	0
Zone/ymir work/zone/b/obj/ob-10-03-house01-01.dds	d:/ymir work/zone/b/obj/ob-10-03-house01-01.dds	1
Zone/ymir work/zone/c/building/c1-038-wall-lin2.gr2	d:/ymir work/zone/c/building/c1-038-wall-lin2.gr2	0
Zone/ymir work/zone/b/obj/ob-10-03-house01-02.dds	d:/ymir work/zone/b/obj/ob-10-03-house01-02.dds	1
Zone/ymir work/zone/b/obj/ob-10-03-house01.gr2	d:/ymir work/zone/b/obj/ob-10-03-house01.gr2	0
Zone/ymir work/zone/b/obj/obj-0010jomyoung-all.dds	d:/ymir work/zone/b/obj/obj-0010jomyoung-all.dds	1
Zone/ymir work/zone/dungeon/monkey_dungeon/20050218/monkey02_dungeon_cave03.mdatr	d:/ymir work/zone/dungeon/monkey_dungeon/20050218/monkey02_dungeon_cave03.mdatr	0
Zone/ymir work/zone/b/obj/ob-b1-006-woodbarrel.mdatr	d:/ymir work/zone/b/obj/ob-b1-006-woodbarrel.mdatr	0
Zone/ymir work/zone/b/obj/ob-10-03-house01.mdatr	d:/ymir work/zone/b/obj/ob-10-03-house01.mdatr	0
Zone/ymir work/zone/b/obj/ob-10-04-house02.dds	d:/ymir work/zone/b/obj/ob-10-04-house02.dds	1
Zone/ymir work/zone/n/obj/snow.m/general_obj_bigstone08_lod_01.gr2	d:/ymir work/zone/n/obj/snow.m/general_obj_bigstone08_lod_01.gr2	0
Zone/ymir work/zone/b/obj/ob-11-01-skeletonwall01.mdatr	d:/ymir work/zone/b/obj/ob-11-01-skeletonwall01.mdatr	0
Zone/ymir work/zone/b/obj/ob-10-05-house03-01.dds	d:/ymir work/zone/b/obj/ob-10-05-house03-01.dds	1
Zone/ymir work/zone/n/icemount/n_snow_m_resourcegate.dds	d:/ymir work/zone/n/icemount/n_snow_m_resourcegate.dds	1
Zone/ymir work/zone/ghost/c1-034-stonedoor-02_02.dds	d:/ymir work/zone/ghost/c1-034-stonedoor-02_02.dds	1
Zone/ymir work/zone/b/obj/ob-10-05-house03-03.dds	d:/ymir work/zone/b/obj/ob-10-05-house03-03.dds	1
Zone/ymir work/zone/b/obj/ob-10-05-house03.gr2	d:/ymir work/zone/b/obj/ob-10-05-house03.gr2	0
Zone/ymir work/zone/b/obj/ob-10-05-house03.mdatr	d:/ymir work/zone/b/obj/ob-10-05-house03.mdatr	0
Zone/ymir work/zone/dungeon/haven_dungeon/light_passl_wall.dds	d:/ymir work/zone/dungeon/haven_dungeon/light_passl_wall.dds	1
Zone/ymir work/zone/b/obj/ob-11-01-skeletontower01.dds	d:/ymir work/zone/b/obj/ob-11-01-skeletontower01.dds	1
Zone/ymir work/zone/b/obj/ob-standganpan-all.dds	d:/ymir work/zone/b/obj/ob-standganpan-all.dds	1
Zone/ymir work/zone/dungeon/haven_dungeon/big_resorce.mde	d:/ymir work/zone/dungeon/haven_dungeon/big_resorce.mde	1
Zone/ymir work/zone/n/desert/desert_carriage01.gr2	d:/ymir work/zone/n/desert/desert_carriage01.gr2	0
Zone/ymir work/zone/b/obj/ob-11-01-skeletontower01.mdatr	d:/ymir work/zone/b/obj/ob-11-01-skeletontower01.mdatr	0
Zone/ymir work/zone/b/obj/ob-11-01-skeletontower02.gr2	d:/ymir work/zone/b/obj/ob-11-01-skeletontower02.gr2	0
Zone/ymir work/zone/b/obj/ob-11-01-skeletontower03.dds	d:/ymir work/zone/b/obj/ob-11-01-skeletontower03.dds	1
Zone/ymir work/zone/n/obj/snow.m/snow-bigdam-02.dds	d:/ymir work/zone/n/obj/snow.m/snow-bigdam-02.dds	1
Zone/ymir work/zone/c/building/c1-013-6tower_lod_01.gr2	d:/ymir work/zone/c/building/c1-013-6tower_lod_01.gr2	0
Zone/ymir work/zone/b/obj/ob-11-01-skeletontower03.mdatr	d:/ymir work/zone/b/obj/ob-11-01-skeletontower03.mdatr	0
Zone/ymir work/zone/b/obj/ob-11-01-skeletontower04.gr2	d:/ymir work/zone/b/obj/ob-11-01-skeletontower04.gr2	0
Zone/ymir work/zone/b/obj/ob-11-01-skeletontower04.mdatr	d:/ymir work/zone/b/obj/ob-11-01-skeletontower04.mdatr	0
Zone/ymir work/zone/b/obj/ob-11-01-skeletontower05.mdatr	d:/ymir work/zone/b/obj/ob-11-01-skeletontower05.mdatr	0
Zone/ymir work/zone/b/obj/ob-11-01-skeletontowerstair01.gr2	d:/ymir work/zone/b/obj/ob-11-01-skeletontowerstair01.gr2	0
Zone/ymir work/zone/ghost/obj/general_obj_flag_01.mdatr	d:/ymir work/zone/ghost/obj/general_obj_flag_01.mdatr	0
Zone/ymir work/zone/b/obj/ob-11-01-skeletontowerstair01.mdatr	d:/ymir work/zone/b/obj/ob-11-01-skeletontowerstair01.mdatr	0
Zone/ymir work/zone/n/obj/snow.m/general_obj_stone06_lod_01.gr2	d:/ymir work/zone/n/obj/snow.m/general_obj_stone06_lod_01.gr2	0
Zone/ymir work/zone/n/obj/map_n_desert_01/b_general_obj_18.dds	d:/ymir work/zone/n/obj/map_n_desert_01/b_general_obj_18.dds	1
Zone/ymir work/zone/b/obj/ob-b1-013-lamp02.mdatr	d:/ymir work/zone/b/obj/ob-b1-013-lamp02.mdatr	0
Zone/ymir work/zone/b/obj/ob-11-01-skeletontowerstair02.gr2	d:/ymir work/zone/b/obj/ob-11-01-skeletontowerstair02.gr2	0
Zone/ymir work/zone/c/building/c1-landmark-01-bellhouse-01.dds	d:/ymir work/zone/c/building/c1-landmark-01-bellhouse-01.dds	1
Zone/ymir work/zone/b/obj/ob-11-01-skeletontowerstair02.mdatr	d:/ymir work/zone/b/obj/ob-11-01-skeletontowerstair02.mdatr	0
Zone/ymir work/zone/dungeon/monkey_dungeon/20050218/monkey03_dungeon03_obj_prt.dds	d:/ymir work/zone/dungeon/monkey_dungeon/20050218/monkey03_dungeon03_obj_prt.dds	1
Zone/ymir work/zone/b/obj/ob-12-03stair.mdatr	d:/ymir work/zone/b/obj/ob-12-03stair.mdatr	0
Zone/ymir work/zone/n/obj/snow.m/ob-bigstatue02.dds	d:/ymir work/zone/n/obj/snow.m/ob-bigstatue02.dds	1
Zone/ymir work/zone/b/obj/ob-11-01-skeletonwall02.mdatr	d:/ymir work/zone/b/obj/ob-11-01-skeletonwall02.mdatr	0
Zone/ymir work/zone/c/building/c1-004-hause2.dds	d:/ymir work/zone/c/building/c1-004-hause2.dds	1
Zone/ymir work/zone/dungeon/monkey_dungeon/monkey03_dungeon01_lightingmap.dds	d:/ymir work/zone/dungeon/monkey_dungeon/monkey03_dungeon01_lightingmap.dds	1
Zone/ymir work/zone/b/obj/ob-11-02-stonelight.dds	d:/ymir work/zone/b/obj/ob-11-02-stonelight.dds	1
Zone/ymir work/zone/c/building/c1-032-shamanhouse-1.dds	d:/ymir work/zone/c/building/c1-032-shamanhouse-1.dds	1
Zone/ymir work/zone/b/obj/ob-12-02.gr2	d:/ymir work/zone/b/obj/ob-12-02.gr2	0
Zone/ymir work/zone/b/obj/ob-11-02-stonelight02.gr2	d:/ymir work/zone/b/obj/ob-11-02-stonelight02.gr2	0
Zone/ymir work/zone/c/building/c1-037-tower.dds	d:/ymir work/zone/c/building/c1-037-tower.dds	1
Zone/ymir work/zone/b/obj/ob-11-02-stonelight03.mdatr	d:/ymir work/zone/b/obj/ob-11-02-stonelight03.mdatr	0
Zone/ymir work/zone/dungeon/monkey_dungeon/20050218/monkey02_dungeon02.gr2	d:/ymir work/zone/dungeon/monkey_dungeon/20050218/monkey02_dungeon02.gr2	0
Zone/ymir work/zone/dungeon/monkey_dungeon/20050218/monkey01_dungeon03_01lm.dds	d:/ymir work/zone/dungeon/monkey_dungeon/20050218/monkey01_dungeon03_01lm.dds	1
Zone/ymir work/zone/n/milgyo/milgyo_tower01.mdatr	d:/ymir work/zone/n/milgyo/milgyo_tower01.mdatr	0
Zone/ymir work/zone/b/obj/ob-11-03-bonetunnel.dds	d:/ymir work/zone/b/obj/ob-11-03-bonetunnel.dds	1
Zone/ymir work/zone/b/obj/ob-bigstatue01.gr2	d:/ymir work/zone/b/obj/ob-bigstatue01.gr2	0
Zone/ymir work/zone/n/obj/map_n_desert_01/general_obj_flag.mdatr	d:/ymir work/zone/n/obj/map_n_desert_01/general_obj_flag.mdatr	0
Zone/ymir work/zone/b/obj/ob-11-03-bonetunnel02.gr2	d:/ymir work/zone/b/obj/ob-11-03-bonetunnel02.gr2	0
Zone/ymir work/zone/b/obj/ob-11-03-bonetunnel02.mdatr	d:/ymir work/zone/b/obj/ob-11-03-bonetunnel02.mdatr	0
Zone/ymir work/zone/b/obj/ob-11-03-bonetunnel02_01.mdatr	d:/ymir work/zone/b/obj/ob-11-03-bonetunnel02_01.mdatr	0
Zone/ymir work/zone/dungeon/monkey_dungeon/monkey03_dungeon03_tableboxlm.dds	d:/ymir work/zone/dungeon/monkey_dungeon/monkey03_dungeon03_tableboxlm.dds	1
Zone/ymir work/zone/b/obj/ob-11-03-bonetunnel02_02.gr2	d:/ymir work/zone/b/obj/ob-11-03-bonetunnel02_02.gr2	0
Zone/ymir work/zone/b/obj/obj-0002-9.dds	d:/ymir work/zone/b/obj/obj-0002-9.dds	1
Zone/ymir work/zone/b/obj/ob-11-03-bonetunnel02_02.mdatr	d:/ymir work/zone/b/obj/ob-11-03-bonetunnel02_02.mdatr	0
Zone/ymir work/zone/ghost/obj/general_obj_fence01_01.mdatr	d:/ymir work/zone/ghost/obj/general_obj_fence01_01.mdatr	0
Zone/ymir work/zone/b/obj/ob-7-all-03.dds	d:/ymir work/zone/b/obj/ob-7-all-03.dds	1
Zone/ymir work/zone/ghost/obj/general_obj_bigtower10_01.mdatr	d:/ymir work/zone/ghost/obj/general_obj_bigtower10_01.mdatr	0
Zone/ymir work/zone/b/obj/ob-11-03-bonetunnel02_04.gr2	d:/ymir work/zone/b/obj/ob-11-03-bonetunnel02_04.gr2	0
Zone/ymir work/zone/b/obj/ob-11-03-bonetunnel02_05.mdatr	d:/ymir work/zone/b/obj/ob-11-03-bonetunnel02_05.mdatr	0
Zone/ymir work/zone/ghost/obj/general_obj_bigtower03_01.mdatr	d:/ymir work/zone/ghost/obj/general_obj_bigtower03_01.mdatr	0
Zone/ymir work/zone/b/obj/ob-11-03-bonetunnel02_07.gr2	d:/ymir work/zone/b/obj/ob-11-03-bonetunnel02_07.gr2	0
Zone/ymir work/zone/b/obj/ob-11-03-bonetunnel02_07.mdatr	d:/ymir work/zone/b/obj/ob-11-03-bonetunnel02_07.mdatr	0
Zone/ymir work/zone/c/building/c1-013-6tower-02.dds	d:/ymir work/zone/c/building/c1-013-6tower-02.dds	1
Zone/ymir work/zone/n/obj/snow.m/ob-bigstone04.gr2	d:/ymir work/zone/n/obj/snow.m/ob-bigstone04.gr2	0
Zone/ymir work/zone/b/obj/ob-11-03-bonetunnel02_08.mdatr	d:/ymir work/zone/b/obj/ob-11-03-bonetunnel02_08.mdatr	0
Zone/ymir work/zone/n/desert/desert-middledam-02.gr2	d:/ymir work/zone/n/desert/desert-middledam-02.gr2	0
Zone/ymir work/zone/n/desert/desert_tower02_03.dds	d:/ymir work/zone/n/desert/desert_tower02_03.dds	1
Zone/ymir work/zone/b/obj/ob-11-03-bonetunnel02_11.gr2	d:/ymir work/zone/b/obj/ob-11-03-bonetunnel02_11.gr2	0
Zone/ymir work/zone/n/desert/desert_tower02_01.dds	d:/ymir work/zone/n/desert/desert_tower02_01.dds	1
Zone/ymir work/zone/dungeon/deviltower2f/deviltower2f_09.dds	d:/ymir work/zone/dungeon/deviltower2f/deviltower2f_09.dds	1
Zone/ymir work/zone/n/obj/snow.m/nsm-037-tower.mdatr	d:/ymir work/zone/n/obj/snow.m/nsm-037-tower.mdatr	0
Zone/ymir work/zone/b/obj/ob-11-03-bonetunnel02_12.gr2	d:/ymir work/zone/b/obj/ob-11-03-bonetunnel02_12.gr2	0
Zone/ymir work/zone/b/obj/ob-11-03-bonetunnel02_13.mdatr	d:/ymir work/zone/b/obj/ob-11-03-bonetunnel02_13.mdatr	0
Zone/ymir work/zone/b/obj/ob-12-03stair.gr2	d:/ymir work/zone/b/obj/ob-12-03stair.gr2	0
Zone/ymir work/zone/b/obj/ob-11-03-bonetunnel04_01.gr2	d:/ymir work/zone/b/obj/ob-11-03-bonetunnel04_01.gr2	0
Zone/ymir work/zone/n/obj/snow.m/nsm-035-woodgate.gr2	d:/ymir work/zone/n/obj/snow.m/nsm-035-woodgate.gr2	0
Zone/ymir work/zone/b/obj/ob-11-03-bonetunnel04_02.gr2	d:/ymir work/zone/b/obj/ob-11-03-bonetunnel04_02.gr2	0
Zone/ymir work/zone/b/obj/ob-7-01.gr2	d:/ymir work/zone/b/obj/ob-7-01.gr2	0
Zone/ymir work/zone/b/obj/ob-11-03-bonetunnel04_03.gr2	d:/ymir work/zone/b/obj/ob-11-03-bonetunnel04_03.gr2	0
Zone/ymir work/zone/c/building/c1-002-inwall-01.mdatr	d:/ymir work/zone/c/building/c1-002-inwall-01.mdatr	0
Zone/ymir work/zone/dungeon/haven_dungeon/skipia_passi.mdatr	d:/ymir work/zone/dungeon/haven_dungeon/skipia_passi.mdatr	0
Zone/ymir work/zone/b/obj/ob-11-03-bonetunnel05.mdatr	d:/ymir work/zone/b/obj/ob-11-03-bonetunnel05.mdatr	0
Zone/ymir work/zone/dungeon/monkey_dungeon/monkey02_dungeon01.mdatr	d:/ymir work/zone/dungeon/monkey_dungeon/monkey02_dungeon01.mdatr	0
Zone/ymir work/zone/n/desert/desert-004-hause2.dds	d:/ymir work/zone/n/desert/desert-004-hause2.dds	1
Zone/ymir work/zone/n/obj/snow.m/general_obj_stoneimage.dds	d:/ymir work/zone/n/obj/snow.m/general_obj_stoneimage.dds	1
Zone/ymir work/zone/n/obj/map_n_flame_01/general_obj_bigtower01.dds	d:/ymir work/zone/n/obj/map_n_flame_01/general_obj_bigtower01.dds	1
Zone/ymir work/zone/dungeon/devil_tower3/deviltower3_03.dds	d:/ymir work/zone/dungeon/devil_tower3/deviltower3_03.dds	1
Zone/ymir work/zone/b/obj/ob-11-05-bonelight_01.gr2	d:/ymir work/zone/b/obj/ob-11-05-bonelight_01.gr2	0
Zone/ymir work/zone/b/obj/ob-11-05-bonelight_03.gr2	d:/ymir work/zone/b/obj/ob-11-05-bonelight_03.gr2	0
Zone/ymir work/zone/b/obj/ob-11-05-bonelight_04.mdatr	d:/ymir work/zone/b/obj/ob-11-05-bonelight_04.mdatr	0
Zone/ymir work/zone/b/obj/ob-bigdam-04.mdatr	d:/ymir work/zone/b/obj/ob-bigdam-04.mdatr	0
Zone/ymir work/zone/dungeon/spider_dungeon/spider_dungeon_boss02.mdatr	d:/ymir work/zone/dungeon/spider_dungeon/spider_dungeon_boss02.mdatr	0
Zone/ymir work/zone/b/obj/ob-11-05-bonetomb.dds	d:/ymir work/zone/b/obj/ob-11-05-bonetomb.dds	1
Zone/ymir work/zone/nusluck/corpse_022.gr2	d:/ymir work/zone/nusluck/corpse_022.gr2	0
Zone/ymir work/zone/b/obj/ob-11-05-bonetomb_01.gr2	d:/ymir work/zone/b/obj/ob-11-05-bonetomb_01.gr2	0
Zone/ymir work/zone/b/obj/ob-11-05-bonetomb_03.gr2	d:/ymir work/zone/b/obj/ob-11-05-bonetomb_03.gr2	0
Zone/ymir work/zone/b/obj/ob-11-05-bonetomb_03.mdatr	d:/ymir work/zone/b/obj/ob-11-05-bonetomb_03.mdatr	0
Zone/ymir work/zone/c/building/c1-031-tower.gr2	d:/ymir work/zone/c/building/c1-031-tower.gr2	0
Zone/ymir work/zone/n/obj/snow.m/general_obj_suspension bridge01_lod_01.gr2	d:/ymir work/zone/n/obj/snow.m/general_obj_suspension bridge01_lod_01.gr2	0
Zone/ymir work/zone/n/desert/desert_brazier_01.dds	d:/ymir work/zone/n/desert/desert_brazier_01.dds	1
Zone/ymir work/zone/b/obj/ob-11-05-bonetomb_04.mdatr	d:/ymir work/zone/b/obj/ob-11-05-bonetomb_04.mdatr	0
Zone/ymir work/zone/b/obj/ob-12-01.dds	d:/ymir work/zone/b/obj/ob-12-01.dds	1
Zone/ymir work/zone/n/desert/desert-middledam-05.mdatr	d:/ymir work/zone/n/desert/desert-middledam-05.mdatr	0
Zone/ymir work/zone/b/obj/ob-12-03.mdatr	d:/ymir work/zone/b/obj/ob-12-03.mdatr	0
Zone/ymir work/zone/b/obj/ob-12-03gate01.mdatr	d:/ymir work/zone/b/obj/ob-12-03gate01.mdatr	0
Zone/ymir work/zone/b/obj/ob-12-03gate02.dds	d:/ymir work/zone/b/obj/ob-12-03gate02.dds	1
Zone/ymir work/zone/n/obj/snow.m/ob-bigstone03.mdatr	d:/ymir work/zone/n/obj/snow.m/ob-bigstone03.mdatr	0
Zone/ymir work/zone/n/obj/snow.m/general_obj_ferryboat02_lod_01.gr2	d:/ymir work/zone/n/obj/snow.m/general_obj_ferryboat02_lod_01.gr2	0
Zone/ymir work/zone/b/obj/ob-12-03gate02.mdatr	d:/ymir work/zone/b/obj/ob-12-03gate02.mdatr	0
Zone/ymir work/zone/b/obj/ob-12-03gate03.dds	d:/ymir work/zone/b/obj/ob-12-03gate03.dds	1
Zone/ymir work/zone/b/obj/obj-0010.mdatr	d:/ymir work/zone/b/obj/obj-0010.mdatr	0
Zone/ymir work/zone/b/obj/ob-12-03gate05.gr2	d:/ymir work/zone/b/obj/ob-12-03gate05.gr2	0
Zone/ymir work/zone/b/obj/ob-12-03gate05.mdatr	d:/ymir work/zone/b/obj/ob-12-03gate05.mdatr	0
Zone/ymir work/zone/c/building/c1-037-tower.gr2	d:/ymir work/zone/c/building/c1-037-tower.gr2	0
Zone/ymir work/zone/b/obj/ob-12-03stair.dds	d:/ymir work/zone/b/obj/ob-12-03stair.dds	1
Zone/ymir work/zone/dungeon/devil_tower2/deviltower2_03.dds	d:/ymir work/zone/dungeon/devil_tower2/deviltower2_03.dds	1
Zone/ymir work/zone/b/obj/ob-12-05.gr2	d:/ymir work/zone/b/obj/ob-12-05.gr2	0
Zone/ymir work/zone/ghost/c1-038-wall_01.gr2	d:/ymir work/zone/ghost/c1-038-wall_01.gr2	0
Zone/ymir work/zone/b/obj/ob-12-09.gr2	d:/ymir work/zone/b/obj/ob-12-09.gr2	0
Zone/ymir work/zone/n/desert/desert_-bridge01.gr2	d:/ymir work/zone/n/desert/desert_-bridge01.gr2	0
Zone/ymir work/zone/b/obj/ob-12-14.mdatr	d:/ymir work/zone/b/obj/ob-12-14.mdatr	0
Zone/ymir work/zone/b/obj/ob-4-04-01.gr2	d:/ymir work/zone/b/obj/ob-4-04-01.gr2	0
Zone/ymir work/zone/c/building/c1-middledam-03.dds	d:/ymir work/zone/c/building/c1-middledam-03.dds	1
Zone/ymir work/zone/oxevent/o_flag.gr2	d:/ymir work/zone/oxevent/o_flag.gr2	0
Zone/ymir work/zone/b/obj/ob-4-04-02.gr2	d:/ymir work/zone/b/obj/ob-4-04-02.gr2	0
Zone/ymir work/zone/b/obj/ob-4-04.dds	d:/ymir work/zone/b/obj/ob-4-04.dds	1
Zone/ymir work/zone/dungeon/monkey_dungeon/20050218/monkey_dungeon03_chairlm.dds	d:/ymir work/zone/dungeon/monkey_dungeon/20050218/monkey_dungeon03_chairlm.dds	1
Zone/ymir work/zone/b/obj/ob-5-03thiefden.gr2	d:/ymir work/zone/b/obj/ob-5-03thiefden.gr2	0
Zone/ymir work/zone/b/obj/ob-5-03thiefden02.dds	d:/ymir work/zone/b/obj/ob-5-03thiefden02.dds	1
Zone/ymir work/zone/b/obj/ob-5-03thiefden_01.dds	d:/ymir work/zone/b/obj/ob-5-03thiefden_01.dds	1
Zone/ymir work/zone/b/obj/ob-7-02-01.gr2	d:/ymir work/zone/b/obj/ob-7-02-01.gr2	0
Zone/ymir work/zone/b/obj/ob-7-02-01.mdatr	d:/ymir work/zone/b/obj/ob-7-02-01.mdatr	0
Zone/ymir work/zone/dungeon/monkey_dungeon/monkey_dungeon03_02.dds	d:/ymir work/zone/dungeon/monkey_dungeon/monkey_dungeon03_02.dds	1
Zone/ymir work/zone/b/obj/ob-7-02-02.mdatr	d:/ymir work/zone/b/obj/ob-7-02-02.mdatr	0
Zone/ymir work/zone/n/obj/map_n_desert_01/general_obj_bigtoewr05.gr2	d:/ymir work/zone/n/obj/map_n_desert_01/general_obj_bigtoewr05.gr2	0
Zone/ymir work/zone/duel/ring.gr2	d:/ymir work/zone/duel/ring.gr2	0
Zone/ymir work/zone/b/obj/ob-7-03-01.gr2	d:/ymir work/zone/b/obj/ob-7-03-01.gr2	0
Zone/ymir work/zone/b/obj/ob-7-03-02.gr2	d:/ymir work/zone/b/obj/ob-7-03-02.gr2	0
Zone/ymir work/zone/b/obj/ob-7-03-02.mdatr	d:/ymir work/zone/b/obj/ob-7-03-02.mdatr	0
Zone/ymir work/zone/b/obj/ob-standganpan-02.mdatr	d:/ymir work/zone/b/obj/ob-standganpan-02.mdatr	0
Zone/ymir work/zone/n/obj/snow.m/general_obj_txtstone.dds	d:/ymir work/zone/n/obj/snow.m/general_obj_txtstone.dds	1
Zone/ymir work/zone/dungeon/monkey_dungeon/monkey02_dungeon01.gr2	d:/ymir work/zone/dungeon/monkey_dungeon/monkey02_dungeon01.gr2	0
Zone/ymir work/zone/b/obj/ob-7-04.gr2	d:/ymir work/zone/b/obj/ob-7-04.gr2	0
Zone/ymir work/zone/b/obj/ob-7-04.mdatr	d:/ymir work/zone/b/obj/ob-7-04.mdatr	0
Zone/ymir work/zone/dungeon/monkey_dungeon/20050218/monkey01_dungeon03_bottomlm.dds	d:/ymir work/zone/dungeon/monkey_dungeon/20050218/monkey01_dungeon03_bottomlm.dds	1
Zone/ymir work/zone/b/obj/ob-7-11-building01.mdatr	d:/ymir work/zone/b/obj/ob-7-11-building01.mdatr	0
Zone/ymir work/zone/b/obj/ob-7-12-building02.gr2	d:/ymir work/zone/b/obj/ob-7-12-building02.gr2	0
Zone/ymir work/zone/b/obj/ob-7-12-building02.mdatr	d:/ymir work/zone/b/obj/ob-7-12-building02.mdatr	0
Zone/ymir work/zone/b/obj/ob-7-13-building03.mdatr	d:/ymir work/zone/b/obj/ob-7-13-building03.mdatr	0
Zone/ymir work/zone/b/obj/ob-b1-001-box01.gr2	d:/ymir work/zone/b/obj/ob-b1-001-box01.gr2	0
Zone/ymir work/zone/dungeon/spider_dungeon/spider_dungeon06lightingmap.dds	d:/ymir work/zone/dungeon/spider_dungeon/spider_dungeon06lightingmap.dds	1
Zone/ymir work/zone/b/obj/ob-b1-001-box02.gr2	d:/ymir work/zone/b/obj/ob-b1-001-box02.gr2	0
Zone/ymir work/zone/b/obj/ob-b1-001-box03.mdatr	d:/ymir work/zone/b/obj/ob-b1-001-box03.mdatr	0
Zone/ymir work/zone/ghost/obj/b_general_obj_28_01.gr2	d:/ymir work/zone/ghost/obj/b_general_obj_28_01.gr2	0
Zone/ymir work/zone/ghost/obj/b_general_obj_07_01.gr2	d:/ymir work/zone/ghost/obj/b_general_obj_07_01.gr2	0
Zone/ymir work/zone/b/obj/ob-b1-005-woodbarrel.gr2	d:/ymir work/zone/b/obj/ob-b1-005-woodbarrel.gr2	0
Zone/ymir work/zone/b/obj/ob-b1-006-woodbarrel.gr2	d:/ymir work/zone/b/obj/ob-b1-006-woodbarrel.gr2	0
Zone/ymir work/zone/dungeon/haven_dungeon/light_passp_bottom.dds	d:/ymir work/zone/dungeon/haven_dungeon/light_passp_bottom.dds	1
Zone/ymir work/zone/b/obj/ob-bigdam-01.mdatr	d:/ymir work/zone/b/obj/ob-bigdam-01.mdatr	0
Zone/ymir work/zone/b/obj/ob-bigdam-02.dds	d:/ymir work/zone/b/obj/ob-bigdam-02.dds	1
Zone/ymir work/zone/b/obj/ob-bigstatue03.dds	d:/ymir work/zone/b/obj/ob-bigstatue03.dds	1
Zone/ymir work/zone/b/obj/ob-bigstatue02.dds	d:/ymir work/zone/b/obj/ob-bigstatue02.dds	1
Zone/ymir work/zone/b/obj/ob-bigdam-03.gr2	d:/ymir work/zone/b/obj/ob-bigdam-03.gr2	0
Zone/ymir work/zone/dungeon/devil_tower2/deviltower2.gr2	d:/ymir work/zone/dungeon/devil_tower2/deviltower2.gr2	0
Zone/ymir work/zone/n/obj/snow.m/warpgate03_01_lod_01.gr2	d:/ymir work/zone/n/obj/snow.m/warpgate03_01_lod_01.gr2	0
Zone/ymir work/zone/b/obj/ob-bigdam-05.gr2	d:/ymir work/zone/b/obj/ob-bigdam-05.gr2	0
Zone/ymir work/zone/n/obj/snow.m/general_obj_stonepillar_02.gr2	d:/ymir work/zone/n/obj/snow.m/general_obj_stonepillar_02.gr2	0
Zone/ymir work/zone/b/obj/ob-bigdam-05.mdatr	d:/ymir work/zone/b/obj/ob-bigdam-05.mdatr	0
Zone/ymir work/zone/b/obj/ob-bigdam-06.gr2	d:/ymir work/zone/b/obj/ob-bigdam-06.gr2	0
Zone/ymir work/zone/dungeon/monkey_dungeon/20050218/monkey03_dungeon01.mdatr	d:/ymir work/zone/dungeon/monkey_dungeon/20050218/monkey03_dungeon01.mdatr	0
Zone/ymir work/zone/b/obj/ob-bigdam-06.mdatr	d:/ymir work/zone/b/obj/ob-bigdam-06.mdatr	0
Zone/ymir work/zone/b/obj/ob-bigstatue01-01.dds	d:/ymir work/zone/b/obj/ob-bigstatue01-01.dds	1
Zone/ymir work/zone/b/obj/ob-bigstone.dds	d:/ymir work/zone/b/obj/ob-bigstone.dds	1
Zone/ymir work/zone/b/obj/ob-bigstatue01-02.dds	d:/ymir work/zone/b/obj/ob-bigstatue01-02.dds	1
Zone/ymir work/zone/n/obj/snow.m/snow-bigdam-03.prb	d:/ymir work/zone/n/obj/snow.m/snow-bigdam-03.prb	0
Zone/ymir work/zone/b/obj/ob-bigstatue01.mdatr	d:/ymir work/zone/b/obj/ob-bigstatue01.mdatr	0
Zone/ymir work/zone/n/desert/desert-middledam-07_lod_01.gr2	d:/ymir work/zone/n/desert/desert-middledam-07_lod_01.gr2	0
Zone/ymir work/zone/b/obj/ob-bigstatue02.gr2	d:/ymir work/zone/b/obj/ob-bigstatue02.gr2	0
Zone/ymir work/zone/n/flame/bigstone_bridge.gr2	d:/ymir work/zone/n/flame/bigstone_bridge.gr2	0
Zone/ymir work/zone/b/obj/ob-bigstatue02.mdatr	d:/ymir work/zone/b/obj/ob-bigstatue02.mdatr	0
Zone/ymir work/zone/n/obj/map_n_desert_01/b_general_obj_25-2.gr2	d:/ymir work/zone/n/obj/map_n_desert_01/b_general_obj_25-2.gr2	0
Zone/ymir work/zone/b/obj/ob-bigstone02.gr2	d:/ymir work/zone/b/obj/ob-bigstone02.gr2	0
Zone/ymir work/zone/b/obj/ob-bigstone03.gr2	d:/ymir work/zone/b/obj/ob-bigstone03.gr2	0
Zone/ymir work/zone/c/building/c1-022-10m-bridge.dds	d:/ymir work/zone/c/building/c1-022-10m-bridge.dds	1
Zone/ymir work/zone/b/obj/ob-bigstone03.mdatr	d:/ymir work/zone/b/obj/ob-bigstone03.mdatr	0
Zone/ymir work/zone/b/obj/ob-bigstone04.gr2	d:/ymir work/zone/b/obj/ob-bigstone04.gr2	0
Zone/ymir work/zone/b/obj/ob-c-0013.gr2	d:/ymir work/zone/b/obj/ob-c-0013.gr2	0
Zone/ymir work/zone/ghost/obj/general_obj_woodbed_01.mdatr	d:/ymir work/zone/ghost/obj/general_obj_woodbed_01.mdatr	0
Zone/ymir work/zone/c/building/c1-rms-001_2.dds	d:/ymir work/zone/c/building/c1-rms-001_2.dds	1
Zone/ymir work/zone/b/obj/ob-standganpan-01.mdatr	d:/ymir work/zone/b/obj/ob-standganpan-01.mdatr	0
Zone/ymir work/zone/nusluck/tent_s.mdatr	d:/ymir work/zone/nusluck/tent_s.mdatr	0
Zone/ymir work/zone/b/obj/ob-standganpan-03.mdatr	d:/ymir work/zone/b/obj/ob-standganpan-03.mdatr	0
Zone/ymir work/zone/ghost/obj/b_general_obj_27_01.gr2	d:/ymir work/zone/ghost/obj/b_general_obj_27_01.gr2	0
Zone/ymir work/zone/b/obj/ob-standganpan-04.gr2	d:/ymir work/zone/b/obj/ob-standganpan-04.gr2	0
Zone/ymir work/zone/n/obj/snow.m/general_obj_stone15.dds	d:/ymir work/zone/n/obj/snow.m/general_obj_stone15.dds	1
Zone/ymir work/zone/b/obj/ob-standganpan-05.gr2	d:/ymir work/zone/b/obj/ob-standganpan-05.gr2	0
Zone/ymir work/zone/b/obj/ob-standganpan-05.mdatr	d:/ymir work/zone/b/obj/ob-standganpan-05.mdatr	0
Zone/ymir work/zone/ghost/obj/ob-b1-001-bix01_01.gr2	d:/ymir work/zone/ghost/obj/ob-b1-001-bix01_01.gr2	0
Zone/ymir work/zone/b/obj/ob-tower01_02.mdatr	d:/ymir work/zone/b/obj/ob-tower01_02.mdatr	0
Zone/ymir work/zone/n/obj/snow.m/general_obj_suspension bridge03.gr2	d:/ymir work/zone/n/obj/snow.m/general_obj_suspension bridge03.gr2	0
Zone/ymir work/zone/b/obj/ob-tower01_03.mdatr	d:/ymir work/zone/b/obj/ob-tower01_03.mdatr	0
Zone/ymir work/zone/b/obj/ob-tower01_04.gr2	d:/ymir work/zone/b/obj/ob-tower01_04.gr2	0
Zone/ymir work/zone/b/obj/obj-0001.mdatr	d:/ymir work/zone/b/obj/obj-0001.mdatr	0
Zone/ymir work/zone/b/obj/obj-0003.gr2	d:/ymir work/zone/b/obj/obj-0003.gr2	0
Zone/ymir work/zone/dungeon/monkey_dungeon/20050218/monkey03_dungeon01_lightingmap.dds	d:/ymir work/zone/dungeon/monkey_dungeon/20050218/monkey03_dungeon01_lightingmap.dds	1
Zone/ymir work/zone/b/obj/obj-0004.gr2	d:/ymir work/zone/b/obj/obj-0004.gr2	0
Zone/ymir work/zone/b/obj/obj-0006.mdatr	d:/ymir work/zone/b/obj/obj-0006.mdatr	0
Zone/ymir work/zone/ghost/ob-10-001-box01_01.mdatr	d:/ymir work/zone/ghost/ob-10-001-box01_01.mdatr	0
Zone/ymir work/zone/b/obj/ob_4fbuilding.mdatr	d:/ymir work/zone/b/obj/ob_4fbuilding.mdatr	0
Zone/ymir work/zone/c/building/c1-rms-001.gr2	d:/ymir work/zone/c/building/c1-rms-001.gr2	0
Zone/ymir work/zone/n/obj/map_n_desert_01/b_general_obj_27.mdatr	d:/ymir work/zone/n/obj/map_n_desert_01/b_general_obj_27.mdatr	0
Zone/ymir work/zone/b/obj/obj-0011.gr2	d:/ymir work/zone/b/obj/obj-0011.gr2	0
Zone/ymir work/zone/nusluck/gate.dds	d:/ymir work/zone/nusluck/gate.dds	1
Zone/ymir work/zone/dungeon/haven_dungeon/boss_tower.dds	d:/ymir work/zone/dungeon/haven_dungeon/boss_tower.dds	1
Zone/ymir work/zone/n/obj/map_n_desert_01/general_obj_brazier.dds	d:/ymir work/zone/n/obj/map_n_desert_01/general_obj_brazier.dds	1
Zone/ymir work/zone/b/obj/obj-0012.dds	d:/ymir work/zone/b/obj/obj-0012.dds	1
Zone/ymir work/zone/b/obj/obj-0012.mdatr	d:/ymir work/zone/b/obj/obj-0012.mdatr	0
Zone/ymir work/zone/n/obj/snow.m/general_obj_ferryboat03.gr2	d:/ymir work/zone/n/obj/snow.m/general_obj_ferryboat03.gr2	0
Zone/ymir work/zone/b/obj/ob_4fbuilding_02.dds	d:/ymir work/zone/b/obj/ob_4fbuilding_02.dds	1
Zone/ymir work/zone/ghost/obj/b_general_obj_07_01.mdatr	d:/ymir work/zone/ghost/obj/b_general_obj_07_01.mdatr	0
Zone/ymir work/zone/b/obj/ob_4fbuilding_03.dds	d:/ymir work/zone/b/obj/ob_4fbuilding_03.dds	1
Zone/ymir work/zone/b/obj/ob_4fbuilding_05.dds	d:/ymir work/zone/b/obj/ob_4fbuilding_05.dds	1
Zone/ymir work/zone/duel/a1-038-wall-door_duel.mdatr	d:/ymir work/zone/duel/a1-038-wall-door_duel.mdatr	0
Zone/ymir work/zone/dungeon/monkey_dungeon/20050218/monkey_dungeon01.mdatr	d:/ymir work/zone/dungeon/monkey_dungeon/20050218/monkey_dungeon01.mdatr	0
Zone/ymir work/zone/b/obj/ob_brazier.gr2	d:/ymir work/zone/b/obj/ob_brazier.gr2	0
Zone/ymir work/zone/b/obj/ob_brazier.mdatr	d:/ymir work/zone/b/obj/ob_brazier.mdatr	0
Zone/ymir work/zone/n/desert/desert-middledam-07.mdatr	d:/ymir work/zone/n/desert/desert-middledam-07.mdatr	0
Zone/ymir work/zone/n/obj/snow.m/snow_tower01_03.mdatr	d:/ymir work/zone/n/obj/snow.m/snow_tower01_03.mdatr	0
Zone/ymir work/zone/dungeon/monkey_dungeon/20050218/monkey03_dungeon_cave01.gr2	d:/ymir work/zone/dungeon/monkey_dungeon/20050218/monkey03_dungeon_cave01.gr2	0
Zone/ymir work/zone/dungeon/resources_picking_zon/mushroom01.gr2	d:/ymir work/zone/dungeon/resources_picking_zon/mushroom01.gr2	0
Zone/ymir work/zone/n/obj/snow.m/landmark_grandstone01.gr2	d:/ymir work/zone/n/obj/snow.m/landmark_grandstone01.gr2	0
Zone/ymir work/zone/b/obj/ob_brazier_01.dds	d:/ymir work/zone/b/obj/ob_brazier_01.dds	1
Zone/ymir work/zone/b/obj/sign.dds	d:/ymir work/zone/b/obj/sign.dds	1
Zone/ymir work/zone/b/obj/sign.gr2	d:/ymir work/zone/b/obj/sign.gr2	0
Zone/ymir work/zone/b/obj/sign.mdatr	d:/ymir work/zone/b/obj/sign.mdatr	0
Zone/ymir work/zone/b/obj/vssver.scc	d:/ymir work/zone/b/obj/vssver.scc	0
Zone/ymir work/zone/b/obj/warpgate01-02.dds	d:/ymir work/zone/b/obj/warpgate01-02.dds	1
Zone/ymir work/zone/b/obj/warpgate01.mdatr	d:/ymir work/zone/b/obj/warpgate01.mdatr	0
Zone/ymir work/zone/b/obj/warpgate02.gr2	d:/ymir work/zone/b/obj/warpgate02.gr2	0
Zone/ymir work/zone/ghost/obj/b_general_obj_28_01.mdatr	d:/ymir work/zone/ghost/obj/b_general_obj_28_01.mdatr	0
Zone/ymir work/zone/n/obj/snow.m/general_obj_tent01.mdatr	d:/ymir work/zone/n/obj/snow.m/general_obj_tent01.mdatr	0
Zone/ymir work/zone/n/milgyo/milgyo_building02.mdatr	d:/ymir work/zone/n/milgyo/milgyo_building02.mdatr	0
Zone/ymir work/zone/b/obj/warpgate02.mdatr	d:/ymir work/zone/b/obj/warpgate02.mdatr	0
Zone/ymir work/zone/n/obj/snow.m/nsm-general_obj_04.mdatr	d:/ymir work/zone/n/obj/snow.m/nsm-general_obj_04.mdatr	0
Zone/ymir work/zone/b/obj/warpgate02_01.gr2	d:/ymir work/zone/b/obj/warpgate02_01.gr2	0
Zone/ymir work/zone/b/obj/warpgate02_01.mdatr	d:/ymir work/zone/b/obj/warpgate02_01.mdatr	0
Zone/ymir work/zone/b/obj/warpgate03.dds	d:/ymir work/zone/b/obj/warpgate03.dds	1
Zone/ymir work/zone/n/desert/desert-009-hotel.mdatr	d:/ymir work/zone/n/desert/desert-009-hotel.mdatr	0
Zone/ymir work/zone/n/obj/snow.m/snow_tower01_04.mdatr	d:/ymir work/zone/n/obj/snow.m/snow_tower01_04.mdatr	0
Zone/ymir work/zone/b/obj/warpgate03.gr2	d:/ymir work/zone/b/obj/warpgate03.gr2	0
Zone/ymir work/zone/b/obj/warpgate03.mdatr	d:/ymir work/zone/b/obj/warpgate03.mdatr	0
Zone/ymir work/zone/dungeon/devil_tower/deviltower_1f_01.dds	d:/ymir work/zone/dungeon/devil_tower/deviltower_1f_01.dds	1
Zone/ymir work/zone/n/desert/desert-middledam-03_lod_01.gr2	d:/ymir work/zone/n/desert/desert-middledam-03_lod_01.gr2	0
Zone/ymir work/zone/b/obj/warpgate03_01.gr2	d:/ymir work/zone/b/obj/warpgate03_01.gr2	0
Zone/ymir work/zone/b/tree/1/baobabbark.dds	d:/ymir work/zone/b/tree/1/baobabbark.dds	1
Zone/ymir work/zone/b/tree/1/baobab_rt.spt	d:/ymir work/zone/b/tree/1/baobab_rt.spt	1
Zone/ymir work/zone/b/tree/1/baobab_rt2.spt	d:/ymir work/zone/b/tree/1/baobab_rt2.spt	1
Zone/ymir work/zone/n/obj/map_n_flame_01/general_obj_bigtower11.mdatr	d:/ymir work/zone/n/obj/map_n_flame_01/general_obj_bigtower11.mdatr	0
Zone/ymir work/zone/b/tree/1/beech_rt.spt	d:/ymir work/zone/b/tree/1/beech_rt.spt	1
Zone/ymir work/zone/b/tree/1/beech_rt2.spt	d:/ymir work/zone/b/tree/1/beech_rt2.spt	1
Zone/ymir work/zone/b/tree/1/beech_rt3.spt	d:/ymir work/zone/b/tree/1/beech_rt3.spt	1
Zone/ymir work/zone/dungeon/old_resources picking zon/mushroom02.mdatr	d:/ymir work/zone/dungeon/old_resources picking zon/mushroom02.mdatr	0
Zone/ymir work/zone/n/desert/desert-middledam-04.dds	d:/ymir work/zone/n/desert/desert-middledam-04.dds	1
Zone/ymir work/zone/b/tree/1/beech_rt4.spt	d:/ymir work/zone/b/tree/1/beech_rt4.spt	1
Zone/ymir work/zone/n/obj/snow.m/general_obj_bigstonegate01_lod_01.gr2	d:/ymir work/zone/n/obj/snow.m/general_obj_bigstonegate01_lod_01.gr2	0
Zone/ymir work/zone/b/tree/1/compositemap.dds	d:/ymir work/zone/b/tree/1/compositemap.dds	1
Zone/ymir work/zone/dungeon/monkey_dungeon/monkey01_dungeon03_sidelm.dds	d:/ymir work/zone/dungeon/monkey_dungeon/monkey01_dungeon03_sidelm.dds	1
Zone/ymir work/zone/n/desert/desert-006-castle.gr2	d:/ymir work/zone/n/desert/desert-006-castle.gr2	0
Zone/ymir work/zone/b/tree/1/montereycypress_rt2.spt	d:/ymir work/zone/b/tree/1/montereycypress_rt2.spt	1
Zone/ymir work/zone/n/desert/desert_cart02.mdatr	d:/ymir work/zone/n/desert/desert_cart02.mdatr	0
Zone/ymir work/zone/b/tree/1/montereycypress_rt5.spt	d:/ymir work/zone/b/tree/1/montereycypress_rt5.spt	1
Zone/ymir work/zone/b/tree/1/pagodatreebark.dds	d:/ymir work/zone/b/tree/1/pagodatreebark.dds	1
Zone/ymir work/zone/c/building/c1-landmark-01-bellhouse.mdatr	d:/ymir work/zone/c/building/c1-landmark-01-bellhouse.mdatr	0
Zone/ymir work/zone/b/tree/1/pagodatree_rt.spt	d:/ymir work/zone/b/tree/1/pagodatree_rt.spt	1
Zone/ymir work/zone/b/tree/1/pagodatree_rt2.spt	d:/ymir work/zone/b/tree/1/pagodatree_rt2.spt	1
Zone/ymir work/zone/oxevent/ox_tile03.dds	d:/ymir work/zone/oxevent/ox_tile03.dds	1
Zone/ymir work/zone/dungeon/haven_dungeon/skipia_passic.mdatr	d:/ymir work/zone/dungeon/haven_dungeon/skipia_passic.mdatr	0
Zone/ymir work/zone/b/tree/1/pagodatree_rt3.spt	d:/ymir work/zone/b/tree/1/pagodatree_rt3.spt	1
Zone/ymir work/zone/b/tree/1/sassafrasbark.dds	d:/ymir work/zone/b/tree/1/sassafrasbark.dds	1
Zone/ymir work/zone/b/tree/1/sassafras_rt_fall.spt	d:/ymir work/zone/b/tree/1/sassafras_rt_fall.spt	1
Zone/ymir work/zone/n/obj/map_n_desert_01/b_general_obj_27.gr2	d:/ymir work/zone/n/obj/map_n_desert_01/b_general_obj_27.gr2	0
Zone/ymir work/zone/b/tree/c/compositemap.dds	d:/ymir work/zone/b/tree/c/compositemap.dds	1
Zone/ymir work/zone/dungeon/monkey_dungeon/monkey_dungeon03_obj_tablea.dds	d:/ymir work/zone/dungeon/monkey_dungeon/monkey_dungeon03_obj_tablea.dds	1
Zone/ymir work/zone/n/obj/snow.m/general_obj_bigtower02.gr2	d:/ymir work/zone/n/obj/snow.m/general_obj_bigtower02.gr2	0
Zone/ymir work/zone/b/tree/c/compositeshadowmap.dds	d:/ymir work/zone/b/tree/c/compositeshadowmap.dds	1
Zone/ymir work/zone/n/obj/map_n_desert_01/b_general_obj_21_1.mdatr	d:/ymir work/zone/n/obj/map_n_desert_01/b_general_obj_21_1.mdatr	0
Zone/ymir work/zone/b/tree/c/englishoakbark.dds	d:/ymir work/zone/b/tree/c/englishoakbark.dds	1
Zone/ymir work/zone/b/tree/c/englishoak_rt_low_01.spt	d:/ymir work/zone/b/tree/c/englishoak_rt_low_01.spt	1
Zone/ymir work/zone/ghost/obj/a1_018-stonelight_01.mdatr	d:/ymir work/zone/ghost/obj/a1_018-stonelight_01.mdatr	0
Zone/ymir work/zone/b/tree/c/englishoak_rt_low_02.spt	d:/ymir work/zone/b/tree/c/englishoak_rt_low_02.spt	1
Zone/ymir work/zone/dungeon/monkey_dungeon/monkey03_dungeon03_02lm.dds	d:/ymir work/zone/dungeon/monkey_dungeon/monkey03_dungeon03_02lm.dds	1
Zone/ymir work/zone/b/tree/c/englishoak_rt_low_03.spt	d:/ymir work/zone/b/tree/c/englishoak_rt_low_03.spt	1
Zone/ymir work/zone/dungeon/haven_dungeon/skipia_passi.gr2	d:/ymir work/zone/dungeon/haven_dungeon/skipia_passi.gr2	0
Zone/ymir work/zone/n/obj/snow.m/snow-006-castle-03.dds	d:/ymir work/zone/n/obj/snow.m/snow-006-castle-03.dds	1
Zone/ymir work/zone/b/tree/c/greenashbark.dds	d:/ymir work/zone/b/tree/c/greenashbark.dds	1
Zone/ymir work/zone/n/obj/snow.m/nsm-032-shamanhouse-1.dds	d:/ymir work/zone/n/obj/snow.m/nsm-032-shamanhouse-1.dds	1
Zone/ymir work/zone/b/tree/c/greenash_rt_01.spt	d:/ymir work/zone/b/tree/c/greenash_rt_01.spt	1
Zone/ymir work/zone/b/tree/c/redmaplebark.dds	d:/ymir work/zone/b/tree/c/redmaplebark.dds	1
Zone/ymir work/zone/b/tree/c/riverbirchbark.dds	d:/ymir work/zone/b/tree/c/riverbirchbark.dds	1
Zone/ymir work/zone/b/tree/c/riverbirch_rt_01.spt	d:/ymir work/zone/b/tree/c/riverbirch_rt_01.spt	1
Zone/ymir work/zone/n/obj/snow.m/snow_building04_lod_01.gr2	d:/ymir work/zone/n/obj/snow.m/snow_building04_lod_01.gr2	0
Zone/ymir work/zone/b/tree/c/riverbirch_rt_02.spt	d:/ymir work/zone/b/tree/c/riverbirch_rt_02.spt	1
Zone/ymir work/zone/b/tree/c/riverbirch_rt_03.spt	d:/ymir work/zone/b/tree/c/riverbirch_rt_03.spt	1
Zone/ymir work/zone/dungeon/old_resources picking zon/resources_picking_all.gr2	d:/ymir work/zone/dungeon/old_resources picking zon/resources_picking_all.gr2	0
Zone/ymir work/zone/b/tree/c/sugarmaplebark.dds	d:/ymir work/zone/b/tree/c/sugarmaplebark.dds	1
Zone/ymir work/zone/b/tree/c/sugarmaple_rt_01.spt	d:/ymir work/zone/b/tree/c/sugarmaple_rt_01.spt	1
Zone/ymir work/zone/c/building/c1-016-house9.mdatr	d:/ymir work/zone/c/building/c1-016-house9.mdatr	0
Zone/ymir work/zone/dungeon/monkey_dungeon/20050218/monkey_dungeon03_stonelionlm.dds	d:/ymir work/zone/dungeon/monkey_dungeon/20050218/monkey_dungeon03_stonelionlm.dds	1
Zone/ymir work/zone/n/obj/map_n_desert_01/general_obj_bigstone07.gr2	d:/ymir work/zone/n/obj/map_n_desert_01/general_obj_bigstone07.gr2	0
Zone/ymir work/zone/b/tree/c/sugarmaple_rt_02.spt	d:/ymir work/zone/b/tree/c/sugarmaple_rt_02.spt	1
Zone/ymir work/zone/b/tree/c/sugarmaple_rt_03.spt	d:/ymir work/zone/b/tree/c/sugarmaple_rt_03.spt	1
Zone/ymir work/zone/b/tree/c/vssver.scc	d:/ymir work/zone/b/tree/c/vssver.scc	0
Zone/ymir work/zone/c/building/c1-001-house3_lod_01.gr2	d:/ymir work/zone/c/building/c1-001-house3_lod_01.gr2	0
Zone/ymir work/zone/c/building/c1-002-inwall-01.dds	d:/ymir work/zone/c/building/c1-002-inwall-01.dds	1
Zone/ymir work/zone/ghost/ob-10-01_01.gr2	d:/ymir work/zone/ghost/ob-10-01_01.gr2	0
Zone/ymir work/zone/c/building/c1-002-inwall-01.gr2	d:/ymir work/zone/c/building/c1-002-inwall-01.gr2	0
Zone/ymir work/zone/c/building/c1-002-inwall-02.dds	d:/ymir work/zone/c/building/c1-002-inwall-02.dds	1
Zone/ymir work/zone/n/obj/snow.m/general_obj_fence05.gr2	d:/ymir work/zone/n/obj/snow.m/general_obj_fence05.gr2	0
Zone/ymir work/zone/c/building/c1-004-house2.gr2	d:/ymir work/zone/c/building/c1-004-house2.gr2	0
Zone/ymir work/zone/c/building/c1-004-house2.mdatr	d:/ymir work/zone/c/building/c1-004-house2.mdatr	0
Zone/ymir work/zone/c/building/c1-004-house2_lod_01.gr2	d:/ymir work/zone/c/building/c1-004-house2_lod_01.gr2	0
Zone/ymir work/zone/dungeon/monkey_dungeon/monkey_dungeon03_obj_prb.dds	d:/ymir work/zone/dungeon/monkey_dungeon/monkey_dungeon03_obj_prb.dds	1
Zone/ymir work/zone/c/building/c1-007-itemshop-01.dds	d:/ymir work/zone/c/building/c1-007-itemshop-01.dds	1
Zone/ymir work/zone/c/building/c1-007-itemshop-02.dds	d:/ymir work/zone/c/building/c1-007-itemshop-02.dds	1
Zone/ymir work/zone/n/obj/map_n_flame_01/ob-bigstatue01-02.dds	d:/ymir work/zone/n/obj/map_n_flame_01/ob-bigstatue01-02.dds	1
Zone/ymir work/zone/c/building/c1-007-itemshop.mdatr	d:/ymir work/zone/c/building/c1-007-itemshop.mdatr	0
Zone/ymir work/zone/c/building/c1-007-itemshop_lod_01.gr2	d:/ymir work/zone/c/building/c1-007-itemshop_lod_01.gr2	0
Zone/ymir work/zone/dungeon/monkey_dungeon/monkey03_dungeon03_sidelm.dds	d:/ymir work/zone/dungeon/monkey_dungeon/monkey03_dungeon03_sidelm.dds	1
Zone/ymir work/zone/c/building/c1-008-house5-02.dds	d:/ymir work/zone/c/building/c1-008-house5-02.dds	1
Zone/ymir work/zone/c/building/c1-008-house5-1.dds	d:/ymir work/zone/c/building/c1-008-house5-1.dds	1
Zone/ymir work/zone/dungeon/haven_dungeon/skipia_passt.mdatr	d:/ymir work/zone/dungeon/haven_dungeon/skipia_passt.mdatr	0
Zone/ymir work/zone/c/building/c1-008-house5.mdatr	d:/ymir work/zone/c/building/c1-008-house5.mdatr	0
Zone/ymir work/zone/dungeon/devil_tower/deviltower1f_03.dds	d:/ymir work/zone/dungeon/devil_tower/deviltower1f_03.dds	1
Zone/ymir work/zone/n/icemount/n_snow_m_resoucegate.gr2	d:/ymir work/zone/n/icemount/n_snow_m_resoucegate.gr2	0
Zone/ymir work/zone/c/building/c1-008-house5_lod_01.gr2	d:/ymir work/zone/c/building/c1-008-house5_lod_01.gr2	0
Zone/ymir work/zone/c/building/c1-009-hotel01.dds	d:/ymir work/zone/c/building/c1-009-hotel01.dds	1
Zone/ymir work/zone/c/building/c1-009-hotel02.dds	d:/ymir work/zone/c/building/c1-009-hotel02.dds	1
Zone/ymir work/zone/dungeon/monkey_dungeon/20050218/monkey01_dungeon03_censerlm.dds	d:/ymir work/zone/dungeon/monkey_dungeon/20050218/monkey01_dungeon03_censerlm.dds	1
Zone/ymir work/zone/c/building/c1-009-hotel03.dds	d:/ymir work/zone/c/building/c1-009-hotel03.dds	1
Zone/ymir work/zone/c/building/c1-010-bank-01.dds	d:/ymir work/zone/c/building/c1-010-bank-01.dds	1
Zone/ymir work/zone/n/desert/desert_cart01.mdatr	d:/ymir work/zone/n/desert/desert_cart01.mdatr	0
Zone/ymir work/zone/c/building/c1-010-bank-02.dds	d:/ymir work/zone/c/building/c1-010-bank-02.dds	1
Zone/ymir work/zone/c/building/c1-010-bank-03.dds	d:/ymir work/zone/c/building/c1-010-bank-03.dds	1
Zone/ymir work/zone/dungeon/devil_tower2/deviltower2_01.dds	d:/ymir work/zone/dungeon/devil_tower2/deviltower2_01.dds	1
Zone/ymir work/zone/c/building/c1-010-bank-04.dds	d:/ymir work/zone/c/building/c1-010-bank-04.dds	1
Zone/ymir work/zone/c/building/c1-010-bank.gr2	d:/ymir work/zone/c/building/c1-010-bank.gr2	0
Zone/ymir work/zone/dungeon/spider_dungeon/spider_dungeon01lightingmap.dds	d:/ymir work/zone/dungeon/spider_dungeon/spider_dungeon01lightingmap.dds	1
Zone/ymir work/zone/c/building/c1-011-workhouse-01.dds	d:/ymir work/zone/c/building/c1-011-workhouse-01.dds	1
Zone/ymir work/zone/c/building/c1-011-workhouse-02.dds	d:/ymir work/zone/c/building/c1-011-workhouse-02.dds	1
Zone/ymir work/zone/c/building/c1-011-workhouse-03.dds	d:/ymir work/zone/c/building/c1-011-workhouse-03.dds	1
Zone/ymir work/zone/n/milgyo/milgyo_4fbuilding_04.dds	d:/ymir work/zone/n/milgyo/milgyo_4fbuilding_04.dds	1
Zone/ymir work/zone/c/building/c1-011-workhouse.gr2	d:/ymir work/zone/c/building/c1-011-workhouse.gr2	0
Zone/ymir work/zone/c/building/c1-011-workhouse_lod_01.gr2	d:/ymir work/zone/c/building/c1-011-workhouse_lod_01.gr2	0
Zone/ymir work/zone/dungeon/monkey_dungeon/20050218/monkey_dungeon01_04.dds	d:/ymir work/zone/dungeon/monkey_dungeon/20050218/monkey_dungeon01_04.dds	1
Zone/ymir work/zone/c/building/c1-013-6tower-01.dds	d:/ymir work/zone/c/building/c1-013-6tower-01.dds	1
Zone/ymir work/zone/n/obj/snow.m/nsm-general_obj_01_3.gr2	d:/ymir work/zone/n/obj/snow.m/nsm-general_obj_01_3.gr2	0
Zone/ymir work/zone/c/building/c1-013-6tower.gr2	d:/ymir work/zone/c/building/c1-013-6tower.gr2	0
Zone/ymir work/zone/ghost/obj/general_obj_bigtower12_01.gr2	d:/ymir work/zone/ghost/obj/general_obj_bigtower12_01.gr2	0
Zone/ymir work/zone/c/building/c1-016-house9.dds	d:/ymir work/zone/c/building/c1-016-house9.dds	1
Zone/ymir work/zone/dungeon/monkey_dungeon/monkey_dungeon03_dome02.dds	d:/ymir work/zone/dungeon/monkey_dungeon/monkey_dungeon03_dome02.dds	1
Zone/ymir work/zone/c/building/c1-016-house9_lod_01.gr2	d:/ymir work/zone/c/building/c1-016-house9_lod_01.gr2	0
Zone/ymir work/zone/c/building/c1-017-01.dds	d:/ymir work/zone/c/building/c1-017-01.dds	1
Zone/ymir work/zone/c/building/c1-017.gr2	d:/ymir work/zone/c/building/c1-017.gr2	0
Zone/ymir work/zone/ghost/obj/ob-b1-001-bix02_01.gr2	d:/ymir work/zone/ghost/obj/ob-b1-001-bix02_01.gr2	0
Zone/ymir work/zone/c/building/c1-017.mdatr	d:/ymir work/zone/c/building/c1-017.mdatr	0
Zone/ymir work/zone/c/building/c1-018-stonelight-01.dds	d:/ymir work/zone/c/building/c1-018-stonelight-01.dds	1
Zone/ymir work/zone/n/obj/snow.m/ob-bigstatue03.mdatr	d:/ymir work/zone/n/obj/snow.m/ob-bigstatue03.mdatr	0
Zone/ymir work/zone/n/obj/map_n_desert_01/general_obj_fence01.gr2	d:/ymir work/zone/n/obj/map_n_desert_01/general_obj_fence01.gr2	0
Zone/ymir work/zone/n/icemount/n_snow_m_empiregate_02.gr2	d:/ymir work/zone/n/icemount/n_snow_m_empiregate_02.gr2	0
Zone/ymir work/zone/c/building/c1-022-10m-bridge.mdatr	d:/ymir work/zone/c/building/c1-022-10m-bridge.mdatr	0
Zone/ymir work/zone/c/building/c1-032-shamanhouse-2.dds	d:/ymir work/zone/c/building/c1-032-shamanhouse-2.dds	1
Zone/ymir work/zone/c/building/c1-024-10m-bridge-2.dds	d:/ymir work/zone/c/building/c1-024-10m-bridge-2.dds	1
Zone/ymir work/zone/dungeon/monkey_dungeon/monkey_dungeon01.gr2	d:/ymir work/zone/dungeon/monkey_dungeon/monkey_dungeon01.gr2	0
Zone/ymir work/zone/dungeon/spider_dungeon/spider_dungeon_02.gr2	d:/ymir work/zone/dungeon/spider_dungeon/spider_dungeon_02.gr2	0
Zone/ymir work/zone/c/building/c1-024-10m-bridge.mdatr	d:/ymir work/zone/c/building/c1-024-10m-bridge.mdatr	0
Zone/ymir work/zone/c/building/c1-031.dds	d:/ymir work/zone/c/building/c1-031.dds	1
Zone/ymir work/zone/dungeon/monkey_dungeon/monkey_dungeon03_02lm.dds	d:/ymir work/zone/dungeon/monkey_dungeon/monkey_dungeon03_02lm.dds	1
Zone/ymir work/zone/c/building/c1-032-shamanhouse-3.dds	d:/ymir work/zone/c/building/c1-032-shamanhouse-3.dds	1
Zone/ymir work/zone/n/obj/snow.m/landmark_grandstone02.gr2	d:/ymir work/zone/n/obj/snow.m/landmark_grandstone02.gr2	0
Zone/ymir work/zone/c/building/c1-033-guesthouse-01.dds	d:/ymir work/zone/c/building/c1-033-guesthouse-01.dds	1
Zone/ymir work/zone/c/building/c1-033-guesthouse-01_lod_01.gr2	d:/ymir work/zone/c/building/c1-033-guesthouse-01_lod_01.gr2	0
Zone/ymir work/zone/oxevent/x_flag.mdatr	d:/ymir work/zone/oxevent/x_flag.mdatr	0
Zone/ymir work/zone/n/obj/snow.m/obj-0006.gr2	d:/ymir work/zone/n/obj/snow.m/obj-0006.gr2	0
Zone/ymir work/zone/c/building/c1-033-guesthouse-02.dds	d:/ymir work/zone/c/building/c1-033-guesthouse-02.dds	1
Zone/ymir work/zone/c/building/c1-033-guesthouse-02_lod_01.gr2	d:/ymir work/zone/c/building/c1-033-guesthouse-02_lod_01.gr2	0
Zone/ymir work/zone/dungeon/resources_picking_zon/jhtest.gr2	d:/ymir work/zone/dungeon/resources_picking_zon/jhtest.gr2	0
Zone/ymir work/zone/n/desert/cactus_05.dds	d:/ymir work/zone/n/desert/cactus_05.dds	1
Zone/ymir work/zone/c/building/c1-034-stonedoor-01.dds	d:/ymir work/zone/c/building/c1-034-stonedoor-01.dds	1
Zone/ymir work/zone/n/obj/map_n_flame_01/general_obj_bigtoewr01.mdatr	d:/ymir work/zone/n/obj/map_n_flame_01/general_obj_bigtoewr01.mdatr	0
Zone/ymir work/zone/c/building/c1-034-stonedoor.gr2	d:/ymir work/zone/c/building/c1-034-stonedoor.gr2	0
Zone/ymir work/zone/c/building/c1-035-wooddoor.dds	d:/ymir work/zone/c/building/c1-035-wooddoor.dds	1
Zone/ymir work/zone/c/building/c1-035-woodgate.mdatr	d:/ymir work/zone/c/building/c1-035-woodgate.mdatr	0
Zone/ymir work/zone/dungeon/monkey_dungeon/20050218/monkey02_dungeon01.mdatr	d:/ymir work/zone/dungeon/monkey_dungeon/20050218/monkey02_dungeon01.mdatr	0
Zone/ymir work/zone/c/building/c1-037-tower.mdatr	d:/ymir work/zone/c/building/c1-037-tower.mdatr	0
Zone/ymir work/zone/n/obj/snow.m/snow-middledam-07_lod_01.gr2	d:/ymir work/zone/n/obj/snow.m/snow-middledam-07_lod_01.gr2	0
Zone/ymir work/zone/c/building/c1-038-wall-lin.gr2	d:/ymir work/zone/c/building/c1-038-wall-lin.gr2	0
Zone/ymir work/zone/c/building/c1-038-wall-lin.mdatr	d:/ymir work/zone/c/building/c1-038-wall-lin.mdatr	0
Zone/ymir work/zone/c/building/c1-038-wall.dds	d:/ymir work/zone/c/building/c1-038-wall.dds	1
Zone/ymir work/zone/dungeon/resources_picking_zon/huge_mushroom.dds	d:/ymir work/zone/dungeon/resources_picking_zon/huge_mushroom.dds	1
Zone/ymir work/zone/dungeon/monkey_dungeon/monkey03_dungeon03_01lm.dds	d:/ymir work/zone/dungeon/monkey_dungeon/monkey03_dungeon03_01lm.dds	1
Zone/ymir work/zone/dungeon/monkey_dungeon/monkey03_dungeon03_obj_tablea.dds	d:/ymir work/zone/dungeon/monkey_dungeon/monkey03_dungeon03_obj_tablea.dds	1
Zone/ymir work/zone/ghost/obj/b_general_obj_22_01.mdatr	d:/ymir work/zone/ghost/obj/b_general_obj_22_01.mdatr	0
Zone/ymir work/zone/c/building/c1-landmark-01-bellhouse.gr2	d:/ymir work/zone/c/building/c1-landmark-01-bellhouse.gr2	0
Zone/ymir work/zone/n/obj/map_n_flame_01/ob-bigstatue02.gr2	d:/ymir work/zone/n/obj/map_n_flame_01/ob-bigstatue02.gr2	0
Zone/ymir work/zone/c/building/c1-middledam-01.dds	d:/ymir work/zone/c/building/c1-middledam-01.dds	1
Zone/ymir work/zone/c/building/c1-middledam-01.mdatr	d:/ymir work/zone/c/building/c1-middledam-01.mdatr	0
Zone/ymir work/zone/n/desert/desert-middledam-02_lod_01.gr2	d:/ymir work/zone/n/desert/desert-middledam-02_lod_01.gr2	0
Zone/ymir work/zone/c/building/c1-middledam-02.dds	d:/ymir work/zone/c/building/c1-middledam-02.dds	1
Zone/ymir work/zone/n/obj/snow.m/nsm-general_obj_04_lod_01.gr2	d:/ymir work/zone/n/obj/snow.m/nsm-general_obj_04_lod_01.gr2	0
Zone/ymir work/zone/c/building/c1-middledam-02.gr2	d:/ymir work/zone/c/building/c1-middledam-02.gr2	0
Zone/ymir work/zone/c/building/c1-middledam-04.dds	d:/ymir work/zone/c/building/c1-middledam-04.dds	1
Zone/ymir work/zone/c/building/c1-middledam-05.gr2	d:/ymir work/zone/c/building/c1-middledam-05.gr2	0
Zone/ymir work/zone/ghost/obj/b_general_obj_10_12_01.mdatr	d:/ymir work/zone/ghost/obj/b_general_obj_10_12_01.mdatr	0
Zone/ymir work/zone/c/building/c1-middledam-05.mdatr	d:/ymir work/zone/c/building/c1-middledam-05.mdatr	0
Zone/ymir work/zone/c/building/c1-middledam-06.mdatr	d:/ymir work/zone/c/building/c1-middledam-06.mdatr	0
Zone/ymir work/zone/ghost/obj/b_general_obj_10_01.gr2	d:/ymir work/zone/ghost/obj/b_general_obj_10_01.gr2	0
Zone/ymir work/zone/c/building/c1-middledam-07.gr2	d:/ymir work/zone/c/building/c1-middledam-07.gr2	0
Zone/ymir work/zone/c/building/c1-rms-001_1.dds	d:/ymir work/zone/c/building/c1-rms-001_1.dds	1
Zone/ymir work/zone/c/building/c1_018-stonelight.gr2	d:/ymir work/zone/c/building/c1_018-stonelight.gr2	0
Zone/ymir work/zone/c/building/vssver.scc	d:/ymir work/zone/c/building/vssver.scc	0
Zone/ymir work/zone/nusluck/torch_2.mdatr	d:/ymir work/zone/nusluck/torch_2.mdatr	0
Zone/ymir work/zone/n/obj/map_n_desert_01/general_obj_bigtoewr09.mdatr	d:/ymir work/zone/n/obj/map_n_desert_01/general_obj_bigtoewr09.mdatr	0
Zone/ymir work/zone/duel/a1-038-wall-corner_duel.mdatr	d:/ymir work/zone/duel/a1-038-wall-corner_duel.mdatr	0
Zone/ymir work/zone/duel/a1-038-wall-door-duel.mdatr	d:/ymir work/zone/duel/a1-038-wall-door-duel.mdatr	0
Zone/ymir work/zone/duel/a1-038-wall-lin2_duel.gr2	d:/ymir work/zone/duel/a1-038-wall-lin2_duel.gr2	0
Zone/ymir work/zone/n/obj/map_n_desert_01/general_obj_woodbed.mdatr	d:/ymir work/zone/n/obj/map_n_desert_01/general_obj_woodbed.mdatr	0
Zone/ymir work/zone/duel/a1-038-wall-lin2_duel.mdatr	d:/ymir work/zone/duel/a1-038-wall-lin2_duel.mdatr	0
Zone/ymir work/zone/dungeon/monkey_dungeon/20050218/monkey03_dungeon_cave02.gr2	d:/ymir work/zone/dungeon/monkey_dungeon/20050218/monkey03_dungeon_cave02.gr2	0
Zone/ymir work/zone/n/obj/snow.m/general_obj_watchtower02_lod_01.gr2	d:/ymir work/zone/n/obj/snow.m/general_obj_watchtower02_lod_01.gr2	0
Zone/ymir work/zone/duel/a1-038-wall-lin_duel.mdatr	d:/ymir work/zone/duel/a1-038-wall-lin_duel.mdatr	0
Zone/ymir work/zone/duel/ring.dds	d:/ymir work/zone/duel/ring.dds	1
Zone/ymir work/zone/dungeon/deviltower2f/deviltower2f.gr2	d:/ymir work/zone/dungeon/deviltower2f/deviltower2f.gr2	0
Zone/ymir work/zone/dungeon/monkey_dungeon/monkey_dungeon01_02.dds	d:/ymir work/zone/dungeon/monkey_dungeon/monkey_dungeon01_02.dds	1
Zone/ymir work/zone/dungeon/deviltower2f/deviltower2f_01.dds	d:/ymir work/zone/dungeon/deviltower2f/deviltower2f_01.dds	1
Zone/ymir work/zone/n/obj/map_n_desert_01/b_general_obj_01.dds	d:/ymir work/zone/n/obj/map_n_desert_01/b_general_obj_01.dds	1
Zone/ymir work/zone/dungeon/deviltower2f/deviltower2f_02.dds	d:/ymir work/zone/dungeon/deviltower2f/deviltower2f_02.dds	1
Zone/ymir work/zone/dungeon/deviltower2f/deviltower2f_04.dds	d:/ymir work/zone/dungeon/deviltower2f/deviltower2f_04.dds	1
Zone/ymir work/zone/dungeon/deviltower2f/deviltower2f_05.dds	d:/ymir work/zone/dungeon/deviltower2f/deviltower2f_05.dds	1
Zone/ymir work/zone/dungeon/deviltower2f/deviltower2f_06.dds	d:/ymir work/zone/dungeon/deviltower2f/deviltower2f_06.dds	1
Zone/ymir work/zone/dungeon/deviltower2f/deviltower2f_07.dds	d:/ymir work/zone/dungeon/deviltower2f/deviltower2f_07.dds	1
Zone/ymir work/zone/n/obj/snow.m/general_obj_bell.mdatr	d:/ymir work/zone/n/obj/snow.m/general_obj_bell.mdatr	0
Zone/ymir work/zone/dungeon/monkey_dungeon/20050218/monkey_dungeon01_lightingmap.dds	d:/ymir work/zone/dungeon/monkey_dungeon/20050218/monkey_dungeon01_lightingmap.dds	1
Zone/ymir work/zone/dungeon/deviltower2f/deviltower2f_08.dds	d:/ymir work/zone/dungeon/deviltower2f/deviltower2f_08.dds	1
Zone/ymir work/zone/dungeon/deviltower2f/object01lightingmap.tga	d:/ymir work/zone/dungeon/deviltower2f/object01lightingmap.tga	1
Zone/ymir work/zone/dungeon/devil_tower/deviltower01lightingmap.tga	d:/ymir work/zone/dungeon/devil_tower/deviltower01lightingmap.tga	1
Zone/ymir work/zone/nusluck/tent_01.dds	d:/ymir work/zone/nusluck/tent_01.dds	1
Zone/ymir work/zone/n/obj/map_n_desert_01/b_general_obj_24.gr2	d:/ymir work/zone/n/obj/map_n_desert_01/b_general_obj_24.gr2	0
Zone/ymir work/zone/dungeon/devil_tower/deviltower1flightingmap.tga	d:/ymir work/zone/dungeon/devil_tower/deviltower1flightingmap.tga	1
Zone/ymir work/zone/dungeon/devil_tower/deviltowergate.gr2	d:/ymir work/zone/dungeon/devil_tower/deviltowergate.gr2	0
Zone/ymir work/zone/dungeon/devil_tower/deviltowergate.mdatr	d:/ymir work/zone/dungeon/devil_tower/deviltowergate.mdatr	0
Zone/ymir work/zone/n/desert/desert_tent01.mdatr	d:/ymir work/zone/n/desert/desert_tent01.mdatr	0
Zone/ymir work/zone/dungeon/devil_tower/deviltowergate01.dds	d:/ymir work/zone/dungeon/devil_tower/deviltowergate01.dds	1
Zone/ymir work/zone/dungeon/devil_tower/deviltowergate05.dds	d:/ymir work/zone/dungeon/devil_tower/deviltowergate05.dds	1
Zone/ymir work/zone/n/desert/desert_tower_lod_01.gr2	d:/ymir work/zone/n/desert/desert_tower_lod_01.gr2	0
Zone/ymir work/zone/dungeon/devil_tower/deviltower_1f	d:/ymir work/zone/dungeon/devil_tower/deviltower_1f	0
Zone/ymir work/zone/n/obj/snow.m/general_obj_bigtower09_lod_01.gr2	d:/ymir work/zone/n/obj/snow.m/general_obj_bigtower09_lod_01.gr2	0
Zone/ymir work/zone/dungeon/devil_tower/deviltower_1f.mdatr	d:/ymir work/zone/dungeon/devil_tower/deviltower_1f.mdatr	0
Zone/ymir work/zone/dungeon/devil_tower/deviltower_1f_05.dds	d:/ymir work/zone/dungeon/devil_tower/deviltower_1f_05.dds	1
Zone/ymir work/zone/dungeon/devil_tower/deviltower_1f_06.dds	d:/ymir work/zone/dungeon/devil_tower/deviltower_1f_06.dds	1
Zone/ymir work/zone/dungeon/devil_tower/vssver.scc	d:/ymir work/zone/dungeon/devil_tower/vssver.scc	0
Zone/ymir work/zone/dungeon/monkey_dungeon/monkey01_dungeon03_tableboxlm.dds	d:/ymir work/zone/dungeon/monkey_dungeon/monkey01_dungeon03_tableboxlm.dds	1
Zone/ymir work/zone/n/obj/snow.m/general_obj_bigstonegate02.gr2	d:/ymir work/zone/n/obj/snow.m/general_obj_bigstonegate02.gr2	0
Zone/ymir work/zone/dungeon/monkey_dungeon/20050218/monkey_dungeon03_censerlm.dds	d:/ymir work/zone/dungeon/monkey_dungeon/20050218/monkey_dungeon03_censerlm.dds	1
Zone/ymir work/zone/dungeon/devil_tower2/deviltower2.mdatr	d:/ymir work/zone/dungeon/devil_tower2/deviltower2.mdatr	0
Zone/ymir work/zone/n/obj/map_n_desert_01/warpgate01.gr2	d:/ymir work/zone/n/obj/map_n_desert_01/warpgate01.gr2	0
Zone/ymir work/zone/dungeon/devil_tower2/deviltower2_02.dds	d:/ymir work/zone/dungeon/devil_tower2/deviltower2_02.dds	1
Zone/ymir work/zone/dungeon/resources_picking_zon/resources_picking_ground.mdatr	d:/ymir work/zone/dungeon/resources_picking_zon/resources_picking_ground.mdatr	0
Zone/ymir work/zone/dungeon/devil_tower2/deviltower2_05.dds	d:/ymir work/zone/dungeon/devil_tower2/deviltower2_05.dds	1
Zone/ymir work/zone/n/desert/desert_cart01.gr2	d:/ymir work/zone/n/desert/desert_cart01.gr2	0
Zone/ymir work/zone/nusluck/top.mdatr	d:/ymir work/zone/nusluck/top.mdatr	0
Zone/ymir work/zone/n/obj/snow.m/general_obj_bigtower04.gr2	d:/ymir work/zone/n/obj/snow.m/general_obj_bigtower04.gr2	0
Zone/ymir work/zone/dungeon/monkey_dungeon/20050218/monkey_dungeon03_bridgelm.dds	d:/ymir work/zone/dungeon/monkey_dungeon/20050218/monkey_dungeon03_bridgelm.dds	1
Zone/ymir work/zone/dungeon/monkey_dungeon/monkey02_dungeon_cave04.mdatr	d:/ymir work/zone/dungeon/monkey_dungeon/monkey02_dungeon_cave04.mdatr	0
Zone/ymir work/zone/n/obj/map_n_desert_01/general_obj_tent01.gr2	d:/ymir work/zone/n/obj/map_n_desert_01/general_obj_tent01.gr2	0
Zone/ymir work/zone/dungeon/devil_tower2/deviltower2_08.dds	d:/ymir work/zone/dungeon/devil_tower2/deviltower2_08.dds	1
Zone/ymir work/zone/n/desert/desert_carriage01_lod_01.gr2	d:/ymir work/zone/n/desert/desert_carriage01_lod_01.gr2	0
Zone/ymir work/zone/n/obj/snow.m/general_obj_stone19.mdatr	d:/ymir work/zone/n/obj/snow.m/general_obj_stone19.mdatr	0
Zone/ymir work/zone/dungeon/devil_tower2/deviltower2_09.dds	d:/ymir work/zone/dungeon/devil_tower2/deviltower2_09.dds	1
Zone/ymir work/zone/dungeon/monkey_dungeon/20050218/monkey03_dungeon03_obj_bottoma.dds	d:/ymir work/zone/dungeon/monkey_dungeon/20050218/monkey03_dungeon03_obj_bottoma.dds	1
Zone/ymir work/zone/ghost/obj/obj-0002_01.mdatr	d:/ymir work/zone/ghost/obj/obj-0002_01.mdatr	0
Zone/ymir work/zone/n/obj/snow.m/general_obj_bigtower07.mdatr	d:/ymir work/zone/n/obj/snow.m/general_obj_bigtower07.mdatr	0
Zone/ymir work/zone/dungeon/devil_tower2/deviltower2_10.dds	d:/ymir work/zone/dungeon/devil_tower2/deviltower2_10.dds	1
Zone/ymir work/zone/dungeon/devil_tower3/deviltower3.gr2	d:/ymir work/zone/dungeon/devil_tower3/deviltower3.gr2	0
Zone/ymir work/zone/dungeon/devil_tower3/deviltower3.mdatr	d:/ymir work/zone/dungeon/devil_tower3/deviltower3.mdatr	0
Zone/ymir work/zone/dungeon/devil_tower3/deviltower3_02.dds	d:/ymir work/zone/dungeon/devil_tower3/deviltower3_02.dds	1
Zone/ymir work/zone/dungeon/devil_tower3/deviltower3_03_lm.dds	d:/ymir work/zone/dungeon/devil_tower3/deviltower3_03_lm.dds	1
Zone/ymir work/zone/n/obj/snow.m/general_obj_stone13.mdatr	d:/ymir work/zone/n/obj/snow.m/general_obj_stone13.mdatr	0
Zone/ymir work/zone/dungeon/haven_dungeon/boss_gate.dds	d:/ymir work/zone/dungeon/haven_dungeon/boss_gate.dds	1
Zone/ymir work/zone/n/obj/snow.m/general_obj_fence02.mdatr	d:/ymir work/zone/n/obj/snow.m/general_obj_fence02.mdatr	0
Zone/ymir work/zone/dungeon/haven_dungeon/bottom_tile01.dds	d:/ymir work/zone/dungeon/haven_dungeon/bottom_tile01.dds	1
Zone/ymir work/zone/n/icemount/n_snow_m_empiregate_01.mdatr	d:/ymir work/zone/n/icemount/n_snow_m_empiregate_01.mdatr	0
Zone/ymir work/zone/dungeon/monkey_dungeon/20050218/monkey01_dungeon03_obj_prb.dds	d:/ymir work/zone/dungeon/monkey_dungeon/20050218/monkey01_dungeon03_obj_prb.dds	1
Zone/ymir work/zone/dungeon/haven_dungeon/bottom_tile02.dds	d:/ymir work/zone/dungeon/haven_dungeon/bottom_tile02.dds	1
Zone/ymir work/zone/dungeon/haven_dungeon/gate.dds	d:/ymir work/zone/dungeon/haven_dungeon/gate.dds	1
Zone/ymir work/zone/ghost/c1-008-house5-2_02.dds	d:/ymir work/zone/ghost/c1-008-house5-2_02.dds	1
Zone/ymir work/zone/n/obj/map_n_desert_01/ob-b1-006-woodbarrel.mdatr	d:/ymir work/zone/n/obj/map_n_desert_01/ob-b1-006-woodbarrel.mdatr	0
Zone/ymir work/zone/dungeon/haven_dungeon/light_boss_pole.dds	d:/ymir work/zone/dungeon/haven_dungeon/light_boss_pole.dds	1
Zone/ymir work/zone/dungeon/haven_dungeon/light_boss_room.dds	d:/ymir work/zone/dungeon/haven_dungeon/light_boss_room.dds	1
Zone/ymir work/zone/dungeon/haven_dungeon/light_boss_top.dds	d:/ymir work/zone/dungeon/haven_dungeon/light_boss_top.dds	1
Zone/ymir work/zone/dungeon/haven_dungeon/light_passt_pole.dds	d:/ymir work/zone/dungeon/haven_dungeon/light_passt_pole.dds	1
Zone/ymir work/zone/dungeon/haven_dungeon/light_boss_tower.dds	d:/ymir work/zone/dungeon/haven_dungeon/light_boss_tower.dds	1
Zone/ymir work/zone/n/desert/desert-009-hotel.gr2	d:/ymir work/zone/n/desert/desert-009-hotel.gr2	0
Zone/ymir work/zone/dungeon/haven_dungeon/light_passc_bottom.dds	d:/ymir work/zone/dungeon/haven_dungeon/light_passc_bottom.dds	1
Zone/ymir work/zone/dungeon/haven_dungeon/light_passc_pole.dds	d:/ymir work/zone/dungeon/haven_dungeon/light_passc_pole.dds	1
Zone/ymir work/zone/dungeon/old_resources picking zon/huge_mushroom.dds	d:/ymir work/zone/dungeon/old_resources picking zon/huge_mushroom.dds	1
Zone/ymir work/zone/dungeon/haven_dungeon/light_passc_top.dds	d:/ymir work/zone/dungeon/haven_dungeon/light_passc_top.dds	1
Zone/ymir work/zone/dungeon/monkey_dungeon/20050218/monkey02_dungeon_cave04.mdatr	d:/ymir work/zone/dungeon/monkey_dungeon/20050218/monkey02_dungeon_cave04.mdatr	0
Zone/ymir work/zone/dungeon/haven_dungeon/light_passc_wall.dds	d:/ymir work/zone/dungeon/haven_dungeon/light_passc_wall.dds	1
Zone/ymir work/zone/dungeon/haven_dungeon/light_passic_pole.dds	d:/ymir work/zone/dungeon/haven_dungeon/light_passic_pole.dds	1
Zone/ymir work/zone/dungeon/haven_dungeon/light_passic_top.dds	d:/ymir work/zone/dungeon/haven_dungeon/light_passic_top.dds	1
Zone/ymir work/zone/n/desert/desert-035-woodgate.dds	d:/ymir work/zone/n/desert/desert-035-woodgate.dds	1
Zone/ymir work/zone/dungeon/haven_dungeon/light_passi_bottom.dds	d:/ymir work/zone/dungeon/haven_dungeon/light_passi_bottom.dds	1
Zone/ymir work/zone/dungeon/haven_dungeon/light_passi_wall.dds	d:/ymir work/zone/dungeon/haven_dungeon/light_passi_wall.dds	1
Zone/ymir work/zone/dungeon/haven_dungeon/light_passl_pole.dds	d:/ymir work/zone/dungeon/haven_dungeon/light_passl_pole.dds	1
Zone/ymir work/zone/n/icemount/vssver.scc	d:/ymir work/zone/n/icemount/vssver.scc	0
Zone/ymir work/zone/dungeon/haven_dungeon/light_passl_top.dds	d:/ymir work/zone/dungeon/haven_dungeon/light_passl_top.dds	1
Zone/ymir work/zone/dungeon/monkey_dungeon/monkey01_dungeon03_01lm.dds	d:/ymir work/zone/dungeon/monkey_dungeon/monkey01_dungeon03_01lm.dds	1
Zone/ymir work/zone/n/desert/cactus_01.gr2	d:/ymir work/zone/n/desert/cactus_01.gr2	0
Zone/ymir work/zone/dungeon/haven_dungeon/light_passp_top.dds	d:/ymir work/zone/dungeon/haven_dungeon/light_passp_top.dds	1
Zone/ymir work/zone/ghost/b1-001-house3_01_01.dds	d:/ymir work/zone/ghost/b1-001-house3_01_01.dds	1
Zone/ymir work/zone/dungeon/haven_dungeon/light_passt_top.dds	d:/ymir work/zone/dungeon/haven_dungeon/light_passt_top.dds	1
Zone/ymir work/zone/ghost/ob-10-01_01.dds	d:/ymir work/zone/ghost/ob-10-01_01.dds	1
Zone/ymir work/zone/dungeon/haven_dungeon/light_pass_pole.dds	d:/ymir work/zone/dungeon/haven_dungeon/light_pass_pole.dds	1
Zone/ymir work/zone/n/obj/snow.m/general_obj_ferryboat03_lod_01.gr2	d:/ymir work/zone/n/obj/snow.m/general_obj_ferryboat03_lod_01.gr2	0
Zone/ymir work/zone/n/obj/snow.m/general_obj_bigstone07_lod_01.gr2	d:/ymir work/zone/n/obj/snow.m/general_obj_bigstone07_lod_01.gr2	0
Zone/ymir work/zone/dungeon/haven_dungeon/light_pass_roomwall.dds	d:/ymir work/zone/dungeon/haven_dungeon/light_pass_roomwall.dds	1
Zone/ymir work/zone/dungeon/monkey_dungeon/20050218/monkey01_dungeon03_stonelionlm.dds	d:/ymir work/zone/dungeon/monkey_dungeon/20050218/monkey01_dungeon03_stonelionlm.dds	1
Zone/ymir work/zone/dungeon/haven_dungeon/skipia_boss.gr2	d:/ymir work/zone/dungeon/haven_dungeon/skipia_boss.gr2	0
Zone/ymir work/zone/dungeon/haven_dungeon/skipia_boss.mdatr	d:/ymir work/zone/dungeon/haven_dungeon/skipia_boss.mdatr	0
Zone/ymir work/zone/dungeon/haven_dungeon/skipia_passc(1).gr2	d:/ymir work/zone/dungeon/haven_dungeon/skipia_passc(1).gr2	0
Zone/ymir work/zone/dungeon/haven_dungeon/skipia_passc.mdatr	d:/ymir work/zone/dungeon/haven_dungeon/skipia_passc.mdatr	0
Zone/ymir work/zone/dungeon/haven_dungeon/skipia_passic.gr2	d:/ymir work/zone/dungeon/haven_dungeon/skipia_passic.gr2	0
Zone/ymir work/zone/dungeon/haven_dungeon/skipia_passis1.mdatr	d:/ymir work/zone/dungeon/haven_dungeon/skipia_passis1.mdatr	0
Zone/ymir work/zone/dungeon/haven_dungeon/skipia_passis2.mdatr	d:/ymir work/zone/dungeon/haven_dungeon/skipia_passis2.mdatr	0
Zone/ymir work/zone/dungeon/haven_dungeon/skipia_passl.gr2	d:/ymir work/zone/dungeon/haven_dungeon/skipia_passl.gr2	0
Zone/ymir work/zone/ghost/obj/ob-b1-006-woodbarrel_01.mdatr	d:/ymir work/zone/ghost/obj/ob-b1-006-woodbarrel_01.mdatr	0
Zone/ymir work/zone/dungeon/haven_dungeon/skipia_passl.mdatr	d:/ymir work/zone/dungeon/haven_dungeon/skipia_passl.mdatr	0
Zone/ymir work/zone/dungeon/haven_dungeon/skipia_passp.gr2	d:/ymir work/zone/dungeon/haven_dungeon/skipia_passp.gr2	0
Zone/ymir work/zone/n/obj/snow.m/general_obj_bigtower07.gr2	d:/ymir work/zone/n/obj/snow.m/general_obj_bigtower07.gr2	0
Zone/ymir work/zone/n/obj/map_n_desert_01/ob-bigstone.dds	d:/ymir work/zone/n/obj/map_n_desert_01/ob-bigstone.dds	1
Zone/ymir work/zone/n/desert/desert-033-guesthouse-02.gr2	d:/ymir work/zone/n/desert/desert-033-guesthouse-02.gr2	0
Zone/ymir work/zone/dungeon/haven_dungeon/smalla_resorce.mse	d:/ymir work/zone/dungeon/haven_dungeon/smalla_resorce.mse	1
Zone/ymir work/zone/ghost/c1-038-wall-lin2_01.mdatr	d:/ymir work/zone/ghost/c1-038-wall-lin2_01.mdatr	0
Zone/ymir work/zone/dungeon/haven_dungeon/smallb_resorce.mde	d:/ymir work/zone/dungeon/haven_dungeon/smallb_resorce.mde	1
Zone/ymir work/zone/dungeon/monkey_dungeon/20050218/monkey01_dungeon03_03lm.dds	d:/ymir work/zone/dungeon/monkey_dungeon/20050218/monkey01_dungeon03_03lm.dds	1
Zone/ymir work/zone/dungeon/monkey_dungeon/20050218/monkey01_dungeon03_chairlm.dds	d:/ymir work/zone/dungeon/monkey_dungeon/20050218/monkey01_dungeon03_chairlm.dds	1
Zone/ymir work/zone/n/obj/snow.m/general_obj_suspension bridge02.gr2	d:/ymir work/zone/n/obj/snow.m/general_obj_suspension bridge02.gr2	0
Zone/ymir work/zone/n/obj/map_n_desert_01/b_general_obj_25_1.mdatr	d:/ymir work/zone/n/obj/map_n_desert_01/b_general_obj_25_1.mdatr	0
Zone/ymir work/zone/dungeon/monkey_dungeon/20050218/monkey01_dungeon03_04lm.dds	d:/ymir work/zone/dungeon/monkey_dungeon/20050218/monkey01_dungeon03_04lm.dds	1
Zone/ymir work/zone/n/obj/snow.m/snow_tower01.mdatr	d:/ymir work/zone/n/obj/snow.m/snow_tower01.mdatr	0
Zone/ymir work/zone/dungeon/monkey_dungeon/20050218/monkey01_dungeon03_bridgelm.dds	d:/ymir work/zone/dungeon/monkey_dungeon/20050218/monkey01_dungeon03_bridgelm.dds	1
Zone/ymir work/zone/dungeon/monkey_dungeon/20050218/monkey01_dungeon03_obj_bottoma.dds	d:/ymir work/zone/dungeon/monkey_dungeon/20050218/monkey01_dungeon03_obj_bottoma.dds	1
Zone/ymir work/zone/n/obj/snow.m/general_obj_fence04.gr2	d:/ymir work/zone/n/obj/snow.m/general_obj_fence04.gr2	0
Zone/ymir work/zone/dungeon/monkey_dungeon/20050218/monkey01_dungeon03_obj_plb.dds	d:/ymir work/zone/dungeon/monkey_dungeon/20050218/monkey01_dungeon03_obj_plb.dds	1
Zone/ymir work/zone/dungeon/monkey_dungeon/20050218/monkey01_dungeon03_obj_plt.dds	d:/ymir work/zone/dungeon/monkey_dungeon/20050218/monkey01_dungeon03_obj_plt.dds	1
Zone/ymir work/zone/n/obj/snow.m/ob-bigstatue01_lod_01.gr2	d:/ymir work/zone/n/obj/snow.m/ob-bigstatue01_lod_01.gr2	0
Zone/ymir work/zone/dungeon/monkey_dungeon/20050218/monkey01_dungeon03_obj_ta.dds	d:/ymir work/zone/dungeon/monkey_dungeon/20050218/monkey01_dungeon03_obj_ta.dds	1
Zone/ymir work/zone/dungeon/monkey_dungeon/20050218/monkey01_dungeon03_obj_tablea.dds	d:/ymir work/zone/dungeon/monkey_dungeon/20050218/monkey01_dungeon03_obj_tablea.dds	1
Zone/ymir work/zone/ghost/c1-033-guesthouse-01_01.dds	d:/ymir work/zone/ghost/c1-033-guesthouse-01_01.dds	1
Zone/ymir work/zone/dungeon/resources_picking_zon/mushroom03.mdatr	d:/ymir work/zone/dungeon/resources_picking_zon/mushroom03.mdatr	0
Zone/ymir work/zone/n/desert/desert_lamp01.dds	d:/ymir work/zone/n/desert/desert_lamp01.dds	1
Zone/ymir work/zone/dungeon/monkey_dungeon/20050218/monkey01_dungeon03_sidelm.dds	d:/ymir work/zone/dungeon/monkey_dungeon/20050218/monkey01_dungeon03_sidelm.dds	1
Zone/ymir work/zone/n/obj/snow.m/nsm-general_obj_21_1.mdatr	d:/ymir work/zone/n/obj/snow.m/nsm-general_obj_21_1.mdatr	0
Zone/ymir work/zone/dungeon/monkey_dungeon/20050218/monkey02_dungeon01.gr2	d:/ymir work/zone/dungeon/monkey_dungeon/20050218/monkey02_dungeon01.gr2	0
Zone/ymir work/zone/dungeon/monkey_dungeon/20050218/monkey02_dungeon02.mdatr	d:/ymir work/zone/dungeon/monkey_dungeon/20050218/monkey02_dungeon02.mdatr	0
Zone/ymir work/zone/dungeon/monkey_dungeon/20050218/monkey02_dungeon_cave01.gr2	d:/ymir work/zone/dungeon/monkey_dungeon/20050218/monkey02_dungeon_cave01.gr2	0
Zone/ymir work/zone/ghost/obj/obj-0003_03.gr2	d:/ymir work/zone/ghost/obj/obj-0003_03.gr2	0
Zone/ymir work/zone/n/obj/snow.m/general_obj_watermill.mdatr	d:/ymir work/zone/n/obj/snow.m/general_obj_watermill.mdatr	0
Zone/ymir work/zone/dungeon/monkey_dungeon/20050218/monkey02_dungeon_cave01.mdatr	d:/ymir work/zone/dungeon/monkey_dungeon/20050218/monkey02_dungeon_cave01.mdatr	0
Zone/ymir work/zone/dungeon/monkey_dungeon/20050218/monkey02_dungeon_cave03.gr2	d:/ymir work/zone/dungeon/monkey_dungeon/20050218/monkey02_dungeon_cave03.gr2	0
Zone/ymir work/zone/dungeon/monkey_dungeon/20050218/monkey03_dungeon03_01lm.dds	d:/ymir work/zone/dungeon/monkey_dungeon/20050218/monkey03_dungeon03_01lm.dds	1
Zone/ymir work/zone/dungeon/monkey_dungeon/monkey01_dungeon03_bridgelm.dds	d:/ymir work/zone/dungeon/monkey_dungeon/monkey01_dungeon03_bridgelm.dds	1
Zone/ymir work/zone/n/obj/snow.m/general_obj_watchtower03.mdatr	d:/ymir work/zone/n/obj/snow.m/general_obj_watchtower03.mdatr	0
Zone/ymir work/zone/dungeon/monkey_dungeon/20050218/monkey03_dungeon03_03lm.dds	d:/ymir work/zone/dungeon/monkey_dungeon/20050218/monkey03_dungeon03_03lm.dds	1
Zone/ymir work/zone/dungeon/monkey_dungeon/20050218/monkey03_dungeon03_bottomlm.dds	d:/ymir work/zone/dungeon/monkey_dungeon/20050218/monkey03_dungeon03_bottomlm.dds	1
Zone/ymir work/zone/dungeon/monkey_dungeon/monkey_dungeon03_obj_plt.dds	d:/ymir work/zone/dungeon/monkey_dungeon/monkey_dungeon03_obj_plt.dds	1
Zone/ymir work/zone/n/obj/snow.m/general_obj_stone14_lod_01.gr2	d:/ymir work/zone/n/obj/snow.m/general_obj_stone14_lod_01.gr2	0
Zone/ymir work/zone/n/obj/map_n_desert_01/general_obj_brazier_01.dds	d:/ymir work/zone/n/obj/map_n_desert_01/general_obj_brazier_01.dds	1
Zone/ymir work/zone/ghost/obj/b_general_obj_02_01.gr2	d:/ymir work/zone/ghost/obj/b_general_obj_02_01.gr2	0
Zone/ymir work/zone/dungeon/monkey_dungeon/20050218/monkey03_dungeon03_bridgelm.dds	d:/ymir work/zone/dungeon/monkey_dungeon/20050218/monkey03_dungeon03_bridgelm.dds	1
Zone/ymir work/zone/ghost/obj/general_obj_carriage_01.mdatr	d:/ymir work/zone/ghost/obj/general_obj_carriage_01.mdatr	0
Zone/ymir work/zone/dungeon/monkey_dungeon/20050218/monkey03_dungeon03_censerlm.dds	d:/ymir work/zone/dungeon/monkey_dungeon/20050218/monkey03_dungeon03_censerlm.dds	1
Zone/ymir work/zone/dungeon/monkey_dungeon/20050218/monkey03_dungeon03_chairlm.dds	d:/ymir work/zone/dungeon/monkey_dungeon/20050218/monkey03_dungeon03_chairlm.dds	1
Zone/ymir work/zone/dungeon/monkey_dungeon/20050218/monkey03_dungeon03_obj_plb.dds	d:/ymir work/zone/dungeon/monkey_dungeon/20050218/monkey03_dungeon03_obj_plb.dds	1
Zone/ymir work/zone/ghost/obj/general_obj_fence04_01.mdatr	d:/ymir work/zone/ghost/obj/general_obj_fence04_01.mdatr	0
Zone/ymir work/zone/dungeon/spider_dungeon/spider_dungeon02.gr2	d:/ymir work/zone/dungeon/spider_dungeon/spider_dungeon02.gr2	0
Zone/ymir work/zone/dungeon/monkey_dungeon/20050218/monkey03_dungeon03_obj_plt.dds	d:/ymir work/zone/dungeon/monkey_dungeon/20050218/monkey03_dungeon03_obj_plt.dds	1
Zone/ymir work/zone/dungeon/monkey_dungeon/20050218/monkey03_dungeon03_obj_prb.dds	d:/ymir work/zone/dungeon/monkey_dungeon/20050218/monkey03_dungeon03_obj_prb.dds	1
Zone/ymir work/zone/dungeon/monkey_dungeon/20050218/monkey03_dungeon03_obj_tablea.dds	d:/ymir work/zone/dungeon/monkey_dungeon/20050218/monkey03_dungeon03_obj_tablea.dds	1
Zone/ymir work/zone/dungeon/spider_dungeon/spider_dungeon_gatelightingmap.tga	d:/ymir work/zone/dungeon/spider_dungeon/spider_dungeon_gatelightingmap.tga	1
Zone/ymir work/zone/dungeon/monkey_dungeon/20050218/monkey03_dungeon03_sidelm.dds	d:/ymir work/zone/dungeon/monkey_dungeon/20050218/monkey03_dungeon03_sidelm.dds	1
Zone/ymir work/zone/dungeon/monkey_dungeon/20050218/monkey03_dungeon03_stonelionlm.dds	d:/ymir work/zone/dungeon/monkey_dungeon/20050218/monkey03_dungeon03_stonelionlm.dds	1
Zone/ymir work/zone/n/obj/snow.m/snow_building04.prb	d:/ymir work/zone/n/obj/snow.m/snow_building04.prb	0
Zone/ymir work/zone/dungeon/monkey_dungeon/20050218/monkey03_dungeon03_tableboxlm.dds	d:/ymir work/zone/dungeon/monkey_dungeon/20050218/monkey03_dungeon03_tableboxlm.dds	1
Zone/ymir work/zone/dungeon/monkey_dungeon/20050218/monkey03_dungeon_cave01.mdatr	d:/ymir work/zone/dungeon/monkey_dungeon/20050218/monkey03_dungeon_cave01.mdatr	0
Zone/ymir work/zone/dungeon/monkey_dungeon/20050218/monkey03_dungeon_cave03.mdatr	d:/ymir work/zone/dungeon/monkey_dungeon/20050218/monkey03_dungeon_cave03.mdatr	0
Zone/ymir work/zone/dungeon/monkey_dungeon/20050218/monkey03_dungeon_cave04.gr2	d:/ymir work/zone/dungeon/monkey_dungeon/20050218/monkey03_dungeon_cave04.gr2	0
Zone/ymir work/zone/dungeon/monkey_dungeon/monkey03_dungeon03_bottomlm.dds	d:/ymir work/zone/dungeon/monkey_dungeon/monkey03_dungeon03_bottomlm.dds	1
Zone/ymir work/zone/dungeon/monkey_dungeon/20050218/monkey03_dungeon_cave04.mdatr	d:/ymir work/zone/dungeon/monkey_dungeon/20050218/monkey03_dungeon_cave04.mdatr	0
Zone/ymir work/zone/n/obj/snow.m/general_obj_bigtower01.dds	d:/ymir work/zone/n/obj/snow.m/general_obj_bigtower01.dds	1
Zone/ymir work/zone/dungeon/monkey_dungeon/20050218/monkey_dungeon01.gr2	d:/ymir work/zone/dungeon/monkey_dungeon/20050218/monkey_dungeon01.gr2	0
Zone/ymir work/zone/dungeon/monkey_dungeon/20050218/monkey_dungeon01_01.dds	d:/ymir work/zone/dungeon/monkey_dungeon/20050218/monkey_dungeon01_01.dds	1
Zone/ymir work/zone/dungeon/monkey_dungeon/20050218/monkey_dungeon01_02.dds	d:/ymir work/zone/dungeon/monkey_dungeon/20050218/monkey_dungeon01_02.dds	1
Zone/ymir work/zone/dungeon/monkey_dungeon/20050218/monkey_dungeon02.gr2	d:/ymir work/zone/dungeon/monkey_dungeon/20050218/monkey_dungeon02.gr2	0
Zone/ymir work/zone/dungeon/monkey_dungeon/20050218/monkey_dungeon02.mdatr	d:/ymir work/zone/dungeon/monkey_dungeon/20050218/monkey_dungeon02.mdatr	0
Zone/ymir work/zone/dungeon/monkey_dungeon/monkey03_dungeon03_objlm.dds	d:/ymir work/zone/dungeon/monkey_dungeon/monkey03_dungeon03_objlm.dds	1
Zone/ymir work/zone/dungeon/monkey_dungeon/20050218/monkey_dungeon03_01.dds	d:/ymir work/zone/dungeon/monkey_dungeon/20050218/monkey_dungeon03_01.dds	1
Zone/ymir work/zone/dungeon/monkey_dungeon/20050218/monkey_dungeon03_01lm.dds	d:/ymir work/zone/dungeon/monkey_dungeon/20050218/monkey_dungeon03_01lm.dds	1
Zone/ymir work/zone/dungeon/monkey_dungeon/20050218/monkey_dungeon03_02.dds	d:/ymir work/zone/dungeon/monkey_dungeon/20050218/monkey_dungeon03_02.dds	1
Zone/ymir work/zone/n/obj/snow.m/snow-middledam-02_lod_01.gr2	d:/ymir work/zone/n/obj/snow.m/snow-middledam-02_lod_01.gr2	0
Zone/ymir work/zone/dungeon/monkey_dungeon/20050218/monkey_dungeon03_02lm.dds	d:/ymir work/zone/dungeon/monkey_dungeon/20050218/monkey_dungeon03_02lm.dds	1
Zone/ymir work/zone/dungeon/monkey_dungeon/20050218/monkey_dungeon03_04lm.dds	d:/ymir work/zone/dungeon/monkey_dungeon/20050218/monkey_dungeon03_04lm.dds	1
Zone/ymir work/zone/dungeon/monkey_dungeon/monkey01_dungeon03_obj_plb.dds	d:/ymir work/zone/dungeon/monkey_dungeon/monkey01_dungeon03_obj_plb.dds	1
Zone/ymir work/zone/dungeon/monkey_dungeon/20050218/monkey_dungeon03_bottomlm.dds	d:/ymir work/zone/dungeon/monkey_dungeon/20050218/monkey_dungeon03_bottomlm.dds	1
Zone/ymir work/zone/dungeon/monkey_dungeon/20050218/monkey_dungeon03_obj_prt.dds	d:/ymir work/zone/dungeon/monkey_dungeon/20050218/monkey_dungeon03_obj_prt.dds	1
Zone/ymir work/zone/dungeon/monkey_dungeon/20050218/monkey_dungeon03_dome01.dds	d:/ymir work/zone/dungeon/monkey_dungeon/20050218/monkey_dungeon03_dome01.dds	1
Zone/ymir work/zone/ghost/c1-009-hotel01_01.dds	d:/ymir work/zone/ghost/c1-009-hotel01_01.dds	1
Zone/ymir work/zone/n/obj/snow.m/general_obj_fence04_lod_01.gr2	d:/ymir work/zone/n/obj/snow.m/general_obj_fence04_lod_01.gr2	0
Zone/ymir work/zone/dungeon/monkey_dungeon/20050218/monkey_dungeon03_dome03.dds	d:/ymir work/zone/dungeon/monkey_dungeon/20050218/monkey_dungeon03_dome03.dds	1
Zone/ymir work/zone/n/obj/snow.m/snow-bigdam-03.gr2	d:/ymir work/zone/n/obj/snow.m/snow-bigdam-03.gr2	0
Zone/ymir work/zone/dungeon/monkey_dungeon/20050218/monkey_dungeon03_dome04.dds	d:/ymir work/zone/dungeon/monkey_dungeon/20050218/monkey_dungeon03_dome04.dds	1
Zone/ymir work/zone/ghost/obj/obj-0010_01.mdatr	d:/ymir work/zone/ghost/obj/obj-0010_01.mdatr	0
Zone/ymir work/zone/dungeon/monkey_dungeon/20050218/monkey_dungeon03_obj_bottoma.dds	d:/ymir work/zone/dungeon/monkey_dungeon/20050218/monkey_dungeon03_obj_bottoma.dds	1
Zone/ymir work/zone/ghost/c1-007-itemshop_02.gr2	d:/ymir work/zone/ghost/c1-007-itemshop_02.gr2	0
Zone/ymir work/zone/dungeon/monkey_dungeon/20050218/monkey_dungeon03_obj_plt.dds	d:/ymir work/zone/dungeon/monkey_dungeon/20050218/monkey_dungeon03_obj_plt.dds	1
Zone/ymir work/zone/dungeon/monkey_dungeon/20050218/monkey_dungeon03_obj_prb.dds	d:/ymir work/zone/dungeon/monkey_dungeon/20050218/monkey_dungeon03_obj_prb.dds	1
Zone/ymir work/zone/dungeon/monkey_dungeon/20050218/monkey_dungeon03_obj_ta.dds	d:/ymir work/zone/dungeon/monkey_dungeon/20050218/monkey_dungeon03_obj_ta.dds	1
Zone/ymir work/zone/dungeon/monkey_dungeon/20050218/monkey_dungeon03_obj_tablea.dds	d:/ymir work/zone/dungeon/monkey_dungeon/20050218/monkey_dungeon03_obj_tablea.dds	1
Zone/ymir work/zone/dungeon/monkey_dungeon/20050218/monkey_dungeon03_sidelm.dds	d:/ymir work/zone/dungeon/monkey_dungeon/20050218/monkey_dungeon03_sidelm.dds	1
Zone/ymir work/zone/n/obj/snow.m/general_obj_stone19_lod_01.gr2	d:/ymir work/zone/n/obj/snow.m/general_obj_stone19_lod_01.gr2	0
Zone/ymir work/zone/dungeon/monkey_dungeon/20050218/monkey_dungeon_cave01.mdatr	d:/ymir work/zone/dungeon/monkey_dungeon/20050218/monkey_dungeon_cave01.mdatr	0
Zone/ymir work/zone/n/desert/desert-bigstone03.mdatr	d:/ymir work/zone/n/desert/desert-bigstone03.mdatr	0
Zone/ymir work/zone/dungeon/monkey_dungeon/20050218/monkey_dungeon_cave02.mdatr	d:/ymir work/zone/dungeon/monkey_dungeon/20050218/monkey_dungeon_cave02.mdatr	0
Zone/ymir work/zone/dungeon/monkey_dungeon/20050218/monkey_dungeon_cave03.gr2	d:/ymir work/zone/dungeon/monkey_dungeon/20050218/monkey_dungeon_cave03.gr2	0
Zone/ymir work/zone/dungeon/monkey_dungeon/20050218/monkey_dungeon_cave_01.dds	d:/ymir work/zone/dungeon/monkey_dungeon/20050218/monkey_dungeon_cave_01.dds	1
Zone/ymir work/zone/dungeon/monkey_dungeon/monkey01_dungeon03_03lm.dds	d:/ymir work/zone/dungeon/monkey_dungeon/monkey01_dungeon03_03lm.dds	1
Zone/ymir work/zone/dungeon/monkey_dungeon/monkey01_dungeon03_04lm.dds	d:/ymir work/zone/dungeon/monkey_dungeon/monkey01_dungeon03_04lm.dds	1
Zone/ymir work/zone/dungeon/monkey_dungeon/monkey01_dungeon03_bottomlm.dds	d:/ymir work/zone/dungeon/monkey_dungeon/monkey01_dungeon03_bottomlm.dds	1
Zone/ymir work/zone/dungeon/monkey_dungeon/monkey01_dungeon03_boxlm.dds	d:/ymir work/zone/dungeon/monkey_dungeon/monkey01_dungeon03_boxlm.dds	1
Zone/ymir work/zone/dungeon/monkey_dungeon/monkey01_dungeon03_chairlm.dds	d:/ymir work/zone/dungeon/monkey_dungeon/monkey01_dungeon03_chairlm.dds	1
Zone/ymir work/zone/dungeon/monkey_dungeon/monkey01_dungeon03_obj_ta.dds	d:/ymir work/zone/dungeon/monkey_dungeon/monkey01_dungeon03_obj_ta.dds	1
Zone/ymir work/zone/dungeon/monkey_dungeon/monkey02_dungeon02.gr2	d:/ymir work/zone/dungeon/monkey_dungeon/monkey02_dungeon02.gr2	0
Zone/ymir work/zone/dungeon/monkey_dungeon/monkey02_dungeon02.mdatr	d:/ymir work/zone/dungeon/monkey_dungeon/monkey02_dungeon02.mdatr	0
Zone/ymir work/zone/n/obj/map_n_desert_01/general_obj_stonedoor.mdatr	d:/ymir work/zone/n/obj/map_n_desert_01/general_obj_stonedoor.mdatr	0
Zone/ymir work/zone/n/desert/desert-032-shamanhouse-2.dds	d:/ymir work/zone/n/desert/desert-032-shamanhouse-2.dds	1
Zone/ymir work/zone/n/obj/map_n_desert_01/general_obj_stoneimage02.gr2	d:/ymir work/zone/n/obj/map_n_desert_01/general_obj_stoneimage02.gr2	0
Zone/ymir work/zone/dungeon/monkey_dungeon/monkey02_dungeon_cave01.gr2	d:/ymir work/zone/dungeon/monkey_dungeon/monkey02_dungeon_cave01.gr2	0
Zone/ymir work/zone/n/obj/map_n_desert_01/ob-bigstone03.mdatr	d:/ymir work/zone/n/obj/map_n_desert_01/ob-bigstone03.mdatr	0
Zone/ymir work/zone/dungeon/monkey_dungeon/monkey02_dungeon_cave02.gr2	d:/ymir work/zone/dungeon/monkey_dungeon/monkey02_dungeon_cave02.gr2	0
Zone/ymir work/zone/n/obj/snow.m/snow_brazier-lod-01.gr2	d:/ymir work/zone/n/obj/snow.m/snow_brazier-lod-01.gr2	0
Zone/ymir work/zone/dungeon/monkey_dungeon/monkey02_dungeon_cave03.gr2	d:/ymir work/zone/dungeon/monkey_dungeon/monkey02_dungeon_cave03.gr2	0
Zone/ymir work/zone/n/obj/snow.m/snow_tower01_02.gr2	d:/ymir work/zone/n/obj/snow.m/snow_tower01_02.gr2	0
Zone/ymir work/zone/n/obj/snow.m/general_obj_stone14.gr2	d:/ymir work/zone/n/obj/snow.m/general_obj_stone14.gr2	0
Zone/ymir work/zone/n/obj/map_n_desert_01/general_obj_carriage.gr2	d:/ymir work/zone/n/obj/map_n_desert_01/general_obj_carriage.gr2	0
Zone/ymir work/zone/dungeon/monkey_dungeon/monkey02_dungeon_cave04.gr2	d:/ymir work/zone/dungeon/monkey_dungeon/monkey02_dungeon_cave04.gr2	0
Zone/ymir work/zone/n/desert/desert_4fbuilding.gr2	d:/ymir work/zone/n/desert/desert_4fbuilding.gr2	0
Zone/ymir work/zone/dungeon/monkey_dungeon/monkey03_dungeon01.gr2	d:/ymir work/zone/dungeon/monkey_dungeon/monkey03_dungeon01.gr2	0
Zone/ymir work/zone/ghost/c1-033-guesthouse-01_01.mdatr	d:/ymir work/zone/ghost/c1-033-guesthouse-01_01.mdatr	0
Zone/ymir work/zone/n/obj/snow.m/snow-033-guesthouse-02.prb	d:/ymir work/zone/n/obj/snow.m/snow-033-guesthouse-02.prb	0
Zone/ymir work/zone/ghost/c1-038-wall-door_01.gr2	d:/ymir work/zone/ghost/c1-038-wall-door_01.gr2	0
Zone/ymir work/zone/dungeon/monkey_dungeon/monkey03_dungeon01.mdatr	d:/ymir work/zone/dungeon/monkey_dungeon/monkey03_dungeon01.mdatr	0
Zone/ymir work/zone/dungeon/monkey_dungeon/monkey03_dungeon02.mdatr	d:/ymir work/zone/dungeon/monkey_dungeon/monkey03_dungeon02.mdatr	0
Zone/ymir work/zone/n/desert/desert-bigstone04.mdatr	d:/ymir work/zone/n/desert/desert-bigstone04.mdatr	0
Zone/ymir work/zone/dungeon/monkey_dungeon/monkey03_dungeon03_03lm.dds	d:/ymir work/zone/dungeon/monkey_dungeon/monkey03_dungeon03_03lm.dds	1
Zone/ymir work/zone/ghost/c1-009-hotel03_03.dds	d:/ymir work/zone/ghost/c1-009-hotel03_03.dds	1
Zone/ymir work/zone/dungeon/monkey_dungeon/monkey03_dungeon03_boxlm.dds	d:/ymir work/zone/dungeon/monkey_dungeon/monkey03_dungeon03_boxlm.dds	1
Zone/ymir work/zone/n/obj/map_n_desert_01/general_obj_bigtoewr04.gr2	d:/ymir work/zone/n/obj/map_n_desert_01/general_obj_bigtoewr04.gr2	0
Zone/ymir work/zone/dungeon/monkey_dungeon/monkey03_dungeon03_bridgelm.dds	d:/ymir work/zone/dungeon/monkey_dungeon/monkey03_dungeon03_bridgelm.dds	1
Zone/ymir work/zone/n/obj/map_n_desert_01/general_obj_bigtoewr10.gr2	d:/ymir work/zone/n/obj/map_n_desert_01/general_obj_bigtoewr10.gr2	0
Zone/ymir work/zone/dungeon/monkey_dungeon/monkey03_dungeon03_censerlm.dds	d:/ymir work/zone/dungeon/monkey_dungeon/monkey03_dungeon03_censerlm.dds	1
Zone/ymir work/zone/dungeon/monkey_dungeon/monkey03_dungeon03_chairlm.dds	d:/ymir work/zone/dungeon/monkey_dungeon/monkey03_dungeon03_chairlm.dds	1
Zone/ymir work/zone/dungeon/spider_dungeon/spider_dungeon04lightingmap.tga	d:/ymir work/zone/dungeon/spider_dungeon/spider_dungeon04lightingmap.tga	1
Zone/ymir work/zone/dungeon/monkey_dungeon/monkey03_dungeon03_obj_bottoma.dds	d:/ymir work/zone/dungeon/monkey_dungeon/monkey03_dungeon03_obj_bottoma.dds	1
Zone/ymir work/zone/dungeon/monkey_dungeon/monkey03_dungeon03_obj_plb.dds	d:/ymir work/zone/dungeon/monkey_dungeon/monkey03_dungeon03_obj_plb.dds	1
Zone/ymir work/zone/ghost/c1-010-bank-04_04.dds	d:/ymir work/zone/ghost/c1-010-bank-04_04.dds	1
Zone/ymir work/zone/n/obj/map_n_desert_01/general_obj_bigtoewr03.gr2	d:/ymir work/zone/n/obj/map_n_desert_01/general_obj_bigtoewr03.gr2	0
Zone/ymir work/zone/n/desert/cactus_02.mdatr	d:/ymir work/zone/n/desert/cactus_02.mdatr	0
Zone/ymir work/zone/n/obj/map_n_desert_01/general_obj_bigtower01.dds	d:/ymir work/zone/n/obj/map_n_desert_01/general_obj_bigtower01.dds	1
Zone/ymir work/zone/dungeon/monkey_dungeon/monkey03_dungeon03_obj_prt.dds	d:/ymir work/zone/dungeon/monkey_dungeon/monkey03_dungeon03_obj_prt.dds	1
Zone/ymir work/zone/dungeon/monkey_dungeon/monkey03_dungeon03_obj_ta.dds	d:/ymir work/zone/dungeon/monkey_dungeon/monkey03_dungeon03_obj_ta.dds	1
Zone/ymir work/zone/dungeon/monkey_dungeon/monkey03_dungeon03_stonelionlm.dds	d:/ymir work/zone/dungeon/monkey_dungeon/monkey03_dungeon03_stonelionlm.dds	1
Zone/ymir work/zone/n/obj/snow.m/snow-middledam-01.dds	d:/ymir work/zone/n/obj/snow.m/snow-middledam-01.dds	1
Zone/ymir work/zone/dungeon/monkey_dungeon/monkey03_dungeon_cave02.gr2	d:/ymir work/zone/dungeon/monkey_dungeon/monkey03_dungeon_cave02.gr2	0
Zone/ymir work/zone/dungeon/monkey_dungeon/monkey03_dungeon_cave03.gr2	d:/ymir work/zone/dungeon/monkey_dungeon/monkey03_dungeon_cave03.gr2	0
Zone/ymir work/zone/ghost/obj/obj-0003_01.mdatr	d:/ymir work/zone/ghost/obj/obj-0003_01.mdatr	0
Zone/ymir work/zone/dungeon/monkey_dungeon/monkey03_dungeon_cave03.mdatr	d:/ymir work/zone/dungeon/monkey_dungeon/monkey03_dungeon_cave03.mdatr	0
Zone/ymir work/zone/dungeon/monkey_dungeon/monkey03_dungeon_cave04.mdatr	d:/ymir work/zone/dungeon/monkey_dungeon/monkey03_dungeon_cave04.mdatr	0
Zone/ymir work/zone/dungeon/monkey_dungeon/monkey_dungeon01.mdatr	d:/ymir work/zone/dungeon/monkey_dungeon/monkey_dungeon01.mdatr	0
Zone/ymir work/zone/n/obj/snow.m/obj-0010jomyoung-all.dds	d:/ymir work/zone/n/obj/snow.m/obj-0010jomyoung-all.dds	1
Zone/ymir work/zone/dungeon/monkey_dungeon/monkey_dungeon01_03.dds	d:/ymir work/zone/dungeon/monkey_dungeon/monkey_dungeon01_03.dds	1
Zone/ymir work/zone/dungeon/monkey_dungeon/monkey_dungeon01_04.dds	d:/ymir work/zone/dungeon/monkey_dungeon/monkey_dungeon01_04.dds	1
Zone/ymir work/zone/dungeon/monkey_dungeon/monkey_dungeon02.gr2	d:/ymir work/zone/dungeon/monkey_dungeon/monkey_dungeon02.gr2	0
Zone/ymir work/zone/dungeon/monkey_dungeon/monkey_dungeon03_01.dds	d:/ymir work/zone/dungeon/monkey_dungeon/monkey_dungeon03_01.dds	1
Zone/ymir work/zone/dungeon/resources_picking_zon/vssver.scc	d:/ymir work/zone/dungeon/resources_picking_zon/vssver.scc	0
Zone/ymir work/zone/n/obj/snow.m/snow-middledam-04.prb	d:/ymir work/zone/n/obj/snow.m/snow-middledam-04.prb	0
Zone/ymir work/zone/n/obj/snow.m/nsm-018-stonelight_lod_01.gr2	d:/ymir work/zone/n/obj/snow.m/nsm-018-stonelight_lod_01.gr2	0
Zone/ymir work/zone/dungeon/monkey_dungeon/monkey_dungeon03_03lm.dds	d:/ymir work/zone/dungeon/monkey_dungeon/monkey_dungeon03_03lm.dds	1
Zone/ymir work/zone/dungeon/monkey_dungeon/monkey_dungeon03_04lm.dds	d:/ymir work/zone/dungeon/monkey_dungeon/monkey_dungeon03_04lm.dds	1
Zone/ymir work/zone/dungeon/monkey_dungeon/monkey_dungeon03_bottomlm.dds	d:/ymir work/zone/dungeon/monkey_dungeon/monkey_dungeon03_bottomlm.dds	1
Zone/ymir work/zone/n/desert/desert-castle02-02.dds	d:/ymir work/zone/n/desert/desert-castle02-02.dds	1
Zone/ymir work/zone/dungeon/monkey_dungeon/monkey_dungeon03_boxlm.dds	d:/ymir work/zone/dungeon/monkey_dungeon/monkey_dungeon03_boxlm.dds	1
Zone/ymir work/zone/dungeon/monkey_dungeon/monkey_dungeon03_censerlm.dds	d:/ymir work/zone/dungeon/monkey_dungeon/monkey_dungeon03_censerlm.dds	1
Zone/ymir work/zone/n/obj/snow.m/snow-middledam-01.mdatr	d:/ymir work/zone/n/obj/snow.m/snow-middledam-01.mdatr	0
Zone/ymir work/zone/dungeon/monkey_dungeon/monkey_dungeon03_dome01.dds	d:/ymir work/zone/dungeon/monkey_dungeon/monkey_dungeon03_dome01.dds	1
Zone/ymir work/zone/dungeon/monkey_dungeon/monkey_dungeon03_dome03.dds	d:/ymir work/zone/dungeon/monkey_dungeon/monkey_dungeon03_dome03.dds	1
Zone/ymir work/zone/dungeon/monkey_dungeon/monkey_dungeon03_dome04.dds	d:/ymir work/zone/dungeon/monkey_dungeon/monkey_dungeon03_dome04.dds	1
Zone/ymir work/zone/dungeon/monkey_dungeon/monkey_dungeon03_dome05.dds	d:/ymir work/zone/dungeon/monkey_dungeon/monkey_dungeon03_dome05.dds	1
Zone/ymir work/zone/ghost/c1-008-house5-3_03.dds	d:/ymir work/zone/ghost/c1-008-house5-3_03.dds	1
Zone/ymir work/zone/n/desert/desert_4fbuilding_05.dds	d:/ymir work/zone/n/desert/desert_4fbuilding_05.dds	1
Zone/ymir work/zone/dungeon/monkey_dungeon/monkey_dungeon03_obj_prt.dds	d:/ymir work/zone/dungeon/monkey_dungeon/monkey_dungeon03_obj_prt.dds	1
Zone/ymir work/zone/n/obj/snow.m/snow-009-hotel01.dds	d:/ymir work/zone/n/obj/snow.m/snow-009-hotel01.dds	1
Zone/ymir work/zone/dungeon/monkey_dungeon/monkey_dungeon03_obj_ta.dds	d:/ymir work/zone/dungeon/monkey_dungeon/monkey_dungeon03_obj_ta.dds	1
Zone/ymir work/zone/n/obj/map_n_desert_01/b_general_obj_05.gr2	d:/ymir work/zone/n/obj/map_n_desert_01/b_general_obj_05.gr2	0
Zone/ymir work/zone/dungeon/monkey_dungeon/monkey_dungeon03_sidelm.dds	d:/ymir work/zone/dungeon/monkey_dungeon/monkey_dungeon03_sidelm.dds	1
Zone/ymir work/zone/dungeon/monkey_dungeon/monkey_dungeon03_stonelionlm.dds	d:/ymir work/zone/dungeon/monkey_dungeon/monkey_dungeon03_stonelionlm.dds	1
Zone/ymir work/zone/dungeon/monkey_dungeon/monkey_dungeon03_tableboxlm.dds	d:/ymir work/zone/dungeon/monkey_dungeon/monkey_dungeon03_tableboxlm.dds	1
Zone/ymir work/zone/dungeon/monkey_dungeon/monkey_dungeon_cave01.gr2	d:/ymir work/zone/dungeon/monkey_dungeon/monkey_dungeon_cave01.gr2	0
Zone/ymir work/zone/dungeon/monkey_dungeon/monkey_dungeon_cave01.mdatr	d:/ymir work/zone/dungeon/monkey_dungeon/monkey_dungeon_cave01.mdatr	0
Zone/ymir work/zone/n/desert/desert-bigstone01_lod_01.gr2	d:/ymir work/zone/n/desert/desert-bigstone01_lod_01.gr2	0
Zone/ymir work/zone/dungeon/monkey_dungeon/monkey_dungeon_cave03.mdatr	d:/ymir work/zone/dungeon/monkey_dungeon/monkey_dungeon_cave03.mdatr	0
Zone/ymir work/zone/dungeon/monkey_dungeon/monkey_dungeon_cave04.gr2	d:/ymir work/zone/dungeon/monkey_dungeon/monkey_dungeon_cave04.gr2	0
Zone/ymir work/zone/dungeon/monkey_dungeon/monkey_dungeon_cave04.mdatr	d:/ymir work/zone/dungeon/monkey_dungeon/monkey_dungeon_cave04.mdatr	0
Zone/ymir work/zone/n/obj/map_n_desert_01/general_obj_bigtoewr01.gr2	d:/ymir work/zone/n/obj/map_n_desert_01/general_obj_bigtoewr01.gr2	0
Zone/ymir work/zone/dungeon/old_resources picking zon/kimtest.gr2	d:/ymir work/zone/dungeon/old_resources picking zon/kimtest.gr2	0
Zone/ymir work/zone/dungeon/old_resources picking zon/mushroom01.gr2	d:/ymir work/zone/dungeon/old_resources picking zon/mushroom01.gr2	0
Zone/ymir work/zone/dungeon/old_resources picking zon/mushroom02.gr2	d:/ymir work/zone/dungeon/old_resources picking zon/mushroom02.gr2	0
Zone/ymir work/zone/n/obj/snow.m/nsm-general_obj_01_4.gr2	d:/ymir work/zone/n/obj/snow.m/nsm-general_obj_01_4.gr2	0
Zone/ymir work/zone/dungeon/old_resources picking zon/mushroom03.mdatr	d:/ymir work/zone/dungeon/old_resources picking zon/mushroom03.mdatr	0
Zone/ymir work/zone/dungeon/old_resources picking zon/mushroom04.gr2	d:/ymir work/zone/dungeon/old_resources picking zon/mushroom04.gr2	0
Zone/ymir work/zone/dungeon/old_resources picking zon/resources_picking_ground.gr2	d:/ymir work/zone/dungeon/old_resources picking zon/resources_picking_ground.gr2	0
Zone/ymir work/zone/n/desert/desert-032-shamanhouse-1.dds	d:/ymir work/zone/n/desert/desert-032-shamanhouse-1.dds	1
Zone/ymir work/zone/dungeon/old_resources picking zon/resources_picking_ground.mdatr	d:/ymir work/zone/dungeon/old_resources picking zon/resources_picking_ground.mdatr	0
Zone/ymir work/zone/dungeon/old_resources picking zon/resources_picking_wall.gr2	d:/ymir work/zone/dungeon/old_resources picking zon/resources_picking_wall.gr2	0
Zone/ymir work/zone/ghost/obj/b_general_obj_06_01.mdatr	d:/ymir work/zone/ghost/obj/b_general_obj_06_01.mdatr	0
Zone/ymir work/zone/dungeon/old_resources picking zon/resources_picking_wall_01.dds	d:/ymir work/zone/dungeon/old_resources picking zon/resources_picking_wall_01.dds	1
Zone/ymir work/zone/ghost/obj/general_obj_carriage_01.dds	d:/ymir work/zone/ghost/obj/general_obj_carriage_01.dds	1
Zone/ymir work/zone/n/obj/map_n_desert_01/b_general_obj_04.mdatr	d:/ymir work/zone/n/obj/map_n_desert_01/b_general_obj_04.mdatr	0
Zone/ymir work/zone/dungeon/resources_picking_zon/huge_mushroomlight.tga	d:/ymir work/zone/dungeon/resources_picking_zon/huge_mushroomlight.tga	1
Zone/ymir work/zone/n/milgyo/milgyo_building03.gr2	d:/ymir work/zone/n/milgyo/milgyo_building03.gr2	0
Zone/ymir work/zone/dungeon/resources_picking_zon/kimtest.gr2	d:/ymir work/zone/dungeon/resources_picking_zon/kimtest.gr2	0
Zone/ymir work/zone/dungeon/resources_picking_zon/mushroom01.mdatr	d:/ymir work/zone/dungeon/resources_picking_zon/mushroom01.mdatr	0
Zone/ymir work/zone/dungeon/resources_picking_zon/mushroom02.gr2	d:/ymir work/zone/dungeon/resources_picking_zon/mushroom02.gr2	0
Zone/ymir work/zone/ghost/obj/general_obj_fence03_01.gr2	d:/ymir work/zone/ghost/obj/general_obj_fence03_01.gr2	0
Zone/ymir work/zone/n/obj/snow.m/snow_tower01.prb	d:/ymir work/zone/n/obj/snow.m/snow_tower01.prb	0
Zone/ymir work/zone/dungeon/resources_picking_zon/mushroom02.mdatr	d:/ymir work/zone/dungeon/resources_picking_zon/mushroom02.mdatr	0
Zone/ymir work/zone/dungeon/resources_picking_zon/mushroom04.gr2	d:/ymir work/zone/dungeon/resources_picking_zon/mushroom04.gr2	0
Zone/ymir work/zone/dungeon/resources_picking_zon/resources_picking_all.gr2	d:/ymir work/zone/dungeon/resources_picking_zon/resources_picking_all.gr2	0
Zone/ymir work/zone/n/obj/map_n_flame_01/general_obj_bigtower06.gr2	d:/ymir work/zone/n/obj/map_n_flame_01/general_obj_bigtower06.gr2	0
Zone/ymir work/zone/dungeon/resources_picking_zon/resources_picking_all.mdatr	d:/ymir work/zone/dungeon/resources_picking_zon/resources_picking_all.mdatr	0
Zone/ymir work/zone/dungeon/resources_picking_zon/resources_picking_groundlightingmap.tga	d:/ymir work/zone/dungeon/resources_picking_zon/resources_picking_groundlightingmap.tga	1
Zone/ymir work/zone/dungeon/resources_picking_zon/resources_picking_ground_01.dds	d:/ymir work/zone/dungeon/resources_picking_zon/resources_picking_ground_01.dds	1
Zone/ymir work/zone/dungeon/resources_picking_zon/resources_picking_wall.gr2	d:/ymir work/zone/dungeon/resources_picking_zon/resources_picking_wall.gr2	0
Zone/ymir work/zone/dungeon/resources_picking_zon/resources_picking_walllightingmap.tga	d:/ymir work/zone/dungeon/resources_picking_zon/resources_picking_walllightingmap.tga	1
Zone/ymir work/zone/dungeon/resources_picking_zon/resources_picking_wall_01.dds	d:/ymir work/zone/dungeon/resources_picking_zon/resources_picking_wall_01.dds	1
Zone/ymir work/zone/dungeon/spider_dungeon/spider_dungeon01.gr2	d:/ymir work/zone/dungeon/spider_dungeon/spider_dungeon01.gr2	0
Zone/ymir work/zone/ghost/obj/obj-0003_01.gr2	d:/ymir work/zone/ghost/obj/obj-0003_01.gr2	0
Zone/ymir work/zone/dungeon/spider_dungeon/spider_dungeon01.mdatr	d:/ymir work/zone/dungeon/spider_dungeon/spider_dungeon01.mdatr	0
Zone/ymir work/zone/dungeon/spider_dungeon/spider_dungeon01lightingmap.tga	d:/ymir work/zone/dungeon/spider_dungeon/spider_dungeon01lightingmap.tga	1
Zone/ymir work/zone/dungeon/spider_dungeon/spider_dungeon02.mdatr	d:/ymir work/zone/dungeon/spider_dungeon/spider_dungeon02.mdatr	0
Zone/ymir work/zone/n/obj/snow.m/warpgate02.gr2	d:/ymir work/zone/n/obj/snow.m/warpgate02.gr2	0
Zone/ymir work/zone/dungeon/spider_dungeon/spider_dungeon02lightingmap.dds	d:/ymir work/zone/dungeon/spider_dungeon/spider_dungeon02lightingmap.dds	1
Zone/ymir work/zone/dungeon/spider_dungeon/spider_dungeon02lightingmap.tga	d:/ymir work/zone/dungeon/spider_dungeon/spider_dungeon02lightingmap.tga	1
Zone/ymir work/zone/dungeon/spider_dungeon/spider_dungeon03.gr2	d:/ymir work/zone/dungeon/spider_dungeon/spider_dungeon03.gr2	0
Zone/ymir work/zone/dungeon/spider_dungeon/spider_dungeon03.mdatr	d:/ymir work/zone/dungeon/spider_dungeon/spider_dungeon03.mdatr	0
Zone/ymir work/zone/dungeon/spider_dungeon/spider_dungeon04.mdatr	d:/ymir work/zone/dungeon/spider_dungeon/spider_dungeon04.mdatr	0
Zone/ymir work/zone/ghost/a_house_01.dds	d:/ymir work/zone/ghost/a_house_01.dds	1
Zone/ymir work/zone/dungeon/spider_dungeon/spider_dungeon06.gr2	d:/ymir work/zone/dungeon/spider_dungeon/spider_dungeon06.gr2	0
Zone/ymir work/zone/dungeon/spider_dungeon/spider_dungeon07.mdatr	d:/ymir work/zone/dungeon/spider_dungeon/spider_dungeon07.mdatr	0
Zone/ymir work/zone/n/desert/desert-bigstone03.gr2	d:/ymir work/zone/n/desert/desert-bigstone03.gr2	0
Zone/ymir work/zone/n/obj/map_n_desert_01/general_obj_tent01.mdatr	d:/ymir work/zone/n/obj/map_n_desert_01/general_obj_tent01.mdatr	0
Zone/ymir work/zone/dungeon/spider_dungeon/spider_dungeongate_up.gr2	d:/ymir work/zone/dungeon/spider_dungeon/spider_dungeongate_up.gr2	0
Zone/ymir work/zone/n/obj/snow.m/nsm-001-house3.dds	d:/ymir work/zone/n/obj/snow.m/nsm-001-house3.dds	1
Zone/ymir work/zone/dungeon/spider_dungeon/spider_dungeongate_up01.dds	d:/ymir work/zone/dungeon/spider_dungeon/spider_dungeongate_up01.dds	1
Zone/ymir work/zone/dungeon/spider_dungeon/spider_dungeonlightingmap.dds	d:/ymir work/zone/dungeon/spider_dungeon/spider_dungeonlightingmap.dds	1
Zone/ymir work/zone/dungeon/spider_dungeon/spider_dungeonlightingmap.tga	d:/ymir work/zone/dungeon/spider_dungeon/spider_dungeonlightingmap.tga	1
Zone/ymir work/zone/n/obj/map_n_flame_01/general_obj_bigtower06.mdatr	d:/ymir work/zone/n/obj/map_n_flame_01/general_obj_bigtower06.mdatr	0
Zone/ymir work/zone/dungeon/spider_dungeon/spider_dungeon_01.dds	d:/ymir work/zone/dungeon/spider_dungeon/spider_dungeon_01.dds	1
Zone/ymir work/zone/dungeon/spider_dungeon/spider_dungeon_01.gr2	d:/ymir work/zone/dungeon/spider_dungeon/spider_dungeon_01.gr2	0
Zone/ymir work/zone/n/obj/map_n_desert_01/general_obj_fence01.mdatr	d:/ymir work/zone/n/obj/map_n_desert_01/general_obj_fence01.mdatr	0
Zone/ymir work/zone/ghost/c1-038-wall_02.dds	d:/ymir work/zone/ghost/c1-038-wall_02.dds	1
Zone/ymir work/zone/dungeon/spider_dungeon/spider_dungeon_02.dds	d:/ymir work/zone/dungeon/spider_dungeon/spider_dungeon_02.dds	1
Zone/ymir work/zone/n/obj/snow.m/snow_tower01_01.mdatr	d:/ymir work/zone/n/obj/snow.m/snow_tower01_01.mdatr	0
Zone/ymir work/zone/dungeon/spider_dungeon/spider_dungeon_boss02.gr2	d:/ymir work/zone/dungeon/spider_dungeon/spider_dungeon_boss02.gr2	0
Zone/ymir work/zone/dungeon/spider_dungeon/spider_dungeon_gate.dds	d:/ymir work/zone/dungeon/spider_dungeon/spider_dungeon_gate.dds	1
Zone/ymir work/zone/dungeon/spider_dungeon/thumbs.db	d:/ymir work/zone/dungeon/spider_dungeon/thumbs.db	0
Zone/ymir work/zone/dungeon/thief_dungeon/vssver.scc	d:/ymir work/zone/dungeon/thief_dungeon/vssver.scc	0
Zone/ymir work/zone/ghost/b1-001-house3_01_01.mdatr	d:/ymir work/zone/ghost/b1-001-house3_01_01.mdatr	0
Zone/ymir work/zone/ghost/b1-007-itemshop-02_02.dds	d:/ymir work/zone/ghost/b1-007-itemshop-02_02.dds	1
Zone/ymir work/zone/n/obj/snow.m/general_obj_bigstonegate01.gr2	d:/ymir work/zone/n/obj/snow.m/general_obj_bigstonegate01.gr2	0
Zone/ymir work/zone/ghost/c1-004-house2_02_01.gr2	d:/ymir work/zone/ghost/c1-004-house2_02_01.gr2	0
Zone/ymir work/zone/ghost/c1-007-itemshop_01_02.mdatr	d:/ymir work/zone/ghost/c1-007-itemshop_01_02.mdatr	0
Zone/ymir work/zone/ghost/c1-009-hotel01.gr2	d:/ymir work/zone/ghost/c1-009-hotel01.gr2	0
Zone/ymir work/zone/ghost/c1-009-hotel02_02.dds	d:/ymir work/zone/ghost/c1-009-hotel02_02.dds	1
Zone/ymir work/zone/ghost/obj/general_obj_fence01_01.gr2	d:/ymir work/zone/ghost/obj/general_obj_fence01_01.gr2	0
Zone/ymir work/zone/ghost/c1-010-bank-03_03.dds	d:/ymir work/zone/ghost/c1-010-bank-03_03.dds	1
Zone/ymir work/zone/ghost/c1-010-bank_01.gr2	d:/ymir work/zone/ghost/c1-010-bank_01.gr2	0
Zone/ymir work/zone/ghost/c1-011-workhouse-01.gr2	d:/ymir work/zone/ghost/c1-011-workhouse-01.gr2	0
Zone/ymir work/zone/ghost/c1-011-workhouse-01.mdatr	d:/ymir work/zone/ghost/c1-011-workhouse-01.mdatr	0
Zone/ymir work/zone/ghost/c1-016-house9_01.mdatr	d:/ymir work/zone/ghost/c1-016-house9_01.mdatr	0
Zone/ymir work/zone/ghost/c1-032-shamanhouse-1_01.dds	d:/ymir work/zone/ghost/c1-032-shamanhouse-1_01.dds	1
Zone/ymir work/zone/ghost/c1-032-shamanhouse-2_02.dds	d:/ymir work/zone/ghost/c1-032-shamanhouse-2_02.dds	1
Zone/ymir work/zone/n/obj/map_n_desert_01/ob-bigstone02.mdatr	d:/ymir work/zone/n/obj/map_n_desert_01/ob-bigstone02.mdatr	0
Zone/ymir work/zone/ghost/c1-032-shamanhouse_01	d:/ymir work/zone/ghost/c1-032-shamanhouse_01	0
Zone/ymir work/zone/ghost/c1-032-shamanhouse_01.gr2	d:/ymir work/zone/ghost/c1-032-shamanhouse_01.gr2	0
Zone/ymir work/zone/n/desert/desert-002-inwall-02.dds	d:/ymir work/zone/n/desert/desert-002-inwall-02.dds	1
Zone/ymir work/zone/ghost/c1-032-shamanhouse_01.mdatr	d:/ymir work/zone/ghost/c1-032-shamanhouse_01.mdatr	0
Zone/ymir work/zone/ghost/c1-033-guesthouse-01_01.gr2	d:/ymir work/zone/ghost/c1-033-guesthouse-01_01.gr2	0
Zone/ymir work/zone/ghost/c1-034-stonedoor-01.mdatr	d:/ymir work/zone/ghost/c1-034-stonedoor-01.mdatr	0
Zone/ymir work/zone/ghost/c1-035-woodgate_01.dds	d:/ymir work/zone/ghost/c1-035-woodgate_01.dds	1
Zone/ymir work/zone/ghost/c1-035-woodgate_01.mdatr	d:/ymir work/zone/ghost/c1-035-woodgate_01.mdatr	0
Zone/ymir work/zone/ghost/c1-038-wall-corner_01.gr2	d:/ymir work/zone/ghost/c1-038-wall-corner_01.gr2	0
Zone/ymir work/zone/n/obj/snow.m/obj-0002-9.dds	d:/ymir work/zone/n/obj/snow.m/obj-0002-9.dds	1
Zone/ymir work/zone/ghost/c1-038-wall-corner_01.mdatr	d:/ymir work/zone/ghost/c1-038-wall-corner_01.mdatr	0
Zone/ymir work/zone/ghost/c1-038-wall-door_01.mdatr	d:/ymir work/zone/ghost/c1-038-wall-door_01.mdatr	0
Zone/ymir work/zone/ghost/c1-038-wall-lin_01.gr2	d:/ymir work/zone/ghost/c1-038-wall-lin_01.gr2	0
Zone/ymir work/zone/ghost/c1-038-wall_01.dds	d:/ymir work/zone/ghost/c1-038-wall_01.dds	1
Zone/ymir work/zone/ghost/c1-038-wall_01.mdatr	d:/ymir work/zone/ghost/c1-038-wall_01.mdatr	0
Zone/ymir work/zone/n/obj/map_n_desert_01/ob-bigstatue03.gr2	d:/ymir work/zone/n/obj/map_n_desert_01/ob-bigstatue03.gr2	0
Zone/ymir work/zone/ghost/c1_0004_house2_03.gr2	d:/ymir work/zone/ghost/c1_0004_house2_03.gr2	0
Zone/ymir work/zone/ghost/ob-10-01_01.mdatr	d:/ymir work/zone/ghost/ob-10-01_01.mdatr	0
Zone/ymir work/zone/n/desert/cactus_01.mdatr	d:/ymir work/zone/n/desert/cactus_01.mdatr	0
Zone/ymir work/zone/ghost/obj/a1_018-stonelight-1_01.gr2	d:/ymir work/zone/ghost/obj/a1_018-stonelight-1_01.gr2	0
Zone/ymir work/zone/ghost/obj/a1_018-stonelight-1_01.mdatr	d:/ymir work/zone/ghost/obj/a1_018-stonelight-1_01.mdatr	0
Zone/ymir work/zone/ghost/obj/a1_018-stonelight_01.gr2	d:/ymir work/zone/ghost/obj/a1_018-stonelight_01.gr2	0
Zone/ymir work/zone/ghost/obj/a_stonelight_01.dds	d:/ymir work/zone/ghost/obj/a_stonelight_01.dds	1
Zone/ymir work/zone/n/desert/desert_4fbuilding.mdatr	d:/ymir work/zone/n/desert/desert_4fbuilding.mdatr	0
Zone/ymir work/zone/ghost/obj/b1-001-house3_04_01.mdatr	d:/ymir work/zone/ghost/obj/b1-001-house3_04_01.mdatr	0
Zone/ymir work/zone/ghost/obj/b_general_obj_02_01.dds	d:/ymir work/zone/ghost/obj/b_general_obj_02_01.dds	1
Zone/ymir work/zone/ghost/obj/b_general_obj_02_01.mdatr	d:/ymir work/zone/ghost/obj/b_general_obj_02_01.mdatr	0
Zone/ymir work/zone/ghost/obj/b_general_obj_10_11_01.gr2	d:/ymir work/zone/ghost/obj/b_general_obj_10_11_01.gr2	0
Zone/ymir work/zone/ghost/obj/b_general_obj_10_12_01.gr2	d:/ymir work/zone/ghost/obj/b_general_obj_10_12_01.gr2	0
Zone/ymir work/zone/ghost/obj/b_general_obj_10_16_01.mdatr	d:/ymir work/zone/ghost/obj/b_general_obj_10_16_01.mdatr	0
Zone/ymir work/zone/n/obj/map_n_flame_01/general_obj_stonebox.dds	d:/ymir work/zone/n/obj/map_n_flame_01/general_obj_stonebox.dds	1
Zone/ymir work/zone/ghost/obj/b_general_obj_10_17_01.mdatr	d:/ymir work/zone/ghost/obj/b_general_obj_10_17_01.mdatr	0
Zone/ymir work/zone/ghost/obj/b_general_obj_10_1_01.gr2	d:/ymir work/zone/ghost/obj/b_general_obj_10_1_01.gr2	0
Zone/ymir work/zone/n/obj/snow.m/snow-035-woodgate.gr2	d:/ymir work/zone/n/obj/snow.m/snow-035-woodgate.gr2	0
Zone/ymir work/zone/n/obj/snow.m/general_obj_fence01.mdatr	d:/ymir work/zone/n/obj/snow.m/general_obj_fence01.mdatr	0
Zone/ymir work/zone/ghost/obj/b_general_obj_10_1_01.mdatr	d:/ymir work/zone/ghost/obj/b_general_obj_10_1_01.mdatr	0
Zone/ymir work/zone/ghost/obj/b_general_obj_17_01.gr2	d:/ymir work/zone/ghost/obj/b_general_obj_17_01.gr2	0
Zone/ymir work/zone/ghost/obj/ob-b1-001-box02_01.gr2	d:/ymir work/zone/ghost/obj/ob-b1-001-box02_01.gr2	0
Zone/ymir work/zone/ghost/obj/b_general_obj_21_01.gr2	d:/ymir work/zone/ghost/obj/b_general_obj_21_01.gr2	0
Zone/ymir work/zone/n/obj/snow.m/snow_4fbuilding_01.dds	d:/ymir work/zone/n/obj/snow.m/snow_4fbuilding_01.dds	1
Zone/ymir work/zone/ghost/obj/b_general_obj_21_01.mdatr	d:/ymir work/zone/ghost/obj/b_general_obj_21_01.mdatr	0
Zone/ymir work/zone/ghost/obj/b_general_obj_21_1_01.gr2	d:/ymir work/zone/ghost/obj/b_general_obj_21_1_01.gr2	0
Zone/ymir work/zone/ghost/obj/general_obj_bigtower12_01.mdatr	d:/ymir work/zone/ghost/obj/general_obj_bigtower12_01.mdatr	0
Zone/ymir work/zone/ghost/obj/b_general_obj_21_1_01.mdatr	d:/ymir work/zone/ghost/obj/b_general_obj_21_1_01.mdatr	0
Zone/ymir work/zone/ghost/obj/general_obj_bigtower01_01.gr2	d:/ymir work/zone/ghost/obj/general_obj_bigtower01_01.gr2	0
Zone/ymir work/zone/ghost/obj/general_obj_bigtower01_01.mdatr	d:/ymir work/zone/ghost/obj/general_obj_bigtower01_01.mdatr	0
Zone/ymir work/zone/ghost/obj/general_obj_lamp_01.gr2	d:/ymir work/zone/ghost/obj/general_obj_lamp_01.gr2	0
Zone/ymir work/zone/ghost/obj/general_obj_bigtower02_01.mdatr	d:/ymir work/zone/ghost/obj/general_obj_bigtower02_01.mdatr	0
Zone/ymir work/zone/n/obj/snow.m/snow-bigdam-06.gr2	d:/ymir work/zone/n/obj/snow.m/snow-bigdam-06.gr2	0
Zone/ymir work/zone/n/obj/snow.m/general_obj_bigstone07.mdatr	d:/ymir work/zone/n/obj/snow.m/general_obj_bigstone07.mdatr	0
Zone/ymir work/zone/ghost/obj/general_obj_bigtower03_01.gr2	d:/ymir work/zone/ghost/obj/general_obj_bigtower03_01.gr2	0
Zone/ymir work/zone/n/obj/snow.m/snow-middledam-01_lod_01.gr2	d:/ymir work/zone/n/obj/snow.m/snow-middledam-01_lod_01.gr2	0
Zone/ymir work/zone/ghost/obj/general_obj_bigtower04_01.mdatr	d:/ymir work/zone/ghost/obj/general_obj_bigtower04_01.mdatr	0
Zone/ymir work/zone/ghost/obj/general_obj_bigtower06_01.gr2	d:/ymir work/zone/ghost/obj/general_obj_bigtower06_01.gr2	0
Zone/ymir work/zone/n/obj/map_n_desert_01/ob-bigstatue01-01.dds	d:/ymir work/zone/n/obj/map_n_desert_01/ob-bigstatue01-01.dds	1
Zone/ymir work/zone/ghost/obj/general_obj_bigtower06_01.mdatr	d:/ymir work/zone/ghost/obj/general_obj_bigtower06_01.mdatr	0
Zone/ymir work/zone/ghost/obj/general_obj_bigtower07_01.gr2	d:/ymir work/zone/ghost/obj/general_obj_bigtower07_01.gr2	0
Zone/ymir work/zone/ghost/obj/general_obj_bigtower07_01.mdatr	d:/ymir work/zone/ghost/obj/general_obj_bigtower07_01.mdatr	0
Zone/ymir work/zone/ghost/obj/general_obj_bigtower08_01.mdatr	d:/ymir work/zone/ghost/obj/general_obj_bigtower08_01.mdatr	0
Zone/ymir work/zone/ghost/obj/general_obj_bigtower09_01.gr2	d:/ymir work/zone/ghost/obj/general_obj_bigtower09_01.gr2	0
Zone/ymir work/zone/n/obj/snow.m/nsm-general_obj_01_2.gr2	d:/ymir work/zone/n/obj/snow.m/nsm-general_obj_01_2.gr2	0
Zone/ymir work/zone/ghost/obj/general_obj_bigtower11_01.mdatr	d:/ymir work/zone/ghost/obj/general_obj_bigtower11_01.mdatr	0
Zone/ymir work/zone/ghost/obj/general_obj_flag_01.gr2	d:/ymir work/zone/ghost/obj/general_obj_flag_01.gr2	0
Zone/ymir work/zone/ghost/obj/general_obj_brazier_01_01.gr2	d:/ymir work/zone/ghost/obj/general_obj_brazier_01_01.gr2	0
Zone/ymir work/zone/ghost/obj/general_obj_brazier_01_01.mdatr	d:/ymir work/zone/ghost/obj/general_obj_brazier_01_01.mdatr	0
Zone/ymir work/zone/ghost/obj/general_obj_carriage_01.gr2	d:/ymir work/zone/ghost/obj/general_obj_carriage_01.gr2	0
Zone/ymir work/zone/ghost/obj/general_obj_drum_01.dds	d:/ymir work/zone/ghost/obj/general_obj_drum_01.dds	1
Zone/ymir work/zone/ghost/obj/general_obj_fence02_01.gr2	d:/ymir work/zone/ghost/obj/general_obj_fence02_01.gr2	0
Zone/ymir work/zone/ghost/obj/general_obj_fence04_01.gr2	d:/ymir work/zone/ghost/obj/general_obj_fence04_01.gr2	0
Zone/ymir work/zone/ghost/obj/general_obj_fence05_01.mdatr	d:/ymir work/zone/ghost/obj/general_obj_fence05_01.mdatr	0
Zone/ymir work/zone/ghost/obj/general_obj_fence06_01.gr2	d:/ymir work/zone/ghost/obj/general_obj_fence06_01.gr2	0
Zone/ymir work/zone/oxevent/x_flag.gr2	d:/ymir work/zone/oxevent/x_flag.gr2	0
Zone/ymir work/zone/n/obj/map_n_desert_01/b_general_obj_17.mdatr	d:/ymir work/zone/n/obj/map_n_desert_01/b_general_obj_17.mdatr	0
Zone/ymir work/zone/ghost/obj/general_obj_fence06_01.mdatr	d:/ymir work/zone/ghost/obj/general_obj_fence06_01.mdatr	0
Zone/ymir work/zone/ghost/obj/general_obj_pillar_01.gr2	d:/ymir work/zone/ghost/obj/general_obj_pillar_01.gr2	0
Zone/ymir work/zone/ghost/obj/general_obj_pillar_01.mdatr	d:/ymir work/zone/ghost/obj/general_obj_pillar_01.mdatr	0
Zone/ymir work/zone/n/desert/desert-009-hotel03.dds	d:/ymir work/zone/n/desert/desert-009-hotel03.dds	1
Zone/ymir work/zone/n/desert/desert-bigdam-04.gr2	d:/ymir work/zone/n/desert/desert-bigdam-04.gr2	0
Zone/ymir work/zone/ghost/obj/general_obj_stonebox_01.dds	d:/ymir work/zone/ghost/obj/general_obj_stonebox_01.dds	1
Zone/ymir work/zone/ghost/obj/general_obj_woodbed_01.gr2	d:/ymir work/zone/ghost/obj/general_obj_woodbed_01.gr2	0
Zone/ymir work/zone/ghost/obj/general_obj_woodbox_01.gr2	d:/ymir work/zone/ghost/obj/general_obj_woodbox_01.gr2	0
Zone/ymir work/zone/n/obj/snow.m/ob-bigstatue03.gr2	d:/ymir work/zone/n/obj/snow.m/ob-bigstatue03.gr2	0
Zone/ymir work/zone/ghost/obj/general_obj_woodbox_01.mdatr	d:/ymir work/zone/ghost/obj/general_obj_woodbox_01.mdatr	0
Zone/ymir work/zone/ghost/obj/ob-b1-001-015_01.gr2	d:/ymir work/zone/ghost/obj/ob-b1-001-015_01.gr2	0
Zone/ymir work/zone/n/obj/map_n_flame_01/warpgate01-02.dds	d:/ymir work/zone/n/obj/map_n_flame_01/warpgate01-02.dds	1
Zone/ymir work/zone/ghost/obj/ob-b1-001-box01_01.gr2	d:/ymir work/zone/ghost/obj/ob-b1-001-box01_01.gr2	0
Zone/ymir work/zone/n/obj/map_n_desert_01/ob-bigstatue02.gr2	d:/ymir work/zone/n/obj/map_n_desert_01/ob-bigstatue02.gr2	0
Zone/ymir work/zone/n/desert/b1-011-workhouse_lod_01.gr2	d:/ymir work/zone/n/desert/b1-011-workhouse_lod_01.gr2	0
Zone/ymir work/zone/n/obj/snow.m/snow_ring_lod_01.gr2	d:/ymir work/zone/n/obj/snow.m/snow_ring_lod_01.gr2	0
Zone/ymir work/zone/ghost/obj/ob-b1-001-box01_01.mdatr	d:/ymir work/zone/ghost/obj/ob-b1-001-box01_01.mdatr	0
Zone/ymir work/zone/n/obj/map_n_desert_01/b_general_obj_23.gr2	d:/ymir work/zone/n/obj/map_n_desert_01/b_general_obj_23.gr2	0
Zone/ymir work/zone/ghost/obj/ob-b1-001-box01_01_01.mdatr	d:/ymir work/zone/ghost/obj/ob-b1-001-box01_01_01.mdatr	0
Zone/ymir work/zone/n/obj/snow.m/snow-bigdam-04.mdatr	d:/ymir work/zone/n/obj/snow.m/snow-bigdam-04.mdatr	0
Zone/ymir work/zone/ghost/obj/ob-b1-001-box03_01.gr2	d:/ymir work/zone/ghost/obj/ob-b1-001-box03_01.gr2	0
Zone/ymir work/zone/ghost/obj/ob-b1-005-woodbarrel_01.mdatr	d:/ymir work/zone/ghost/obj/ob-b1-005-woodbarrel_01.mdatr	0
Zone/ymir work/zone/ghost/obj/ob-b1-006-woodbarrel_01.gr2	d:/ymir work/zone/ghost/obj/ob-b1-006-woodbarrel_01.gr2	0
Zone/ymir work/zone/ghost/obj/obj-0002-9_01.dds	d:/ymir work/zone/ghost/obj/obj-0002-9_01.dds	1
Zone/ymir work/zone/ghost/obj/obj-0002_01.gr2	d:/ymir work/zone/ghost/obj/obj-0002_01.gr2	0
Zone/ymir work/zone/ghost/obj/obj-0003_02.gr2	d:/ymir work/zone/ghost/obj/obj-0003_02.gr2	0
Zone/ymir work/zone/ghost/obj/obj-0003_02.mdatr	d:/ymir work/zone/ghost/obj/obj-0003_02.mdatr	0
Zone/ymir work/zone/ghost/obj/obj-0003_03.mdatr	d:/ymir work/zone/ghost/obj/obj-0003_03.mdatr	0
Zone/ymir work/zone/ghost/obj/obj-0006_01.gr2	d:/ymir work/zone/ghost/obj/obj-0006_01.gr2	0
Zone/ymir work/zone/ghost/obj/obj-0006_01.mdatr	d:/ymir work/zone/ghost/obj/obj-0006_01.mdatr	0
Zone/ymir work/zone/ghost/obj/obj-0010_01.gr2	d:/ymir work/zone/ghost/obj/obj-0010_01.gr2	0
Zone/ymir work/zone/n/milgyo/milgyo_4fbuilding_03.dds	d:/ymir work/zone/n/milgyo/milgyo_4fbuilding_03.dds	1
Zone/ymir work/zone/ghost/obj/sign.mdatr	d:/ymir work/zone/ghost/obj/sign.mdatr	0
Zone/ymir work/zone/n/obj/snow.m/snow-035-woodgate.mdatr	d:/ymir work/zone/n/obj/snow.m/snow-035-woodgate.mdatr	0
Zone/ymir work/zone/ghost/obj/sign_01.dds	d:/ymir work/zone/ghost/obj/sign_01.dds	1
Zone/ymir work/zone/ghost/obj/sign_01.mdatr	d:/ymir work/zone/ghost/obj/sign_01.mdatr	0
Zone/ymir work/zone/n/desert/desert-bigstone03_lod_01.gr2	d:/ymir work/zone/n/desert/desert-bigstone03_lod_01.gr2	0
Zone/ymir work/zone/n/desert/cactus_03.gr2	d:/ymir work/zone/n/desert/cactus_03.gr2	0
Zone/ymir work/zone/n/desert/cactus_04.mdatr	d:/ymir work/zone/n/desert/cactus_04.mdatr	0
Zone/ymir work/zone/n/desert/cactus_05.gr2	d:/ymir work/zone/n/desert/cactus_05.gr2	0
Zone/ymir work/zone/n/desert/cactus_05.mdatr	d:/ymir work/zone/n/desert/cactus_05.mdatr	0
Zone/ymir work/zone/n/desert/cactus_ok_01.dds	d:/ymir work/zone/n/desert/cactus_ok_01.dds	1
Zone/ymir work/zone/n/desert/desert-002-inwall-02.mdatr	d:/ymir work/zone/n/desert/desert-002-inwall-02.mdatr	0
Zone/ymir work/zone/n/desert/desert-004-house2.mdatr	d:/ymir work/zone/n/desert/desert-004-house2.mdatr	0
Zone/ymir work/zone/n/desert/desert-004-house2_lod_01.gr2	d:/ymir work/zone/n/desert/desert-004-house2_lod_01.gr2	0
Zone/ymir work/zone/n/obj/snow.m/nsm-general_obj_21.gr2	d:/ymir work/zone/n/obj/snow.m/nsm-general_obj_21.gr2	0
Zone/ymir work/zone/n/desert/desert-006-castle-03.dds	d:/ymir work/zone/n/desert/desert-006-castle-03.dds	1
Zone/ymir work/zone/n/desert/desert-006-castle-05.dds	d:/ymir work/zone/n/desert/desert-006-castle-05.dds	1
Zone/ymir work/zone/n/desert/desert-035-woodgate_lod_01.gr2	d:/ymir work/zone/n/desert/desert-035-woodgate_lod_01.gr2	0
Zone/ymir work/zone/n/desert/desert-006-castle.mdatr	d:/ymir work/zone/n/desert/desert-006-castle.mdatr	0
Zone/ymir work/zone/n/desert/desert-006-castle_lod_01.gr2	d:/ymir work/zone/n/desert/desert-006-castle_lod_01.gr2	0
Zone/ymir work/zone/n/desert/desert-009-hotel01.dds	d:/ymir work/zone/n/desert/desert-009-hotel01.dds	1
Zone/ymir work/zone/n/desert/desert-009-hotel02.dds	d:/ymir work/zone/n/desert/desert-009-hotel02.dds	1
Zone/ymir work/zone/n/desert/desert_tower01.mdatr	d:/ymir work/zone/n/desert/desert_tower01.mdatr	0
Zone/ymir work/zone/n/desert/desert-033-guesthouse-01.dds	d:/ymir work/zone/n/desert/desert-033-guesthouse-01.dds	1
Zone/ymir work/zone/nusluck/bone_02.dds	d:/ymir work/zone/nusluck/bone_02.dds	1
Zone/ymir work/zone/n/obj/snow.m/general_obj_stoneimage01_lod_01.gr2	d:/ymir work/zone/n/obj/snow.m/general_obj_stoneimage01_lod_01.gr2	0
Zone/ymir work/zone/n/desert/desert-033-guesthouse-01.mdatr	d:/ymir work/zone/n/desert/desert-033-guesthouse-01.mdatr	0
Zone/ymir work/zone/n/desert/desert-033-guesthouse-01_lod_01.gr2	d:/ymir work/zone/n/desert/desert-033-guesthouse-01_lod_01.gr2	0
Zone/ymir work/zone/n/desert/desert-033-guesthouse-02.mdatr	d:/ymir work/zone/n/desert/desert-033-guesthouse-02.mdatr	0
Zone/ymir work/zone/n/desert/desert-033-guesthouse-02_lod_01.gr2	d:/ymir work/zone/n/desert/desert-033-guesthouse-02_lod_01.gr2	0
Zone/ymir work/zone/n/desert/desert-035-woodgate.mdatr	d:/ymir work/zone/n/desert/desert-035-woodgate.mdatr	0
Zone/ymir work/zone/n/desert/desert-bigdam-01.gr2	d:/ymir work/zone/n/desert/desert-bigdam-01.gr2	0
Zone/ymir work/zone/n/obj/snow.m/snow_4fbuilding.prb	d:/ymir work/zone/n/obj/snow.m/snow_4fbuilding.prb	0
Zone/ymir work/zone/n/desert/desert-bigdam-01.mdatr	d:/ymir work/zone/n/desert/desert-bigdam-01.mdatr	0
Zone/ymir work/zone/n/desert/desert-bigdam-02.gr2	d:/ymir work/zone/n/desert/desert-bigdam-02.gr2	0
Zone/ymir work/zone/n/desert/desert-bigdam-03.dds	d:/ymir work/zone/n/desert/desert-bigdam-03.dds	1
Zone/ymir work/zone/n/obj/snow.m/nsm-general_obj_02.dds	d:/ymir work/zone/n/obj/snow.m/nsm-general_obj_02.dds	1
Zone/ymir work/zone/n/desert/desert-bigdam-03.gr2	d:/ymir work/zone/n/desert/desert-bigdam-03.gr2	0
Zone/ymir work/zone/n/desert/desert-bigdam-04.mdatr	d:/ymir work/zone/n/desert/desert-bigdam-04.mdatr	0
Zone/ymir work/zone/n/desert/desert-bigdam-05.gr2	d:/ymir work/zone/n/desert/desert-bigdam-05.gr2	0
Zone/ymir work/zone/n/desert/desert-bigdam-05.mdatr	d:/ymir work/zone/n/desert/desert-bigdam-05.mdatr	0
Zone/ymir work/zone/n/desert/desert-bigstone.dds	d:/ymir work/zone/n/desert/desert-bigstone.dds	1
Zone/ymir work/zone/n/desert/desert-bigstone02.mdatr	d:/ymir work/zone/n/desert/desert-bigstone02.mdatr	0
Zone/ymir work/zone/n/obj/snow.m/general_obj_bigstone04.mdatr	d:/ymir work/zone/n/obj/snow.m/general_obj_bigstone04.mdatr	0
Zone/ymir work/zone/n/desert/desert-bigstone01.mdatr	d:/ymir work/zone/n/desert/desert-bigstone01.mdatr	0
Zone/ymir work/zone/n/desert/desert-bigstone02.gr2	d:/ymir work/zone/n/desert/desert-bigstone02.gr2	0
Zone/ymir work/zone/n/desert/desert-castle02-01.dds	d:/ymir work/zone/n/desert/desert-castle02-01.dds	1
Zone/ymir work/zone/n/desert/desert_brazier.gr2	d:/ymir work/zone/n/desert/desert_brazier.gr2	0
Zone/ymir work/zone/n/obj/map_n_flame_01/ob-bigstone.dds	d:/ymir work/zone/n/obj/map_n_flame_01/ob-bigstone.dds	1
Zone/ymir work/zone/n/desert/desert-castle02-03.dds	d:/ymir work/zone/n/desert/desert-castle02-03.dds	1
Zone/ymir work/zone/n/desert/desert-castle02.gr2	d:/ymir work/zone/n/desert/desert-castle02.gr2	0
Zone/ymir work/zone/n/desert/desert-middledam-01.gr2	d:/ymir work/zone/n/desert/desert-middledam-01.gr2	0
Zone/ymir work/zone/n/desert/desert-middledam-01.mdatr	d:/ymir work/zone/n/desert/desert-middledam-01.mdatr	0
Zone/ymir work/zone/n/desert/desert-middledam-01_lod_01.gr2	d:/ymir work/zone/n/desert/desert-middledam-01_lod_01.gr2	0
Zone/ymir work/zone/n/desert/desert-middledam-02.dds	d:/ymir work/zone/n/desert/desert-middledam-02.dds	1
Zone/ymir work/zone/n/desert/desert-middledam-02.mdatr	d:/ymir work/zone/n/desert/desert-middledam-02.mdatr	0
Zone/ymir work/zone/nusluck/tent_01_lamp1.gr2	d:/ymir work/zone/nusluck/tent_01_lamp1.gr2	0
Zone/ymir work/zone/n/desert/desert-middledam-03.dds	d:/ymir work/zone/n/desert/desert-middledam-03.dds	1
Zone/ymir work/zone/n/desert/desert-middledam-04.gr2	d:/ymir work/zone/n/desert/desert-middledam-04.gr2	0
Zone/ymir work/zone/n/desert/desert-middledam-05.gr2	d:/ymir work/zone/n/desert/desert-middledam-05.gr2	0
Zone/ymir work/zone/n/desert/desert-middledam-06.gr2	d:/ymir work/zone/n/desert/desert-middledam-06.gr2	0
Zone/ymir work/zone/n/desert/desert-middledam-06.mdatr	d:/ymir work/zone/n/desert/desert-middledam-06.mdatr	0
Zone/ymir work/zone/n/obj/map_n_desert_01/general_obj_bigtoewr10.mdatr	d:/ymir work/zone/n/obj/map_n_desert_01/general_obj_bigtoewr10.mdatr	0
Zone/ymir work/zone/n/desert/desert-middledam-06_lod_01.gr2	d:/ymir work/zone/n/desert/desert-middledam-06_lod_01.gr2	0
Zone/ymir work/zone/n/obj/snow.m/snow_tower01.gr2	d:/ymir work/zone/n/obj/snow.m/snow_tower01.gr2	0
Zone/ymir work/zone/n/desert/desert-middledam-07.gr2	d:/ymir work/zone/n/desert/desert-middledam-07.gr2	0
Zone/ymir work/zone/n/obj/snow.m/general_obj_stone07_lod_01.gr2	d:/ymir work/zone/n/obj/snow.m/general_obj_stone07_lod_01.gr2	0
Zone/ymir work/zone/n/desert/desert_4fbuilding_01.dds	d:/ymir work/zone/n/desert/desert_4fbuilding_01.dds	1
Zone/ymir work/zone/n/desert/desert_4fbuilding_02.dds	d:/ymir work/zone/n/desert/desert_4fbuilding_02.dds	1
Zone/ymir work/zone/n/desert/desert_4fbuilding_04.dds	d:/ymir work/zone/n/desert/desert_4fbuilding_04.dds	1
Zone/ymir work/zone/n/desert/desert_bigstone.dds	d:/ymir work/zone/n/desert/desert_bigstone.dds	1
Zone/ymir work/zone/n/desert/desert_board01.gr2	d:/ymir work/zone/n/desert/desert_board01.gr2	0
Zone/ymir work/zone/n/desert/desert_board01.mdatr	d:/ymir work/zone/n/desert/desert_board01.mdatr	0
Zone/ymir work/zone/n/desert/desert_brazier_02.dds	d:/ymir work/zone/n/desert/desert_brazier_02.dds	1
Zone/ymir work/zone/n/desert/desert_bridge01_01.dds	d:/ymir work/zone/n/desert/desert_bridge01_01.dds	1
Zone/ymir work/zone/n/desert/desert_building04.gr2	d:/ymir work/zone/n/desert/desert_building04.gr2	0
Zone/ymir work/zone/n/desert/desert_building04.mdatr	d:/ymir work/zone/n/desert/desert_building04.mdatr	0
Zone/ymir work/zone/n/flame/middlestone_bridge.mdatr	d:/ymir work/zone/n/flame/middlestone_bridge.mdatr	0
Zone/ymir work/zone/n/desert/desert_building04_02.dds	d:/ymir work/zone/n/desert/desert_building04_02.dds	1
Zone/ymir work/zone/n/desert/desert_carriage01.dds	d:/ymir work/zone/n/desert/desert_carriage01.dds	1
Zone/ymir work/zone/n/desert/desert_carriage01.mdatr	d:/ymir work/zone/n/desert/desert_carriage01.mdatr	0
Zone/ymir work/zone/n/obj/map_n_desert_01/general_obj_bigtoewr07.mdatr	d:/ymir work/zone/n/obj/map_n_desert_01/general_obj_bigtoewr07.mdatr	0
Zone/ymir work/zone/n/desert/desert_cart02.gr2	d:/ymir work/zone/n/desert/desert_cart02.gr2	0
Zone/ymir work/zone/n/desert/desert_cart02_lod_01.gr2	d:/ymir work/zone/n/desert/desert_cart02_lod_01.gr2	0
Zone/ymir work/zone/n/obj/snow.m/snow_building04.gr2	d:/ymir work/zone/n/obj/snow.m/snow_building04.gr2	0
Zone/ymir work/zone/n/desert/desert_lamp01.mdatr	d:/ymir work/zone/n/desert/desert_lamp01.mdatr	0
Zone/ymir work/zone/n/desert/desert_lamp01_lod_01.gr2	d:/ymir work/zone/n/desert/desert_lamp01_lod_01.gr2	0
Zone/ymir work/zone/n/desert/desert_lionstone.gr2	d:/ymir work/zone/n/desert/desert_lionstone.gr2	0
Zone/ymir work/zone/n/desert/desert_lionstone.mdatr	d:/ymir work/zone/n/desert/desert_lionstone.mdatr	0
Zone/ymir work/zone/n/desert/desert_lionstone_lod_01.gr2	d:/ymir work/zone/n/desert/desert_lionstone_lod_01.gr2	0
Zone/ymir work/zone/n/desert/desert_tent01.dds	d:/ymir work/zone/n/desert/desert_tent01.dds	1
Zone/ymir work/zone/n/desert/desert_tent01_lod_01.gr2	d:/ymir work/zone/n/desert/desert_tent01_lod_01.gr2	0
Zone/ymir work/zone/n/desert/desert_tower.mdatr	d:/ymir work/zone/n/desert/desert_tower.mdatr	0
Zone/ymir work/zone/n/desert/desert_tower02.gr2	d:/ymir work/zone/n/desert/desert_tower02.gr2	0
Zone/ymir work/zone/n/desert/desert_tower02_04.dds	d:/ymir work/zone/n/desert/desert_tower02_04.dds	1
Zone/ymir work/zone/n/desert/desert_tower03.gr2	d:/ymir work/zone/n/desert/desert_tower03.gr2	0
Zone/ymir work/zone/n/desert/desert_tower03.mdatr	d:/ymir work/zone/n/desert/desert_tower03.mdatr	0
Zone/ymir work/zone/n/desert/desert_tower04.gr2	d:/ymir work/zone/n/desert/desert_tower04.gr2	0
Zone/ymir work/zone/nusluck/skull.dds	d:/ymir work/zone/nusluck/skull.dds	1
Zone/ymir work/zone/n/desert/desert_tower04.mdatr	d:/ymir work/zone/n/desert/desert_tower04.mdatr	0
Zone/ymir work/zone/n/obj/snow.m/obj-0010.mdatr	d:/ymir work/zone/n/obj/snow.m/obj-0010.mdatr	0
Zone/ymir work/zone/n/desert/desert_wood01.dds	d:/ymir work/zone/n/desert/desert_wood01.dds	1
Zone/ymir work/zone/n/desert/desert_wooddoor01.gr2	d:/ymir work/zone/n/desert/desert_wooddoor01.gr2	0
Zone/ymir work/zone/n/desert/desert_wooddoor01.mdatr	d:/ymir work/zone/n/desert/desert_wooddoor01.mdatr	0
Zone/ymir work/zone/n/desert/desert_woodfence01.gr2	d:/ymir work/zone/n/desert/desert_woodfence01.gr2	0
Zone/ymir work/zone/n/desert/desert_woodfence02.gr2	d:/ymir work/zone/n/desert/desert_woodfence02.gr2	0
Zone/ymir work/zone/n/desert/desert_woodfence02.mdatr	d:/ymir work/zone/n/desert/desert_woodfence02.mdatr	0
Zone/ymir work/zone/n/desert/desert_woodfence02_lod_01.gr2	d:/ymir work/zone/n/desert/desert_woodfence02_lod_01.gr2	0
Zone/ymir work/zone/n/desert/desert_woodfence03.mdatr	d:/ymir work/zone/n/desert/desert_woodfence03.mdatr	0
Zone/ymir work/zone/n/obj/snow.m/general_obj_bigstone05.mdatr	d:/ymir work/zone/n/obj/snow.m/general_obj_bigstone05.mdatr	0
Zone/ymir work/zone/n/flame/bigdam_001.gr2	d:/ymir work/zone/n/flame/bigdam_001.gr2	0
Zone/ymir work/zone/n/flame/bigdam_001.mdatr	d:/ymir work/zone/n/flame/bigdam_001.mdatr	0
Zone/ymir work/zone/n/flame/bigstone_bridge.dds	d:/ymir work/zone/n/flame/bigstone_bridge.dds	1
Zone/ymir work/zone/n/flame/bigstone_bridge.mdatr	d:/ymir work/zone/n/flame/bigstone_bridge.mdatr	0
Zone/ymir work/zone/n/flame/middlestone_bridge.gr2	d:/ymir work/zone/n/flame/middlestone_bridge.gr2	0
Zone/ymir work/zone/n/obj/snow.m/snow_4fbuilding_02.dds	d:/ymir work/zone/n/obj/snow.m/snow_4fbuilding_02.dds	1
Zone/ymir work/zone/n/icemount/n_snow_m_empiregate_01.dds	d:/ymir work/zone/n/icemount/n_snow_m_empiregate_01.dds	1
Zone/ymir work/zone/n/obj/snow.m/snow_tower02_02.dds	d:/ymir work/zone/n/obj/snow.m/snow_tower02_02.dds	1
Zone/ymir work/zone/n/icemount/n_snow_m_empiregate_02.dds	d:/ymir work/zone/n/icemount/n_snow_m_empiregate_02.dds	1
Zone/ymir work/zone/n/icemount/n_snow_m_empiregate_02.mdatr	d:/ymir work/zone/n/icemount/n_snow_m_empiregate_02.mdatr	0
Zone/ymir work/zone/n/icemount/n_snow_m_empiregate_03.gr2	d:/ymir work/zone/n/icemount/n_snow_m_empiregate_03.gr2	0
Zone/ymir work/zone/n/icemount/n_snow_m_empiregate_03.mdatr	d:/ymir work/zone/n/icemount/n_snow_m_empiregate_03.mdatr	0
Zone/ymir work/zone/n/milgyo/milgyo_4fbuilding.mdatr	d:/ymir work/zone/n/milgyo/milgyo_4fbuilding.mdatr	0
Zone/ymir work/zone/n/obj/map_n_desert_01/general_obj_bigstone06.gr2	d:/ymir work/zone/n/obj/map_n_desert_01/general_obj_bigstone06.gr2	0
Zone/ymir work/zone/n/milgyo/milgyo_4fbuilding_01.dds	d:/ymir work/zone/n/milgyo/milgyo_4fbuilding_01.dds	1
Zone/ymir work/zone/n/milgyo/milgyo_4fbuilding_02.dds	d:/ymir work/zone/n/milgyo/milgyo_4fbuilding_02.dds	1
Zone/ymir work/zone/n/milgyo/milgyo_4fbuilding_05.dds	d:/ymir work/zone/n/milgyo/milgyo_4fbuilding_05.dds	1
Zone/ymir work/zone/n/milgyo/milgyo_brazier.gr2	d:/ymir work/zone/n/milgyo/milgyo_brazier.gr2	0
Zone/ymir work/zone/n/milgyo/milgyo_brazier_02.dds	d:/ymir work/zone/n/milgyo/milgyo_brazier_02.dds	1
Zone/ymir work/zone/n/milgyo/milgyo_building02_01.dds	d:/ymir work/zone/n/milgyo/milgyo_building02_01.dds	1
Zone/ymir work/zone/n/milgyo/milgyo_building02_03.dds	d:/ymir work/zone/n/milgyo/milgyo_building02_03.dds	1
Zone/ymir work/zone/n/milgyo/milgyo_building03_01.dds	d:/ymir work/zone/n/milgyo/milgyo_building03_01.dds	1
Zone/ymir work/zone/n/milgyo/milgyo_building03_02.dds	d:/ymir work/zone/n/milgyo/milgyo_building03_02.dds	1
Zone/ymir work/zone/n/milgyo/milgyo_building03_03.dds	d:/ymir work/zone/n/milgyo/milgyo_building03_03.dds	1
Zone/ymir work/zone/n/obj/snow.m/snow-middledam-06.prb	d:/ymir work/zone/n/obj/snow.m/snow-middledam-06.prb	0
Zone/ymir work/zone/n/milgyo/milgyo_building04.gr2	d:/ymir work/zone/n/milgyo/milgyo_building04.gr2	0
Zone/ymir work/zone/n/milgyo/milgyo_building04.mdatr	d:/ymir work/zone/n/milgyo/milgyo_building04.mdatr	0
Zone/ymir work/zone/n/milgyo/milgyo_building04_01.dds	d:/ymir work/zone/n/milgyo/milgyo_building04_01.dds	1
Zone/ymir work/zone/n/obj/snow.m/snow_tower02_04.dds	d:/ymir work/zone/n/obj/snow.m/snow_tower02_04.dds	1
Zone/ymir work/zone/n/milgyo/milgyo_building04_02.dds	d:/ymir work/zone/n/milgyo/milgyo_building04_02.dds	1
Zone/ymir work/zone/n/milgyo/milgyo_pavilion.gr2	d:/ymir work/zone/n/milgyo/milgyo_pavilion.gr2	0
Zone/ymir work/zone/n/obj/snow.m/snow-033-guesthouse-02.dds	d:/ymir work/zone/n/obj/snow.m/snow-033-guesthouse-02.dds	1
Zone/ymir work/zone/n/milgyo/milgyo_pavilion.mdatr	d:/ymir work/zone/n/milgyo/milgyo_pavilion.mdatr	0
Zone/ymir work/zone/n/milgyo/milgyo_pavilion_01.dds	d:/ymir work/zone/n/milgyo/milgyo_pavilion_01.dds	1
Zone/ymir work/zone/n/milgyo/milgyo_pavilion_02.dds	d:/ymir work/zone/n/milgyo/milgyo_pavilion_02.dds	1
Zone/ymir work/zone/n/milgyo/milgyo_pavilion_03.dds	d:/ymir work/zone/n/milgyo/milgyo_pavilion_03.dds	1
Zone/ymir work/zone/n/milgyo/milgyo_pavilion_04.dds	d:/ymir work/zone/n/milgyo/milgyo_pavilion_04.dds	1
Zone/ymir work/zone/n/milgyo/milgyo_tower01.gr2	d:/ymir work/zone/n/milgyo/milgyo_tower01.gr2	0
Zone/ymir work/zone/n/milgyo/milgyo_tower01_02.dds	d:/ymir work/zone/n/milgyo/milgyo_tower01_02.dds	1
Zone/ymir work/zone/n/obj/map_n_desert_01/general_obj_bigtoewr11.mdatr	d:/ymir work/zone/n/obj/map_n_desert_01/general_obj_bigtoewr11.mdatr	0
Zone/ymir work/zone/n/milgyo/milgyo_tower01_03.dds	d:/ymir work/zone/n/milgyo/milgyo_tower01_03.dds	1
Zone/ymir work/zone/n/milgyo/milgyo_tower01_04.dds	d:/ymir work/zone/n/milgyo/milgyo_tower01_04.dds	1
Zone/ymir work/zone/n/milgyo/milgyo_tower01_05.dds	d:/ymir work/zone/n/milgyo/milgyo_tower01_05.dds	1
Zone/ymir work/zone/n/milgyo/milgyo_tower02.gr2	d:/ymir work/zone/n/milgyo/milgyo_tower02.gr2	0
Zone/ymir work/zone/n/milgyo/milgyo_tower02_01.dds	d:/ymir work/zone/n/milgyo/milgyo_tower02_01.dds	1
Zone/ymir work/zone/n/milgyo/milgyo_tower02_02.dds	d:/ymir work/zone/n/milgyo/milgyo_tower02_02.dds	1
Zone/ymir work/zone/n/milgyo/milgyo_tower02_03.dds	d:/ymir work/zone/n/milgyo/milgyo_tower02_03.dds	1
Zone/ymir work/zone/n/milgyo/milgyo_tower02_04.dds	d:/ymir work/zone/n/milgyo/milgyo_tower02_04.dds	1
Zone/ymir work/zone/n/milgyo/vssver.scc	d:/ymir work/zone/n/milgyo/vssver.scc	0
Zone/ymir work/zone/n/obj/map_n_desert_01/b_general_obj_02.dds	d:/ymir work/zone/n/obj/map_n_desert_01/b_general_obj_02.dds	1
Zone/ymir work/zone/n/obj/map_n_desert_01/b_general_obj_02.gr2	d:/ymir work/zone/n/obj/map_n_desert_01/b_general_obj_02.gr2	0
Zone/ymir work/zone/n/obj/map_n_desert_01/b_general_obj_02.mdatr	d:/ymir work/zone/n/obj/map_n_desert_01/b_general_obj_02.mdatr	0
Zone/ymir work/zone/n/obj/map_n_desert_01/b_general_obj_03.dds	d:/ymir work/zone/n/obj/map_n_desert_01/b_general_obj_03.dds	1
Zone/ymir work/zone/n/obj/map_n_desert_01/b_general_obj_03.mdatr	d:/ymir work/zone/n/obj/map_n_desert_01/b_general_obj_03.mdatr	0
Zone/ymir work/zone/n/obj/map_n_desert_01/b_general_obj_04.gr2	d:/ymir work/zone/n/obj/map_n_desert_01/b_general_obj_04.gr2	0
Zone/ymir work/zone/n/obj/map_n_desert_01/b_general_obj_05.mdatr	d:/ymir work/zone/n/obj/map_n_desert_01/b_general_obj_05.mdatr	0
Zone/ymir work/zone/n/obj/map_n_desert_01/b_general_obj_05_1.gr2	d:/ymir work/zone/n/obj/map_n_desert_01/b_general_obj_05_1.gr2	0
Zone/ymir work/zone/n/obj/map_n_desert_01/b_general_obj_05_1.mdatr	d:/ymir work/zone/n/obj/map_n_desert_01/b_general_obj_05_1.mdatr	0
Zone/ymir work/zone/n/obj/snow.m/snow-004-house2_lod_01.gr2	d:/ymir work/zone/n/obj/snow.m/snow-004-house2_lod_01.gr2	0
Zone/ymir work/zone/n/obj/map_n_desert_01/b_general_obj_06.dds	d:/ymir work/zone/n/obj/map_n_desert_01/b_general_obj_06.dds	1
Zone/ymir work/zone/n/obj/map_n_desert_01/b_general_obj_06.gr2	d:/ymir work/zone/n/obj/map_n_desert_01/b_general_obj_06.gr2	0
Zone/ymir work/zone/n/obj/map_n_desert_01/b_general_obj_07.gr2	d:/ymir work/zone/n/obj/map_n_desert_01/b_general_obj_07.gr2	0
Zone/ymir work/zone/n/obj/map_n_desert_01/b_general_obj_09.mdatr	d:/ymir work/zone/n/obj/map_n_desert_01/b_general_obj_09.mdatr	0
Zone/ymir work/zone/n/obj/map_n_desert_01/b_general_obj_10.gr2	d:/ymir work/zone/n/obj/map_n_desert_01/b_general_obj_10.gr2	0
Zone/ymir work/zone/n/obj/map_n_desert_01/b_general_obj_10.mdatr	d:/ymir work/zone/n/obj/map_n_desert_01/b_general_obj_10.mdatr	0
Zone/ymir work/zone/n/obj/map_n_desert_01/b_general_obj_15.gr2	d:/ymir work/zone/n/obj/map_n_desert_01/b_general_obj_15.gr2	0
Zone/ymir work/zone/n/obj/map_n_desert_01/b_general_obj_16.gr2	d:/ymir work/zone/n/obj/map_n_desert_01/b_general_obj_16.gr2	0
Zone/ymir work/zone/n/obj/map_n_desert_01/b_general_obj_16.mdatr	d:/ymir work/zone/n/obj/map_n_desert_01/b_general_obj_16.mdatr	0
Zone/ymir work/zone/n/obj/map_n_desert_01/b_general_obj_17.gr2	d:/ymir work/zone/n/obj/map_n_desert_01/b_general_obj_17.gr2	0
Zone/ymir work/zone/n/obj/map_n_desert_01/b_general_obj_18.gr2	d:/ymir work/zone/n/obj/map_n_desert_01/b_general_obj_18.gr2	0
Zone/ymir work/zone/n/obj/map_n_desert_01/b_general_obj_18.mdatr	d:/ymir work/zone/n/obj/map_n_desert_01/b_general_obj_18.mdatr	0
Zone/ymir work/zone/n/obj/map_n_desert_01/b_general_obj_21.gr2	d:/ymir work/zone/n/obj/map_n_desert_01/b_general_obj_21.gr2	0
Zone/ymir work/zone/n/obj/map_n_desert_01/b_general_obj_21.mdatr	d:/ymir work/zone/n/obj/map_n_desert_01/b_general_obj_21.mdatr	0
Zone/ymir work/zone/n/obj/snow.m/snow-middledam-03_lod_01.gr2	d:/ymir work/zone/n/obj/snow.m/snow-middledam-03_lod_01.gr2	0
Zone/ymir work/zone/n/obj/map_n_desert_01/b_general_obj_21_1.gr2	d:/ymir work/zone/n/obj/map_n_desert_01/b_general_obj_21_1.gr2	0
Zone/ymir work/zone/n/obj/map_n_desert_01/b_general_obj_22.gr2	d:/ymir work/zone/n/obj/map_n_desert_01/b_general_obj_22.gr2	0
Zone/ymir work/zone/n/obj/map_n_desert_01/b_general_obj_22.mdatr	d:/ymir work/zone/n/obj/map_n_desert_01/b_general_obj_22.mdatr	0
Zone/ymir work/zone/n/obj/map_n_desert_01/b_general_obj_23.mdatr	d:/ymir work/zone/n/obj/map_n_desert_01/b_general_obj_23.mdatr	0
Zone/ymir work/zone/n/obj/snow.m/general_obj_stone10.gr2	d:/ymir work/zone/n/obj/snow.m/general_obj_stone10.gr2	0
Zone/ymir work/zone/n/obj/map_n_desert_01/b_general_obj_24.mdatr	d:/ymir work/zone/n/obj/map_n_desert_01/b_general_obj_24.mdatr	0
Zone/ymir work/zone/n/obj/map_n_desert_01/b_general_obj_25-2.mdatr	d:/ymir work/zone/n/obj/map_n_desert_01/b_general_obj_25-2.mdatr	0
Zone/ymir work/zone/n/obj/map_n_desert_01/b_general_obj_25.gr2	d:/ymir work/zone/n/obj/map_n_desert_01/b_general_obj_25.gr2	0
Zone/ymir work/zone/n/obj/map_n_desert_01/b_general_obj_25.mdatr	d:/ymir work/zone/n/obj/map_n_desert_01/b_general_obj_25.mdatr	0
Zone/ymir work/zone/n/obj/map_n_desert_01/b_general_obj_25_1.gr2	d:/ymir work/zone/n/obj/map_n_desert_01/b_general_obj_25_1.gr2	0
Zone/ymir work/zone/n/obj/map_n_desert_01/b_general_obj_26.gr2	d:/ymir work/zone/n/obj/map_n_desert_01/b_general_obj_26.gr2	0
Zone/ymir work/zone/n/obj/map_n_desert_01/b_general_obj_26.mdatr	d:/ymir work/zone/n/obj/map_n_desert_01/b_general_obj_26.mdatr	0
Zone/ymir work/zone/n/obj/snow.m/snow-035-woodgate_lod-01.gr2	d:/ymir work/zone/n/obj/snow.m/snow-035-woodgate_lod-01.gr2	0
Zone/ymir work/zone/n/obj/map_n_desert_01/b_general_obj_28.gr2	d:/ymir work/zone/n/obj/map_n_desert_01/b_general_obj_28.gr2	0
Zone/ymir work/zone/n/obj/map_n_desert_01/general_obj_bigstone01.gr2	d:/ymir work/zone/n/obj/map_n_desert_01/general_obj_bigstone01.gr2	0
Zone/ymir work/zone/n/obj/map_n_desert_01/general_obj_bigstone02.gr2	d:/ymir work/zone/n/obj/map_n_desert_01/general_obj_bigstone02.gr2	0
Zone/ymir work/zone/n/obj/map_n_desert_01/general_obj_bigstone03.gr2	d:/ymir work/zone/n/obj/map_n_desert_01/general_obj_bigstone03.gr2	0
Zone/ymir work/zone/n/obj/map_n_desert_01/general_obj_bigstone05.gr2	d:/ymir work/zone/n/obj/map_n_desert_01/general_obj_bigstone05.gr2	0
Zone/ymir work/zone/n/obj/map_n_desert_01/general_obj_bigstone08.gr2	d:/ymir work/zone/n/obj/map_n_desert_01/general_obj_bigstone08.gr2	0
Zone/ymir work/zone/n/obj/map_n_desert_01/general_obj_bigstone09.gr2	d:/ymir work/zone/n/obj/map_n_desert_01/general_obj_bigstone09.gr2	0
Zone/ymir work/zone/n/obj/map_n_desert_01/general_obj_bigtoewr02.gr2	d:/ymir work/zone/n/obj/map_n_desert_01/general_obj_bigtoewr02.gr2	0
Zone/ymir work/zone/n/obj/map_n_desert_01/general_obj_bigtoewr02.mdatr	d:/ymir work/zone/n/obj/map_n_desert_01/general_obj_bigtoewr02.mdatr	0
Zone/ymir work/zone/n/obj/map_n_desert_01/general_obj_bigtoewr03.mdatr	d:/ymir work/zone/n/obj/map_n_desert_01/general_obj_bigtoewr03.mdatr	0
Zone/ymir work/zone/n/obj/map_n_desert_01/general_obj_bigtoewr04.mdatr	d:/ymir work/zone/n/obj/map_n_desert_01/general_obj_bigtoewr04.mdatr	0
Zone/ymir work/zone/n/obj/map_n_desert_01/general_obj_bigtoewr05.mdatr	d:/ymir work/zone/n/obj/map_n_desert_01/general_obj_bigtoewr05.mdatr	0
Zone/ymir work/zone/n/obj/map_n_desert_01/general_obj_bigtoewr06.mdatr	d:/ymir work/zone/n/obj/map_n_desert_01/general_obj_bigtoewr06.mdatr	0
Zone/ymir work/zone/n/obj/map_n_desert_01/general_obj_bigtoewr07.gr2	d:/ymir work/zone/n/obj/map_n_desert_01/general_obj_bigtoewr07.gr2	0
Zone/ymir work/zone/n/obj/map_n_desert_01/general_obj_bigtoewr08.gr2	d:/ymir work/zone/n/obj/map_n_desert_01/general_obj_bigtoewr08.gr2	0
Zone/ymir work/zone/n/obj/map_n_desert_01/general_obj_bigtoewr09.gr2	d:/ymir work/zone/n/obj/map_n_desert_01/general_obj_bigtoewr09.gr2	0
Zone/ymir work/zone/n/obj/map_n_desert_01/general_obj_bigtoewr12.gr2	d:/ymir work/zone/n/obj/map_n_desert_01/general_obj_bigtoewr12.gr2	0
Zone/ymir work/zone/n/obj/map_n_desert_01/general_obj_bigtoewr12.mdatr	d:/ymir work/zone/n/obj/map_n_desert_01/general_obj_bigtoewr12.mdatr	0
Zone/ymir work/zone/n/obj/map_n_desert_01/general_obj_brazier.mdatr	d:/ymir work/zone/n/obj/map_n_desert_01/general_obj_brazier.mdatr	0
Zone/ymir work/zone/n/obj/map_n_desert_01/general_obj_carriage.dds	d:/ymir work/zone/n/obj/map_n_desert_01/general_obj_carriage.dds	1
Zone/ymir work/zone/n/obj/map_n_desert_01/general_obj_carriage.mdatr	d:/ymir work/zone/n/obj/map_n_desert_01/general_obj_carriage.mdatr	0
Zone/ymir work/zone/n/obj/map_n_desert_01/general_obj_charcoal.gr2	d:/ymir work/zone/n/obj/map_n_desert_01/general_obj_charcoal.gr2	0
Zone/ymir work/zone/n/obj/map_n_desert_01/general_obj_drum.gr2	d:/ymir work/zone/n/obj/map_n_desert_01/general_obj_drum.gr2	0
Zone/ymir work/zone/n/obj/map_n_flame_01/general_obj_bigtower09.gr2	d:/ymir work/zone/n/obj/map_n_flame_01/general_obj_bigtower09.gr2	0
Zone/ymir work/zone/n/obj/map_n_desert_01/general_obj_drum.mdatr	d:/ymir work/zone/n/obj/map_n_desert_01/general_obj_drum.mdatr	0
Zone/ymir work/zone/n/obj/map_n_desert_01/general_obj_fence02.gr2	d:/ymir work/zone/n/obj/map_n_desert_01/general_obj_fence02.gr2	0
Zone/ymir work/zone/n/obj/map_n_desert_01/general_obj_fence03.gr2	d:/ymir work/zone/n/obj/map_n_desert_01/general_obj_fence03.gr2	0
Zone/ymir work/zone/n/obj/map_n_desert_01/general_obj_fence03.mdatr	d:/ymir work/zone/n/obj/map_n_desert_01/general_obj_fence03.mdatr	0
Zone/ymir work/zone/n/obj/map_n_desert_01/general_obj_fence05.mdatr	d:/ymir work/zone/n/obj/map_n_desert_01/general_obj_fence05.mdatr	0
Zone/ymir work/zone/n/obj/map_n_desert_01/general_obj_fence06.gr2	d:/ymir work/zone/n/obj/map_n_desert_01/general_obj_fence06.gr2	0
Zone/ymir work/zone/n/obj/map_n_desert_01/general_obj_fence06.mdatr	d:/ymir work/zone/n/obj/map_n_desert_01/general_obj_fence06.mdatr	0
Zone/ymir work/zone/n/obj/map_n_desert_01/general_obj_jar_blue02.mdatr	d:/ymir work/zone/n/obj/map_n_desert_01/general_obj_jar_blue02.mdatr	0
Zone/ymir work/zone/n/obj/map_n_desert_01/general_obj_jar_blue01.gr2	d:/ymir work/zone/n/obj/map_n_desert_01/general_obj_jar_blue01.gr2	0
Zone/ymir work/zone/n/obj/map_n_desert_01/general_obj_jar_blue01.mdatr	d:/ymir work/zone/n/obj/map_n_desert_01/general_obj_jar_blue01.mdatr	0
Zone/ymir work/zone/n/obj/map_n_desert_01/general_obj_jar_red01.gr2	d:/ymir work/zone/n/obj/map_n_desert_01/general_obj_jar_red01.gr2	0
Zone/ymir work/zone/n/obj/map_n_desert_01/general_obj_jar_red01.mdatr	d:/ymir work/zone/n/obj/map_n_desert_01/general_obj_jar_red01.mdatr	0
Zone/ymir work/zone/n/obj/map_n_desert_01/general_obj_jar_red02.mdatr	d:/ymir work/zone/n/obj/map_n_desert_01/general_obj_jar_red02.mdatr	0
Zone/ymir work/zone/n/obj/map_n_desert_01/general_obj_lionstoneimage.gr2	d:/ymir work/zone/n/obj/map_n_desert_01/general_obj_lionstoneimage.gr2	0
Zone/ymir work/zone/n/obj/map_n_desert_01/general_obj_lionstoneimage.mdatr	d:/ymir work/zone/n/obj/map_n_desert_01/general_obj_lionstoneimage.mdatr	0
Zone/ymir work/zone/n/obj/map_n_desert_01/general_obj_stonebox.dds	d:/ymir work/zone/n/obj/map_n_desert_01/general_obj_stonebox.dds	1
Zone/ymir work/zone/n/obj/map_n_desert_01/general_obj_stoneimage.dds	d:/ymir work/zone/n/obj/map_n_desert_01/general_obj_stoneimage.dds	1
Zone/ymir work/zone/n/obj/map_n_desert_01/general_obj_stoneimage01.gr2	d:/ymir work/zone/n/obj/map_n_desert_01/general_obj_stoneimage01.gr2	0
Zone/ymir work/zone/n/obj/map_n_desert_01/general_obj_stoneimage01.mdatr	d:/ymir work/zone/n/obj/map_n_desert_01/general_obj_stoneimage01.mdatr	0
Zone/ymir work/zone/n/obj/snow.m/general_obj_ferryboat.dds	d:/ymir work/zone/n/obj/snow.m/general_obj_ferryboat.dds	1
Zone/ymir work/zone/n/obj/map_n_desert_01/general_obj_stoneimage02.mdatr	d:/ymir work/zone/n/obj/map_n_desert_01/general_obj_stoneimage02.mdatr	0
Zone/ymir work/zone/n/obj/map_n_desert_01/general_obj_stoneimage03.mdatr	d:/ymir work/zone/n/obj/map_n_desert_01/general_obj_stoneimage03.mdatr	0
Zone/ymir work/zone/n/obj/map_n_desert_01/general_obj_tent.dds	d:/ymir work/zone/n/obj/map_n_desert_01/general_obj_tent.dds	1
Zone/ymir work/zone/n/obj/map_n_desert_01/general_obj_tent02.gr2	d:/ymir work/zone/n/obj/map_n_desert_01/general_obj_tent02.gr2	0
Zone/ymir work/zone/n/obj/map_n_desert_01/general_obj_woodchair.gr2	d:/ymir work/zone/n/obj/map_n_desert_01/general_obj_woodchair.gr2	0
Zone/ymir work/zone/n/obj/map_n_desert_01/ob-b1-001-015.dds	d:/ymir work/zone/n/obj/map_n_desert_01/ob-b1-001-015.dds	1
Zone/ymir work/zone/n/obj/map_n_desert_01/ob-b1-001-box02.gr2	d:/ymir work/zone/n/obj/map_n_desert_01/ob-b1-001-box02.gr2	0
Zone/ymir work/zone/n/obj/map_n_desert_01/ob-b1-001-box03.gr2	d:/ymir work/zone/n/obj/map_n_desert_01/ob-b1-001-box03.gr2	0
Zone/ymir work/zone/n/obj/map_n_desert_01/ob-b1-001-box03.mdatr	d:/ymir work/zone/n/obj/map_n_desert_01/ob-b1-001-box03.mdatr	0
Zone/ymir work/zone/n/obj/map_n_desert_01/ob-b1-005-woodbarrel.gr2	d:/ymir work/zone/n/obj/map_n_desert_01/ob-b1-005-woodbarrel.gr2	0
Zone/ymir work/zone/n/obj/map_n_desert_01/ob-b1-005-woodbarrel.mdatr	d:/ymir work/zone/n/obj/map_n_desert_01/ob-b1-005-woodbarrel.mdatr	0
Zone/ymir work/zone/n/obj/map_n_desert_01/ob-b1-006-woodbarrel.gr2	d:/ymir work/zone/n/obj/map_n_desert_01/ob-b1-006-woodbarrel.gr2	0
Zone/ymir work/zone/n/obj/map_n_desert_01/ob-bigstatue01.gr2	d:/ymir work/zone/n/obj/map_n_desert_01/ob-bigstatue01.gr2	0
Zone/ymir work/zone/n/obj/snow.m/snow-006-castle.mdatr	d:/ymir work/zone/n/obj/snow.m/snow-006-castle.mdatr	0
Zone/ymir work/zone/n/obj/map_n_desert_01/ob-bigstatue01.mdatr	d:/ymir work/zone/n/obj/map_n_desert_01/ob-bigstatue01.mdatr	0
Zone/ymir work/zone/n/obj/map_n_desert_01/ob-bigstatue02.dds	d:/ymir work/zone/n/obj/map_n_desert_01/ob-bigstatue02.dds	1
Zone/ymir work/zone/n/obj/map_n_desert_01/ob-bigstatue02.mdatr	d:/ymir work/zone/n/obj/map_n_desert_01/ob-bigstatue02.mdatr	0
Zone/ymir work/zone/n/obj/map_n_desert_01/ob-bigstatue03.dds	d:/ymir work/zone/n/obj/map_n_desert_01/ob-bigstatue03.dds	1
Zone/ymir work/zone/n/obj/map_n_desert_01/ob-bigstatue03.mdatr	d:/ymir work/zone/n/obj/map_n_desert_01/ob-bigstatue03.mdatr	0
Zone/ymir work/zone/n/obj/map_n_desert_01/ob-bigstone01.gr2	d:/ymir work/zone/n/obj/map_n_desert_01/ob-bigstone01.gr2	0
Zone/ymir work/zone/n/obj/map_n_desert_01/ob-bigstone01.mdatr	d:/ymir work/zone/n/obj/map_n_desert_01/ob-bigstone01.mdatr	0
Zone/ymir work/zone/n/obj/map_n_desert_01/ob-bigstone02.gr2	d:/ymir work/zone/n/obj/map_n_desert_01/ob-bigstone02.gr2	0
Zone/ymir work/zone/n/obj/map_n_desert_01/ob-bigstone03.gr2	d:/ymir work/zone/n/obj/map_n_desert_01/ob-bigstone03.gr2	0
Zone/ymir work/zone/n/obj/map_n_desert_01/ob-bigstone04.mdatr	d:/ymir work/zone/n/obj/map_n_desert_01/ob-bigstone04.mdatr	0
Zone/ymir work/zone/n/obj/snow.m/vssver.scc	d:/ymir work/zone/n/obj/snow.m/vssver.scc	0
Zone/ymir work/zone/n/obj/map_n_desert_01/vssver.scc	d:/ymir work/zone/n/obj/map_n_desert_01/vssver.scc	0
Zone/ymir work/zone/n/obj/map_n_desert_01/warpgate01-01.dds	d:/ymir work/zone/n/obj/map_n_desert_01/warpgate01-01.dds	1
Zone/ymir work/zone/n/obj/snow.m/general_obj_watchtower03_lod_01.gr2	d:/ymir work/zone/n/obj/snow.m/general_obj_watchtower03_lod_01.gr2	0
Zone/ymir work/zone/n/obj/map_n_desert_01/warpgate01.mdatr	d:/ymir work/zone/n/obj/map_n_desert_01/warpgate01.mdatr	0
Zone/ymir work/zone/n/obj/map_n_desert_01/warpgate02.mdatr	d:/ymir work/zone/n/obj/map_n_desert_01/warpgate02.mdatr	0
Zone/ymir work/zone/n/obj/map_n_desert_01/warpgate02_01.gr2	d:/ymir work/zone/n/obj/map_n_desert_01/warpgate02_01.gr2	0
Zone/ymir work/zone/n/obj/map_n_desert_01/warpgate02_01.mdatr	d:/ymir work/zone/n/obj/map_n_desert_01/warpgate02_01.mdatr	0
Zone/ymir work/zone/n/obj/map_n_flame_01/b_general_obj_06.dds	d:/ymir work/zone/n/obj/map_n_flame_01/b_general_obj_06.dds	1
Zone/ymir work/zone/n/obj/map_n_flame_01/general_obj_bigtoewr01.gr2	d:/ymir work/zone/n/obj/map_n_flame_01/general_obj_bigtoewr01.gr2	0
Zone/ymir work/zone/n/obj/map_n_flame_01/general_obj_bigtower02.gr2	d:/ymir work/zone/n/obj/map_n_flame_01/general_obj_bigtower02.gr2	0
Zone/ymir work/zone/n/obj/map_n_flame_01/general_obj_bigtower02.mdatr	d:/ymir work/zone/n/obj/map_n_flame_01/general_obj_bigtower02.mdatr	0
Zone/ymir work/zone/n/obj/map_n_flame_01/general_obj_bigtower03.gr2	d:/ymir work/zone/n/obj/map_n_flame_01/general_obj_bigtower03.gr2	0
Zone/ymir work/zone/n/obj/map_n_flame_01/general_obj_bigtower03.mdatr	d:/ymir work/zone/n/obj/map_n_flame_01/general_obj_bigtower03.mdatr	0
Zone/ymir work/zone/n/obj/snow.m/general_obj_pillar.mdatr	d:/ymir work/zone/n/obj/snow.m/general_obj_pillar.mdatr	0
Zone/ymir work/zone/n/obj/map_n_flame_01/general_obj_bigtower04.gr2	d:/ymir work/zone/n/obj/map_n_flame_01/general_obj_bigtower04.gr2	0
Zone/ymir work/zone/n/obj/map_n_flame_01/general_obj_bigtower05.gr2	d:/ymir work/zone/n/obj/map_n_flame_01/general_obj_bigtower05.gr2	0
Zone/ymir work/zone/n/obj/map_n_flame_01/general_obj_bigtower08.gr2	d:/ymir work/zone/n/obj/map_n_flame_01/general_obj_bigtower08.gr2	0
Zone/ymir work/zone/n/obj/snow.m/ob-bigstone.dds	d:/ymir work/zone/n/obj/snow.m/ob-bigstone.dds	1
Zone/ymir work/zone/n/obj/map_n_flame_01/general_obj_bigtower10.mdatr	d:/ymir work/zone/n/obj/map_n_flame_01/general_obj_bigtower10.mdatr	0
Zone/ymir work/zone/n/obj/snow.m/nsm-016-house9.gr2	d:/ymir work/zone/n/obj/snow.m/nsm-016-house9.gr2	0
Zone/ymir work/zone/n/obj/map_n_flame_01/general_obj_bigtower11.gr2	d:/ymir work/zone/n/obj/map_n_flame_01/general_obj_bigtower11.gr2	0
Zone/ymir work/zone/n/obj/map_n_flame_01/general_obj_bigtower12.mdatr	d:/ymir work/zone/n/obj/map_n_flame_01/general_obj_bigtower12.mdatr	0
Zone/ymir work/zone/n/obj/map_n_flame_01/general_obj_brazier_01.dds	d:/ymir work/zone/n/obj/map_n_flame_01/general_obj_brazier_01.dds	1
Zone/ymir work/zone/n/obj/map_n_flame_01/general_obj_lionstoneimage.mdatr	d:/ymir work/zone/n/obj/map_n_flame_01/general_obj_lionstoneimage.mdatr	0
Zone/ymir work/zone/n/obj/snow.m/general_obj_stone01.dds	d:/ymir work/zone/n/obj/snow.m/general_obj_stone01.dds	1
Zone/ymir work/zone/n/obj/map_n_flame_01/general_obj_stoneimage01.mdatr	d:/ymir work/zone/n/obj/map_n_flame_01/general_obj_stoneimage01.mdatr	0
Zone/ymir work/zone/n/obj/snow.m/general_obj_fence06.gr2	d:/ymir work/zone/n/obj/snow.m/general_obj_fence06.gr2	0
Zone/ymir work/zone/n/obj/map_n_flame_01/general_obj_stoneimage03.gr2	d:/ymir work/zone/n/obj/map_n_flame_01/general_obj_stoneimage03.gr2	0
Zone/ymir work/zone/n/obj/map_n_flame_01/general_obj_stoneimage03.mdatr	d:/ymir work/zone/n/obj/map_n_flame_01/general_obj_stoneimage03.mdatr	0
Zone/ymir work/zone/n/obj/snow.m/nsm-general_obj_21.mdatr	d:/ymir work/zone/n/obj/snow.m/nsm-general_obj_21.mdatr	0
Zone/ymir work/zone/n/obj/map_n_flame_01/ob-bigstatue01-01.dds	d:/ymir work/zone/n/obj/map_n_flame_01/ob-bigstatue01-01.dds	1
Zone/ymir work/zone/n/obj/map_n_flame_01/ob-bigstatue01.gr2	d:/ymir work/zone/n/obj/map_n_flame_01/ob-bigstatue01.gr2	0
Zone/ymir work/zone/n/obj/snow.m/general_obj_fence06_lod_01.gr2	d:/ymir work/zone/n/obj/snow.m/general_obj_fence06_lod_01.gr2	0
Zone/ymir work/zone/n/obj/map_n_flame_01/ob-bigstatue01.mdatr	d:/ymir work/zone/n/obj/map_n_flame_01/ob-bigstatue01.mdatr	0
Zone/ymir work/zone/n/obj/map_n_flame_01/ob-bigstatue02.dds	d:/ymir work/zone/n/obj/map_n_flame_01/ob-bigstatue02.dds	1
Zone/ymir work/zone/n/obj/map_n_flame_01/ob-bigstatue02.mdatr	d:/ymir work/zone/n/obj/map_n_flame_01/ob-bigstatue02.mdatr	0
Zone/ymir work/zone/n/obj/map_n_flame_01/ob-bigstatue03.dds	d:/ymir work/zone/n/obj/map_n_flame_01/ob-bigstatue03.dds	1
Zone/ymir work/zone/n/obj/snow.m/general_obj_watermill_lod_01.gr2	d:/ymir work/zone/n/obj/snow.m/general_obj_watermill_lod_01.gr2	0
Zone/ymir work/zone/n/obj/map_n_flame_01/ob-bigstatue03.gr2	d:/ymir work/zone/n/obj/map_n_flame_01/ob-bigstatue03.gr2	0
Zone/ymir work/zone/n/obj/map_n_flame_01/ob-bigstatue03.mdatr	d:/ymir work/zone/n/obj/map_n_flame_01/ob-bigstatue03.mdatr	0
Zone/ymir work/zone/n/obj/map_n_flame_01/vssver.scc	d:/ymir work/zone/n/obj/map_n_flame_01/vssver.scc	0
Zone/ymir work/zone/nusluck/torch.dds	d:/ymir work/zone/nusluck/torch.dds	1
Zone/ymir work/zone/n/obj/map_n_flame_01/warpgate01-01.dds	d:/ymir work/zone/n/obj/map_n_flame_01/warpgate01-01.dds	1
Zone/ymir work/zone/n/obj/map_n_flame_01/warpgate01.gr2	d:/ymir work/zone/n/obj/map_n_flame_01/warpgate01.gr2	0
Zone/ymir work/zone/n/obj/map_n_flame_01/warpgate02.dds	d:/ymir work/zone/n/obj/map_n_flame_01/warpgate02.dds	1
Zone/ymir work/zone/n/obj/map_n_flame_01/warpgate02.gr2	d:/ymir work/zone/n/obj/map_n_flame_01/warpgate02.gr2	0
Zone/ymir work/zone/n/obj/map_n_flame_01/warpgate02.mdatr	d:/ymir work/zone/n/obj/map_n_flame_01/warpgate02.mdatr	0
Zone/ymir work/zone/n/obj/map_n_flame_01/warpgate02_01.gr2	d:/ymir work/zone/n/obj/map_n_flame_01/warpgate02_01.gr2	0
Zone/ymir work/zone/n/obj/snow.m/general_obj_bell.gr2	d:/ymir work/zone/n/obj/snow.m/general_obj_bell.gr2	0
Zone/ymir work/zone/n/obj/snow.m/general_obj_bell_lod_01.gr2	d:/ymir work/zone/n/obj/snow.m/general_obj_bell_lod_01.gr2	0
Zone/ymir work/zone/n/obj/snow.m/general_obj_bigstone01.gr2	d:/ymir work/zone/n/obj/snow.m/general_obj_bigstone01.gr2	0
Zone/ymir work/zone/n/obj/snow.m/general_obj_bigstone01.mdatr	d:/ymir work/zone/n/obj/snow.m/general_obj_bigstone01.mdatr	0
Zone/ymir work/zone/n/obj/snow.m/general_obj_bigstone01_lod_01.gr2	d:/ymir work/zone/n/obj/snow.m/general_obj_bigstone01_lod_01.gr2	0
Zone/ymir work/zone/n/obj/snow.m/general_obj_bigstone02.gr2	d:/ymir work/zone/n/obj/snow.m/general_obj_bigstone02.gr2	0
Zone/ymir work/zone/n/obj/snow.m/general_obj_bigstone02.mdatr	d:/ymir work/zone/n/obj/snow.m/general_obj_bigstone02.mdatr	0
Zone/ymir work/zone/n/obj/snow.m/general_obj_bigstone03.gr2	d:/ymir work/zone/n/obj/snow.m/general_obj_bigstone03.gr2	0
Zone/ymir work/zone/n/obj/snow.m/general_obj_bigstone03.mdatr	d:/ymir work/zone/n/obj/snow.m/general_obj_bigstone03.mdatr	0
Zone/ymir work/zone/n/obj/snow.m/general_obj_bigstone03_lod_01.gr2	d:/ymir work/zone/n/obj/snow.m/general_obj_bigstone03_lod_01.gr2	0
Zone/ymir work/zone/n/obj/snow.m/general_obj_bigstone04.gr2	d:/ymir work/zone/n/obj/snow.m/general_obj_bigstone04.gr2	0
Zone/ymir work/zone/n/obj/snow.m/general_obj_bigstone04_lod_01.gr2	d:/ymir work/zone/n/obj/snow.m/general_obj_bigstone04_lod_01.gr2	0
Zone/ymir work/zone/n/obj/snow.m/general_obj_bigstone05_lod_01.gr2	d:/ymir work/zone/n/obj/snow.m/general_obj_bigstone05_lod_01.gr2	0
Zone/ymir work/zone/n/obj/snow.m/general_obj_bigstone06.gr2	d:/ymir work/zone/n/obj/snow.m/general_obj_bigstone06.gr2	0
Zone/ymir work/zone/n/obj/snow.m/general_obj_bigstone06.mdatr	d:/ymir work/zone/n/obj/snow.m/general_obj_bigstone06.mdatr	0
Zone/ymir work/zone/n/obj/snow.m/general_obj_bigstone06_lod_01.gr2	d:/ymir work/zone/n/obj/snow.m/general_obj_bigstone06_lod_01.gr2	0
Zone/ymir work/zone/n/obj/snow.m/general_obj_bigstone08.gr2	d:/ymir work/zone/n/obj/snow.m/general_obj_bigstone08.gr2	0
Zone/ymir work/zone/n/obj/snow.m/general_obj_bigstone08.mdatr	d:/ymir work/zone/n/obj/snow.m/general_obj_bigstone08.mdatr	0
Zone/ymir work/zone/n/obj/snow.m/general_obj_bigstone09.gr2	d:/ymir work/zone/n/obj/snow.m/general_obj_bigstone09.gr2	0
Zone/ymir work/zone/n/obj/snow.m/general_obj_bigstone09.mdatr	d:/ymir work/zone/n/obj/snow.m/general_obj_bigstone09.mdatr	0
Zone/ymir work/zone/n/obj/snow.m/general_obj_bigstone09_lod_01.gr2	d:/ymir work/zone/n/obj/snow.m/general_obj_bigstone09_lod_01.gr2	0
Zone/ymir work/zone/n/obj/snow.m/general_obj_bigstone10.gr2	d:/ymir work/zone/n/obj/snow.m/general_obj_bigstone10.gr2	0
Zone/ymir work/zone/n/obj/snow.m/general_obj_bigstone10.mdatr	d:/ymir work/zone/n/obj/snow.m/general_obj_bigstone10.mdatr	0
Zone/ymir work/zone/n/obj/snow.m/ob-bigstatue03_lod_01.gr2	d:/ymir work/zone/n/obj/snow.m/ob-bigstatue03_lod_01.gr2	0
Zone/ymir work/zone/n/obj/snow.m/general_obj_bigstone10_lod_01.gr2	d:/ymir work/zone/n/obj/snow.m/general_obj_bigstone10_lod_01.gr2	0
Zone/ymir work/zone/n/obj/snow.m/general_obj_bigstonegate02.mdatr	d:/ymir work/zone/n/obj/snow.m/general_obj_bigstonegate02.mdatr	0
Zone/ymir work/zone/n/obj/snow.m/general_obj_drum.dds	d:/ymir work/zone/n/obj/snow.m/general_obj_drum.dds	1
Zone/ymir work/zone/n/obj/snow.m/general_obj_bigtower01.gr2	d:/ymir work/zone/n/obj/snow.m/general_obj_bigtower01.gr2	0
Zone/ymir work/zone/n/obj/snow.m/snow_4fbuilding_03.dds	d:/ymir work/zone/n/obj/snow.m/snow_4fbuilding_03.dds	1
Zone/ymir work/zone/n/obj/snow.m/ob-7-03-02.mdatr	d:/ymir work/zone/n/obj/snow.m/ob-7-03-02.mdatr	0
Zone/ymir work/zone/n/obj/snow.m/general_obj_bigtower01.mdatr	d:/ymir work/zone/n/obj/snow.m/general_obj_bigtower01.mdatr	0
Zone/ymir work/zone/n/obj/snow.m/general_obj_bigtower01_lod_01.gr2	d:/ymir work/zone/n/obj/snow.m/general_obj_bigtower01_lod_01.gr2	0
Zone/ymir work/zone/n/obj/snow.m/nsm-016-house9.dds	d:/ymir work/zone/n/obj/snow.m/nsm-016-house9.dds	1
Zone/ymir work/zone/n/obj/snow.m/general_obj_suspension bridge02_lod_01.gr2	d:/ymir work/zone/n/obj/snow.m/general_obj_suspension bridge02_lod_01.gr2	0
Zone/ymir work/zone/n/obj/snow.m/general_obj_bigtower02.mdatr	d:/ymir work/zone/n/obj/snow.m/general_obj_bigtower02.mdatr	0
Zone/ymir work/zone/n/obj/snow.m/general_obj_bigtower03.gr2	d:/ymir work/zone/n/obj/snow.m/general_obj_bigtower03.gr2	0
Zone/ymir work/zone/n/obj/snow.m/general_obj_bigtower04.mdatr	d:/ymir work/zone/n/obj/snow.m/general_obj_bigtower04.mdatr	0
Zone/ymir work/zone/n/obj/snow.m/general_obj_bigtower04_lod_01.gr2	d:/ymir work/zone/n/obj/snow.m/general_obj_bigtower04_lod_01.gr2	0
Zone/ymir work/zone/n/obj/snow.m/general_obj_stonebox.gr2	d:/ymir work/zone/n/obj/snow.m/general_obj_stonebox.gr2	0
Zone/ymir work/zone/n/obj/snow.m/general_obj_bigtower05.gr2	d:/ymir work/zone/n/obj/snow.m/general_obj_bigtower05.gr2	0
Zone/ymir work/zone/n/obj/snow.m/general_obj_bigtower05_lod_01.gr2	d:/ymir work/zone/n/obj/snow.m/general_obj_bigtower05_lod_01.gr2	0
Zone/ymir work/zone/n/obj/snow.m/snow-006-castle.prb	d:/ymir work/zone/n/obj/snow.m/snow-006-castle.prb	0
Zone/ymir work/zone/n/obj/snow.m/general_obj_bigtower06.gr2	d:/ymir work/zone/n/obj/snow.m/general_obj_bigtower06.gr2	0
Zone/ymir work/zone/n/obj/snow.m/ob-bigstatue03.dds	d:/ymir work/zone/n/obj/snow.m/ob-bigstatue03.dds	1
Zone/ymir work/zone/n/obj/snow.m/general_obj_bigtower06.mdatr	d:/ymir work/zone/n/obj/snow.m/general_obj_bigtower06.mdatr	0
Zone/ymir work/zone/n/obj/snow.m/ob-7-02-02.mdatr	d:/ymir work/zone/n/obj/snow.m/ob-7-02-02.mdatr	0
Zone/ymir work/zone/n/obj/snow.m/general_obj_bigtower06_lod_01.gr2	d:/ymir work/zone/n/obj/snow.m/general_obj_bigtower06_lod_01.gr2	0
Zone/ymir work/zone/n/obj/snow.m/ob-7-03-02.gr2	d:/ymir work/zone/n/obj/snow.m/ob-7-03-02.gr2	0
Zone/ymir work/zone/n/obj/snow.m/general_obj_bigtower07_lod_01.gr2	d:/ymir work/zone/n/obj/snow.m/general_obj_bigtower07_lod_01.gr2	0
Zone/ymir work/zone/n/obj/snow.m/general_obj_bigtower08.gr2	d:/ymir work/zone/n/obj/snow.m/general_obj_bigtower08.gr2	0
Zone/ymir work/zone/n/obj/snow.m/general_obj_bigtower08.mdatr	d:/ymir work/zone/n/obj/snow.m/general_obj_bigtower08.mdatr	0
Zone/ymir work/zone/n/obj/snow.m/nsm-general_obj_04.gr2	d:/ymir work/zone/n/obj/snow.m/nsm-general_obj_04.gr2	0
Zone/ymir work/zone/n/obj/snow.m/general_obj_bigtower08_lod_01.gr2	d:/ymir work/zone/n/obj/snow.m/general_obj_bigtower08_lod_01.gr2	0
Zone/ymir work/zone/n/obj/snow.m/general_obj_bigtower09.mdatr	d:/ymir work/zone/n/obj/snow.m/general_obj_bigtower09.mdatr	0
Zone/ymir work/zone/n/obj/snow.m/general_obj_bigtower10.mdatr	d:/ymir work/zone/n/obj/snow.m/general_obj_bigtower10.mdatr	0
Zone/ymir work/zone/n/obj/snow.m/general_obj_bigtower11.gr2	d:/ymir work/zone/n/obj/snow.m/general_obj_bigtower11.gr2	0
Zone/ymir work/zone/n/obj/snow.m/nsm-general_obj_01.mdatr	d:/ymir work/zone/n/obj/snow.m/nsm-general_obj_01.mdatr	0
Zone/ymir work/zone/n/obj/snow.m/general_obj_bigtower11.mdatr	d:/ymir work/zone/n/obj/snow.m/general_obj_bigtower11.mdatr	0
Zone/ymir work/zone/n/obj/snow.m/general_obj_bigtower12.gr2	d:/ymir work/zone/n/obj/snow.m/general_obj_bigtower12.gr2	0
Zone/ymir work/zone/n/obj/snow.m/general_obj_bigtower12_lod_01.gr2	d:/ymir work/zone/n/obj/snow.m/general_obj_bigtower12_lod_01.gr2	0
Zone/ymir work/zone/n/obj/snow.m/general_obj_brazier.dds	d:/ymir work/zone/n/obj/snow.m/general_obj_brazier.dds	1
Zone/ymir work/zone/n/obj/snow.m/general_obj_brazier_01.dds	d:/ymir work/zone/n/obj/snow.m/general_obj_brazier_01.dds	1
Zone/ymir work/zone/n/obj/snow.m/general_obj_carriage.dds	d:/ymir work/zone/n/obj/snow.m/general_obj_carriage.dds	1
Zone/ymir work/zone/n/obj/snow.m/general_obj_carriage.mdatr	d:/ymir work/zone/n/obj/snow.m/general_obj_carriage.mdatr	0
Zone/ymir work/zone/n/obj/snow.m/general_obj_fence01.gr2	d:/ymir work/zone/n/obj/snow.m/general_obj_fence01.gr2	0
Zone/ymir work/zone/n/obj/snow.m/general_obj_fence01_lod_01.gr2	d:/ymir work/zone/n/obj/snow.m/general_obj_fence01_lod_01.gr2	0
Zone/ymir work/zone/n/obj/snow.m/general_obj_fence02.gr2	d:/ymir work/zone/n/obj/snow.m/general_obj_fence02.gr2	0
Zone/ymir work/zone/n/obj/snow.m/general_obj_fence02_lod_01.gr2	d:/ymir work/zone/n/obj/snow.m/general_obj_fence02_lod_01.gr2	0
Zone/ymir work/zone/n/obj/snow.m/general_obj_fence03.gr2	d:/ymir work/zone/n/obj/snow.m/general_obj_fence03.gr2	0
Zone/ymir work/zone/n/obj/snow.m/general_obj_fence03.mdatr	d:/ymir work/zone/n/obj/snow.m/general_obj_fence03.mdatr	0
Zone/ymir work/zone/n/obj/snow.m/general_obj_fence03_lod_01.gr2	d:/ymir work/zone/n/obj/snow.m/general_obj_fence03_lod_01.gr2	0
Zone/ymir work/zone/n/obj/snow.m/general_obj_fence05.mdatr	d:/ymir work/zone/n/obj/snow.m/general_obj_fence05.mdatr	0
Zone/ymir work/zone/n/obj/snow.m/general_obj_fence06.mdatr	d:/ymir work/zone/n/obj/snow.m/general_obj_fence06.mdatr	0
Zone/ymir work/zone/n/obj/snow.m/general_obj_ferryboat01.gr2	d:/ymir work/zone/n/obj/snow.m/general_obj_ferryboat01.gr2	0
Zone/ymir work/zone/n/obj/snow.m/general_obj_ferryboat02.mdatr	d:/ymir work/zone/n/obj/snow.m/general_obj_ferryboat02.mdatr	0
Zone/ymir work/zone/n/obj/snow.m/general_obj_ferryboat03.mdatr	d:/ymir work/zone/n/obj/snow.m/general_obj_ferryboat03.mdatr	0
Zone/ymir work/zone/n/obj/snow.m/ob-bigstatue02_lod_01.gr2	d:/ymir work/zone/n/obj/snow.m/ob-bigstatue02_lod_01.gr2	0
Zone/ymir work/zone/n/obj/snow.m/general_obj_flag.gr2	d:/ymir work/zone/n/obj/snow.m/general_obj_flag.gr2	0
Zone/ymir work/zone/n/obj/snow.m/general_obj_flag.mdatr	d:/ymir work/zone/n/obj/snow.m/general_obj_flag.mdatr	0
Zone/ymir work/zone/n/obj/snow.m/general_obj_lamp.gr2	d:/ymir work/zone/n/obj/snow.m/general_obj_lamp.gr2	0
Zone/ymir work/zone/n/obj/snow.m/general_obj_lamp.mdatr	d:/ymir work/zone/n/obj/snow.m/general_obj_lamp.mdatr	0
Zone/ymir work/zone/n/obj/snow.m/general_obj_lamp_lod_01.gr2	d:/ymir work/zone/n/obj/snow.m/general_obj_lamp_lod_01.gr2	0
Zone/ymir work/zone/n/obj/snow.m/general_obj_lionstoneimage_lod_01.gr2	d:/ymir work/zone/n/obj/snow.m/general_obj_lionstoneimage_lod_01.gr2	0
Zone/ymir work/zone/n/obj/snow.m/general_obj_pillar.gr2	d:/ymir work/zone/n/obj/snow.m/general_obj_pillar.gr2	0
Zone/ymir work/zone/n/obj/snow.m/general_obj_stone01.gr2	d:/ymir work/zone/n/obj/snow.m/general_obj_stone01.gr2	0
Zone/ymir work/zone/n/obj/snow.m/general_obj_stone05.gr2	d:/ymir work/zone/n/obj/snow.m/general_obj_stone05.gr2	0
Zone/ymir work/zone/nusluck/corpse_022.mdatr	d:/ymir work/zone/nusluck/corpse_022.mdatr	0
Zone/ymir work/zone/n/obj/snow.m/general_obj_stone05.mdatr	d:/ymir work/zone/n/obj/snow.m/general_obj_stone05.mdatr	0
Zone/ymir work/zone/n/obj/snow.m/general_obj_stone05_lod_01.gr2	d:/ymir work/zone/n/obj/snow.m/general_obj_stone05_lod_01.gr2	0
Zone/ymir work/zone/n/obj/snow.m/general_obj_stone06.mdatr	d:/ymir work/zone/n/obj/snow.m/general_obj_stone06.mdatr	0
Zone/ymir work/zone/n/obj/snow.m/general_obj_stone07.gr2	d:/ymir work/zone/n/obj/snow.m/general_obj_stone07.gr2	0
Zone/ymir work/zone/n/obj/snow.m/snow-033-guesthouse-01.gr2	d:/ymir work/zone/n/obj/snow.m/snow-033-guesthouse-01.gr2	0
Zone/ymir work/zone/n/obj/snow.m/general_obj_stone07.mdatr	d:/ymir work/zone/n/obj/snow.m/general_obj_stone07.mdatr	0
Zone/ymir work/zone/n/obj/snow.m/general_obj_stone12.gr2	d:/ymir work/zone/n/obj/snow.m/general_obj_stone12.gr2	0
Zone/ymir work/zone/n/obj/snow.m/general_obj_stone12.mdatr	d:/ymir work/zone/n/obj/snow.m/general_obj_stone12.mdatr	0
Zone/ymir work/zone/n/obj/snow.m/general_obj_stone13.dds	d:/ymir work/zone/n/obj/snow.m/general_obj_stone13.dds	1
Zone/ymir work/zone/n/obj/snow.m/general_obj_stone13.gr2	d:/ymir work/zone/n/obj/snow.m/general_obj_stone13.gr2	0
Zone/ymir work/zone/n/obj/snow.m/general_obj_stone13_lod_01.gr2	d:/ymir work/zone/n/obj/snow.m/general_obj_stone13_lod_01.gr2	0
Zone/ymir work/zone/n/obj/snow.m/general_obj_stone14.dds	d:/ymir work/zone/n/obj/snow.m/general_obj_stone14.dds	1
Zone/ymir work/zone/n/obj/snow.m/general_obj_stone14.mdatr	d:/ymir work/zone/n/obj/snow.m/general_obj_stone14.mdatr	0
Zone/ymir work/zone/n/obj/snow.m/ob-bigstone01_lod_01.gr2	d:/ymir work/zone/n/obj/snow.m/ob-bigstone01_lod_01.gr2	0
Zone/ymir work/zone/n/obj/snow.m/general_obj_stone15.mdatr	d:/ymir work/zone/n/obj/snow.m/general_obj_stone15.mdatr	0
Zone/ymir work/zone/n/obj/snow.m/general_obj_stone18.dds	d:/ymir work/zone/n/obj/snow.m/general_obj_stone18.dds	1
Zone/ymir work/zone/n/obj/snow.m/general_obj_stone18.gr2	d:/ymir work/zone/n/obj/snow.m/general_obj_stone18.gr2	0
Zone/ymir work/zone/n/obj/snow.m/general_obj_stone18_lod_01.gr2	d:/ymir work/zone/n/obj/snow.m/general_obj_stone18_lod_01.gr2	0
Zone/ymir work/zone/n/obj/snow.m/general_obj_stone19.dds	d:/ymir work/zone/n/obj/snow.m/general_obj_stone19.dds	1
Zone/ymir work/zone/n/obj/snow.m/general_obj_stonebox.mdatr	d:/ymir work/zone/n/obj/snow.m/general_obj_stonebox.mdatr	0
Zone/ymir work/zone/n/obj/snow.m/general_obj_stonebox_lod_01.gr2	d:/ymir work/zone/n/obj/snow.m/general_obj_stonebox_lod_01.gr2	0
Zone/ymir work/zone/n/obj/snow.m/general_obj_stonedoor.gr2	d:/ymir work/zone/n/obj/snow.m/general_obj_stonedoor.gr2	0
Zone/ymir work/zone/n/obj/snow.m/general_obj_stonedoor.mdatr	d:/ymir work/zone/n/obj/snow.m/general_obj_stonedoor.mdatr	0
Zone/ymir work/zone/n/obj/snow.m/general_obj_stonedoor_lod_01.gr2	d:/ymir work/zone/n/obj/snow.m/general_obj_stonedoor_lod_01.gr2	0
Zone/ymir work/zone/n/obj/snow.m/general_obj_stoneimage02.gr2	d:/ymir work/zone/n/obj/snow.m/general_obj_stoneimage02.gr2	0
Zone/ymir work/zone/n/obj/snow.m/general_obj_stoneimage02.mdatr	d:/ymir work/zone/n/obj/snow.m/general_obj_stoneimage02.mdatr	0
Zone/ymir work/zone/n/obj/snow.m/general_obj_stoneimage02_lod_01.gr2	d:/ymir work/zone/n/obj/snow.m/general_obj_stoneimage02_lod_01.gr2	0
Zone/ymir work/zone/n/obj/snow.m/general_obj_stoneimage03_lod_01.gr2	d:/ymir work/zone/n/obj/snow.m/general_obj_stoneimage03_lod_01.gr2	0
Zone/ymir work/zone/n/obj/snow.m/general_obj_stonepillar_01.mdatr	d:/ymir work/zone/n/obj/snow.m/general_obj_stonepillar_01.mdatr	0
Zone/ymir work/zone/n/obj/snow.m/general_obj_stonepillar_01_lod_01.gr2	d:/ymir work/zone/n/obj/snow.m/general_obj_stonepillar_01_lod_01.gr2	0
Zone/ymir work/zone/n/obj/snow.m/general_obj_stonepillar_02.mdatr	d:/ymir work/zone/n/obj/snow.m/general_obj_stonepillar_02.mdatr	0
Zone/ymir work/zone/n/obj/snow.m/general_obj_suspension bridge01.dds	d:/ymir work/zone/n/obj/snow.m/general_obj_suspension bridge01.dds	1
Zone/ymir work/zone/n/obj/snow.m/general_obj_suspension bridge01.gr2	d:/ymir work/zone/n/obj/snow.m/general_obj_suspension bridge01.gr2	0
Zone/ymir work/zone/n/obj/snow.m/general_obj_suspension bridge01.mdatr	d:/ymir work/zone/n/obj/snow.m/general_obj_suspension bridge01.mdatr	0
Zone/ymir work/zone/n/obj/snow.m/general_obj_suspension bridge03.mdatr	d:/ymir work/zone/n/obj/snow.m/general_obj_suspension bridge03.mdatr	0
Zone/ymir work/zone/n/obj/snow.m/general_obj_tent.dds	d:/ymir work/zone/n/obj/snow.m/general_obj_tent.dds	1
Zone/ymir work/zone/n/obj/snow.m/general_obj_tent01.gr2	d:/ymir work/zone/n/obj/snow.m/general_obj_tent01.gr2	0
Zone/ymir work/zone/n/obj/snow.m/general_obj_tent01_lod_01.gr2	d:/ymir work/zone/n/obj/snow.m/general_obj_tent01_lod_01.gr2	0
Zone/ymir work/zone/n/obj/snow.m/general_obj_tent02.gr2	d:/ymir work/zone/n/obj/snow.m/general_obj_tent02.gr2	0
Zone/ymir work/zone/n/obj/snow.m/general_obj_tent02_lod_01.gr2	d:/ymir work/zone/n/obj/snow.m/general_obj_tent02_lod_01.gr2	0
Zone/ymir work/zone/n/obj/snow.m/general_obj_txtstone.gr2	d:/ymir work/zone/n/obj/snow.m/general_obj_txtstone.gr2	0
Zone/ymir work/zone/n/obj/snow.m/general_obj_txtstone.mdatr	d:/ymir work/zone/n/obj/snow.m/general_obj_txtstone.mdatr	0
Zone/ymir work/zone/n/obj/snow.m/general_obj_txtstone_lod_01.gr2	d:/ymir work/zone/n/obj/snow.m/general_obj_txtstone_lod_01.gr2	0
Zone/ymir work/zone/n/obj/snow.m/landmark_grandstone01.mdatr	d:/ymir work/zone/n/obj/snow.m/landmark_grandstone01.mdatr	0
Zone/ymir work/zone/n/obj/snow.m/general_obj_watchtower01.dds	d:/ymir work/zone/n/obj/snow.m/general_obj_watchtower01.dds	1
Zone/ymir work/zone/n/obj/snow.m/general_obj_watchtower01.gr2	d:/ymir work/zone/n/obj/snow.m/general_obj_watchtower01.gr2	0
Zone/ymir work/zone/n/obj/snow.m/general_obj_watchtower02-01.gr2	d:/ymir work/zone/n/obj/snow.m/general_obj_watchtower02-01.gr2	0
Zone/ymir work/zone/n/obj/snow.m/general_obj_watchtower02-01.mdatr	d:/ymir work/zone/n/obj/snow.m/general_obj_watchtower02-01.mdatr	0
Zone/ymir work/zone/n/obj/snow.m/general_obj_watchtower02.dds	d:/ymir work/zone/n/obj/snow.m/general_obj_watchtower02.dds	1
Zone/ymir work/zone/n/obj/snow.m/general_obj_watchtower03-01_lod_01.gr2	d:/ymir work/zone/n/obj/snow.m/general_obj_watchtower03-01_lod_01.gr2	0
Zone/ymir work/zone/n/obj/snow.m/general_obj_watermill.gr2	d:/ymir work/zone/n/obj/snow.m/general_obj_watermill.gr2	0
Zone/ymir work/zone/n/obj/snow.m/general_obj_watermill1.dds	d:/ymir work/zone/n/obj/snow.m/general_obj_watermill1.dds	1
Zone/ymir work/zone/n/obj/snow.m/general_obj_watermill2.dds	d:/ymir work/zone/n/obj/snow.m/general_obj_watermill2.dds	1
Zone/ymir work/zone/n/obj/snow.m/general_obj_watermill_01.gr2	d:/ymir work/zone/n/obj/snow.m/general_obj_watermill_01.gr2	0
Zone/ymir work/zone/n/obj/snow.m/general_obj_watermill_01.mdatr	d:/ymir work/zone/n/obj/snow.m/general_obj_watermill_01.mdatr	0
Zone/ymir work/zone/n/obj/snow.m/general_obj_watermill_01_lod_01.gr2	d:/ymir work/zone/n/obj/snow.m/general_obj_watermill_01_lod_01.gr2	0
Zone/ymir work/zone/n/obj/snow.m/nsm-general_obj_01_3_lod_01.gr2	d:/ymir work/zone/n/obj/snow.m/nsm-general_obj_01_3_lod_01.gr2	0
Zone/ymir work/zone/n/obj/snow.m/landmark-01-bellhouse-01.dds	d:/ymir work/zone/n/obj/snow.m/landmark-01-bellhouse-01.dds	1
Zone/ymir work/zone/n/obj/snow.m/landmark-01-bellhouse-02.dds	d:/ymir work/zone/n/obj/snow.m/landmark-01-bellhouse-02.dds	1
Zone/ymir work/zone/n/obj/snow.m/landmark_grandstone01_lod_01.gr2	d:/ymir work/zone/n/obj/snow.m/landmark_grandstone01_lod_01.gr2	0
Zone/ymir work/zone/n/obj/snow.m/landmark_grandstone02.mdatr	d:/ymir work/zone/n/obj/snow.m/landmark_grandstone02.mdatr	0
Zone/ymir work/zone/n/obj/snow.m/nsm-001-house3.gr2	d:/ymir work/zone/n/obj/snow.m/nsm-001-house3.gr2	0
Zone/ymir work/zone/n/obj/snow.m/nsm-001-house3.mdatr	d:/ymir work/zone/n/obj/snow.m/nsm-001-house3.mdatr	0
Zone/ymir work/zone/n/obj/snow.m/nsm-004-hause2.dds	d:/ymir work/zone/n/obj/snow.m/nsm-004-hause2.dds	1
Zone/ymir work/zone/n/obj/snow.m/nsm-004-house2.gr2	d:/ymir work/zone/n/obj/snow.m/nsm-004-house2.gr2	0
Zone/ymir work/zone/n/obj/snow.m/nsm-004-house2.mdatr	d:/ymir work/zone/n/obj/snow.m/nsm-004-house2.mdatr	0
Zone/ymir work/zone/n/obj/snow.m/nsm-016-house9.mdatr	d:/ymir work/zone/n/obj/snow.m/nsm-016-house9.mdatr	0
Zone/ymir work/zone/n/obj/snow.m/nsm-018-stonelight-1.gr2	d:/ymir work/zone/n/obj/snow.m/nsm-018-stonelight-1.gr2	0
Zone/ymir work/zone/n/obj/snow.m/nsm-018-stonelight-1_lod_01.gr2	d:/ymir work/zone/n/obj/snow.m/nsm-018-stonelight-1_lod_01.gr2	0
Zone/ymir work/zone/n/obj/snow.m/nsm-018-stonelight.gr2	d:/ymir work/zone/n/obj/snow.m/nsm-018-stonelight.gr2	0
Zone/ymir work/zone/n/obj/snow.m/nsm-018-stonelight.mdatr	d:/ymir work/zone/n/obj/snow.m/nsm-018-stonelight.mdatr	0
Zone/ymir work/zone/n/obj/snow.m/nsm-022-10m-bridge_lod_01.gr2	d:/ymir work/zone/n/obj/snow.m/nsm-022-10m-bridge_lod_01.gr2	0
Zone/ymir work/zone/n/obj/snow.m/nsm-032-shamanhouse-2.dds	d:/ymir work/zone/n/obj/snow.m/nsm-032-shamanhouse-2.dds	1
Zone/ymir work/zone/n/obj/snow.m/nsm-032-shamanhouse-3.dds	d:/ymir work/zone/n/obj/snow.m/nsm-032-shamanhouse-3.dds	1
Zone/ymir work/zone/n/obj/snow.m/nsm-032-shamanhouse.gr2	d:/ymir work/zone/n/obj/snow.m/nsm-032-shamanhouse.gr2	0
Zone/ymir work/zone/n/obj/snow.m/nsm-general_obj_21_1_lod_01.gr2	d:/ymir work/zone/n/obj/snow.m/nsm-general_obj_21_1_lod_01.gr2	0
Zone/ymir work/zone/n/obj/snow.m/nsm-032-shamanhouse.mdatr	d:/ymir work/zone/n/obj/snow.m/nsm-032-shamanhouse.mdatr	0
Zone/ymir work/zone/n/obj/snow.m/nsm-037-tower.gr2	d:/ymir work/zone/n/obj/snow.m/nsm-037-tower.gr2	0
Zone/ymir work/zone/n/obj/snow.m/nsm-037-tower_lod_01.gr2	d:/ymir work/zone/n/obj/snow.m/nsm-037-tower_lod_01.gr2	0
Zone/ymir work/zone/n/obj/snow.m/nsm-10m-bridge-1.dds	d:/ymir work/zone/n/obj/snow.m/nsm-10m-bridge-1.dds	1
Zone/ymir work/zone/n/obj/snow.m/nsm-10m-bridge-2.dds	d:/ymir work/zone/n/obj/snow.m/nsm-10m-bridge-2.dds	1
Zone/ymir work/zone/n/obj/snow.m/nsm-10m-bridge02.gr2	d:/ymir work/zone/n/obj/snow.m/nsm-10m-bridge02.gr2	0
Zone/ymir work/zone/n/obj/snow.m/nsm-10m-bridge02.prb	d:/ymir work/zone/n/obj/snow.m/nsm-10m-bridge02.prb	0
Zone/ymir work/zone/n/obj/snow.m/nsm-10m-bridge02_lod_01.gr2	d:/ymir work/zone/n/obj/snow.m/nsm-10m-bridge02_lod_01.gr2	0
Zone/ymir work/zone/n/obj/snow.m/nsm-general_obj_01.dds	d:/ymir work/zone/n/obj/snow.m/nsm-general_obj_01.dds	1
Zone/ymir work/zone/n/obj/snow.m/nsm-general_obj_01.gr2	d:/ymir work/zone/n/obj/snow.m/nsm-general_obj_01.gr2	0
Zone/ymir work/zone/n/obj/snow.m/nsm-general_obj_01_1.gr2	d:/ymir work/zone/n/obj/snow.m/nsm-general_obj_01_1.gr2	0
Zone/ymir work/zone/n/obj/snow.m/nsm-general_obj_01_1.mdatr	d:/ymir work/zone/n/obj/snow.m/nsm-general_obj_01_1.mdatr	0
Zone/ymir work/zone/n/obj/snow.m/nsm-general_obj_01_1_lod_01.gr2	d:/ymir work/zone/n/obj/snow.m/nsm-general_obj_01_1_lod_01.gr2	0
Zone/ymir work/zone/n/obj/snow.m/nsm-general_obj_01_2.mdatr	d:/ymir work/zone/n/obj/snow.m/nsm-general_obj_01_2.mdatr	0
Zone/ymir work/zone/n/obj/snow.m/nsm-general_obj_01_2_lod_01.gr2	d:/ymir work/zone/n/obj/snow.m/nsm-general_obj_01_2_lod_01.gr2	0
Zone/ymir work/zone/n/obj/snow.m/nsm-general_obj_01_3.mdatr	d:/ymir work/zone/n/obj/snow.m/nsm-general_obj_01_3.mdatr	0
Zone/ymir work/zone/n/obj/snow.m/nsm-general_obj_01_4_lod_01.gr2	d:/ymir work/zone/n/obj/snow.m/nsm-general_obj_01_4_lod_01.gr2	0
Zone/ymir work/zone/n/obj/snow.m/nsm-general_obj_01_lod_01.gr2	d:/ymir work/zone/n/obj/snow.m/nsm-general_obj_01_lod_01.gr2	0
Zone/ymir work/zone/n/obj/snow.m/nsm-general_obj_02.mdatr	d:/ymir work/zone/n/obj/snow.m/nsm-general_obj_02.mdatr	0
Zone/ymir work/zone/n/obj/snow.m/nsm-general_obj_03.dds	d:/ymir work/zone/n/obj/snow.m/nsm-general_obj_03.dds	1
Zone/ymir work/zone/n/obj/snow.m/snow_tower01_02.prb	d:/ymir work/zone/n/obj/snow.m/snow_tower01_02.prb	0
Zone/ymir work/zone/n/obj/snow.m/ob-bigstone02.gr2	d:/ymir work/zone/n/obj/snow.m/ob-bigstone02.gr2	0
Zone/ymir work/zone/n/obj/snow.m/nsm-general_obj_03.gr2	d:/ymir work/zone/n/obj/snow.m/nsm-general_obj_03.gr2	0
Zone/ymir work/zone/n/obj/snow.m/nsm-general_obj_03.mdatr	d:/ymir work/zone/n/obj/snow.m/nsm-general_obj_03.mdatr	0
Zone/ymir work/zone/n/obj/snow.m/nsm-general_obj_03_lod_01.gr2	d:/ymir work/zone/n/obj/snow.m/nsm-general_obj_03_lod_01.gr2	0
Zone/ymir work/zone/n/obj/snow.m/nsm-general_obj_06_lod_01.gr2	d:/ymir work/zone/n/obj/snow.m/nsm-general_obj_06_lod_01.gr2	0
Zone/ymir work/zone/n/obj/snow.m/nsm-general_obj_07.gr2	d:/ymir work/zone/n/obj/snow.m/nsm-general_obj_07.gr2	0
Zone/ymir work/zone/n/obj/snow.m/nsm-general_obj_07.mdatr	d:/ymir work/zone/n/obj/snow.m/nsm-general_obj_07.mdatr	0
Zone/ymir work/zone/n/obj/snow.m/nsm-general_obj_18.dds	d:/ymir work/zone/n/obj/snow.m/nsm-general_obj_18.dds	1
Zone/ymir work/zone/n/obj/snow.m/nsm-general_obj_21_lod_01.gr2	d:/ymir work/zone/n/obj/snow.m/nsm-general_obj_21_lod_01.gr2	0
Zone/ymir work/zone/n/obj/snow.m/ob-7-01.gr2	d:/ymir work/zone/n/obj/snow.m/ob-7-01.gr2	0
Zone/ymir work/zone/n/obj/snow.m/ob-7-01.mdatr	d:/ymir work/zone/n/obj/snow.m/ob-7-01.mdatr	0
Zone/ymir work/zone/n/obj/snow.m/ob-7-02-01.mdatr	d:/ymir work/zone/n/obj/snow.m/ob-7-02-01.mdatr	0
Zone/ymir work/zone/n/obj/snow.m/ob-7-02-01_lod_01.gr2	d:/ymir work/zone/n/obj/snow.m/ob-7-02-01_lod_01.gr2	0
Zone/ymir work/zone/n/obj/snow.m/ob-7-02-02.gr2	d:/ymir work/zone/n/obj/snow.m/ob-7-02-02.gr2	0
Zone/ymir work/zone/n/obj/snow.m/ob-7-03-01.gr2	d:/ymir work/zone/n/obj/snow.m/ob-7-03-01.gr2	0
Zone/ymir work/zone/n/obj/snow.m/snow_tower01_lod_01.gr2	d:/ymir work/zone/n/obj/snow.m/snow_tower01_lod_01.gr2	0
Zone/ymir work/zone/n/obj/snow.m/ob-7-03-01.mdatr	d:/ymir work/zone/n/obj/snow.m/ob-7-03-01.mdatr	0
Zone/ymir work/zone/n/obj/snow.m/ob-7-all-01.dds	d:/ymir work/zone/n/obj/snow.m/ob-7-all-01.dds	1
Zone/ymir work/zone/n/obj/snow.m/ob-bigstatue01-01.dds	d:/ymir work/zone/n/obj/snow.m/ob-bigstatue01-01.dds	1
Zone/ymir work/zone/n/obj/snow.m/ob-bigstatue01-02.dds	d:/ymir work/zone/n/obj/snow.m/ob-bigstatue01-02.dds	1
Zone/ymir work/zone/n/obj/snow.m/ob-bigstatue02.mdatr	d:/ymir work/zone/n/obj/snow.m/ob-bigstatue02.mdatr	0
Zone/ymir work/zone/n/obj/snow.m/ob-bigstone01.gr2	d:/ymir work/zone/n/obj/snow.m/ob-bigstone01.gr2	0
Zone/ymir work/zone/n/obj/snow.m/ob-bigstone01.mdatr	d:/ymir work/zone/n/obj/snow.m/ob-bigstone01.mdatr	0
Zone/ymir work/zone/n/obj/snow.m/ob-bigstone02.mdatr	d:/ymir work/zone/n/obj/snow.m/ob-bigstone02.mdatr	0
Zone/ymir work/zone/n/obj/snow.m/ob-bigstone02_lod_01.gr2	d:/ymir work/zone/n/obj/snow.m/ob-bigstone02_lod_01.gr2	0
Zone/ymir work/zone/n/obj/snow.m/ob-bigstone03.gr2	d:/ymir work/zone/n/obj/snow.m/ob-bigstone03.gr2	0
Zone/ymir work/zone/n/obj/snow.m/ob-bigstone04.mdatr	d:/ymir work/zone/n/obj/snow.m/ob-bigstone04.mdatr	0
Zone/ymir work/zone/n/obj/snow.m/ob-bigstone04_lod_01.gr2	d:/ymir work/zone/n/obj/snow.m/ob-bigstone04_lod_01.gr2	0
Zone/ymir work/zone/n/obj/snow.m/ob-c-0013.gr2	d:/ymir work/zone/n/obj/snow.m/ob-c-0013.gr2	0
Zone/ymir work/zone/n/obj/snow.m/ob-c-0013.mdatr	d:/ymir work/zone/n/obj/snow.m/ob-c-0013.mdatr	0
Zone/ymir work/zone/n/obj/snow.m/ob-c-0013_lod_01.gr2	d:/ymir work/zone/n/obj/snow.m/ob-c-0013_lod_01.gr2	0
Zone/ymir work/zone/n/obj/snow.m/obj-0006_lod_01.gr2	d:/ymir work/zone/n/obj/snow.m/obj-0006_lod_01.gr2	0
Zone/ymir work/zone/n/obj/snow.m/obj-0010_lod_01.gr2	d:/ymir work/zone/n/obj/snow.m/obj-0010_lod_01.gr2	0
Zone/ymir work/zone/n/obj/snow.m/obj-0012.dds	d:/ymir work/zone/n/obj/snow.m/obj-0012.dds	1
Zone/ymir work/zone/n/obj/snow.m/snow-002-inwall-02.dds	d:/ymir work/zone/n/obj/snow.m/snow-002-inwall-02.dds	1
Zone/ymir work/zone/n/obj/snow.m/snow-002-inwall-02.gr2	d:/ymir work/zone/n/obj/snow.m/snow-002-inwall-02.gr2	0
Zone/ymir work/zone/n/obj/snow.m/snow-002-inwall-02.mdatr	d:/ymir work/zone/n/obj/snow.m/snow-002-inwall-02.mdatr	0
Zone/ymir work/zone/n/obj/snow.m/snow-002-inwall-02.prb	d:/ymir work/zone/n/obj/snow.m/snow-002-inwall-02.prb	0
Zone/ymir work/zone/n/obj/snow.m/snow-002-inwall-02_lod_01.gr2	d:/ymir work/zone/n/obj/snow.m/snow-002-inwall-02_lod_01.gr2	0
Zone/ymir work/zone/n/obj/snow.m/snow-004-hause2.dds	d:/ymir work/zone/n/obj/snow.m/snow-004-hause2.dds	1
Zone/ymir work/zone/n/obj/snow.m/snow-004-hause2.gr2	d:/ymir work/zone/n/obj/snow.m/snow-004-hause2.gr2	0
Zone/ymir work/zone/n/obj/snow.m/snow-bigdam-01.mdatr	d:/ymir work/zone/n/obj/snow.m/snow-bigdam-01.mdatr	0
Zone/ymir work/zone/n/obj/snow.m/snow-004-hause2.prb	d:/ymir work/zone/n/obj/snow.m/snow-004-hause2.prb	0
Zone/ymir work/zone/n/obj/snow.m/snow-004-house2.mdatr	d:/ymir work/zone/n/obj/snow.m/snow-004-house2.mdatr	0
Zone/ymir work/zone/n/obj/snow.m/snow-006-castle-02.dds	d:/ymir work/zone/n/obj/snow.m/snow-006-castle-02.dds	1
Zone/ymir work/zone/n/obj/snow.m/snow-006-castle-05.dds	d:/ymir work/zone/n/obj/snow.m/snow-006-castle-05.dds	1
Zone/ymir work/zone/n/obj/snow.m/snow-006-castle_lod_01.gr2	d:/ymir work/zone/n/obj/snow.m/snow-006-castle_lod_01.gr2	0
Zone/ymir work/zone/n/obj/snow.m/snow-009-hotel.gr2	d:/ymir work/zone/n/obj/snow.m/snow-009-hotel.gr2	0
Zone/ymir work/zone/n/obj/snow.m/snow-009-hotel.mdatr	d:/ymir work/zone/n/obj/snow.m/snow-009-hotel.mdatr	0
Zone/ymir work/zone/n/obj/snow.m/snow-009-hotel.prb	d:/ymir work/zone/n/obj/snow.m/snow-009-hotel.prb	0
Zone/ymir work/zone/n/obj/snow.m/snow-middledam-03.gr2	d:/ymir work/zone/n/obj/snow.m/snow-middledam-03.gr2	0
Zone/ymir work/zone/n/obj/snow.m/snow-009-hotel_lod_01.gr2	d:/ymir work/zone/n/obj/snow.m/snow-009-hotel_lod_01.gr2	0
Zone/ymir work/zone/n/obj/snow.m/snow-032-shamanhouse-2.dds	d:/ymir work/zone/n/obj/snow.m/snow-032-shamanhouse-2.dds	1
Zone/ymir work/zone/n/obj/snow.m/snow-032-shamanhouse.gr2	d:/ymir work/zone/n/obj/snow.m/snow-032-shamanhouse.gr2	0
Zone/ymir work/zone/n/obj/snow.m/snow-032-shamanhouse.mdatr	d:/ymir work/zone/n/obj/snow.m/snow-032-shamanhouse.mdatr	0
Zone/ymir work/zone/n/obj/snow.m/snow-032-shamanhouse.prb	d:/ymir work/zone/n/obj/snow.m/snow-032-shamanhouse.prb	0
Zone/ymir work/zone/n/obj/snow.m/snow-033-guesthouse-01.dds	d:/ymir work/zone/n/obj/snow.m/snow-033-guesthouse-01.dds	1
Zone/ymir work/zone/n/obj/snow.m/snow_tower01_03.gr2	d:/ymir work/zone/n/obj/snow.m/snow_tower01_03.gr2	0
Zone/ymir work/zone/n/obj/snow.m/snow-033-guesthouse-01.mdatr	d:/ymir work/zone/n/obj/snow.m/snow-033-guesthouse-01.mdatr	0
Zone/ymir work/zone/n/obj/snow.m/snow-033-guesthouse-01.prb	d:/ymir work/zone/n/obj/snow.m/snow-033-guesthouse-01.prb	0
Zone/ymir work/zone/n/obj/snow.m/snow-033-guesthouse-01_lod_01.gr2	d:/ymir work/zone/n/obj/snow.m/snow-033-guesthouse-01_lod_01.gr2	0
Zone/ymir work/zone/n/obj/snow.m/snow-033-guesthouse-02.gr2	d:/ymir work/zone/n/obj/snow.m/snow-033-guesthouse-02.gr2	0
Zone/ymir work/zone/n/obj/snow.m/snow-033-guesthouse-02_lod_01.gr2	d:/ymir work/zone/n/obj/snow.m/snow-033-guesthouse-02_lod_01.gr2	0
Zone/ymir work/zone/n/obj/snow.m/snow-035-woodgate.dds	d:/ymir work/zone/n/obj/snow.m/snow-035-woodgate.dds	1
Zone/ymir work/zone/n/obj/snow.m/snow-035-woodgate.prb	d:/ymir work/zone/n/obj/snow.m/snow-035-woodgate.prb	0
Zone/ymir work/zone/n/obj/snow.m/snow-035-woodgate_lod_01.gr2	d:/ymir work/zone/n/obj/snow.m/snow-035-woodgate_lod_01.gr2	0
Zone/ymir work/zone/n/obj/snow.m/snow-bigdam-01.gr2	d:/ymir work/zone/n/obj/snow.m/snow-bigdam-01.gr2	0
Zone/ymir work/zone/n/obj/snow.m/snow-bigdam-01.prb	d:/ymir work/zone/n/obj/snow.m/snow-bigdam-01.prb	0
Zone/ymir work/zone/n/obj/snow.m/snow-bigdam-02.gr2	d:/ymir work/zone/n/obj/snow.m/snow-bigdam-02.gr2	0
Zone/ymir work/zone/n/obj/snow.m/snow-bigdam-02.mdatr	d:/ymir work/zone/n/obj/snow.m/snow-bigdam-02.mdatr	0
Zone/ymir work/zone/n/obj/snow.m/snow-bigdam-02.prb	d:/ymir work/zone/n/obj/snow.m/snow-bigdam-02.prb	0
Zone/ymir work/zone/n/obj/snow.m/snow-bigdam-04.prb	d:/ymir work/zone/n/obj/snow.m/snow-bigdam-04.prb	0
Zone/ymir work/zone/n/obj/snow.m/snow-bigdam-05.gr2	d:/ymir work/zone/n/obj/snow.m/snow-bigdam-05.gr2	0
Zone/ymir work/zone/n/obj/snow.m/snow-bigdam-05.mdatr	d:/ymir work/zone/n/obj/snow.m/snow-bigdam-05.mdatr	0
Zone/ymir work/zone/n/obj/snow.m/snow-bigdam-05.prb	d:/ymir work/zone/n/obj/snow.m/snow-bigdam-05.prb	0
Zone/ymir work/zone/nusluck/tent_top_01.dds	d:/ymir work/zone/nusluck/tent_top_01.dds	1
Zone/ymir work/zone/n/obj/snow.m/snow-bigdam-06.mdatr	d:/ymir work/zone/n/obj/snow.m/snow-bigdam-06.mdatr	0
Zone/ymir work/zone/n/obj/snow.m/snow-middledam-02.dds	d:/ymir work/zone/n/obj/snow.m/snow-middledam-02.dds	1
Zone/ymir work/zone/n/obj/snow.m/snow-middledam-02.mdatr	d:/ymir work/zone/n/obj/snow.m/snow-middledam-02.mdatr	0
Zone/ymir work/zone/n/obj/snow.m/snow-middledam-02.prb	d:/ymir work/zone/n/obj/snow.m/snow-middledam-02.prb	0
Zone/ymir work/zone/n/obj/snow.m/snow-middledam-03.dds	d:/ymir work/zone/n/obj/snow.m/snow-middledam-03.dds	1
Zone/ymir work/zone/n/obj/snow.m/snow-middledam-03.mdatr	d:/ymir work/zone/n/obj/snow.m/snow-middledam-03.mdatr	0
Zone/ymir work/zone/n/obj/snow.m/snow-middledam-03.prb	d:/ymir work/zone/n/obj/snow.m/snow-middledam-03.prb	0
Zone/ymir work/zone/n/obj/snow.m/snow-middledam-04.dds	d:/ymir work/zone/n/obj/snow.m/snow-middledam-04.dds	1
Zone/ymir work/zone/n/obj/snow.m/snow-middledam-04.gr2	d:/ymir work/zone/n/obj/snow.m/snow-middledam-04.gr2	0
Zone/ymir work/zone/n/obj/snow.m/snow-middledam-04.mdatr	d:/ymir work/zone/n/obj/snow.m/snow-middledam-04.mdatr	0
Zone/ymir work/zone/n/obj/snow.m/snow-middledam-04_lod_01.gr2	d:/ymir work/zone/n/obj/snow.m/snow-middledam-04_lod_01.gr2	0
Zone/ymir work/zone/n/obj/snow.m/snow-middledam-05.prb	d:/ymir work/zone/n/obj/snow.m/snow-middledam-05.prb	0
Zone/ymir work/zone/n/obj/snow.m/snow-middledam-06.gr2	d:/ymir work/zone/n/obj/snow.m/snow-middledam-06.gr2	0
Zone/ymir work/zone/n/obj/snow.m/snow-middledam-06.mdatr	d:/ymir work/zone/n/obj/snow.m/snow-middledam-06.mdatr	0
Zone/ymir work/zone/n/obj/snow.m/snow-middledam-06_lod_01.gr2	d:/ymir work/zone/n/obj/snow.m/snow-middledam-06_lod_01.gr2	0
Zone/ymir work/zone/n/obj/snow.m/snow-middledam-07.gr2	d:/ymir work/zone/n/obj/snow.m/snow-middledam-07.gr2	0
Zone/ymir work/zone/n/obj/snow.m/snow-middledam-07.mdatr	d:/ymir work/zone/n/obj/snow.m/snow-middledam-07.mdatr	0
Zone/ymir work/zone/nusluck/corpse.gr2	d:/ymir work/zone/nusluck/corpse.gr2	0
Zone/ymir work/zone/n/obj/snow.m/snow-middledam-07.prb	d:/ymir work/zone/n/obj/snow.m/snow-middledam-07.prb	0
Zone/ymir work/zone/n/obj/snow.m/snow_4fbuilding.gr2	d:/ymir work/zone/n/obj/snow.m/snow_4fbuilding.gr2	0
Zone/ymir work/zone/n/obj/snow.m/snow_4fbuilding.mdatr	d:/ymir work/zone/n/obj/snow.m/snow_4fbuilding.mdatr	0
Zone/ymir work/zone/n/obj/snow.m/snow_4fbuilding_05.dds	d:/ymir work/zone/n/obj/snow.m/snow_4fbuilding_05.dds	1
Zone/ymir work/zone/n/obj/snow.m/snow_brazier.gr2	d:/ymir work/zone/n/obj/snow.m/snow_brazier.gr2	0
Zone/ymir work/zone/n/obj/snow.m/snow_brazier.prb	d:/ymir work/zone/n/obj/snow.m/snow_brazier.prb	0
Zone/ymir work/zone/n/obj/snow.m/snow_brazier_01.dds	d:/ymir work/zone/n/obj/snow.m/snow_brazier_01.dds	1
Zone/ymir work/zone/n/obj/snow.m/snow_brazier_02.dds	d:/ymir work/zone/n/obj/snow.m/snow_brazier_02.dds	1
Zone/ymir work/zone/n/obj/snow.m/snow_brazier_lod_01.gr2	d:/ymir work/zone/n/obj/snow.m/snow_brazier_lod_01.gr2	0
Zone/ymir work/zone/n/obj/snow.m/snow_building04.mdatr	d:/ymir work/zone/n/obj/snow.m/snow_building04.mdatr	0
Zone/ymir work/zone/n/obj/snow.m/snow_building04_01.dds	d:/ymir work/zone/n/obj/snow.m/snow_building04_01.dds	1
Zone/ymir work/zone/n/obj/snow.m/snow_building04_02.dds	d:/ymir work/zone/n/obj/snow.m/snow_building04_02.dds	1
Zone/ymir work/zone/n/obj/snow.m/snow_hause2.dds	d:/ymir work/zone/n/obj/snow.m/snow_hause2.dds	1
Zone/ymir work/zone/n/obj/snow.m/snow_tower.gr2	d:/ymir work/zone/n/obj/snow.m/snow_tower.gr2	0
Zone/ymir work/zone/n/obj/snow.m/snow_tower01_01.prb	d:/ymir work/zone/n/obj/snow.m/snow_tower01_01.prb	0
Zone/ymir work/zone/n/obj/snow.m/snow_tower01_02.mdatr	d:/ymir work/zone/n/obj/snow.m/snow_tower01_02.mdatr	0
Zone/ymir work/zone/n/obj/snow.m/snow_tower01_04.gr2	d:/ymir work/zone/n/obj/snow.m/snow_tower01_04.gr2	0
Zone/ymir work/zone/n/obj/snow.m/snow_tower01_04.prb	d:/ymir work/zone/n/obj/snow.m/snow_tower01_04.prb	0
Zone/ymir work/zone/n/obj/snow.m/snow_tower02_01.dds	d:/ymir work/zone/n/obj/snow.m/snow_tower02_01.dds	1
Zone/ymir work/zone/n/obj/snow.m/snow_tower02_03.dds	d:/ymir work/zone/n/obj/snow.m/snow_tower02_03.dds	1
Zone/ymir work/zone/n/obj/snow.m/warpgate01.gr2	d:/ymir work/zone/n/obj/snow.m/warpgate01.gr2	0
Zone/ymir work/zone/n/obj/snow.m/warpgate01.mdatr	d:/ymir work/zone/n/obj/snow.m/warpgate01.mdatr	0
Zone/ymir work/zone/n/obj/snow.m/warpgate01_lod_01.gr2	d:/ymir work/zone/n/obj/snow.m/warpgate01_lod_01.gr2	0
Zone/ymir work/zone/n/obj/snow.m/warpgate02.dds	d:/ymir work/zone/n/obj/snow.m/warpgate02.dds	1
Zone/ymir work/zone/n/obj/snow.m/warpgate02_01.gr2	d:/ymir work/zone/n/obj/snow.m/warpgate02_01.gr2	0
Zone/ymir work/zone/n/obj/snow.m/warpgate02_lod_01.gr2	d:/ymir work/zone/n/obj/snow.m/warpgate02_lod_01.gr2	0
Zone/ymir work/zone/n/obj/snow.m/warpgate03.dds	d:/ymir work/zone/n/obj/snow.m/warpgate03.dds	1
Zone/ymir work/zone/n/obj/snow.m/warpgate03.gr2	d:/ymir work/zone/n/obj/snow.m/warpgate03.gr2	0
Zone/ymir work/zone/n/obj/snow.m/warpgate03.mdatr	d:/ymir work/zone/n/obj/snow.m/warpgate03.mdatr	0
Zone/ymir work/zone/n/obj/snow.m/warpgate03_01.mdatr	d:/ymir work/zone/n/obj/snow.m/warpgate03_01.mdatr	0
Zone/ymir work/zone/n/obj/snow.m/warpgate03_lod_01.gr2	d:/ymir work/zone/n/obj/snow.m/warpgate03_lod_01.gr2	0
Zone/ymir work/zone/n/obj/tombstone.dds	d:/ymir work/zone/n/obj/tombstone.dds	1
Zone/ymir work/zone/n/obj/tombstone.gr2	d:/ymir work/zone/n/obj/tombstone.gr2	0
Zone/ymir work/zone/n/obj/tombstone1.gr2	d:/ymir work/zone/n/obj/tombstone1.gr2	0
Zone/ymir work/zone/nusluck/bone.dds	d:/ymir work/zone/nusluck/bone.dds	1
Zone/ymir work/zone/nusluck/bone_01.gr2	d:/ymir work/zone/nusluck/bone_01.gr2	0
Zone/ymir work/zone/nusluck/bone_01.mdatr	d:/ymir work/zone/nusluck/bone_01.mdatr	0
Zone/ymir work/zone/nusluck/bone_02 .dds	d:/ymir work/zone/nusluck/bone_02 .dds	1
Zone/ymir work/zone/nusluck/bone_tree.dds	d:/ymir work/zone/nusluck/bone_tree.dds	1
Zone/ymir work/zone/nusluck/bone_tree_01.dds	d:/ymir work/zone/nusluck/bone_tree_01.dds	1
Zone/ymir work/zone/nusluck/corpse.mdatr	d:/ymir work/zone/nusluck/corpse.mdatr	0
Zone/ymir work/zone/nusluck/corpse2.dds	d:/ymir work/zone/nusluck/corpse2.dds	1
Zone/ymir work/zone/nusluck/corpse22.dds	d:/ymir work/zone/nusluck/corpse22.dds	1
Zone/ymir work/zone/nusluck/corpse_023.gr2	d:/ymir work/zone/nusluck/corpse_023.gr2	0
Zone/ymir work/zone/nusluck/corpse_023.mdatr	d:/ymir work/zone/nusluck/corpse_023.mdatr	0
Zone/ymir work/zone/nusluck/corpse_tree.dds	d:/ymir work/zone/nusluck/corpse_tree.dds	1
Zone/ymir work/zone/nusluck/door_01.dds	d:/ymir work/zone/nusluck/door_01.dds	1
Zone/ymir work/zone/nusluck/grass.dds	d:/ymir work/zone/nusluck/grass.dds	1
Zone/ymir work/zone/nusluck/grass_of.gr2	d:/ymir work/zone/nusluck/grass_of.gr2	0
Zone/ymir work/zone/nusluck/nusluck_flag01.dds	d:/ymir work/zone/nusluck/nusluck_flag01.dds	1
Zone/ymir work/zone/nusluck/nusluck_flag01.gr2	d:/ymir work/zone/nusluck/nusluck_flag01.gr2	0
Zone/ymir work/zone/nusluck/nusluck_flage01.mdatr	d:/ymir work/zone/nusluck/nusluck_flage01.mdatr	0
Zone/ymir work/zone/nusluck/skull_02.dds	d:/ymir work/zone/nusluck/skull_02.dds	1
Zone/ymir work/zone/nusluck/tent_01.gr2	d:/ymir work/zone/nusluck/tent_01.gr2	0
Zone/ymir work/zone/nusluck/tent_01_lamp02.gr2	d:/ymir work/zone/nusluck/tent_01_lamp02.gr2	0
Zone/ymir work/zone/nusluck/tent_01_lamp02.mdatr	d:/ymir work/zone/nusluck/tent_01_lamp02.mdatr	0
Zone/ymir work/zone/nusluck/tent_01_lamp1.mdatr	d:/ymir work/zone/nusluck/tent_01_lamp1.mdatr	0
Zone/ymir work/zone/nusluck/tent_02.gr2	d:/ymir work/zone/nusluck/tent_02.gr2	0
Zone/ymir work/zone/nusluck/tent_02.mdatr	d:/ymir work/zone/nusluck/tent_02.mdatr	0
Zone/ymir work/zone/nusluck/tent_bottom_01.dds	d:/ymir work/zone/nusluck/tent_bottom_01.dds	1
Zone/ymir work/zone/nusluck/tent_s.dds	d:/ymir work/zone/nusluck/tent_s.dds	1
Zone/ymir work/zone/nusluck/top.gr2	d:/ymir work/zone/nusluck/top.gr2	0
Zone/ymir work/zone/nusluck/top_01.dds	d:/ymir work/zone/nusluck/top_01.dds	1
Zone/ymir work/zone/oxevent/flag.dds	d:/ymir work/zone/oxevent/flag.dds	1
Zone/ymir work/zone/oxevent/ox_01.gr2	d:/ymir work/zone/oxevent/ox_01.gr2	0
Zone/ymir work/zone/oxevent/o_flag.mdatr	d:/ymir work/zone/oxevent/o_flag.mdatr	0
